NormalCell,CancerCell,Apoptosis,Empty
0.9975,0.0025,0.0,0.0
0.9974686334728327,0.0025313665271673265,0.0,0.0
0.9974368744132844,0.002563125586715497,0.0,0.0
0.9974047179345915,0.0025952820654084885,0.0,0.0
0.9973721590897974,0.0026278409102025876,0.0,0.0
0.9973391928710285,0.002660807128971507,0.0,0.0
0.9973058142087602,0.002694185791239829,0.0,0.0
0.9972720179710752,0.002727982028924849,0.0,0.0
0.9972377989629132,0.0027622010370869166,0.0,0.0
0.9972031519253117,0.002796848074688349,0.0,0.0
0.997168071534639,0.0028319284653610124,0.0,0.0
0.9971325524018174,0.0028674475981826527,0.0,0.0
0.997096589071538,0.0029034109284620676,0.0,0.0
0.9970601760214669,0.002939823978533203,0.0,0.0
0.9970233076614419,0.0029766923385582695,0.0,0.0
0.9969859783326602,0.0030140216673399584,0.0,0.0
0.9969481823068572,0.003051817693142861,0.0,0.0
0.9969099137854759,0.0030900862145241655,0.0,0.0
0.9968711668988264,0.003128833101173738,0.0,0.0
0.9968319357052365,0.0031680642947636674,0.0,0.0
0.9967922141901928,0.0032077858098073686,0.0,0.0
0.9967519962654718,0.0032480037345283446,0.0,0.0
0.9967112757682615,0.0032887242317386892,0.0,0.0
0.9966700464602728,0.0033299535397274295,0.0,0.0
0.9966283020268415,0.0033716979731588004,0.0,0.0
0.9965860360760197,0.0034139639239805495,0.0,0.0
0.9965432421376579,0.0034567578623423607,0.0,0.0
0.9964999136624758,0.003500086337524494,0.0,0.0
0.9964560440211235,0.0035439559788767415,0.0,0.0
0.9964116265032326,0.0035883734967677894,0.0,0.0
0.9963666543164552,0.0036333456835450856,0.0,0.0
0.996321120585495,0.0036788794145053085,0.0,0.0
0.9962750183511249,0.0037249816488755367,0.0,0.0
0.9962283405691952,0.003771659430805212,0.0,0.0
0.9961810801096314,0.003818919890368999,0.0,0.0
0.9961332297554197,0.0038667702445806373,0.0,0.0
0.9960847822015825,0.003915217798417881,0.0,0.0
0.9960357300541418,0.00396426994585863,0.0,0.0
0.9959860658290721,0.0040139341709283525,0.0,0.0
0.9959357819512415,0.004064218048758887,0.0,0.0
0.9958848707533418,0.004115129246658742,0.0,0.0
0.9958333244748054,0.00416667552519497,0.0,0.0
0.9957811352607137,0.004218864739286735,0.0,0.0
0.9957282951606896,0.00427170483931067,0.0,0.0
0.9956747961277821,0.004325203872218106,0.0,0.0
0.9956206300173359,0.004379369982664303,0.0,0.0
0.9955657885858504,0.004434211414149761,0.0,0.0
0.9955102634898264,0.0044897365101737126,0.0,0.0
0.9954540462846002,0.004545953715399908,0.0,0.0
0.9953971284231653,0.004602871576834789,0.0,0.0
0.9953395012549819,0.0046604987450181426,0.0,0.0
0.9952811560247737,0.00471884397522635,0.0,0.0
0.9952220838713117,0.004777916128688315,0.0,0.0
0.9951622758261859,0.004837724173814188,0.0,0.0
0.995101722812563,0.004898277187436967,0.0,0.0
0.9950404156439329,0.004959584356067097,0.0,0.0
0.9949783450228398,0.005021654977160141,0.0,0.0
0.9949155015396023,0.0050844984603976495,0.0,0.0
0.9948518756710187,0.005148124328981299,0.0,0.0
0.9947874577790595,0.005212542220940428,0.0,0.0
0.9947222381095471,0.005277761890453034,0.0,0.0
0.9946562067908197,0.005343793209180366,0.0,0.0
0.9945893538323848,0.005410646167615175,0.0,0.0
0.9945216691235562,0.005478330876443744,0.0,0.0
0.9944531424320782,0.005546857567921782,0.0,0.0
0.9943837634027356,0.0056162365972642755,0.0,0.0
0.9943135215559505,0.005686478444049402,0.0,0.0
0.9942424062863633,0.0057575937136365865,0.0,0.0
0.994170406861401,0.005829593138598805,0.0,0.0
0.9940975124198306,0.005902487580169225,0.0,0.0
0.9940237119702975,0.00597628802970226,0.0,0.0
0.9939489943898506,0.00605100561014916,0.0,0.0
0.9938733484224517,0.006126651577548187,0.0,0.0
0.9937967626774703,0.0062032373225294965,0.0,0.0
0.993719225628165,0.006280774371834803,0.0,0.0
0.9936407256101478,0.0063592743898519015,0.0,0.0
0.9935612508198355,0.006438749180164148,0.0,0.0
0.9934807893128847,0.006519210687114978,0.0,0.0
0.9933993290026122,0.006600670997387532,0.0,0.0
0.9933168576584002,0.006683142341599487,0.0,0.0
0.9932333629040865,0.006766637095913163,0.0,0.0
0.9931488322163387,0.006851167783660981,0.0,0.0
0.9930632529230132,0.006936747076986351,0.0,0.0
0.9929766122014995,0.007023387798500067,0.0,0.0
0.9928888970770473,0.007111102922952268,0.0,0.0
0.9928000944210795,0.007199905578920057,0.0,0.0
0.9927101909494889,0.007289809050510822,0.0,0.0
0.9926191732209183,0.007380826779081339,0.0,0.0
0.992527027635027,0.007472972364972725,0.0,0.0
0.9924337404307384,0.007566259569261282,0.0,0.0
0.9923392976844744,0.007660702315525312,0.0,0.0
0.9922436853083717,0.007756314691627949,0.0,0.0
0.9921468890484836,0.007853110951516069,0.0,0.0
0.9920488944829644,0.007951105517035312,0.0,0.0
0.9919496870202384,0.008050312979761286,0.0,0.0
0.9918492518971527,0.008150748102846987,0.0,0.0
0.9917475741771132,0.008252425822886478,0.0,0.0
0.9916446387482049,0.008355361251794858,0.0,0.0
0.9915404303212951,0.008459569678704584,0.0,0.0
0.9914349334281215,0.00856506657187814,0.0,0.0
0.9913281324193625,0.008671867580637118,0.0,0.0
0.9912200114626919,0.008779988537307706,0.0,0.0
0.991110554540817,0.008889445459182627,0.0,0.0
0.9909997454495,0.009000254550499538,0.0,0.0
0.9908875677955636,0.009112432204435892,0.0,0.0
0.9907740049948792,0.009225995005120297,0.0,0.0
0.9906590402703392,0.009340959729660349,0.0,0.0
0.9905426566498126,0.009457343350186964,0.0,0.0
0.9904248369640843,0.009575163035915182,0.0,0.0
0.9903055638447782,0.009694436155221446,0.0,0.0
0.9901848197222622,0.009815180277737354,0.0,0.0
0.9900625868235398,0.00993741317645984,0.0,0.0
0.9899388471701218,0.010061152829877771,0.0,0.0
0.9898135825758847,0.010186417424114934,0.0,0.0
0.9896867746449103,0.010313225355089373,0.0,0.0
0.9895584047693106,0.01044159523068904,0.0,0.0
0.989428454127036,0.010571545872963696,0.0,0.0
0.9892969036796666,0.010703096320333037,0.0,0.0
0.9891637341701887,0.010836265829810945,0.0,0.0
0.9890289261207538,0.010971073879245855,0.0,0.0
0.9888924598304226,0.011107540169577091,0.0,0.0
0.9887543153728925,0.01124568462710717,0.0,0.0
0.9886144725942096,0.011385527405789917,0.0,0.0
0.9884729111104653,0.011527088889534336,0.0,0.0
0.9883296103054755,0.011670389694524138,0.0,0.0
0.9881845493284469,0.011815450671552777,0.0,0.0
0.9880377070916257,0.011962292908373931,0.0,0.0
0.9878890622679325,0.012110937732067253,0.0,0.0
0.9877385932885804,0.012261406711419273,0.0,0.0
0.9875862783406804,0.012413721659319336,0.0,0.0
0.9874320953648293,0.012567904635170362,0.0,0.0
0.9872760220526854,0.01272397794731433,0.0,0.0
0.9871180358445274,0.012881964155472285,0.0,0.0
0.986958113926801,0.013041886073198658,0.0,0.0
0.9867962332296498,0.013203766770349781,0.0,0.0
0.9866323704244333,0.01336762957556632,0.0,0.0
0.9864665019212302,0.013533498078769458,0.0,0.0
0.986298603866329,0.013701396133670597,0.0,0.0
0.9861286521397052,0.01387134786029433,0.0,0.0
0.9859566223524852,0.01404337764751446,0.0,0.0
0.9857824898443969,0.01421751015560279,0.0,0.0
0.9856062296812093,0.014393770318790427,0.0,0.0
0.9854278166521584,0.014572183347841305,0.0,0.0
0.9852472252673621,0.014752774732637652,0.0,0.0
0.9850644297552228,0.014935570244777076,0.0,0.0
0.9848794040598189,0.015120595940180956,0.0,0.0
0.984692121838286,0.015307878161713813,0.0,0.0
0.9845025564581866,0.015497443541813287,0.0,0.0
0.9843106809948695,0.015689319005130396,0.0,0.0
0.9841164682288202,0.015883531771179665,0.0,0.0
0.983919890643001,0.01608010935699874,0.0,0.0
0.9837209204201827,0.016279079579817106,0.0,0.0
0.9835195294402663,0.01648047055973346,0.0,0.0
0.9833156892775985,0.016684310722401296,0.0,0.0
0.9831093711982776,0.016890628801722252,0.0,0.0
0.982900546157453,0.017099453842546776,0.0,0.0
0.9826891847966182,0.017310815203381576,0.0,0.0
0.9824752574408965,0.01752474255910336,0.0,0.0
0.9822587340963215,0.017741265903678378,0.0,0.0
0.9820395844471126,0.017960415552887146,0.0,0.0
0.9818177778529459,0.018182222147053877,0.0,0.0
0.9815932833462198,0.018406716653779957,0.0,0.0
0.9813660696293188,0.018633930370680934,0.0,0.0
0.9811361050718733,0.018863894928126335,0.0,0.0
0.9809033577080178,0.019096642291981727,0.0,0.0
0.9806677952336473,0.0193322047663523,0.0,0.0
0.9804293850036723,0.01957061499632733,0.0,0.0
0.9801880940292748,0.019811905970724825,0.0,0.0
0.979943888975164,0.02005611102483554,0.0,0.0
0.9796967361568337,0.020303263843165754,0.0,0.0
0.9794466015378217,0.02055339846217787,0.0,0.0
0.9791934507269714,0.020806549273028153,0.0,0.0
0.9789372489756988,0.021062751024300764,0.0,0.0
0.9786779611752624,0.02132203882473719,0.0,0.0
0.9784155518540394,0.021584448145960257,0.0,0.0
0.9781499851748079,0.021850014825191777,0.0,0.0
0.9778812249320368,0.02211877506796297,0.0,0.0
0.9776092345491831,0.022390765450816592,0.0,0.0
0.9773339770759998,0.02266602292399995,0.0,0.0
0.977055415185852,0.022944584814147642,0.0,0.0
0.9767735111730467,0.02322648882695308,0.0,0.0
0.976488226950172,0.023511773049827715,0.0,0.0
0.9761995240454528,0.023800475954546832,0.0,0.0
0.9759073636001189,0.024092636399880855,0.0,0.0
0.9756117063657888,0.024388293634210925,0.0,0.0
0.9753125127018721,0.02468748729812766,0.0,0.0
0.9750097425729879,0.024990257427011806,0.0,0.0
0.9747033555464042,0.025296644453595557,0.0,0.0
0.9743933107894963,0.025606689210503287,0.0,0.0
0.9740795670672293,0.025920432932770313,0.0,0.0
0.9737620827396611,0.02623791726033843,0.0,0.0
0.9734408157594728,0.026559184240526754,0.0,0.0
0.973115723669523,0.026884276330476506,0.0,0.0
0.9727867636004313,0.02721323639956828,0.0,0.0
0.9724538922681893,0.02754610773181026,0.0,0.0
0.9721170659718037,0.027882934028195954,0.0,0.0
0.9717762405909699,0.02822375940902977,0.0,0.0
0.9714313715837807,0.028568628416218936,0.0,0.0
0.9710824139844695,0.028917586015530055,0.0,0.0
0.9707293224011909,0.029270677598808668,0.0,0.0
0.9703720510138395,0.02962794898616007,0.0,0.0
0.9700105535719099,0.029989446428089667,0.0,0.0
0.9696447833923986,0.03035521660760104,0.0,0.0
0.9692746933577497,0.0307253066422499,0.0,0.0
0.9689002359138477,0.031099764086152063,0.0,0.0
0.9685213630680561,0.031478636931943506,0.0,0.0
0.9681380263873091,0.03186197361269058,0.0,0.0
0.9677501769962514,0.03224982300374832,0.0,0.0
0.9673577655754348,0.03264223442456485,0.0,0.0
0.9669607423595699,0.033039257640429816,0.0,0.0
0.9665590571358351,0.03344094286416461,0.0,0.0
0.9661526592422472,0.03384734075775234,0.0,0.0
0.9657414975660944,0.034258502433905186,0.0,0.0
0.9653255205424326,0.034674479457567034,0.0,0.0
0.9649046761526507,0.035095323847348855,0.0,0.0
0.964478911923105,0.03552108807689472,0.0,0.0
0.9640481749238239,0.0359518250761758,0.0,0.0
0.9636124117672896,0.03638758823271007,0.0,0.0
0.9631715686072946,0.03682843139270517,0.0,0.0
0.9627255911378779,0.03727440886212174,0.0,0.0
0.9622744245923448,0.037725575407654866,0.0,0.0
0.9618180137423689,0.038181986257630786,0.0,0.0
0.9613563028971833,0.038643697102816246,0.0,0.0
0.9608892359028619,0.039110764097137755,0.0,0.0
0.9604167561416916,0.039583243858307936,0.0,0.0
0.9599388065316435,0.040061193468356085,0.0,0.0
0.9594553295259395,0.040544670474060115,0.0,0.0
0.9589662671127228,0.04103373288727693,0.0,0.0
0.9584715608148316,0.041528439185168124,0.0,0.0
0.9579711516896816,0.04202884831031814,0.0,0.0
0.9574649803292581,0.0425350196707416,0.0,0.0
0.9569529868602228,0.04304701313977684,0.0,0.0
0.9564351109441374,0.04356488905586226,0.0,0.0
0.9559112917778072,0.04408870822219249,0.0,0.0
0.9553814680937488,0.044618531906250786,0.0,0.0
0.9548455781607851,0.045154421839214524,0.0,0.0
0.9543035597847692,0.04569644021523032,0.0,0.0
0.9537553503094442,0.04624464969055531,0.0,0.0
0.9532008866174384,0.04679911338256116,0.0,0.0
0.9526401051314025,0.04735989486859709,0.0,0.0
0.9520729418152911,0.04792705818470857,0.0,0.0
0.9514993321757917,0.04850066782420785,0.0,0.0
0.9509192112639069,0.049080788736092666,0.0,0.0
0.9503325136766901,0.049667486323309445,0.0,0.0
0.9497391735591424,0.05026082644085717,0.0,0.0
0.9491391246062715,0.05086087539372804,0.0,0.0
0.9485323000653183,0.05146769993468117,0.0,0.0
0.9479186327381542,0.05208136726184522,0.0,0.0
0.9472980549838533,0.05270194501614615,0.0,0.0
0.9466704987214435,0.053329501278555985,0.0,0.0
0.9460358954328408,0.05396410456715861,0.0,0.0
0.9453941761659711,0.054605823834028386,0.0,0.0
0.9447452715380819,0.05525472846191759,0.0,0.0
0.944089111739251,0.05591088826074836,0.0,0.0
0.9434256265360943,0.056574373463905044,0.0,0.0
0.9427547452756768,0.05724525472432263,0.0,0.0
0.9420763968896324,0.057923603110366984,0.0,0.0
0.9413905098984968,0.05860949010150257,0.0,0.0
0.9406970124162559,0.05930298758374335,0.0,0.0
0.939995832155117,0.06000416784488233,0.0,0.0
0.9392868964305038,0.060713103569495545,0.0,0.0
0.9385701321662835,0.06142986783371586,0.0,0.0
0.9378454659002271,0.06215453409977219,0.0,0.0
0.9371128237897096,0.06288717621028965,0.0,0.0
0.9363721316176532,0.06362786838234616,0.0,0.0
0.9356233147987186,0.0643766852012808,0.0,0.0
0.9348662983857497,0.06513370161424961,0.0,0.0
0.9341010070764751,0.06589899292352412,0.0,0.0
0.9333273652204713,0.06667263477952796,0.0,0.0
0.932545296826392,0.06745470317360724,0.0,0.0
0.9317547255694696,0.06824527443052976,0.0,0.0
0.9309555747992906,0.0690444252007087,0.0,0.0
0.9301477675478531,0.06985223245214617,0.0,0.0
0.9293312265379075,0.0706687734620918,0.0,0.0
0.9285058741915871,0.07149412580841219,0.0,0.0
0.9276716326393332,0.07232836736066618,0.0,0.0
0.9268284237291176,0.07317157627088174,0.0,0.0
0.9259761690359696,0.07402383096402967,0.0,0.0
0.9251147898718094,0.07488521012818981,0.0,0.0
0.9242442072955942,0.07575579270440505,0.0,0.0
0.9233643421237805,0.0766356578762187,0.0,0.0
0.9224751149411082,0.07752488505889095,0.0,0.0
0.9215764461117094,0.07842355388828977,0.0,0.0
0.9206682557905472,0.07933174420945192,0.0,0.0
0.9197504639351891,0.08024953606481003,0.0,0.0
0.9188229903179181,0.08117700968208091,0.0,0.0
0.9178857545381875,0.08211424546181155,0.0,0.0
0.916938676035421,0.083061323964578,0.0,0.0
0.9159816741021655,0.08401832589783355,0.0,0.0
0.9150146678975972,0.08498533210240183,0.0,0.0
0.914037576461388,0.08596242353861104,0.0,0.0
0.9130503187279336,0.08694968127206545,0.0,0.0
0.9120528135409488,0.08794718645905027,0.0,0.0
0.9110449796684327,0.08895502033156637,0.0,0.0
0.9100267358180081,0.08997326418199104,0.0,0.0
0.9089980006526376,0.0910019993473615,0.0,0.0
0.9079586928067215,0.09204130719327759,0.0,0.0
0.9069087309025784,0.09309126909742069,0.0,0.0
0.9058480335673138,0.09415196643268527,0.0,0.0
0.9047765194500786,0.09522348054992046,0.0,0.0
0.9036941072397204,0.09630589276027864,0.0,0.0
0.9026007156828308,0.09739928431716827,0.0,0.0
0.9014962636021907,0.09850373639780835,0.0,0.0
0.9003806699156168,0.09961933008438234,0.0,0.0
0.8992538536552103,0.1007461463447889,0.0,0.0
0.8981157339870114,0.10188426601298778,0.0,0.0
0.8969662302310606,0.10303376976893863,0.0,0.0
0.8958052618818679,0.10419473811813126,0.0,0.0
0.8946327486292937,0.10536725137070561,0.0,0.0
0.8934486103798389,0.10655138962016034,0.0,0.0
0.8922527672783503,0.10774723272164882,0.0,0.0
0.8910451397301375,0.1089548602698617,0.0,0.0
0.889825648423504,0.11017435157649523,0.0,0.0
0.8885942143526939,0.11140578564730524,0.0,0.0
0.8873507588412528,0.11264924115874644,0.0,0.0
0.8860952035658023,0.11390479643419683,0.0,0.0
0.8848274705802309,0.11517252941976829,0.0,0.0
0.8835474823402961,0.11645251765970312,0.0,0.0
0.882255161728641,0.11774483827135813,0.0,0.0
0.8809504320802222,0.11904956791977706,0.0,0.0
0.8796332172081465,0.12036678279185274,0.0,0.0
0.8783034414299179,0.12169655857008128,0.0,0.0
0.8769610295940895,0.1230389704059098,0.0,0.0
0.8756059071073189,0.12439409289268039,0.0,0.0
0.8742379999618263,0.12576200003817306,0.0,0.0
0.8728572347632485,0.12714276523675086,0.0,0.0
0.8714635387588892,0.1285364612411101,0.0,0.0
0.8700568398663592,0.12994316013364013,0.0,0.0
0.8686370667026027,0.13136293329739657,0.0,0.0
0.8672041486133072,0.13279585138669206,0.0,0.0
0.865758015702689,0.13424198429731038,0.0,0.0
0.8642985988636511,0.13570140113634818,0.0,0.0
0.8628258298083082,0.13717417019169098,0.0,0.0
0.8613396410988705,0.1386603589011288,0.0,0.0
0.8598399661788811,0.14016003382111814,0.0,0.0
0.8583267394048016,0.14167326059519764,0.0,0.0
0.8567998960779352,0.14320010392206411,0.0,0.0
0.8552593724766819,0.14474062752331732,0.0,0.0
0.8537051058891181,0.1462948941108812,0.0,0.0
0.8521370346458886,0.14786296535411075,0.0,0.0
0.8505550981534061,0.1494449018465933,0.0,0.0
0.8489592369273455,0.15104076307265393,0.0,0.0
0.8473493926264243,0.15265060737357522,0.0,0.0
0.845725508086458,0.1542744919135415,0.0,0.0
0.8440875273546805,0.15591247264531902,0.0,0.0
0.8424353957243162,0.15756460427568328,0.0,0.0
0.840769059769394,0.15923094023060563,0.0,0.0
0.8390884673797881,0.1609115326202115,0.0,0.0
0.8373935677964763,0.16260643220352333,0.0,0.0
0.8356843116469981,0.1643156883530017,0.0,0.0
0.8339606509811013,0.16603934901889839,0.0,0.0
0.8322225393065635,0.1677774606934362,0.0,0.0
0.8304699316251696,0.1695300683748301,0.0,0.0
0.8287027844688339,0.17129721553116575,0.0,0.0
0.8269210559358489,0.17307894406415072,0.0,0.0
0.8251247057272441,0.17487529427275547,0.0,0.0
0.8233136951832389,0.17668630481676056,0.0,0.0
0.8214879873197711,0.1785120126802285,0.0,0.0
0.8196475468650826,0.180352453134917,0.0,0.0
0.8177923402963464,0.18220765970365327,0.0,0.0
0.8159223358763117,0.1840776641236879,0.0,0.0
0.8140375036899519,0.18596249631004771,0.0,0.0
0.8121378156810917,0.187862184318908,0.0,0.0
0.8102232456889955,0.18977675431100421,0.0,0.0
0.808293769484895,0.19170623051510474,0.0,0.0
0.8063493648084346,0.19365063519156525,0.0,0.0
0.8043900114040123,0.19560998859598752,0.0,0.0
0.8024156910569953,0.19758430894300458,0.0,0.0
0.8004263876297846,0.1995736123702152,0.0,0.0
0.7984220870977087,0.2015779129022911,0.0,0.0
0.7964027775847197,0.2035972224152802,0.0,0.0
0.7943684493988694,0.20563155060113053,0.0,0.0
0.7923190950675405,0.20768090493245941,0.0,0.0
0.7902547093724078,0.20974529062759215,0.0,0.0
0.7881752893841036,0.2118247106158963,0.0,0.0
0.7860808344965626,0.21391916550343734,0.0,0.0
0.7839713464610193,0.21602865353898068,0.0,0.0
0.7818468294196321,0.2181531705803679,0.0,0.0
0.7797072899387074,0.22029271006129275,0.0,0.0
0.7775527370414954,0.22244726295850467,0.0,0.0
0.7753831822405333,0.22461681775946676,0.0,0.0
0.7731986395695042,0.22680136043049598,0.0,0.0
0.770999125614587,0.22900087438541303,0.0,0.0
0.7687846595452696,0.23121534045473058,0.0,0.0
0.7665552631445927,0.23344473685540748,0.0,0.0
0.7643109608388025,0.23568903916119766,0.0,0.0
0.7620517797263779,0.2379482202736222,0.0,0.0
0.7597777496064069,0.2402222503935933,0.0,0.0
0.7574889030062812,0.24251109699371895,0.0,0.0
0.7551852752086832,0.24481472479131697,0.0,0.0
0.7528669042778324,0.24713309572216777,0.0,0.0
0.7505338310849661,0.24946616891503418,0.0,0.0
0.7481860993330224,0.2518139006669778,0.0,0.0
0.7458237555805001,0.25417624441950015,0.0,0.0
0.7434468492644616,0.2565531507355385,0.0,0.0
0.7410554327226567,0.25894456727734344,0.0,0.0
0.738649561214732,0.2613504387852682,0.0,0.0
0.7362292929425023,0.2637707070574979,0.0,0.0
0.7337946890692544,0.2662053109307458,0.0,0.0
0.7313458137380539,0.26865418626194626,0.0,0.0
0.7288827340890296,0.2711172659109705,0.0,0.0
0.7264055202756061,0.2735944797243939,0.0,0.0
0.7239142454796595,0.2760857545203405,0.0,0.0
0.7214089859255669,0.27859101407443304,0.0,0.0
0.7188898208931266,0.2811101791068733,0.0,0.0
0.7163568327293203,0.2836431672706796,0.0,0.0
0.7138101068588935,0.2861898931411064,0.0,0.0
0.7112497317937293,0.28875026820627053,0.0,0.0
0.7086757991409901,0.2913242008590096,0.0,0.0
0.7060884036100051,0.2939115963899946,0.0,0.0
0.7034876430178792,0.29651235698212053,0.0,0.0
0.7008736182938012,0.2991263817061985,0.0,0.0
0.6982464334820306,0.3017535665179691,0.0,0.0
0.6956061957435407,0.3043938042564591,0.0,0.0
0.6929530153562973,0.30704698464370245,0.0,0.0
0.6902870057141572,0.3097129942858425,0.0,0.0
0.6876082833243623,0.31239171667563737,0.0,0.0
0.6849169678036167,0.31508303219638306,0.0,0.0
0.6822131818727266,0.31778681812727305,0.0,0.0
0.6794970513497901,0.32050294865020945,0.0,0.0
0.676768705141919,0.32323129485808055,0.0,0.0
0.6740282752354807,0.3259717247645188,0.0,0.0
0.6712758966848473,0.3287241033151521,0.0,0.0
0.6685117075996397,0.3314882924003596,0.0,0.0
0.6657358491304562,0.33426415086954314,0.0,0.0
0.6629484654530755,0.33705153454692394,0.0,0.0
0.6601497037511276,0.3398502962488718,0.0,0.0
0.6573397141972237,0.3426602858027757,0.0,0.0
0.6545186499325396,0.34548135006745967,0.0,0.0
0.6516866670448489,0.3483133329551504,0.0,0.0
0.6488439245450004,0.35115607545499883,0.0,0.0
0.6459905843418409,0.3540094156581584,0.0,0.0
0.6431268112155789,0.3568731887844204,0.0,0.0
0.6402527727895928,0.3597472272104064,0.0,0.0
0.6373686395006838,0.36263136049931544,0.0,0.0
0.6344745845677763,0.3655254154322229,0.0,0.0
0.6315707839590725,0.36842921604092665,0.0,0.0
0.6286574163576649,0.3713425836423343,0.0,0.0
0.6257346631256149,0.37426533687438435,0.0,0.0
0.6228027082665072,0.3771972917334921,0.0,0.0
0.6198617383864886,0.3801382616135106,0.0,0.0
0.6169119426538042,0.383088057346195,0.0,0.0
0.6139535127568427,0.38604648724315654,0.0,0.0
0.6109866428607063,0.3890133571392929,0.0,0.0
0.608011529562321,0.3919884704376782,0.0,0.0
0.605028371844104,0.39497162815589526,0.0,0.0
0.6020373710262071,0.3979626289737921,0.0,0.0
0.5990387307173572,0.400961269282642,0.0,0.0
0.5960326567643133,0.40396734323568595,0.0,0.0
0.5930193571999651,0.4069806428000341,0.0,0.0
0.5899990421900969,0.41000095780990237,0.0,0.0
0.5869719239788408,0.41302807602115843,0.0,0.0
0.5839382168328495,0.41606178316714976,0.0,0.0
0.5808981369842132,0.419101863015786,0.0,0.0
0.5778519025721538,0.4221480974278455,0.0,0.0
0.5747997335835241,0.4252002664164751,0.0,0.0
0.5717418517921475,0.4282581482078517,0.0,0.0
0.5686784806970284,0.43132151930297086,0.0,0.0
0.5656098454594701,0.43439015454052915,0.0,0.0
0.5625361728391354,0.4374638271608638,0.0,0.0
0.5594576911290867,0.4405423088709125,0.0,0.0
0.5563746300898432,0.443625369910156,0.0,0.0
0.5532872208824954,0.4467127791175038,0.0,0.0
0.5501956960009163,0.4498043039990829,0.0,0.0
0.5471002892031105,0.4528997107968887,0.0,0.0
0.5440012354417432,0.455998764558256,0.0,0.0
0.5408987707938927,0.45910122920610646,0.0,0.0
0.5377931323900695,0.4622068676099297,0.0,0.0
0.534684558342547,0.46531544165745226,0.0,0.0
0.5315732876730492,0.46842671232695005,0.0,0.0
0.5284595602398419,0.47154043976015736,0.0,0.0
0.5253436166642733,0.47465638333572585,0.0,0.0
0.5222256982568131,0.4777743017431861,0.0,0.0
0.5191060469426354,0.4808939530573638,0.0,0.0
0.5159849051867973,0.4840150948132019,0.0,0.0
0.5128625159190596,0.48713748408093954,0.0,0.0
0.5097391224584001,0.4902608775415991,0.0,0.0
0.5066149684372687,0.4933850315627305,0.0,0.0
0.5034902977256352,0.496509702274364,0.0,0.0
0.5003653543548793,0.49963464564511995,0.0,0.0
0.49724038244157287,0.5027596175584264,0.0,0.0
0.49411562611120685,0.5058843738887924,0.0,0.0
0.49099132942191126,0.509008670578088,0.0,0.0
0.4878677362882201,0.5121322637117791,0.0,0.0
0.4847450904049322,0.515254909595067,0.0,0.0
0.4816236351711167,0.5183763648288825,0.0,0.0
0.4785036136143159,0.5214963863856833,0.0,0.0
0.4753852683149936,0.5246147316850056,0.0,0.0
0.4722688413312792,0.52773115866872,0.0,0.0
0.4691545741240584,0.5308454258759407,0.0,0.0
0.46604270748245724,0.533957292517542,0.0,0.0
0.46293348144977,0.5370665185502292,0.0,0.0
0.4598271352498785,0.5401728647501207,0.0,0.0
0.45672390721421047,0.5432760927857888,0.0,0.0
0.453624034709283,0.5463759652907162,0.0,0.0
0.45052775406487944,0.5494722459351198,0.0,0.0
0.44743530050290325,0.552564699497096,0.0,0.0
0.44434690806695487,0.5556530919330444,0.0,0.0
0.44126280955267544,0.5587371904473237,0.0,0.0
0.43818323643890067,0.5618167635610986,0.0,0.0
0.4351084188196661,0.5648915811803331,0.0,0.0
0.43203858533710715,0.5679614146628921,0.0,0.0
0.42897396311529223,0.571026036884707,0.0,0.0
0.4259147776950296,0.5740852223049696,0.0,0.0
0.42286125296968613,0.5771387470303131,0.0,0.0
0.41981361112205434,0.5801863888779448,0.0,0.0
0.41677207256230475,0.5832279274376945,0.0,0.0
0.41373685586705783,0.5862631441329413,0.0,0.0
0.4107081777196098,0.5892918222803893,0.0,0.0
0.4076862528513441,0.5923137471486551,0.0,0.0
0.4046712939843599,0.5953287060156393,0.0,0.0
0.40166351177534876,0.5983364882246505,0.0,0.0
0.39866311476074573,0.6013368852392535,0.0,0.0
0.3956703093031846,0.6043296906968146,0.0,0.0
0.3926852995392819,0.6073147004607173,0.0,0.0
0.3897082873287745,0.6102917126712247,0.0,0.0
0.38673947220503463,0.6132605277949645,0.0,0.0
0.38377905132698326,0.616220948673016,0.0,0.0
0.38082721943242265,0.6191727805675766,0.0,0.0
0.37788416879280795,0.6221158312071913,0.0,0.0
0.37495008916947414,0.6250499108305251,0.0,0.0
0.372025167771335,0.6279748322286642,0.0,0.0
0.3691095892140696,0.6308904107859297,0.0,0.0
0.36620353548080886,0.6337964645191904,0.0,0.0
0.3633071858843339,0.6366928141156653,0.0,0.0
0.360420717030798,0.6395792829692012,0.0,0.0
0.35754430278497956,0.6424556972150196,0.0,0.0
0.35467811423707557,0.6453218857629237,0.0,0.0
0.35182231967103994,0.6481776803289593,0.0,0.0
0.34897708453447346,0.6510229154655258,0.0,0.0
0.3461425714100674,0.6538574285899318,0.0,0.0
0.34331893998860413,0.656681060011395,0.0,0.0
0.34050634704351496,0.6594936529564843,0.0,0.0
0.3377049464069941,0.6622950535930052,0.0,0.0
0.33491488894766874,0.6650851110523306,0.0,0.0
0.3321363225498201,0.6678636774501792,0.0,0.0
0.32936939209415234,0.6706306079058468,0.0,0.0
0.3266142394401033,0.673385760559896,0.0,0.0
0.32387100340969033,0.6761289965903089,0.0,0.0
0.32113981977288303,0.6788601802271162,0.0,0.0
0.3184208212344937,0.6815791787655056,0.0,0.0
0.31571413742257565,0.6842858625774236,0.0,0.0
0.3130198948783168,0.6869801051216825,0.0,0.0
0.31033821704741743,0.6896617829525818,0.0,0.0
0.3076692242729373,0.692330775727062,0.0,0.0
0.3050130337895981,0.6949869662104012,0.0,0.0
0.3023697597195256,0.6976302402804737,0.0,0.0
0.2997395130694151,0.7002604869305842,0.0,0.0
0.2971224017291018,0.7028775982708975,0.0,0.0
0.29451853047151916,0.7054814695284801,0.0,0.0
0.2919280009540249,0.7080719990459744,0.0,0.0
0.28935091172107485,0.7106490882789244,0.0,0.0
0.2867873582082248,0.7132126417917745,0.0,0.0
0.28423743274743674,0.7157625672525626,0.0,0.0
0.2817012245736696,0.7182987754263297,0.0,0.0
0.2791788198327298,0.7208211801672695,0.0,0.0
0.27667030159035916,0.7233296984096401,0.0,0.0
0.2741757498425351,0.7258242501574641,0.0,0.0
0.2716952415269594,0.7283047584730399,0.0,0.0
0.2692288505357089,0.7307711494642903,0.0,0.0
0.2667766477290242,0.733223352270975,0.0,0.0
0.2643387009502087,0.7356612990497905,0.0,0.0
0.261915075041612,0.7380849249583874,0.0,0.0
0.25950583186167014,0.7404941681383292,0.0,0.0
0.25711103030297694,0.7428889696970223,0.0,0.0
0.25473072631135624,0.745269273688643,0.0,0.0
0.2523649729059097,0.7476350270940897,0.0,0.0
0.25001382020000995,0.7499861797999894,0.0,0.0
0.2476773154232124,0.752322684576787,0.0,0.0
0.2453555029440558,0.7546444970559436,0.0,0.0
0.243048424293724,0.7569515757062755,0.0,0.0
0.240756118190539,0.7592438818094603,0.0,0.0
0.23847862056525773,0.7615213794347417,0.0,0.0
0.2362159645871424,0.7637840354128571,0.0,0.0
0.23396818069077635,0.766031819309223,0.0,0.0
0.23173529660359612,0.7682647033964032,0.0,0.0
0.2295173373741109,0.7704826626258885,0.0,0.0
0.22731432540078045,0.772685674599219,0.0,0.0
0.22512628046152336,0.7748737195384762,0.0,0.0
0.22295321974382595,0.7770467802561736,0.0,0.0
0.22079515787542459,0.779204842124575,0.0,0.0
0.21865210695553222,0.7813478930444673,0.0,0.0
0.2165240765865816,0.783475923413418,0.0,0.0
0.21441107390645692,0.7855889260935426,0.0,0.0
0.2123131036211867,0.7876868963788128,0.0,0.0
0.21023016803807004,0.7897698319619295,0.0,0.0
0.20816226709920949,0.7918377329007901,0.0,0.0
0.2061093984154237,0.7938906015845758,0.0,0.0
0.20407155730051327,0.7959284426994863,0.0,0.0
0.2020487368058537,0.7979512631941459,0.0,0.0
0.20004092775528964,0.79995907224471,0.0,0.0
0.19804811878030512,0.8019518812196945,0.0,0.0
0.1960702963554446,0.8039297036445551,0.0,0.0
0.19410744483395997,0.8058925551660397,0.0,0.0
0.1921595464836599,0.8078404535163398,0.0,0.0
0.190226581522937,0.8097734184770627,0.0,0.0
0.18830852815694984,0.8116914718430499,0.0,0.0
0.18640536261393664,0.8135946373860631,0.0,0.0
0.18451705918163833,0.8154829408183615,0.0,0.0
0.18264359024380872,0.8173564097561911,0.0,0.0
0.18078492631679058,0.8192150736832091,0.0,0.0
0.17894103608613576,0.8210589639138639,0.0,0.0
0.17711188644324985,0.8228881135567498,0.0,0.0
0.17529744252204008,0.8247025574779596,0.0,0.0
0.1734976677355478,0.8265023322644518,0.0,0.0
0.17171252381254573,0.8282874761874538,0.0,0.0
0.1699419708340816,0.8300580291659179,0.0,0.0
0.16818596726995022,0.8318140327300493,0.0,0.0
0.16644447001507578,0.8335555299849237,0.0,0.0
0.16471743442578807,0.8352825655742114,0.0,0.0
0.16300481435597494,0.8369951856440245,0.0,0.0
0.16130656219309625,0.8386934378069033,0.0,0.0
0.15962262889404227,0.8403773711059572,0.0,0.0
0.1579529640208225,0.842047035979177,0.0,0.0
0.1562975157760698,0.8437024842239298,0.0,0.0
0.15465623103834583,0.8453437689616536,0.0,0.0
0.1530290553972344,0.8469709446027651,0.0,0.0
0.1514159331882094,0.8485840668117902,0.0,0.0
0.14981680752726478,0.8501831924727348,0.0,0.0
0.14823162034529466,0.851768379654705,0.0,0.0
0.14666031242221172,0.8533396875777879,0.0,0.0
0.1451028234207929,0.8548971765792068,0.0,0.0
0.1435590919202417,0.856440908079758,0.0,0.0
0.14202905544945688,0.8579709445505428,0.0,0.0
0.14051265051999803,0.8594873494800016,0.0,0.0
0.13900981265873852,0.8609901873412612,0.0,0.0
0.13752047644019705,0.8624795235598026,0.0,0.0
0.13604457551854002,0.8639554244814596,0.0,0.0
0.13458204265924573,0.8654179573407539,0.0,0.0
0.13313280977042422,0.8668671902295755,0.0,0.0
0.13169680793378477,0.868303192066215,0.0,0.0
0.13027396743524478,0.8697260325647549,0.0,0.0
0.1288642177951741,0.8711357822048257,0.0,0.0
0.12746748779826844,0.8725325122017312,0.0,0.0
0.12608370552304723,0.8739162944769525,0.0,0.0
0.12471279837097005,0.8752872016290297,0.0,0.0
0.12335469309516783,0.8766453069048319,0.0,0.0
0.1220093158287842,0.8779906841712156,0.0,0.0
0.12067659211292293,0.8793234078870769,0.0,0.0
0.11935644692419847,0.8806435530758013,0.0,0.0
0.11804880470188593,0.8819511952981138,0.0,0.0
0.1167535893746679,0.8832464106253319,0.0,0.0
0.11547072438697567,0.8845292756130242,0.0,0.0
0.11420013272492253,0.8857998672750773,0.0,0.0
0.11294173694182744,0.8870582630581724,0.0,0.0
0.11169545918332734,0.8883045408166725,0.0,0.0
0.11046122121207706,0.8895387787879229,0.0,0.0
0.10923894443203577,0.890761055567964,0.0,0.0
0.10802854991233925,0.8919714500876605,0.0,0.0
0.10682995841075758,0.8931700415892422,0.0,0.0
0.10564309039673829,0.8943569096032615,0.0,0.0
0.10446786607403472,0.8955321339259652,0.0,0.0
0.10330420540292035,0.8966957945970796,0.0,0.0
0.10215202812198941,0.8978479718780106,0.0,0.0
0.10101125376954463,0.8989887462304554,0.0,0.0
0.09988180170457345,0.9001181982954266,0.0,0.0
0.0987635911273134,0.9012364088726866,0.0,0.0
0.09765654109940883,0.9023434589005912,0.0,0.0
0.09656057056366,0.90343942943634,0.0,0.0
0.09547559836336679,0.9045244016366333,0.0,0.0
0.0944015432612689,0.9055984567387312,0.0,0.0
0.0933383239580848,0.9066616760419153,0.0,0.0
0.09228585911065183,0.9077141408893482,0.0,0.0
0.09124406734966993,0.9087559326503301,0.0,0.0
0.09021286729705173,0.9097871327029482,0.0,0.0
0.08919217758288185,0.910807822417118,0.0,0.0
0.08818191686198837,0.9118180831380116,0.0,0.0
0.08718200383012949,0.9128179961698705,0.0,0.0
0.08619235723979886,0.913807642760201,0.0,0.0
0.08521289591565266,0.9147871040843473,0.0,0.0
0.08424353876956203,0.9157564612304379,0.0,0.0
0.08328420481529443,0.9167157951847054,0.0,0.0
0.08233481318282752,0.9176651868171724,0.0,0.0
0.0813952831322994,0.9186047168677004,0.0,0.0
0.08046553406759907,0.9195344659324007,0.0,0.0
0.07954548554960093,0.9204545144503988,0.0,0.0
0.07863505730904753,0.9213649426909523,0.0,0.0
0.0777341692590844,0.9222658307409154,0.0,0.0
0.07684274150745131,0.9231572584925485,0.0,0.0
0.07596069436833412,0.9240393056316657,0.0,0.0
0.07508794837388147,0.9249120516261183,0.0,0.0
0.07422442428539053,0.9257755757146093,0.0,0.0
0.07337004310416635,0.9266299568958334,0.0,0.0
0.07252472608205915,0.9274752739179406,0.0,0.0
0.07168839473168384,0.9283116052683159,0.0,0.0
0.07086097083632655,0.9291390291636732,0.0,0.0
0.07004237645954227,0.9299576235404575,0.0,0.0
0.06923253395444862,0.9307674660455512,0.0,0.0
0.06843136597271976,0.93156863402728,0.0,0.0
0.06763879547328547,0.9323612045267141,0.0,0.0
0.06685474573073966,0.93314525426926,0.0,0.0
0.06607914034346309,0.9339208596565365,0.0,0.0
0.06531190324146476,0.9346880967585348,0.0,0.0
0.06455295869394667,0.9354470413060528,0.0,0.0
0.06380223131659654,0.936197768683403,0.0,0.0
0.06305964607861295,0.9369403539213866,0.0,0.0
0.06232512830946759,0.937674871690532,0.0,0.0
0.0615986037054094,0.9384013962945902,0.0,0.0
0.0608799983357147,0.9391200016642849,0.0,0.0
0.06016923864868824,0.9398307613513113,0.0,0.0
0.05946625147741967,0.9405337485225799,0.0,0.0
0.05877096404529976,0.9412290359546998,0.0,0.0
0.05808330397130103,0.9419166960286985,0.0,0.0
0.05740319927502727,0.9425968007249723,0.0,0.0
0.05673057838153624,0.9432694216184633,0.0,0.0
0.05606537012594022,0.9439346298740594,0.0,0.0
0.05540750375778855,0.944592496242211,0.0,0.0
0.054756908945236715,0.9452430910547629,0.0,0.0
0.054113515779006166,0.9458864842209934,0.0,0.0
0.053477254776139356,0.9465227452238603,0.0,0.0
0.05284805688355399,0.9471519431164456,0.0,0.0
0.052225853481401005,0.9477741465185986,0.0,0.0
0.051610576386230234,0.9483894236137693,0.0,0.0
0.051002157853968014,0.9489978421460316,0.0,0.0
0.05040053058271085,0.9495994694172887,0.0,0.0
0.049805627715339175,0.9501943722846604,0.0,0.0
0.0492173828419552,0.9507826171580445,0.0,0.0
0.0486357300021489,0.9513642699978507,0.0,0.0
0.04806060368709605,0.9519393963129036,0.0,0.0
0.047491938841492116,0.9525080611585075,0.0,0.0
0.046929670865326074,0.9530703291346735,0.0,0.0
0.046373735615497624,0.9536262643845019,0.0,0.0
0.04582406940728187,0.9541759305927177,0.0,0.0
0.04528060901564496,0.9547193909843545,0.0,0.0
0.044743291676414464,0.955256708323585,0.0,0.0
0.04421205508730801,0.9557879449126915,0.0,0.0
0.04368683740882377,0.9563131625911757,0.0,0.0
0.04316757726499637,0.9568324227350031,0.0,0.0
0.042654213744021556,0.9573457862559779,0.0,0.0
0.042146686398753117,0.9578533136012463,0.0,0.0
0.041644935247075444,0.9583550647529239,0.0,0.0
0.04114890077215495,0.9588510992278444,0.0,0.0
0.04065852392257366,0.9593414760774256,0.0,0.0
0.04017374611234816,0.9598262538876512,0.0,0.0
0.03969450922083715,0.9603054907791622,0.0,0.0
0.03922075559254055,0.9607792444074588,0.0,0.0
0.03875242803679335,0.961247571963206,0.0,0.0
0.03828946982735719,0.9617105301726422,0.0,0.0
0.037831824701912556,0.9621681752980868,0.0,0.0
0.037379436861454556,0.9626205631385447,0.0,0.0
0.036932250969595196,0.963067749030404,0.0,0.0
0.03649021215177478,0.9635097878482245,0.0,0.0
0.03605326599438543,0.9639467340056137,0.0,0.0
0.035621358543809205,0.96437864145619,0.0,0.0
0.03519443630537365,0.9648055636946257,0.0,0.0
0.034772446242227355,0.9652275537577719,0.0,0.0
0.03435533577413794,0.9656446642258614,0.0,0.0
0.03394305277621523,0.966056947223784,0.0,0.0
0.03353554557756188,0.9664644544224373,0.0,0.0
0.03313276295985394,0.9668672370401452,0.0,0.0
0.03273465415585383,0.9672653458441454,0.0,0.0
0.03234116884785781,0.9676588311521414,0.0,0.0
0.03195225716608054,0.9680477428339187,0.0,0.0
0.031567869686978695,0.9684321303130206,0.0,0.0
0.031187957431515954,0.9688120425684833,0.0,0.0
0.03081247186337152,0.9691875281366278,0.0,0.0
0.030441364887094213,0.9695586351129051,0.0,0.0
0.030074588846204196,0.969925411153795,0.0,0.0
0.029712096521244437,0.9702879034787548,0.0,0.0
0.029353841127783723,0.9706461588722156,0.0,0.0
0.02899977631437332,0.9710002236856261,0.0,0.0
0.02864985616045903,0.9713501438395403,0.0,0.0
0.028304035174250584,0.9716959648257487,0.0,0.0
0.027962268290550107,0.9720377317094493,0.0,0.0
0.02762451086854148,0.9723754891314579,0.0,0.0
0.027290718689542262,0.9727092813104571,0.0,0.0
0.02696084795471992,0.9730391520452794,0.0,0.0
0.02663485528277395,0.9733651447172254,0.0,0.0
0.02631269770758552,0.9736873022924137,0.0,0.0
0.02599433267583628,0.974005667324163,0.0,0.0
0.025679718044597708,0.9743202819554017,0.0,0.0
0.02536881207889266,0.9746311879211068,0.0,0.0
0.025061573449230466,0.9749384265507689,0.0,0.0
0.024757961229117068,0.9752420387708822,0.0,0.0
0.02445793489254156,0.9755420651074577,0.0,0.0
0.024161454311440452,0.9758385456885589,0.0,0.0
0.023868479753141082,0.9761315202468581,0.0,0.0
0.023578971877785338,0.976421028122214,0.0,0.0
0.02329289173573507,0.9767071082642643,0.0,0.0
0.02301020076496027,0.9769897992350391,0.0,0.0
0.022730860788411408,0.977269139211588,0.0,0.0
0.022454834011376875,0.9775451659886225,0.0,0.0
0.022182083018826817,0.9778179169811726,0.0,0.0
0.0219125707727444,0.978087429227255,0.0,0.0
0.021646260609445574,0.9783537393905539,0.0,0.0
0.02138311623688841,0.9786168837631111,0.0,0.0
0.021123101731972963,0.9788768982680266,0.0,0.0
0.020866181537832748,0.9791338184621668,0.0,0.0
0.020612320461118664,0.9793876795388808,0.0,0.0
0.020361483669276415,0.9796385163307231,0.0,0.0
0.02011363668781825,0.9798863633121813,0.0,0.0
0.01986874539758994,0.9801312546024096,0.0,0.0
0.019626776032033826,0.9803732239679657,0.0,0.0
0.019387695174448806,0.9806123048255507,0.0,0.0
0.019151469755248018,0.9808485302447515,0.0,0.0
0.018918067049215025,0.9810819329507845,0.0,0.0
0.01868745467275927,0.9813125453272403,0.0,0.0
0.018459600581171486,0.981540399418828,0.0,0.0
0.01823447306587987,0.9817655269341197,0.0,0.0
0.01801204075170757,0.981987959248292,0.0,0.0
0.017792272594132325,0.9822077274058673,0.0,0.0
0.017575137876548727,0.9824248621234508,0.0,0.0
0.01736060620753389,0.9826393937924657,0.0,0.0
0.017148647518117007,0.9828513524818825,0.0,0.0
0.016939232059053476,0.9830607679409461,0.0,0.0
0.01673233039810411,0.9832676696018955,0.0,0.0
0.016527913417319972,0.9834720865826796,0.0,0.0
0.016325952310333416,0.983674047689666,0.0,0.0
0.01612641857965581,0.9838735814203438,0.0,0.0
0.0159292840339824,0.9840707159660171,0.0,0.0
0.015734520785504892,0.9842654792144946,0.0,0.0
0.015542101247232109,0.9844578987527673,0.0,0.0
0.015351998130319225,0.9846480018696802,0.0,0.0
0.015164184441405963,0.9848358155585935,0.0,0.0
0.01497863347996423,0.9850213665200351,0.0,0.0
0.014795318835655507,0.9852046811643439,0.0,0.0
0.01461421438569844,0.985385785614301,0.0,0.0
0.014435294292246957,0.9855647057077525,0.0,0.0
0.01425853299977927,0.9857414670002201,0.0,0.0
0.014083905232498129,0.9859160947675012,0.0,0.0
0.013911385991742605,0.9860886140082568,0.0,0.0
0.013740950553411745,0.9862590494465876,0.0,0.0
0.013572574465400394,0.986427425534599,0.0,0.0
0.013406233545047433,0.9865937664549519,0.0,0.0
0.013241903876596777,0.9867580961234025,0.0,0.0
0.013079561808671314,0.9869204381913279,0.0,0.0
0.012919183951760083,0.9870808160482392,0.0,0.0
0.012760747175718911,0.9872392528242804,0.0,0.0
0.012604228607284738,0.9873957713927146,0.0,0.0
0.01244960562760384,0.9875503943723954,0.0,0.0
0.012296855869774163,0.9877031441302252,0.0,0.0
0.01214595721640196,0.9878540427835973,0.0,0.0
0.01199688779717289,0.9880031122028263,0.0,0.0
0.011849625986437802,0.9881503740135615,0.0,0.0
0.011704150400813318,0.988295849599186,0.0,0.0
0.011560439896797406,0.988439560103202,0.0,0.0
0.011418473568400058,0.9885815264315994,0.0,0.0
0.011278230744789251,0.9887217692552102,0.0,0.0
0.011139690987952264,0.9888603090120472,0.0,0.0
0.011002834090372535,0.9889971659096269,0.0,0.0
0.01086764007272211,0.9891323599272773,0.0,0.0
0.010734089181569824,0.9892659108184296,0.0,0.0
0.010602161887105315,0.9893978381128941,0.0,0.0
0.010471838880878928,0.9895281611191205,0.0,0.0
0.010343101073557617,0.9896568989264418,0.0,0.0
0.010215929592696914,0.9897840704073024,0.0,0.0
0.010090305780529035,0.9899096942194703,0.0,0.0
0.009966211191767166,0.9900337888082322,0.0,0.0
0.00984362759142602,0.9901563724085733,0.0,0.0
0.00972253695265868,0.9902774630473407,0.0,0.0
0.009602921454609779,0.9903970785453896,0.0,0.0
0.00948476348028508,0.9905152365197144,0.0,0.0
0.009368045614437435,0.9906319543855621,0.0,0.0
0.009252750641469205,0.9907472493585303,0.0,0.0
0.00913886154335113,0.9908611384566484,0.0,0.0
0.009026361497557653,0.9909736385024419,0.0,0.0
0.00891523387501876,0.9910847661249808,0.0,0.0
0.008805462238088268,0.9911945377619114,0.0,0.0
0.008697030338528625,0.991302969661471,0.0,0.0
0.008589922115512192,0.9914100778844874,0.0,0.0
0.00848412169363899,0.9915158783063606,0.0,0.0
0.00837961338097092,0.9916203866190287,0.0,0.0
0.008276381667082422,0.9917236183329172,0.0,0.0
0.008174411221127567,0.9918255887788721,0.0,0.0
0.00807368688992355,0.9919263131100761,0.0,0.0
0.007974193696050546,0.9920258063039491,0.0,0.0
0.007875916835967927,0.9921240831640317,0.0,0.0
0.0077788416781467695,0.9922211583218528,0.0,0.0
0.007682953761218643,0.9923170462387809,0.0,0.0
0.007588238792140613,0.9924117612078589,0.0,0.0
0.007494682644376444,0.9925053173556231,0.0,0.0
0.00740227135609392,0.9925977286439056,0.0,0.0
0.0073109911283782665,0.9926890088716211,0.0,0.0
0.007220828323461591,0.9927791716765378,0.0,0.0
0.007131769462968305,0.9928682305370312,0.0,0.0
0.007043801226176468,0.9929561987738229,0.0,0.0
0.006956910448294983,0.9930430895517044,0.0,0.0
0.006871084118756585,0.9931289158812429,0.0,0.0
0.006786309379526564,0.9932136906204729,0.0,0.0
0.006702573523427142,0.9932974264765724,0.0,0.0
0.006619863992477453,0.9933801360075221,0.0,0.0
0.006538168376249026,0.9934618316237505,0.0,0.0
0.006457474410236735,0.9935425255897627,0.0,0.0
0.0063777699742451,0.9936222300257543,0.0,0.0
0.006299043090789903,0.9937009569092095,0.0,0.0
0.006221281923515002,0.9937787180764843,0.0,0.0
0.0061444747756242936,0.993855525224375,0.0,0.0
0.006068610088328723,0.9939313899116706,0.0,0.0
0.005993676439308272,0.9940063235606911,0.0,0.0
0.0059196625411888255,0.9940803374588105,0.0,0.0
0.0058465572400338475,0.9941534427599656,0.0,0.0
0.005774349513850764,0.9942256504861487,0.0,0.0
0.005703028471111979,0.9942969715288875,0.0,0.0
0.005632583349290427,0.9943674166507092,0.0,0.0
0.005563003513409568,0.9944369964865899,0.0,0.0
0.0054942784546077395,0.9945057215453917,0.0,0.0
0.0054263977887167815,0.9945736022112827,0.0,0.0
0.005359351254854821,0.9946406487451447,0.0,0.0
0.005293128714033143,0.9947068712859664,0.0,0.0
0.005227720147777036,0.9947722798522224,0.0,0.0
0.005163115656760536,0.9948368843432389,0.0,0.0
0.005099305459454958,0.9949006945405445,0.0,0.0
0.00503627989079112,0.9949637201092084,0.0,0.0
0.0049740294008351746,0.9950259705991642,0.0,0.0
0.004912544553477936,0.9950874554465214,0.0,0.0
0.004851816025137617,0.9951481839748618,0.0,0.0
0.004791834603475866,0.9952081653965236,0.0,0.0
0.004732591186127016,0.9952674088138724,0.0,0.0
0.004674076779440441,0.995325923220559,0.0,0.0
0.004616282497235924,0.9953837175027636,0.0,0.0
0.004559199559571927,0.9954408004404276,0.0,0.0
0.004502819291526686,0.9954971807084728,0.0,0.0
0.004447133121992003,0.9955528668780075,0.0,0.0
0.004392132582479654,0.9956078674175198,0.0,0.0
0.004337809305940308,0.9956621906940591,0.0,0.0
0.004284155025594855,0.9957158449744047,0.0,0.0
0.00423116157377805,0.9957688384262215,0.0,0.0
0.004178820880794355,0.9958211791192052,0.0,0.0
0.0041271249737858985,0.9958728750262137,0.0,0.0
0.00407606597561245,0.9959239340243872,0.0,0.0
0.00402563610374329,0.9959743638962563,0.0,0.0
0.0039758276691609015,0.9960241723308387,0.0,0.0
0.003926633075276364,0.9960733669247233,0.0,0.0
0.0038780448168563627,0.9961219551831434,0.0,0.0
0.0038300554789617,0.9961699445210379,0.0,0.0
0.0037826577358972264,0.9962173422641024,0.0,0.0
0.0037358443501730775,0.9962641556498265,0.0,0.0
0.0036896081714771246,0.9963103918285224,0.0,0.0
0.0036439421356585376,0.9963560578643411,0.0,0.0
0.0035988392637223677,0.9964011607362773,0.0,0.0
0.003554292660835042,0.9964457073391645,0.0,0.0
0.003510295515340681,0.9964897044846589,0.0,0.0
0.003466841097788133,0.9965331589022114,0.0,0.0
0.003423922759968642,0.9965760772400308,0.0,0.0
0.003381533933964032,0.9966184660660354,0.0,0.0
0.00333966813120533,0.9966603318687942,0.0,0.0
0.0032983189415417215,0.9967016810584578,0.0,0.0
0.003257480032319745,0.9967425199676798,0.0,0.0
0.0032171451474726333,0.9967828548525268,0.0,0.0
0.0031773081066196994,0.9968226918933799,0.0,0.0
0.0031379628041756807,0.9968620371958239,0.0,0.0
0.003099103208469943,0.9969008967915296,0.0,0.0
0.0030607233608754498,0.9969392766391241,0.0,0.0
0.003022817374947411,0.9969771826250521,0.0,0.0
0.002985379435571506,0.9970146205644279,0.0,0.0
0.0029484037981216053,0.9970515962018779,0.0,0.0
0.0029118847876268804,0.9970881152123725,0.0,0.0
0.0028758167979482272,0.9971241832020512,0.0,0.0
0.002840194290963906,0.9971598057090355,0.0,0.0
0.002805011795764304,0.9971949882042351,0.0,0.0
0.0027702639078557383,0.9972297360921436,0.0,0.0
0.002735945288373205,0.9972640547116263,0.0,0.0
0.002702050663301988,0.9972979493366974,0.0,0.0
0.002668574822708043,0.9973314251772913,0.0,0.0
0.0026355126199770606,0.9973644873800224,0.0,0.0
0.0026028589710621317,0.9973971410289373,0.0,0.0
0.0025706088537399228,0.9974293911462595,0.0,0.0
0.0025387573068752774,0.9974612426931242,0.0,0.0
0.0025072994296941585,0.9974927005703053,0.0,0.0
0.002476230381064851,0.9975237696189346,0.0,0.0
0.002445545378787331,0.9975544546212122,0.0,0.0
0.002415239698890731,0.9975847603011087,0.0,0.0
0.0023853086749388076,0.9976146913250606,0.0,0.0
0.00235574769734334,0.9976442523026562,0.0,0.0
0.0023265522126853645,0.9976734477873141,0.0,0.0
0.002297717723044179,0.9977022822769552,0.0,0.0
0.0022692397853340254,0.9977307602146653,0.0,0.0
0.0022411140106483787,0.9977588859893509,0.0,0.0
0.002213336063611757,0.9977866639363876,0.0,0.0
0.00218590166173898,0.9978140983382603,0.0,0.0
0.002158806574801793,0.9978411934251974,0.0,0.0
0.0021320466242027826,0.9978679533757965,0.0,0.0
0.0021056176823565074,0.9978943823176428,0.0,0.0
0.0020795156720777672,0.9979204843279216,0.0,0.0
0.002053736565976931,0.9979462634340224,0.0,0.0
0.00202827638586226,0.9979717236141371,0.0,0.0
0.0020031312021491386,0.9979968687978503,0.0,0.0
0.0019782971332761496,0.9980217028667232,0.0,0.0
0.0019537703451279163,0.9980462296548714,0.0,0.0
0.0019295470504646398,0.9980704529495347,0.0,0.0
0.001905623508358259,0.9980943764916411,0.0,0.0
0.0018819960236351669,0.9981180039763642,0.0,0.0
0.0018586609463254052,0.998141339053674,0.0,0.0
0.0018356146711182746,0.9981643853288812,0.0,0.0
0.0018128536368242868,0.9981871463631751,0.0,0.0
0.0017903743258433915,0.9982096256741559,0.0,0.0
0.0017681732636394111,0.9982318267363598,0.0,0.0
0.0017462470182206145,0.9982537529817787,0.0,0.0
0.0017245921996263617,0.9982754078003728,0.0,0.0
0.0017032054594197578,0.9982967945405794,0.0,0.0
0.0016820834901862469,0.9983179165098128,0.0,0.0
0.0016612230250380793,0.9983387769749611,0.0,0.0
0.0016406208371245944,0.9983593791628745,0.0,0.0
0.0016202737391482482,0.9983797262608509,0.0,0.0
0.0016001785828863265,0.9983998214171129,0.0,0.0
0.0015803322587182797,0.998419667741281,0.0,0.0
0.001560731695158617,0.9984392683048406,0.0,0.0
0.0015413738583952997,0.998458626141604,0.0,0.0
0.001522255751833571,0.9984777442481656,0.0,0.0
0.0015033744156451648,0.9984966255843539,0.0,0.0
0.0014847269263228286,0.9985152730736764,0.0,0.0
0.001466310396240108,0.998533689603759,0.0,0.0
0.0014481219732163297,0.9985518780267829,0.0,0.0
0.0014301588400867243,0.9985698411599125,0.0,0.0
0.0014124182142776368,0.9985875817857216,0.0,0.0
0.0013948973473867606,0.9986051026526124,0.0,0.0
0.001377593524768346,0.9986224064752308,0.0,0.0
0.0013605040651233202,0.9986394959348759,0.0,0.0
0.0013436263200942704,0.998656373679905,0.0,0.0
0.00132695767386523,0.9986730423261341,0.0,0.0
0.0013104955427662155,0.9986895044572331,0.0,0.0
0.0012942373748824631,0.9987057626251169,0.0,0.0
0.001278180649668307,0.9987218193503311,0.0,0.0
0.001262322877565651,0.9987376771224338,0.0,0.0
0.0012466615996269774,0.9987533384003724,0.0,0.0
0.0012311943871428492,0.9987688056128566,0.0,0.0
0.0012159188412738423,0.9987840811587256,0.0,0.0
0.001200832592686871,0.9987991674073126,0.0,0.0
0.001185933301195845,0.9988140666988037,0.0,0.0
0.0011712186554066186,0.9988287813445929,0.0,0.0
0.0011566863723661738,0.9988433136276333,0.0,0.0
0.0011423341972159951,0.9988576658027836,0.0,0.0
0.0011281599028495886,0.99887184009715,0.0,0.0
0.0011141612895740904,0.9988858387104256,0.0,0.0
0.0011003361847759282,0.9988996638152237,0.0,0.0
0.00108668244259048,0.9989133175574092,0.0,0.0
0.0010731979435756895,0.998926802056424,0.0,0.0
0.0010598805943895914,0.9989401194056101,0.0,0.0
0.001046728327471701,0.998953271672528,0.0,0.0
0.0010337391007282234,0.9989662608992715,0.0,0.0
0.001020910897221039,0.9989790891027788,0.0,0.0
0.0010082417248604228,0.9989917582751394,0.0,0.0
0.0009957296161014493,0.9990042703838984,0.0,0.0
0.0009833726276440484,0.9990166273723559,0.0,0.0
0.0009711688401366626,0.9990288311598633,0.0,0.0
0.0009591163578834672,0.9990408836421164,0.0,0.0
0.0009472133085551123,0.9990527866914448,0.0,0.0
0.0009354578429029449,0.9990645421570971,0.0,0.0
0.0009238481344766708,0.9990761518655233,0.0,0.0
0.0009123823793454154,0.9990876176206547,0.0,0.0
0.0009010587958221461,0.9990989412041779,0.0,0.0
0.0008898756241914143,0.9991101243758087,0.0,0.0
0.000878831126440381,0.9991211688735596,0.0,0.0
0.000867923585993085,0.9991320764140069,0.0,0.0
0.0008571513074479183,0.9991428486925521,0.0,0.0
0.0008465126163182688,0.9991534873836818,0.0,0.0
0.0008360058587762958,0.9991639941412238,0.0,0.0
0.0008256294013997991,0.9991743705986004,0.0,0.0
0.000815381630922147,0.9991846183690779,0.0,0.0
0.0008052609539852273,0.9991947390460149,0.0,0.0
0.0007952657968953843,0.9992047342031047,0.0,0.0
0.0007853946053823089,0.9992146053946178,0.0,0.0
0.0007756458443608454,0.9992243541556393,0.0,0.0
0.0007660179976956817,0.9992339820023044,0.0,0.0
0.000756509567968888,0.9992434904320312,0.0,0.0
0.0007471190762502705,0.9992528809237499,0.0,0.0
0.0007378450618705091,0.9992621549381296,0.0,0.0
0.0007286860821970427,0.9992713139178031,0.0,0.0
0.000719640712412672,0.9992803592875874,0.0,0.0
0.0007107075452968473,0.9992892924547033,0.0,0.0
0.0007018851910096096,0.9992981148089904,0.0,0.0
0.0006931722768781527,0.999306827723122,0.0,0.0
0.0006845674471859768,0.9993154325528141,0.0,0.0
0.000676069362964601,0.9993239306370354,0.0,0.0
0.0006676767017878063,0.9993323232982122,0.0,0.0
0.0006593881575683783,0.9993406118424316,0.0,0.0
0.0006512024403573188,0.9993487975596428,0.0,0.0
0.0006431182761454993,0.9993568817238545,0.0,0.0
0.000635134406667725,0.9993648655933324,0.0,0.0
0.0006272495892091827,0.9993727504107909,0.0,0.0
0.0006194625964142425,0.9993805374035858,0.0,0.0
0.0006117722160975869,0.9993882277839025,0.0,0.0
0.0006041772510576371,0.9993958227489423,0.0,0.0
0.0005966765188922537,0.9994033234811077,0.0,0.0
0.0005892688518166783,0.9994107311481832,0.0,0.0
0.0005819530964836956,0.9994180469035162,0.0,0.0
0.0005747281138059846,0.9994252718861939,0.0,0.0
0.0005675927787806367,0.9994324072212193,0.0,0.0
0.0005605459803158104,0.999439454019684,0.0,0.0
0.0005535866210595023,0.9994464133789404,0.0,0.0
0.0005467136172304044,0.9994532863827694,0.0,0.0
0.0005399258984508253,0.999460074101549,0.0,0.0
0.0005332224075816503,0.9994667775924182,0.0,0.0
0.0005266021005593153,0.9994733978994406,0.0,0.0
0.0005200639462347702,0.9994799360537651,0.0,0.0
0.0005136069262144102,0.9994863930737854,0.0,0.0
0.0005072300347029472,0.9994927699652969,0.0,0.0
0.0005009322783482029,0.9994990677216516,0.0,0.0
0.0004947126760877964,0.9995052873239121,0.0,0.0
0.0004885702589977062,0.9995114297410023,0.0,0.0
0.0004825040701426826,0.9995174959298572,0.0,0.0
0.0004765131644284895,0.9995234868355714,0.0,0.0
0.00047059660845595206,0.9995294033915438,0.0,0.0
0.00046475348037679,0.999535246519623,0.0,0.0
0.0004589828697512139,0.9995410171302486,0.0,0.0
0.0004532838774072644,0.9995467161225925,0.0,0.0
0.00044765561530187183,0.9995523443846979,0.0,0.0
0.00044209720638361714,0.9995579027936161,0.0,0.0
0.0004366077844571725,0.9995633922155426,0.0,0.0
0.0004311864940494017,0.9995688135059504,0.0,0.0
0.00042583249027710034,0.9995741675097227,0.0,0.0
0.0004205449387163558,0.9995794550612834,0.0,0.0
0.00041532301527350826,0.9995846769847263,0.0,0.0
0.00041016590605769175,0.9995898340939421,0.0,0.0
0.00040507280725493827,0.9995949271927448,0.0,0.0
0.00040004292500382406,0.9995999570749958,0.0,0.0
0.00039507547527264095,0.999604924524727,0.0,0.0
0.00039016968373807364,0.9996098303162616,0.0,0.0
0.0003853247856653643,0.9996146752143343,0.0,0.0
0.00038054002578994745,0.9996194599742096,0.0,0.0
0.00037581465820053664,0.9996241853417991,0.0,0.0
0.0003711479462236456,0.9996288520537759,0.0,0.0
0.0003665391623095262,0.99963346083769,0.0,0.0
0.0003619875879195065,0.9996380124120801,0.0,0.0
0.00035749251341471146,0.9996425074865849,0.0,0.0
0.00035305323794615007,0.9996469467620535,0.0,0.0
0.00034866906934615167,0.9996513309306535,0.0,0.0
0.00034433932402113564,0.9996556606759784,0.0,0.0
0.00034006332684569817,0.9996599366731539,0.0,0.0
0.0003358404110579996,0.9996641595889416,0.0,0.0
0.0003316699181564375,0.9996683300818431,0.0,0.0
0.0003275511977975889,0.999672448802202,0.0,0.0
0.00032348360769540697,0.9996765163923041,0.0,0.0
0.0003194665135216564,0.9996805334864779,0.0,0.0
0.00031549928880757297,0.999684500711192,0.0,0.0
0.0003115813148467314,0.9996884186851528,0.0,0.0
0.0003077119805991081,0.9996922880194005,0.0,0.0
0.0003038906825963237,0.9996961093174032,0.0,0.0
0.0003001168248480504,0.9996998831751515,0.0,0.0
0.0002963898187495707,0.9997036101812499,0.0,0.0
0.0002927090829904737,0.999707290917009,0.0,0.0
0.00028907404346447427,0.999710925956535,0.0,0.0
0.0002854841331803419,0.999714515866819,0.0,0.0
0.00028193879217392587,0.9997180612078255,0.0,0.0
0.0002784374674212628,0.999721562532578,0.0,0.0
0.00027497961275275426,0.9997250203872465,0.0,0.0
0.0002715646887684003,0.9997284353112309,0.0,0.0
0.0002681921627540771,0.9997318078372451,0.0,0.0
0.0002648615085988451,0.9997351384914004,0.0,0.0
0.00026157220671327574,0.9997384277932859,0.0,0.0
0.00025832374394878384,0.9997416762560505,0.0,0.0
0.00025511561351795355,0.9997448843864813,0.0,0.0
0.0002519473149158462,0.9997480526850835,0.0,0.0
0.0002488183538422768,0.9997511816461571,0.0,0.0
0.0002457282421250491,0.9997542717578743,0.0,0.0
0.00024267649764413572,0.9997573235023551,0.0,0.0
0.00023966264425679326,0.9997603373557424,0.0,0.0
0.00023668621172359997,0.9997633137882757,0.0,0.0
0.00023374673563540536,0.9997662532643639,0.0,0.0
0.0002308437573411799,0.9997691562426582,0.0,0.0
0.00022797682387675476,0.9997720231761226,0.0,0.0
0.0002251454878944396,0.9997748545121048,0.0,0.0
0.00022234930759350874,0.9997776506924058,0.0,0.0
0.00021958784665154402,0.9997804121533477,0.0,0.0
0.00021686067415662485,0.9997831393258426,0.0,0.0
0.00021416736454035434,0.9997858326354588,0.0,0.0
0.00021150749751171178,0.9997884925024876,0.0,0.0
0.00020888065799172092,0.9997911193420076,0.0,0.0
0.00020628643604892445,0.9997937135639503,0.0,0.0
0.0002037244268356544,0.9997962755731636,0.0,0.0
0.00020119423052508925,0.9997988057694742,0.0,0.0
0.00019869545224908736,0.9998013045477502,0.0,0.0
0.000196227702036788,0.9998037722979625,0.0,0.0
0.00019379059475396998,0.9998062094052453,0.0,0.0
0.00019138375004315881,0.9998086162499561,0.0,0.0
0.00018900679226447337,0.9998109932077348,0.0,0.0
0.00018665935043720263,0.9998133406495622,0.0,0.0
0.0001843410581821038,0.9998156589418172,0.0,0.0
0.000182051553664413,0.999817948446335,0.0,0.0
0.00017979047953755947,0.9998202095204618,0.0,0.0
0.00017755748288757496,0.9998224425171118,0.0,0.0
0.00017535221517818973,0.9998246477848212,0.0,0.0
0.00017317433219660657,0.9998268256678027,0.0,0.0
0.0001710234939999447,0.9998289765059993,0.0,0.0
0.00016889936486234506,0.9998311006351369,0.0,0.0
0.00016680161322272922,0.9998331983867765,0.0,0.0
0.00016472991163320365,0.9998352700883661,0.0,0.0
0.00016268393670810136,0.9998373160632913,0.0,0.0
0.00016066336907365338,0.9998393366309257,0.0,0.0
0.00015866789331828206,0.999841332106681,0.0,0.0
0.00015669719794350847,0.9998433028020558,0.0,0.0
0.00015475097531546678,0.999845249024684,0.0,0.0
0.00015282892161701774,0.9998471710783824,0.0,0.0
0.00015093073680045403,0.9998490692631989,0.0,0.0
0.00014905612454079034,0.9998509438754586,0.0,0.0
0.0001472047921896307,0.9998527952078098,0.0,0.0
0.0001453764507296062,0.9998546235492698,0.0,0.0
0.00014357081472937612,0.9998564291852701,0.0,0.0
0.0001417876022991851,0.9998582123977002,0.0,0.0
0.00014002653504697015,0.9998599734649524,0.0,0.0
0.00013828733803501034,0.9998617126619643,0.0,0.0
0.0001365697397371124,0.9998634302602621,0.0,0.0
0.000134873471996326,0.999865126528003,0.0,0.0
0.00013319826998318187,0.9998668017300162,0.0,0.0
0.00013154387215444634,0.9998684561278449,0.0,0.0
0.00012991002021238635,0.9998700899797869,0.0,0.0
0.000128296459064538,0.9998717035409348,0.0,0.0
0.00012670293678397298,0.9998732970632154,0.0,0.0
0.00012512920457005634,0.9998748707954292,0.0,0.0
0.00012357501670968996,0.9998764249832897,0.0,0.0
0.00012204013053903538,0.9998779598694603,0.0,0.0
0.00012052430640571024,0.9998794756935936,0.0,0.0
0.00011902730763145252,0.9998809726923679,0.0,0.0
0.00011754890047524669,0.9998824510995241,0.0,0.0
0.00011608885409690621,0.9998839111459025,0.0,0.0
0.00011464694052110673,0.9998853530594782,0.0,0.0
0.00011322293460186429,0.9998867770653974,0.0,0.0
0.00011181661398745332,0.9998881833860119,0.0,0.0
0.0001104277590857586,0.9998895722409137,0.0,0.0
0.00010905615303005633,0.9998909438469694,0.0,0.0
0.00010770158164521862,0.9998922984183543,0.0,0.0
0.00010636383341433627,0.9998936361665851,0.0,0.0
0.0001050426994457549,0.9998949573005537,0.0,0.0
0.00010373797344051895,0.9998962620265588,0.0,0.0
0.00010244945166021894,0.9998975505483392,0.0,0.0
0.00010117693289523661,0.9998988230671041,0.0,0.0
9.992021843338334e-05,0.999900079781566,0.0,0.0
9.867911202892683e-05,0.9999013208879703,0.0,0.0
9.745341987200133e-05,0.9999025465801273,0.0,0.0
9.62429505583966e-05,0.9999037570494409,0.0,0.0
9.5047515059721e-05,0.9999049524849396,0.0,0.0
9.386692669393417e-05,0.9999061330733053,0.0,0.0
9.27010010962444e-05,0.999907298998903,0.0,0.0
9.15495561903667e-05,0.9999084504438089,0.0,0.0
9.041241216013666e-05,0.9999095875878392,0.0,0.0
8.928939142147586e-05,0.999910710608578,0.0,0.0
8.818031859470475e-05,0.9999118196814046,0.0,0.0
8.708502047719815e-05,0.9999129149795222,0.0,0.0
8.600332601637978e-05,0.999913996673983,0.0,0.0
8.493506628305101e-05,0.9999150649337163,0.0,0.0
8.388007444505033e-05,0.9999161199255543,0.0,0.0
8.283818574123879e-05,0.9999171618142582,0.0,0.0
8.180923745580803e-05,0.9999181907625436,0.0,0.0
8.079306889290639e-05,0.9999192069311065,0.0,0.0
7.978952135157952e-05,0.9999202104786478,0.0,0.0
7.879843810102139e-05,0.9999212015618985,0.0,0.0
7.781966435613199e-05,0.9999221803356433,0.0,0.0
7.685304725337789e-05,0.999923146952746,0.0,0.0
7.589843582695185e-05,0.9999241015641726,0.0,0.0
7.495568098522795e-05,0.9999250443190142,0.0,0.0
7.40246354875084e-05,0.999925975364512,0.0,0.0
7.31051539210585e-05,0.9999268948460786,0.0,0.0
7.219709267842631e-05,0.9999278029073211,0.0,0.0
7.130030993504319e-05,0.9999286996900645,0.0,0.0
7.041466562710223e-05,0.9999295853343725,0.0,0.0
6.954002142971052e-05,0.9999304599785698,0.0,0.0
6.867624073531247e-05,0.9999313237592642,0.0,0.0
6.78231886323804e-05,0.9999321768113671,0.0,0.0
6.698073188436935e-05,0.9999330192681151,0.0,0.0
6.614873890893266e-05,0.9999338512610906,0.0,0.0
6.532707975739527e-05,0.9999346729202422,0.0,0.0
6.451562609448134e-05,0.9999354843739051,0.0,0.0
6.37142511782933e-05,0.9999362857488214,0.0,0.0
6.292282984053906e-05,0.9999370771701591,0.0,0.0
6.214123846700424e-05,0.9999378587615326,0.0,0.0
6.136935497826655e-05,0.9999386306450213,0.0,0.0
6.0607058810649314e-05,0.999939392941189,0.0,0.0
5.985423089741107e-05,0.9999401457691023,0.0,0.0
5.911075365016833e-05,0.9999408892463495,0.0,0.0
5.837651094054876e-05,0.9999416234890591,0.0,0.0
5.7651388082071796e-05,0.9999423486119177,0.0,0.0
5.693527181225388e-05,0.9999430647281875,0.0,0.0
5.6228050274935654e-05,0.9999437719497248,0.0,0.0
5.5529613002828196e-05,0.9999444703869971,0.0,0.0
5.483985090027577e-05,0.9999451601490996,0.0,0.0
5.415865622623222e-05,0.9999458413437736,0.0,0.0
5.348592257744856e-05,0.9999465140774224,0.0,0.0
5.282154487186896e-05,0.9999471784551279,0.0,0.0
5.2165419332232694e-05,0.9999478345806676,0.0,0.0
5.1517443469879425e-05,0.99994848255653,0.0,0.0
5.087751606875529e-05,0.9999491224839311,0.0,0.0
5.024553716961739e-05,0.9999497544628302,0.0,0.0
4.962140805443415e-05,0.9999503785919454,0.0,0.0
4.9005031230979136e-05,0.9999509949687689,0.0,0.0
4.839631041761594e-05,0.9999516036895822,0.0,0.0
4.7795150528271806e-05,0.9999522048494716,0.0,0.0
4.720145765759761e-05,0.9999527985423423,0.0,0.0
4.6615139066311865e-05,0.9999533848609335,0.0,0.0
4.603610316672659e-05,0.9999539638968332,0.0,0.0
4.546425950845259e-05,0.9999545357404915,0.0,0.0
4.489951876428219e-05,0.9999551004812356,0.0,0.0
4.434179271624695e-05,0.9999556582072837,0.0,0.0
4.379099424184839e-05,0.9999562090057581,0.0,0.0
4.3247037300459516e-05,0.9999567529626995,0.0,0.0
4.2709836919895e-05,0.99995729016308,0.0,0.0
4.217930918314798e-05,0.9999578206908168,0.0,0.0
4.165537121529139e-05,0.9999583446287847,0.0,0.0
4.113794117054174e-05,0.9999588620588296,0.0,0.0
4.062693821948347e-05,0.9999593730617806,0.0,0.0
4.0122282536451706e-05,0.9999598777174638,0.0,0.0
3.962389528707155e-05,0.999960376104713,0.0,0.0
3.913169861595206e-05,0.9999608683013842,0.0,0.0
3.864561563453274e-05,0.9999613543843657,0.0,0.0
3.816557040908097e-05,0.9999618344295911,0.0,0.0
3.769148794883826e-05,0.9999623085120513,0.0,0.0
3.722329419431357e-05,0.9999627767058058,0.0,0.0
3.6760916005721924e-05,0.9999632390839944,0.0,0.0
3.6304281151566455e-05,0.9999636957188486,0.0,0.0
3.5853318297362063e-05,0.9999641466817027,0.0,0.0
3.540795699449907e-05,0.9999645920430056,0.0,0.0
3.496812766924501e-05,0.9999650318723309,0.0,0.0
3.453376161188286e-05,0.9999654662383882,0.0,0.0
3.4104790965984114e-05,0.9999658952090341,0.0,0.0
3.3681148717814896e-05,0.9999663188512823,0.0,0.0
3.3262768685873554e-05,0.9999667372313142,0.0,0.0
3.2849585510558084e-05,0.9999671504144895,0.0,0.0
3.2441534643961776e-05,0.999967558465356,0.0,0.0
3.203855233979545e-05,0.9999679614476602,0.0,0.0
3.164057564343479e-05,0.9999683594243565,0.0,0.0
3.124754238209116e-05,0.9999687524576178,0.0,0.0
3.085939115510441e-05,0.9999691406088448,0.0,0.0
3.0476061324356127e-05,0.9999695239386756,0.0,0.0
3.0097493004801893e-05,0.9999699025069951,0.0,0.0
2.972362705512098e-05,0.9999702763729448,0.0,0.0
2.9354405068482145e-05,0.9999706455949314,0.0,0.0
2.898976936342397e-05,0.9999710102306365,0.0,0.0
2.8629662974848424e-05,0.999971370337025,0.0,0.0
2.8274029645126185e-05,0.9999717259703548,0.0,0.0
2.792281381531233e-05,0.9999720771861845,0.0,0.0
2.7575960616471086e-05,0.9999724240393835,0.0,0.0
2.723341586110822e-05,0.9999727665841388,0.0,0.0
2.689512603470977e-05,0.9999731048739652,0.0,0.0
2.65610382873858e-05,0.9999734389617124,0.0,0.0
2.623110042561785e-05,0.9999737688995742,0.0,0.0
2.590526090410884e-05,0.9999740947390957,0.0,0.0
2.558346881773411e-05,0.999974416531182,0.0,0.0
2.5265673893592363e-05,0.9999747343261062,0.0,0.0
2.495182648315527e-05,0.9999750481735167,0.0,0.0
2.464187755451454e-05,0.9999753581224453,0.0,0.0
2.433577868472518e-05,0.9999756642213151,0.0,0.0
2.4033482052243834e-05,0.9999759665179476,0.0,0.0
2.373494042946095e-05,0.9999762650595705,0.0,0.0
2.3440107175325647e-05,0.9999765598928246,0.0,0.0
2.3148936228062157e-05,0.9999768510637719,0.0,0.0
2.2861382097976628e-05,0.999977138617902,0.0,0.0
2.2577399860353258e-05,0.9999774226001397,0.0,0.0
2.229694514843859e-05,0.9999777030548516,0.0,0.0
2.2019974146512883e-05,0.9999779800258536,0.0,0.0
2.174644358304753e-05,0.9999782535564171,0.0,0.0
2.147631072394736e-05,0.9999785236892762,0.0,0.0
2.120953336587688e-05,0.9999787904666343,0.0,0.0
2.094606982966932e-05,0.9999790539301705,0.0,0.0
2.0685878953817528e-05,0.9999793141210463,0.0,0.0
2.0428920088045658e-05,0.9999795710799121,0.0,0.0
2.0175153086960632e-05,0.9999798248469132,0.0,0.0
1.9924538303782457e-05,0.9999800754616963,0.0,0.0
1.9677036584152355e-05,0.9999803229634159,0.0,0.0
1.9432609260017738e-05,0.99998056739074,0.0,0.0
1.9191218143593145e-05,0.9999808087818565,0.0,0.0
1.8952825521396095e-05,0.9999810471744788,0.0,0.0
1.871739414835704e-05,0.9999812826058517,0.0,0.0
1.8484887242002383e-05,0.9999815151127581,0.0,0.0
1.8255268476709764e-05,0.9999817447315233,0.0,0.0
1.8028501978034617e-05,0.9999819714980219,0.0,0.0
1.7804552317107215e-05,0.9999821954476829,0.0,0.0
1.7583384505099226e-05,0.9999824166154948,0.0,0.0
1.736496398775899e-05,0.9999826350360123,0.0,0.0
1.7149256640014654e-05,0.9999828507433599,0.0,0.0
1.6936228760644283e-05,0.9999830637712394,0.0,0.0
1.6725847067012165e-05,0.9999832741529331,0.0,0.0
1.651807868987045e-05,0.9999834819213101,0.0,0.0
1.6312891168225344e-05,0.9999836871088319,0.0,0.0
1.6110252444267035e-05,0.9999838897475558,0.0,0.0
1.5910130858362576e-05,0.9999840898691417,0.0,0.0
1.571249514411091e-05,0.999984287504856,0.0,0.0
1.551731442345933e-05,0.9999844826855767,0.0,0.0
1.532455820188053e-05,0.9999846754417981,0.0,0.0
1.5134196363609573e-05,0.9999848658036364,0.0,0.0
1.4946199166939987e-05,0.9999850538008331,0.0,0.0
1.4760537239578248e-05,0.9999852394627605,0.0,0.0
1.4577181574055963e-05,0.9999854228184261,0.0,0.0
1.4396103523199012e-05,0.999985603896477,0.0,0.0
1.4217274795652937e-05,0.9999857827252044,0.0,0.0
1.404066745146391e-05,0.9999859593325486,0.0,0.0
1.3866253897714545e-05,0.9999861337461023,0.0,0.0
1.3694006884213919e-05,0.9999863059931158,0.0,0.0
1.3523899499241095e-05,0.9999864761005008,0.0,0.0
1.3355905165341503e-05,0.9999866440948348,0.0,0.0
1.3189997635175519e-05,0.999986810002365,0.0,0.0
1.3026150987418583e-05,0.9999869738490128,0.0,0.0
1.286433962271223e-05,0.9999871356603776,0.0,0.0
1.2704538259665401e-05,0.9999872954617406,0.0,0.0
1.2546721930905398e-05,0.9999874532780695,0.0,0.0
1.2390865979177878e-05,0.9999876091340212,0.0,0.0
1.2236946053495273e-05,0.9999877630539469,0.0,0.0
1.2084938105333042e-05,0.9999879150618951,0.0,0.0
1.193481838487315e-05,0.9999880651816155,0.0,0.0
1.1786563437294192e-05,0.9999882134365632,0.0,0.0
1.1640150099107582e-05,0.9999883598499014,0.0,0.0
1.149555549453925e-05,0.9999885044445059,0.0,0.0
1.1352757031956254e-05,0.9999886472429685,0.0,0.0
1.1211732400337772e-05,0.9999887882676002,0.0,0.0
1.1072459565789918e-05,0.9999889275404348,0.0,0.0
1.0934916768103833e-05,0.9999890650832325,0.0,0.0
1.079908251735652e-05,0.9999892009174832,0.0,0.0
1.0664935590553877e-05,0.9999893350644099,0.0,0.0
1.0532455028315437e-05,0.9999894675449721,0.0,0.0
1.0401620131600262e-05,0.9999895983798689,0.0,0.0
1.0272410458473492e-05,0.999989727589542,0.0,0.0
1.0144805820913067e-05,0.9999898551941796,0.0,0.0
1.0018786281656078e-05,0.9999899812137188,0.0,0.0
9.894332151084296e-06,0.9999901056678495,0.0,0.0
9.771423984148378e-06,0.9999902285760165,0.0,0.0
9.65004257733026e-06,0.9999903499574232,0.0,0.0
9.530168965643276e-06,0.9999904698310348,0.0,0.0
9.411784419669533e-06,0.9999905882155808,0.0,0.0
9.294870442634074e-06,0.9999907051295578,0.0,0.0
9.179408767515379e-06,0.999990820591233,0.0,0.0
9.06538135419174e-06,0.9999909346186463,0.0,0.0
8.952770386623091e-06,0.999991047229614,0.0,0.0
8.84155827006781e-06,0.9999911584417305,0.0,0.0
8.731727628334116e-06,0.9999912682723722,0.0,0.0
8.623261301065568e-06,0.9999913767386995,0.0,0.0
8.516142341060303e-06,0.9999914838576595,0.0,0.0
8.410354011623544e-06,0.9999915896459889,0.0,0.0
8.305879783952998e-06,0.9999916941202166,0.0,0.0
8.202703334556723e-06,0.999991797296666,0.0,0.0
8.100808542703058e-06,0.9999918991914578,0.0,0.0
8.000179487902229e-06,0.9999919998205126,0.0,0.0
7.900800447419224e-06,0.999992099199553,0.0,0.0
7.802655893817556e-06,0.9999921973441066,0.0,0.0
7.70573049253354e-06,0.9999922942695079,0.0,0.0
7.610009099480678e-06,0.999992389990901,0.0,0.0
7.515476758683813e-06,0.9999924845232419,0.0,0.0
7.422118699942654e-06,0.9999925778813005,0.0,0.0
7.329920336524321e-06,0.999992670079664,0.0,0.0
7.238867262884547e-06,0.9999927611327376,0.0,0.0
7.14894525241718e-06,0.9999928510547481,0.0,0.0
7.060140255231639e-06,0.9999929398597454,0.0,0.0
6.972438395957964e-06,0.9999930275616046,0.0,0.0
6.885825971579135e-06,0.9999931141740289,0.0,0.0
6.800289449290306e-06,0.9999931997105511,0.0,0.0
6.71581546438463e-06,0.999993284184536,0.0,0.0
6.632390818165338e-06,0.9999933676091822,0.0,0.0
6.5500024758837516e-06,0.9999934499975245,0.0,0.0
6.468637564702901e-06,0.9999935313624357,0.0,0.0
6.388283371686438e-06,0.9999936117166287,0.0,0.0
6.308927341812526e-06,0.9999936910726587,0.0,0.0
6.230557076012392e-06,0.9999937694429245,0.0,0.0
6.153160329233241e-06,0.9999938468396712,0.0,0.0
6.076725008525234e-06,0.9999939232749919,0.0,0.0
6.001239171152217e-06,0.9999939987608293,0.0,0.0
5.926691022725921e-06,0.9999940733089778,0.0,0.0
5.853068915363328e-06,0.9999941469310852,0.0,0.0
5.780361345866931e-06,0.9999942196386548,0.0,0.0
5.708556953927586e-06,0.9999942914430467,0.0,0.0
5.6376445203496905e-06,0.9999943623554803,0.0,0.0
5.567612965298402e-06,0.9999944323870353,0.0,0.0
5.498451346568629e-06,0.9999945015486541,0.0,0.0
5.430148857875516e-06,0.9999945698511428,0.0,0.0
5.362694827166166e-06,0.9999946373051735,0.0,0.0
5.29607871495233e-06,0.9999947039212858,0.0,0.0
5.230290112663799e-06,0.999994769709888,0.0,0.0
5.1653187410222605e-06,0.9999948346812596,0.0,0.0
5.101154448435333e-06,0.9999948988455521,0.0,0.0
5.037787209410565e-06,0.9999949622127912,0.0,0.0
4.97520712298912e-06,0.9999950247928776,0.0,0.0
4.913404411198922e-06,0.9999950865955894,0.0,0.0
4.8523694175270085e-06,0.9999951476305832,0.0,0.0
4.792092605410864e-06,0.9999952079073953,0.0,0.0
4.732564556748482e-06,0.999995267435444,0.0,0.0
4.6737759704269435e-06,0.9999953262240302,0.0,0.0
4.61571766086926e-06,0.9999953842823398,0.0,0.0
4.558380556599273e-06,0.999995441619444,0.0,0.0
4.501755698824377e-06,0.9999954982443018,0.0,0.0
4.445834240035841e-06,0.9999955541657606,0.0,0.0
4.390607442626518e-06,0.999995609392558,0.0,0.0
4.336066677525724e-06,0.9999956639333232,0.0,0.0
4.282203422851072e-06,0.9999957177965778,0.0,0.0
4.229009262577047e-06,0.9999957709907382,0.0,0.0
4.176475885220124e-06,0.9999958235241155,0.0,0.0
4.124595082540211e-06,0.9999958754049182,0.0,0.0
4.073358748258229e-06,0.9999959266412525,0.0,0.0
4.02275887678961e-06,0.9999959772411239,0.0,0.0
3.972787561993535e-06,0.9999960272124387,0.0,0.0
3.923436995937704e-06,0.9999960765630048,0.0,0.0
3.874699467678442e-06,0.9999961253005332,0.0,0.0
3.826567362055972e-06,0.9999961734326388,0.0,0.0
3.779033158504632e-06,0.9999962209668424,0.0,0.0
3.7320894298778873e-06,0.999996267910571,0.0,0.0
3.6857288412879277e-06,0.9999963142711595,0.0,0.0
3.639944148959677e-06,0.9999963600558519,0.0,0.0
3.5947281990990423e-06,0.9999964052718018,0.0,0.0
3.550073926775217e-06,0.9999964499260742,0.0,0.0
3.5059743548168654e-06,0.9999964940256462,0.0,0.0
3.4624225927220192e-06,0.9999965375774083,0.0,0.0
3.419411835581516e-06,0.9999965805881655,0.0,0.0
3.376935363015804e-06,0.999996623064638,0.0,0.0
3.334986538124957e-06,0.999996665013463,0.0,0.0
3.293558806451733e-06,0.9999967064411946,0.0,0.0
3.252645694957503e-06,0.9999967473543062,0.0,0.0
3.2122408110109117e-06,0.9999967877591901,0.0,0.0
3.1723378413890923e-06,0.9999968276621597,0.0,0.0
3.1329305512912884e-06,0.9999968670694499,0.0,0.0
3.0940127833647284e-06,0.9999969059872178,0.0,0.0
3.055578456742602e-06,0.9999969444215445,0.0,0.0
3.0176215660939794e-06,0.9999969823784352,0.0,0.0
2.980136180685538e-06,0.9999970198638206,0.0,0.0
2.9431164434549413e-06,0.9999970568835579,0.0,0.0
2.9065565700957237e-06,0.9999970934434314,0.0,0.0
2.8704508481535487e-06,0.9999971295491532,0.0,0.0
2.834793636133687e-06,0.9999971652063653,0.0,0.0
2.7995793626195827e-06,0.9999972004206387,0.0,0.0
2.7648025254023677e-06,0.9999972351974759,0.0,0.0
2.73045769062119e-06,0.9999972695423106,0.0,0.0
2.696539491914216e-06,0.9999973034605094,0.0,0.0
2.663042629580183e-06,0.9999973369573718,0.0,0.0
2.6299618697503635e-06,0.9999973700381317,0.0,0.0
2.5972920435708144e-06,0.9999974027079578,0.0,0.0
2.5650280463947846e-06,0.9999974349719549,0.0,0.0
2.5331648369851545e-06,0.9999974668351643,0.0,0.0
2.5016974367267807e-06,0.9999974983025646,0.0,0.0
2.4706209288486243e-06,0.9999975293790725,0.0,0.0
2.439930457655543e-06,0.9999975600695437,0.0,0.0
2.4096212277696224e-06,0.9999975903787736,0.0,0.0
2.3796885033809346e-06,0.999997620311498,0.0,0.0
2.3501276075075998e-06,0.9999976498723939,0.0,0.0
2.320933921265041e-06,0.9999976790660802,0.0,0.0
2.292102883144316e-06,0.9999977078971183,0.0,0.0
2.263629988299409e-06,0.9999977363700131,0.0,0.0
2.235510787843382e-06,0.9999977644892135,0.0,0.0
2.207740888153263e-06,0.9999977922591132,0.0,0.0
2.1803159501835704e-06,0.9999978196840512,0.0,0.0
2.1532316887883663e-06,0.9999978467683125,0.0,0.0
2.1264838720517273e-06,0.9999978735161292,0.0,0.0
2.100068320626533e-06,0.9999978999316806,0.0,0.0
2.07398090708147e-06,0.9999979260190942,0.0,0.0
2.0482175552561444e-06,0.999997951782446,0.0,0.0
2.0227742396242033e-06,0.9999979772257617,0.0,0.0
1.997646984664373e-06,0.9999980023530166,0.0,0.0
1.9728318642393024e-06,0.999998027168137,0.0,0.0
1.948325000982128e-06,0.9999980516750003,0.0,0.0
1.9241225656906554e-06,0.9999980758774356,0.0,0.0
1.9002207767290667e-06,0.9999980997792245,0.0,0.0
1.8766158994370602e-06,0.9999981233841018,0.0,0.0
1.8533042455463286e-06,0.9999981466957557,0.0,0.0
1.8302821726042858e-06,0.9999981697178286,0.0,0.0
1.8075460834049512e-06,0.9999981924539177,0.0,0.0
1.7850924254269053e-06,0.9999982149075757,0.0,0.0
1.7629176902782233e-06,0.9999982370823107,0.0,0.0
1.7410184131483065e-06,0.9999982589815879,0.0,0.0
1.7193911722665216e-06,0.9999982806088288,0.0,0.0
1.6980325883675642e-06,0.9999983019674127,0.0,0.0
1.6769393241634644e-06,0.9999983230606769,0.0,0.0
1.6561080838221485e-06,0.9999983438919172,0.0,0.0
1.6355356124524815e-06,0.9999983644643885,0.0,0.0
1.6152186955957026e-06,0.9999983847813053,0.0,0.0
1.59515415872318e-06,0.9999984048458421,0.0,0.0
1.575338866740403e-06,0.9999984246611341,0.0,0.0
1.5557697234971367e-06,0.9999984442302773,0.0,0.0
1.5364436713036608e-06,0.9999984635563294,0.0,0.0
1.5173576904530162e-06,0.9999984826423102,0.0,0.0
1.4985087987491886e-06,0.999998501491202,0.0,0.0
1.4798940510411503e-06,0.9999985201059496,0.0,0.0
1.4615105387626911e-06,0.9999985384894619,0.0,0.0
1.4433553894779653e-06,0.9999985566446112,0.0,0.0
1.4254257664326846e-06,0.9999985745742344,0.0,0.0
1.4077188681108833e-06,0.9999985922811326,0.0,0.0
1.3902319277971915e-06,0.999998609768073,0.0,0.0
1.3729622131445456e-06,0.9999986270377876,0.0,0.0
1.355907025747266e-06,0.999998644092975,0.0,0.0
1.339063700719442e-06,0.9999986609363001,0.0,0.0
1.32242960627855e-06,0.9999986775703945,0.0,0.0
1.306002143334246e-06,0.9999986939978576,0.0,0.0
1.2897787450822651e-06,0.9999987102212557,0.0,0.0
1.2737568766033662e-06,0.9999987262431241,0.0,0.0
1.2579340344672582e-06,0.9999987420659663,0.0,0.0
1.2423077463414446e-06,0.9999987576922544,0.0,0.0
1.22687557060493e-06,0.9999987731244302,0.0,0.0
1.2116350959667222e-06,0.9999987883649049,0.0,0.0
1.1965839410890752e-06,0.9999988034160597,0.0,0.0
1.18171975421541e-06,0.9999988182802465,0.0,0.0
1.1670402128028589e-06,0.9999988329597879,0.0,0.0
1.1525430231593744e-06,0.9999988474569775,0.0,0.0
1.1382259200853449e-06,0.9999988617740806,0.0,0.0
1.1240866665196622e-06,0.9999988759133341,0.0,0.0
1.1101230531901863e-06,0.9999988898769474,0.0,0.0
1.0963328982685506e-06,0.9999989036671023,0.0,0.0
1.0827140470292574e-06,0.9999989172859536,0.0,0.0
1.069264371513005e-06,0.9999989307356292,0.0,0.0
1.0559817701941991e-06,0.9999989440182304,0.0,0.0
1.0428641676525943e-06,0.999998957135833,0.0,0.0
1.0299095142490127e-06,0.9999989700904863,0.0,0.0
1.0171157858050918e-06,0.9999989828842147,0.0,0.0
1.0044809832870114e-06,0.9999989955190174,0.0,0.0
9.920031324931465e-07,0.9999990079968681,0.0,0.0
9.796802837456034e-07,0.9999990203197169,0.0,0.0
9.67510511585585e-07,0.999999032489489,0.0,0.0
9.554919144725407e-07,0.9999990445080862,0.0,0.0
9.436226144870549e-07,0.9999990563773861,0.0,0.0
9.319007570374243e-07,0.9999990680992435,0.0,0.0
9.203245105698806e-07,0.9999990796754901,0.0,0.0
9.088920662824135e-07,0.9999990911079344,0.0,0.0
8.976016378421478e-07,0.9999991023983629,0.0,0.0
8.86451461106231e-07,0.9999991135485395,0.0,0.0
8.754397938461889e-07,0.9999991245602068,0.0,0.0
8.645649154757044e-07,0.9999991354350851,0.0,0.0
8.53825126781778e-07,0.9999991461748737,0.0,0.0
8.432187496592283e-07,0.999999156781251,0.0,0.0
8.327441268484893e-07,0.9999991672558737,0.0,0.0
8.223996216766664e-07,0.9999991776003789,0.0,0.0
8.121836178018072e-07,0.9999991878163828,0.0,0.0
8.020945189603505e-07,0.9999991979054816,0.0,0.0
7.921307487177115e-07,0.9999992078692519,0.0,0.0
7.822907502219652e-07,0.9999992177092504,0.0,0.0
7.725729859605901e-07,0.9999992274270147,0.0,0.0
7.629759375202331e-07,0.9999992370240632,0.0,0.0
7.534981053494592e-07,0.9999992465018954,0.0,0.0
7.441380085244471e-07,0.9999992558619922,0.0,0.0
7.348941845175967e-07,0.9999992651058163,0.0,0.0
7.257651889690099e-07,0.9999992742348118,0.0,0.0
7.167495954608104e-07,0.9999992832504053,0.0,0.0
7.078459952942676e-07,0.9999992921540054,0.0,0.0
6.990529972696875e-07,0.9999993009470035,0.0,0.0
6.903692274690389e-07,0.9999993096307733,0.0,0.0
6.8179332904128e-07,0.9999993182066718,0.0,0.0
6.733239619903504e-07,0.9999993266760387,0.0,0.0
6.649598029657979e-07,0.9999993350401978,0.0,0.0
6.566995450560063e-07,0.9999993433004558,0.0,0.0
6.485418975839895e-07,0.9999993514581033,0.0,0.0
6.404855859057251e-07,0.999999359514415,0.0,0.0
6.325293512109915e-07,0.9999993674706497,0.0,0.0
6.246719503266791e-07,0.9999993753280505,0.0,0.0
6.169121555225449e-07,0.9999993830878453,0.0,0.0
6.092487543193803e-07,0.9999993907512466,0.0,0.0
6.016805492995614e-07,0.9999993983194515,0.0,0.0
5.942063579199528e-07,0.9999994057936429,0.0,0.0
5.868250123271358e-07,0.9999994131749885,0.0,0.0
5.795353591749311e-07,0.9999994204646417,0.0,0.0
5.72336259444189e-07,0.9999994276637415,0.0,0.0
5.652265882648175e-07,0.9999994347734126,0.0,0.0
5.582052347400222e-07,0.9999994417947662,0.0,0.0
5.512711017727277e-07,0.9999994487288991,0.0,0.0
5.444231058941574e-07,0.999999455576895,0.0,0.0
5.376601770945406e-07,0.9999994623398238,0.0,0.0
5.309812586559241e-07,0.9999994690187423,0.0,0.0
5.243853069870597e-07,0.9999994756146939,0.0,0.0
5.178712914603434e-07,0.9999994821287095,0.0,0.0
5.114381942507794e-07,0.9999994885618066,0.0,0.0
5.050850101769448e-07,0.9999994949149906,0.0,0.0
4.988107465439304e-07,0.9999995011892543,0.0,0.0
4.926144229882315e-07,0.9999995073855779,0.0,0.0
4.864950713245663e-07,0.9999995135049295,0.0,0.0
4.804517353945965e-07,0.9999995195482654,0.0,0.0
4.7448347091752736e-07,0.9999995255165299,0.0,0.0
4.6858934534256415e-07,0.9999995314106555,0.0,0.0
4.6276843770320014e-07,0.9999995372315631,0.0,0.0
4.5701983847331565e-07,0.9999995429801624,0.0,0.0
4.5134264942506463e-07,0.9999995486573513,0.0,0.0
4.457359834885256e-07,0.9999995542640172,0.0,0.0
4.4019896461309747e-07,0.999999559801036,0.0,0.0
4.3473072763061557e-07,0.999999565269273,0.0,0.0
4.2933041812016933e-07,0.9999995706695826,0.0,0.0
4.239971922745986e-07,0.9999995760028085,0.0,0.0
4.1873021676864813e-07,0.9999995812697839,0.0,0.0
4.1352866862876056e-07,0.9999995864713321,0.0,0.0
4.0839173510448603e-07,0.9999995916082657,0.0,0.0
4.0331861354148983e-07,0.9999995966813872,0.0,0.0
3.98308511256137e-07,0.9999996016914895,0.0,0.0
3.9336064541163555e-07,0.9999996066393554,0.0,0.0
3.884742428957172e-07,0.9999996115257579,0.0,0.0
3.836485401998386e-07,0.9999996163514606,0.0,0.0
3.7888278329988264e-07,0.9999996211172175,0.0,0.0
3.741762275383415e-07,0.9999996258237733,0.0,0.0
3.6952813750796367e-07,0.9999996304718635,0.0,0.0
3.6493778693684613e-07,0.999999635062214,0.0,0.0
3.6040445857495373e-07,0.9999996395955424,0.0,0.0
3.5592744408204857e-07,0.9999996440725569,0.0,0.0
3.515060439170112e-07,0.9999996484939571,0.0,0.0
3.47139567228537e-07,0.9999996528604338,0.0,0.0
3.4282733174719017e-07,0.9999996571726694,0.0,0.0
3.385686636787984e-07,0.9999996614313373,0.0,0.0
3.343628975991722e-07,0.9999996656371034,0.0,0.0
3.302093763501321e-07,0.9999996697906246,0.0,0.0
3.261074509368266e-07,0.9999996738925501,0.0,0.0
3.2205648042632693e-07,0.9999996779435206,0.0,0.0
3.1805583184748007e-07,0.9999996819441692,0.0,0.0
3.1410488009200695e-07,0.9999996858951209,0.0,0.0
3.102030078168286e-07,0.9999996897969932,0.0,0.0
3.063496053476059e-07,0.9999996936503956,0.0,0.0
3.02544070583477e-07,0.9999996974559303,0.0,0.0
2.9878580890297924e-07,0.9999997012141919,0.0,0.0
2.950742330711384e-07,0.9999997049257678,0.0,0.0
2.91408763147713e-07,0.9999997085912378,0.0,0.0
2.8778882639657806e-07,0.9999997122111745,0.0,0.0
2.842138571962345e-07,0.9999997157861437,0.0,0.0
2.806832969514302e-07,0.9999997193167038,0.0,0.0
2.771965940058792e-07,0.9999997228034069,0.0,0.0
2.7375320355606453e-07,0.9999997262467972,0.0,0.0
2.7035258756611235e-07,0.9999997296474133,0.0,0.0
2.6699421468372317e-07,0.9999997330057862,0.0,0.0
2.636775601571477e-07,0.9999997363224407,0.0,0.0
2.6040210575319365e-07,0.999999739597895,0.0,0.0
2.5716733967625136e-07,0.9999997428326611,0.0,0.0
2.539727564883251e-07,0.9999997460272444,0.0,0.0
2.508178570300581e-07,0.9999997491821437,0.0,0.0
2.477021483427381e-07,0.9999997522978525,0.0,0.0
2.44625143591272e-07,0.9999997553748572,0.0,0.0
2.4158636198811747e-07,0.9999997584136389,0.0,0.0
2.385853287181595e-07,0.9999997614146722,0.0,0.0
2.3562157486451963e-07,0.9999997643784261,0.0,0.0
2.326946373352875e-07,0.9999997673053636,0.0,0.0
2.2980405879116203e-07,0.9999997701959421,0.0,0.0
2.2694938757399164e-07,0.9999997730506134,0.0,0.0
2.2413017763620223e-07,0.9999997758698232,0.0,0.0
2.2134598847110158e-07,0.9999997786540125,0.0,0.0
2.1859638504404976e-07,0.9999997814036159,0.0,0.0
2.1588093772448444e-07,0.9999997841190633,0.0,0.0
2.131992222187906e-07,0.9999997868007787,0.0,0.0
2.1055081950400403e-07,0.9999997894491814,0.0,0.0
2.0793531576233857e-07,0.9999997920646851,0.0,0.0
2.053523023165266e-07,0.9999997946476985,0.0,0.0
2.0280137556596264e-07,0.9999997971986252,0.0,0.0
2.0028213692364023e-07,0.9999997997178639,0.0,0.0
1.977941927538723e-07,0.9999998022058081,0.0,0.0
1.95337154310785e-07,0.9999998046628465,0.0,0.0
1.9291063767757567e-07,0.9999998070893632,0.0,0.0
1.9051426370652533e-07,0.9999998094857372,0.0,0.0
1.8814765795975651e-07,0.9999998118523429,0.0,0.0
1.8581045065072656e-07,0.9999998141895502,0.0,0.0
1.8350227658644826e-07,0.9999998164977242,0.0,0.0
1.812227751104278e-07,0.9999998187772258,0.0,0.0
1.7897159004631176e-07,0.9999998210284109,0.0,0.0
1.7674836964223404e-07,0.9999998232516313,0.0,0.0
1.7455276651585425e-07,0.9999998254472344,0.0,0.0
1.723844376000786e-07,0.9999998276155633,0.0,0.0
1.7024304408945525e-07,0.9999998297569568,0.0,0.0
1.681282513872356e-07,0.9999998318717495,0.0,0.0
1.6603972905309294e-07,0.9999998339602718,0.0,0.0
1.639771507514907e-07,0.99999983602285,0.0,0.0
1.6194019420069214e-07,0.9999998380598065,0.0,0.0
1.5992854112240333e-07,0.9999998400714596,0.0,0.0
1.5794187719204172e-07,0.9999998420581235,0.0,0.0
1.5597989198962242e-07,0.9999998440201087,0.0,0.0
1.5404227895125474e-07,0.9999998459577217,0.0,0.0
1.5212873532124102e-07,0.9999998478712654,0.0,0.0
1.5023896210477074e-07,0.9999998497610386,0.0,0.0
1.4837266402120206e-07,0.9999998516273366,0.0,0.0
1.465295494579237e-07,0.9999998534704513,0.0,0.0
1.447093304247903e-07,0.9999998552906704,0.0,0.0
1.4291172250912324e-07,0.9999998570882782,0.0,0.0
1.4113644483127096e-07,0.9999998588635559,0.0,0.0
1.3938322000072093e-07,0.9999998606167807,0.0,0.0
1.3765177407275713e-07,0.9999998623482267,0.0,0.0
1.3594183650565562e-07,0.9999998640581643,0.0,0.0
1.34253140118412e-07,0.9999998657468606,0.0,0.0
1.325854210489942e-07,0.9999998674145797,0.0,0.0
1.3093841871311324e-07,0.9999998690615821,0.0,0.0
1.293118757635069e-07,0.999999870688125,0.0,0.0
1.2770553804972863e-07,0.9999998722944627,0.0,0.0
1.2611915457843615e-07,0.9999998738808462,0.0,0.0
1.245524774741734e-07,0.9999998754475233,0.0,0.0
1.2300526194063967e-07,0.9999998769947388,0.0,0.0
1.214772662224396e-07,0.9999998785227345,0.0,0.0
1.1996825156730872e-07,0.9999998800317492,0.0,0.0
1.18477982188808e-07,0.9999998815220185,0.0,0.0
1.1700622522948168e-07,0.9999998829937755,0.0,0.0
1.1555275072447315e-07,0.9999998844472501,0.0,0.0
1.1411733156559244e-07,0.9999998858826692,0.0,0.0
1.1269974346583022e-07,0.9999998873002572,0.0,0.0
1.112997649243126e-07,0.9999998887002357,0.0,0.0
1.0991717719169131e-07,0.9999998900828234,0.0,0.0
1.085517642359637e-07,0.9999998914482363,0.0,0.0
1.0720331270871737e-07,0.9999998927966878,0.0,0.0
1.0587161191179427e-07,0.9999998941283885,0.0,0.0
1.0455645376436856e-07,0.9999998954435467,0.0,0.0
1.0325763277043385e-07,0.9999998967423678,0.0,0.0
1.0197494598669397e-07,0.9999998980250545,0.0,0.0
1.0070819299085281e-07,0.9999998992918075,0.0,0.0
9.945717585029797e-08,0.9999999005428247,0.0,0.0
9.82216990911735e-08,0.9999999017783016,0.0,0.0
9.700156966783674e-08,0.999999902998431,0.0,0.0
9.579659693269467e-08,0.9999999042034038,0.0,0.0
9.460659260641489e-08,0.9999999053934081,0.0,0.0
9.343137074850662e-08,0.99999990656863,0.0,0.0
9.22707477282672e-08,0.999999907729253,0.0,0.0
9.112454219608957e-08,0.9999999088754585,0.0,0.0
8.999257505512593e-08,0.9999999100074257,0.0,0.0
8.88746694333037e-08,0.9999999111253313,0.0,0.0
8.777065065568885e-08,0.9999999122293499,0.0,0.0
8.668034621719276e-08,0.9999999133196543,0.0,0.0
8.560358575561792e-08,0.9999999143964148,0.0,0.0
8.454020102503852e-08,0.9999999154597995,0.0,0.0
8.349002586951183e-08,0.9999999165099748,0.0,0.0
8.245289619711599e-08,0.9999999175471044,0.0,0.0
8.142864995431038e-08,0.9999999185713506,0.0,0.0
8.041712710061446e-08,0.9999999195828734,0.0,0.0
7.94181695836012e-08,0.999999920581831,0.0,0.0
7.843162131420109e-08,0.9999999215683792,0.0,0.0
7.745732814231293e-08,0.9999999225426724,0.0,0.0
7.649513783271769e-08,0.9999999235048627,0.0,0.0
7.554490004129139e-08,0.9999999244551004,0.0,0.0
7.460646629151362e-08,0.9999999253935341,0.0,0.0
7.367968995126787e-08,0.9999999263203105,0.0,0.0
7.27644262099299e-08,0.9999999272355743,0.0,0.0
7.186053205574089e-08,0.9999999281394685,0.0,0.0
7.096786625346161e-08,0.9999999290321342,0.0,0.0
7.008628932230414e-08,0.9999999299137111,0.0,0.0
6.921566351413775e-08,0.9999999307843369,0.0,0.0
6.835585279196551e-08,0.9999999316441476,0.0,0.0
6.750672280866829e-08,0.9999999324932776,0.0,0.0
6.66681408860128e-08,0.9999999333318595,0.0,0.0
6.583997599392028e-08,0.9999999341600244,0.0,0.0
6.502209872999292e-08,0.9999999349779017,0.0,0.0
6.421438129929451e-08,0.9999999357856191,0.0,0.0
6.341669749438214e-08,0.999999936583303,0.0,0.0
6.262892267558619e-08,0.9999999373710777,0.0,0.0
6.185093375153506e-08,0.9999999381490666,0.0,0.0
6.108260915992202e-08,0.9999999389173913,0.0,0.0
6.032382884851076e-08,0.9999999396761716,0.0,0.0
5.95744742563771e-08,0.9999999404255262,0.0,0.0
5.8834428295383636e-08,0.999999941165572,0.0,0.0
5.810357533188444e-08,0.999999941896425,0.0,0.0
5.738180116865714e-08,0.9999999426181992,0.0,0.0
5.6668993027059404e-08,0.9999999433310073,0.0,0.0
5.5965039529407035e-08,0.9999999440349607,0.0,0.0
5.526983068157103e-08,0.9999999447301695,0.0,0.0
5.458325785579082e-08,0.9999999454167424,0.0,0.0
5.39052137737009e-08,0.9999999460947865,0.0,0.0
5.32355924895685e-08,0.9999999467644077,0.0,0.0
5.2574289373739306e-08,0.9999999474257109,0.0,0.0
5.192120109628886e-08,0.9999999480787991,0.0,0.0
5.1276225610877135e-08,0.9999999487237745,0.0,0.0
5.063926213880356e-08,0.999999949360738,0.0,0.0
5.001021115326019e-08,0.999999949989789,0.0,0.0
4.938897436378044e-08,0.9999999506110258,0.0,0.0
4.877545470088103e-08,0.9999999512245455,0.0,0.0
4.816955630089468e-08,0.9999999518304439,0.0,0.0
4.757118449099126e-08,0.9999999524288157,0.0,0.0
4.6980245774384966e-08,0.9999999530197544,0.0,0.0
4.639664781572529e-08,0.9999999536033525,0.0,0.0
4.5820299426669437e-08,0.9999999541797009,0.0,0.0
4.525111055163397e-08,0.9999999547488898,0.0,0.0
4.4688992253723486e-08,0.999999955311008,0.0,0.0
4.413385670083403e-08,0.9999999558661437,0.0,0.0
4.358561715192919e-08,0.9999999564143832,0.0,0.0
4.3044187943486615e-08,0.9999999569558123,0.0,0.0
4.2509484476112974e-08,0.9999999574905157,0.0,0.0
4.19814232013251e-08,0.9999999580185771,0.0,0.0
4.14599216084954e-08,0.9999999585400786,0.0,0.0
4.094489821195944e-08,0.9999999590551021,0.0,0.0
4.04362725382836e-08,0.9999999595637277,0.0,0.0
3.993396511369101e-08,0.9999999600660351,0.0,0.0
3.9437897451643575e-08,0.9999999605621028,0.0,0.0
3.8947992040578334e-08,0.9999999610520082,0.0,0.0
3.846417233179612e-08,0.999999961535828,0.0,0.0
3.7986362727500686e-08,0.9999999620136376,0.0,0.0
3.751448856898641e-08,0.9999999624855117,0.0,0.0
3.704847612497271e-08,0.9999999629515242,0.0,0.0
3.658825258008343e-08,0.9999999634117477,0.0,0.0
3.613374602346926e-08,0.9999999638662542,0.0,0.0
3.568488543757155e-08,0.999999964315115,0.0,0.0
3.5241600687025674e-08,0.9999999647583997,0.0,0.0
3.4803822507702266e-08,0.9999999651961778,0.0,0.0
3.4371482495884545e-08,0.9999999656285178,0.0,0.0
3.39445130975801e-08,0.9999999660554871,0.0,0.0
3.352284759796548e-08,0.9999999664771526,0.0,0.0
3.3106420110961846e-08,0.9999999668935802,0.0,0.0
3.269516556894015e-08,0.9999999673048348,0.0,0.0
3.228901971255423e-08,0.9999999677109805,0.0,0.0
3.1887919080700096e-08,0.9999999681120813,0.0,0.0
3.149180100060007e-08,0.9999999685081993,0.0,0.0
3.110060357801003e-08,0.9999999688993967,0.0,0.0
3.0714265687548305e-08,0.9999999692857345,0.0,0.0
3.03327269631447e-08,0.9999999696672732,0.0,0.0
2.995592778860824e-08,0.9999999700440724,0.0,0.0
2.958380928831198e-08,0.9999999704161908,0.0,0.0
2.9216313317993558e-08,0.9999999707836867,0.0,0.0
2.8853382455670105e-08,0.9999999711466176,0.0,0.0
2.8494959992665888e-08,0.9999999715050402,0.0,0.0
2.814098992475151e-08,0.9999999718590102,0.0,0.0
2.7791416943393117e-08,0.9999999722085832,0.0,0.0
2.7446186427110354e-08,0.9999999725538138,0.0,0.0
2.7105244432941636e-08,0.9999999728947557,0.0,0.0
2.6768537688015463e-08,0.9999999732314625,0.0,0.0
2.6436013581226428e-08,0.9999999735639865,0.0,0.0
2.6107620155014635e-08,0.9999999738923799,0.0,0.0
2.5783306097247226e-08,0.999999974216694,0.0,0.0
2.5463020733200763e-08,0.9999999745369793,0.0,0.0
2.5146714017643205e-08,0.9999999748532861,0.0,0.0
2.4834336527014235e-08,0.9999999751656635,0.0,0.0
2.4525839451702755e-08,0.9999999754741605,0.0,0.0
2.4221174588420254e-08,0.9999999757788254,0.0,0.0
2.392029433266898e-08,0.9999999760797057,0.0,0.0
2.362315167130364e-08,0.9999999763768485,0.0,0.0
2.3329700175185496e-08,0.9999999766702998,0.0,0.0
2.3039893991927726e-08,0.9999999769601061,0.0,0.0
2.2753687838730892e-08,0.9999999772463123,0.0,0.0
2.2471036995307436e-08,0.9999999775289631,0.0,0.0
2.2191897296894023e-08,0.9999999778081028,0.0,0.0
2.1916225127350727e-08,0.9999999780837748,0.0,0.0
2.164397741234591e-08,0.9999999783560226,0.0,0.0
2.137511161262579e-08,0.9999999786248884,0.0,0.0
2.110958571736759e-08,0.9999999788904143,0.0,0.0
2.084735823761526e-08,0.9999999791526417,0.0,0.0
2.0588388199796762e-08,0.9999999794116118,0.0,0.0
2.0332635139321852e-08,0.9999999796673649,0.0,0.0
2.0080059094259422e-08,0.9999999799199409,0.0,0.0
1.9830620599093363e-08,0.9999999801693794,0.0,0.0
1.9584280678555998e-08,0.9999999804157192,0.0,0.0
1.934100084153813e-08,0.9999999806589992,0.0,0.0
1.910074307507472e-08,0.999999980899257,0.0,0.0
1.8863469838405303e-08,0.9999999811365302,0.0,0.0
1.8629144057108143e-08,0.999999981370856,0.0,0.0
1.839772911730731e-08,0.9999999816022709,0.0,0.0
1.816918885995167e-08,0.9999999818308112,0.0,0.0
1.7943487575164985e-08,0.9999999820565125,0.0,0.0
1.772058999666614e-08,0.9999999822794101,0.0,0.0
1.7500461296258752e-08,0.9999999824995388,0.0,0.0
1.728306707838917e-08,0.999999982716933,0.0,0.0
1.7068373374772124e-08,0.9999999829316267,0.0,0.0
1.6856346639083096e-08,0.9999999831436536,0.0,0.0
1.6646953741716648e-08,0.9999999833530465,0.0,0.0
1.6440161964609854e-08,0.9999999835598383,0.0,0.0
1.623593899613004e-08,0.9999999837640613,0.0,0.0
1.6034252926026033e-08,0.9999999839657474,0.0,0.0
1.5835072240442103e-08,0.999999984164928,0.0,0.0
1.5638365816993885e-08,0.9999999843616344,0.0,0.0
1.5444102919905427e-08,0.9999999845558973,0.0,0.0
1.5252253195206668e-08,0.999999984747747,0.0,0.0
1.5062786665990575e-08,0.9999999849372135,0.0,0.0
1.4875673727729196e-08,0.9999999851243264,0.0,0.0
1.4690885143647878e-08,0.9999999853091149,0.0,0.0
1.4508392040156974e-08,0.9999999854916081,0.0,0.0
1.4328165902340292e-08,0.9999999856718342,0.0,0.0
1.415017856949957e-08,0.9999999858498216,0.0,0.0
1.3974402230754321e-08,0.999999986025598,0.0,0.0
1.380080942069633e-08,0.9999999861991908,0.0,0.0
1.3629373015098113e-08,0.9999999863706271,0.0,0.0
1.3460066226674726e-08,0.999999986539934,0.0,0.0
1.3292862600898177e-08,0.9999999867071376,0.0,0.0
1.3127736011863871e-08,0.9999999868722642,0.0,0.0
1.2964660658208372e-08,0.9999999870353397,0.0,0.0
1.2803611059077901e-08,0.9999999871963893,0.0,0.0
1.2644562050146888e-08,0.9999999873554383,0.0,0.0
1.2487488779686007e-08,0.9999999875125115,0.0,0.0
1.2332366704679045e-08,0.9999999876676336,0.0,0.0
1.2179171586987994e-08,0.9999999878208289,0.0,0.0
1.2027879489565811e-08,0.9999999879721209,0.0,0.0
1.1878466772716192e-08,0.9999999881215337,0.0,0.0
1.173091009039983e-08,0.9999999882690903,0.0,0.0
1.1585186386586552e-08,0.999999988414814,0.0,0.0
1.144127289165276e-08,0.9999999885587275,0.0,0.0
1.1299147118823641e-08,0.9999999887008532,0.0,0.0
1.1158786860659554e-08,0.9999999888412135,0.0,0.0
1.1020170185586087e-08,0.9999999889798302,0.0,0.0
1.0883275434467187e-08,0.9999999891167249,0.0,0.0
1.0748081217220894e-08,0.9999999892519191,0.0,0.0
1.061456640947709e-08,0.999999989385434,0.0,0.0
1.048271014927677e-08,0.9999999895172903,0.0,0.0
1.0352491833812326e-08,0.9999999896475086,0.0,0.0
1.0223891116208319e-08,0.9999999897761093,0.0,0.0
1.0096887902342228e-08,0.9999999899031126,0.0,0.0
9.971462347704719e-09,0.9999999900285381,0.0,0.0
9.847594854298885e-09,0.9999999901524056,0.0,0.0
9.725266067578029e-09,0.9999999902747344,0.0,0.0
9.604456873421477e-09,0.9999999903955435,0.0,0.0
9.485148395147957e-09,0.999999990514852,0.0,0.0
9.367321990566078e-09,0.9999999906326785,0.0,0.0
9.250959249061455e-09,0.9999999907490412,0.0,0.0
9.136041988720006e-09,0.9999999908639584,0.0,0.0
9.022552253487003e-09,0.9999999909774482,0.0,0.0
8.91047231036139e-09,0.9999999910895281,0.0,0.0
8.799784646624977e-09,0.9999999912002157,0.0,0.0
8.690471967106033e-09,0.9999999913095284,0.0,0.0
8.58251719147689e-09,0.9999999914174832,0.0,0.0
8.4759034515851e-09,0.9999999915240969,0.0,0.0
8.370614088817758e-09,0.9999999916293862,0.0,0.0
8.266632651498555e-09,0.9999999917333676,0.0,0.0
8.16394289231718e-09,0.9999999918360574,0.0,0.0
8.06252876579063e-09,0.9999999919374715,0.0,0.0
7.962374425756087e-09,0.9999999920376258,0.0,0.0
7.863464222894913e-09,0.9999999921365361,0.0,0.0
7.765782702287418e-09,0.9999999922342176,0.0,0.0
7.669314600997992e-09,0.9999999923306858,0.0,0.0
7.574044845690247e-09,0.9999999924259555,0.0,0.0
7.479958550271776e-09,0.9999999925200417,0.0,0.0
7.387041013568172e-09,0.9999999926129592,0.0,0.0
7.295277717025933e-09,0.9999999927047226,0.0,0.0
7.204654322443919e-09,0.9999999927953459,0.0,0.0
7.115156669732976e-09,0.9999999928848436,0.0,0.0
7.026770774703387e-09,0.9999999929732294,0.0,0.0
6.939482826879825e-09,0.9999999930605173,0.0,0.0
6.8532791873434284e-09,0.999999993146721,0.0,0.0
6.7681463866007016e-09,0.9999999932318537,0.0,0.0
6.684071122478874e-09,0.999999993315929,0.0,0.0
6.601040258047408e-09,0.99999999339896,0.0,0.0
6.519040819565333e-09,0.9999999934809594,0.0,0.0
6.438059994454065e-09,0.9999999935619402,0.0,0.0
6.3580851292954215e-09,0.999999993641915,0.0,0.0
6.279103727854496e-09,0.9999999937208964,0.0,0.0
6.201103449127098e-09,0.9999999937988967,0.0,0.0
6.124072105411444e-09,0.9999999938759281,0.0,0.0
6.047997660403807e-09,0.9999999939520025,0.0,0.0
5.972868227317819e-09,0.9999999940271319,0.0,0.0
5.8986720670271375e-09,0.999999994101328,0.0,0.0
5.82539758623118e-09,0.9999999941746025,0.0,0.0
5.753033335643653e-09,0.9999999942469667,0.0,0.0
5.6815680082035725e-09,0.9999999943184321,0.0,0.0
5.610990437308516e-09,0.9999999943890097,0.0,0.0
5.5412895950698185e-09,0.9999999944587106,0.0,0.0
5.472454590589441e-09,0.9999999945275455,0.0,0.0
5.404474668258249e-09,0.9999999945955254,0.0,0.0
5.337339206075422e-09,0.9999999946626609,0.0,0.0
5.271037713988748e-09,0.9999999947289624,0.0,0.0
5.20555983225553e-09,0.9999999947944402,0.0,0.0
5.140895329823859e-09,0.9999999948591047,0.0,0.0
5.0770341027339865e-09,0.999999994922966,0.0,0.0
5.013966172539563e-09,0.9999999949860339,0.0,0.0
4.951681684748483e-09,0.9999999950483184,0.0,0.0
4.8901709072831096e-09,0.9999999951098292,0.0,0.0
4.829424228959604e-09,0.9999999951705759,0.0,0.0
4.76943215798617e-09,0.999999995230568,0.0,0.0
4.710185320479936e-09,0.9999999952898149,0.0,0.0
4.65167445900227e-09,0.9999999953483258,0.0,0.0
4.593890431112286e-09,0.9999999954061098,0.0,0.0
4.536824207938318e-09,0.9999999954631761,0.0,0.0
4.4804668727671415e-09,0.9999999955195333,0.0,0.0
4.4248096196507165e-09,0.9999999955751906,0.0,0.0
4.369843752030244e-09,0.9999999956301565,0.0,0.0
4.315560681377311e-09,0.9999999956844395,0.0,0.0
4.261951925851911e-09,0.9999999957380483,0.0,0.0
4.209009108977145e-09,0.9999999957909911,0.0,0.0
4.156723958330377e-09,0.9999999958432763,0.0,0.0
4.105088304250652e-09,0.999999995894912,0.0,0.0
4.054094078562171e-09,0.9999999959459062,0.0,0.0
4.0037333133136175e-09,0.9999999959962669,0.0,0.0
3.9539981395331556e-09,0.9999999960460021,0.0,0.0
3.9048807859988855e-09,0.9999999960951195,0.0,0.0
3.85637357802457e-09,0.9999999961436267,0.0,0.0
3.808468936260455e-09,0.9999999961915313,0.0,0.0
3.761159375508976e-09,0.9999999962388408,0.0,0.0
3.714437503555186e-09,0.9999999962855627,0.0,0.0
3.6682960200117016e-09,0.9999999963317042,0.0,0.0
3.622727715178007e-09,0.9999999963772724,0.0,0.0
3.57772546891392e-09,0.9999999964222747,0.0,0.0
3.53328224952706e-09,0.9999999964667178,0.0,0.0
3.4893911126741275e-09,0.9999999965106089,0.0,0.0
3.4460452002758397e-09,0.9999999965539549,0.0,0.0
3.4032377394453404e-09,0.9999999965967623,0.0,0.0
3.3609620414299222e-09,0.999999996639038,0.0,0.0
3.3192115005658964e-09,0.9999999966807885,0.0,0.0
3.2779795932464444e-09,0.9999999967220206,0.0,0.0
3.237259876902291e-09,0.9999999967627403,0.0,0.0
3.1970459889950392e-09,0.9999999968029541,0.0,0.0
3.1573316460230116e-09,0.9999999968426685,0.0,0.0
3.1181106425394404e-09,0.9999999968818895,0.0,0.0
3.0793768501828532e-09,0.9999999969206234,0.0,0.0
3.041124216719505e-09,0.999999996958876,0.0,0.0
3.003346765097703e-09,0.9999999969966534,0.0,0.0
2.9660385925138833e-09,0.9999999970339616,0.0,0.0
2.9291938694902818e-09,0.9999999970708063,0.0,0.0
2.892806838964068e-09,0.9999999971071933,0.0,0.0
2.8568718153877957e-09,0.9999999971431284,0.0,0.0
2.8213831838410187e-09,0.999999997178617,0.0,0.0
2.7863353991529525e-09,0.9999999972136648,0.0,0.0
2.751722985036029e-09,0.9999999972482772,0.0,0.0
2.7175405332302153e-09,0.9999999972824597,0.0,0.0
2.6837827026579613e-09,0.9999999973162176,0.0,0.0
2.6504442185896467e-09,0.9999999973495561,0.0,0.0
2.6175198718193944e-09,0.9999999973824804,0.0,0.0
2.585004517851119e-09,0.9999999974149957,0.0,0.0
2.552893076094692e-09,0.9999999974471071,0.0,0.0
2.521180529072087e-09,0.9999999974788196,0.0,0.0
2.4898619216333895e-09,0.9999999975101381,0.0,0.0
2.4589323601825444e-09,0.9999999975410677,0.0,0.0
2.428387011912722e-09,0.9999999975716131,0.0,0.0
2.3982211040511824e-09,0.999999997601779,0.0,0.0
2.3684299231135193e-09,0.9999999976315702,0.0,0.0
2.339008814167169e-09,0.9999999976609913,0.0,0.0
2.309953180104068e-09,0.999999997690047,0.0,0.0
2.2812584809223443e-09,0.9999999977187417,0.0,0.0
2.2529202330169354e-09,0.99999999774708,0.0,0.0
2.224934008479013e-09,0.9999999977750663,0.0,0.0
2.197295434404115e-09,0.9999999978027049,0.0,0.0
2.170000192208871e-09,0.99999999783,0.0,0.0
2.1430440169562117e-09,0.9999999978569563,0.0,0.0
2.1164226966889685e-09,0.9999999978835775,0.0,0.0
2.0901320717717427e-09,0.9999999979098682,0.0,0.0
2.064168034240956e-09,0.9999999979358323,0.0,0.0
2.0385265271629715e-09,0.9999999979614738,0.0,0.0
2.0132035440001918e-09,0.9999999979867968,0.0,0.0
1.988195127985027e-09,0.9999999980118052,0.0,0.0
1.963497371501644e-09,0.999999998036503,0.0,0.0
1.9391064154753912e-09,0.9999999980608939,0.0,0.0
1.9150184487698114e-09,0.9999999980849819,0.0,0.0
1.891229707591145e-09,0.9999999981087706,0.0,0.0
1.867736474900228e-09,0.9999999981322638,0.0,0.0
1.8445350798316989e-09,0.9999999981554651,0.0,0.0
1.8216218971204155e-09,0.9999999981783784,0.0,0.0
1.7989933465350033e-09,0.9999999982010068,0.0,0.0
1.7766458923184346e-09,0.9999999982233543,0.0,0.0
1.754576042635561e-09,0.9999999982454242,0.0,0.0
1.732780349027506e-09,0.9999999982672199,0.0,0.0
1.7112554058728367e-09,0.9999999982887448,0.0,0.0
1.6899978498554286e-09,0.9999999983100024,0.0,0.0
1.66900435943894e-09,0.999999998330996,0.0,0.0
1.6482716543478169e-09,0.9999999983517286,0.0,0.0
1.6277964950547406e-09,0.9999999983722038,0.0,0.0
1.6075756822744476e-09,0.9999999983924245,0.0,0.0
1.5876060564638336e-09,0.9999999984123942,0.0,0.0
1.5678844973282678e-09,0.9999999984321157,0.0,0.0
1.5484079233340423e-09,0.9999999984515923,0.0,0.0
1.5291732912268747e-09,0.9999999984708269,0.0,0.0
1.5101775955563943e-09,0.9999999984898226,0.0,0.0
1.4914178682065337e-09,0.9999999985085823,0.0,0.0
1.4728911779317548e-09,0.999999998527109,0.0,0.0
1.4545946298990368e-09,0.9999999985454057,0.0,0.0
1.4365253652355508e-09,0.9999999985634749,0.0,0.0
1.4186805605819566e-09,0.9999999985813197,0.0,0.0
1.401057427651247e-09,0.9999999985989428,0.0,0.0
1.3836532127930708e-09,0.999999998616347,0.0,0.0
1.3664651965634716e-09,0.9999999986335351,0.0,0.0
1.3494906932999674e-09,0.9999999986505095,0.0,0.0
1.332727050701911e-09,0.9999999986672732,0.0,0.0
1.316171649416063e-09,0.9999999986838286,0.0,0.0
1.2998219026273113e-09,0.9999999987001783,0.0,0.0
1.283675255654478e-09,0.999999998716325,0.0,0.0
1.2677291855511433e-09,0.999999998732271,0.0,0.0
1.2519812007114314e-09,0.999999998748019,0.0,0.0
1.2364288404806908e-09,0.9999999987635714,0.0,0.0
1.2210696747710131e-09,0.9999999987789306,0.0,0.0
1.2059013036815267e-09,0.999999998794099,0.0,0.0
1.1909213571234065e-09,0.999999998809079,0.0,0.0
1.176127494449544e-09,0.9999999988238728,0.0,0.0
1.1615174040888151e-09,0.9999999988384829,0.0,0.0
1.1470888031848936e-09,0.9999999988529115,0.0,0.0
1.1328394372395494e-09,0.9999999988671608,0.0,0.0
1.118767079760379e-09,0.9999999988812331,0.0,0.0
1.1048695319129121e-09,0.9999999988951306,0.0,0.0
1.091144622177038e-09,0.9999999989088555,0.0,0.0
1.0775902060077018e-09,0.99999999892241,0.0,0.0
1.064204165499815e-09,0.9999999989357959,0.0,0.0
1.0509844090573282e-09,0.9999999989490158,0.0,0.0
1.037928871066416e-09,0.9999999989620713,0.0,0.0
1.0250355115727188e-09,0.9999999989749646,0.0,0.0
1.0123023159625975e-09,0.9999999989876979,0.0,0.0
9.997272946483447e-10,0.9999999990002729,0.0,0.0
9.873084827573092e-10,0.9999999990126918,0.0,0.0
9.750439398248788e-10,0.9999999990249563,0.0,0.0
9.6293174949128e-10,0.9999999990370685,0.0,0.0
9.509700192021427e-10,0.9999999990490303,0.0,0.0
9.39156879912784e-10,0.9999999990608434,0.0,0.0
9.274904857961675e-10,0.9999999990725098,0.0,0.0
9.159690139544879e-10,0.9999999990840313,0.0,0.0
9.045906641343398e-10,0.9999999990954096,0.0,0.0
8.933536584454251e-10,0.9999999991066466,0.0,0.0
8.822562410827531e-10,0.999999999117744,0.0,0.0
8.712966780522929e-10,0.9999999991287035,0.0,0.0
8.604732569000334e-10,0.999999999139527,0.0,0.0
8.497842864444086e-10,0.9999999991502159,0.0,0.0
8.392280965120473e-10,0.9999999991607722,0.0,0.0
8.288030376768047e-10,0.9999999991711972,0.0,0.0
8.185074810020366e-10,0.9999999991814928,0.0,0.0
8.083398177860748e-10,0.9999999991916606,0.0,0.0
7.982984593108641e-10,0.999999999201702,0.0,0.0
7.883818365937215e-10,0.9999999992116186,0.0,0.0
7.785884001421798e-10,0.999999999221412,0.0,0.0
7.689166197118768e-10,0.9999999992310837,0.0,0.0
7.5936498406745e-10,0.9999999992406354,0.0,0.0
7.499320007464049e-10,0.9999999992500684,0.0,0.0
7.406161958259129e-10,0.9999999992593842,0.0,0.0
7.314161136925096e-10,0.9999999992685844,0.0,0.0
7.223303168146505e-10,0.9999999992776702,0.0,0.0
7.133573855180951e-10,0.9999999992866431,0.0,0.0
7.044959177640794e-10,0.9999999992955045,0.0,0.0
6.957445289302447e-10,0.9999999993042559,0.0,0.0
6.871018515942867e-10,0.9999999993128985,0.0,0.0
6.785665353202945e-10,0.9999999993214338,0.0,0.0
6.701372464477411e-10,0.9999999993298632,0.0,0.0
6.618126678830962e-10,0.9999999993381877,0.0,0.0
6.535914988940287e-10,0.9999999993464088,0.0,0.0
6.454724549061632e-10,0.9999999993545279,0.0,0.0
6.374542673023642e-10,0.9999999993625461,0.0,0.0
6.295356832245104e-10,0.9999999993704647,0.0,0.0
6.217154653777344e-10,0.9999999993782849,0.0,0.0
6.139923918370925e-10,0.9999999993860079,0.0,0.0
6.063652558566363e-10,0.999999999393635,0.0,0.0
5.988328656808561e-10,0.9999999994011673,0.0,0.0
5.913940443584668e-10,0.9999999994086062,0.0,0.0
5.840476295585071e-10,0.9999999994159526,0.0,0.0
5.767924733887227e-10,0.9999999994232078,0.0,0.0
5.696274422162056e-10,0.9999999994303728,0.0,0.0
5.625514164902621e-10,0.9999999994374488,0.0,0.0
5.555632905674804e-10,0.999999999444437,0.0,0.0
5.486619725389719e-10,0.9999999994513383,0.0,0.0
5.418463840597576e-10,0.9999999994581539,0.0,0.0
5.351154601802754e-10,0.9999999994648848,0.0,0.0
5.284681491799785e-10,0.9999999994715322,0.0,0.0
5.219034124030029e-10,0.9999999994780968,0.0,0.0
5.154202240958748e-10,0.99999999948458,0.0,0.0
5.090175712472346e-10,0.9999999994909827,0.0,0.0
5.02694453429552e-10,0.9999999994973058,0.0,0.0
4.964498826428067e-10,0.9999999995035503,0.0,0.0
4.90282883160112e-10,0.9999999995097173,0.0,0.0
4.841924913752553e-10,0.9999999995158076,0.0,0.0
4.781777556521322e-10,0.9999999995218224,0.0,0.0
4.722377361760521e-10,0.9999999995277623,0.0,0.0
4.663715048068896e-10,0.9999999995336286,0.0,0.0
4.6057814493406164e-10,0.999999999539422,0.0,0.0
4.5485675133330396e-10,0.9999999995451434,0.0,0.0
4.4920643002522923e-10,0.9999999995507938,0.0,0.0
4.4362629813564006e-10,0.999999999556374,0.0,0.0
4.3811548375757847e-10,0.9999999995618848,0.0,0.0
4.326731258150888e-10,0.9999999995673271,0.0,0.0
4.2729837392867254e-10,0.9999999995727018,0.0,0.0
4.219903882824148e-10,0.9999999995780098,0.0,0.0
4.1674833949276177e-10,0.9999999995832519,0.0,0.0
4.1157140847892733e-10,0.9999999995884288,0.0,0.0
4.0645878633491046e-10,0.9999999995935415,0.0,0.0
4.0140967420310166e-10,0.9999999995985905,0.0,0.0
3.964232831494601e-10,0.999999999603577,0.0,0.0
3.9149883404024097e-10,0.9999999996085015,0.0,0.0
3.8663555742025413e-10,0.9999999996133647,0.0,0.0
3.818326933926355e-10,0.9999999996181675,0.0,0.0
3.770894915001112e-10,0.9999999996229108,0.0,0.0
3.724052106077375e-10,0.999999999627595,0.0,0.0
3.6777911878709654e-10,0.9999999996322211,0.0,0.0
3.632104932019315e-10,0.9999999996367898,0.0,0.0
3.5869861999520154e-10,0.9999999996413016,0.0,0.0
3.5424279417754047e-10,0.9999999996457574,0.0,0.0
3.498423195171007e-10,0.9999999996501578,0.0,0.0
3.4549650843076523e-10,0.9999999996545037,0.0,0.0
3.4120468187671216e-10,0.9999999996587955,0.0,0.0
3.3696616924831205e-10,0.9999999996630341,0.0,0.0
3.3278030826934517e-10,0.9999999996672199,0.0,0.0
3.2864644489051885e-10,0.9999999996713537,0.0,0.0
3.245639331872713e-10,0.9999999996754362,0.0,0.0
3.205321352588445e-10,0.999999999679468,0.0,0.0
3.165504211286108e-10,0.9999999996834497,0.0,0.0
3.1261816864563797e-10,0.999999999687382,0.0,0.0
3.0873476338747675e-10,0.9999999996912653,0.0,0.0
3.0489959856415604e-10,0.9999999996951006,0.0,0.0
3.0111207492337086e-10,0.9999999996988881,0.0,0.0
2.973716006568479e-10,0.9999999997026285,0.0,0.0
2.9367759130787427e-10,0.9999999997063225,0.0,0.0
2.900294696799749e-10,0.9999999997099706,0.0,0.0
2.864266657467244e-10,0.9999999997135732,0.0,0.0
2.8286861656267964e-10,0.9999999997171314,0.0,0.0
2.7935476617541776e-10,0.9999999997206452,0.0,0.0
2.75884565538668e-10,0.9999999997241155,0.0,0.0
2.7245747242652167e-10,0.9999999997275425,0.0,0.0
2.6907295134870873e-10,0.999999999730927,0.0,0.0
2.65730473466926e-10,0.9999999997342696,0.0,0.0
2.6242951651220517e-10,0.9999999997375704,0.0,0.0
2.591695647033072e-10,0.9999999997408304,0.0,0.0
2.5595010866613053e-10,0.9999999997440499,0.0,0.0
2.527706453541204e-10,0.9999999997472293,0.0,0.0
2.496306779696665e-10,0.9999999997503692,0.0,0.0
2.4652971588647767e-10,0.9999999997534702,0.0,0.0
2.434672745729204e-10,0.9999999997565326,0.0,0.0
2.404428755163097e-10,0.999999999759557,0.0,0.0
2.374560461481407e-10,0.9999999997625438,0.0,0.0
2.345063197702487e-10,0.9999999997654936,0.0,0.0
2.3159323548188685e-10,0.9999999997684067,0.0,0.0
2.287163381077091e-10,0.9999999997712835,0.0,0.0
2.2587517812664848e-10,0.9999999997741247,0.0,0.0
2.2306931160167834e-10,0.9999999997769307,0.0,0.0
2.2029830011044632e-10,0.9999999997797017,0.0,0.0
2.1756171067677003e-10,0.9999999997824383,0.0,0.0
2.1485911570298356e-10,0.9999999997851409,0.0,0.0
2.121900929031245e-10,0.99999999978781,0.0,0.0
2.095542252369509e-10,0.9999999997904457,0.0,0.0
2.069511008447779e-10,0.9999999997930489,0.0,0.0
2.0438031298312385e-10,0.9999999997956196,0.0,0.0
2.0184145996115566e-10,0.9999999997981586,0.0,0.0
1.9933414507792396e-10,0.9999999998006659,0.0,0.0
1.9685797656037775e-10,0.999999999803142,0.0,0.0
1.9441256750214893e-10,0.9999999998055874,0.0,0.0
1.9199753580309755e-10,0.9999999998080024,0.0,0.0
1.8961250410960782e-10,0.9999999998103875,0.0,0.0
1.8725709975562581e-10,0.9999999998127429,0.0,0.0
1.849309547044297e-10,0.999999999815069,0.0,0.0
1.8263370549112317e-10,0.9999999998173662,0.0,0.0
1.8036499316584342e-10,0.9999999998196349,0.0,0.0
1.7812446323767442e-10,0.9999999998218755,0.0,0.0
1.7591176561925705e-10,0.999999999824088,0.0,0.0
1.7372655457208713e-10,0.9999999998262733,0.0,0.0
1.7156848865249321e-10,0.9999999998284314,0.0,0.0
1.6943723065828522e-10,0.9999999998305625,0.0,0.0
1.6733244757606598e-10,0.9999999998326673,0.0,0.0
1.6525381052919713e-10,0.999999999834746,0.0,0.0
1.6320099472641154e-10,0.9999999998367987,0.0,0.0
1.6117367941106398e-10,0.999999999838826,0.0,0.0
1.5917154781101226e-10,0.9999999998408282,0.0,0.0
1.5719428708912093e-10,0.9999999998428055,0.0,0.0
1.5524158829437986e-10,0.9999999998447582,0.0,0.0
1.5331314631363e-10,0.9999999998466866,0.0,0.0
1.5140865982388877e-10,0.9999999998485911,0.0,0.0
1.4952783124526789e-10,0.9999999998504719,0.0,0.0
1.476703666944757e-10,0.9999999998523295,0.0,0.0
1.4583597593889753e-10,0.9999999998541638,0.0,0.0
1.4402437235124607e-10,0.9999999998559754,0.0,0.0
1.4223527286477535e-10,0.9999999998577646,0.0,0.0
1.4046839792905106e-10,0.9999999998595314,0.0,0.0
1.3872347146627009e-10,0.9999999998612763,0.0,0.0
1.370002208281229e-10,0.9999999998629996,0.0,0.0
1.352983767531916e-10,0.9999999998647014,0.0,0.0
1.336176733248774e-10,0.9999999998663821,0.0,0.0
1.319578479298505e-10,0.999999999868042,0.0,0.0
1.3031864121701637e-10,0.9999999998696812,0.0,0.0
1.2869979705699139e-10,0.9999999998713001,0.0,0.0
1.2710106250208228e-10,0.9999999998728988,0.0,0.0
1.2552218774676253e-10,0.9999999998744776,0.0,0.0
1.2396292608863961e-10,0.9999999998760368,0.0,0.0
1.2242303388990741e-10,0.9999999998775767,0.0,0.0
1.2090227053927722e-10,0.9999999998790975,0.0,0.0
1.1940039841438174e-10,0.9999999998805993,0.0,0.0
1.1791718284464618e-10,0.9999999998820824,0.0,0.0
1.1645239207462033e-10,0.9999999998835473,0.0,0.0
1.1500579722776657e-10,0.999999999884994,0.0,0.0
1.1357717227069716e-10,0.9999999998864226,0.0,0.0
1.1216629397785625e-10,0.9999999998878334,0.0,0.0
1.107729418966404e-10,0.9999999998892268,0.0,0.0
1.0939689831295229e-10,0.9999999998906028,0.0,0.0
1.0803794821718268e-10,0.9999999998919619,0.0,0.0
1.066958792706145e-10,0.9999999998933039,0.0,0.0
1.0537048177224463e-10,0.9999999998946294,0.0,0.0
1.040615486260176e-10,0.9999999998959384,0.0,0.0
1.027688753084665e-10,0.999999999897231,0.0,0.0
1.0149225983675568e-10,0.9999999998985075,0.0,0.0
1.0023150273712061e-10,0.9999999998997683,0.0,0.0
9.898640701369965e-11,0.9999999999010134,0.0,0.0
9.775677811775302e-11,0.9999999999022431,0.0,0.0
9.654242391726427e-11,0.9999999999034574,0.0,0.0
9.534315466691909e-11,0.9999999999046567,0.0,0.0
9.415878297845739e-11,0.999999999905841,0.0,0.0
9.29891237913934e-11,0.9999999999070107,0.0,0.0
9.183399434409963e-11,0.9999999999081659,0.0,0.0
9.069321414524997e-11,0.9999999999093068,0.0,0.0
8.95666049456176e-11,0.9999999999104334,0.0,0.0
8.845399071022315e-11,0.999999999911546,0.0,0.0
8.735519759082888e-11,0.9999999999126448,0.0,0.0
8.62700538987745e-11,0.9999999999137299,0.0,0.0
8.519839007815057e-11,0.9999999999148015,0.0,0.0
8.414003867930493e-11,0.9999999999158597,0.0,0.0
8.309483433267846e-11,0.999999999916905,0.0,0.0
8.206261372296564e-11,0.9999999999179373,0.0,0.0
8.104321556359629e-11,0.9999999999189566,0.0,0.0
8.003648057153418e-11,0.9999999999199634,0.0,0.0
7.90422514423887e-11,0.9999999999209576,0.0,0.0
7.806037282583579e-11,0.9999999999219393,0.0,0.0
7.709069130134411e-11,0.9999999999229091,0.0,0.0
7.613305535420277e-11,0.9999999999238668,0.0,0.0
7.518731535184681e-11,0.9999999999248125,0.0,0.0
7.425332352047688e-11,0.9999999999257464,0.0,0.0
7.333093392196924e-11,0.9999999999266689,0.0,0.0
7.242000243107261e-11,0.9999999999275798,0.0,0.0
7.152038671288836e-11,0.9999999999284793,0.0,0.0
7.063194620063037e-11,0.9999999999293678,0.0,0.0
6.975454207366116e-11,0.9999999999302451,0.0,0.0
6.888803723580092e-11,0.9999999999311115,0.0,0.0
6.803229629390592e-11,0.9999999999319674,0.0,0.0
6.718718553671308e-11,0.9999999999328125,0.0,0.0
6.635257291394732e-11,0.9999999999336471,0.0,0.0
6.552832801568838e-11,0.9999999999344713,0.0,0.0
6.471432205199411e-11,0.9999999999352853,0.0,0.0
6.391042783277663e-11,0.9999999999360892,0.0,0.0
6.311651974792878e-11,0.9999999999368832,0.0,0.0
6.23324737476972e-11,0.9999999999376672,0.0,0.0
6.155816732329926e-11,0.9999999999384416,0.0,0.0
6.079347948778093e-11,0.9999999999392063,0.0,0.0
6.003829075711221e-11,0.9999999999399614,0.0,0.0
5.92924831315176e-11,0.9999999999407072,0.0,0.0
5.855594007703831e-11,0.9999999999414437,0.0,0.0
5.7828546507323696e-11,0.9999999999421711,0.0,0.0
5.7110188765648646e-11,0.9999999999428896,0.0,0.0
5.640075460715462e-11,0.999999999943599,0.0,0.0
5.5700133181311074e-11,0.9999999999442996,0.0,0.0
5.500821501459487e-11,0.9999999999449914,0.0,0.0
5.432489199338483e-11,0.9999999999456748,0.0,0.0
5.365005734706873e-11,0.9999999999463496,0.0,0.0
5.298360563136021e-11,0.9999999999470162,0.0,0.0
5.2325432711822846e-11,0.9999999999476742,0.0,0.0
5.1675435747598985e-11,0.9999999999483242,0.0,0.0
5.10335131753406e-11,0.9999999999489662,0.0,0.0
5.039956469333985e-11,0.9999999999496001,0.0,0.0
4.977349124585672e-11,0.9999999999502261,0.0,0.0
4.915519500764135e-11,0.9999999999508445,0.0,0.0
4.854457936864866e-11,0.9999999999514552,0.0,0.0
4.794154891894281e-11,0.9999999999520581,0.0,0.0
4.734600943378922e-11,0.9999999999526537,0.0,0.0
4.675786785893177e-11,0.9999999999532418,0.0,0.0
4.617703229605288e-11,0.9999999999538227,0.0,0.0
4.560341198841418e-11,0.9999999999543963,0.0,0.0
4.5036917306675627e-11,0.9999999999549627,0.0,0.0
4.447745973489072e-11,0.9999999999555221,0.0,0.0
4.392495185667569e-11,0.9999999999560747,0.0,0.0
4.3379307341550556e-11,0.9999999999566204,0.0,0.0
4.284044093144976e-11,0.9999999999571593,0.0,0.0
4.2308268427400444e-11,0.9999999999576914,0.0,0.0
4.178270667636619e-11,0.999999999958217,0.0,0.0
4.1263673558254194e-11,0.9999999999587359,0.0,0.0
4.075108797308382e-11,0.9999999999592485,0.0,0.0
4.0244869828314575e-11,0.9999999999597547,0.0,0.0
3.9744940026331484e-11,0.9999999999602547,0.0,0.0
3.925122045208592e-11,0.9999999999607483,0.0,0.0
3.8763633960889984e-11,0.9999999999612359,0.0,0.0
3.828210436636247e-11,0.9999999999617174,0.0,0.0
3.780655642852459e-11,0.9999999999621929,0.0,0.0
3.7336915842043613e-11,0.9999999999626625,0.0,0.0
3.687310922462245e-11,0.9999999999631264,0.0,0.0
3.641506410553354e-11,0.9999999999635844,0.0,0.0
3.5962708914295194e-11,0.9999999999640368,0.0,0.0
3.5515972969488486e-11,0.9999999999644835,0.0,0.0
3.507478646771319e-11,0.9999999999649247,0.0,0.0
3.463908047268086e-11,0.9999999999653605,0.0,0.0
3.420878690444335e-11,0.9999999999657908,0.0,0.0
3.378383852875523e-11,0.9999999999662157,0.0,0.0
3.336416894656828e-11,0.9999999999666354,0.0,0.0
3.294971258365649e-11,0.9999999999670497,0.0,0.0
3.2540404680369985e-11,0.999999999967459,0.0,0.0
3.2136181281516165e-11,0.9999999999678632,0.0,0.0
3.173697922636661e-11,0.9999999999682623,0.0,0.0
3.134273613878804e-11,0.9999999999686565,0.0,0.0
3.095339041749598e-11,0.9999999999690459,0.0,0.0
3.0568881226429375e-11,0.9999999999694305,0.0,0.0
3.0189148485244866e-11,0.9999999999698101,0.0,0.0
2.981413285992911e-11,0.9999999999701852,0.0,0.0
2.944377575352772e-11,0.9999999999705556,0.0,0.0
2.907801929698934e-11,0.9999999999709214,0.0,0.0
2.871680634012354e-11,0.9999999999712825,0.0,0.0
2.8360080442670953e-11,0.9999999999716392,0.0,0.0
2.8007785865484364e-11,0.9999999999719915,0.0,0.0
2.765986756181937e-11,0.9999999999723395,0.0,0.0
2.7316271168733218e-11,0.9999999999726831,0.0,0.0
2.6976942998590458e-11,0.9999999999730224,0.0,0.0
2.664183003067417e-11,0.9999999999733575,0.0,0.0
2.6310879902901354e-11,0.9999999999736885,0.0,0.0
2.5984040903641256e-11,0.9999999999740153,0.0,0.0
2.5661261963635305e-11,0.9999999999743381,0.0,0.0
2.5342492648017457e-11,0.9999999999746568,0.0,0.0
2.5027683148433635e-11,0.9999999999749716,0.0,0.0
2.471678427525907e-11,0.9999999999752824,0.0,0.0
2.4409747449912333e-11,0.9999999999755896,0.0,0.0
2.410652469726481e-11,0.9999999999758928,0.0,0.0
2.3807068638144517e-11,0.9999999999761923,0.0,0.0
2.3511332481933e-11,0.999999999976488,0.0,0.0
2.3219270019254193e-11,0.99999999997678,0.0,0.0
2.293083561475412e-11,0.9999999999770686,0.0,0.0
2.2645984199970282e-11,0.9999999999773533,0.0,0.0
2.2364671266289607e-11,0.9999999999776347,0.0,0.0
2.2086852857993895e-11,0.9999999999779124,0.0,0.0
2.1812485565391646e-11,0.9999999999781869,0.0,0.0
2.1541526518035213e-11,0.9999999999784579,0.0,0.0
2.12739333780222e-11,0.9999999999787255,0.0,0.0
2.1009664333380076e-11,0.9999999999789898,0.0,0.0
2.0748678091532978e-11,0.9999999999792508,0.0,0.0
2.0490933872849662e-11,0.9999999999795086,0.0,0.0
2.0236391404271597e-11,0.9999999999797632,0.0,0.0
1.998501091302021e-11,0.9999999999800145,0.0,0.0
1.9736753120382335e-11,0.9999999999802628,0.0,0.0
1.9491579235572804e-11,0.9999999999805079,0.0,0.0
1.9249450949673328e-11,0.9999999999807501,0.0,0.0
1.901033042964664e-11,0.9999999999809893,0.0,0.0
1.877418031242501e-11,0.9999999999812255,0.0,0.0
1.8540963699072193e-11,0.9999999999814587,0.0,0.0
1.8310644149017886e-11,0.999999999981689,0.0,0.0
1.8083185674363826e-11,0.9999999999819166,0.0,0.0
1.7858552734260598e-11,0.9999999999821412,0.0,0.0
1.7636710229354308e-11,0.999999999982363,0.0,0.0
1.7417623496302242e-11,0.9999999999825822,0.0,0.0
1.7201258302356643e-11,0.9999999999827986,0.0,0.0
1.6987580840015774e-11,0.9999999999830124,0.0,0.0
1.6776557721741434e-11,0.9999999999832234,0.0,0.0
1.6568155974742075e-11,0.9999999999834317,0.0,0.0
1.6362343035820754e-11,0.9999999999836375,0.0,0.0
1.6159086746287048e-11,0.9999999999838407,0.0,0.0
1.5958355346932208e-11,0.9999999999840415,0.0,0.0
1.5760117473066708e-11,0.9999999999842397,0.0,0.0
1.556434214961945e-11,0.9999999999844356,0.0,0.0
1.537099878629786e-11,0.999999999984629,0.0,0.0
1.518005717280807e-11,0.9999999999848199,0.0,0.0
1.4991487474134512e-11,0.9999999999850085,0.0,0.0
1.480526022587814e-11,0.9999999999851947,0.0,0.0
1.4621346329652543e-11,0.9999999999853786,0.0,0.0
1.4439717048537274e-11,0.9999999999855602,0.0,0.0
1.4260344002587645e-11,0.9999999999857395,0.0,0.0
1.4083199164400305e-11,0.9999999999859167,0.0,0.0
1.3908254854733896e-11,0.9999999999860917,0.0,0.0
1.373548373818412e-11,0.9999999999862645,0.0,0.0
1.3564858818912523e-11,0.9999999999864352,0.0,0.0
1.3396353436428341e-11,0.9999999999866037,0.0,0.0
1.3229941261422751e-11,0.9999999999867701,0.0,0.0
1.306559629165485e-11,0.9999999999869345,0.0,0.0
1.2903292847888765e-11,0.9999999999870967,0.0,0.0
1.2743005569881206e-11,0.999999999987257,0.0,0.0
1.2584709412418894e-11,0.9999999999874153,0.0,0.0
1.242837964140518e-11,0.9999999999875716,0.0,0.0
1.2273991829995298e-11,0.9999999999877259,0.0,0.0
1.2121521854779625e-11,0.9999999999878785,0.0,0.0
1.197094589201434e-11,0.999999999988029,0.0,0.0
1.1822240413898927e-11,0.9999999999881777,0.0,0.0
1.1675382184899894e-11,0.9999999999883245,0.0,0.0
1.1530348258120188e-11,0.9999999999884696,0.0,0.0
1.1387115971713686e-11,0.9999999999886129,0.0,0.0
1.124566294534424e-11,0.9999999999887542,0.0,0.0
1.11059670766887e-11,0.9999999999888939,0.0,0.0
1.0968006537983387e-11,0.9999999999890319,0.0,0.0
1.0831759772613455e-11,0.9999999999891682,0.0,0.0
1.069720549174463e-11,0.9999999999893028,0.0,0.0
1.0564322670996782e-11,0.9999999999894357,0.0,0.0
1.0433090547158827e-11,0.9999999999895668,0.0,0.0
1.0303488614944433e-11,0.9999999999896965,0.0,0.0
1.0175496623788023e-11,0.9999999999898245,0.0,0.0
1.0049094574680586e-11,0.9999999999899508,0.0,0.0
9.92426271704479e-12,0.9999999999900756,0.0,0.0
9.800981545648919e-12,0.999999999990199,0.0,0.0
9.679231797559135e-12,0.9999999999903207,0.0,0.0
9.558994449129602e-12,0.999999999990441,0.0,0.0
9.440250713030015e-12,0.9999999999905598,0.0,0.0
9.322982035310029e-12,0.999999999990677,0.0,0.0
9.207170092500174e-12,0.9999999999907928,0.0,0.0
9.092796788748777e-12,0.9999999999909072,0.0,0.0
8.979844252994436e-12,0.9999999999910202,0.0,0.0
8.868294836173646e-12,0.9999999999911318,0.0,0.0
8.758131108463086e-12,0.9999999999912419,0.0,0.0
8.649335856556182e-12,0.9999999999913507,0.0,0.0
8.541892080973486e-12,0.9999999999914582,0.0,0.0
8.435782993406471e-12,0.9999999999915643,0.0,0.0
8.330992014094336e-12,0.999999999991669,0.0,0.0
8.227502769233369e-12,0.9999999999917725,0.0,0.0
8.12529908841852e-12,0.9999999999918746,0.0,0.0
8.024365002116732e-12,0.9999999999919755,0.0,0.0
7.924684739171678e-12,0.9999999999920752,0.0,0.0
7.826242724339476e-12,0.9999999999921737,0.0,0.0
7.729023575855035e-12,0.9999999999922708,0.0,0.0
7.633012103028618e-12,0.9999999999923669,0.0,0.0
7.538193303872265e-12,0.9999999999924617,0.0,0.0
7.444552362755703e-12,0.9999999999925554,0.0,0.0
7.352074648091379e-12,0.9999999999926479,0.0,0.0
7.260745710048234e-12,0.9999999999927393,0.0,0.0
7.170551278293894e-12,0.9999999999928295,0.0,0.0
7.081477259764902e-12,0.9999999999929186,0.0,0.0
6.993509736464648e-12,0.9999999999930066,0.0,0.0
6.90663496328865e-12,0.9999999999930934,0.0,0.0
6.820839365876857e-12,0.9999999999931792,0.0,0.0
6.736109538492628e-12,0.9999999999932639,0.0,0.0
6.652432241928057e-12,0.9999999999933477,0.0,0.0
6.569794401435317e-12,0.9999999999934304,0.0,0.0
6.4881831046837096e-12,0.9999999999935119,0.0,0.0
6.407585599742083e-12,0.9999999999935925,0.0,0.0
6.3279892930863194e-12,0.9999999999936721,0.0,0.0
6.24938174763157e-12,0.9999999999937507,0.0,0.0
6.171750680788933e-12,0.9999999999938283,0.0,0.0
6.095083962546279e-12,0.9999999999939049,0.0,0.0
6.01936961357291e-12,0.9999999999939806,0.0,0.0
5.94459580334776e-12,0.9999999999940553,0.0,0.0
5.8707508483108595e-12,0.9999999999941293,0.0,0.0
5.797823210037749e-12,0.9999999999942021,0.0,0.0
5.725801493436582e-12,0.9999999999942741,0.0,0.0
5.654674444967614e-12,0.9999999999943454,0.0,0.0
5.584430950884819e-12,0.9999999999944156,0.0,0.0
5.5150600354993394e-12,0.9999999999944849,0.0,0.0
5.446550859464515e-12,0.9999999999945534,0.0,0.0
5.378892718082211e-12,0.9999999999946211,0.0,0.0
5.312075039630191e-12,0.9999999999946878,0.0,0.0
5.24608738371026e-12,0.9999999999947538,0.0,0.0
5.18091943961693e-12,0.999999999994819,0.0,0.0
5.116561024726359e-12,0.9999999999948834,0.0,0.0
5.053002082905284e-12,0.9999999999949469,0.0,0.0
4.990232682939739e-12,0.9999999999950098,0.0,0.0
4.928243016983278e-12,0.9999999999950717,0.0,0.0
4.867023399024482e-12,0.9999999999951329,0.0,0.0
4.806564263373495e-12,0.9999999999951933,0.0,0.0
4.746856163167372e-12,0.999999999995253,0.0,0.0
4.687889768893982e-12,0.999999999995312,0.0,0.0
4.629655866934255e-12,0.9999999999953703,0.0,0.0
4.572145358122538e-12,0.9999999999954278,0.0,0.0
4.5153492563248254e-12,0.9999999999954846,0.0,0.0
4.459258687034664e-12,0.9999999999955408,0.0,0.0
4.4038648859864875e-12,0.9999999999955962,0.0,0.0
4.3491591977861876e-12,0.9999999999956509,0.0,0.0
4.295133074558687e-12,0.9999999999957049,0.0,0.0
4.241778074612317e-12,0.9999999999957582,0.0,0.0
4.1890858611197885e-12,0.9999999999958109,0.0,0.0
4.1370482008155445e-12,0.999999999995863,0.0,0.0
4.085656962709294e-12,0.9999999999959144,0.0,0.0
4.034904116815531e-12,0.9999999999959651,0.0,0.0
3.984781732898829e-12,0.9999999999960153,0.0,0.0
3.93528197923473e-12,0.9999999999960647,0.0,0.0
3.8863971213860205e-12,0.9999999999961137,0.0,0.0
3.8381195209942066e-12,0.999999999996162,0.0,0.0
3.79044163458601e-12,0.9999999999962097,0.0,0.0
3.74335601239468e-12,0.9999999999962568,0.0,0.0
3.696855297195957e-12,0.9999999999963032,0.0,0.0
3.650932223158487e-12,0.9999999999963491,0.0,0.0
3.6055796147085244e-12,0.9999999999963944,0.0,0.0
3.5607903854087307e-12,0.9999999999964392,0.0,0.0
3.516557536850907e-12,0.9999999999964834,0.0,0.0
3.472874157562476e-12,0.999999999996527,0.0,0.0
3.4297334219265532e-12,0.9999999999965702,0.0,0.0
3.3871285891154267e-12,0.9999999999966128,0.0,0.0
3.3450530020372936e-12,0.9999999999966549,0.0,0.0
3.3035000862960724e-12,0.9999999999966964,0.0,0.0
3.26246334916414e-12,0.9999999999967375,0.0,0.0
3.2219363785678334e-12,0.999999999996778,0.0,0.0
3.181912842085547e-12,0.9999999999968181,0.0,0.0
3.1423864859582786e-12,0.9999999999968575,0.0,0.0
3.10335113411247e-12,0.9999999999968966,0.0,0.0
3.0648006871949796e-12,0.9999999999969351,0.0,0.0
3.0267291216200474e-12,0.9999999999969732,0.0,0.0
2.9891304886280975e-12,0.9999999999970108,0.0,0.0
2.9519989133562334e-12,0.999999999997048,0.0,0.0
2.9153285939202757e-12,0.9999999999970847,0.0,0.0
2.8791138005082088e-12,0.9999999999971209,0.0,0.0
2.843348874484885e-12,0.9999999999971567,0.0,0.0
2.8080282275078516e-12,0.999999999997192,0.0,0.0
2.7731463406541593e-12,0.9999999999972269,0.0,0.0
2.738697763558023e-12,0.9999999999972613,0.0,0.0
2.7046771135591867e-12,0.9999999999972953,0.0,0.0
2.6710790748618752e-12,0.9999999999973288,0.0,0.0
2.637898397704189e-12,0.9999999999973619,0.0,0.0
2.605129897537817e-12,0.9999999999973948,0.0,0.0
2.572768454217943e-12,0.9999999999974272,0.0,0.0
2.54080901120321e-12,0.9999999999974591,0.0,0.0
2.5092465747656273e-12,0.9999999999974907,0.0,0.0
2.4780762132102894e-12,0.9999999999975218,0.0,0.0
2.4472930561047887e-12,0.9999999999975526,0.0,0.0
2.416892293518201e-12,0.999999999997583,0.0,0.0
2.386869175269523e-12,0.999999999997613,0.0,0.0
2.3572190101854474e-12,0.9999999999976427,0.0,0.0
2.327937165367359e-12,0.999999999997672,0.0,0.0
2.2990190654674316e-12,0.9999999999977008,0.0,0.0
2.2704601919737245e-12,0.9999999999977294,0.0,0.0
2.2422560825041518e-12,0.9999999999977576,0.0,0.0
2.2144023301092298e-12,0.9999999999977853,0.0,0.0
2.1868945825834788e-12,0.999999999997813,0.0,0.0
2.1597285417853854e-12,0.9999999999978401,0.0,0.0
2.132899962965807e-12,0.9999999999978669,0.0,0.0
2.1064046541047217e-12,0.9999999999978934,0.0,0.0
2.0802384752562167e-12,0.9999999999979196,0.0,0.0
2.0543973379016122e-12,0.9999999999979454,0.0,0.0
2.0288772043106253e-12,0.999999999997971,0.0,0.0
2.003674086910462e-12,0.9999999999979962,0.0,0.0
1.9787840476627544e-12,0.999999999998021,0.0,0.0
1.954203197448233e-12,0.9999999999980456,0.0,0.0
1.9299276954590425e-12,0.9999999999980699,0.0,0.0
1.9059537485986104e-12,0.9999999999980939,0.0,0.0
1.8822776108889654e-12,0.9999999999981176,0.0,0.0
1.8588955828854227e-12,0.999999999998141,0.0,0.0
1.8358040110985373e-12,0.9999999999981641,0.0,0.0
1.812999287423239e-12,0.9999999999981868,0.0,0.0
1.790477848575058e-12,0.9999999999982093,0.0,0.0
1.768236175533356e-12,0.9999999999982316,0.0,0.0
1.7462707929914704e-12,0.9999999999982536,0.0,0.0
1.7245782688136918e-12,0.9999999999982754,0.0,0.0
1.7031552134989846e-12,0.9999999999982968,0.0,0.0
1.681998279651372e-12,0.999999999998318,0.0,0.0
1.6611041614568978e-12,0.9999999999983389,0.0,0.0
1.640469594167086e-12,0.9999999999983595,0.0,0.0
1.6200913535888174e-12,0.9999999999983799,0.0,0.0
1.599966255580543e-12,0.9999999999984,0.0,0.0
1.5800911555547558e-12,0.9999999999984199,0.0,0.0
1.5604629479866419e-12,0.9999999999984395,0.0,0.0
1.541078565928836e-12,0.9999999999984588,0.0,0.0
1.521934980532205e-12,0.999999999998478,0.0,0.0
1.5030292005725841e-12,0.9999999999984969,0.0,0.0
1.4843582719833918e-12,0.9999999999985155,0.0,0.0
1.4659192773940508e-12,0.9999999999985341,0.0,0.0
1.4477093356741433e-12,0.9999999999985522,0.0,0.0
1.4297256014832284e-12,0.9999999999985703,0.0,0.0
1.4119652648262518e-12,0.999999999998588,0.0,0.0
1.3944255506144783e-12,0.9999999999986054,0.0,0.0
1.3771037182318786e-12,0.9999999999986229,0.0,0.0
1.3599970611069026e-12,0.9999999999986399,0.0,0.0
1.3431029062895716e-12,0.9999999999986567,0.0,0.0
1.3264186140338256e-12,0.9999999999986734,0.0,0.0
1.309941577385056e-12,0.9999999999986899,0.0,0.0
1.2936692217727648e-12,0.9999999999987063,0.0,0.0
1.277599004608282e-12,0.9999999999987224,0.0,0.0
1.2617284148874816e-12,0.9999999999987382,0.0,0.0
1.2460549727984321e-12,0.9999999999987539,0.0,0.0
1.2305762293339202e-12,0.9999999999987693,0.0,0.0
1.2152897659087887e-12,0.9999999999987846,0.0,0.0
1.2001931939820278e-12,0.9999999999987997,0.0,0.0
1.185284154683561e-12,0.9999999999988147,0.0,0.0
1.170560318445666e-12,0.9999999999988295,0.0,0.0
1.156019384638976e-12,0.9999999999988439,0.0,0.0
1.1416590812130003e-12,0.9999999999988582,0.0,0.0
1.1274771643411135e-12,0.9999999999988725,0.0,0.0
1.1134714180699524e-12,0.9999999999988866,0.0,0.0
1.0996396539731677e-12,0.9999999999989003,0.0,0.0
1.0859797108094793e-12,0.999999999998914,0.0,0.0
1.0724894541849776e-12,0.9999999999989275,0.0,0.0
1.0591667762196194e-12,0.9999999999989408,0.0,0.0
1.0460095952178686e-12,0.9999999999989541,0.0,0.0
1.033015855343426e-12,0.999999999998967,0.0,0.0
1.020183526298001e-12,0.9999999999989798,0.0,0.0
1.0075106030040736e-12,0.9999999999989925,0.0,0.0
9.949951052915965e-13,0.9999999999990049,0.0,0.0
9.8263507758859e-13,0.9999999999990173,0.0,0.0
9.704285886155798e-13,0.9999999999990296,0.0,0.0
9.583737310838304e-13,0.9999999999990417,0.0,0.0
9.464686213973272e-13,0.9999999999990535,0.0,0.0
9.347113993584616e-13,0.9999999999990653,0.0,0.0
9.231002278773703e-13,0.999999999999077,0.0,0.0
9.116332926848873e-13,0.9999999999990885,0.0,0.0
9.003088020490596e-13,0.9999999999990998,0.0,0.0
8.891249864951865e-13,0.9999999999991112,0.0,0.0
8.780800985293345e-13,0.9999999999991221,0.0,0.0
8.671724123652887e-13,0.9999999999991331,0.0,0.0
8.56400223654895e-13,0.9999999999991439,0.0,0.0
8.457618492217518e-13,0.9999999999991546,0.0,0.0
8.352556267982105e-13,0.9999999999991651,0.0,0.0
8.248799147656433e-13,0.9999999999991754,0.0,0.0
8.146330918979361e-13,0.9999999999991858,0.0,0.0
8.045135571081693e-13,0.9999999999991958,0.0,0.0
7.945197291984441e-13,0.9999999999992057,0.0,0.0
7.846500466128179e-13,0.9999999999992155,0.0,0.0
7.749029671933071e-13,0.9999999999992254,0.0,0.0
7.652769679389225e-13,0.9999999999992351,0.0,0.0
7.55770544767697e-13,0.9999999999992446,0.0,0.0
7.463822122816698e-13,0.9999999999992539,0.0,0.0
7.371105035347898e-13,0.9999999999992631,0.0,0.0
7.279539698037025e-13,0.9999999999992722,0.0,0.0
7.189111803613837e-13,0.9999999999992814,0.0,0.0
7.099807222535864e-13,0.9999999999992903,0.0,0.0
7.011612000780621e-13,0.9999999999992991,0.0,0.0
6.924512357665284e-13,0.9999999999993078,0.0,0.0
6.838494683693415e-13,0.9999999999993164,0.0,0.0
6.753545538428456e-13,0.999999999999325,0.0,0.0
6.669651648393636e-13,0.9999999999993334,0.0,0.0
6.586799904997959e-13,0.9999999999993416,0.0,0.0
6.504977362487961e-13,0.9999999999993499,0.0,0.0
6.424171235924912e-13,0.999999999999358,0.0,0.0
6.344368899187138e-13,0.999999999999366,0.0,0.0
6.265557882997171e-13,0.9999999999993737,0.0,0.0
6.187725872973396e-13,0.9999999999993815,0.0,0.0
6.110860707705899e-13,0.9999999999993893,0.0,0.0
6.03495037685623e-13,0.9999999999993967,0.0,0.0
5.959983019280756e-13,0.9999999999994043,0.0,0.0
5.885946921177342e-13,0.9999999999994117,0.0,0.0
5.812830514255032e-13,0.9999999999994189,0.0,0.0
5.740622373926495e-13,0.9999999999994261,0.0,0.0
5.669311217522901e-13,0.9999999999994332,0.0,0.0
5.598885902530983e-13,0.9999999999994403,0.0,0.0
5.529335424851996e-13,0.9999999999994473,0.0,0.0
5.460648917082306e-13,0.9999999999994542,0.0,0.0
5.392815646815334e-13,0.999999999999461,0.0,0.0
5.325825014964598e-13,0.9999999999994676,0.0,0.0
5.259666554107581e-13,0.9999999999994743,0.0,0.0
5.19432992685018e-13,0.9999999999994809,0.0,0.0
5.12980492421146e-13,0.9999999999994873,0.0,0.0
5.066081464028486e-13,0.9999999999994936,0.0,0.0
5.003149589380964e-13,0.9999999999995,0.0,0.0
4.940999467035447e-13,0.9999999999995062,0.0,0.0
4.879621385908875e-13,0.9999999999995123,0.0,0.0
4.819005755551205e-13,0.9999999999995184,0.0,0.0
4.759143104646873e-13,0.9999999999995244,0.0,0.0
4.700024079534887e-13,0.9999999999995304,0.0,0.0
4.641639442747298e-13,0.9999999999995361,0.0,0.0
4.583980071565828e-13,0.999999999999542,0.0,0.0
4.5270369565964246e-13,0.9999999999995477,0.0,0.0
4.470801200361526e-13,0.9999999999995534,0.0,0.0
4.415264015909811e-13,0.9999999999995589,0.0,0.0
4.3604167254432223e-13,0.9999999999995645,0.0,0.0
4.3062507589610397e-13,0.9999999999995698,0.0,0.0
4.2527576529208026e-13,0.9999999999995752,0.0,0.0
4.1999290489158624e-13,0.9999999999995804,0.0,0.0
4.1477566923693675e-13,0.9999999999995858,0.0,0.0
4.096232431244464e-13,0.9999999999995909,0.0,0.0
4.0453482147705287e-13,0.999999999999596,0.0,0.0
3.995096092185215e-13,0.999999999999601,0.0,0.0
3.9454682114921344e-13,0.999999999999606,0.0,0.0
3.8964568182339625e-13,0.9999999999996108,0.0,0.0
3.8480542542807913e-13,0.9999999999996156,0.0,0.0
3.8002529566335313e-13,0.9999999999996204,0.0,0.0
3.753045456242174e-13,0.9999999999996251,0.0,0.0
3.7064243768387443e-13,0.9999999999996299,0.0,0.0
3.6603824337847354e-13,0.9999999999996344,0.0,0.0
3.6149124329328757e-13,0.999999999999639,0.0,0.0
3.570007269503025e-13,0.9999999999996434,0.0,0.0
3.525659926972041e-13,0.9999999999996478,0.0,0.0
3.481863475977429e-13,0.9999999999996523,0.0,0.0
3.4386110732346217e-13,0.9999999999996565,0.0,0.0
3.3958959604676935e-13,0.9999999999996608,0.0,0.0
3.353711463353374e-13,0.999999999999665,0.0,0.0
3.312050990478167e-13,0.9999999999996692,0.0,0.0
3.2709080323084285e-13,0.9999999999996733,0.0,0.0
3.230276160173241e-13,0.9999999999996774,0.0,0.0
3.1901490252599217e-13,0.9999999999996814,0.0,0.0
3.150520357622002e-13,0.9999999999996854,0.0,0.0
3.111383965199541e-13,0.9999999999996894,0.0,0.0
3.0727337328516017e-13,0.9999999999996931,0.0,0.0
3.034563621400748e-13,0.999999999999697,0.0,0.0
2.9968676666894107e-13,0.9999999999997009,0.0,0.0
2.9596399786479755e-13,0.9999999999997046,0.0,0.0
2.9228747403744476e-13,0.9999999999997082,0.0,0.0
2.88656620722555e-13,0.9999999999997119,0.0,0.0
2.85070870591911e-13,0.9999999999997154,0.0,0.0
2.8152966336475985e-13,0.999999999999719,0.0,0.0
2.7803244572026786e-13,0.9999999999997226,0.0,0.0
2.7457867121106313e-13,0.999999999999726,0.0,0.0
2.711678001778521e-13,0.9999999999997294,0.0,0.0
2.6779929966509664e-13,0.9999999999997329,0.0,0.0
2.6447264333773846e-13,0.9999999999997361,0.0,0.0
2.6118731139895857e-13,0.9999999999997393,0.0,0.0
2.579427905089577e-13,0.9999999999997427,0.0,0.0
2.547385737047459e-13,0.9999999999997459,0.0,0.0
2.5157416032092873e-13,0.9999999999997491,0.0,0.0
2.484490559114771e-13,0.9999999999997522,0.0,0.0
2.4536277217246924e-13,0.9999999999997553,0.0,0.0
2.423148268657919e-13,0.9999999999997583,0.0,0.0
2.3930474374379015e-13,0.9999999999997613,0.0,0.0
2.3633205247485223e-13,0.9999999999997642,0.0,0.0
2.3339628856991957e-13,0.9999999999997672,0.0,0.0
2.304969933099094e-13,0.9999999999997701,0.0,0.0
2.276337136740388e-13,0.999999999999773,0.0,0.0
2.248060022690396e-13,0.9999999999997757,0.0,0.0
2.220134172592518e-13,0.9999999999997786,0.0,0.0
2.1925552229758623e-13,0.9999999999997813,0.0,0.0
2.165318864573444e-13,0.999999999999784,0.0,0.0
2.1384208416488516e-13,0.9999999999997867,0.0,0.0
2.1118569513312802e-13,0.9999999999997894,0.0,0.0
2.0856230429588245e-13,0.9999999999997919,0.0,0.0
2.0597150174299303e-13,0.9999999999997945,0.0,0.0
2.0341288265628995e-13,0.999999999999797,0.0,0.0
2.008860472463356e-13,0.9999999999997996,0.0,0.0
1.9839060068995635e-13,0.9999999999998022,0.0,0.0
1.9592615306855099e-13,0.9999999999998046,0.0,0.0
1.9349231930716483e-13,0.999999999999807,0.0,0.0
1.9108871911432112e-13,0.9999999999998095,0.0,0.0
1.8871497692259979e-13,0.9999999999998118,0.0,0.0
1.8637072182995405e-13,0.9999999999998141,0.0,0.0
1.8405558754175644e-13,0.9999999999998164,0.0,0.0
1.817692123135644e-13,0.9999999999998187,0.0,0.0
1.7951123889459694e-13,0.9999999999998209,0.0,0.0
1.7728131447191371e-13,0.9999999999998233,0.0,0.0
1.7507909061528697e-13,0.9999999999998254,0.0,0.0
1.7290422322275875e-13,0.9999999999998275,0.0,0.0
1.7075637246687433e-13,0.9999999999998296,0.0,0.0
1.6863520274158344e-13,0.9999999999998317,0.0,0.0
1.6654038260980108e-13,0.9999999999998339,0.0,0.0
1.644715847516198e-13,0.999999999999836,0.0,0.0
1.6242848591316543e-13,0.999999999999838,0.0,0.0
1.6041076685608785e-13,0.99999999999984,0.0,0.0
1.5841811230767944e-13,0.999999999999842,0.0,0.0
1.5645021091161312e-13,0.999999999999844,0.0,0.0
1.5450675517929205e-13,0.9999999999998459,0.0,0.0
1.5258744144180427e-13,0.9999999999998479,0.0,0.0
1.5069196980247352e-13,0.9999999999998498,0.0,0.0
1.4882004408999992e-13,0.9999999999998517,0.0,0.0
1.4697137181218253e-13,0.9999999999998535,0.0,0.0
1.4514566411021694e-13,0.9999999999998553,0.0,0.0
1.4334263571356037e-13,0.9999999999998572,0.0,0.0
1.4156200489535765e-13,0.999999999999859,0.0,0.0
1.398034934284209e-13,0.9999999999998608,0.0,0.0
1.3806682654175576e-13,0.9999999999998624,0.0,0.0
1.3635173287762804e-13,0.9999999999998641,0.0,0.0
1.346579444491634e-13,0.9999999999998659,0.0,0.0
1.3298519659847404e-13,0.9999999999998676,0.0,0.0
1.3133322795530512e-13,0.9999999999998692,0.0,0.0
1.2970178039619528e-13,0.9999999999998708,0.0,0.0
1.2809059900414435e-13,0.9999999999998724,0.0,0.0
1.264994320287819e-13,0.999999999999874,0.0,0.0
1.2492803084703092e-13,0.9999999999998755,0.0,0.0
1.233761499242598e-13,0.9999999999998771,0.0,0.0
1.2184354677591717e-13,0.9999999999998787,0.0,0.0
1.2032998192964304e-13,0.9999999999998802,0.0,0.0
1.1883521888785092e-13,0.9999999999998818,0.0,0.0
1.1735902409077453e-13,0.9999999999998832,0.0,0.0
1.1590116687997358e-13,0.9999999999998846,0.0,0.0
1.144614194622929e-13,0.999999999999886,0.0,0.0
1.1303955687426942e-13,0.9999999999998874,0.0,0.0
1.1163535694698104e-13,0.9999999999998889,0.0,0.0
1.1024860027133235e-13,0.9999999999998903,0.0,0.0
1.0887907016377148e-13,0.9999999999998918,0.0,0.0
1.0752655263243289e-13,0.9999999999998931,0.0,0.0
1.0619083634370068e-13,0.9999999999998944,0.0,0.0
1.0487171258918727e-13,0.9999999999998956,0.0,0.0
1.0356897525312235e-13,0.999999999999897,0.0,0.0
1.0228242078014678e-13,0.9999999999998983,0.0,0.0
1.0101184814350673e-13,0.9999999999998995,0.0,0.0
9.975705881364282e-14,0.9999999999999009,0.0,0.0
9.851785672716943e-14,0.9999999999999021,0.0,0.0
9.729404825623948e-14,0.9999999999999034,0.0,0.0
9.608544217828957e-14,0.9999999999999046,0.0,0.0
9.48918496461612e-14,0.9999999999999057,0.0,0.0
9.37130841585929e-14,0.999999999999907,0.0,0.0
9.254896153107911e-14,0.9999999999999081,0.0,0.0
9.139929986709093e-14,0.9999999999999092,0.0,0.0
9.026391952965442e-14,0.9999999999999103,0.0,0.0
8.9142643113282e-14,0.9999999999999115,0.0,0.0
8.803529541625242e-14,0.9999999999999126,0.0,0.0
8.694170341323516e-14,0.9999999999999137,0.0,0.0
8.58616962282549e-14,0.9999999999999148,0.0,0.0
8.479510510799177e-14,0.9999999999999161,0.0,0.0
8.374176339541328e-14,0.999999999999917,0.0,0.0
8.270150650373388e-14,0.999999999999918,0.0,0.0
8.167417189069792e-14,0.999999999999919,0.0,0.0
8.0659599033182e-14,0.99999999999992,0.0,0.0
7.965762940211305e-14,0.999999999999921,0.0,0.0
7.866810643769779e-14,0.999999999999922,0.0,0.0
7.769087552495987e-14,0.999999999999923,0.0,0.0
7.672578396958103e-14,0.999999999999924,0.0,0.0
7.577268097404233e-14,0.999999999999925,0.0,0.0
7.483141761406167e-14,0.999999999999926,0.0,0.0
7.390184681532409e-14,0.999999999999927,0.0,0.0
7.298382333050115e-14,0.9999999999999278,0.0,0.0
7.207720371655563e-14,0.9999999999999286,0.0,0.0
7.118184631232841e-14,0.9999999999999295,0.0,0.0
7.029761121640351e-14,0.9999999999999304,0.0,0.0
6.942436026524825e-14,0.9999999999999312,0.0,0.0
6.856195701162493e-14,0.999999999999932,0.0,0.0
6.771026670327066e-14,0.9999999999999329,0.0,0.0
6.686915626184203e-14,0.9999999999999338,0.0,0.0
6.603849426212136e-14,0.9999999999999346,0.0,0.0
6.521815091148127e-14,0.9999999999999355,0.0,0.0
6.440799802960428e-14,0.9999999999999364,0.0,0.0
6.360790902845435e-14,0.9999999999999372,0.0,0.0
6.281775889249733e-14,0.999999999999938,0.0,0.0
6.203742415916693e-14,0.9999999999999387,0.0,0.0
6.126678289957354e-14,0.9999999999999395,0.0,0.0
6.050571469945252e-14,0.9999999999999402,0.0,0.0
5.975410064034922e-14,0.9999999999999409,0.0,0.0
5.901182328103782e-14,0.9999999999999416,0.0,0.0
5.827876663917075e-14,0.9999999999999423,0.0,0.0
5.755481617315639e-14,0.999999999999943,0.0,0.0
5.6839858764261566e-14,0.9999999999999437,0.0,0.0
5.61337826989366e-14,0.9999999999999445,0.0,0.0
5.54364776513598e-14,0.9999999999999452,0.0,0.0
5.4747834666198846e-14,0.9999999999999458,0.0,0.0
5.4067746141586307e-14,0.9999999999999466,0.0,0.0
5.3396105812306595e-14,0.9999999999999473,0.0,0.0
5.2732808733191855e-14,0.999999999999948,0.0,0.0
5.2077751262724014e-14,0.9999999999999487,0.0,0.0
5.143083104684063e-14,0.9999999999999494,0.0,0.0
5.079194700294186e-14,0.9999999999999499,0.0,0.0
5.0160999304096054e-14,0.9999999999999506,0.0,0.0
4.953788936344163e-14,0.9999999999999512,0.0,0.0
4.892251981878267e-14,0.9999999999999517,0.0,0.0
4.83147945173759e-14,0.9999999999999523,0.0,0.0
4.7714618500906576e-14,0.9999999999999528,0.0,0.0
4.7121897990651094e-14,0.9999999999999534,0.0,0.0
4.6536540372823875e-14,0.9999999999999539,0.0,0.0
4.595845418410624e-14,0.9999999999999545,0.0,0.0
4.5387549097355125e-14,0.9999999999999551,0.0,0.0
4.482373590748924e-14,0.9999999999999557,0.0,0.0
4.4266926517550614e-14,0.9999999999999563,0.0,0.0
4.371703392493928e-14,0.9999999999999568,0.0,0.0
4.31739722078189e-14,0.9999999999999574,0.0,0.0
4.263765651169134e-14,0.9999999999999579,0.0,0.0
4.2108003036137986e-14,0.9999999999999585,0.0,0.0
4.158492902172572e-14,0.999999999999959,0.0,0.0
4.106835273707562e-14,0.9999999999999596,0.0,0.0
4.0558193466092265e-14,0.9999999999999603,0.0,0.0
4.005437149535166e-14,0.9999999999999608,0.0,0.0
3.955680810164588e-14,0.9999999999999614,0.0,0.0
3.9065425539682396e-14,0.9999999999999618,0.0,0.0
3.85801470299362e-14,0.9999999999999623,0.0,0.0
3.8100896746652877e-14,0.9999999999999626,0.0,0.0
3.762759980600064e-14,0.999999999999963,0.0,0.0
3.716018225436962e-14,0.9999999999999635,0.0,0.0
3.6698571056816434e-14,0.9999999999999639,0.0,0.0
3.6242694085652346e-14,0.9999999999999644,0.0,0.0
3.579248010917314e-14,0.9999999999999648,0.0,0.0
3.5347858780529066e-14,0.9999999999999651,0.0,0.0
3.490876062673295e-14,0.9999999999999656,0.0,0.0
3.4475117037804945e-14,0.999999999999966,0.0,0.0
3.4046860256052046e-14,0.9999999999999665,0.0,0.0
3.362392336548085e-14,0.9999999999999669,0.0,0.0
3.320624028134175e-14,0.9999999999999674,0.0,0.0
3.2793745739803096e-14,0.9999999999999677,0.0,0.0
3.238637528775357e-14,0.9999999999999681,0.0,0.0
3.198406527273128e-14,0.9999999999999686,0.0,0.0
3.1586752832977874e-14,0.999999999999969,0.0,0.0
3.119437588761634e-14,0.9999999999999695,0.0,0.0
3.080687312695069e-14,0.9999999999999699,0.0,0.0
3.042418400288622e-14,0.9999999999999702,0.0,0.0
3.0046248719468726e-14,0.9999999999999707,0.0,0.0
2.967300822354129e-14,0.9999999999999711,0.0,0.0
2.930440419551708e-14,0.9999999999999716,0.0,0.0
2.8940379040266814e-14,0.999999999999972,0.0,0.0
2.8580875878119384e-14,0.9999999999999725,0.0,0.0
2.8225838535974315e-14,0.9999999999999727,0.0,0.0
2.7875211538524598e-14,0.999999999999973,0.0,0.0
2.7528940099588538e-14,0.9999999999999732,0.0,0.0
2.7186970113549338e-14,0.9999999999999736,0.0,0.0
2.684924814690095e-14,0.9999999999999738,0.0,0.0
2.651572142989901e-14,0.9999999999999741,0.0,0.0
2.6186337848315443e-14,0.9999999999999745,0.0,0.0
2.586104593529551e-14,0.9999999999999747,0.0,0.0
2.553979486331601e-14,0.999999999999975,0.0,0.0
2.5222534436243378e-14,0.9999999999999752,0.0,0.0
2.4909215081490433e-14,0.9999999999999756,0.0,0.0
2.4599787842270567e-14,0.9999999999999758,0.0,0.0
2.429420436994813e-14,0.9999999999999761,0.0,0.0
2.3992416916483877e-14,0.9999999999999765,0.0,0.0
2.3694378326974236e-14,0.9999999999999767,0.0,0.0
2.3400042032283248e-14,0.999999999999977,0.0,0.0
2.3109362041766058e-14,0.9999999999999772,0.0,0.0
2.282229293608277e-14,0.9999999999999776,0.0,0.0
2.2538789860101597e-14,0.9999999999999778,0.0,0.0
2.225880851589014e-14,0.9999999999999781,0.0,0.0
2.1982305155793756e-14,0.9999999999999784,0.0,0.0
2.17092365755999e-14,0.9999999999999787,0.0,0.0
2.143956010778737e-14,0.999999999999979,0.0,0.0
2.1173233614859433e-14,0.9999999999999792,0.0,0.0
2.0910215482759734e-14,0.9999999999999796,0.0,0.0
2.0650464614370033e-14,0.9999999999999798,0.0,0.0
2.03939404230887e-14,0.9999999999999801,0.0,0.0
2.0140602826488957e-14,0.9999999999999803,0.0,0.0
1.9890412240055933e-14,0.9999999999999807,0.0,0.0
1.9643329571001497e-14,0.9999999999999809,0.0,0.0
1.939931621215593e-14,0.9999999999999812,0.0,0.0
1.9158334035935486e-14,0.9999999999999816,0.0,0.0
1.8920345388384857e-14,0.9999999999999818,0.0,0.0
1.8685313083293695e-14,0.9999999999999821,0.0,0.0
1.8453200396386156e-14,0.9999999999999823,0.0,0.0
1.82239710595827e-14,0.9999999999999827,0.0,0.0
1.7997589255333084e-14,0.9999999999999829,0.0,0.0
1.777401961101984e-14,0.9999999999999832,0.0,0.0
1.7553227193431197e-14,0.9999999999999836,0.0,0.0
1.733517750330272e-14,0.9999999999999838,0.0,0.0
1.7119836469926712e-14,0.9999999999999841,0.0,0.0
1.6907170445828608e-14,0.9999999999999842,0.0,0.0
1.6697146201509486e-14,0.9999999999999843,0.0,0.0
1.6489730920253883e-14,0.9999999999999845,0.0,0.0
1.6284892193002126e-14,0.9999999999999847,0.0,0.0
1.6082598013286354e-14,0.9999999999999848,0.0,0.0
1.5882816772229422e-14,0.9999999999999849,0.0,0.0
1.5685517253605973e-14,0.9999999999999851,0.0,0.0
1.5490668628964825e-14,0.9999999999999852,0.0,0.0
1.5298240452811965e-14,0.9999999999999853,0.0,0.0
1.510820265785339e-14,0.9999999999999855,0.0,0.0
1.492052555029701e-14,0.9999999999999857,0.0,0.0
1.473517980521295e-14,0.9999999999999858,0.0,0.0
1.455213646195146e-14,0.9999999999999859,0.0,0.0
1.437136691961777e-14,0.9999999999999861,0.0,0.0
1.4192842932603124e-14,0.9999999999999862,0.0,0.0
1.4016536606171344e-14,0.9999999999999863,0.0,0.0
1.3842420392100243e-14,0.9999999999999865,0.0,0.0
1.3670467084377143e-14,0.9999999999999867,0.0,0.0
1.3500649814947878e-14,0.9999999999999868,0.0,0.0
1.3332942049518617e-14,0.9999999999999869,0.0,0.0
1.3167317583409817e-14,0.9999999999999871,0.0,0.0
1.3003750537461696e-14,0.9999999999999872,0.0,0.0
1.2842215353990555e-14,0.9999999999999873,0.0,0.0
1.2682686792795338e-14,0.9999999999999875,0.0,0.0
1.2525139927213809e-14,0.9999999999999877,0.0,0.0
1.2369550140227696e-14,0.9999999999999878,0.0,0.0
1.2215893120616244e-14,0.9999999999999879,0.0,0.0
1.2064144859157531e-14,0.999999999999988,0.0,0.0
1.1914281644876982e-14,0.9999999999999882,0.0,0.0
1.1766280061342472e-14,0.9999999999999883,0.0,0.0
1.1620116983005473e-14,0.9999999999999885,0.0,0.0
1.1475769571587635e-14,0.9999999999999887,0.0,0.0
1.1333215272512253e-14,0.9999999999999888,0.0,0.0
1.1192431811380079e-14,0.9999999999999889,0.0,0.0
1.1053397190488893e-14,0.999999999999989,0.0,0.0
1.0916089685396322e-14,0.9999999999999892,0.0,0.0
1.078048784152535e-14,0.9999999999999893,0.0,0.0
1.0646570470811998e-14,0.9999999999999895,0.0,0.0
1.0514316648394641e-14,0.9999999999999897,0.0,0.0
1.0383705709344464e-14,0.9999999999999898,0.0,0.0
1.0254717245436519e-14,0.9999999999999899,0.0,0.0
1.0127331101960898e-14,0.99999999999999,0.0,0.0
1.0001527374573522e-14,0.9999999999999902,0.0,0.0
9.877286406186048e-15,0.9999999999999903,0.0,0.0
9.7545887838944e-15,0.9999999999999905,0.0,0.0
9.633415335945474e-15,0.9999999999999907,0.0,0.0
9.513747128741507e-15,0.9999999999999908,0.0,0.0
9.395565463881662e-15,0.9999999999999909,0.0,0.0
9.278851875240371e-15,0.999999999999991,0.0,0.0
9.163588126081963e-15,0.9999999999999912,0.0,0.0
9.04975620621113e-15,0.9999999999999913,0.0,0.0
8.93733832915881e-15,0.9999999999999915,0.0,0.0
8.826316929403e-15,0.9999999999999916,0.0,0.0
8.716674659624126e-15,0.9999999999999918,0.0,0.0
8.608394387994469e-15,0.9999999999999919,0.0,0.0
8.501459195501297e-15,0.999999999999992,0.0,0.0
8.39585237330323e-15,0.9999999999999922,0.0,0.0
8.291557420119447e-15,0.9999999999999923,0.0,0.0
8.188558039651328e-15,0.9999999999999925,0.0,0.0
8.086838138036129e-15,0.9999999999999926,0.0,0.0
7.986381821332281e-15,0.9999999999999928,0.0,0.0
7.887173393035921e-15,0.9999999999999929,0.0,0.0
7.789197351628296e-15,0.999999999999993,0.0,0.0
7.692438388153607e-15,0.9999999999999932,0.0,0.0
7.59688138382696e-15,0.9999999999999933,0.0,0.0
7.502511407672024e-15,0.9999999999999934,0.0,0.0
7.409313714188033e-15,0.9999999999999936,0.0,0.0
7.317273741045773e-15,0.9999999999999938,0.0,0.0
7.22637710681219e-15,0.9999999999999939,0.0,0.0
7.136609608703261e-15,0.999999999999994,0.0,0.0
7.047957220364779e-15,0.9999999999999942,0.0,0.0
6.960406089680705e-15,0.9999999999999943,0.0,0.0
6.873942536608754e-15,0.9999999999999944,0.0,0.0
6.788553051042851e-15,0.9999999999999946,0.0,0.0
6.7042242907021555e-15,0.9999999999999948,0.0,0.0
6.620943079046303e-15,0.9999999999999949,0.0,0.0
6.538696403216537e-15,0.999999999999995,0.0,0.0
6.457471412002437e-15,0.9999999999999951,0.0,0.0
6.377255413833873e-15,0.9999999999999953,0.0,0.0
6.298035874797939e-15,0.9999999999999954,0.0,0.0
6.2198004166804904e-15,0.9999999999999956,0.0,0.0
6.142536815032031e-15,0.9999999999999958,0.0,0.0
6.0662329972576144e-15,0.9999999999999959,0.0,0.0
5.990877040730476e-15,0.999999999999996,0.0,0.0
5.916457170929101e-15,0.9999999999999961,0.0,0.0
5.8429617595974296e-15,0.9999999999999963,0.0,0.0
5.770379322927917e-15,0.9999999999999964,0.0,0.0
5.698698519767169e-15,0.9999999999999966,0.0,0.0
5.6279081498438615e-15,0.9999999999999966,0.0,0.0
5.557997152018673e-15,0.9999999999999966,0.0,0.0
5.488954602555964e-15,0.9999999999999966,0.0,0.0
5.4207697134169155e-15,0.9999999999999966,0.0,0.0
5.3534318305738825e-15,0.9999999999999966,0.0,0.0
5.286930432345675e-15,0.9999999999999966,0.0,0.0
5.221255127753525e-15,0.9999999999999966,0.0,0.0
5.156395654897477e-15,0.9999999999999966,0.0,0.0
5.092341879352945e-15,0.9999999999999966,0.0,0.0
5.029083792587183e-15,0.9999999999999966,0.0,0.0
4.96661151039544e-15,0.9999999999999966,0.0,0.0
4.9049152713565285e-15,0.9999999999999966,0.0,0.0
4.843985435307578e-15,0.9999999999999966,0.0,0.0
4.783812481837747e-15,0.9999999999999966,0.0,0.0
4.7243870088006395e-15,0.9999999999999966,0.0,0.0
4.665699730845193e-15,0.9999999999999966,0.0,0.0
4.607741477964831e-15,0.9999999999999966,0.0,0.0
4.5505031940646274e-15,0.9999999999999966,0.0,0.0
4.4939759355462756e-15,0.9999999999999966,0.0,0.0
4.438150869910629e-15,0.9999999999999966,0.0,0.0
4.383019274377609e-15,0.9999999999999966,0.0,0.0
4.328572534523251e-15,0.9999999999999966,0.0,0.0
4.2748021429336826e-15,0.9999999999999966,0.0,0.0
4.221699697875826e-15,0.9999999999999966,0.0,0.0
4.169256901984607e-15,0.9999999999999966,0.0,0.0
4.117465560966473e-15,0.9999999999999966,0.0,0.0
4.066317582319025e-15,0.9999999999999966,0.0,0.0
4.01580497406654e-15,0.9999999999999966,0.0,0.0
3.965919843511214e-15,0.9999999999999966,0.0,0.0
3.916654395999908e-15,0.9999999999999966,0.0,0.0
3.868000933706221e-15,0.9999999999999966,0.0,0.0
3.819951854427686e-15,0.9999999999999966,0.0,0.0
3.772499650397912e-15,0.9999999999999966,0.0,0.0
3.725636907113481e-15,0.9999999999999966,0.0,0.0
3.679356302175414e-15,0.9999999999999966,0.0,0.0
3.6336506041450334e-15,0.9999999999999966,0.0,0.0
3.588512671414038e-15,0.9999999999999966,0.0,0.0
3.5439354510886054e-15,0.9999999999999966,0.0,0.0
3.4999119778873703e-15,0.9999999999999966,0.0,0.0
3.4564353730530817e-15,0.9999999999999966,0.0,0.0
3.413498843277783e-15,0.9999999999999966,0.0,0.0
3.3710956796413447e-15,0.9999999999999966,0.0,0.0
3.329219256563181e-15,0.9999999999999966,0.0,0.0
3.2878630307669905e-15,0.9999999999999966,0.0,0.0
3.2470205402583555e-15,0.9999999999999966,0.0,0.0
3.2066854033150417e-15,0.9999999999999966,0.0,0.0
3.1668513174898418e-15,0.9999999999999966,0.0,0.0
3.1275120586258057e-15,0.9999999999999966,0.0,0.0
3.088661479883702e-15,0.9999999999999966,0.0,0.0
3.0502935107815614e-15,0.9999999999999966,0.0,0.0
3.0124021562461555e-15,0.9999999999999966,0.0,0.0
2.974981495676249e-15,0.9999999999999966,0.0,0.0
2.9380256820174977e-15,0.9999999999999966,0.0,0.0
2.9015289408488327e-15,0.9999999999999966,0.0,0.0
2.865485569480195e-15,0.9999999999999966,0.0,0.0
2.829889936061481e-15,0.9999999999999966,0.0,0.0
2.7947364787025498e-15,0.9999999999999966,0.0,0.0
2.760019704604172e-15,0.9999999999999966,0.0,0.0
2.725734189199765e-15,0.9999999999999966,0.0,0.0
2.691874575307795e-15,0.9999999999999966,0.0,0.0
2.6584355722947047e-15,0.9999999999999966,0.0,0.0
2.6254119552482445e-15,0.9999999999999966,0.0,0.0
2.592798564161065e-15,0.9999999999999966,0.0,0.0
2.5605903031244587e-15,0.9999999999999966,0.0,0.0
2.5287821395321124e-15,0.9999999999999966,0.0,0.0
2.4973691032937526e-15,0.9999999999999966,0.0,0.0
2.4663462860585592e-15,0.9999999999999966,0.0,0.0
2.4357088404482246e-15,0.9999999999999966,0.0,0.0
2.4054519792995413e-15,0.9999999999999966,0.0,0.0
2.3755709749163996e-15,0.9999999999999966,0.0,0.0
2.3460611583310724e-15,0.9999999999999966,0.0,0.0
2.3169179185746823e-15,0.9999999999999966,0.0,0.0
2.288136701956727e-15,0.9999999999999966,0.0,0.0
2.259713011353555e-15,0.9999999999999966,0.0,0.0
2.231642405505684e-15,0.9999999999999966,0.0,0.0
2.2039204983238418e-15,0.9999999999999966,0.0,0.0
2.1765429582036323e-15,0.9999999999999966,0.0,0.0
2.1495055073487128e-15,0.9999999999999966,0.0,0.0
2.122803921102382e-15,0.9999999999999966,0.0,0.0
2.0964340272874648e-15,0.9999999999999966,0.0,0.0
2.070391705554405e-15,0.9999999999999966,0.0,0.0
2.0446728867374492e-15,0.9999999999999966,0.0,0.0
2.0192735522188345e-15,0.9999999999999966,0.0,0.0
1.994189733300868e-15,0.9999999999999966,0.0,0.0
1.9694175105858125e-15,0.9999999999999966,0.0,0.0
1.9449530133634702e-15,0.9999999999999966,0.0,0.0
1.920792419006379e-15,0.9999999999999966,0.0,0.0
1.8969319523725164e-15,0.9999999999999966,0.0,0.0
1.873367885215428e-15,0.9999999999999966,0.0,0.0
1.850096535601681e-15,0.9999999999999966,0.0,0.0
1.8271142673355535e-15,0.9999999999999966,0.0,0.0
1.8044174893908727e-15,0.9999999999999966,0.0,0.0
1.782002655349909e-15,0.9999999999999966,0.0,0.0
1.759866262849242e-15,0.9999999999999966,0.0,0.0
1.7380048530325077e-15,0.9999999999999966,0.0,0.0
1.7164150100099465e-15,0.9999999999999966,0.0,0.0
1.6950933603246623e-15,0.9999999999999966,0.0,0.0
1.6740365724255145e-15,0.9999999999999966,0.0,0.0
1.6532413561465545e-15,0.9999999999999966,0.0,0.0
1.6327044621929316e-15,0.9999999999999966,0.0,0.0
1.6124226816331846e-15,0.9999999999999966,0.0,0.0
1.5923928453978386e-15,0.9999999999999966,0.0,0.0
1.5726118237842322e-15,0.9999999999999966,0.0,0.0
1.5530765259674945e-15,0.9999999999999966,0.0,0.0
1.5337838995175983e-15,0.9999999999999966,0.0,0.0
1.5147309299224107e-15,0.9999999999999966,0.0,0.0
1.4959146401166702e-15,0.9999999999999966,0.0,0.0
1.4773320900168139e-15,0.9999999999999966,0.0,0.0
1.4589803760615834e-15,0.9999999999999966,0.0,0.0
1.4408566307583372e-15,0.9999999999999966,0.0,0.0
1.4229580222349998e-15,0.9999999999999966,0.0,0.0
1.4052817537975761e-15,0.9999999999999966,0.0,0.0
1.3878250634931607e-15,0.9999999999999966,0.0,0.0
1.370585223678379e-15,0.9999999999999966,0.0,0.0
1.3535595405931865e-15,0.9999999999999966,0.0,0.0
1.336745353939963e-15,0.9999999999999966,0.0,0.0
1.320140036467836e-15,0.9999999999999966,0.0,0.0
1.3037409935621683e-15,0.9999999999999966,0.0,0.0
1.2875456628391425e-15,0.9999999999999966,0.0,0.0
1.2715515137453846e-15,0.9999999999999966,0.0,0.0
1.2557560471625595e-15,0.9999999999999966,0.0,0.0
1.2401567950168783e-15,0.9999999999999966,0.0,0.0
1.2247513198934574e-15,0.9999999999999966,0.0,0.0
1.2095372146554672e-15,0.9999999999999966,0.0,0.0
1.1945121020680117e-15,0.9999999999999966,0.0,0.0
1.1796736344266812e-15,0.9999999999999966,0.0,0.0
1.165019493190719e-15,0.9999999999999966,0.0,0.0
1.1505473886207434e-15,0.9999999999999966,0.0,0.0
1.1362550594209727e-15,0.9999999999999966,0.0,0.0
1.1221402723858923e-15,0.9999999999999966,0.0,0.0
1.1082008220513125e-15,0.9999999999999966,0.0,0.0
1.094434530349759e-15,0.9999999999999966,0.0,0.0
1.0808392462701467e-15,0.9999999999999966,0.0,0.0
1.067412845521679e-15,0.9999999999999966,0.0,0.0
1.054153230201924e-15,0.9999999999999966,0.0,0.0
1.0410583284690116e-15,0.9999999999999966,0.0,0.0
1.0281260942179053e-15,0.9999999999999966,0.0,0.0
1.0153545067606934e-15,0.9999999999999966,0.0,0.0
1.0027415705108522e-15,0.9999999999999966,0.0,0.0
9.902853146714326e-16,0.9999999999999966,0.0,0.0
9.77983792927118e-16,0.9999999999999966,0.0,0.0
9.658350831401088e-16,0.9999999999999966,0.0,0.0
9.538372870497849e-16,0.9999999999999966,0.0,0.0
9.419885299760983e-16,0.9999999999999966,0.0,0.0
9.302869605266506e-16,0.9999999999999966,0.0,0.0
9.187307503074087e-16,0.9999999999999966,0.0,0.0
9.073180936370157e-16,0.9999999999999966,0.0,0.0
8.960472072646482e-16,0.9999999999999966,0.0,0.0
8.849163300913805e-16,0.9999999999999966,0.0,0.0
8.739237228950089e-16,0.9999999999999966,0.0,0.0
8.630676680582952e-16,0.9999999999999966,0.0,0.0
8.523464693005849e-16,0.9999999999999966,0.0,0.0
8.417584514127603e-16,0.9999999999999966,0.0,0.0
8.313019599954859e-16,0.9999999999999966,0.0,0.0
8.209753612007044e-16,0.9999999999999966,0.0,0.0
8.10777041476345e-16,0.9999999999999966,0.0,0.0
8.007054073142029e-16,0.9999999999999966,0.0,0.0
7.907588850009501e-16,0.9999999999999966,0.0,0.0
7.809359203722393e-16,0.9999999999999966,0.0,0.0
7.71234978569863e-16,0.9999999999999966,0.0,0.0
7.616545438019284e-16,0.9999999999999966,0.0,0.0
7.521931191060122e-16,0.9999999999999966,0.0,0.0
7.428492261152566e-16,0.9999999999999966,0.0,0.0
7.336214048273724e-16,0.9999999999999966,0.0,0.0
7.245082133765096e-16,0.9999999999999966,0.0,0.0
7.155082278079639e-16,0.9999999999999966,0.0,0.0
7.066200418556798e-16,0.9999999999999966,0.0,0.0
6.978422667225201e-16,0.9999999999999966,0.0,0.0
6.89173530863262e-16,0.9999999999999966,0.0,0.0
6.806124797702915e-16,0.9999999999999966,0.0,0.0
6.721577757619581e-16,0.9999999999999966,0.0,0.0
6.6380809777356e-16,0.9999999999999966,0.0,0.0
6.5556214115092445e-16,0.9999999999999966,0.0,0.0
6.474186174465532e-16,0.9999999999999966,0.0,0.0
6.393762542182997e-16,0.9999999999999966,0.0,0.0
6.314337948305478e-16,0.9999999999999966,0.0,0.0
6.235899982578598e-16,0.9999999999999966,0.0,0.0
6.158436388910631e-16,0.9999999999999966,0.0,0.0
6.081935063457472e-16,0.9999999999999966,0.0,0.0
6.006384052731381e-16,0.9999999999999966,0.0,0.0
5.931771551733226e-16,0.9999999999999966,0.0,0.0
5.858085902107931e-16,0.9999999999999966,0.0,0.0
5.785315590322834e-16,0.9999999999999966,0.0,0.0
5.713449245868668e-16,0.9999999999999966,0.0,0.0
5.642475639482903e-16,0.9999999999999966,0.0,0.0
5.572383681395153e-16,0.9999999999999966,0.0,0.0
5.503162419594365e-16,0.9999999999999966,0.0,0.0
5.434801038117557e-16,0.9999999999999966,0.0,0.0
5.367288855359793e-16,0.9999999999999966,0.0,0.0
5.300615322405168e-16,0.9999999999999966,0.0,0.0
5.234770021378515e-16,0.9999999999999966,0.0,0.0
5.169742663817588e-16,0.9999999999999966,0.0,0.0
5.105523089065473e-16,0.9999999999999966,0.0,0.0
5.042101262682965e-16,0.9999999999999966,0.0,0.0
4.97946727488066e-16,0.9999999999999966,0.0,0.0
4.917611338970542e-16,0.9999999999999966,0.0,0.0
4.856523789836779e-16,0.9999999999999966,0.0,0.0
4.796195082425541e-16,0.9999999999999966,0.0,0.0
4.736615790253558e-16,0.9999999999999966,0.0,0.0
4.677776603935218e-16,0.9999999999999966,0.0,0.0
4.619668329727953e-16,0.9999999999999966,0.0,0.0
4.562281888095699e-16,0.9999999999999966,0.0,0.0
4.505608312290201e-16,0.9999999999999966,0.0,0.0
4.449638746949941e-16,0.9999999999999966,0.0,0.0
4.394364446716465e-16,0.9999999999999966,0.0,0.0
4.3397767748679114e-16,0.9999999999999966,0.0,0.0
4.2858672019694965e-16,0.9999999999999966,0.0,0.0
4.2326273045407785e-16,0.9999999999999966,0.0,0.0
4.18004876373947e-16,0.9999999999999966,0.0,0.0
4.1281233640616026e-16,0.9999999999999966,0.0,0.0
4.076842992057837e-16,0.9999999999999966,0.0,0.0
4.0261996350657195e-16,0.9999999999999966,0.0,0.0
3.976185379957689e-16,0.9999999999999966,0.0,0.0
3.9267924119046343e-16,0.9999999999999966,0.0,0.0
3.878013013154808e-16,0.9999999999999966,0.0,0.0
3.8298395618279165e-16,0.9999999999999966,0.0,0.0
3.782264530724184e-16,0.9999999999999966,0.0,0.0
3.735280486148211e-16,0.9999999999999966,0.0,0.0
3.688880086747446e-16,0.9999999999999966,0.0,0.0
3.6430560823650835e-16,0.9999999999999966,0.0,0.0
3.5978013129072112e-16,0.9999999999999966,0.0,0.0
3.5531087072240336e-16,0.9999999999999966,0.0,0.0
3.5089712820049874e-16,0.9999999999999966,0.0,0.0
3.465382140687586e-16,0.9999999999999966,0.0,0.0
3.422334472379819e-16,0.9999999999999966,0.0,0.0
3.3798215507959353e-16,0.9999999999999966,0.0,0.0
3.337836733205447e-16,0.9999999999999966,0.0,0.0
3.2963734593951894e-16,0.9999999999999966,0.0,0.0
3.255425250644274e-16,0.9999999999999966,0.0,0.0
3.2149857087117766e-16,0.9999999999999966,0.0,0.0
3.175048514836998e-16,0.9999999999999966,0.0,0.0
3.135607428752145e-16,0.9999999999999966,0.0,0.0
3.0966562877072763e-16,0.9999999999999966,0.0,0.0
3.0581890055073595e-16,0.9999999999999966,0.0,0.0
3.02019957156129e-16,0.9999999999999966,0.0,0.0
2.9826820499427266e-16,0.9999999999999966,0.0,0.0
2.9456305784625895e-16,0.9999999999999966,0.0,0.0
2.9090393677530793e-16,0.9999999999999966,0.0,0.0
2.8729027003630804e-16,0.9999999999999966,0.0,0.0
2.8372149298647946e-16,0.9999999999999966,0.0,0.0
2.8019704799714767e-16,0.9999999999999966,0.0,0.0
2.7671638436661273e-16,0.9999999999999966,0.0,0.0
2.732789582341011e-16,0.9999999999999966,0.0,0.0
2.6988423249478645e-16,0.9999999999999966,0.0,0.0
2.6653167671586546e-16,0.9999999999999966,0.0,0.0
2.632207670536771e-16,0.9999999999999966,0.0,0.0
2.599509861718508e-16,0.9999999999999966,0.0,0.0
2.567218231604715e-16,0.9999999999999966,0.0,0.0
2.5353277345624915e-16,0.9999999999999966,0.0,0.0
2.503833387636795e-16,0.9999999999999966,0.0,0.0
2.472730269771845e-16,0.9999999999999966,0.0,0.0
2.442013521042196e-16,0.9999999999999966,0.0,0.0
2.4116783418933683e-16,0.9999999999999966,0.0,0.0
2.381719992391904e-16,0.9999999999999966,0.0,0.0
2.352133791484745e-16,0.9999999999999966,0.0,0.0
2.322915116267808e-16,0.9999999999999966,0.0,0.0
2.2940594012636463e-16,0.9999999999999966,0.0,0.0
2.2655621377080844e-16,0.9999999999999966,0.0,0.0
2.2374188728457157e-16,0.9999999999999966,0.0,0.0
2.2096252092341497e-16,0.9999999999999966,0.0,0.0
2.1821768040569018e-16,0.9999999999999966,0.0,0.0
2.1550693684448209e-16,0.9999999999999966,0.0,0.0
2.1282986668059435e-16,0.9999999999999966,0.0,0.0
2.1018605161636753e-16,0.9999999999999966,0.0,0.0
2.075750785503191e-16,0.9999999999999966,0.0,0.0
2.049965395125956e-16,0.9999999999999966,0.0,0.0
2.0245003160122647e-16,0.9999999999999966,0.0,0.0
1.9993515691916984e-16,0.9999999999999966,0.0,0.0
1.974515225121402e-16,0.9999999999999966,0.0,0.0
1.9499874030720866e-16,0.9999999999999966,0.0,0.0
1.925764270521656e-16,0.9999999999999966,0.0,0.0
1.9018420425563686e-16,0.9999999999999966,0.0,0.0
1.878216981279436e-16,0.9999999999999966,0.0,0.0
1.8548853952269697e-16,0.9999999999999966,0.0,0.0
1.8318436387911822e-16,0.9999999999999966,0.0,0.0
1.809088111650753e-16,0.9999999999999966,0.0,0.0
1.7866152582082715e-16,0.9999999999999966,0.0,0.0
1.764421567034667e-16,0.9999999999999966,0.0,0.0
1.7425035703205418e-16,0.9999999999999966,0.0,0.0
1.7208578433343186e-16,0.9999999999999966,0.0,0.0
1.6994810038871178e-16,0.9999999999999966,0.0,0.0
1.6783697118042864e-16,0.9999999999999966,0.0,0.0
1.6575206684034862e-16,0.9999999999999966,0.0,0.0
1.6369306159792695e-16,0.9999999999999966,0.0,0.0
1.616596337294056e-16,0.9999999999999966,0.0,0.0
1.5965146550754315e-16,0.9999999999999966,0.0,0.0
1.576682431519694e-16,0.9999999999999966,0.0,0.0
1.557096567801566e-16,0.9999999999999966,0.0,0.0
1.537754003589994e-16,0.9999999999999966,0.0,0.0
1.5186517165699693e-16,0.9999999999999966,0.0,0.0
1.4997867219702817e-16,0.9999999999999966,0.0,0.0
1.4811560720971455e-16,0.9999999999999966,0.0,0.0
1.462756855873615e-16,0.9999999999999966,0.0,0.0
1.4445861983847226e-16,0.9999999999999966,0.0,0.0
1.4266412604282682e-16,0.9999999999999966,0.0,0.0
1.4089192380711886e-16,0.9999999999999966,0.0,0.0
1.3914173622114353e-16,0.9999999999999966,0.0,0.0
1.3741328981452987e-16,0.9999999999999966,0.0,0.0
1.3570631451401042e-16,0.9999999999999966,0.0,0.0
1.3402054360122173e-16,0.9999999999999966,0.0,0.0
1.32355713671029e-16,0.9999999999999966,0.0,0.0
1.3071156459036866e-16,0.9999999999999966,0.0,0.0
1.2908783945760193e-16,0.9999999999999966,0.0,0.0
1.274842845623734e-16,0.9999999999999966,0.0,0.0
1.2590064934596836e-16,0.9999999999999966,0.0,0.0
1.2433668636216238e-16,0.9999999999999966,0.0,0.0
1.2279215123855745e-16,0.9999999999999966,0.0,0.0
1.2126680263839823e-16,0.9999999999999966,0.0,0.0
1.197604022228627e-16,0.9999999999999966,0.0,0.0
1.1827271461382126e-16,0.9999999999999966,0.0,0.0
1.168035073570583e-16,0.9999999999999966,0.0,0.0
1.1535255088595097e-16,0.9999999999999966,0.0,0.0
1.1391961848559873e-16,0.9999999999999966,0.0,0.0
1.1250448625739883e-16,0.9999999999999966,0.0,0.0
1.1110693308406158e-16,0.9999999999999966,0.0,0.0
1.0972674059506038e-16,0.9999999999999966,0.0,0.0
1.0836369313251089e-16,0.9999999999999966,0.0,0.0
1.0701757771747404e-16,0.9999999999999966,0.0,0.0
1.0568818401667763e-16,0.9999999999999966,0.0,0.0
1.0437530430965131e-16,0.9999999999999966,0.0,0.0
1.0307873345626988e-16,0.9999999999999966,0.0,0.0
1.0179826886469967e-16,0.9999999999999966,0.0,0.0
1.0053371045974322e-16,0.9999999999999966,0.0,0.0
9.928486065157708e-17,0.9999999999999966,0.0,0.0
9.805152430487799e-17,0.9999999999999966,0.0,0.0
9.68335087083326e-17,0.9999999999999966,0.0,0.0
9.563062354452598e-17,0.9999999999999966,0.0,0.0
9.444268086020405e-17,0.9999999999999966,0.0,0.0
9.326949503690559e-17,0.9999999999999966,0.0,0.0
9.211088276195892e-17,0.9999999999999966,0.0,0.0
9.096666299983895e-17,0.9999999999999966,0.0,0.0
8.983665696387994e-17,0.9999999999999966,0.0,0.0
8.872068808833989e-17,0.9999999999999966,0.0,0.0
8.761858200081157e-17,0.9999999999999966,0.0,0.0
8.653016649497664e-17,0.9999999999999966,0.0,0.0
8.545527150369799e-17,0.9999999999999966,0.0,0.0
8.439372907244639e-17,0.9999999999999966,0.0,0.0
8.334537333305733e-17,0.9999999999999966,0.0,0.0
8.231004047781367e-17,0.9999999999999966,0.0,0.0
8.128756873385047e-17,0.9999999999999966,0.0,0.0
8.027779833787755e-17,0.9999999999999966,0.0,0.0
7.928057151121621e-17,0.9999999999999966,0.0,0.0
7.829573243514598e-17,0.9999999999999966,0.0,0.0
7.732312722655762e-17,0.9999999999999966,0.0,0.0
7.636260391390857e-17,0.9999999999999966,0.0,0.0
7.541401241347709e-17,0.9999999999999966,0.0,0.0
7.447720450591137e-17,0.9999999999999966,0.0,0.0
7.355203381306996e-17,0.9999999999999966,0.0,0.0
7.26383557751499e-17,0.9999999999999966,0.0,0.0
7.173602762809892e-17,0.9999999999999966,0.0,0.0
7.084490838130829e-17,0.9999999999999966,0.0,0.0
6.996485879558279e-17,0.9999999999999966,0.0,0.0
6.909574136138421e-17,0.9999999999999966,0.0,0.0
6.823742027734529e-17,0.9999999999999966,0.0,0.0
6.738976142905041e-17,0.9999999999999966,0.0,0.0
6.655263236808005e-17,0.9999999999999966,0.0,0.0
6.57259022913153e-17,0.9999999999999966,0.0,0.0
6.490944202049973e-17,0.9999999999999966,0.0,0.0
6.410312398205497e-17,0.9999999999999966,0.0,0.0
6.330682218714711e-17,0.9999999999999966,0.0,0.0
6.252041221200067e-17,0.9999999999999966,0.0,0.0
6.174377117845709e-17,0.9999999999999966,0.0,0.0
6.097677773477486e-17,0.9999999999999966,0.0,0.0
6.021931203666799e-17,0.9999999999999966,0.0,0.0
5.947125572858013e-17,0.9999999999999966,0.0,0.0
5.873249192519124e-17,0.9999999999999966,0.0,0.0
5.800290519315407e-17,0.9999999999999966,0.0,0.0
5.728238153305744e-17,0.9999999999999966,0.0,0.0
5.657080836161357e-17,0.9999999999999966,0.0,0.0
5.586807449406678e-17,0.9999999999999966,0.0,0.0
5.5174070126820575e-17,0.9999999999999966,0.0,0.0
5.448868682028066e-17,0.9999999999999966,0.0,0.0
5.3811817481911e-17,0.9999999999999966,0.0,0.0
5.314335634950043e-17,0.9999999999999966,0.0,0.0
5.2483198974637056e-17,0.9999999999999966,0.0,0.0
5.183124220638799e-17,0.9999999999999966,0.0,0.0
5.118738417518183e-17,0.9999999999999966,0.0,0.0
5.055152427689129e-17,0.9999999999999966,0.0,0.0
4.992356315711365e-17,0.9999999999999966,0.0,0.0
4.930340269564637e-17,0.9999999999999966,0.0,0.0
4.869094599115567e-17,0.9999999999999966,0.0,0.0
4.808609734603547e-17,0.9999999999999966,0.0,0.0
4.748876225145441e-17,0.9999999999999966,0.0,0.0
4.689884737258873e-17,0.9999999999999966,0.0,0.0
4.6316260534038454e-17,0.9999999999999966,0.0,0.0
4.574091070542481e-17,0.9999999999999966,0.0,0.0
4.517270798716655e-17,0.9999999999999966,0.0,0.0
4.461156359643298e-17,0.9999999999999966,0.0,0.0
4.4057389853271406e-17,0.9999999999999966,0.0,0.0
4.351010016690704e-17,0.9999999999999966,0.0,0.0
4.2969609022212936e-17,0.9999999999999966,0.0,0.0
4.243583196634814e-17,0.9999999999999966,0.0,0.0
4.190868559556174e-17,0.9999999999999966,0.0,0.0
4.138808754216083e-17,0.9999999999999966,0.0,0.0
4.087395646164045e-17,0.9999999999999966,0.0,0.0
4.0366212019973284e-17,0.9999999999999966,0.0,0.0
3.986477488105734e-17,0.9999999999999966,0.0,0.0
3.936956669431951e-17,0.9999999999999966,0.0,0.0
3.888051008247315e-17,0.9999999999999966,0.0,0.0
3.839752862942769e-17,0.9999999999999966,0.0,0.0
3.792054686834848e-17,0.9999999999999966,0.0,0.0
3.7449490269864973e-17,0.9999999999999966,0.0,0.0
3.6984285230425307e-17,0.9999999999999966,0.0,0.0
3.6524859060795635e-17,0.9999999999999966,0.0,0.0
3.607113997470227e-17,0.9999999999999966,0.0,0.0
3.562305707761493e-17,0.9999999999999966,0.0,0.0
3.5180540355669354e-17,0.9999999999999966,0.0,0.0
3.474352066472746e-17,0.9999999999999966,0.0,0.0
3.431192971957344e-17,0.9999999999999966,0.0,0.0
3.388570008324406e-17,0.9999999999999966,0.0,0.0
3.34647651564915e-17,0.9999999999999966,0.0,0.0
3.3049059167377084e-17,0.9999999999999966,0.0,0.0
3.2638517160994287e-17,0.9999999999999966,0.0,0.0
3.223307498931937e-17,0.9999999999999966,0.0,0.0
3.183266930118817e-17,0.9999999999999966,0.0,0.0
3.14372375323973e-17,0.9999999999999966,0.0,0.0
3.1046717895928407e-17,0.9999999999999966,0.0,0.0
3.066104937229379e-17,0.9999999999999966,0.0,0.0
3.028017170000202e-17,0.9999999999999966,0.0,0.0
2.990402536614192e-17,0.9999999999999966,0.0,0.0
2.953255159708356e-17,0.9999999999999966,0.0,0.0
2.9165692349294805e-17,0.9999999999999966,0.0,0.0
2.8803390300271806e-17,0.9999999999999966,0.0,0.0
2.844558883958233e-17,0.9999999999999966,0.0,0.0
2.809223206002021e-17,0.9999999999999966,0.0,0.0
2.7743264748869754e-17,0.9999999999999966,0.0,0.0
2.7398632379278636e-17,0.9999999999999966,0.0,0.0
2.7058281101737972e-17,0.9999999999999966,0.0,0.0
2.6722157735668214e-17,0.9999999999999966,0.0,0.0
2.639020976110959e-17,0.9999999999999966,0.0,0.0
2.6062385310515744e-17,0.9999999999999966,0.0,0.0
2.5738633160649324e-17,0.9999999999999966,0.0,0.0
2.5418902724578262e-17,0.9999999999999966,0.0,0.0
2.5103144043771442e-17,0.9999999999999966,0.0,0.0
2.479130778029259e-17,0.9999999999999966,0.0,0.0
2.448334520909112e-17,0.9999999999999966,0.0,0.0
2.4179208210388757e-17,0.9999999999999966,0.0,0.0
2.3878849262160692e-17,0.9999999999999966,0.0,0.0
2.3582221432710204e-17,0.9999999999999966,0.0,0.0
2.328927837333546e-17,0.9999999999999966,0.0,0.0
2.2999974311087463e-17,0.9999999999999966,0.0,0.0
2.2714264041617906e-17,0.9999999999999966,0.0,0.0
2.243210292211592e-17,0.9999999999999966,0.0,0.0
2.2153446864332538e-17,0.9999999999999966,0.0,0.0
2.1878252327691825e-17,0.9999999999999966,0.0,0.0
2.160647631248756e-17,0.9999999999999966,0.0,0.0
2.1338076353164447e-17,0.9999999999999966,0.0,0.0
2.10730105116828e-17,0.9999999999999966,0.0,0.0
2.0811237370965623e-17,0.9999999999999966,0.0,0.0
2.0552716028427113e-17,0.9999999999999966,0.0,0.0
2.029740608958155e-17,0.9999999999999966,0.0,0.0
2.0045267661731574e-17,0.9999999999999966,0.0,0.0
1.979626134773487e-17,0.9999999999999966,0.0,0.0
1.9550348239848284e-17,0.9999999999999966,0.0,0.0
1.9307489913648412e-17,0.9999999999999966,0.0,0.0
1.90676484220277e-17,0.9999999999999966,0.0,0.0
1.8830786289265138e-17,0.9999999999999966,0.0,0.0
1.8596866505170597e-17,0.9999999999999966,0.0,0.0
1.8365852519301908e-17,0.9999999999999966,0.0,0.0
1.81377082352538e-17,0.9999999999999966,0.0,0.0
1.791239800501774e-17,0.9999999999999966,0.0,0.0
1.7689886623411867e-17,0.9999999999999966,0.0,0.0
1.7470139322580122e-17,0.9999999999999966,0.0,0.0
1.725312176655968e-17,0.9999999999999966,0.0,0.0
1.7038800045915907e-17,0.9999999999999966,0.0,0.0
1.682714067244392e-17,0.9999999999999966,0.0,0.0
1.6618110573936005e-17,0.9999999999999966,0.0,0.0
1.6411677089014008e-17,0.9999999999999966,0.0,0.0
1.620780796202593e-17,0.9999999999999966,0.0,0.0
1.600647133800592e-17,0.9999999999999966,0.0,0.0
1.5807635757696868e-17,0.9999999999999966,0.0,0.0
1.5611270152634822e-17,0.9999999999999966,0.0,0.0
1.5417343840294495e-17,0.9999999999999966,0.0,0.0
1.5225826519295055e-17,0.9999999999999966,0.0,0.0
1.5036688264665464e-17,0.9999999999999966,0.0,0.0
1.4849899523168638e-17,0.9999999999999966,0.0,0.0
1.466543110868371e-17,0.9999999999999966,0.0,0.0
1.4483254197645622e-17,0.9999999999999966,0.0,0.0
1.4303340324541397e-17,0.9999999999999966,0.0,0.0
1.4125661377462333e-17,0.9999999999999966,0.0,0.0
1.395018959371147e-17,0.9999999999999966,0.0,0.0
1.377689755546561e-17,0.9999999999999966,0.0,0.0
1.3605758185491224e-17,0.9999999999999966,0.0,0.0
1.3436744742913576e-17,0.9999999999999966,0.0,0.0
1.3269830819038413e-17,0.9999999999999966,0.0,0.0
1.3104990333225556e-17,0.9999999999999966,0.0,0.0
1.2942197528813732e-17,0.9999999999999966,0.0,0.0
1.278142696909606e-17,0.9999999999999966,0.0,0.0
1.26226535333455e-17,0.9999999999999966,0.0,0.0
1.2465852412889706e-17,0.9999999999999966,0.0,0.0
1.2310999107234597e-17,0.9999999999999966,0.0,0.0
1.2158069420236125e-17,0.9999999999999966,0.0,0.0
1.200703945631957e-17,0.9999999999999966,0.0,0.0
1.1857885616745803e-17,0.9999999999999966,0.0,0.0
1.1710584595923946e-17,0.9999999999999966,0.0,0.0
1.156511337776982e-17,0.9999999999999966,0.0,0.0
1.1421449232109632e-17,0.9999999999999966,0.0,0.0
1.1279569711128349e-17,0.9999999999999966,0.0,0.0
1.1139452645862166e-17,0.9999999999999966,0.0,0.0
1.1001076142734576e-17,0.9999999999999966,0.0,0.0
1.0864418580135446e-17,0.9999999999999966,0.0,0.0
1.0729458605042594e-17,0.9999999999999966,0.0,0.0
1.0596175129685344e-17,0.9999999999999966,0.0,0.0
1.0464547328249511e-17,0.9999999999999966,0.0,0.0
1.0334554633623333e-17,0.9999999999999966,0.0,0.0
1.0206176734183811e-17,0.9999999999999966,0.0,0.0
1.0079393570622977e-17,0.9999999999999966,0.0,0.0
9.95418533281359e-18,0.9999999999999966,0.0,0.0
9.830532456713764e-18,0.9999999999999966,0.0,0.0
9.708415621310039e-18,0.9999999999999966,0.0,0.0
9.587815745598446e-18,0.9999999999999966,0.0,0.0
9.46871398560305e-18,0.9999999999999966,0.0,0.0
9.351091731431544e-18,0.9999999999999966,0.0,0.0
9.234930604367418e-18,0.9999999999999966,0.0,0.0
9.120212453998243e-18,0.9999999999999966,0.0,0.0
9.006919355379635e-18,0.9999999999999966,0.0,0.0
8.895033606234447e-18,0.9999999999999966,0.0,0.0
8.784537724186748e-18,0.9999999999999966,0.0,0.0
8.67541444403017e-18,0.9999999999999966,0.0,0.0
8.567646715030182e-18,0.9999999999999966,0.0,0.0
8.461217698259878e-18,0.9999999999999966,0.0,0.0
8.356110763968867e-18,0.9999999999999966,0.0,0.0
8.252309488984828e-18,0.9999999999999966,0.0,0.0
8.149797654147367e-18,0.9999999999999966,0.0,0.0
8.048559241773733e-18,0.9999999999999966,0.0,0.0
7.948578433156033e-18,0.9999999999999966,0.0,0.0
7.84983960608951e-18,0.9999999999999966,0.0,0.0
7.752327332431556e-18,0.9999999999999966,0.0,0.0
7.65602637569103e-18,0.9999999999999966,0.0,0.0
7.560921688647521e-18,0.9999999999999966,0.0,0.0
7.46699841100019e-18,0.9999999999999966,0.0,0.0
7.374241867045827e-18,0.9999999999999966,0.0,0.0
7.282637563385727e-18,0.9999999999999966,0.0,0.0
7.192171186661077e-18,0.9999999999999966,0.0,0.0
7.102828601316469e-18,0.9999999999999966,0.0,0.0
7.014595847391177e-18,0.9999999999999966,0.0,0.0
6.927459138337896e-18,0.9999999999999966,0.0,0.0
6.841404858868559e-18,0.9999999999999966,0.0,0.0
6.756419562826928e-18,0.9999999999999966,0.0,0.0
6.672489971087596e-18,0.9999999999999966,0.0,0.0
6.589602969481105e-18,0.9999999999999966,0.0,0.0
6.5077456067448226e-18,0.9999999999999966,0.0,0.0
6.4269050924992874e-18,0.9999999999999966,0.0,0.0
6.3470687952496826e-18,0.9999999999999966,0.0,0.0
6.2682242404121395e-18,0.9999999999999966,0.0,0.0
6.19035910836456e-18,0.9999999999999966,0.0,0.0
6.113461232521647e-18,0.9999999999999966,0.0,0.0
6.037518597433858e-18,0.9999999999999966,0.0,0.0
5.962519336909956e-18,0.9999999999999966,0.0,0.0
5.8884517321629035e-18,0.9999999999999966,0.0,0.0
5.8153042099787706e-18,0.9999999999999966,0.0,0.0
5.743065340908402e-18,0.9999999999999966,0.0,0.0
5.6717238374815374e-18,0.9999999999999966,0.0,0.0
5.6012685524431274e-18,0.9999999999999966,0.0,0.0
5.531688477011547e-18,0.9999999999999966,0.0,0.0
5.462972739158451e-18,0.9999999999999966,0.0,0.0
5.395110601910002e-18,0.9999999999999966,0.0,0.0
5.328091461669194e-18,0.9999999999999966,0.0,0.0
5.261904846559014e-18,0.9999999999999966,0.0,0.0
5.1965404147862e-18,0.9999999999999966,0.0,0.0
5.131987953025306e-18,0.9999999999999966,0.0,0.0
5.068237374822853e-18,0.9999999999999966,0.0,0.0
5.0052787190212996e-18,0.9999999999999966,0.0,0.0
4.94310214820259e-18,0.9999999999999966,0.0,0.0
4.881697947151039e-18,0.9999999999999966,0.0,0.0
4.821056521335309e-18,0.9999999999999966,0.0,0.0
4.7611683954092425e-18,0.9999999999999966,0.0,0.0
4.702024211731326e-18,0.9999999999999966,0.0,0.0
4.643614728902533e-18,0.9999999999999966,0.0,0.0
4.5859308203223394e-18,0.9999999999999966,0.0,0.0
4.528963472762676e-18,0.9999999999999966,0.0,0.0
4.472703784959589e-18,0.9999999999999966,0.0,0.0
4.4171429662224004e-18,0.9999999999999966,0.0,0.0
4.362272335060148e-18,0.9999999999999966,0.0,0.0
4.308083317825079e-18,0.9999999999999966,0.0,0.0
4.254567447373008e-18,0.9999999999999966,0.0,0.0
4.201716361740301e-18,0.9999999999999966,0.0,0.0
4.149521802837304e-18,0.9999999999999966,0.0,0.0
4.097975615158002e-18,0.9999999999999966,0.0,0.0
4.0470697445057e-18,0.9999999999999966,0.0,0.0
3.996796236734545e-18,0.9999999999999966,0.0,0.0
3.9471472365066675e-18,0.9999999999999966,0.0,0.0
3.898114986064775e-18,0.9999999999999966,0.0,0.0
3.849691824019981e-18,0.9999999999999966,0.0,0.0
3.801870184154701e-18,0.9999999999999966,0.0,0.0
3.754642594240416e-18,0.9999999999999966,0.0,0.0
3.70800167487012e-18,0.9999999999999966,0.0,0.0
3.661940138305272e-18,0.9999999999999966,0.0,0.0
3.6164507873370745e-18,0.9999999999999966,0.0,0.0
3.571526514161892e-18,0.9999999999999966,0.0,0.0
3.527160299270645e-18,0.9999999999999966,0.0,0.0
3.483345210351996e-18,0.9999999999999966,0.0,0.0
3.4400744012091612e-18,0.9999999999999966,0.0,0.0
3.39734111069018e-18,0.9999999999999966,0.0,0.0
3.35513866163147e-18,0.9999999999999966,0.0,0.0
3.3134604598145074e-18,0.9999999999999966,0.0,0.0
3.272299992935465e-18,0.9999999999999966,0.0,0.0
3.231650829587655e-18,0.9999999999999966,0.0,0.0
3.191506618256605e-18,0.9999999999999966,0.0,0.0
3.151861086327623e-18,0.9999999999999966,0.0,0.0
3.1127080391056885e-18,0.9999999999999966,0.0,0.0
3.0740413588475187e-18,0.9999999999999966,0.0,0.0
3.0358550038056562e-18,0.9999999999999966,0.0,0.0
2.9981430072844387e-18,0.9999999999999966,0.0,0.0
2.960899476707686e-18,0.9999999999999966,0.0,0.0
2.9241185926979756e-18,0.9999999999999966,0.0,0.0
2.8877946081673518e-18,0.9999999999999966,0.0,0.0
2.8519218474193325e-18,0.9999999999999966,0.0,0.0
2.816494705262069e-18,0.9999999999999966,0.0,0.0
2.7815076461325253e-18,0.9999999999999966,0.0,0.0
2.746955203231532e-18,0.9999999999999966,0.0,0.0
2.7128319776695908e-18,0.9999999999999966,0.0,0.0
2.6791326376232855e-18,0.9999999999999966,0.0,0.0
2.6458519175021748e-18,0.9999999999999966,0.0,0.0
2.6129846171260314e-18,0.9999999999999966,0.0,0.0
2.5805256009123043e-18,0.9999999999999966,0.0,0.0
2.5484697970736745e-18,0.9999999999999966,0.0,0.0
2.5168121968255755e-18,0.9999999999999966,0.0,0.0
2.485547853603563e-18,0.9999999999999966,0.0,0.0
2.454671882290403e-18,0.9999999999999966,0.0,0.0
2.4241794584527616e-18,0.9999999999999966,0.0,0.0
2.3940658175873794e-18,0.9999999999999966,0.0,0.0
2.3643262543766058e-18,0.9999999999999966,0.0,0.0
2.334956121953186e-18,0.9999999999999966,0.0,0.0
2.3059508311741766e-18,0.9999999999999966,0.0,0.0
2.277305849903883e-18,0.9999999999999966,0.0,0.0
2.249016702305706e-18,0.9999999999999966,0.0,0.0
2.2210789681427794e-18,0.9999999999999966,0.0,0.0
2.1934882820873024e-18,0.9999999999999966,0.0,0.0
2.1662403330384476e-18,0.9999999999999966,0.0,0.0
2.139330863448741e-18,0.9999999999999966,0.0,0.0
2.1127556686588134e-18,0.9999999999999966,0.0,0.0
2.0865105962404125e-18,0.9999999999999966,0.0,0.0
2.060591545347579e-18,0.9999999999999966,0.0,0.0
2.0349944660758795e-18,0.9999999999999966,0.0,0.0
2.0097153588296023e-18,0.9999999999999966,0.0,0.0
1.9847502736968108e-18,0.9999999999999966,0.0,0.0
1.9600953098321627e-18,0.9999999999999966,0.0,0.0
1.9357466148473946e-18,0.9999999999999966,0.0,0.0
1.9117003842093795e-18,0.9999999999999966,0.0,0.0
1.8879528606456585e-18,0.9999999999999966,0.0,0.0
1.8645003335573626e-18,0.9999999999999966,0.0,0.0
1.84133913843942e-18,0.9999999999999966,0.0,0.0
1.8184656563079742e-18,0.9999999999999966,0.0,0.0
1.795876313134907e-18,0.9999999999999966,0.0,0.0
1.77356757928939e-18,0.9999999999999966,0.0,0.0
1.7515359689863746e-18,0.9999999999999966,0.0,0.0
1.7297780397419284e-18,0.9999999999999966,0.0,0.0
1.7082903918353414e-18,0.9999999999999966,0.0,0.0
1.6870696677779128e-18,0.9999999999999966,0.0,0.0
1.666112551788336e-18,0.9999999999999966,0.0,0.0
1.6454157692746013e-18,0.9999999999999966,0.0,0.0
1.6249760863223346e-18,0.9999999999999966,0.0,0.0
1.6047903091894906e-18,0.9999999999999966,0.0,0.0
1.584855283807326e-18,0.9999999999999966,0.0,0.0
1.5651678952875672e-18,0.9999999999999966,0.0,0.0
1.5457250674357055e-18,0.9999999999999966,0.0,0.0
1.5265237622703334e-18,0.9999999999999966,0.0,0.0
1.507560979548455e-18,0.9999999999999966,0.0,0.0
1.4888337562966905e-18,0.9999999999999966,0.0,0.0
1.4703391663483076e-18,0.9999999999999966,0.0,0.0
1.4520743198860003e-18,0.9999999999999966,0.0,0.0
1.4340363629903502e-18,0.9999999999999966,0.0,0.0
1.4162224771938947e-18,0.9999999999999966,0.0,0.0
1.3986298790407369e-18,0.9999999999999966,0.0,0.0
1.3812558196516239e-18,0.9999999999999966,0.0,0.0
1.3640975842944294e-18,0.9999999999999966,0.0,0.0
1.3471524919599714e-18,0.9999999999999966,0.0,0.0
1.3304178949430988e-18,0.9999999999999966,0.0,0.0
1.3138911784289818e-18,0.9999999999999966,0.0,0.0
1.2975697600845423e-18,0.9999999999999966,0.0,0.0
1.281451089654959e-18,0.9999999999999966,0.0,0.0
1.2655326485651842e-18,0.9999999999999966,0.0,0.0
1.2498119495264125e-18,0.9999999999999966,0.0,0.0
1.2342865361474362e-18,0.9999999999999966,0.0,0.0
1.2189539825508293e-18,0.9999999999999966,0.0,0.0
1.2038118929938986e-18,0.9999999999999966,0.0,0.0
1.1888579014943452e-18,0.9999999999999966,0.0,0.0
1.1740896714605741e-18,0.9999999999999966,0.0,0.0
1.1595048953265974e-18,0.9999999999999966,0.0,0.0
1.145101294191472e-18,0.9999999999999966,0.0,0.0
1.130876617463217e-18,0.9999999999999966,0.0,0.0
1.1168286425071546e-18,0.9999999999999966,0.0,0.0
1.1029551742986175e-18,0.9999999999999966,0.0,0.0
1.0892540450799735e-18,0.9999999999999966,0.0,0.0
1.0757231140219078e-18,0.9999999999999966,0.0,0.0
1.0623602668889147e-18,0.9999999999999966,0.0,0.0
1.0491634157089434e-18,0.9999999999999966,0.0,0.0
1.0361304984471486e-18,0.9999999999999966,0.0,0.0
1.0232594786836937e-18,0.9999999999999966,0.0,0.0
1.0105483452955547e-18,0.9999999999999966,0.0,0.0
9.979951121422801e-19,0.9999999999999966,0.0,0.0
9.855978177556502e-19,0.9999999999999966,0.0,0.0
9.733545250331958e-19,0.9999999999999966,0.0,0.0
9.612633209355205e-19,0.9999999999999966,0.0,0.0
9.49322316187385e-19,0.9999999999999966,0.0,0.0
9.37529644982504e-19,0.9999999999999966,0.0,0.0
9.258834646920103e-19,0.9999999999999966,0.0,0.0
9.143819555765394e-19,0.9999999999999966,0.0,0.0
9.030233205018934e-19,0.9999999999999966,0.0,0.0
8.918057846582332e-19,0.9999999999999966,0.0,0.0
8.807275952827612e-19,0.9999999999999966,0.0,0.0
8.697870213858498e-19,0.9999999999999966,0.0,0.0
8.589823534805696e-19,0.9999999999999966,0.0,0.0
8.483119033155788e-19,0.9999999999999966,0.0,0.0
8.377740036113305e-19,0.9999999999999966,0.0,0.0
8.273670077995569e-19,0.9999999999999966,0.0,0.0
8.170892897659902e-19,0.9999999999999966,0.0,0.0
8.06939243596278e-19,0.9999999999999966,0.0,0.0
7.969152833250566e-19,0.9999999999999966,0.0,0.0
7.870158426881402e-19,0.9999999999999966,0.0,0.0
7.772393748777895e-19,0.9999999999999966,0.0,0.0
7.675843523010192e-19,0.9999999999999966,0.0,0.0
7.580492663409093e-19,0.9999999999999966,0.0,0.0
7.486326271208795e-19,0.9999999999999966,0.0,0.0
7.393329632718941e-19,0.9999999999999966,0.0,0.0
7.301488217025571e-19,0.9999999999999966,0.0,0.0
7.210787673720635e-19,0.9999999999999966,0.0,0.0
7.121213830659717e-19,0.9999999999999966,0.0,0.0
7.032752691747605e-19,0.9999999999999966,0.0,0.0
6.945390434751372e-19,0.9999999999999966,0.0,0.0
6.859113409140629e-19,0.9999999999999966,0.0,0.0
6.773908133954599e-19,0.9999999999999966,0.0,0.0
6.689761295695687e-19,0.9999999999999966,0.0,0.0
6.606659746249223e-19,0.9999999999999966,0.0,0.0
6.52459050082904e-19,0.9999999999999966,0.0,0.0
6.443540735948574e-19,0.9999999999999966,0.0,0.0
6.363497787417171e-19,0.9999999999999966,0.0,0.0
6.284449148361282e-19,0.9999999999999966,0.0,0.0
6.20638246727023e-19,0.9999999999999966,0.0,0.0
6.129285546066274e-19,0.9999999999999966,0.0,0.0
6.053146338198626e-19,0.9999999999999966,0.0,0.0
5.977952946761154e-19,0.9999999999999966,0.0,0.0
5.903693622633469e-19,0.9999999999999966,0.0,0.0
5.830356762645098e-19,0.9999999999999966,0.0,0.0
5.75793090776247e-19,0.9999999999999966,0.0,0.0
5.68640474129841e-19,0.9999999999999966,0.0,0.0
5.615767087143895e-19,0.9999999999999966,0.0,0.0
5.546006908021751e-19,0.9999999999999966,0.0,0.0
5.477113303762069e-19,0.9999999999999966,0.0,0.0
5.409075509599019e-19,0.9999999999999966,0.0,0.0
5.341882894488848e-19,0.9999999999999966,0.0,0.0
5.275524959448743e-19,0.9999999999999966,0.0,0.0
5.209991335916351e-19,0.9999999999999966,0.0,0.0
5.145271784129671e-19,0.9999999999999966,0.0,0.0
5.081356191527069e-19,0.9999999999999966,0.0,0.0
5.018234571167164e-19,0.9999999999999966,0.0,0.0
4.95589706016836e-19,0.9999999999999966,0.0,0.0
4.89433391816774e-19,0.9999999999999966,0.0,0.0
4.833535525799119e-19,0.9999999999999966,0.0,0.0
4.773492383189996e-19,0.9999999999999966,0.0,0.0
4.714195108477187e-19,0.9999999999999966,0.0,0.0
4.655634436340879e-19,0.9999999999999966,0.0,0.0
4.597801216556912e-19,0.9999999999999966,0.0,0.0
4.5406864125670375e-19,0.9999999999999966,0.0,0.0
4.484281100066931e-19,0.9999999999999966,0.0,0.0
4.428576465611764e-19,0.9999999999999966,0.0,0.0
4.373563805239072e-19,0.9999999999999966,0.0,0.0
4.3192345231087525e-19,0.9999999999999966,0.0,0.0
4.265580130159942e-19,0.9999999999999966,0.0,0.0
4.212592242784586e-19,0.9999999999999966,0.0,0.0
4.1602625815174793e-19,0.9999999999999966,0.0,0.0
4.1085829697425875e-19,0.9999999999999966,0.0,0.0
4.057545332415431e-19,0.9999999999999966,0.0,0.0
4.0071416948013443e-19,0.9999999999999966,0.0,0.0
3.9573641812294055e-19,0.9999999999999966,0.0,0.0
3.90820501386185e-19,0.9999999999999966,0.0,0.0
3.8596565114787634e-19,0.9999999999999966,0.0,0.0
3.8117110882778804e-19,0.9999999999999966,0.0,0.0
3.764361252689282e-19,0.9999999999999966,0.0,0.0
3.717599606204827e-19,0.9999999999999966,0.0,0.0
3.6714188422221176e-19,0.9999999999999966,0.0,0.0
3.6258117449028293e-19,0.9999999999999966,0.0,0.0
3.5807711880452203e-19,0.9999999999999966,0.0,0.0
3.536290133970649e-19,0.9999999999999966,0.0,0.0
3.492361632423921e-19,0.9999999999999966,0.0,0.0
3.4489788194873007e-19,0.9999999999999966,0.0,0.0
3.4061349165080047e-19,0.9999999999999966,0.0,0.0
3.3638232290390304e-19,0.9999999999999966,0.0,0.0
3.3220371457931287e-19,0.9999999999999966,0.0,0.0
3.2807701376097805e-19,0.9999999999999966,0.0,0.0
3.2400157564350017e-19,0.9999999999999966,0.0,0.0
3.1997676343138215e-19,0.9999999999999966,0.0,0.0
3.160019482395275e-19,0.9999999999999966,0.0,0.0
3.120765089949759e-19,0.9999999999999966,0.0,0.0
3.0819983233985934e-19,0.9999999999999966,0.0,0.0
3.0437131253556344e-19,0.9999999999999966,0.0,0.0
3.0059035136807994e-19,0.9999999999999966,0.0,0.0
2.9685635805453427e-19,0.9999999999999966,0.0,0.0
2.931687491508745e-19,0.9999999999999966,0.0,0.0
2.8952694846070707e-19,0.9999999999999966,0.0,0.0
2.8593038694526526e-19,0.9999999999999966,0.0,0.0
2.823785026344951e-19,0.9999999999999966,0.0,0.0
2.7887074053924706e-19,0.9999999999999966,0.0,0.0
2.7540655256455725e-19,0.9999999999999966,0.0,0.0
2.719853974240069e-19,0.9999999999999966,0.0,0.0
2.686067405551452e-19,0.9999999999999966,0.0,0.0
2.652700540359627e-19,0.9999999999999966,0.0,0.0
2.619748165024023e-19,0.9999999999999966,0.0,0.0
2.5872051306689553e-19,0.9999999999999966,0.0,0.0
2.555066352379098e-19,0.9999999999999966,0.0,0.0
2.5233268084049587e-19,0.9999999999999966,0.0,0.0
2.491981539378219e-19,0.9999999999999966,0.0,0.0
2.461025647536823e-19,0.9999999999999966,0.0,0.0
2.4304542959596915e-19,0.9999999999999966,0.0,0.0
2.4002627078109453e-19,0.9999999999999966,0.0,0.0
2.370446165593513e-19,0.9999999999999966,0.0,0.0
2.3410000104120123e-19,0.9999999999999966,0.0,0.0
2.3119196412447897e-19,0.9999999999999966,0.0,0.0
2.2832005142250004e-19,0.9999999999999966,0.0,0.0
2.25483814193062e-19,0.9999999999999966,0.0,0.0
2.2268280926832744e-19,0.9999999999999966,0.0,0.0
2.1991659898557846e-19,0.9999999999999966,0.0,0.0
2.1718475111883065e-19,0.9999999999999966,0.0,0.0
2.1448683881129703e-19,0.9999999999999966,0.0,0.0
2.1182244050869075e-19,0.9999999999999966,0.0,0.0
2.0919113989335643e-19,0.9999999999999966,0.0,0.0
2.065925258192197e-19,0.9999999999999966,0.0,0.0
2.0402619224754472e-19,0.9999999999999966,0.0,0.0
2.014917381834898e-19,0.9999999999999966,0.0,0.0
1.9898876761345127e-19,0.9999999999999966,0.0,0.0
1.9651688944318534e-19,0.9999999999999966,0.0,0.0
1.9407571743669898e-19,0.9999999999999966,0.0,0.0
1.9166487015589974e-19,0.9999999999999966,0.0,0.0
1.8928397090099525e-19,0.9999999999999966,0.0,0.0
1.8693264765163313e-19,0.9999999999999966,0.0,0.0
1.8461053300877198e-19,0.9999999999999966,0.0,0.0
1.8231726413727464e-19,0.9999999999999966,0.0,0.0
1.800524827092144e-19,0.9999999999999966,0.0,0.0
1.778158348478855e-19,0.9999999999999966,0.0,0.0
1.7560697107250932e-19,0.9999999999999966,0.0,0.0
1.734255462436271e-19,0.9999999999999966,0.0,0.0
1.712712195091713e-19,0.9999999999999966,0.0,0.0
1.6914365425120683e-19,0.9999999999999966,0.0,0.0
1.6704251803333365e-19,0.9999999999999966,0.0,0.0
1.649674825487431e-19,0.9999999999999966,0.0,0.0
1.6291822356891915e-19,0.9999999999999966,0.0,0.0
1.6089442089297706e-19,0.9999999999999966,0.0,0.0
1.588957582976314e-19,0.9999999999999966,0.0,0.0
1.569219234877855e-19,0.9999999999999966,0.0,0.0
1.549726080477346e-19,0.9999999999999966,0.0,0.0
1.530475073929754e-19,0.9999999999999966,0.0,0.0
1.5114632072261413e-19,0.9999999999999966,0.0,0.0
1.4926875097236562e-19,0.9999999999999966,0.0,0.0
1.474145047681366e-19,0.9999999999999966,0.0,0.0
1.4558329238018526e-19,0.9999999999999966,0.0,0.0
1.4377482767785048e-19,0.9999999999999966,0.0,0.0
1.419888280848433e-19,0.9999999999999966,0.0,0.0
1.4022501453509376e-19,0.9999999999999966,0.0,0.0
1.384831114291463e-19,0.9999999999999966,0.0,0.0
1.3676284659109685e-19,0.9999999999999966,0.0,0.0
1.3506395122606467e-19,0.9999999999999966,0.0,0.0
1.3338615987819258e-19,0.9999999999999966,0.0,0.0
1.3172921038916918e-19,0.9999999999999966,0.0,0.0
1.3009284385726576e-19,0.9999999999999966,0.0,0.0
1.2847680459688264e-19,0.9999999999999966,0.0,0.0
1.268808400985976e-19,0.9999999999999966,0.0,0.0
1.2530470098971091e-19,0.9999999999999966,0.0,0.0
1.237481409952802e-19,0.9999999999999966,0.0,0.0
1.2221091689963959e-19,0.9999999999999966,0.0,0.0
1.2069278850839674e-19,0.9999999999999966,0.0,0.0
1.1919351861090198e-19,0.9999999999999966,0.0,0.0
1.177128729431836e-19,0.9999999999999966,0.0,0.0
1.1625062015134374e-19,0.9999999999999966,0.0,0.0
1.1480653175540877e-19,0.9999999999999966,0.0,0.0
1.1338038211362889e-19,0.9999999999999966,0.0,0.0
1.1197194838722118e-19,0.9999999999999966,0.0,0.0
1.1058101050555047e-19,0.9999999999999966,0.0,0.0
1.09207351131743e-19,0.9999999999999966,0.0,0.0
1.0785075562872689e-19,0.9999999999999966,0.0,0.0
1.0651101202569491e-19,0.9999999999999966,0.0,0.0
1.0518791098498344e-19,0.9999999999999966,0.0,0.0
1.0388124576936309e-19,0.9999999999999966,0.0,0.0
1.0259081220973556e-19,0.9999999999999966,0.0,0.0
1.0131640867323185e-19,0.9999999999999966,0.0,0.0
1.0005783603170664e-19,0.9999999999999966,0.0,0.0
9.881489763062423e-20,0.9999999999999966,0.0,0.0
9.758739925833071e-20,0.9999999999999966,0.0,0.0
9.637514911570814e-20,0.9999999999999966,0.0,0.0
9.517795778620547e-20,0.9999999999999966,0.0,0.0
9.399563820624184e-20,0.9999999999999966,0.0,0.0
9.282800563597752e-20,0.9999999999999966,0.0,0.0
9.16748776304479e-20,0.9999999999999966,0.0,0.0
9.053607401105613e-20,0.9999999999999966,0.0,0.0
8.941141683741985e-20,0.9999999999999966,0.0,0.0
8.83007303795676e-20,0.9999999999999966,0.0,0.0
8.720384109048072e-20,0.9999999999999966,0.0,0.0
8.612057757897622e-20,0.9999999999999966,0.0,0.0
8.505077058292658e-20,0.9999999999999966,0.0,0.0
8.399425294281219e-20,0.9999999999999966,0.0,0.0
8.295085957560236e-20,0.9999999999999966,0.0,0.0
8.192042744896073e-20,0.9999999999999966,0.0,0.0
8.090279555577112e-20,0.9999999999999966,0.0,0.0
7.989780488897994e-20,0.9999999999999966,0.0,0.0
7.890529841675087e-20,0.9999999999999966,0.0,0.0
7.792512105792841e-20,0.9999999999999966,0.0,0.0
7.695711965780615e-20,0.9999999999999966,0.0,0.0
7.600114296419595e-20,0.9999999999999966,0.0,0.0
7.505704160379455e-20,0.9999999999999966,0.0,0.0
7.412466805884366e-20,0.9999999999999966,0.0,0.0
7.320387664408001e-20,0.9999999999999966,0.0,0.0
7.229452348397174e-20,0.9999999999999966,0.0,0.0
7.139646649023755e-20,0.9999999999999966,0.0,0.0
7.05095653396451e-20,0.9999999999999966,0.0,0.0
6.963368145208527e-20,0.9999999999999966,0.0,0.0
6.87686779689187e-20,0.9999999999999966,0.0,0.0
6.79144197315913e-20,0.9999999999999966,0.0,0.0
6.707077326051555e-20,0.9999999999999966,0.0,0.0
6.6237606734214e-20,0.9999999999999966,0.0,0.0
6.541478996872187e-20,0.9999999999999966,0.0,0.0
6.460219439724557e-20,0.9999999999999966,0.0,0.0
6.379969305007389e-20,0.9999999999999966,0.0,0.0
6.300716053473866e-20,0.9999999999999966,0.0,0.0
6.2224473016422e-20,0.9999999999999966,0.0,0.0
6.145150819860684e-20,0.9999999999999966,0.0,0.0
6.068814530396782e-20,0.9999999999999966,0.0,0.0
5.993426505549963e-20,0.9999999999999966,0.0,0.0
5.918974965787973e-20,0.9999999999999966,0.0,0.0
5.845448277906256e-20,0.9999999999999966,0.0,0.0
5.772834953210242e-20,0.9999999999999966,0.0,0.0
5.70112364572022e-20,0.9999999999999966,0.0,0.0
5.630303150398502e-20,0.9999999999999966,0.0,0.0
5.560362401398614e-20,0.9999999999999966,0.0,0.0
5.491290470336231e-20,0.9999999999999966,0.0,0.0
5.423076564581603e-20,0.9999999999999966,0.0,0.0
5.355710025573177e-20,0.9999999999999966,0.0,0.0
5.28918032715218e-20,0.9999999999999966,0.0,0.0
5.2234770739178814e-20,0.9999999999999966,0.0,0.0
5.158589999603293e-20,0.9999999999999966,0.0,0.0
5.0945089654710445e-20,0.9999999999999966,0.0,0.0
5.031223958729183e-20,0.9999999999999966,0.0,0.0
4.9687250909666536e-20,0.9999999999999966,0.0,0.0
4.907002596608219e-20,0.9999999999999966,0.0,0.0
4.846046831388563e-20,0.9999999999999966,0.0,0.0
4.7858482708453595e-20,0.9999999999999966,0.0,0.0
4.7263975088310513e-20,0.9999999999999966,0.0,0.0
4.6676852560431255e-20,0.9999999999999966,0.0,0.0
4.6097023385726355e-20,0.9999999999999966,0.0,0.0
4.552439696470764e-20,0.9999999999999966,0.0,0.0
4.495888382333184e-20,0.9999999999999966,0.0,0.0
4.4400395599020107e-20,0.9999999999999966,0.0,0.0
4.384884502685117e-20,0.9999999999999966,0.0,0.0
4.330414592592604e-20,0.9999999999999966,0.0,0.0
4.2766213185902014e-20,0.9999999999999966,0.0,0.0
4.223496275369407e-20,0.9999999999999966,0.0,0.0
4.171031162034139e-20,0.9999999999999966,0.0,0.0
4.1192177808036995e-20,0.9999999999999966,0.0,0.0
4.0680480357318593e-20,0.9999999999999966,0.0,0.0
4.0175139314418487e-20,0.9999999999999966,0.0,0.0
3.9676075718770635e-20,0.9999999999999966,0.0,0.0
3.9183211590672894e-20,0.9999999999999966,0.0,0.0
3.8696469919102544e-20,0.9999999999999966,0.0,0.0
3.8215774649683143e-20,0.9999999999999966,0.0,0.0
3.77410506728009e-20,0.9999999999999966,0.0,0.0
3.7272223811868615e-20,0.9999999999999966,0.0,0.0
3.680922081173547e-20,0.9999999999999966,0.0,0.0
3.635196932724073e-20,0.9999999999999966,0.0,0.0
3.59003979119097e-20,0.9999999999999966,0.0,0.0
3.5454436006790033e-20,0.9999999999999966,0.0,0.0
3.5014013929426746e-20,0.9999999999999966,0.0,0.0
3.457906286297426e-20,0.9999999999999966,0.0,0.0
3.414951484544353e-20,0.9999999999999966,0.0,0.0
3.372530275908294e-20,0.9999999999999966,0.0,0.0
3.3306360319890955e-20,0.9999999999999966,0.0,0.0
3.2892622067259126e-20,0.9999999999999966,0.0,0.0
3.248402335374375e-20,0.9999999999999966,0.0,0.0
3.208050033496457e-20,0.9999999999999966,0.0,0.0
3.1681989959628955e-20,0.9999999999999966,0.0,0.0
3.1288429959680004e-20,0.9999999999999966,0.0,0.0
3.089975884056705e-20,0.9999999999999966,0.0,0.0
3.0515915871637e-20,0.9999999999999966,0.0,0.0
3.0136841076645036e-20,0.9999999999999966,0.0,0.0
2.976247522438325e-20,0.9999999999999966,0.0,0.0
2.939275981942558e-20,0.9999999999999966,0.0,0.0
2.902763709298785e-20,0.9999999999999966,0.0,0.0
2.8667049993901214e-20,0.9999999999999966,0.0,0.0
2.8310942179697854e-20,0.9999999999999966,0.0,0.0
2.7959258007807305e-20,0.9999999999999966,0.0,0.0
2.7611942526862236e-20,0.9999999999999966,0.0,0.0
2.726894146811215e-20,0.9999999999999966,0.0,0.0
2.6930201236943796e-20,0.9999999999999966,0.0,0.0
2.6595668904506903e-20,0.9999999999999966,0.0,0.0
2.6265292199443942e-20,0.9999999999999966,0.0,0.0
2.593901949972261e-20,0.9999999999999966,0.0,0.0
2.5616799824569785e-20,0.9999999999999966,0.0,0.0
2.5298582826505688e-20,0.9999999999999966,0.0,0.0
2.4984318783476976e-20,0.9999999999999966,0.0,0.0
2.4673958591087563e-20,0.9999999999999966,0.0,0.0
2.4367453754925984e-20,0.9999999999999966,0.0,0.0
2.4064756382988018e-20,0.9999999999999966,0.0,0.0
2.376581917819347e-20,0.9999999999999966,0.0,0.0
2.347059543099593e-20,0.9999999999999966,0.0,0.0
2.3179039012084268e-20,0.9999999999999966,0.0,0.0
2.289110436517488e-20,0.9999999999999966,0.0,0.0
2.260674649989339e-20,0.9999999999999966,0.0,0.0
2.232592098474484e-20,0.9999999999999966,0.0,0.0
2.2048583940171164e-20,0.9999999999999966,0.0,0.0
2.1774692031694914e-20,0.9999999999999966,0.0,0.0
2.150420246314817e-20,0.9999999999999966,0.0,0.0
2.123707296998555e-20,0.9999999999999966,0.0,0.0
2.0973261812680292e-20,0.9999999999999966,0.0,0.0
2.0712727770202345e-20,0.9999999999999966,0.0,0.0
2.0455430133577534e-20,0.9999999999999966,0.0,0.0
2.0201328699526676e-20,0.9999999999999966,0.0,0.0
1.9950383764183747e-20,0.9999999999999966,0.0,0.0
1.970255611689206e-20,0.9999999999999966,0.0,0.0
1.9457807034077532e-20,0.9999999999999966,0.0,0.0
1.9216098273198045e-20,0.9999999999999966,0.0,0.0
1.8977392066767968e-20,0.9999999999999966,0.0,0.0
1.8741651116456906e-20,0.9999999999999966,0.0,0.0
1.8508838587261773e-20,0.9999999999999966,0.0,0.0
1.827891810175123e-20,0.9999999999999966,0.0,0.0
1.8051853734381667e-20,0.9999999999999966,0.0,0.0
1.782761000588372e-20,0.9999999999999966,0.0,0.0
1.7606151877718603e-20,0.9999999999999966,0.0,0.0
1.7387444746603242e-20,0.9999999999999966,0.0,0.0
1.717145443910345e-20,0.9999999999999966,0.0,0.0
1.695814720629426e-20,0.9999999999999966,0.0,0.0
1.6747489718486582e-20,0.9999999999999966,0.0,0.0
1.6539449060019378e-20,0.9999999999999966,0.0,0.0
1.6333992724116508e-20,0.9999999999999966,0.0,0.0
1.6131088607807497e-20,0.9999999999999966,0.0,0.0
1.5930705006911375e-20,0.9999999999999966,0.0,0.0
1.573281061108283e-20,0.9999999999999966,0.0,0.0
1.553737449891991e-20,0.9999999999999966,0.0,0.0
1.534436613313248e-20,0.9999999999999966,0.0,0.0
1.515375535577072e-20,0.9999999999999966,0.0,0.0
1.4965512383512882e-20,0.9999999999999966,0.0,0.0
1.4779607803011578e-20,0.9999999999999966,0.0,0.0
1.459601256629789e-20,0.9999999999999966,0.0,0.0
1.4414697986242565e-20,0.9999999999999966,0.0,0.0
1.4235635732073596e-20,0.9999999999999966,0.0,0.0
1.4058797824949477e-20,0.9999999999999966,0.0,0.0
1.3884156633587448e-20,0.9999999999999966,0.0,0.0
1.3711684869946063e-20,0.9999999999999966,0.0,0.0
1.3541355584961365e-20,0.9999999999999966,0.0,0.0
1.3373142164336049e-20,0.9999999999999966,0.0,0.0
1.320701832438092e-20,0.9999999999999966,0.0,0.0
1.3042958107908014e-20,0.9999999999999966,0.0,0.0
1.2880935880174735e-20,0.9999999999999966,0.0,0.0
1.2720926324878373e-20,0.9999999999999966,0.0,0.0
1.2562904440200383e-20,0.9999999999999966,0.0,0.0
1.2406845534899796e-20,0.9999999999999966,0.0,0.0
1.225272522445516e-20,0.9999999999999966,0.0,0.0
1.2100519427254422e-20,0.9999999999999966,0.0,0.0
1.1950204360832114e-20,0.9999999999999966,0.0,0.0
1.1801756538153297e-20,0.9999999999999966,0.0,0.0
1.1655152763943669e-20,0.9999999999999966,0.0,0.0
1.1510370131065252e-20,0.9999999999999966,0.0,0.0
1.1367386016937104e-20,0.9999999999999966,0.0,0.0
1.1226178080000499e-20,0.9999999999999966,0.0,0.0
1.1086724256228009e-20,0.9999999999999966,0.0,0.0
1.0949002755675956e-20,0.9999999999999966,0.0,0.0
1.0812992059079695e-20,0.9999999999999966,0.0,0.0
1.0678670914491174e-20,0.9999999999999966,0.0,0.0
1.0546018333958281e-20,0.9999999999999966,0.0,0.0
1.0415013590245432e-20,0.9999999999999966,0.0,0.0
1.0285636213594899e-20,0.9999999999999966,0.0,0.0
1.0157865988528368e-20,0.9999999999999966,0.0,0.0
1.0031682950688232e-20,0.9999999999999966,0.0,0.0
9.907067383718115e-21,0.9999999999999966,0.0,0.0
9.78399981618215e-21,0.9999999999999966,0.0,0.0
9.66246101852254e-21,0.9999999999999966,0.0,0.0
9.542432000054881e-21,0.9999999999999966,0.0,0.0
9.423894006000847e-21,0.9999999999999966,0.0,0.0
9.306828514557705e-21,0.9999999999999966,0.0,0.0
9.191217234004257e-21,0.9999999999999966,0.0,0.0
9.077042099842706e-21,0.9999999999999966,0.0,0.0
8.96428527197606e-21,0.9999999999999966,0.0,0.0
8.852929131920564e-21,0.9999999999999966,0.0,0.0
8.742956280052786e-21,0.9999999999999966,0.0,0.0
8.634349532890887e-21,0.9999999999999966,0.0,0.0
8.527091920409668e-21,0.9999999999999966,0.0,0.0
8.421166683388967e-21,0.9999999999999966,0.0,0.0
8.316557270795003e-21,0.9999999999999966,0.0,0.0
8.213247337194233e-21,0.9999999999999966,0.0,0.0
8.111220740199355e-21,0.9999999999999966,0.0,0.0
8.010461537947015e-21,0.9999999999999966,0.0,0.0
7.910953986606879e-21,0.9999999999999966,0.0,0.0
7.8126825379216e-21,0.9999999999999966,0.0,0.0
7.715631836777397e-21,0.9999999999999966,0.0,0.0
7.61978671880477e-21,0.9999999999999966,0.0,0.0
7.525132208009042e-21,0.9999999999999966,0.0,0.0
7.431653514430333e-21,0.9999999999999966,0.0,0.0
7.339336031832594e-21,0.9999999999999966,0.0,0.0
7.24816533542135e-21,0.9999999999999966,0.0,0.0
7.158127179589807e-21,0.9999999999999966,0.0,0.0
7.069207495692941e-21,0.9999999999999966,0.0,0.0
6.981392389849234e-21,0.9999999999999966,0.0,0.0
6.894668140769748e-21,0.9999999999999966,0.0,0.0
6.809021197614124e-21,0.9999999999999966,0.0,0.0
6.724438177873252e-21,0.9999999999999966,0.0,0.0
6.6409058652782156e-21,0.9999999999999966,0.0,0.0
6.55841120773523e-21,0.9999999999999966,0.0,0.0
6.476941315286224e-21,0.9999999999999966,0.0,0.0
6.396483458094755e-21,0.9999999999999966,0.0,0.0
6.317025064456947e-21,0.9999999999999966,0.0,0.0
6.238553718837143e-21,0.9999999999999966,0.0,0.0
6.1610571599279426e-21,0.9999999999999966,0.0,0.0
6.084523278734354e-21,0.9999999999999966,0.0,0.0
6.008940116681734e-21,0.9999999999999966,0.0,0.0
5.9342958637472445e-21,0.9999999999999966,0.0,0.0
5.8605788566145025e-21,0.9999999999999966,0.0,0.0
5.78777757685117e-21,0.9999999999999966,0.0,0.0
5.7158806491091745e-21,0.9999999999999966,0.0,0.0
5.644876839347284e-21,0.9999999999999966,0.0,0.0
5.574755053075771e-21,0.9999999999999966,0.0,0.0
5.505504333622868e-21,0.9999999999999966,0.0,0.0
5.437113860422777e-21,0.9999999999999966,0.0,0.0
5.3695729473249215e-21,0.9999999999999966,0.0,0.0
5.302871040924221e-21,0.9999999999999966,0.0,0.0
5.2369977189121e-21,0.9999999999999966,0.0,0.0
5.171942688447977e-21,0.9999999999999966,0.0,0.0
5.107695784550991e-21,0.9999999999999966,0.0,0.0
5.0442469685117e-21,0.9999999999999966,0.0,0.0
4.981586326323516e-21,0.9999999999999966,0.0,0.0
4.919704067133616e-21,0.9999999999999966,0.0,0.0
4.8585905217131055e-21,0.9999999999999966,0.0,0.0
4.798236140946179e-21,0.9999999999999966,0.0,0.0
4.7386314943380544e-21,0.9999999999999966,0.0,0.0
4.679767268541436e-21,0.9999999999999966,0.0,0.0
4.621634265901288e-21,0.9999999999999966,0.0,0.0
4.564223403017677e-21,0.9999999999999966,0.0,0.0
4.50752570932648e-21,0.9999999999999966,0.0,0.0
4.4515323256977074e-21,0.9999999999999966,0.0,0.0
4.396234503051252e-21,0.9999999999999966,0.0,0.0
4.341623600989824e-21,0.9999999999999966,0.0,0.0
4.2876910864488746e-21,0.9999999999999966,0.0,0.0
4.234428532363282e-21,0.9999999999999966,0.0,0.0
4.181827616350611e-21,0.9999999999999966,0.0,0.0
4.1298801194107205e-21,0.9999999999999966,0.0,0.0
4.078577924641529e-21,0.9999999999999966,0.0,0.0
4.027913015970731e-21,0.9999999999999966,0.0,0.0
3.977877476903274e-21,0.9999999999999966,0.0,0.0
3.928463489284381e-21,0.9999999999999966,0.0,0.0
3.8796633320779575e-21,0.9999999999999966,0.0,0.0
3.831469380160159e-21,0.9999999999999966,0.0,0.0
3.7838741031279485e-21,0.9999999999999966,0.0,0.0
3.73687006412246e-21,0.9999999999999966,0.0,0.0
3.6904499186669735e-21,0.9999999999999966,0.0,0.0
3.644606413519319e-21,0.9999999999999966,0.0,0.0
3.599332385538552e-21,0.9999999999999966,0.0,0.0
3.5546207605656934e-21,0.9999999999999966,0.0,0.0
3.510464552318377e-21,0.9999999999999966,0.0,0.0
3.4668568612992296e-21,0.9999999999999966,0.0,0.0
3.4237908737178126e-21,0.9999999999999966,0.0,0.0
3.3812598604259516e-21,0.9999999999999966,0.0,0.0
3.3392571758662907e-21,0.9999999999999966,0.0,0.0
3.2977762570339166e-21,0.9999999999999966,0.0,0.0
3.2568106224508698e-21,0.9999999999999966,0.0,0.0
3.2163538711534042e-21,0.9999999999999966,0.0,0.0
3.1763996816918225e-21,0.9999999999999966,0.0,0.0
3.1369418111427367e-21,0.9999999999999966,0.0,0.0
3.097974094133598e-21,0.9999999999999966,0.0,0.0
3.0594904418793462e-21,0.9999999999999966,0.0,0.0
3.0214848412310223e-21,0.9999999999999966,0.0,0.0
2.983951353736206e-21,0.9999999999999966,0.0,0.0
2.9468841147111154e-21,0.9999999999999966,0.0,0.0
2.910277332324241e-21,0.9999999999999966,0.0,0.0
2.8741252866913606e-21,0.9999999999999966,0.0,0.0
2.8384223289817942e-21,0.9999999999999966,0.0,0.0
2.8031628805357643e-21,0.9999999999999966,0.0,0.0
2.7683414319927172e-21,0.9999999999999966,0.0,0.0
2.7339525424304754e-21,0.9999999999999966,0.0,0.0
2.6999908385150825e-21,0.9999999999999966,0.0,0.0
2.666451013661208e-21,0.9999999999999966,0.0,0.0
2.6333278272029835e-21,0.9999999999999966,0.0,0.0
2.6006161035751373e-21,0.9999999999999966,0.0,0.0
2.5683107315043023e-21,0.9999999999999966,0.0,0.0
2.5364066632103687e-21,0.9999999999999966,0.0,0.0
2.504898913617758e-21,0.9999999999999966,0.0,0.0
2.4737825595764956e-21,0.9999999999999966,0.0,0.0
2.4430527390929576e-21,0.9999999999999966,0.0,0.0
2.4127046505701758e-21,0.9999999999999966,0.0,0.0
2.3827335520575758e-21,0.9999999999999966,0.0,0.0
2.353134760510041e-21,0.9999999999999966,0.0,0.0
2.3239036510561746e-21,0.9999999999999966,0.0,0.0
2.2950356562756554e-21,0.9999999999999966,0.0,0.0
2.2665262654855682e-21,0.9999999999999966,0.0,0.0
2.238371024035601e-21,0.9999999999999966,0.0,0.0
2.2105655326119964e-21,0.9999999999999966,0.0,0.0
2.1831054465501514e-21,0.9999999999999966,0.0,0.0
2.155986475155752e-21,0.9999999999999966,0.0,0.0
2.1292043810343456e-21,0.9999999999999966,0.0,0.0
2.1027549794292387e-21,0.9999999999999966,0.0,0.0
2.076634137567621e-21,0.9999999999999966,0.0,0.0
2.05083777401481e-21,0.9999999999999966,0.0,0.0
2.0253618580365187e-21,0.9999999999999966,0.0,0.0
2.0002024089690463e-21,0.9999999999999966,0.0,0.0
1.97535549559729e-21,0.9999999999999966,0.0,0.0
1.950817235540486e-21,0.9999999999999966,0.0,0.0
1.9265837946455783e-21,0.9999999999999966,0.0,0.0
1.9026513863881254e-21,0.9999999999999966,0.0,0.0
1.8790162712806476e-21,0.9999999999999966,0.0,0.0
1.855674756288325e-21,0.9999999999999966,0.0,0.0
1.832623194251953e-21,0.9999999999999966,0.0,0.0
1.809857983318066e-21,0.9999999999999966,0.0,0.0
1.7873755663761408e-21,0.9999999999999966,0.0,0.0
1.765172430502791e-21,0.9999999999999966,0.0,0.0
1.7432451064128647e-21,0.9999999999999966,0.0,0.0
1.7215901679173636e-21,0.9999999999999966,0.0,0.0
1.700204231388091e-21,0.9999999999999966,0.0,0.0
1.6790839552289563e-21,0.9999999999999966,0.0,0.0
1.658226039353841e-21,0.9999999999999966,0.0,0.0
1.637627224670955e-21,0.9999999999999966,0.0,0.0
1.6172842925735975e-21,0.9999999999999966,0.0,0.0
1.5971940644372409e-21,0.9999999999999966,0.0,0.0
1.5773534011228666e-21,0.9999999999999966,0.0,0.0
1.5577592024864668e-21,0.9999999999999966,0.0,0.0
1.538408406894641e-21,0.9999999999999966,0.0,0.0
1.51929799074621e-21,0.9999999999999966,0.0,0.0
1.5004249679997715e-21,0.9999999999999966,0.0,0.0
1.4817863897071248e-21,0.9999999999999966,0.0,0.0
1.4633793435524922e-21,0.9999999999999966,0.0,0.0
1.4452009533974642e-21,0.9999999999999966,0.0,0.0
1.427248378831596e-21,0.9999999999999966,0.0,0.0
1.4095188147285879e-21,0.9999999999999966,0.0,0.0
1.3920094908079787e-21,0.9999999999999966,0.0,0.0
1.374717671202284e-21,0.9999999999999966,0.0,0.0
1.3576406540295115e-21,0.9999999999999966,0.0,0.0
1.3407757709709852e-21,0.9999999999999966,0.0,0.0
1.3241203868544163e-21,0.9999999999999966,0.0,0.0
1.3076718992421523e-21,0.9999999999999966,0.0,0.0
1.29142773802454e-21,0.9999999999999966,0.0,0.0
1.2753853650183412e-21,0.9999999999999966,0.0,0.0
1.2595422735701365e-21,0.9999999999999966,0.0,0.0
1.2438959881646546e-21,0.9999999999999966,0.0,0.0
1.2284440640379697e-21,0.9999999999999966,0.0,0.0
1.2131840867955006e-21,0.9999999999999966,0.0,0.0
1.1981136720347577e-21,0.9999999999999966,0.0,0.0
1.1832304649727742e-21,0.9999999999999966,0.0,0.0
1.1685321400781678e-21,0.9999999999999966,0.0,0.0
1.1540164007077706e-21,0.9999999999999966,0.0,0.0
1.1396809787477746e-21,0.9999999999999966,0.0,0.0
1.1255236342593337e-21,0.9999999999999966,0.0,0.0
1.1115421551285688e-21,0.9999999999999966,0.0,0.0
1.0977343567209216e-21,0.9999999999999966,0.0,0.0
1.0840980815397995e-21,0.9999999999999966,0.0,0.0
1.070631198889463e-21,0.9999999999999966,0.0,0.0
1.0573316045421003e-21,0.9999999999999966,0.0,0.0
1.0441972204090373e-21,0.9999999999999966,0.0,0.0
1.0312259942160318e-21,0.9999999999999966,0.0,0.0
1.018415899182602e-21,0.9999999999999966,0.0,0.0
1.005764933705337e-21,0.9999999999999966,0.0,0.0
9.932711210451437e-22,0.9999999999999966,0.0,0.0
9.80932509018376e-22,0.9999999999999966,0.0,0.0
9.687471696918016e-22,0.9999999999999966,0.0,0.0
9.567131990813608e-22,0.9999999999999966,0.0,0.0
9.448287168546632e-22,0.9999999999999966,0.0,0.0
9.330918660371825e-22,0.9999999999999966,0.0,0.0
9.215008127221001e-22,0.9999999999999966,0.0,0.0
9.100537457837544e-22,0.9999999999999966,0.0,0.0
8.987488765946479e-22,0.9999999999999966,0.0,0.0
8.8758443874597e-22,0.9999999999999966,0.0,0.0
8.76558687771594e-22,0.9999999999999966,0.0,0.0
8.656699008754984e-22,0.9999999999999966,0.0,0.0
8.54916376662578e-22,0.9999999999999966,0.0,0.0
8.442964348727971e-22,0.9999999999999966,0.0,0.0
8.338084161186454e-22,0.9999999999999966,0.0,0.0
8.234506816258548e-22,0.9999999999999966,0.0,0.0
8.132216129773389e-22,0.9999999999999966,0.0,0.0
8.031196118603108e-22,0.9999999999999966,0.0,0.0
7.931430998165437e-22,0.9999999999999966,0.0,0.0
7.832905179957341e-22,0.9999999999999966,0.0,0.0
7.73560326911928e-22,0.9999999999999966,0.0,0.0
7.639510062029729e-22,0.9999999999999966,0.0,0.0
7.544610543929583e-22,0.9999999999999966,0.0,0.0
7.450889886576072e-22,0.9999999999999966,0.0,0.0
7.358333445925812e-22,0.9999999999999966,0.0,0.0
7.266926759846652e-22,0.9999999999999966,0.0,0.0
7.176655545857927e-22,0.9999999999999966,0.0,0.0
7.087505698898801e-22,0.9999999999999966,0.0,0.0
6.999463289124314e-22,0.9999999999999966,0.0,0.0
6.912514559728823e-22,0.9999999999999966,0.0,0.0
6.826645924796465e-22,0.9999999999999966,0.0,0.0
6.741843967178337e-22,0.9999999999999966,0.0,0.0
6.658095436396037e-22,0.9999999999999966,0.0,0.0
6.575387246571245e-22,0.9999999999999966,0.0,0.0
6.493706474381036e-22,0.9999999999999966,0.0,0.0
6.4130403570385815e-22,0.9999999999999966,0.0,0.0
6.333376290298933e-22,0.9999999999999966,0.0,0.0
6.254701826489592e-22,0.9999999999999966,0.0,0.0
6.177004672565527e-22,0.9999999999999966,0.0,0.0
6.100272688188368e-22,0.9999999999999966,0.0,0.0
6.024493883829446e-22,0.9999999999999966,0.0,0.0
5.949656418896416e-22,0.9999999999999966,0.0,0.0
5.8757485998831255e-22,0.9999999999999966,0.0,0.0
5.802758878542493e-22,0.9999999999999966,0.0,0.0
5.730675850082063e-22,0.9999999999999966,0.0,0.0
5.659488251381992e-22,0.9999999999999966,0.0,0.0
5.589184959235155e-22,0.9999999999999966,0.0,0.0
5.519754988609123e-22,0.9999999999999966,0.0,0.0
5.451187490929736e-22,0.9999999999999966,0.0,0.0
5.383471752385984e-22,0.9999999999999966,0.0,0.0
5.316597192255954e-22,0.9999999999999966,0.0,0.0
5.250553361253573e-22,0.9999999999999966,0.0,0.0
5.185329939895885e-22,0.9999999999999966,0.0,0.0
5.120916736890609e-22,0.9999999999999966,0.0,0.0
5.057303687543728e-22,0.9999999999999966,0.0,0.0
4.994480852186865e-22,0.9999999999999966,0.0,0.0
4.932438414624186e-22,0.9999999999999966,0.0,0.0
4.871166680598599e-22,0.9999999999999966,0.0,0.0
4.810656076277008e-22,0.9999999999999966,0.0,0.0
4.750897146754383e-22,0.9999999999999966,0.0,0.0
4.691880554576407e-22,0.9999999999999966,0.0,0.0
4.633597078280489e-22,0.9999999999999966,0.0,0.0
4.57603761095488e-22,0.9999999999999966,0.0,0.0
4.51919315881571e-22,0.9999999999999966,0.0,0.0
4.463054839801684e-22,0.9999999999999966,0.0,0.0
4.407613882186246e-22,0.9999999999999966,0.0,0.0
4.3528616232069765e-22,0.9999999999999966,0.0,0.0
4.298789507712019e-22,0.9999999999999966,0.0,0.0
4.245389086823321e-22,0.9999999999999966,0.0,0.0
4.1926520166164775e-22,0.9999999999999966,0.0,0.0
4.1405700568169775e-22,0.9999999999999966,0.0,0.0
4.089135069512645e-22,0.9999999999999966,0.0,0.0
4.038339017882071e-22,0.9999999999999966,0.0,0.0
3.9881739649388456e-22,0.9999999999999966,0.0,0.0
3.9386320722913887e-22,0.9999999999999966,0.0,0.0
3.8897055989181837e-22,0.9999999999999966,0.0,0.0
3.8413868999582273e-22,0.9999999999999966,0.0,0.0
3.7936684255165045e-22,0.9999999999999966,0.0,0.0
3.7465427194843038e-22,0.9999999999999966,0.0,0.0
3.7000024183741824e-22,0.9999999999999966,0.0,0.0
3.654040250169407e-22,0.9999999999999966,0.0,0.0
3.6086490331876886e-22,0.9999999999999966,0.0,0.0
3.563821674959028e-22,0.9999999999999966,0.0,0.0
3.519551171117502e-22,0.9999999999999966,0.0,0.0
3.475830604306819e-22,0.9999999999999966,0.0,0.0
3.432653143099468e-22,0.9999999999999966,0.0,0.0
3.3900120409292934e-22,0.9999999999999966,0.0,0.0
3.3479006350373292e-22,0.9999999999999966,0.0,0.0
3.306312345430731e-22,0.9999999999999966,0.0,0.0
3.2652406738546386e-22,0.9999999999999966,0.0,0.0
3.2246792027768104e-22,0.9999999999999966,0.0,0.0
3.1846215943848693e-22,0.9999999999999966,0.0,0.0
3.1450615895960093e-22,0.9999999999999966,0.0,0.0
3.105993007078999e-22,0.9999999999999966,0.0,0.0
3.067409742288337e-22,0.9999999999999966,0.0,0.0
3.029305766510404e-22,0.9999999999999966,0.0,0.0
2.9916751259214647e-22,0.9999999999999966,0.0,0.0
2.9545119406573685e-22,0.9999999999999966,0.0,0.0
2.9178104038948116e-22,0.9999999999999966,0.0,0.0
2.881564780944007e-22,0.9999999999999966,0.0,0.0
2.845769408352629e-22,0.9999999999999966,0.0,0.0
2.8104186930208855e-22,0.9999999999999966,0.0,0.0
2.7755071113275876e-22,0.9999999999999966,0.0,0.0
2.7410292082670693e-22,0.9999999999999966,0.0,0.0
2.7069795965968337e-22,0.9999999999999966,0.0,0.0
2.6733529559957853e-22,0.9999999999999966,0.0,0.0
2.6401440322329186e-22,0.9999999999999966,0.0,0.0
2.6073476363463334e-22,0.9999999999999966,0.0,0.0
2.5749586438324495e-22,0.9999999999999966,0.0,0.0
2.5429719938452933e-22,0.9999999999999966,0.0,0.0
2.5113826884057287e-22,0.9999999999999966,0.0,0.0
2.480185791620514e-22,0.9999999999999966,0.0,0.0
2.4493764289110575e-22,0.9999999999999966,0.0,0.0
2.418949786251756e-22,0.9999999999999966,0.0,0.0
2.388901109417793e-22,0.9999999999999966,0.0,0.0
2.3592257032422803e-22,0.9999999999999966,0.0,0.0
2.3299189308826293e-22,0.9999999999999966,0.0,0.0
2.300976213096036e-22,0.9999999999999966,0.0,0.0
2.2723930275239634e-22,0.9999999999999966,0.0,0.0
2.244164907985515e-22,0.9999999999999966,0.0,0.0
2.216287443779584e-22,0.9999999999999966,0.0,0.0
2.188756278995673e-22,0.9999999999999966,0.0,0.0
2.161567111833274e-22,0.9999999999999966,0.0,0.0
2.1347156939297025e-22,0.9999999999999966,0.0,0.0
2.108197829696283e-22,0.9999999999999966,0.0,0.0
2.08200937566278e-22,0.9999999999999966,0.0,0.0
2.0561462398299713e-22,0.9999999999999966,0.0,0.0
2.030604381030266e-22,0.9999999999999966,0.0,0.0
2.0053798082962629e-22,0.9999999999999966,0.0,0.0
1.9804685802371542e-22,0.9999999999999966,0.0,0.0
1.955866804422875e-22,0.9999999999999966,0.0,0.0
1.9315706367759032e-22,0.9999999999999966,0.0,0.0
1.9075762809706147e-22,0.9999999999999966,0.0,0.0
1.8838799878400993e-22,0.9999999999999966,0.0,0.0
1.8604780547903466e-22,0.9999999999999966,0.0,0.0
1.8373668252217073e-22,0.9999999999999966,0.0,0.0
1.8145426879575424e-22,0.9999999999999966,0.0,0.0
1.7920020766799703e-22,0.9999999999999966,0.0,0.0
1.769741469372621e-22,0.9999999999999966,0.0,0.0
1.747757387770314e-22,0.9999999999999966,0.0,0.0
1.7260463968155742e-22,0.9999999999999966,0.0,0.0
1.7046051041218946e-22,0.9999999999999966,0.0,0.0
1.6834301594436703e-22,0.9999999999999966,0.0,0.0
1.6625182541527163e-22,0.9999999999999966,0.0,0.0
1.6418661207212864e-22,0.9999999999999966,0.0,0.0
1.6214705322115168e-22,0.9999999999999966,0.0,0.0
1.6013283017712081e-22,0.9999999999999966,0.0,0.0
1.5814362821358764e-22,0.9999999999999966,0.0,0.0
1.5617913651369835e-22,0.9999999999999966,0.0,0.0
1.5423904812162824e-22,0.9999999999999966,0.0,0.0
1.5232305989461899e-22,0.9999999999999966,0.0,0.0
1.5043087245561214e-22,0.9999999999999966,0.0,0.0
1.4856219014647083e-22,0.9999999999999966,0.0,0.0
1.4671672098178248e-22,0.9999999999999966,0.0,0.0
1.4489417660323557e-22,0.9999999999999966,0.0,0.0
1.4309427223456312e-22,0.9999999999999966,0.0,0.0
1.413167266370457e-22,0.9999999999999966,0.0,0.0
1.3956126206556733e-22,0.9999999999999966,0.0,0.0
1.3782760422521737e-22,0.9999999999999966,0.0,0.0
1.3611548222843115e-22,0.9999999999999966,0.0,0.0
1.344246285526635e-22,0.9999999999999966,0.0,0.0
1.327547789985876e-22,0.9999999999999966,0.0,0.0
1.3110567264881338e-22,0.9999999999999966,0.0,0.0
1.2947705182711867e-22,0.9999999999999966,0.0,0.0
1.2786866205818674e-22,0.9999999999999966,0.0,0.0
1.2628025202784401e-22,0.9999999999999966,0.0,0.0
1.247115735437917e-22,0.9999999999999966,0.0,0.0
1.2316238149682521e-22,0.9999999999999966,0.0,0.0
1.2163243382253555e-22,0.9999999999999966,0.0,0.0
1.2012149146348595e-22,0.9999999999999966,0.0,0.0
1.1862931833185886e-22,0.9999999999999966,0.0,0.0
1.171556812725667e-22,0.9999999999999966,0.0,0.0
1.15700350026821e-22,0.9999999999999966,0.0,0.0
1.1426309719615369e-22,0.9999999999999966,0.0,0.0
1.1284369820688604e-22,0.9999999999999966,0.0,0.0
1.1144193127503826e-22,0.9999999999999966,0.0,0.0
1.100575773716754e-22,0.9999999999999966,0.0,0.0
1.0869042018868369e-22,0.9999999999999966,0.0,0.0
1.0734024610497184e-22,0.9999999999999966,0.0,0.0
1.0600684415309242e-22,0.9999999999999966,0.0,0.0
1.0469000598627773e-22,0.9999999999999966,0.0,0.0
1.0338952584588513e-22,0.9999999999999966,0.0,0.0
1.0210520052924694e-22,0.9999999999999966,0.0,0.0
1.0083682935791953e-22,0.9999999999999966,0.0,0.0
9.958421414632693e-23,0.9999999999999966,0.0,0.0
9.834715917079396e-23,0.9999999999999966,0.0,0.0
9.712547113896394e-23,0.9999999999999966,0.0,0.0
9.591895915959648e-23,0.9999999999999966,0.0,0.0
9.472743471274015e-23,0.9999999999999966,0.0,0.0
9.355071162027608e-23,0.9999999999999966,0.0,0.0
9.238860601682707e-23,0.9999999999999966,0.0,0.0
9.124093632102833e-23,0.9999999999999966,0.0,0.0
9.010752320715501e-23,0.9999999999999966,0.0,0.0
8.898818957710222e-23,0.9999999999999966,0.0,0.0
8.788276053271299e-23,0.9999999999999966,0.0,0.0
8.679106334845022e-23,0.9999999999999966,0.0,0.0
8.571292744440787e-23,0.9999999999999966,0.0,0.0
8.46481843596575e-23,0.9999999999999966,0.0,0.0
8.359666772592596e-23,0.9999999999999966,0.0,0.0
8.255821324159997e-23,0.9999999999999966,0.0,0.0
8.153265864605364e-23,0.9999999999999966,0.0,0.0
8.051984369429503e-23,0.9999999999999966,0.0,0.0
7.951961013192737e-23,0.9999999999999966,0.0,0.0
7.85318016704216e-23,0.9999999999999966,0.0,0.0
7.7556263962696e-23,0.9999999999999966,0.0,0.0
7.659284457899903e-23,0.9999999999999966,0.0,0.0
7.564139298309195e-23,0.9999999999999966,0.0,0.0
7.470176050872724e-23,0.9999999999999966,0.0,0.0
7.377380033641912e-23,0.9999999999999966,0.0,0.0
7.28573674705028e-23,0.9999999999999966,0.0,0.0
7.195231871647852e-23,0.9999999999999966,0.0,0.0
7.10585126586372e-23,0.9999999999999966,0.0,0.0
7.017580963796391e-23,0.9999999999999966,0.0,0.0
6.930407173031581e-23,0.9999999999999966,0.0,0.0
6.844316272487136e-23,0.9999999999999966,0.0,0.0
6.759294810284697e-23,0.9999999999999966,0.0,0.0
6.675329501647822e-23,0.9999999999999966,0.0,0.0
6.592407226826216e-23,0.9999999999999966,0.0,0.0
6.510515029045734e-23,0.9999999999999966,0.0,0.0
6.429640112483867e-23,0.9999999999999966,0.0,0.0
6.349769840270367e-23,0.9999999999999966,0.0,0.0
6.270891732512709e-23,0.9999999999999966,0.0,0.0
6.192993464346082e-23,0.9999999999999966,0.0,0.0
6.116062864007604e-23,0.9999999999999966,0.0,0.0
6.04008791093446e-23,0.9999999999999966,0.0,0.0
5.965056733885665e-23,0.9999999999999966,0.0,0.0
5.890957609087161e-23,0.9999999999999966,0.0,0.0
5.817778958399944e-23,0.9999999999999966,0.0,0.0
5.745509347510966e-23,0.9999999999999966,0.0,0.0
5.674137484146497e-23,0.9999999999999966,0.0,0.0
5.603652216307684e-23,0.9999999999999966,0.0,0.0
5.534042530528028e-23,0.9999999999999966,0.0,0.0
5.465297550152509e-23,0.9999999999999966,0.0,0.0
5.397406533638083e-23,0.9999999999999966,0.0,0.0
5.330358872875301e-23,0.9999999999999966,0.0,0.0
5.2641440915307625e-23,0.9999999999999966,0.0,0.0
5.1987518434101715e-23,0.9999999999999966,0.0,0.0
5.1341719108417226e-23,0.9999999999999966,0.0,0.0
5.0703942030795664e-23,0.9999999999999966,0.0,0.0
5.007408754727113e-23,0.9999999999999966,0.0,0.0
4.9452057241799166e-23,0.9999999999999966,0.0,0.0
4.8837753920879044e-23,0.9999999999999966,0.0,0.0
4.8231081598367104e-23,0.9999999999999966,0.0,0.0
4.763194548047871e-23,0.9999999999999966,0.0,0.0
4.704025195097652e-23,0.9999999999999966,0.0,0.0
4.6455908556542795e-23,0.9999999999999966,0.0,0.0
4.587882399233332e-23,0.9999999999999966,0.0,0.0
4.5308908087710886e-23,0.9999999999999966,0.0,0.0
4.474607179215594e-23,0.9999999999999966,0.0,0.0
4.4190227161352234e-23,0.9999999999999966,0.0,0.0
4.3641287343445366e-23,0.9999999999999966,0.0,0.0
4.3099166565472e-23,0.9999999999999966,0.0,0.0
4.2563780119957646e-23,0.9999999999999966,0.0,0.0
4.203504435168099e-23,0.9999999999999966,0.0,0.0
4.151287664460255e-23,0.9999999999999966,0.0,0.0
4.099719540895576e-23,0.9999999999999966,0.0,0.0
4.048792006849843e-23,0.9999999999999966,0.0,0.0
3.9984971047922513e-23,0.9999999999999966,0.0,0.0
3.948826976042032e-23,0.9999999999999966,0.0,0.0
3.8997738595405166e-23,0.9999999999999966,0.0,0.0
3.851330090638456e-23,0.9999999999999966,0.0,0.0
3.803488099898401e-23,0.9999999999999966,0.0,0.0
3.756240411911969e-23,0.9999999999999966,0.0,0.0
3.709579644131786e-23,0.9999999999999966,0.0,0.0
3.66349850571796e-23,0.9999999999999966,0.0,0.0
3.617989796398862e-23,0.9999999999999966,0.0,0.0
3.5730464053460764e-23,0.9999999999999966,0.0,0.0
3.528661310063315e-23,0.9999999999999966,0.0,0.0
3.484827575289143e-23,0.9999999999999966,0.0,0.0
3.441538351913322e-23,0.9999999999999966,0.0,0.0
3.39878687590663e-23,0.9999999999999966,0.0,0.0
3.356566467263966e-23,0.9999999999999966,0.0,0.0
3.3148705289605834e-23,0.9999999999999966,0.0,0.0
3.2736925459212953e-23,0.9999999999999966,0.0,0.0
3.2330260840024755e-23,0.9999999999999966,0.0,0.0
3.192864788986717e-23,0.9999999999999966,0.0,0.0
3.153202385589966e-23,0.9999999999999966,0.0,0.0
3.114032676481001e-23,0.9999999999999966,0.0,0.0
3.0753495413130844e-23,0.9999999999999966,0.0,0.0
3.0371469357676476e-23,0.9999999999999966,0.0,0.0
2.999418890609853e-23,0.9999999999999966,0.0,0.0
2.962159510755889e-23,0.9999999999999966,0.0,0.0
2.92536297435185e-23,0.9999999999999966,0.0,0.0
2.8890235318640635e-23,0.9999999999999966,0.0,0.0
2.8531355051807086e-23,0.9999999999999966,0.0,0.0
2.8176932867246047e-23,0.9999999999999966,0.0,0.0
2.7826913385770114e-23,0.9999999999999966,0.0,0.0
2.748124191612322e-23,0.9999999999999966,0.0,0.0
2.7139864446434973e-23,0.9999999999999966,0.0,0.0
2.6802727635781224e-23,0.9999999999999966,0.0,0.0
2.6469778805849415e-23,0.9999999999999966,0.0,0.0
2.61409659327075e-23,0.9999999999999966,0.0,0.0
2.5816237638675102e-23,0.9999999999999966,0.0,0.0
2.5495543184295632e-23,0.9999999999999966,0.0,0.0
2.5178832460408156e-23,0.9999999999999966,0.0,0.0
2.4866055980317733e-23,0.9999999999999966,0.0,0.0
2.455716487206302e-23,0.9999999999999966,0.0,0.0
2.4252110870779928e-23,0.9999999999999966,0.0,0.0
2.3950846311160142e-23,0.9999999999999966,0.0,0.0
2.3653324120003312e-23,0.9999999999999966,0.0,0.0
2.3359497808861773e-23,0.9999999999999966,0.0,0.0
2.3069321466776637e-23,0.9999999999999966,0.0,0.0
2.27827497531041e-23,0.9999999999999966,0.0,0.0
2.2499737890430887e-23,0.9999999999999966,0.0,0.0
2.2220241657577683e-23,0.9999999999999966,0.0,0.0
2.1944217382689475e-23,0.9999999999999966,0.0,0.0
2.1671621936411762e-23,0.9999999999999966,0.0,0.0
2.140241272515148e-23,0.9999999999999966,0.0,0.0
2.1136547684421673e-23,0.9999999999999966,0.0,0.0
2.087398527226884e-23,0.9999999999999966,0.0,0.0
2.0614684462781913e-23,0.9999999999999966,0.0,0.0
2.035860473968187e-23,0.9999999999999966,0.0,0.0
2.0105706089990996e-23,0.9999999999999966,0.0,0.0
1.9855948997780772e-23,0.9999999999999966,0.0,0.0
1.9609294437997417e-23,0.9999999999999966,0.0,0.0
1.936570387036416e-23,0.9999999999999966,0.0,0.0
1.9125139233359232e-23,0.9999999999999966,0.0,0.0
1.8887562938268684e-23,0.9999999999999966,0.0,0.0
1.8652937863313076e-23,0.9999999999999966,0.0,0.0
1.8421227347847106e-23,0.9999999999999966,0.0,0.0
1.819239518663133e-23,0.9999999999999966,0.0,0.0
1.7966405624175015e-23,0.9999999999999966,0.0,0.0
1.7743223349149257e-23,0.9999999999999966,0.0,0.0
1.7522813488869535e-23,0.9999999999999966,0.0,0.0
1.730514160384676e-23,0.9999999999999966,0.0,0.0
1.7090173682406063e-23,0.9999999999999966,0.0,0.0
1.6877876135372368e-23,0.9999999999999966,0.0,0.0
1.666821579082205e-23,0.9999999999999966,0.0,0.0
1.6461159888899725e-23,0.9999999999999966,0.0,0.0
1.6256676076699472e-23,0.9999999999999966,0.0,0.0
1.6054732403209626e-23,0.9999999999999966,0.0,0.0
1.5855297314320354e-23,0.9999999999999966,0.0,0.0
1.565833964789328e-23,0.9999999999999966,0.0,0.0
1.546382862889232e-23,0.9999999999999966,0.0,0.0
1.5271733864575036e-23,0.9999999999999966,0.0,0.0
1.5082025339743696e-23,0.9999999999999966,0.0,0.0
1.4894673412055344e-23,0.9999999999999966,0.0,0.0
1.4709648807390112e-23,0.9999999999999966,0.0,0.0
1.4526922615277106e-23,0.9999999999999966,0.0,0.0
1.4346466284377056e-23,0.9999999999999966,0.0,0.0
1.416825161802113e-23,0.9999999999999966,0.0,0.0
1.3992250769805142e-23,0.9999999999999966,0.0,0.0
1.381843623923849e-23,0.9999999999999966,0.0,0.0
1.3646780867447162e-23,0.9999999999999966,0.0,0.0
1.3477257832930085e-23,0.9999999999999966,0.0,0.0
1.3309840647368232e-23,0.9999999999999966,0.0,0.0
1.3144503151485756e-23,0.9999999999999966,0.0,0.0
1.2981219510962555e-23,0.9999999999999966,0.0,0.0
1.2819964212397604e-23,0.9999999999999966,0.0,0.0
1.2660712059322437e-23,0.9999999999999966,0.0,0.0
1.2503438168264144e-23,0.9999999999999966,0.0,0.0
1.234811796485728e-23,0.9999999999999966,0.0,0.0
1.2194727180004074e-23,0.9999999999999966,0.0,0.0
1.2043241846082325e-23,0.9999999999999966,0.0,0.0
1.1893638293200421e-23,0.9999999999999966,0.0,0.0
1.1745893145498857e-23,0.9999999999999966,0.0,0.0
1.159998331749773e-23,0.9999999999999966,0.0,0.0
1.1455886010489565e-23,0.9999999999999966,0.0,0.0
1.1313578708976984e-23,0.9999999999999966,0.0,0.0
1.117303917715461e-23,0.9999999999999966,0.0,0.0
1.1034245455434671e-23,0.9999999999999966,0.0,0.0
1.0897175857015784e-23,0.9999999999999966,0.0,0.0
1.076180896449433e-23,0.9999999999999966,0.0,0.0
1.0628123626517958e-23,0.9999999999999966,0.0,0.0
1.0496098954480633e-23,0.9999999999999966,0.0,0.0
1.036571431925875e-23,0.9999999999999966,0.0,0.0
1.0236949347987795e-23,0.9999999999999966,0.0,0.0
1.010978392087904e-23,0.9999999999999966,0.0,0.0
9.98419816807579e-24,0.9999999999999966,0.0,0.0
9.860172466548667e-24,0.9999999999999966,0.0,0.0
9.737687437029486e-24,0.9999999999999966,0.0,0.0
9.616723940983195e-24,0.9999999999999966,0.0,0.0
9.49726307761744e-24,0.9999999999999966,0.0,0.0
9.379286180929286e-24,0.9999999999999966,0.0,0.0
9.262774816788605e-24,0.9999999999999966,0.0,0.0
9.147710780057712e-24,0.9999999999999966,0.0,0.0
9.03407609174678e-24,0.9999999999999966,0.0,0.0
8.921852996204572e-24,0.9999999999999966,0.0,0.0
8.811023958344101e-24,0.9999999999999966,0.0,0.0
8.70157166090272e-24,0.9999999999999966,0.0,0.0
8.593479001736283e-24,0.9999999999999966,0.0,0.0
8.486729091146884e-24,0.9999999999999966,0.0,0.0
8.381305249243815e-24,0.9999999999999966,0.0,0.0
8.2771910033373e-24,0.9999999999999966,0.0,0.0
8.1743700853646e-24,0.9999999999999966,0.0,0.0
8.0728264293481e-24,0.9999999999999966,0.0,0.0
7.972544168884959e-24,0.9999999999999966,0.0,0.0
7.873507634667963e-24,0.9999999999999966,0.0,0.0
7.77570135203715e-24,0.9999999999999966,0.0,0.0
7.679110038561883e-24,0.9999999999999966,0.0,0.0
7.583718601652919e-24,0.9999999999999966,0.0,0.0
7.48951213620417e-24,0.9999999999999966,0.0,0.0
7.396475922263753e-24,0.9999999999999966,0.0,0.0
7.304595422733962e-24,0.9999999999999966,0.0,0.0
7.213856281099818e-24,0.9999999999999966,0.0,0.0
7.124244319185837e-24,0.9999999999999966,0.0,0.0
7.035745534940658e-24,0.9999999999999966,0.0,0.0
6.9483461002492e-24,0.9999999999999966,0.0,0.0
6.862032358771976e-24,0.9999999999999966,0.0,0.0
6.776790823811285e-24,0.9999999999999966,0.0,0.0
6.692608176203865e-24,0.9999999999999966,0.0,0.0
6.609471262239765e-24,0.9999999999999966,0.0,0.0
6.527367091607039e-24,0.9999999999999966,0.0,0.0
6.4462828353619886e-24,0.9999999999999966,0.0,0.0
6.3662058239246144e-24,0.9999999999999966,0.0,0.0
6.287123545098965e-24,0.9999999999999966,0.0,0.0
6.209023642118086e-24,0.9999999999999966,0.0,0.0
6.131893911713246e-24,0.9999999999999966,0.0,0.0
6.0557223022071526e-24,0.9999999999999966,0.0,0.0
5.9804969116308524e-24,0.9999999999999966,0.0,0.0
5.906205985864026e-24,0.9999999999999966,0.0,0.0
5.83283791679838e-24,0.9999999999999966,0.0,0.0
5.7603812405238606e-24,0.9999999999999966,0.0,0.0
5.6888246355373895e-24,0.9999999999999966,0.0,0.0
5.6181569209738595e-24,0.9999999999999966,0.0,0.0
5.5483670548591e-24,0.9999999999999966,0.0,0.0
5.479444132384545e-24,0.9999999999999966,0.0,0.0
5.4113773842033396e-24,0.9999999999999966,0.0,0.0
5.344156174747602e-24,0.9999999999999966,0.0,0.0
5.2777700005665945e-24,0.9999999999999966,0.0,0.0
5.2122084886855435e-24,0.9999999999999966,0.0,0.0
5.1474613949848346e-24,0.9999999999999966,0.0,0.0
5.083518602599353e-24,0.9999999999999966,0.0,0.0
5.020370120337701e-24,0.9999999999999966,0.0,0.0
4.9580060811210505e-24,0.9999999999999966,0.0,0.0
4.896416740441398e-24,0.9999999999999966,0.0,0.0
4.8355924748389626e-24,0.9999999999999966,0.0,0.0
4.7755237803984984e-24,0.9999999999999966,0.0,0.0
4.716201271264295e-24,0.9999999999999966,0.0,0.0
4.657615678173609e-24,0.9999999999999966,0.0,0.0
4.599757847008332e-24,0.9999999999999966,0.0,0.0
4.542618737364634e-24,0.9999999999999966,0.0,0.0
4.4861894211403864e-24,0.9999999999999966,0.0,0.0
4.430461081140127e-24,0.9999999999999966,0.0,0.0
4.375425009697355e-24,0.9999999999999966,0.0,0.0
4.3210726073139374e-24,0.9999999999999966,0.0,0.0
4.267395381316426e-24,0.9999999999999966,0.0,0.0
4.214384944529055e-24,0.9999999999999966,0.0,0.0
4.162033013963228e-24,0.9999999999999966,0.0,0.0
4.1103314095232875e-24,0.9999999999999966,0.0,0.0
4.059272052728355e-24,0.9999999999999966,0.0,0.0
4.008846965450054e-24,0.9999999999999966,0.0,0.0
3.95904826866591e-24,0.9999999999999966,0.0,0.0
3.909868181228236e-24,0.9999999999999966,0.0,0.0
3.861299018648316e-24,0.9999999999999966,0.0,0.0
3.813333191895687e-24,0.9999999999999966,0.0,0.0
3.765963206212333e-24,0.9999999999999966,0.0,0.0
3.719181659941619e-24,0.9999999999999966,0.0,0.0
3.672981243371765e-24,0.9999999999999966,0.0,0.0
3.6273547375936915e-24,0.9999999999999966,0.0,0.0
3.5822950133730445e-24,0.9999999999999966,0.0,0.0
3.537795030036242e-24,0.9999999999999966,0.0,0.0
3.493847834370355e-24,0.9999999999999966,0.0,0.0
3.4504465595366534e-24,0.9999999999999966,0.0,0.0
3.407584423997645e-24,0.9999999999999966,0.0,0.0
3.365254730457453e-24,0.9999999999999966,0.0,0.0
3.323450864815342e-24,0.9999999999999966,0.0,0.0
3.2821662951322585e-24,0.9999999999999966,0.0,0.0
3.2413945706101968e-24,0.9999999999999966,0.0,0.0
3.2011293205842538e-24,0.9999999999999966,0.0,0.0
3.1613642535271944e-24,0.9999999999999966,0.0,0.0
3.122093156066391e-24,0.9999999999999966,0.0,0.0
3.0833098920129704e-24,0.9999999999999966,0.0,0.0
3.0450084014030215e-24,0.9999999999999966,0.0,0.0
3.007182699550714e-24,0.9999999999999966,0.0,0.0
2.9698268761131787e-24,0.9999999999999966,0.0,0.0
2.9329350941670046e-24,0.9999999999999966,0.0,0.0
2.8965015892962094e-24,0.9999999999999966,0.0,0.0
2.860520668691533e-24,0.9999999999999966,0.0,0.0
2.824986710260931e-24,0.9999999999999966,0.0,0.0
2.7898941617511056e-24,0.9999999999999966,0.0,0.0
2.7552375398799585e-24,0.9999999999999966,0.0,0.0
2.721011429479815e-24,0.9999999999999966,0.0,0.0
2.6872104826512932e-24,0.9999999999999966,0.0,0.0
2.6538294179276856e-24,0.9999999999999966,0.0,0.0
2.620863019449717e-24,0.9999999999999966,0.0,0.0
2.5883061361505556e-24,0.9999999999999966,0.0,0.0
2.556153680950951e-24,0.9999999999999966,0.0,0.0
2.5244006299643665e-24,0.9999999999999966,0.0,0.0
2.493042021711984e-24,0.9999999999999966,0.0,0.0
2.4620729563474678e-24,0.9999999999999966,0.0,0.0
2.4314885948913494e-24,0.9999999999999966,0.0,0.0
2.401284158474928e-24,0.9999999999999966,0.0,0.0
2.371454927593565e-24,0.9999999999999966,0.0,0.0
2.341996241369248e-24,0.9999999999999966,0.0,0.0
2.3129034968223235e-24,0.9999999999999966,0.0,0.0
2.2841721481522676e-24,0.9999999999999966,0.0,0.0
2.2557977060273974e-24,0.9999999999999966,0.0,0.0
2.2277757368834053e-24,0.9999999999999966,0.0,0.0
2.2001018622306036e-24,0.9999999999999966,0.0,0.0
2.1727717579697754e-24,0.9999999999999966,0.0,0.0
2.1457811537165295e-24,0.9999999999999966,0.0,0.0
2.119125832134039e-24,0.9999999999999966,0.0,0.0
2.0928016282740787e-24,0.9999999999999966,0.0,0.0
2.0668044289262393e-24,0.9999999999999966,0.0,0.0
2.0411301719752335e-24,0.9999999999999966,0.0,0.0
2.0157748457661792e-24,0.9999999999999966,0.0,0.0
1.990734488477772e-24,0.9999999999999966,0.0,0.0
1.9660051875032424e-24,0.9999999999999966,0.0,0.0
1.9415830788390026e-24,0.9999999999999966,0.0,0.0
1.917464346480888e-24,0.9999999999999966,0.0,0.0
1.8936452218278996e-24,0.9999999999999966,0.0,0.0
1.870121983093351e-24,0.9999999999999966,0.0,0.0
1.8468909547233332e-24,0.9999999999999966,0.0,0.0
1.8239485068224015e-24,0.9999999999999966,0.0,0.0
1.8012910545863954e-24,0.9999999999999966,0.0,0.0
1.778915057742308e-24,0.9999999999999966,0.0,0.0
1.7568170199951094e-24,0.9999999999999966,0.0,0.0
1.7349934884814436e-24,0.9999999999999966,0.0,0.0
1.713441053230114e-24,0.9999999999999966,0.0,0.0
1.6921563466292638e-24,0.9999999999999966,0.0,0.0
1.671136042900185e-24,0.9999999999999966,0.0,0.0
1.6503768575776546e-24,0.9999999999999966,0.0,0.0
1.6298755469967324e-24,0.9999999999999966,0.0,0.0
1.6096289077859313e-24,0.9999999999999966,0.0,0.0
1.5896337763666836e-24,0.9999999999999966,0.0,0.0
1.5698870284590264e-24,0.9999999999999966,0.0,0.0
1.5503855785934248e-24,0.9999999999999966,0.0,0.0
1.531126379628663e-24,0.9999999999999966,0.0,0.0
1.5121064222757205e-24,0.9999999999999966,0.0,0.0
1.4933227346275658e-24,0.9999999999999966,0.0,0.0
1.4747723816947894e-24,0.9999999999999966,0.0,0.0
1.4564524649470059e-24,0.9999999999999966,0.0,0.0
1.4383601218599523e-24,0.9999999999999966,0.0,0.0
1.4204925254682134e-24,0.9999999999999966,0.0,0.0
1.4028468839235021e-24,0.9999999999999966,0.0,0.0
1.385420440058428e-24,0.9999999999999966,0.0,0.0
1.3682104709556836e-24,0.9999999999999966,0.0,0.0
1.3512142875225838e-24,0.9999999999999966,0.0,0.0
1.3344292340708897e-24,0.9999999999999966,0.0,0.0
1.3178526879018507e-24,0.9999999999999966,0.0,0.0
1.301482058896404e-24,0.9999999999999966,0.0,0.0
1.2853147891104618e-24,0.9999999999999966,0.0,0.0
1.2693483523752288e-24,0.9999999999999966,0.0,0.0
1.2535802539024823e-24,0.9999999999999966,0.0,0.0
1.2380080298947563e-24,0.9999999999999966,0.0,0.0
1.2226292471603688e-24,0.9999999999999966,0.0,0.0
1.20744150273323e-24,0.9999999999999966,0.0,0.0
1.1924424234973747e-24,0.9999999999999966,0.0,0.0
1.177629665816157e-24,0.9999999999999966,0.0,0.0
1.1630009151660537e-24,0.9999999999999966,0.0,0.0
1.148553885775014e-24,0.9999999999999966,0.0,0.0
1.1342863202653039e-24,0.9999999999999966,0.0,0.0
1.1201959893007859e-24,0.9999999999999966,0.0,0.0
1.1062806912385804e-24,0.9999999999999966,0.0,0.0
1.0925382517850556e-24,0.9999999999999966,0.0,0.0
1.0789665236560884e-24,0.9999999999999966,0.0,0.0
1.0655633862415475e-24,0.9999999999999966,0.0,0.0
1.0523267452739439e-24,0.9999999999999966,0.0,0.0
1.0392545325011972e-24,0.9999999999999966,0.0,0.0
1.026344705363467e-24,0.9999999999999966,0.0,0.0
1.0135952466739981e-24,0.9999999999999966,0.0,0.0
1.0010041643039327e-24,0.9999999999999966,0.0,0.0
9.885694908710341e-25,0.9999999999999966,0.0,0.0
9.762892834322809e-25,0.9999999999999966,0.0,0.0
9.641616231802774e-25,0.9999999999999966,0.0,0.0
9.521846151434358e-25,0.9999999999999966,0.0,0.0
9.40356387889884e-25,0.9999999999999966,0.0,0.0
9.286750932350492e-25,0.9999999999999966,0.0,0.0
9.171389059528771e-25,0.9999999999999966,0.0,0.0
9.057460234906348e-25,0.9999999999999966,0.0,0.0
8.944946656872592e-25,0.9999999999999966,0.0,0.0
8.833830744952033e-25,0.9999999999999966,0.0,0.0
8.724095137057375e-25,0.9999999999999966,0.0,0.0
8.615722686776631e-25,0.9999999999999966,0.0,0.0
8.508696460693965e-25,0.9999999999999966,0.0,0.0
8.402999735743814e-25,0.9999999999999966,0.0,0.0
8.29861599659787e-25,0.9999999999999966,0.0,0.0
8.195528933084525e-25,0.9999999999999966,0.0,0.0
8.093722437640382e-25,0.9999999999999966,0.0,0.0
7.993180602793406e-25,0.9999999999999966,0.0,0.0
7.893887718677354e-25,0.9999999999999966,0.0,0.0
7.795828270577078e-25,0.9999999999999966,0.0,0.0
7.698986936504315e-25,0.9999999999999966,0.0,0.0
7.6033485848035965e-25,0.9999999999999966,0.0,0.0
7.508898271787898e-25,0.9999999999999966,0.0,0.0
7.415621239403657e-25,0.9999999999999966,0.0,0.0
7.323502912924794e-25,0.9999999999999966,0.0,0.0
7.232528898675387e-25,0.9999999999999966,0.0,0.0
7.142684981780629e-25,0.9999999999999966,0.0,0.0
7.053957123945721e-25,0.9999999999999966,0.0,0.0
6.966331461262363e-25,0.9999999999999966,0.0,0.0
6.879794302042491e-25,0.9999999999999966,0.0,0.0
6.794332124678922e-25,0.9999999999999966,0.0,0.0
6.709931575532574e-25,0.9999999999999966,0.0,0.0
6.6265794668459325e-25,0.9999999999999966,0.0,0.0
6.5442627746824405e-25,0.9999999999999966,0.0,0.0
6.46296863689148e-25,0.9999999999999966,0.0,0.0
6.382684351098629e-25,0.9999999999999966,0.0,0.0
6.303397372720899e-25,0.9999999999999966,0.0,0.0
6.225095313006614e-25,0.9999999999999966,0.0,0.0
6.14776593709964e-25,0.9999999999999966,0.0,0.0
6.071397162127671e-25,0.9999999999999966,0.0,0.0
5.995977055314248e-25,0.9999999999999966,0.0,0.0
5.921493832114242e-25,0.9999999999999966,0.0,0.0
5.847935854372497e-25,0.9999999999999966,0.0,0.0
5.775291628505339e-25,0.9999999999999966,0.0,0.0
5.7035498037046865e-25,0.9999999999999966,0.0,0.0
5.632699170164459e-25,0.9999999999999966,0.0,0.0
5.562728657329023e-25,0.9999999999999966,0.0,0.0
5.493627332163397e-25,0.9999999999999966,0.0,0.0
5.42538439744494e-25,0.9999999999999966,0.0,0.0
5.357989190076266e-25,0.9999999999999966,0.0,0.0
5.291431179419109e-25,0.9999999999999966,0.0,0.0
5.225699965648898e-25,0.9999999999999966,0.0,0.0
5.160785278129753e-25,0.9999999999999966,0.0,0.0
5.096676973809683e-25,0.9999999999999966,0.0,0.0
5.033365035635713e-25,0.9999999999999966,0.0,0.0
4.970839570988697e-25,0.9999999999999966,0.0,0.0
4.909090810137583e-25,0.9999999999999966,0.0,0.0
4.84810910471286e-25,0.9999999999999966,0.0,0.0
4.787884926198991e-25,0.9999999999999966,0.0,0.0
4.72840886444556e-25,0.9999999999999966,0.0,0.0
4.669671626196918e-25,0.9999999999999966,0.0,0.0
4.611664033640089e-25,0.9999999999999966,0.0,0.0
4.554377022970724e-25,0.9999999999999966,0.0,0.0
4.497801642976858e-25,0.9999999999999966,0.0,0.0
4.441929053640266e-25,0.9999999999999966,0.0,0.0
4.386750524755196e-25,0.9999999999999966,0.0,0.0
4.332257434564249e-25,0.9999999999999966,0.0,0.0
4.278441268411221e-25,0.9999999999999966,0.0,0.0
4.225293617410664e-25,0.9999999999999966,0.0,0.0
4.1728061771339825e-25,0.9999999999999966,0.0,0.0
4.1209707463118503e-25,0.9999999999999966,0.0,0.0
4.069779225552745e-25,0.9999999999999966,0.0,0.0
4.0192236160774e-25,0.9999999999999966,0.0,0.0
3.9692960184689836e-25,0.9999999999999966,0.0,0.0
3.919988631438793e-25,0.9999999999999966,0.0,0.0
3.871293750607292e-25,0.9999999999999966,0.0,0.0
3.8232037673002832e-25,0.9999999999999966,0.0,0.0
3.7757111673600374e-25,0.9999999999999966,0.0,0.0
3.7288085299711934e-25,0.9999999999999966,0.0,0.0
3.6824885265012376e-25,0.9999999999999966,0.0,0.0
3.6367439193553927e-25,0.9999999999999966,0.0,0.0
3.5915675608457265e-25,0.9999999999999966,0.0,0.0
3.546952392074312e-25,0.9999999999999966,0.0,0.0
3.5028914418302622e-25,0.9999999999999966,0.0,0.0
3.4593778255004614e-25,0.9999999999999966,0.0,0.0
3.4164047439938313e-25,0.9999999999999966,0.0,0.0
3.373965482678961e-25,0.9999999999999966,0.0,0.0
3.3320534103349278e-25,0.9999999999999966,0.0,0.0
3.290661978115161e-25,0.9999999999999966,0.0,0.0
3.249784718524167e-25,0.9999999999999966,0.0,0.0
3.2094152444069727e-25,0.9999999999999966,0.0,0.0
3.169547247951116e-25,0.9999999999999966,0.0,0.0
3.130174499701042e-25,0.9999999999999966,0.0,0.0
3.091290847584735e-25,0.9999999999999966,0.0,0.0
3.052890215952444e-25,0.9999999999999966,0.0,0.0
3.014966604627353e-25,0.9999999999999966,0.0,0.0
2.9775140879680387e-25,0.9999999999999966,0.0,0.0
2.940526813942578e-25,0.9999999999999966,0.0,0.0
2.903999003214155e-25,0.9999999999999966,0.0,0.0
2.867924948238029e-25,0.9999999999999966,0.0,0.0
2.8322990123697195e-25,0.9999999999999966,0.0,0.0
2.7971156289842684e-25,0.9999999999999966,0.0,0.0
2.7623693006064426e-25,0.9999999999999966,0.0,0.0
2.7280545980517427e-25,0.9999999999999966,0.0,0.0
2.6941661595780833e-25,0.9999999999999966,0.0,0.0
2.660698690048009e-25,0.9999999999999966,0.0,0.0
2.6276469601013164e-25,0.9999999999999966,0.0,0.0
2.5950058053379607e-25,0.9999999999999966,0.0,0.0
2.5627701255111023e-25,0.9999999999999966,0.0,0.0
2.5309348837301867e-25,0.9999999999999966,0.0,0.0
2.4994951056739185e-25,0.9999999999999966,0.0,0.0
2.4684458788130136e-25,0.9999999999999966,0.0,0.0
2.437782351642607e-25,0.9999999999999966,0.0,0.0
2.4074997329241943e-25,0.9999999999999966,0.0,0.0
2.377593290936993e-25,0.9999999999999966,0.0,0.0
2.3480583527385986e-25,0.9999999999999966,0.0,0.0
2.3188903034348306e-25,0.9999999999999966,0.0,0.0
2.2900845854586446e-25,0.9999999999999966,0.0,0.0
2.2616366978580024e-25,0.9999999999999966,0.0,0.0
2.233542195592591e-25,0.9999999999999966,0.0,0.0
2.205796688839274e-25,0.9999999999999966,0.0,0.0
2.1783958423061748e-25,0.9999999999999966,0.0,0.0
2.151335374555277e-25,0.9999999999999966,0.0,0.0
2.124611057333441e-25,0.9999999999999966,0.0,0.0
2.0982187149117314e-25,0.9999999999999966,0.0,0.0
2.072154223432951e-25,0.9999999999999966,0.0,0.0
2.0464135102672796e-25,0.9999999999999966,0.0,0.0
2.0209925533759166e-25,0.9999999999999966,0.0,0.0
1.99588738068263e-25,0.9999999999999966,0.0,0.0
1.9710940694531113e-25,0.9999999999999966,0.0,0.0
1.9466087456820399e-25,0.9999999999999966,0.0,0.0
1.9224275834877627e-25,0.9999999999999966,0.0,0.0
1.8985468045144912e-25,0.9999999999999966,0.0,0.0
1.8749626773419266e-25,0.9999999999999966,0.0,0.0
1.8516715169022173e-25,0.9999999999999966,0.0,0.0
1.8286696839041598e-25,0.9999999999999966,0.0,0.0
1.8059535842645524e-25,0.9999999999999966,0.0,0.0
1.7835196685466115e-25,0.9999999999999966,0.0,0.0
1.7613644314053654e-25,0.9999999999999966,0.0,0.0
1.739484411039937e-25,0.9999999999999966,0.0,0.0
1.7178761886526306e-25,0.9999999999999966,0.0,0.0
1.6965363879147367e-25,0.9999999999999966,0.0,0.0
1.6754616744389756e-25,0.9999999999999966,0.0,0.0
1.6546487552584911e-25,0.9999999999999966,0.0,0.0
1.6340943783123189e-25,0.9999999999999966,0.0,0.0
1.6137953319372436e-25,0.9999999999999966,0.0,0.0
1.5937484443659718e-25,0.9999999999999966,0.0,0.0
1.5739505832315361e-25,0.9999999999999966,0.0,0.0
1.5543986550778569e-25,0.9999999999999966,0.0,0.0
1.5350896048763824e-25,0.9999999999999966,0.0,0.0
1.516020415548735e-25,0.9999999999999966,0.0,0.0
1.4971881074952875e-25,0.9999999999999966,0.0,0.0
1.4785897381295929e-25,0.9999999999999966,0.0,0.0
1.4602224014185999e-25,0.9999999999999966,0.0,0.0
1.4420832274285802e-25,0.9999999999999966,0.0,0.0
1.4241693818766947e-25,0.9999999999999966,0.0,0.0
1.4064780656881313e-25,0.9999999999999966,0.0,0.0
1.3890065145587432e-25,0.9999999999999966,0.0,0.0
1.3717519985231213e-25,0.9999999999999966,0.0,0.0
1.3547118215280315e-25,0.9999999999999966,0.0,0.0
1.3378833210111511e-25,0.9999999999999966,0.0,0.0
1.3212638674850374e-25,0.9999999999999966,0.0,0.0
1.3048508641262657e-25,0.9999999999999966,0.0,0.0
1.2886417463696695e-25,0.9999999999999966,0.0,0.0
1.272633981507623e-25,0.9999999999999966,0.0,0.0
1.256825068294299e-25,0.9999999999999966,0.0,0.0
1.241212536554846e-25,0.9999999999999966,0.0,0.0
1.2257939467994163e-25,0.9999999999999966,0.0,0.0
1.2105668898419925e-25,0.9999999999999966,0.0,0.0
1.195528986423946e-25,0.9999999999999966,0.0,0.0
1.1806778868422742e-25,0.9999999999999966,0.0,0.0
1.1660112705824533e-25,0.9999999999999966,0.0,0.0
1.1515268459558544e-25,0.9999999999999966,0.0,0.0
1.1372223497416618e-25,0.9999999999999966,0.0,0.0
1.12309554683324e-25,0.9999999999999966,0.0,0.0
1.1091442298888945e-25,0.9999999999999966,0.0,0.0
1.0953662189869693e-25,0.9999999999999966,0.0,0.0
1.0817593612852303e-25,0.9999999999999966,0.0,0.0
1.068321530684479e-25,0.9999999999999966,0.0,0.0
1.0550506274963457e-25,0.9999999999999966,0.0,0.0
1.0419445781152082e-25,0.9999999999999966,0.0,0.0
1.0290013346941868e-25,0.9999999999999966,0.0,0.0
1.0162188748251649e-25,0.9999999999999966,0.0,0.0
1.0035952012227824e-25,0.9999999999999966,0.0,0.0
9.911283414123567e-26,0.9999999999999966,0.0,0.0
9.788163474216795e-26,0.9999999999999966,0.0,0.0
9.666572954766412e-26,0.9999999999999966,0.0,0.0
9.546492857006385e-26,0.9999999999999966,0.0,0.0
9.427904418177145e-26,0.9999999999999966,0.0,0.0
9.310789108593858e-26,0.9999999999999966,0.0,0.0
9.19512862875114e-26,0.9999999999999966,0.0,0.0
9.080904906463707e-26,0.9999999999999966,0.0,0.0
8.96810009404257e-26,0.9999999999999966,0.0,0.0
8.856696565506291e-26,0.9999999999999966,0.0,0.0
8.746676913826894e-26,0.9999999999999966,0.0,0.0
8.638023948209973e-26,0.9999999999999966,0.0,0.0
8.530720691408601e-26,0.9999999999999966,0.0,0.0
8.424750377070599e-26,0.9999999999999966,0.0,0.0
8.320096447118762e-26,0.9999999999999966,0.0,0.0
8.21674254916362e-26,0.9999999999999966,0.0,0.0
8.114672533948349e-26,0.9999999999999966,0.0,0.0
8.013870452825416e-26,0.9999999999999966,0.0,0.0
7.914320555264567e-26,0.9999999999999966,0.0,0.0
7.816007286391782e-26,0.9999999999999966,0.0,0.0
7.718915284558783e-26,0.9999999999999966,0.0,0.0
7.623029378942756e-26,0.9999999999999966,0.0,0.0
7.528334587175872e-26,0.9999999999999966,0.0,0.0
7.434816113004267e-26,0.9999999999999966,0.0,0.0
7.342459343976091e-26,0.9999999999999966,0.0,0.0
7.25124984915829e-26,0.9999999999999966,0.0,0.0
7.161173376881736e-26,0.9999999999999966,0.0,0.0
7.072215852514381e-26,0.9999999999999966,0.0,0.0
6.984363376262061e-26,0.9999999999999966,0.0,0.0
6.89760222099663e-26,0.9999999999999966,0.0,0.0
6.811918830111069e-26,0.9999999999999966,0.0,0.0
6.72729981540123e-26,0.9999999999999966,0.0,0.0
6.643731954973915e-26,0.9999999999999966,0.0,0.0
6.561202191180915e-26,0.9999999999999966,0.0,0.0
6.479697628578734e-26,0.9999999999999966,0.0,0.0
6.39920553191365e-26,0.9999999999999966,0.0,0.0
6.319713324131801e-26,0.9999999999999966,0.0,0.0
6.241208584413999e-26,0.9999999999999966,0.0,0.0
6.163679046234948e-26,0.9999999999999966,0.0,0.0
6.087112595446578e-26,0.9999999999999966,0.0,0.0
6.011497268385182e-26,0.9999999999999966,0.0,0.0
5.936821250002071e-26,0.9999999999999966,0.0,0.0
5.863072872017448e-26,0.9999999999999966,0.0,0.0
5.790240611097215e-26,0.9999999999999966,0.0,0.0
5.718313087052431e-26,0.9999999999999966,0.0,0.0
5.64727906106113e-26,0.9999999999999966,0.0,0.0
5.577127433912235e-26,0.9999999999999966,0.0,0.0
5.507847244271284e-26,0.9999999999999966,0.0,0.0
5.439427666967698e-26,0.9999999999999966,0.0,0.0
5.37185801130333e-26,0.9999999999999966,0.0,0.0
5.305127719382012e-26,0.9999999999999966,0.0,0.0
5.239226364459872e-26,0.9999999999999966,0.0,0.0
5.174143649316132e-26,0.9999999999999966,0.0,0.0
5.109869404644142e-26,0.9999999999999966,0.0,0.0
5.046393587462409e-26,0.9999999999999966,0.0,0.0
4.9837062795453604e-26,0.9999999999999966,0.0,0.0
4.9217976858736e-26,0.9999999999999966,0.0,0.0
4.860658133103416e-26,0.9999999999999966,0.0,0.0
4.800278068055304e-26,0.9999999999999966,0.0,0.0
4.740648056221258e-26,0.9999999999999966,0.0,0.0
4.6817587802906155e-26,0.9999999999999966,0.0,0.0
4.6236010386942043e-26,0.9999999999999966,0.0,0.0
4.5661657441665826e-26,0.9999999999999966,0.0,0.0
4.509443922326129e-26,0.9999999999999966,0.0,0.0
4.4534267102727845e-26,0.9999999999999966,0.0,0.0
4.398105355203201e-26,0.9999999999999966,0.0,0.0
4.3434712130431005e-26,0.9999999999999966,0.0,0.0
4.289515747096619e-26,0.9999999999999966,0.0,0.0
4.2362305267124344e-26,0.9999999999999966,0.0,0.0
4.1836072259664535e-26,0.9999999999999966,0.0,0.0
4.131637622360876e-26,0.9999999999999966,0.0,0.0
4.08031359553941e-26,0.9999999999999966,0.0,0.0
4.029627126018447e-26,0.9999999999999966,0.0,0.0
3.9795702939340054e-26,0.9999999999999966,0.0,0.0
3.930135277804234e-26,0.9999999999999966,0.0,0.0
3.8813143533072893e-26,0.9999999999999966,0.0,0.0
3.8330998920743945e-26,0.9999999999999966,0.0,0.0
3.7854843604978926e-26,0.9999999999999966,0.0,0.0
3.738460318554103e-26,0.9999999999999966,0.0,0.0
3.692020418640804e-26,0.9999999999999966,0.0,0.0
3.6461574044291546e-26,0.9999999999999966,0.0,0.0
3.600864109729878e-26,0.9999999999999966,0.0,0.0
3.55613345737353e-26,0.9999999999999966,0.0,0.0
3.511958458104678e-26,0.9999999999999966,0.0,0.0
3.468332209489814e-26,0.9999999999999966,0.0,0.0
3.425247894838837e-26,0.9999999999999966,0.0,0.0
3.382698782139929e-26,0.9999999999999966,0.0,0.0
3.3406782230076675e-26,0.9999999999999966,0.0,0.0
3.2991796516441987e-26,0.9999999999999966,0.0,0.0
3.258196583813321e-26,0.9999999999999966,0.0,0.0
3.2177226158273065e-26,0.9999999999999966,0.0,0.0
3.177751423546316e-26,0.9999999999999966,0.0,0.0
3.1382767613902364e-26,0.9999999999999966,0.0,0.0
3.0992924613627956e-26,0.9999999999999966,0.0,0.0
3.0607924320878036e-26,0.9999999999999966,0.0,0.0
3.022770657857359e-26,0.9999999999999966,0.0,0.0
2.985221197691885e-26,0.9999999999999966,0.0,0.0
2.9481381844118386e-26,0.9999999999999966,0.0,0.0
2.91151582372095e-26,0.9999999999999966,0.0,0.0
2.875348393300856e-26,0.9999999999999966,0.0,0.0
2.839630241916973e-26,0.9999999999999966,0.0,0.0
2.8043557885354793e-26,0.9999999999999966,0.0,0.0
2.76951952145127e-26,0.9999999999999966,0.0,0.0
2.735115997426741e-26,0.9999999999999966,0.0,0.0
2.7011398408412714e-26,0.9999999999999966,0.0,0.0
2.6675857428512706e-26,0.9999999999999966,0.0,0.0
2.6344484605606643e-26,0.9999999999999966,0.0,0.0
2.601722816201679e-26,0.9999999999999966,0.0,0.0
2.5694036963258039e-26,0.9999999999999966,0.0,0.0
2.537486051004807e-26,0.9999999999999966,0.0,0.0
2.5059648930416727e-26,0.9999999999999966,0.0,0.0
2.4748352971913396e-26,0.9999999999999966,0.0,0.0
2.4440923993911256e-26,0.9999999999999966,0.0,0.0
2.4137313960007037e-26,0.9999999999999966,0.0,0.0
2.3837475430515266e-26,0.9999999999999966,0.0,0.0
2.35413615550557e-26,0.9999999999999966,0.0,0.0
2.3248926065232876e-26,0.9999999999999966,0.0,0.0
2.2960123267406553e-26,0.9999999999999966,0.0,0.0
2.2674908035552025e-26,0.9999999999999966,0.0,0.0
2.239323580420905e-26,0.9999999999999966,0.0,0.0
2.2115062561518443e-26,0.9999999999999966,0.0,0.0
2.1840344842345094e-26,0.9999999999999966,0.0,0.0
2.1569039721486484e-26,0.9999999999999966,0.0,0.0
2.130110480696552e-26,0.9999999999999966,0.0,0.0
2.1036498233406714e-26,0.9999999999999966,0.0,0.0
2.0775178655494614e-26,0.9999999999999966,0.0,0.0
2.0517105241513527e-26,0.9999999999999966,0.0,0.0
2.0262237666967486e-26,0.9999999999999966,0.0,0.0
2.001053610827945e-26,0.9999999999999966,0.0,0.0
1.9761961236568793e-26,0.9999999999999966,0.0,0.0
1.951647421150611e-26,0.9999999999999966,0.0,0.0
1.9274036675244293e-26,0.9999999999999966,0.0,0.0
1.903461074642508e-26,0.9999999999999966,0.0,0.0
1.8798159014259986e-26,0.9999999999999966,0.0,0.0
1.8564644532684816e-26,0.9999999999999966,0.0,0.0
1.8334030814586748e-26,0.9999999999999966,0.0,0.0
1.8106281826103157e-26,0.9999999999999966,0.0,0.0
1.7881361980991246e-26,0.9999999999999966,0.0,0.0
1.7659236135067632e-26,0.9999999999999966,0.0,0.0
1.743986958071698e-26,0.9999999999999966,0.0,0.0
1.7223228041468885e-26,0.9999999999999966,0.0,0.0
1.7009277666642093e-26,0.9999999999999966,0.0,0.0
1.6797985026055264e-26,0.9999999999999966,0.0,0.0
1.6589317104803445e-26,0.9999999999999966,0.0,0.0
1.6383241298099413e-26,0.9999999999999966,0.0,0.0
1.6179725406179118e-26,0.9999999999999966,0.0,0.0
1.597873762927041e-26,0.9999999999999966,0.0,0.0
1.5780246562624242e-26,0.9999999999999966,0.0,0.0
1.558422119160763e-26,0.9999999999999966,0.0,0.0
1.539063088685755e-26,0.9999999999999966,0.0,0.0
1.5199445399495034e-26,0.9999999999999966,0.0,0.0
1.5010634856398726e-26,0.9999999999999966,0.0,0.0
1.4824169755537137e-26,0.9999999999999966,0.0,0.0
1.4640020961358908e-26,0.9999999999999966,0.0,0.0
1.4458159700240305e-26,0.9999999999999966,0.0,0.0
1.4278557555989292e-26,0.9999999999999966,0.0,0.0
1.410118646540543e-26,0.9999999999999966,0.0,0.0
1.3926018713894973e-26,0.9999999999999966,0.0,0.0
1.3753026931140372e-26,0.9999999999999966,0.0,0.0
1.3582184086823627e-26,0.9999999999999966,0.0,0.0
1.3413463486402747e-26,0.9999999999999966,0.0,0.0
1.3246838766940656e-26,0.9999999999999966,0.0,0.0
1.3082283892985954e-26,0.9999999999999966,0.0,0.0
1.2919773152504801e-26,0.9999999999999966,0.0,0.0
1.2759281152863381e-26,0.9999999999999966,0.0,0.0
1.2600782816860235e-26,0.9999999999999966,0.0,0.0
1.2444253378807906e-26,0.9999999999999966,0.0,0.0
1.2289668380663246e-26,0.9999999999999966,0.0,0.0
1.2137003668205799e-26,0.9999999999999966,0.0,0.0
1.1986235387263655e-26,0.9999999999999966,0.0,0.0
1.1837339979986187e-26,0.9999999999999966,0.0,0.0
1.1690294181163087e-26,0.9999999999999966,0.0,0.0
1.1545075014589131e-26,0.9999999999999966,0.0,0.0
1.14016597894741e-26,0.9999999999999966,0.0,0.0
1.12600260968973e-26,0.9999999999999966,0.0,0.0
1.1120151806306115e-26,0.9999999999999966,0.0,0.0
1.0982015062058079e-26,0.9999999999999966,0.0,0.0
1.0845594280005866e-26,0.9999999999999966,0.0,0.0
1.0710868144124739e-26,0.9999999999999966,0.0,0.0
1.0577815603181874e-26,0.9999999999999966,0.0,0.0
1.0446415867447061e-26,0.9999999999999966,0.0,0.0
1.0316648405444262e-26,0.9999999999999966,0.0,0.0
1.0188492940743538e-26,0.9999999999999966,0.0,0.0
1.0061929448792798e-26,0.9999999999999966,0.0,0.0
9.93693815378894e-27,0.9999999999999966,0.0,0.0
9.81349952558783e-27,0.9999999999999966,0.0,0.0
9.691594276652683e-27,0.9999999999999966,0.0,0.0
9.571203359040343e-27,0.9999999999999966,0.0,0.0
9.452307961425003e-27,0.9999999999999966,0.0,0.0
9.334889506158898e-27,0.9999999999999966,0.0,0.0
9.21892964636951e-27,0.9999999999999966,0.0,0.0
9.104410263092833e-27,0.9999999999999966,0.0,0.0
8.991313462442247e-27,0.9999999999999966,0.0,0.0
8.879621572812559e-27,0.9999999999999966,0.0,0.0
8.769317142118781e-27,0.9999999999999966,0.0,0.0
8.660382935069212e-27,0.9999999999999966,0.0,0.0
8.552801930472376e-27,0.9999999999999966,0.0,0.0
8.446557318577438e-27,0.9999999999999966,0.0,0.0
8.34163249844764e-27,0.9999999999999966,0.0,0.0
8.238011075366371e-27,0.9999999999999966,0.0,0.0
8.135676858275463e-27,0.9999999999999966,0.0,0.0
8.034613857245301e-27,0.9999999999999966,0.0,0.0
7.934806280976367e-27,0.9999999999999966,0.0,0.0
7.836238534331812e-27,0.9999999999999966,0.0,0.0
7.738895215900695e-27,0.9999999999999966,0.0,0.0
7.642761115591471e-27,0.9999999999999966,0.0,0.0
7.547821212255385e-27,0.9999999999999966,0.0,0.0
7.45406067133939e-27,0.9999999999999966,0.0,0.0
7.361464842568218e-27,0.9999999999999966,0.0,0.0
7.270019257655238e-27,0.9999999999999966,0.0,0.0
7.179709628041772e-27,0.9999999999999966,0.0,0.0
7.090521842664459e-27,0.9999999999999966,0.0,0.0
7.002441965750384e-27,0.9999999999999966,0.0,0.0
6.915456234639587e-27,0.9999999999999966,0.0,0.0
6.829551057634613e-27,0.9999999999999966,0.0,0.0
6.744713011876785e-27,0.9999999999999966,0.0,0.0
6.660928841248855e-27,0.9999999999999966,0.0,0.0
6.578185454303708e-27,0.9999999999999966,0.0,0.0
6.496469922218794e-27,0.9999999999999966,0.0,0.0
6.4157694767759814e-27,0.9999999999999966,0.0,0.0
6.3360715083664866e-27,0.9999999999999966,0.0,0.0
6.257363564020604e-27,0.9999999999999966,0.0,0.0
6.179633345461904e-27,0.9999999999999966,0.0,0.0
6.1028687071855966e-27,0.9999999999999966,0.0,0.0
6.027057654560778e-27,0.9999999999999966,0.0,0.0
5.95218834195624e-27,0.9999999999999966,0.0,0.0
5.878249070889573e-27,0.9999999999999966,0.0,0.0
5.805228288199245e-27,0.9999999999999966,0.0,0.0
5.7331145842394035e-27,0.9999999999999966,0.0,0.0
5.661896691097093e-27,0.9999999999999966,0.0,0.0
5.5915634808316214e-27,0.9999999999999966,0.0,0.0
5.522103963735795e-27,0.9999999999999966,0.0,0.0
5.453507286618755e-27,0.9999999999999966,0.0,0.0
5.385762731110145e-27,0.9999999999999966,0.0,0.0
5.3188597119853456e-27,0.9999999999999966,0.0,0.0
5.2527877755115055e-27,0.9999999999999966,0.0,0.0
5.187536597814132e-27,0.9999999999999966,0.0,0.0
5.123095983263959e-27,0.9999999999999966,0.0,0.0
5.059455862883861e-27,0.9999999999999966,0.0,0.0
4.996606292775557e-27,0.9999999999999966,0.0,0.0
4.934537452565852e-27,0.9999999999999966,0.0,0.0
4.873239643872188e-27,0.9999999999999966,0.0,0.0
4.812703288787249e-27,0.9999999999999966,0.0,0.0
4.7529189283823956e-27,0.9999999999999966,0.0,0.0
4.693877221229684e-27,0.9999999999999966,0.0,0.0
4.635568941942256e-27,0.9999999999999966,0.0,0.0
4.577984979732847e-27,0.9999999999999966,0.0,0.0
4.521116336990209e-27,0.9999999999999966,0.0,0.0
4.464954127873219e-27,0.9999999999999966,0.0,0.0
4.4094895769224416e-27,0.9999999999999966,0.0,0.0
4.354714017688951e-27,0.9999999999999966,0.0,0.0
4.30061889138018e-27,0.9999999999999966,0.0,0.0
4.247195745522587e-27,0.9999999999999966,0.0,0.0
4.194436232640947e-27,0.9999999999999966,0.0,0.0
4.142332108954034e-27,0.9999999999999966,0.0,0.0
4.090875233086519e-27,0.9999999999999966,0.0,0.0
4.0400575647968614e-27,0.9999999999999966,0.0,0.0
3.989871163721004e-27,0.9999999999999966,0.0,0.0
3.940308188131679e-27,0.9999999999999966,0.0,0.0
3.891360893713114e-27,0.9999999999999966,0.0,0.0
3.843021632350978e-27,0.9999999999999966,0.0,0.0
3.795282850937337e-27,0.9999999999999966,0.0,0.0
3.748137090190475e-27,0.9999999999999966,0.0,0.0
3.701576983489359e-27,0.9999999999999966,0.0,0.0
3.655595255722592e-27,0.9999999999999966,0.0,0.0
3.610184722151663e-27,0.9999999999999966,0.0,0.0
3.565338287288315e-27,0.9999999999999966,0.0,0.0
3.521048943785865e-27,0.9999999999999966,0.0,0.0
3.477309771344285e-27,0.9999999999999966,0.0,0.0
3.434113935628896e-27,0.9999999999999966,0.0,0.0
3.391454687202487e-27,0.9999999999999966,0.0,0.0
3.349325360470704e-27,0.9999999999999966,0.0,0.0
3.307719372640535e-27,0.9999999999999966,0.0,0.0
3.266630222691735e-27,0.9999999999999966,0.0,0.0
3.2260514903610323e-27,0.9999999999999966,0.0,0.0
3.1859768351389438e-27,0.9999999999999966,0.0,0.0
3.1463999952790614e-27,0.9999999999999966,0.0,0.0
3.1073147868196398e-27,0.9999999999999966,0.0,0.0
3.0687151026173398e-27,0.9999999999999966,0.0,0.0
3.030594911392976e-27,0.9999999999999966,0.0,0.0
2.9929482567891158e-27,0.9999999999999966,0.0,0.0
2.9557692564393873e-27,0.9999999999999966,0.0,0.0
2.9190521010493466e-27,0.9999999999999966,0.0,0.0
2.8827910534887655e-27,0.9999999999999966,0.0,0.0
2.8469804478951905e-27,0.9999999999999966,0.0,0.0
2.811614688788643e-27,0.9999999999999966,0.0,0.0
2.7766882501973124e-27,0.9999999999999966,0.0,0.0
2.742195674794113e-27,0.9999999999999966,0.0,0.0
2.7081315730439642e-27,0.9999999999999966,0.0,0.0
2.674490622361666e-27,0.9999999999999966,0.0,0.0
2.641267566280234e-27,0.9999999999999966,0.0,0.0
2.6084572136295635e-27,0.9999999999999966,0.0,0.0
2.5760544377253027e-27,0.9999999999999966,0.0,0.0
2.5440541755677947e-27,0.9999999999999966,0.0,0.0
2.512451427050974e-27,0.9999999999999966,0.0,0.0
2.481241254181091e-27,0.9999999999999966,0.0,0.0
2.4504187803051387e-27,0.9999999999999966,0.0,0.0
2.4199791893488674e-27,0.9999999999999966,0.0,0.0
2.3899177250642624e-27,0.9999999999999966,0.0,0.0
2.3602296902863706e-27,0.9999999999999966,0.0,0.0
2.330910446199359e-27,0.9999999999999966,0.0,0.0
2.30195541161169e-27,0.9999999999999966,0.0,0.0
2.273360062240303e-27,0.9999999999999966,0.0,0.0
2.2451199300036807e-27,0.9999999999999966,0.0,0.0
2.21723060232371e-27,0.9999999999999966,0.0,0.0
2.1896877214362005e-27,0.9999999999999966,0.0,0.0
2.1624869837099788e-27,0.9999999999999966,0.0,0.0
2.135624138974437e-27,0.9999999999999966,0.0,0.0
2.109094989855434e-27,0.9999999999999966,0.0,0.0
2.082895391119447e-27,0.9999999999999966,0.0,0.0
2.0570212490258725e-27,0.9999999999999966,0.0,0.0
2.0314685206873686e-27,0.9999999999999966,0.0,0.0
2.006233213438146e-27,0.9999999999999966,0.0,0.0
1.9813113842101078e-27,0.9999999999999966,0.0,0.0
1.9566991389167343e-27,0.9999999999999966,0.0,0.0
1.932392631844626e-27,0.9999999999999966,0.0,0.0
1.9083880650526027e-27,0.9999999999999966,0.0,0.0
1.884681687778267e-27,0.9999999999999966,0.0,0.0
1.8612697958519404e-27,0.9999999999999966,0.0,0.0
1.8381487311178784e-27,0.9999999999999966,0.0,0.0
1.8153148808626785e-27,0.9999999999999966,0.0,0.0
1.7927646772507835e-27,0.9999999999999966,0.0,0.0
1.770494596767002e-27,0.9999999999999966,0.0,0.0
1.7485011596659505e-27,0.9999999999999966,0.0,0.0
1.726780929428338e-27,0.9999999999999966,0.0,0.0
1.7053305122240007e-27,0.9999999999999966,0.0,0.0
1.6841465563816107e-27,0.9999999999999966,0.0,0.0
1.6632257518649697e-27,0.9999999999999966,0.0,0.0
1.64256482975581e-27,0.9999999999999966,0.0,0.0
1.6221605617430182e-27,0.9999999999999966,0.0,0.0
1.602009759618206e-27,0.9999999999999966,0.0,0.0
1.5821092747775452e-27,0.9999999999999966,0.0,0.0
1.5624559977297932e-27,0.9999999999999966,0.0,0.0
1.5430468576104275e-27,0.9999999999999966,0.0,0.0
1.5238788217018176e-27,0.9999999999999966,0.0,0.0
1.5049488949593561e-27,0.9999999999999966,0.0,0.0
1.4862541195434777e-27,0.9999999999999966,0.0,0.0
1.46779157435749e-27,0.9999999999999966,0.0,0.0
1.4495583745911465e-27,0.9999999999999966,0.0,0.0
1.4315516712698893e-27,0.9999999999999966,0.0,0.0
1.4137686508096902e-27,0.9999999999999966,0.0,0.0
1.3962065345774243e-27,0.9999999999999966,0.0,0.0
1.3788625784567004e-27,0.9999999999999966,0.0,0.0
1.3617340724190896e-27,0.9999999999999966,0.0,0.0
1.3448183401006761e-27,0.9999999999999966,0.0,0.0
1.3281127383838715e-27,0.9999999999999966,0.0,0.0
1.31161465698442e-27,0.9999999999999966,0.0,0.0
1.295321518043539e-27,0.9999999999999966,0.0,0.0
1.2792307757251213e-27,0.9999999999999966,0.0,0.0
1.2633399158179436e-27,0.9999999999999966,0.0,0.0
1.2476464553428164e-27,0.9999999999999966,0.0,0.0
1.2321479421646126e-27,0.9999999999999966,0.0,0.0
1.2168419546091173e-27,0.9999999999999966,0.0,0.0
1.2017261010846359e-27,0.9999999999999966,0.0,0.0
1.1867980197083022e-27,0.9999999999999966,0.0,0.0
1.1720553779370312e-27,0.9999999999999966,0.0,0.0
1.1574958722030527e-27,0.9999999999999966,0.0,0.0
1.1431172275539753e-27,0.9999999999999966,0.0,0.0
1.1289171972973198e-27,0.9999999999999966,0.0,0.0
1.1148935626494694e-27,0.9999999999999966,0.0,0.0
1.10104413238898e-27,0.9999999999999966,0.0,0.0
1.087366742514197e-27,0.9999999999999966,0.0,0.0
1.0738592559051271e-27,0.9999999999999966,0.0,0.0
1.0605195619895071e-27,0.9999999999999966,0.0,0.0
1.0473455764130236e-27,0.9999999999999966,0.0,0.0
1.0343352407136282e-27,0.9999999999999966,0.0,0.0
1.0214865219998993e-27,0.9999999999999966,0.0,0.0
1.0087974126333977e-27,0.9999999999999966,0.0,0.0
9.962659299149696e-28,0.9999999999999966,0.0,0.0
9.838901157749456e-28,0.9999999999999966,0.0,0.0
9.716680364671881e-28,0.9999999999999966,0.0,0.0
9.595977822669402e-28,0.9999999999999966,0.0,0.0
9.476774671724267e-28,0.9999999999999966,0.0,0.0
9.359052286101627e-28,0.9999999999999966,0.0,0.0
9.24279227143923e-28,0.9999999999999966,0.0,0.0
9.127976461873258e-28,0.9999999999999966,0.0,0.0
9.014586917199878e-28,0.9999999999999966,0.0,0.0
8.902605920072054e-28,0.9999999999999966,0.0,0.0
8.792015973231161e-28,0.9999999999999966,0.0,0.0
8.682799796773015e-28,0.9999999999999966,0.0,0.0
8.57494032544785e-28,0.9999999999999966,0.0,0.0
8.468420705993838e-28,0.9999999999999966,0.0,0.0
8.363224294503728e-28,0.9999999999999966,0.0,0.0
8.25933465382421e-28,0.9999999999999966,0.0,0.0
8.15673555098757e-28,0.9999999999999966,0.0,0.0
8.0554109546752525e-28,0.9999999999999966,0.0,0.0
7.955345032712947e-28,0.9999999999999966,0.0,0.0
7.8565221495967665e-28,0.9999999999999966,0.0,0.0
7.758926864050175e-28,0.9999999999999966,0.0,0.0
7.662543926611252e-28,0.9999999999999966,0.0,0.0
7.567358277249936e-28,0.9999999999999966,0.0,0.0
7.473355043014865e-28,0.9999999999999966,0.0,0.0
7.380519535709444e-28,0.9999999999999966,0.0,0.0
7.288837249596785e-28,0.9999999999999966,0.0,0.0
7.198293859133164e-28,0.9999999999999966,0.0,0.0
7.108875216729612e-28,0.9999999999999966,0.0,0.0
7.020567350541337e-28,0.9999999999999966,0.0,0.0
6.933356462284588e-28,0.9999999999999966,0.0,0.0
6.847228925080648e-28,0.9999999999999966,0.0,0.0
6.762171281326609e-28,0.9999999999999966,0.0,0.0
6.6781702405925865e-28,0.9999999999999966,0.0,0.0
6.595212677545069e-28,0.9999999999999966,0.0,0.0
6.51328562989606e-28,0.9999999999999966,0.0,0.0
6.432376296377685e-28,0.9999999999999966,0.0,0.0
6.352472034741978e-28,0.9999999999999966,0.0,0.0
6.273560359785496e-28,0.9999999999999966,0.0,0.0
6.195628941398485e-28,0.9999999999999966,0.0,0.0
6.118665602638274e-28,0.9999999999999966,0.0,0.0
6.042658317826605e-28,0.9999999999999966,0.0,0.0
5.967595210670592e-28,0.9999999999999966,0.0,0.0
5.893464552407029e-28,0.9999999999999966,0.0,0.0
5.820254759969748e-28,0.9999999999999966,0.0,0.0
5.7479543941797385e-28,0.9999999999999966,0.0,0.0
5.676552157957754e-28,0.9999999999999966,0.0,0.0
5.606036894559121e-28,0.9999999999999966,0.0,0.0
5.536397585830473e-28,0.9999999999999966,0.0,0.0
5.467623350488144e-28,0.9999999999999966,0.0,0.0
5.399703442417945e-28,0.9999999999999966,0.0,0.0
5.332627248996058e-28,0.9999999999999966,0.0,0.0
5.266384289430798e-28,0.9999999999999966,0.0,0.0
5.200964213124967e-28,0.9999999999999966,0.0,0.0
5.136356798058545e-28,0.9999999999999966,0.0,0.0
5.0725519491914885e-28,0.9999999999999966,0.0,0.0
5.009539696886354e-28,0.9999999999999966,0.0,0.0
4.947310195350525e-28,0.9999999999999966,0.0,0.0
4.885853721097782e-28,0.9999999999999966,0.0,0.0
4.825160671428993e-28,0.9999999999999966,0.0,0.0
4.76522156293167e-28,0.9999999999999966,0.0,0.0
4.706027029998169e-28,0.9999999999999966,0.0,0.0
4.647567823362288e-28,0.9999999999999966,0.0,0.0
4.58983480865406e-28,0.9999999999999966,0.0,0.0
4.532818964972479e-28,0.9999999999999966,0.0,0.0
4.476511383475977e-28,0.9999999999999966,0.0,0.0
4.420903265990388e-28,0.9999999999999966,0.0,0.0
4.3659859236342245e-28,0.9999999999999966,0.0,0.0
4.311750775461015e-28,0.9999999999999966,0.0,0.0
4.25818934711852e-28,0.9999999999999966,0.0,0.0
4.2052932695245915e-28,0.9999999999999966,0.0,0.0
4.153054277559492e-28,0.9999999999999966,0.0,0.0
4.101464208774448e-28,0.9999999999999966,0.0,0.0
4.050515002116256e-28,0.9999999999999966,0.0,0.0
4.0001986966677216e-28,0.9999999999999966,0.0,0.0
3.9505074304037514e-28,0.9999999999999966,0.0,0.0
3.9014334389628987e-28,0.9999999999999966,0.0,0.0
3.8529690544341605e-28,0.9999999999999966,0.0,0.0
3.8051067041588563e-28,0.9999999999999966,0.0,0.0
3.757838909547383e-28,0.9999999999999966,0.0,0.0
3.711158284910667e-28,0.9999999999999966,0.0,0.0
3.6650575363061406e-28,0.9999999999999966,0.0,0.0
3.619529460398044e-28,0.9999999999999966,0.0,0.0
3.574566943331892e-28,0.9999999999999966,0.0,0.0
3.530162959622919e-28,0.9999999999999966,0.0,0.0
3.486310571058332e-28,0.9999999999999966,0.0,0.0
3.443002925613203e-28,0.9999999999999966,0.0,0.0
3.4002332563798238e-28,0.9999999999999966,0.0,0.0
3.357994880510364e-28,0.9999999999999966,0.0,0.0
3.3162811981726614e-28,0.9999999999999966,0.0,0.0
3.2750856915189872e-28,0.9999999999999966,0.0,0.0
3.234401923667616e-28,0.9999999999999966,0.0,0.0
3.194223537697052e-28,0.9999999999999966,0.0,0.0
3.154544255652746e-28,0.9999999999999966,0.0,0.0
3.115357877566153e-28,0.9999999999999966,0.0,0.0
3.0766582804859745e-28,0.9999999999999966,0.0,0.0
3.0384394175214343e-28,0.9999999999999966,0.0,0.0
3.00069531689744e-28,0.9999999999999966,0.0,0.0
2.9634200810214795e-28,0.9999999999999966,0.0,0.0
2.9266078855621134e-28,0.9999999999999966,0.0,0.0
2.8902529785389082e-28,0.9999999999999966,0.0,0.0
2.8543496794236798e-28,0.9999999999999966,0.0,0.0
2.8188923782528974e-28,0.9999999999999966,0.0,0.0
2.783875534751117e-28,0.9999999999999966,0.0,0.0
2.7492936774653014e-28,0.9999999999999966,0.0,0.0
2.715141402909894e-28,0.9999999999999966,0.0,0.0
2.6814133747225154e-28,0.9999999999999966,0.0,0.0
2.648104322830143e-28,0.9999999999999966,0.0,0.0
2.615209042625652e-28,0.9999999999999966,0.0,0.0
2.5827223941545883e-28,0.9999999999999966,0.0,0.0
2.5506393013120346e-28,0.9999999999999966,0.0,0.0
2.518954751049463e-28,0.9999999999999966,0.0,0.0
2.487663792591434e-28,0.9999999999999966,0.0,0.0
2.456761536662029e-28,0.9999999999999966,0.0,0.0
2.42624315472089e-28,0.9999999999999966,0.0,0.0
2.3961038782087497e-28,0.9999999999999966,0.0,0.0
2.3663389978023373e-28,0.9999999999999966,0.0,0.0
2.3369438626785338e-28,0.9999999999999966,0.0,0.0
2.3079138797876725e-28,0.9999999999999966,0.0,0.0
2.2792445131358673e-28,0.9999999999999966,0.0,0.0
2.2509312830762515e-28,0.9999999999999966,0.0,0.0
2.2229697656090277e-28,0.9999999999999966,0.0,0.0
2.1953555916902044e-28,0.9999999999999966,0.0,0.0
2.168084446548927e-28,0.9999999999999966,0.0,0.0
2.141152069013286e-28,0.9999999999999966,0.0,0.0
2.1145542508444986e-28,0.9999999999999966,0.0,0.0
2.0882868360793634e-28,0.9999999999999966,0.0,0.0
2.062345720380884e-28,0.9999999999999966,0.0,0.0
2.036726850396957e-28,0.9999999999999966,0.0,0.0
2.0114262231270266e-28,0.9999999999999966,0.0,0.0
1.986439885296609e-28,0.9999999999999966,0.0,0.0
1.9617639327395847e-28,0.9999999999999966,0.0,0.0
1.9373945097881643e-28,0.9999999999999966,0.0,0.0
1.913327808670434e-28,0.9999999999999966,0.0,0.0
1.8895600689153807e-28,0.9999999999999966,0.0,0.0
1.8660875767653141e-28,0.9999999999999966,0.0,0.0
1.8429066645955822e-28,0.9999999999999966,0.0,0.0
1.8200137103414973e-28,0.9999999999999966,0.0,0.0
1.797405136932383e-28,0.9999999999999966,0.0,0.0
1.7750774117326482e-28,0.9999999999999966,0.0,0.0
1.7530270459898054e-28,0.9999999999999966,0.0,0.0
1.7312505942893473e-28,0.9999999999999966,0.0,0.0
1.7097446540163924e-28,0.9999999999999966,0.0,0.0
1.6885058648240204e-28,0.9999999999999966,0.0,0.0
1.6675309081082103e-28,0.9999999999999966,0.0,0.0
1.6468165064893028e-28,0.9999999999999966,0.0,0.0
1.626359423299903e-28,0.9999999999999966,0.0,0.0
1.6061564620791432e-28,0.9999999999999966,0.0,0.0
1.5862044660732307e-28,0.9999999999999966,0.0,0.0
1.5665003177421986e-28,0.9999999999999966,0.0,0.0
1.5470409382727823e-28,0.9999999999999966,0.0,0.0
1.5278232870973515e-28,0.9999999999999966,0.0,0.0
1.5088443614188117e-28,0.9999999999999966,0.0,0.0
1.4901011957414145e-28,0.9999999999999966,0.0,0.0
1.4715908614073906e-28,0.9999999999999966,0.0,0.0
1.4533104661393419e-28,0.9999999999999966,0.0,0.0
1.4352571535883172e-28,0.9999999999999966,0.0,0.0
1.417428102887502e-28,0.9999999999999966,0.0,0.0
1.3998205282114516e-28,0.9999999999999966,0.0,0.0
1.382431678340801e-28,0.9999999999999966,0.0,0.0
1.3652588362323818e-28,0.9999999999999966,0.0,0.0
1.3482993185946766e-28,0.9999999999999966,0.0,0.0
1.3315504754685516e-28,0.9999999999999966,0.0,0.0
1.3150096898131935e-28,0.9999999999999966,0.0,0.0
1.2986743770971923e-28,0.9999999999999966,0.0,0.0
1.2825419848947026e-28,0.9999999999999966,0.0,0.0
1.2666099924866223e-28,0.9999999999999966,0.0,0.0
1.2508759104667246e-28,0.9999999999999966,0.0,0.0
1.235337280352684e-28,0.9999999999999966,0.0,0.0
1.2199916742019322e-28,0.9999999999999966,0.0,0.0
1.2048366942322882e-28,0.9999999999999966,0.0,0.0
1.1898699724473002e-28,0.9999999999999966,0.0,0.0
1.1750891702662398e-28,0.9999999999999966,0.0,0.0
1.1604919781586953e-28,0.9999999999999966,0.0,0.0
1.146076115283703e-28,0.9999999999999966,0.0,0.0
1.13183932913336e-28,0.9999999999999966,0.0,0.0
1.1177793951808666e-28,0.9999999999999966,0.0,0.0
1.1038941165329382e-28,0.9999999999999966,0.0,0.0
1.090181323586537e-28,0.9999999999999966,0.0,0.0
1.0766388736898675e-28,0.9999999999999966,0.0,0.0
1.0632646508075814e-28,0.9999999999999966,0.0,0.0
1.0500565651901446e-28,0.9999999999999966,0.0,0.0
1.0370125530473081e-28,0.9999999999999966,0.0,0.0
1.0241305762256368e-28,0.9999999999999966,0.0,0.0
1.011408621890045e-28,0.9999999999999966,0.0,0.0
9.988447022092853e-29,0.9999999999999966,0.0,0.0
9.86436854045347e-29,0.9999999999999966,0.0,0.0
9.741831386467111e-29,0.9999999999999966,0.0,0.0
9.620816413454173e-29,0.9999999999999966,0.0,0.0
9.501304712578922e-29,0.9999999999999966,0.0,0.0
9.383277609894955e-29,0.9999999999999966,0.0,0.0
9.266716663427359e-29,0.9999999999999966,0.0,0.0
9.151603660291109e-29,0.9999999999999966,0.0,0.0
9.037920613845272e-29,0.9999999999999966,0.0,0.0
8.925649760882562e-29,0.9999999999999966,0.0,0.0
8.814773558853792e-29,0.9999999999999966,0.0,0.0
8.705274683126821e-29,0.9999999999999966,0.0,0.0
8.59713602427955e-29,0.9999999999999966,0.0,0.0
8.490340685426528e-29,0.9999999999999966,0.0,0.0
8.384871979578792e-29,0.9999999999999966,0.0,0.0
8.28071342703648e-29,0.9999999999999966,0.0,0.0
8.177848752813854e-29,0.9999999999999966,0.0,0.0
8.076261884096291e-29,0.9999999999999966,0.0,0.0
7.975936947728883e-29,0.9999999999999966,0.0,0.0
7.876858267736213e-29,0.9999999999999966,0.0,0.0
7.779010362872965e-29,0.9999999999999966,0.0,0.0
7.682377944204934e-29,0.9999999999999966,0.0,0.0
7.586945912720113e-29,0.9999999999999966,0.0,0.0
7.492699356969429e-29,0.9999999999999966,0.0,0.0
7.399623550736804e-29,0.9999999999999966,0.0,0.0
7.307703950738157e-29,0.9999999999999966,0.0,0.0
7.216926194348983e-29,0.9999999999999966,0.0,0.0
7.127276097360164e-29,0.9999999999999966,0.0,0.0
7.038739651761654e-29,0.9999999999999966,0.0,0.0
6.951303023553707e-29,0.9999999999999966,0.0,0.0
6.864952550585279e-29,0.9999999999999966,0.0,0.0
6.779674740419293e-29,0.9999999999999966,0.0,0.0
6.695456268224418e-29,0.9999999999999966,0.0,0.0
6.612283974693035e-29,0.9999999999999966,0.0,0.0
6.530144863985068e-29,0.9999999999999966,0.0,0.0
6.449026101697363e-29,0.9999999999999966,0.0,0.0
6.368915012858279e-29,0.9999999999999966,0.0,0.0
6.289799079947203e-29,0.9999999999999966,0.0,0.0
6.211665940938661e-29,0.9999999999999966,0.0,0.0
6.134503387370723e-29,0.9999999999999966,0.0,0.0
6.058299362437413e-29,0.9999999999999966,0.0,0.0
5.983041959104799e-29,0.9999999999999966,0.0,0.0
5.908719418250505e-29,0.9999999999999966,0.0,0.0
5.835320126826316e-29,0.9999999999999966,0.0,0.0
5.76283261604362e-29,0.9999999999999966,0.0,0.0
5.691245559581384e-29,0.9999999999999966,0.0,0.0
5.620547771816397e-29,0.9999999999999966,0.0,0.0
5.550728206075487e-29,0.9999999999999966,0.0,0.0
5.481775952909465e-29,0.9999999999999966,0.0,0.0
5.413680238388493e-29,0.9999999999999966,0.0,0.0
5.346430422418638e-29,0.9999999999999966,0.0,0.0
5.28001599707934e-29,0.9999999999999966,0.0,0.0
5.214426584981523e-29,0.9999999999999966,0.0,0.0
5.149651937646107e-29,0.9999999999999966,0.0,0.0
5.085681933902668e-29,0.9999999999999966,0.0,0.0
5.0225065783079725e-29,0.9999999999999966,0.0,0.0
4.9601159995841845e-29,0.9999999999999966,0.0,0.0
4.898500449076447e-29,0.9999999999999966,0.0,0.0
4.8376502992296405e-29,0.9999999999999966,0.0,0.0
4.777556042084053e-29,0.9999999999999966,0.0,0.0
4.718208287789748e-29,0.9999999999999966,0.0,0.0
4.6595977631393756e-29,0.9999999999999966,0.0,0.0
4.60171531011922e-29,0.9999999999999966,0.0,0.0
4.5445518844782375e-29,0.9999999999999966,0.0,0.0
4.488098554314875e-29,0.9999999999999966,0.0,0.0
4.432346498681444e-29,0.9999999999999966,0.0,0.0
4.377287006205825e-29,0.9999999999999966,0.0,0.0
4.322911473730305e-29,0.9999999999999966,0.0,0.0
4.2692114049673094e-29,0.9999999999999966,0.0,0.0
4.216178409171844e-29,0.9999999999999966,0.0,0.0
4.163804199830422e-29,0.9999999999999966,0.0,0.0
4.112080593366281e-29,0.9999999999999966,0.0,0.0
4.060999507860683e-29,0.9999999999999966,0.0,0.0
4.010552961790094e-29,0.9999999999999966,0.0,0.0
3.960733072779061e-29,0.9999999999999966,0.0,0.0
3.9115320563685693e-29,0.9999999999999966,0.0,0.0
3.862942224799707e-29,0.9999999999999966,0.0,0.0
3.81495598581244e-29,0.9999999999999966,0.0,0.0
3.7675658414592985e-29,0.9999999999999966,0.0,0.0
3.720764386933815e-29,0.9999999999999966,0.0,0.0
3.674544309413505e-29,0.9999999999999966,0.0,0.0
3.628898386917223e-29,0.9999999999999966,0.0,0.0
3.583819487176716e-29,0.9999999999999966,0.0,0.0
3.5393005665221864e-29,0.9999999999999966,0.0,0.0
3.495334668781712e-29,0.9999999999999966,0.0,0.0
3.4519149241943236e-29,0.9999999999999966,0.0,0.0
3.4090345483365947e-29,0.9999999999999966,0.0,0.0
3.366686841062558e-29,0.9999999999999966,0.0,0.0
3.3248651854567994e-29,0.9999999999999966,0.0,0.0
3.283563046800545e-29,0.9999999999999966,0.0,0.0
3.2427739715506035e-29,0.9999999999999966,0.0,0.0
3.202491586330983e-29,0.9999999999999966,0.0,0.0
3.162709596937041e-29,0.9999999999999966,0.0,0.0
3.123421787352e-29,0.9999999999999966,0.0,0.0
3.084622018775683e-29,0.9999999999999966,0.0,0.0
3.0463042286653136e-29,0.9999999999999966,0.0,0.0
3.0084624297882315e-29,0.9999999999999966,0.0,0.0
2.971090709286375e-29,0.9999999999999966,0.0,0.0
2.9341832277523845e-29,0.9999999999999966,0.0,0.0
2.8977342183171844e-29,0.9999999999999966,0.0,0.0
2.861737985748896e-29,0.9999999999999966,0.0,0.0
2.8261889055629484e-29,0.9999999999999966,0.0,0.0
2.791081423143239e-29,0.9999999999999966,0.0,0.0
2.7564100528742154e-29,0.9999999999999966,0.0,0.0
2.7221693772837367e-29,0.9999999999999966,0.0,0.0
2.68835404619658e-29,0.9999999999999966,0.0,0.0
2.654958775898468e-29,0.9999999999999966,0.0,0.0
2.621978348310475e-29,0.9999999999999966,0.0,0.0
2.589407610173693e-29,0.9999999999999966,0.0,0.0
2.557241472244025e-29,0.9999999999999966,0.0,0.0
2.52547490849698e-29,0.9999999999999966,0.0,0.0
2.494102955342343e-29,0.9999999999999966,0.0,0.0
2.4631207108486103e-29,0.9999999999999966,0.0,0.0
2.4325233339770474e-29,0.9999999999999966,0.0,0.0
2.4023060438252695e-29,0.9999999999999966,0.0,0.0
2.372464118880214e-29,0.9999999999999966,0.0,0.0
2.3429928962803974e-29,0.9999999999999966,0.0,0.0
2.3138877710873303e-29,0.9999999999999966,0.0,0.0
2.2851441955659875e-29,0.9999999999999966,0.0,0.0
2.2567576784742176e-29,0.9999999999999966,0.0,0.0
2.2287237843609733e-29,0.9999999999999966,0.0,0.0
2.201038132873266e-29,0.9999999999999966,0.0,0.0
2.1736963980717256e-29,0.9999999999999966,0.0,0.0
2.1466943077546638e-29,0.9999999999999966,0.0,0.0
2.1200276427905345e-29,0.9999999999999966,0.0,0.0
2.0936922364586848e-29,0.9999999999999966,0.0,0.0
2.067683973798297e-29,0.9999999999999966,0.0,0.0
2.041998790965418e-29,0.9999999999999966,0.0,0.0
2.016632674597975e-29,0.9999999999999966,0.0,0.0
1.9915816611886795e-29,0.9999999999999966,0.0,0.0
1.966841836465721e-29,0.9999999999999966,0.0,0.0
1.9424093347811545e-29,0.9999999999999966,0.0,0.0
1.9182803385068855e-29,0.9999999999999966,0.0,0.0
1.894451077438157e-29,0.9999999999999966,0.0,0.0
1.8709178282044467e-29,0.9999999999999966,0.0,0.0
1.8476769136876851e-29,0.9999999999999966,0.0,0.0
1.8247247024476965e-29,0.9999999999999966,0.0,0.0
1.8020576081547794e-29,0.9999999999999966,0.0,0.0
1.7796720890293353e-29,0.9999999999999966,0.0,0.0
1.7575646472884587e-29,0.9999999999999966,0.0,0.0
1.7357318285994012e-29,0.9999999999999966,0.0,0.0
1.7141702215398246e-29,0.9999999999999966,0.0,0.0
1.6928764570647598e-29,0.9999999999999966,0.0,0.0
1.6718472079801863e-29,0.9999999999999966,0.0,0.0
1.6510791884231522e-29,0.9999999999999966,0.0,0.0
1.6305691533483496e-29,0.9999999999999966,0.0,0.0
1.610313898021072e-29,0.9999999999999966,0.0,0.0
1.5903102575164653e-29,0.9999999999999966,0.0,0.0
1.570555106225005e-29,0.9999999999999966,0.0,0.0
1.5510453573641107e-29,0.9999999999999966,0.0,0.0
1.531777962495831e-29,0.9999999999999966,0.0,0.0
1.5127499110505195e-29,0.9999999999999966,0.0,0.0
1.493958229856426e-29,0.9999999999999966,0.0,0.0
1.475399982675133e-29,0.9999999999999966,0.0,0.0
1.4570722697427632e-29,0.9999999999999966,0.0,0.0
1.4389722273168835e-29,0.9999999999999966,0.0,0.0
1.421097027229041e-29,0.9999999999999966,0.0,0.0
1.4034438764428565e-29,0.9999999999999966,0.0,0.0
1.3860100166176048e-29,0.9999999999999966,0.0,0.0
1.3687927236772198e-29,0.9999999999999966,0.0,0.0
1.3517893073846516e-29,0.9999999999999966,0.0,0.0
1.3349971109215126e-29,0.9999999999999966,0.0,0.0
1.3184135104729416e-29,0.9999999999999966,0.0,0.0
1.3020359148176307e-29,0.9999999999999966,0.0,0.0
1.2858617649229387e-29,0.9999999999999966,0.0,0.0
1.2698885335450397e-29,0.9999999999999966,0.0,0.0
1.2541137248340335e-29,0.9999999999999966,0.0,0.0
1.2385348739439665e-29,0.9999999999999966,0.0,0.0
1.2231495466476922e-29,0.9999999999999966,0.0,0.0
1.2079553389565204e-29,0.9999999999999966,0.0,0.0
1.192949876744587e-29,0.9999999999999966,0.0,0.0
1.1781308153778937e-29,0.9999999999999966,0.0,0.0
1.1634958393479534e-29,0.9999999999999966,0.0,0.0
1.149042661909987e-29,0.9999999999999966,0.0,0.0
1.1347690247256157e-29,0.9999999999999966,0.0,0.0
1.1206726975099905e-29,0.9999999999999966,0.0,0.0
1.1067514776833053e-29,0.9999999999999966,0.0,0.0
1.0930031900266406e-29,0.9999999999999966,0.0,0.0
1.0794256863420796e-29,0.9999999999999966,0.0,0.0
1.0660168451170487e-29,0.9999999999999966,0.0,0.0
1.0527745711928271e-29,0.9999999999999966,0.0,0.0
1.0396967954371732e-29,0.9999999999999966,0.0,0.0
1.0267814744210192e-29,0.9999999999999966,0.0,0.0
1.0140265900991806e-29,0.9999999999999966,0.0,0.0
1.0014301494950328e-29,0.9999999999999966,0.0,0.0
9.889901843891048e-30,0.9999999999999966,0.0,0.0
9.767047510115404e-30,0.9999999999999966,0.0,0.0
9.645719297383798e-30,0.9999999999999966,0.0,0.0
9.525898247916159e-30,0.9999999999999966,0.0,0.0
9.407565639429734e-30,0.9999999999999966,0.0,0.0
9.290702982213707e-30,0.9999999999999966,0.0,0.0
9.175292016240137e-30,0.9999999999999966,0.0,0.0
9.061314708310792e-30,0.9999999999999966,0.0,0.0
8.948753249239424e-30,0.9999999999999966,0.0,0.0
8.837590051069056e-30,0.9999999999999966,0.0,0.0
8.727807744323816e-30,0.9999999999999966,0.0,0.0
8.619389175294928e-30,0.9999999999999966,0.0,0.0
8.512317403360412e-30,0.9999999999999966,0.0,0.0
8.406575698338066e-30,0.9999999999999966,0.0,0.0
8.302147537871358e-30,0.9999999999999966,0.0,0.0
8.19901660484776e-30,0.9999999999999966,0.0,0.0
8.097166784849169e-30,0.9999999999999966,0.0,0.0
7.996582163634006e-30,0.9999999999999966,0.0,0.0
7.89724702465057e-30,0.9999999999999966,0.0,0.0
7.799145846581301e-30,0.9999999999999966,0.0,0.0
7.702263300917546e-30,0.9999999999999966,0.0,0.0
7.60658424956444e-30,0.9999999999999966,0.0,0.0
7.512093742475556e-30,0.9999999999999966,0.0,0.0
7.418777015316924e-30,0.9999999999999966,0.0,0.0
7.326619487160079e-30,0.9999999999999966,0.0,0.0
7.235606758203754e-30,0.9999999999999966,0.0,0.0
7.145724607523891e-30,0.9999999999999966,0.0,0.0
7.056958990851582e-30,0.9999999999999966,0.0,0.0
6.969296038378637e-30,0.9999999999999966,0.0,0.0
6.882722052590383e-30,0.9999999999999966,0.0,0.0
6.797223506125411e-30,0.9999999999999966,0.0,0.0
6.712787039661892e-30,0.9999999999999966,0.0,0.0
6.629399459830161e-30,0.9999999999999966,0.0,0.0
6.547047737151221e-30,0.9999999999999966,0.0,0.0
6.465719004000863e-30,0.9999999999999966,0.0,0.0
6.385400552599071e-30,0.9999999999999966,0.0,0.0
6.306079833024411e-30,0.9999999999999966,0.0,0.0
6.2277444512530746e-30,0.9999999999999966,0.0,0.0
6.150382167222291e-30,0.9999999999999966,0.0,0.0
6.0739808929177916e-30,0.9999999999999966,0.0,0.0
5.998528690485029e-30,0.9999999999999966,0.0,0.0
5.924013770363872e-30,0.9999999999999966,0.0,0.0
5.850424489446452e-30,0.9999999999999966,0.0,0.0
5.777749349257914e-30,0.9999999999999966,0.0,0.0
5.705976994159749e-30,0.9999999999999966,0.0,0.0
5.635096209575455e-30,0.9999999999999966,0.0,0.0
5.565095920238237e-30,0.9999999999999966,0.0,0.0
5.4959651884604744e-30,0.9999999999999966,0.0,0.0
5.4276932124246836e-30,0.9999999999999966,0.0,0.0
5.360269324495714e-30,0.9999999999999966,0.0,0.0
5.293682989553905e-30,0.9999999999999966,0.0,0.0
5.227923803348955e-30,0.9999999999999966,0.0,0.0
5.162981490874236e-30,0.9999999999999966,0.0,0.0
5.098845904761302e-30,0.9999999999999966,0.0,0.0
5.0355070236943414e-30,0.9999999999999966,0.0,0.0
4.972954950844329e-30,0.9999999999999966,0.0,0.0
4.911179912322621e-30,0.9999999999999966,0.0,0.0
4.850172255653771e-30,0.9999999999999966,0.0,0.0
4.789922448267308e-30,0.9999999999999966,0.0,0.0
4.730421076008252e-30,0.9999999999999966,0.0,0.0
4.6716588416661355e-30,0.9999999999999966,0.0,0.0
4.613626563522292e-30,0.9999999999999966,0.0,0.0
4.556315173915199e-30,0.9999999999999966,0.0,0.0
4.499715717823633e-30,0.9999999999999966,0.0,0.0
4.4438193514674304e-30,0.9999999999999966,0.0,0.0
4.388617340925629e-30,0.9999999999999966,0.0,0.0
4.334101060771778e-30,0.9999999999999966,0.0,0.0
4.28026199272619e-30,0.9999999999999966,0.0,0.0
4.227091724324952e-30,0.9999999999999966,0.0,0.0
4.174581947605452e-30,0.9999999999999966,0.0,0.0
4.122724457808251e-30,0.9999999999999966,0.0,0.0
4.071511152095066e-30,0.9999999999999966,0.0,0.0
4.020934028282687e-30,0.9999999999999966,0.0,0.0
3.970985183592623e-30,0.9999999999999966,0.0,0.0
3.9216568134162725e-30,0.9999999999999966,0.0,0.0
3.872941210095439e-30,0.9999999999999966,0.0,0.0
3.824830761717995e-30,0.9999999999999966,0.0,0.0
3.777317950928501e-30,0.9999999999999966,0.0,0.0
3.730395353753611e-30,0.9999999999999966,0.0,0.0
3.684055638442053e-30,0.9999999999999966,0.0,0.0
3.638291564319035e-30,0.9999999999999966,0.0,0.0
3.593095980654869e-30,0.9999999999999966,0.0,0.0
3.548461825547661e-30,0.9999999999999966,0.0,0.0
3.5043821248198675e-30,0.9999999999999966,0.0,0.0
3.460849990928573e-30,0.9999999999999966,0.0,0.0
3.417858621889293e-30,0.9999999999999966,0.0,0.0
3.3754013002131505e-30,0.9999999999999966,0.0,0.0
3.333471391857257e-30,0.9999999999999966,0.0,0.0
3.292062345188127e-30,0.9999999999999966,0.0,0.0
3.251167689957975e-30,0.9999999999999966,0.0,0.0
3.2107810362937216e-30,0.9999999999999966,0.0,0.0
3.170896073698568e-30,0.9999999999999966,0.0,0.0
3.1315065700659634e-30,0.9999999999999966,0.0,0.0
3.09260637070583e-30,0.9999999999999966,0.0,0.0
3.054189397382878e-30,0.9999999999999966,0.0,0.0
3.016249647366867e-30,0.9999999999999966,0.0,0.0
2.9787811924946707e-30,0.9999999999999966,0.0,0.0
2.941778178243988e-30,0.9999999999999966,0.0,0.0
2.905234822818561e-30,0.9999999999999966,0.0,0.0
2.869145416244759e-30,0.9999999999999966,0.0,0.0
2.8335043194793824e-30,0.9999999999999966,0.0,0.0
2.7983059635285518e-30,0.9999999999999966,0.0,0.0
2.7635448485775402e-30,0.9999999999999966,0.0,0.0
2.7292155431314173e-30,0.9999999999999966,0.0,0.0
2.695312683166366e-30,0.9999999999999966,0.0,0.0
2.6618309712915417e-30,0.9999999999999966,0.0,0.0
2.628765175921348e-30,0.9999999999999966,0.0,0.0
2.5961101304579877e-30,0.9999999999999966,0.0,0.0
2.563860732484172e-30,0.9999999999999966,0.0,0.0
2.532011942965857e-30,0.9999999999999966,0.0,0.0
2.5005587854648864e-30,0.9999999999999966,0.0,0.0
2.4694963453614102e-30,0.9999999999999966,0.0,0.0
2.4388197690859675e-30,0.9999999999999966,0.0,0.0
2.408524263361105e-30,0.9999999999999966,0.0,0.0
2.3786050944524188e-30,0.9999999999999966,0.0,0.0
2.3490575874288978e-30,0.9999999999999966,0.0,0.0
2.319877125432456e-30,0.9999999999999966,0.0,0.0
2.2910591489565405e-30,0.9999999999999966,0.0,0.0
2.262599155133699e-30,0.9999999999999966,0.0,0.0
2.2344926970319948e-30,0.9999999999999966,0.0,0.0
2.2067353829601694e-30,0.9999999999999966,0.0,0.0
2.1793228757814274e-30,0.9999999999999966,0.0,0.0
2.1522508922357534e-30,0.9999999999999966,0.0,0.0
2.1255152022706414e-30,0.9999999999999966,0.0,0.0
2.0991116283801417e-30,0.9999999999999966,0.0,0.0
2.0730360449521173e-30,0.9999999999999966,0.0,0.0
2.047284377623608e-30,0.9999999999999966,0.0,0.0
2.0218526026442032e-30,0.9999999999999966,0.0,0.0
1.996736746247323e-30,0.9999999999999966,0.0,0.0
1.9719328840293083e-30,0.9999999999999966,0.0,0.0
1.947437140336225e-30,0.9999999999999966,0.0,0.0
1.9232456876582857e-30,0.9999999999999966,0.0,0.0
1.8993547460317934e-30,0.9999999999999966,0.0,0.0
1.8757605824485136e-30,0.9999999999999966,0.0,0.0
1.8524595102723854e-30,0.9999999999999966,0.0,0.0
1.8294478886634764e-30,0.9999999999999966,0.0,0.0
1.8067221220090942e-30,0.9999999999999966,0.0,0.0
1.7842786593619647e-30,0.9999999999999966,0.0,0.0
1.762113993885389e-30,0.9999999999999966,0.0,0.0
1.7402246623052933e-30,0.9999999999999966,0.0,0.0
1.7186072443690855e-30,0.9999999999999966,0.0,0.0
1.6972583623112338e-30,0.9999999999999966,0.0,0.0
1.676174680325483e-30,0.9999999999999966,0.0,0.0
1.6553529040436292e-30,0.9999999999999966,0.0,0.0
1.6347897800207674e-30,0.9999999999999966,0.0,0.0
1.6144820952269348e-30,0.9999999999999966,0.0,0.0
1.5944266765450665e-30,0.9999999999999966,0.0,0.0
1.5746203902751928e-30,0.9999999999999966,0.0,0.0
1.5550601416447881e-30,0.9999999999999966,0.0,0.0
1.5357428743252103e-30,0.9999999999999966,0.0,0.0
1.51666556995414e-30,0.9999999999999966,0.0,0.0
1.4978252476639578e-30,0.9999999999999966,0.0,0.0
1.479218963615976e-30,0.9999999999999966,0.0,0.0
1.4608438105404585e-30,0.9999999999999966,0.0,0.0
1.442696917282354e-30,0.9999999999999966,0.0,0.0
1.4247754483526717e-30,0.9999999999999966,0.0,0.0
1.4070766034854314e-30,0.9999999999999966,0.0,0.0
1.3895976172001146e-30,0.9999999999999966,0.0,0.0
1.3723357583695543e-30,0.9999999999999966,0.0,0.0
1.35528832979319e-30,0.9999999999999966,0.0,0.0
1.3384526677756245e-30,0.9999999999999966,0.0,0.0
1.3218261417104159e-30,0.9999999999999966,0.0,0.0
1.3054061536690408e-30,0.9999999999999966,0.0,0.0
1.289190137994962e-30,0.9999999999999966,0.0,0.0
1.2731755609027398e-30,0.9999999999999966,0.0,0.0
1.2573599200821229e-30,0.9999999999999966,0.0,0.0
1.2417407443070564e-30,0.9999999999999966,0.0,0.0
1.2263155930495492e-30,0.9999999999999966,0.0,0.0
1.2110820560983359e-30,0.9999999999999966,0.0,0.0
1.1960377531822757e-30,0.9999999999999966,0.0,0.0
1.181180333598431e-30,0.9999999999999966,0.0,0.0
1.1665074758447653e-30,0.9999999999999966,0.0,0.0
1.1520168872574033e-30,0.9999999999999966,0.0,0.0
1.1377063036523978e-30,0.9999999999999966,0.0,0.0
1.1235734889719464e-30,0.9999999999999966,0.0,0.0
1.1096162349350028e-30,0.9999999999999966,0.0,0.0
1.0958323606922281e-30,0.9999999999999966,0.0,0.0
1.0822197124852296e-30,0.9999999999999966,0.0,0.0
1.0687761633100304e-30,0.9999999999999966,0.0,0.0
1.0554996125847216e-30,0.9999999999999966,0.0,0.0
1.0423879858212422e-30,0.9999999999999966,0.0,0.0
1.029439234301235e-30,0.9999999999999966,0.0,0.0
1.0166513347559317e-30,0.9999999999999966,0.0,0.0
1.004022289050012e-30,0.9999999999999966,0.0,0.0
9.91550123869391e-31,0.9999999999999966,0.0,0.0
9.792328904128852e-31,0.9999999999999966,0.0,0.0
9.670686640877084e-31,0.9999999999999966,0.0,0.0
9.550555442087496e-31,0.9999999999999966,0.0,0.0
9.431916537015877e-31,0.9999999999999966,0.0,0.0
9.314751388091945e-31,0.9999999999999966,0.0,0.0
9.19904168802281e-31,0.9999999999999966,0.0,0.0
9.084769356932435e-31,0.9999999999999966,0.0,0.0
8.971916539536605e-31,0.9999999999999966,0.0,0.0
8.860465602353005e-31,0.9999999999999966,0.0,0.0
8.750399130945963e-31,0.9999999999999966,0.0,0.0
8.641699927205392e-31,0.9999999999999966,0.0,0.0
8.534351006659568e-31,0.9999999999999966,0.0,0.0
8.428335595821258e-31,0.9999999999999966,0.0,0.0
8.323637129566837e-31,0.9999999999999966,0.0,0.0
8.220239248547946e-31,0.9999999999999966,0.0,0.0
8.118125796635318e-31,0.9999999999999966,0.0,0.0
8.017280818394351e-31,0.9999999999999966,0.0,0.0
7.917688556592025e-31,0.9999999999999966,0.0,0.0
7.819333449734822e-31,0.9999999999999966,0.0,0.0
7.722200129637194e-31,0.9999999999999966,0.0,0.0
7.626273419020265e-31,0.9999999999999966,0.0,0.0
7.531538329140341e-31,0.9999999999999966,0.0,0.0
7.437980057446895e-31,0.9999999999999966,0.0,0.0
7.345583985269635e-31,0.9999999999999966,0.0,0.0
7.254335675534308e-31,0.9999999999999966,0.0,0.0
7.164220870506878e-31,0.9999999999999966,0.0,0.0
7.075225489565725e-31,0.9999999999999966,0.0,0.0
6.987335627001521e-31,0.9999999999999966,0.0,0.0
6.900537549844431e-31,0.9999999999999966,0.0,0.0
6.814817695718313e-31,0.9999999999999966,0.0,0.0
6.730162670721568e-31,0.9999999999999966,0.0,0.0
6.646559247334313e-31,0.9999999999999966,0.0,0.0
6.5639943623515575e-31,0.9999999999999966,0.0,0.0
6.482455114842048e-31,0.9999999999999966,0.0,0.0
6.401928764132473e-31,0.9999999999999966,0.0,0.0
6.322402727816707e-31,0.9999999999999966,0.0,0.0
6.243864579789785e-31,0.9999999999999966,0.0,0.0
6.166302048306295e-31,0.9999999999999966,0.0,0.0
6.089703014062895e-31,0.9999999999999966,0.0,0.0
6.014055508304649e-31,0.9999999999999966,0.0,0.0
5.9393477109548805e-31,0.9999999999999966,0.0,0.0
5.865567948768264e-31,0.9999999999999966,0.0,0.0
5.792704693506856e-31,0.9999999999999966,0.0,0.0
5.720746560138786e-31,0.9999999999999966,0.0,0.0
5.6496823050593185e-31,0.9999999999999966,0.0,0.0
5.579500824334023e-31,0.9999999999999966,0.0,0.0
5.510191151963753e-31,0.9999999999999966,0.0,0.0
5.441742458171194e-31,0.9999999999999966,0.0,0.0
5.374144047708686e-31,0.9999999999999966,0.0,0.0
5.307385358187067e-31,0.9999999999999966,0.0,0.0
5.241455958425285e-31,0.9999999999999966,0.0,0.0
5.176345546820495e-31,0.9999999999999966,0.0,0.0
5.1120439497384196e-31,0.9999999999999966,0.0,0.0
5.048541119923696e-31,0.9999999999999966,0.0,0.0
4.985827134929973e-31,0.9999999999999966,0.0,0.0
4.923892195569507e-31,0.9999999999999966,0.0,0.0
4.862726624382018e-31,0.9999999999999966,0.0,0.0
4.802320864122572e-31,0.9999999999999966,0.0,0.0
4.742665476268233e-31,0.9999999999999966,0.0,0.0
4.683751139543285e-31,0.9999999999999966,0.0,0.0
4.625568648462754e-31,0.9999999999999966,0.0,0.0
4.5681089118940415e-31,0.9999999999999966,0.0,0.0
4.511362951636409e-31,0.9999999999999966,0.0,0.0
4.455321901018119e-31,0.9999999999999966,0.0,0.0
4.399977003510999e-31,0.9999999999999966,0.0,0.0
4.345319611362219e-31,0.9999999999999966,0.0,0.0
4.2913411842430555e-31,0.9999999999999966,0.0,0.0
4.238033287914456e-31,0.9999999999999966,0.0,0.0
4.185387592909166e-31,0.9999999999999966,0.0,0.0
4.133395873230237e-31,0.9999999999999966,0.0,0.0
4.082050005065694e-31,0.9999999999999966,0.0,0.0
4.0313419655191755e-31,0.9999999999999966,0.0,0.0
3.981263831356339e-31,0.9999999999999966,0.0,0.0
3.931807777766841e-31,0.9999999999999966,0.0,0.0
3.882966077141691e-31,0.9999999999999966,0.0,0.0
3.8347310978658005e-31,0.9999999999999966,0.0,0.0
3.7870953031255266e-31,0.9999999999999966,0.0,0.0
3.740051249731028e-31,0.9999999999999966,0.0,0.0
3.6935915869532525e-31,0.9999999999999966,0.0,0.0
3.647709055375372e-31,0.9999999999999966,0.0,0.0
3.6023964857584812e-31,0.9999999999999966,0.0,0.0
3.557646797921391e-31,0.9999999999999966,0.0,0.0
3.5134529996343366e-31,0.9999999999999966,0.0,0.0
3.469808185526425e-31,0.9999999999999966,0.0,0.0
3.4267055360066582e-31,0.9999999999999966,0.0,0.0
3.384138316198359e-31,0.9999999999999966,0.0,0.0
3.3420998748868315e-31,0.9999999999999966,0.0,0.0
3.300583643480095e-31,0.9999999999999966,0.0,0.0
3.2595831349825298e-31,0.9999999999999966,0.0,0.0
3.21909194298127e-31,0.9999999999999966,0.0,0.0
3.179103740645188e-31,0.9999999999999966,0.0,0.0
3.1396122797363133e-31,0.9999999999999966,0.0,0.0
3.100611389633537e-31,0.9999999999999966,0.0,0.0
3.062094976368435e-31,0.9999999999999966,0.0,0.0
3.0240570216730736e-31,0.9999999999999966,0.0,0.0
2.9864915820396466e-31,0.9999999999999966,0.0,0.0
2.9493927877917858e-31,0.9999999999999966,0.0,0.0
2.9127548421674143e-31,0.9999999999999966,0.0,0.0
2.8765720204129904e-31,0.9999999999999966,0.0,0.0
2.840838668889002e-31,0.9999999999999966,0.0,0.0
2.805549204186576e-31,0.9999999999999966,0.0,0.0
2.7706981122550588e-31,0.9999999999999966,0.0,0.0
2.736279947540432e-31,0.9999999999999966,0.0,0.0
2.7022893321344374e-31,0.9999999999999966,0.0,0.0
2.6687209549342654e-31,0.9999999999999966,0.0,0.0
2.6355695708126856e-31,0.9999999999999966,0.0,0.0
2.602829999798484e-31,0.9999999999999966,0.0,0.0
2.5704971262670824e-31,0.9999999999999966,0.0,0.0
2.538565898141212e-31,0.9999999999999966,0.0,0.0
2.5070313261015153e-31,0.9999999999999966,0.0,0.0
2.475888482806956e-31,0.9999999999999966,0.0,0.0
2.4451325021249103e-31,0.9999999999999966,0.0,0.0
2.414758578370825e-31,0.9999999999999966,0.0,0.0
2.3847619655573197e-31,0.9999999999999966,0.0,0.0
2.3551379766526154e-31,0.9999999999999966,0.0,0.0
2.325881982848177e-31,0.9999999999999966,0.0,0.0
2.296989412835453e-31,0.9999999999999966,0.0,0.0
2.268455752091599e-31,0.9999999999999966,0.0,0.0
2.240276542174072e-31,0.9999999999999966,0.0,0.0
2.2124473800239934e-31,0.9999999999999966,0.0,0.0
2.184963917278161e-31,0.9999999999999966,0.0,0.0
2.1578218595896063e-31,0.9999999999999966,0.0,0.0
2.131016965956597e-31,0.9999999999999966,0.0,0.0
2.1045450480599687e-31,0.9999999999999966,0.0,0.0
2.078401969608695e-31,0.9999999999999966,0.0,0.0
2.052583645693581e-31,0.9999999999999966,0.0,0.0
2.027086042148988e-31,0.9999999999999966,0.0,0.0
2.0019051749224897e-31,0.9999999999999966,0.0,0.0
1.977037109452352e-31,0.9999999999999966,0.0,0.0
1.9524779600527523e-31,0.9999999999999966,0.0,0.0
1.9282238893066327e-31,0.9999999999999966,0.0,0.0
1.9042711074660953e-31,0.9999999999999966,0.0,0.0
1.880615871860247e-31,0.9999999999999966,0.0,0.0
1.857254486310399e-31,0.9999999999999966,0.0,0.0
1.834183300552531e-31,0.9999999999999966,0.0,0.0
1.8113987096669315e-31,0.9999999999999966,0.0,0.0
1.7888971535149201e-31,0.9999999999999966,0.0,0.0
1.7666751161825704e-31,0.9999999999999966,0.0,0.0
1.7447291254313388e-31,0.9999999999999966,0.0,0.0
1.723055752155523e-31,0.9999999999999966,0.0,0.0
1.7016516098464547e-31,0.9999999999999966,0.0,0.0
1.6805133540633528e-31,0.9999999999999966,0.0,0.0
1.6596376819107462e-31,0.9999999999999966,0.0,0.0
1.6390213315223909e-31,0.9999999999999966,0.0,0.0
1.618661081551595e-31,0.9999999999999966,0.0,0.0
1.5985537506678793e-31,0.9999999999999966,0.0,0.0
1.578696197059886e-31,0.9999999999999966,0.0,0.0
1.559085317944464e-31,0.9999999999999966,0.0,0.0
1.5397180490818543e-31,0.9999999999999966,0.0,0.0
1.5205913642968953e-31,0.9999999999999966,0.0,0.0
1.5017022750061774e-31,0.9999999999999966,0.0,0.0
1.4830478297510698e-31,0.9999999999999966,0.0,0.0
1.4646251137365495e-31,0.9999999999999966,0.0,0.0
1.4464312483757596e-31,0.9999999999999966,0.0,0.0
1.4284633908402227e-31,0.9999999999999966,0.0,0.0
1.410718733615644e-31,0.9999999999999966,0.0,0.0
1.3931945040632317e-31,0.9999999999999966,0.0,0.0
1.3758879639864662e-31,0.9999999999999966,0.0,0.0
1.3587964092032509e-31,0.9999999999999966,0.0,0.0
1.341917169123379e-31,0.9999999999999966,0.0,0.0
1.325247606331248e-31,0.9999999999999966,0.0,0.0
1.3087851161737585e-31,0.9999999999999966,0.0,0.0
1.292527126353331e-31,0.9999999999999966,0.0,0.0
1.27647109652598e-31,0.9999999999999966,0.0,0.0
1.26061451790438e-31,0.9999999999999966,0.0,0.0
1.2449549128658616e-31,0.9999999999999966,0.0,0.0
1.2294898345652789e-31,0.9999999999999966,0.0,0.0
1.2142168665526845e-31,0.9999999999999966,0.0,0.0
1.1991336223957545e-31,0.9999999999999966,0.0,0.0
1.184237745306903e-31,0.9999999999999966,0.0,0.0
1.1695269077750302e-31,0.9999999999999966,0.0,0.0
1.154998811201843e-31,0.9999999999999966,0.0,0.0
1.1406511855426951e-31,0.9999999999999966,0.0,0.0
1.126481788951888e-31,0.9999999999999966,0.0,0.0
1.1124884074323772e-31,0.9999999999999966,0.0,0.0
1.0986688544898314e-31,0.9999999999999966,0.0,0.0
1.0850209707909883e-31,0.9999999999999966,0.0,0.0
1.071542623826254e-31,0.9999999999999966,0.0,0.0
1.058231707576494e-31,0.9999999999999966,0.0,0.0
1.045086142183964e-31,0.9999999999999966,0.0,0.0
1.0321038736273271e-31,0.9999999999999966,0.0,0.0
1.0192828734007102e-31,0.9999999999999966,0.0,0.0
1.0066211381967435e-31,0.9999999999999966,0.0,0.0
9.941166895935422e-32,0.9999999999999966,0.0,0.0
9.81767573745572e-32,0.9999999999999966,0.0,0.0
9.695718610783582e-32,0.9999999999999966,0.0,0.0
9.575276459869847e-32,0.9999999999999966,0.0,0.0
9.456330465383405e-32,0.9999999999999966,0.0,0.0
9.338862041770624e-32,0.9999999999999966,0.0,0.0
9.222852834351331e-32,0.9999999999999966,0.0,0.0
9.108284716450855e-32,0.9999999999999966,0.0,0.0
8.995139786567688e-32,0.9999999999999966,0.0,0.0
8.883400365576347e-32,0.9999999999999966,0.0,0.0
8.773048993964976e-32,0.9999999999999966,0.0,0.0
8.664068429107255e-32,0.9999999999999966,0.0,0.0
8.556441642568209e-32,0.9999999999999966,0.0,0.0
8.450151817443481e-32,0.9999999999999966,0.0,0.0
8.345182345731654e-32,0.9999999999999966,0.0,0.0
8.241516825739216e-32,0.9999999999999966,0.0,0.0
8.139139059517766e-32,0.9999999999999966,0.0,0.0
8.03803305033305e-32,0.9999999999999966,0.0,0.0
7.938183000165437e-32,0.9999999999999966,0.0,0.0
7.83957330724145e-32,0.9999999999999966,0.0,0.0
7.742188563595951e-32,0.9999999999999966,0.0,0.0
7.646013552664621e-32,0.9999999999999966,0.0,0.0
7.551033246906339e-32,0.9999999999999966,0.0,0.0
7.457232805455098e-32,0.9999999999999966,0.0,0.0
7.364597571801089e-32,0.9999999999999966,0.0,0.0
7.27311307150059e-32,0.9999999999999966,0.0,0.0
7.182765009914309e-32,0.9999999999999966,0.0,0.0
7.093539269973814e-32,0.9999999999999966,0.0,0.0
7.005421909975717e-32,0.9999999999999966,0.0,0.0
6.918399161403243e-32,0.9999999999999966,0.0,0.0
6.832457426774886e-32,0.9999999999999966,0.0,0.0
6.747583277519767e-32,0.9999999999999966,0.0,0.0
6.663763451879391e-32,0.9999999999999966,0.0,0.0
6.580984852835476e-32,0.9999999999999966,0.0,0.0
6.499234546063511e-32,0.9999999999999966,0.0,0.0
6.418499757911746e-32,0.9999999999999966,0.0,0.0
6.338767873405283e-32,0.9999999999999966,0.0,0.0
6.260026434274954e-32,0.9999999999999966,0.0,0.0
6.182263137010702e-32,0.9999999999999966,0.0,0.0
6.105465830939123e-32,0.9999999999999966,0.0,0.0
6.029622516324902e-32,0.9999999999999966,0.0,0.0
5.954721342495832e-32,0.9999999999999966,0.0,0.0
5.880750605991119e-32,0.9999999999999966,0.0,0.0
5.807698748732694e-32,0.9999999999999966,0.0,0.0
5.73555435621924e-32,0.9999999999999966,0.0,0.0
5.664306155742654e-32,0.9999999999999966,0.0,0.0
5.593943014626659e-32,0.9999999999999966,0.0,0.0
5.524453938487304e-32,0.9999999999999966,0.0,0.0
5.455828069515072e-32,0.9999999999999966,0.0,0.0
5.388054684778321e-32,0.9999999999999966,0.0,0.0
5.321123194547802e-32,0.9999999999999966,0.0,0.0
5.255023140641999e-32,0.9999999999999966,0.0,0.0
5.18974419479301e-32,0.9999999999999966,0.0,0.0
5.125276157032742e-32,0.9999999999999966,0.0,0.0
5.061608954099136e-32,0.9999999999999966,0.0,0.0
4.998732637862207e-32,0.9999999999999966,0.0,0.0
4.936637383769622e-32,0.9999999999999966,0.0,0.0
4.875313489311601e-32,0.9999999999999966,0.0,0.0
4.814751372504874e-32,0.9999999999999966,0.0,0.0
4.75494157039548e-32,0.9999999999999966,0.0,0.0
4.695874737580158e-32,0.9999999999999966,0.0,0.0
4.637541644746112e-32,0.9999999999999966,0.0,0.0
4.579933177228912e-32,0.9999999999999966,0.0,0.0
4.523040333588307e-32,0.9999999999999966,0.0,0.0
4.466854224201731e-32,0.9999999999999966,0.0,0.0
4.4113660698752855e-32,0.9999999999999966,0.0,0.0
4.3565672004719677e-32,0.9999999999999966,0.0,0.0
4.302449053556949e-32,0.9999999999999966,0.0,0.0
4.249003173059673e-32,0.9999999999999966,0.0,0.0
4.196221207952578e-32,0.9999999999999966,0.0,0.0
4.144094910946235e-32,0.9999999999999966,0.0,0.0
4.0926161372006875e-32,0.9999999999999966,0.0,0.0
4.0417768430528067e-32,0.9999999999999966,0.0,0.0
3.991569084759452e-32,0.9999999999999966,0.0,0.0
3.941985017256245e-32,0.9999999999999966,0.0,0.0
3.893016892931762e-32,0.9999999999999966,0.0,0.0
3.8446570604169534e-32,0.9999999999999966,0.0,0.0
3.796897963389604e-32,0.9999999999999966,0.0,0.0
3.749732139393639e-32,0.9999999999999966,0.0,0.0
3.703152218673103e-32,0.9999999999999966,0.0,0.0
3.6571509230206174e-32,0.9999999999999966,0.0,0.0
3.611721064640151e-32,0.9999999999999966,0.0,0.0
3.5668555450239066e-32,0.9999999999999966,0.0,0.0
3.5225473538431664e-32,0.9999999999999966,0.0,0.0
3.4787895678529165e-32,0.9999999999999966,0.0,0.0
3.435575349810072e-32,0.9999999999999966,0.0,0.0
3.3928979474051467e-32,0.9999999999999966,0.0,0.0
3.350750692207191e-32,0.9999999999999966,0.0,0.0
3.309126998621832e-32,0.9999999999999966,0.0,0.0
3.268020362862267e-32,0.9999999999999966,0.0,0.0
3.2274243619330273e-32,0.9999999999999966,0.0,0.0
3.1873326526263786e-32,0.9999999999999966,0.0,0.0
3.1477389705311773e-32,0.9999999999999966,0.0,0.0
3.108637129054043e-32,0.9999999999999966,0.0,0.0
3.0700210184526956e-32,0.9999999999999966,0.0,0.0
3.03188460488129e-32,0.9999999999999966,0.0,0.0
2.99422192944762e-32,0.9999999999999966,0.0,0.0
2.957027107282025e-32,0.9999999999999966,0.0,0.0
2.920294326617872e-32,0.9999999999999966,0.0,0.0
2.88401784788345e-32,0.9999999999999966,0.0,0.0
2.8481920028051544e-32,0.9999999999999966,0.0,0.0
2.812811193521806e-32,0.9999999999999966,0.0,0.0
2.777869891709973e-32,0.9999999999999966,0.0,0.0
2.7433626377201616e-32,0.9999999999999966,0.0,0.0
2.709284039723732e-32,0.9999999999999966,0.0,0.0
2.675628772870417e-32,0.9999999999999966,0.0,0.0
2.6423915784563e-32,0.9999999999999966,0.0,0.0
2.6095672631021346e-32,0.9999999999999966,0.0,0.0
2.577150697941867e-32,0.9999999999999966,0.0,0.0
2.5451368178212407e-32,0.9999999999999966,0.0,0.0
2.5135206205063566e-32,0.9999999999999966,0.0,0.0
2.482297165902063e-32,0.9999999999999966,0.0,0.0
2.4514615752800544e-32,0.9999999999999966,0.0,0.0
2.4210090305165633e-32,0.9999999999999966,0.0,0.0
2.390934773339516e-32,0.9999999999999966,0.0,0.0
2.361234104585044e-32,0.9999999999999966,0.0,0.0
2.33190238346323e-32,0.9999999999999966,0.0,0.0
2.3029350268329743e-32,0.9999999999999966,0.0,0.0
2.274327508485871e-32,0.9999999999999966,0.0,0.0
2.246075358438978e-32,0.9999999999999966,0.0,0.0
2.2181741622363728e-32,0.9999999999999966,0.0,0.0
2.1906195602593846e-32,0.9999999999999966,0.0,0.0
2.1634072470453964e-32,0.9999999999999966,0.0,0.0
2.136532970615106e-32,0.9999999999999966,0.0,0.0
2.1099925318081475e-32,0.9999999999999966,0.0,0.0
2.083781783626961e-32,0.9999999999999966,0.0,0.0
2.0578966305888198e-32,0.9999999999999966,0.0,0.0
2.032333028085899e-32,0.9999999999999966,0.0,0.0
2.0070869817532997e-32,0.9999999999999966,0.0,0.0
1.9821545468449208e-32,0.9999999999999966,0.0,0.0
1.9575318276170833e-32,0.9999999999999966,0.0,0.0
1.9332149767198151e-32,0.9999999999999966,0.0,0.0
1.9092001945956912e-32,0.9999999999999966,0.0,0.0
1.8854837288861486e-32,0.9999999999999966,0.0,0.0
1.8620618738451698e-32,0.9999999999999966,0.0,0.0
1.8389309697602538e-32,0.9999999999999966,0.0,0.0
1.816087402380579e-32,0.9999999999999966,0.0,0.0
1.7935276023522678e-32,0.9999999999999966,0.0,0.0
1.771248044660669e-32,0.9999999999999966,0.0,0.0
1.749245248079567e-32,0.9999999999999966,0.0,0.0
1.727515774627232e-32,0.9999999999999966,0.0,0.0
1.7060562290292298e-32,0.9999999999999966,0.0,0.0
1.6848632581879024e-32,0.9999999999999966,0.0,0.0
1.663933550658439e-32,0.9999999999999966,0.0,0.0
1.6432638361314583e-32,0.9999999999999966,0.0,0.0
1.6228508849220142e-32,0.9999999999999966,0.0,0.0
1.6026915074649507e-32,0.9999999999999966,0.0,0.0
1.5827825538165266e-32,0.9999999999999966,0.0,0.0
1.5631209131622308e-32,0.9999999999999966,0.0,0.0
1.5437035133307103e-32,0.9999999999999966,0.0,0.0
1.5245273203137377e-32,0.9999999999999966,0.0,0.0
1.505589337792141e-32,0.9999999999999966,0.0,0.0
1.4868866066676232e-32,0.9999999999999966,0.0,0.0
1.468416204600396e-32,0.9999999999999966,0.0,0.0
1.450175245552559e-32,0.9999999999999966,0.0,0.0
1.432160879337151e-32,0.9999999999999966,0.0,0.0
1.4143702911728014e-32,0.9999999999999966,0.0,0.0
1.3968007012439153e-32,0.9999999999999966,0.0,0.0
1.379449364266322e-32,0.9999999999999966,0.0,0.0
1.362313569058318e-32,0.9999999999999966,0.0,0.0
1.3453906381170407e-32,0.9999999999999966,0.0,0.0
1.328677927200101e-32,0.9999999999999966,0.0,0.0
1.3121728249124175e-32,0.9999999999999966,0.0,0.0
1.2958727522981783e-32,0.9999999999999966,0.0,0.0
1.2797751624378763e-32,0.9999999999999966,0.0,0.0
1.2638775400503454e-32,0.9999999999999966,0.0,0.0
1.2481774010997452e-32,0.9999999999999966,0.0,0.0
1.2326722924074234e-32,0.9999999999999966,0.0,0.0
1.2173597912686022e-32,0.9999999999999966,0.0,0.0
1.2022375050738264e-32,0.9999999999999966,0.0,0.0
1.1873030709351122e-32,0.9999999999999966,0.0,0.0
1.1725541553167422e-32,0.9999999999999966,0.0,0.0
1.1579884536706451e-32,0.9999999999999966,0.0,0.0
1.1436036900763054e-32,0.9999999999999966,0.0,0.0
1.1293976168851465e-32,0.9999999999999966,0.0,0.0
1.1153680143693307e-32,0.9999999999999966,0.0,0.0
1.1015126903749221e-32,0.9999999999999966,0.0,0.0
1.087829479979359e-32,0.9999999999999966,0.0,0.0
1.074316245153179e-32,0.9999999999999966,0.0,0.0
1.0609708744259486e-32,0.9999999999999966,0.0,0.0
1.0477912825563409e-32,0.9999999999999966,0.0,0.0
1.0347754102063134e-32,0.9999999999999966,0.0,0.0
1.021921223619331e-32,0.9999999999999966,0.0,0.0
1.0092267143025885e-32,0.9999999999999966,0.0,0.0
9.966898987131784e-33,0.9999999999999966,0.0,0.0
9.843088179481595e-33,0.9999999999999966,0.0,0.0
9.720815374384739e-33,0.9999999999999966,0.0,0.0
9.600061466466657e-33,0.9999999999999966,0.0,0.0
9.480807587683572e-33,0.9999999999999966,0.0,0.0
9.363035104374305e-33,0.9999999999999966,0.0,0.0
9.246725614348738e-33,0.9999999999999966,0.0,0.0
9.131860944012426e-33,0.9999999999999966,0.0,0.0
9.018423145526949e-33,0.9999999999999966,0.0,0.0
8.906394494005504e-33,0.9999999999999966,0.0,0.0
8.795757484743374e-33,0.9999999999999966,0.0,0.0
8.68649483048278e-33,0.9999999999999966,0.0,0.0
8.5785894587117e-33,0.9999999999999966,0.0,0.0
8.472024508996269e-33,0.9999999999999966,0.0,0.0
8.366783330346292e-33,0.9999999999999966,0.0,0.0
8.262849478613497e-33,0.9999999999999966,0.0,0.0
8.160206713922104e-33,0.9999999999999966,0.0,0.0
8.058838998131304e-33,0.9999999999999966,0.0,0.0
7.95873049232928e-33,0.9999999999999966,0.0,0.0
7.859865554358334e-33,0.9999999999999966,0.0,0.0
7.762228736370773e-33,0.9999999999999966,0.0,0.0
7.665804782415147e-33,0.9999999999999966,0.0,0.0
7.570578626052483e-33,0.9999999999999966,0.0,0.0
7.476535388002116e-33,0.9999999999999966,0.0,0.0
7.383660373816773e-33,0.9999999999999966,0.0,0.0
7.291939071586537e-33,0.9999999999999966,0.0,0.0
7.201357149671335e-33,0.9999999999999966,0.0,0.0
7.11190045446158e-33,0.9999999999999966,0.0,0.0
7.023555008166653e-33,0.9999999999999966,0.0,0.0
6.936307006630833e-33,0.9999999999999966,0.0,0.0
6.85014281717638e-33,0.9999999999999966,0.0,0.0
6.765048976473395e-33,0.9999999999999966,0.0,0.0
6.681012188436149e-33,0.9999999999999966,0.0,0.0
6.598019322145541e-33,0.9999999999999966,0.0,0.0
6.516057409797368e-33,0.9999999999999966,0.0,0.0
6.43511364467608e-33,0.9999999999999966,0.0,0.0
6.3551753791537e-33,0.9999999999999966,0.0,0.0
6.27623012271361e-33,0.9999999999999966,0.0,0.0
6.198265539998878e-33,0.9999999999999966,0.0,0.0
6.121269448884843e-33,0.9999999999999966,0.0,0.0
6.045229818575622e-33,0.9999999999999966,0.0,0.0
5.970134767724281e-33,0.9999999999999966,0.0,0.0
5.8959725625763466e-33,0.9999999999999966,0.0,0.0
5.8227316151363846e-33,0.9999999999999966,0.0,0.0
5.7504004813573546e-33,0.9999999999999966,0.0,0.0
5.678967859352447e-33,0.9999999999999966,0.0,0.0
5.6084225876291486e-33,0.9999999999999966,0.0,0.0
5.538753643345231e-33,0.9999999999999966,0.0,0.0
5.469950140586412e-33,0.9999999999999966,0.0,0.0
5.402001328665408e-33,0.9999999999999966,0.0,0.0
5.334896590442119e-33,0.9999999999999966,0.0,0.0
5.268625440664674e-33,0.9999999999999966,0.0,0.0
5.203177524331097e-33,0.9999999999999966,0.0,0.0
5.138542615071309e-33,0.9999999999999966,0.0,0.0
5.074710613549242e-33,0.9999999999999966,0.0,0.0
5.011671545884794e-33,0.9999999999999966,0.0,0.0
4.949415562095395e-33,0.9999999999999966,0.0,0.0
4.887932934556919e-33,0.9999999999999966,0.0,0.0
4.8272140564837306e-33,0.9999999999999966,0.0,0.0
4.7672494404276006e-33,0.9999999999999966,0.0,0.0
4.708029716795276e-33,0.9999999999999966,0.0,0.0
4.649545632384458e-33,0.9999999999999966,0.0,0.0
4.591788048937976e-33,0.9999999999999966,0.0,0.0
4.534747941715911e-33,0.9999999999999966,0.0,0.0
4.4784163980854644e-33,0.9999999999999966,0.0,0.0
4.42278461612834e-33,0.9999999999999966,0.0,0.0
4.367843903265427e-33,0.9999999999999966,0.0,0.0
4.3135856748985646e-33,0.9999999999999966,0.0,0.0
4.2600014530691874e-33,0.9999999999999966,0.0,0.0
4.207082865133618e-33,0.9999999999999966,0.0,0.0
4.1548216424548325e-33,0.9999999999999966,0.0,0.0
4.1032096191104636e-33,0.9999999999999966,0.0,0.0
4.0522387306168624e-33,0.9999999999999966,0.0,0.0
4.001901012669004e-33,0.9999999999999966,0.0,0.0
3.952188599896048e-33,0.9999999999999966,0.0,0.0
3.9030937246323624e-33,0.9999999999999966,0.0,0.0
3.854608715703805e-33,0.9999999999999966,0.0,0.0
3.806725997229092e-33,0.9999999999999966,0.0,0.0
3.759438087436045e-33,0.9999999999999966,0.0,0.0
3.712737597492555e-33,0.9999999999999966,0.0,0.0
3.666617230352057e-33,0.9999999999999966,0.0,0.0
3.6210697796133577e-33,0.9999999999999966,0.0,0.0
3.5760881283946136e-33,0.9999999999999966,0.0,0.0
3.531665248221309e-33,0.9999999999999966,0.0,0.0
3.487794197928041e-33,0.9999999999999966,0.0,0.0
3.444468122573948e-33,0.9999999999999966,0.0,0.0
3.4016802523716106e-33,0.9999999999999966,0.0,0.0
3.3594239016292596e-33,0.9999999999999966,0.0,0.0
3.317692467706123e-33,0.9999999999999966,0.0,0.0
3.276479429980751e-33,0.9999999999999966,0.0,0.0
3.235778348832152e-33,0.9999999999999966,0.0,0.0
3.195582864633592e-33,0.9999999999999966,0.0,0.0
3.15588669675889e-33,0.9999999999999966,0.0,0.0
3.1166836426010546e-33,0.9999999999999966,0.0,0.0
3.0779675766031174e-33,0.9999999999999966,0.0,0.0
3.0397324493010008e-33,0.9999999999999966,0.0,0.0
3.0019722863782756e-33,0.9999999999999966,0.0,0.0
2.9646811877326644e-33,0.9999999999999966,0.0,0.0
2.927853326554137e-33,0.9999999999999966,0.0,0.0
2.891482948414459e-33,0.9999999999999966,0.0,0.0
2.8555643703680528e-33,0.9999999999999966,0.0,0.0
2.8200919800640243e-33,0.9999999999999966,0.0,0.0
2.785060234869221e-33,0.9999999999999966,0.0,0.0
2.750463661002186e-33,0.9999999999999966,0.0,0.0
2.7162968526778677e-33,0.9999999999999966,0.0,0.0
2.682554471262955e-33,0.9999999999999966,0.0,0.0
2.6492312444417044e-33,0.9999999999999966,0.0,0.0
2.61632196539213e-33,0.9999999999999966,0.0,0.0
2.583821491972429e-33,0.9999999999999966,0.0,0.0
2.551724745917508e-33,0.9999999999999966,0.0,0.0
2.520026712045497e-33,0.9999999999999966,0.0,0.0
2.4887224374741155e-33,0.9999999999999966,0.0,0.0
2.4578070308467742e-33,0.9999999999999966,0.0,0.0
2.4272756615682924e-33,0.9999999999999966,0.0,0.0
2.397123559050105e-33,0.9999999999999966,0.0,0.0
2.3673460119648517e-33,0.9999999999999966,0.0,0.0
2.3379383675102178e-33,0.9999999999999966,0.0,0.0
2.30889603068193e-33,0.9999999999999966,0.0,0.0
2.2802144635557735e-33,0.9999999999999966,0.0,0.0
2.251889184578533e-33,0.9999999999999966,0.0,0.0
2.223915767867743e-33,0.9999999999999966,0.0,0.0
2.196289842520131e-33,0.9999999999999966,0.0,0.0
2.169007091928658e-33,0.9999999999999966,0.0,0.0
2.142063253108039e-33,0.9999999999999966,0.0,0.0
2.115454116028642e-33,0.9999999999999966,0.0,0.0
2.0891755229586628e-33,0.9999999999999966,0.0,0.0
2.0632233678144726e-33,0.9999999999999966,0.0,0.0
2.0375935955190315e-33,0.9999999999999966,0.0,0.0
2.0122822013682756e-33,0.9999999999999966,0.0,0.0
1.9872852304053745e-33,0.9999999999999966,0.0,0.0
1.9625987768027596e-33,0.9999999999999966,0.0,0.0
1.938218983251832e-33,0.9999999999999966,0.0,0.0
1.914142040360251e-33,0.9999999999999966,0.0,0.0
1.8903641860567047e-33,0.9999999999999966,0.0,0.0
1.8668817050030844e-33,0.9999999999999966,0.0,0.0
1.843690928013951e-33,0.9999999999999966,0.0,0.0
1.82078823148322e-33,0.9999999999999966,0.0,0.0
1.7981700368179634e-33,0.9999999999999966,0.0,0.0
1.7758328098792497e-33,0.9999999999999966,0.0,0.0
1.7537730604299254e-33,0.9999999999999966,0.0,0.0
1.7319873415892598e-33,0.9999999999999966,0.0,0.0
1.7104722492943617e-33,0.9999999999999966,0.0,0.0
1.6892244217682886e-33,0.9999999999999966,0.0,0.0
1.6682405389947622e-33,0.9999999999999966,0.0,0.0
1.6475173221994083e-33,0.9999999999999966,0.0,0.0
1.6270515333374422e-33,0.9999999999999966,0.0,0.0
1.6068399745877175e-33,0.9999999999999966,0.0,0.0
1.5868794878530604e-33,0.9999999999999966,0.0,0.0
1.56716695426681e-33,0.9999999999999966,0.0,0.0
1.547699293705489e-33,0.9999999999999966,0.0,0.0
1.5284734643075283e-33,0.9999999999999966,0.0,0.0
1.5094864619979709e-33,0.9999999999999966,0.0,0.0
1.490735320019078e-33,0.9999999999999966,0.0,0.0
1.4722171084667669e-33,0.9999999999999966,0.0,0.0
1.4539289338328079e-33,0.9999999999999966,0.0,0.0
1.4358679385527083e-33,0.9999999999999966,0.0,0.0
1.4180313005592113e-33,0.9999999999999966,0.0,0.0
1.4004162328413428e-33,0.9999999999999966,0.0,0.0
1.3830199830089346e-33,0.9999999999999966,0.0,0.0
1.3658398328625588e-33,0.9999999999999966,0.0,0.0
1.3488730979688028e-33,0.9999999999999966,0.0,0.0
1.3321171272408214e-33,0.9999999999999966,0.0,0.0
1.3155693025240992e-33,0.9999999999999966,0.0,0.0
1.2992270381873583e-33,0.9999999999999966,0.0,0.0
1.2830877807185487e-33,0.9999999999999966,0.0,0.0
1.2671490083258564e-33,0.9999999999999966,0.0,0.0
1.2514082305436683e-33,0.9999999999999966,0.0,0.0
1.2358629878434319e-33,0.9999999999999966,0.0,0.0
1.2205108512493494e-33,0.9999999999999966,0.0,0.0
1.2053494219588448e-33,0.9999999999999966,0.0,0.0
1.1903763309677465e-33,0.9999999999999966,0.0,0.0
1.1755892387001248e-33,0.9999999999999966,0.0,0.0
1.1609858346427293e-33,0.9999999999999966,0.0,0.0
1.1465638369839662e-33,0.9999999999999966,0.0,0.0
1.1323209922573603e-33,0.9999999999999966,0.0,0.0
1.118255074989447e-33,0.9999999999999966,0.0,0.0
1.1043638873520366e-33,0.9999999999999966,0.0,0.0
1.0906452588187996e-33,0.9999999999999966,0.0,0.0
1.077097045826118e-33,0.9999999999999966,0.0,0.0
1.0637171314381486e-33,0.9999999999999966,0.0,0.0
1.0505034250160476e-33,0.9999999999999966,0.0,0.0
1.0374538618913033e-33,0.9999999999999966,0.0,0.0
1.0245664030431293e-33,0.9999999999999966,0.0,0.0
1.0118390347798615e-33,0.9999999999999966,0.0,0.0
9.992697684243155e-34,0.9999999999999966,0.0,0.0
9.868566400030517e-34,0.9999999999999966,0.0,0.0
9.745977099395004e-34,0.9999999999999966,0.0,0.0
9.62491062750899e-34,0.9999999999999966,0.0,0.0
9.505348067489941e-34,0.9999999999999966,0.0,0.0
9.387270737444605e-34,0.9999999999999966,0.0,0.0
9.270660187549943e-34,0.9999999999999966,0.0,0.0
9.155498197170296e-34,0.9999999999999966,0.0,0.0
9.041766772010373e-34,0.9999999999999966,0.0,0.0
8.929448141303613e-34,0.9999999999999966,0.0,0.0
8.81852475503546e-34,0.9999999999999966,0.0,0.0
8.708979281201146e-34,0.9999999999999966,0.0,0.0
8.600794603097514e-34,0.9999999999999966,0.0,0.0
8.493953816648516e-34,0.9999999999999966,0.0,0.0
8.388440227763907e-34,0.9999999999999966,0.0,0.0
8.284237349730763e-34,0.9999999999999966,0.0,0.0
8.181328900637392e-34,0.9999999999999966,0.0,0.0
8.079698800829264e-34,0.9999999999999966,0.0,0.0
7.97933117039652e-34,0.9999999999999966,0.0,0.0
7.880210326692715e-34,0.9999999999999966,0.0,0.0
7.782320781884362e-34,0.9999999999999966,0.0,0.0
7.685647240530932e-34,0.9999999999999966,0.0,0.0
7.590174597194912e-34,0.9999999999999966,0.0,0.0
7.495887934081546e-34,0.9999999999999966,0.0,0.0
7.402772518707902e-34,0.9999999999999966,0.0,0.0
7.310813801600888e-34,0.9999999999999966,0.0,0.0
7.21999741402387e-34,0.9999999999999966,0.0,0.0
7.13030916573153e-34,0.9999999999999966,0.0,0.0
7.041735042752602e-34,0.9999999999999966,0.0,0.0
6.954261205200174e-34,0.9999999999999966,0.0,0.0
6.867873985109166e-34,0.9999999999999966,0.0,0.0
6.782559884300688e-34,0.9999999999999966,0.0,0.0
6.698305572272921e-34,0.9999999999999966,0.0,0.0
6.615097884118201e-34,0.9999999999999966,0.0,0.0
6.53292381846597e-34,0.9999999999999966,0.0,0.0
6.4517705354512915e-34,0.9999999999999966,0.0,0.0
6.371625354708592e-34,0.9999999999999966,0.0,0.0
6.292475753390329e-34,0.9999999999999966,0.0,0.0
6.21430936421027e-34,0.9999999999999966,0.0,0.0
6.13711397351108e-34,0.9999999999999966,0.0,0.0
6.060877519355913e-34,0.9999999999999966,0.0,0.0
5.985588089643707e-34,0.9999999999999966,0.0,0.0
5.911233920247896e-34,0.9999999999999966,0.0,0.0
5.8378033931782435e-34,0.9999999999999966,0.0,0.0
5.7652850347655036e-34,0.9999999999999966,0.0,0.0
5.6936675138686374e-34,0.9999999999999966,0.0,0.0
5.622939640104305e-34,0.9999999999999966,0.0,0.0
5.553090362098337e-34,0.9999999999999966,0.0,0.0
5.48410876575894e-34,0.9999999999999966,0.0,0.0
5.415984072571347e-34,0.9999999999999966,0.0,0.0
5.348705637913651e-34,0.9999999999999966,0.0,0.0
5.28226294939356e-34,0.9999999999999966,0.0,0.0
5.216645625205821e-34,0.9999999999999966,0.0,0.0
5.1518434125100325e-34,0.9999999999999966,0.0,0.0
5.087846185828625e-34,0.9999999999999966,0.0,0.0
5.024643945464729e-34,0.9999999999999966,0.0,0.0
4.962226815939708e-34,0.9999999999999966,0.0,0.0
4.900585044450088e-34,0.9999999999999966,0.0,0.0
4.839708999343664e-34,0.9999999999999966,0.0,0.0
4.779589168614543e-34,0.9999999999999966,0.0,0.0
4.72021615841686e-34,0.9999999999999966,0.0,0.0
4.66158069159698e-34,0.9999999999999966,0.0,0.0
4.603673606243922e-34,0.9999999999999966,0.0,0.0
4.546485854257792e-34,0.9999999999999966,0.0,0.0
4.490008499935994e-34,0.9999999999999966,0.0,0.0
4.434232718577016e-34,0.9999999999999966,0.0,0.0
4.379149795101547e-34,0.9999999999999966,0.0,0.0
4.324751122690731e-34,0.9999999999999966,0.0,0.0
4.271028201441332e-34,0.9999999999999966,0.0,0.0
4.217972637037609e-34,0.9999999999999966,0.0,0.0
4.165576139439683e-34,0.9999999999999966,0.0,0.0
4.113830521588207e-34,0.9999999999999966,0.0,0.0
4.0627276981251195e-34,0.9999999999999966,0.0,0.0
4.0122596841302864e-34,0.9999999999999966,0.0,0.0
3.962418593873846e-34,0.9999999999999966,0.0,0.0
3.913196639584047e-34,0.9999999999999966,0.0,0.0
3.864586130230393e-34,0.9999999999999966,0.0,0.0
3.8165794703219003e-34,0.9999999999999966,0.0,0.0
3.769169158720291e-34,0.9999999999999966,0.0,0.0
3.722347787467924e-34,0.9999999999999966,0.0,0.0
3.6761080406302857e-34,0.9999999999999966,0.0,0.0
3.6304426931528595e-34,0.9999999999999966,0.0,0.0
3.585344609732198e-34,0.9999999999999966,0.0,0.0
3.540806743701017e-34,0.9999999999999966,0.0,0.0
3.4968221359271394e-34,0.9999999999999966,0.0,0.0
3.4533839137261155e-34,0.9999999999999966,0.0,0.0
3.4104852897873536e-34,0.9999999999999966,0.0,0.0
3.3681195611135877e-34,0.9999999999999966,0.0,0.0
3.326280107973522e-34,0.9999999999999966,0.0,0.0
3.284960392867483e-34,0.9999999999999966,0.0,0.0
3.2441539595059225e-34,0.9999999999999966,0.0,0.0
3.2038544318006088e-34,0.9999999999999966,0.0,0.0
3.1640555128683503e-34,0.9999999999999966,0.0,0.0
3.1247509840470954e-34,0.9999999999999966,0.0,0.0
3.085934703924252e-34,0.9999999999999966,0.0,0.0
3.047600607377082e-34,0.9999999999999966,0.0,0.0
3.0097427046250098e-34,0.9999999999999966,0.0,0.0
2.972355080293711e-34,0.9999999999999966,0.0,0.0
2.9354318924908213e-34,0.9999999999999966,0.0,0.0
2.898967371893127e-34,0.9999999999999966,0.0,0.0
2.8629558208450994e-34,0.9999999999999966,0.0,0.0
2.8273916124686244e-34,0.9999999999999966,0.0,0.0
2.792269189783788e-34,0.9999999999999966,0.0,0.0
2.7575830648405922e-34,0.9999999999999966,0.0,0.0
2.723327817861447e-34,0.9999999999999966,0.0,0.0
2.6894980963943215e-34,0.9999999999999966,0.0,0.0
2.6560886144764104e-34,0.9999999999999966,0.0,0.0
2.6230941518081955e-34,0.9999999999999966,0.0,0.0
2.5905095529377585e-34,0.9999999999999966,0.0,0.0
2.558329726455234e-34,0.9999999999999966,0.0,0.0
2.526549644197266e-34,0.9999999999999966,0.0,0.0
2.4951643404613466e-34,0.9999999999999966,0.0,0.0
2.4641689112299156e-34,0.9999999999999966,0.0,0.0
2.4335585134040964e-34,0.9999999999999966,0.0,0.0
2.4033283640469533e-34,0.9999999999999966,0.0,0.0
2.3734737396361483e-34,0.9999999999999966,0.0,0.0
2.3439899753258782e-34,0.9999999999999966,0.0,0.0
2.314872464217987e-34,0.9999999999999966,0.0,0.0
2.2861166566421257e-34,0.9999999999999966,0.0,0.0
2.2577180594448584e-34,0.9999999999999966,0.0,0.0
2.229672235287597e-34,0.9999999999999966,0.0,0.0
2.2019748019532603e-34,0.9999999999999966,0.0,0.0
2.1746214316615393e-34,0.9999999999999966,0.0,0.0
2.147607850392677e-34,0.9999999999999966,0.0,0.0
2.120929837219643e-34,0.9999999999999966,0.0,0.0
2.094583223648604e-34,0.9999999999999966,0.0,0.0
2.068563892967588e-34,0.9999999999999966,0.0,0.0
2.0428677796032408e-34,0.9999999999999966,0.0,0.0
2.0174908684855724e-34,0.9999999999999966,0.0,0.0
1.9924291944205927e-34,0.9999999999999966,0.0,0.0
1.9676788414707413e-34,0.9999999999999966,0.0,0.0
1.9432359423430174e-34,0.9999999999999966,0.0,0.0
1.9190966777847039e-34,0.9999999999999966,0.0,0.0
1.8952572759866032e-34,0.9999999999999966,0.0,0.0
1.871714011993685e-34,0.9999999999999966,0.0,0.0
1.8484632071230516e-34,0.9999999999999966,0.0,0.0
1.8255012283891407e-34,0.9999999999999966,0.0,0.0
1.8028244879360592e-34,0.9999999999999966,0.0,0.0
1.780429442476977e-34,0.9999999999999966,0.0,0.0
1.7583125927404791e-34,0.9999999999999966,0.0,0.0
1.7364704829237986e-34,0.9999999999999966,0.0,0.0
1.71489970015284e-34,0.9999999999999966,0.0,0.0
1.6935968739489105e-34,0.9999999999999966,0.0,0.0
1.6725586757020766e-34,0.9999999999999966,0.0,0.0
1.6517818181510607e-34,0.9999999999999966,0.0,0.0
1.631263054869601e-34,0.9999999999999966,0.0,0.0
1.6109991797591904e-34,0.9999999999999966,0.0,0.0
1.5909870265481169e-34,0.9999999999999966,0.0,0.0
1.5712234682967277e-34,0.9999999999999966,0.0,0.0
1.5517054169088376e-34,0.9999999999999966,0.0,0.0
1.5324298226492092e-34,0.9999999999999966,0.0,0.0
1.513393673667024e-34,0.9999999999999966,0.0,0.0
1.4945939955252752e-34,0.9999999999999966,0.0,0.0
1.4760278507360066e-34,0.9999999999999966,0.0,0.0
1.4576923383013225e-34,0.9999999999999966,0.0,0.0
1.4395845932601024e-34,0.9999999999999966,0.0,0.0
1.4217017862403445e-34,0.9999999999999966,0.0,0.0
1.4040411230170698e-34,0.9999999999999966,0.0,0.0
1.3865998440757204e-34,0.9999999999999966,0.0,0.0
1.369375224180978e-34,0.9999999999999966,0.0,0.0
1.3523645719509412e-34,0.9999999999999966,0.0,0.0
1.3355652294365922e-34,0.9999999999999966,0.0,0.0
1.3189745717064853e-34,0.9999999999999966,0.0,0.0
1.3025900064365976e-34,0.9999999999999966,0.0,0.0
1.2864089735052719e-34,0.9999999999999966,0.0,0.0
1.270428944593193e-34,0.9999999999999966,0.0,0.0
1.2546474227883328e-34,0.9999999999999966,0.0,0.0
1.2390619421958028e-34,0.9999999999999966,0.0,0.0
1.2236700675525524e-34,0.9999999999999966,0.0,0.0
1.2084693938468545e-34,0.9999999999999966,0.0,0.0
1.1934575459425177e-34,0.9999999999999966,0.0,0.0
1.178632178207766e-34,0.9999999999999966,0.0,0.0
1.1639909741487291e-34,0.9999999999999966,0.0,0.0
1.1495316460474864e-34,0.9999999999999966,0.0,0.0
1.135251934604605e-34,0.9999999999999966,0.0,0.0
1.1211496085861206e-34,0.9999999999999966,0.0,0.0
1.1072224644749025e-34,0.9999999999999966,0.0,0.0
1.093468326126349e-34,0.9999999999999966,0.0,0.0
1.0798850444283612e-34,0.9999999999999966,0.0,0.0
1.066470496965539e-34,0.9999999999999966,0.0,0.0
1.0532225876875501e-34,0.9999999999999966,0.0,0.0
1.0401392465816178e-34,0.9999999999999966,0.0,0.0
1.027218429349077e-34,0.9999999999999966,0.0,0.0
1.014458117085948e-34,0.9999999999999966,0.0,0.0
1.0018563159674796e-34,0.9999999999999966,0.0,0.0
9.894110569366093e-35,0.9999999999999966,0.0,0.0
9.771203953962941e-35,0.9999999999999966,0.0,0.0
9.649824109056637e-35,0.9999999999999966,0.0,0.0
9.529952068799473e-35,0.9999999999999966,0.0,0.0
9.411569102941284e-35,0.9999999999999966,0.0,0.0
9.294656713902811e-35,0.9999999999999966,0.0,0.0
9.179196633885414e-35,0.9999999999999966,0.0,0.0
9.065170822016693e-35,0.9999999999999966,0.0,0.0
8.952561461531563e-35,0.9999999999999966,0.0,0.0
8.84135095698835e-35,0.9999999999999966,0.0,0.0
8.731521931519466e-35,0.9999999999999966,0.0,0.0
8.623057224116242e-35,0.9999999999999966,0.0,0.0
8.515939886947477e-35,0.9999999999999966,0.0,0.0
8.410153182711316e-35,0.9999999999999966,0.0,0.0
8.305680582020001e-35,0.9999999999999966,0.0,0.0
8.202505760817132e-35,0.9999999999999966,0.0,0.0
8.100612597826992e-35,0.9999999999999966,0.0,0.0
7.999985172035567e-35,0.9999999999999966,0.0,0.0
7.900607760202853e-35,0.9999999999999966,0.0,0.0
7.802464834406076e-35,0.9999999999999966,0.0,0.0
7.70554105961341e-35,0.9999999999999966,0.0,0.0
7.60982129128786e-35,0.9999999999999966,0.0,0.0
7.515290573020887e-35,0.9999999999999966,0.0,0.0
7.421934134195442e-35,0.9999999999999966,0.0,0.0
7.329737387678031e-35,0.9999999999999966,0.0,0.0
7.23868592753944e-35,0.9999999999999966,0.0,0.0
7.148765526803783e-35,0.9999999999999966,0.0,0.0
7.059962135225507e-35,0.9999999999999966,0.0,0.0
6.97226187709401e-35,0.9999999999999966,0.0,0.0
6.885651049065539e-35,0.9999999999999966,0.0,0.0
6.800116118022007e-35,0.9999999999999966,0.0,0.0
6.715643718956423e-35,0.9999999999999966,0.0,0.0
6.632220652884578e-35,0.9999999999999966,0.0,0.0
6.549833884782678e-35,0.9999999999999966,0.0,0.0
6.468470541550595e-35,0.9999999999999966,0.0,0.0
6.388117910000418e-35,0.9999999999999966,0.0,0.0
6.308763434869996e-35,0.9999999999999966,0.0,0.0
6.230394716861146e-35,0.9999999999999966,0.0,0.0
6.152999510702241e-35,0.9999999999999966,0.0,0.0
6.076565723234864e-35,0.9999999999999966,0.0,0.0
6.00108141152422e-35,0.9999999999999966,0.0,0.0
5.926534780993038e-35,0.9999999999999966,0.0,0.0
5.852914183578631e-35,0.9999999999999966,0.0,0.0
5.780208115912881e-35,0.9999999999999966,0.0,0.0
5.708405217524795e-35,0.9999999999999966,0.0,0.0
5.637494269065422e-35,0.9999999999999966,0.0,0.0
5.567464190554797e-35,0.9999999999999966,0.0,0.0
5.498304039650685e-35,0.9999999999999966,0.0,0.0
5.4300030099388e-35,0.9999999999999966,0.0,0.0
5.362550429244296e-35,0.9999999999999966,0.0,0.0
5.295935757964211e-35,0.9999999999999966,0.0,0.0
5.230148587420633e-35,0.9999999999999966,0.0,0.0
5.165178638234323e-35,0.9999999999999966,0.0,0.0
5.101015758718543e-35,0.9999999999999966,0.0,0.0
5.037649923292832e-35,0.9999999999999966,0.0,0.0
4.975071230916491e-35,0.9999999999999966,0.0,0.0
4.913269903541522e-35,0.9999999999999966,0.0,0.0
4.85223628458479e-35,0.9999999999999966,0.0,0.0
4.791960837419165e-35,0.9999999999999966,0.0,0.0
4.732434143883398e-35,0.9999999999999966,0.0,0.0
4.673646902810521e-35,0.9999999999999966,0.0,0.0
4.615589928574517e-35,0.9999999999999966,0.0,0.0
4.5582541496550463e-35,0.9999999999999966,0.0,0.0
4.501630607220007e-35,0.9999999999999966,0.0,0.0
4.445710453725695e-35,0.9999999999999966,0.0,0.0
4.3904849515343605e-35,0.9999999999999966,0.0,0.0
4.335945471548932e-35,0.9999999999999966,0.0,0.0
4.282083491864704e-35,0.9999999999999966,0.0,0.0
4.228890596437771e-35,0.9999999999999966,0.0,0.0
4.176358473770005e-35,0.9999999999999966,0.0,0.0
4.1244789156103643e-35,0.9999999999999966,0.0,0.0
4.07324381567234e-35,0.9999999999999966,0.0,0.0
4.0226451683673316e-35,0.9999999999999966,0.0,0.0
3.9726750675537575e-35,0.9999999999999966,0.0,0.0
3.923325705301704e-35,0.9999999999999966,0.0,0.0
3.87458937067292e-35,0.9999999999999966,0.0,0.0
3.8264584485159676e-35,0.9999999999999966,0.0,0.0
3.7789254182763407e-35,0.9999999999999966,0.0,0.0
3.7319828528213596e-35,0.9999999999999966,0.0,0.0
3.6856234172796706e-35,0.9999999999999966,0.0,0.0
3.6398398678951534e-35,0.9999999999999966,0.0,0.0
3.5946250508950726e-35,0.9999999999999966,0.0,0.0
3.549971901372285e-35,0.9999999999999966,0.0,0.0
3.5058734421813325e-35,0.9999999999999966,0.0,0.0
3.462322782848251e-35,0.9999999999999966,0.0,0.0
3.4193131184939175e-35,0.9999999999999966,0.0,0.0
3.376837728770776e-35,0.9999999999999966,0.0,0.0
3.3348899768127664e-35,0.9999999999999966,0.0,0.0
3.2934633081983067e-35,0.9999999999999966,0.0,0.0
3.2525512499261446e-35,0.9999999999999966,0.0,0.0
3.212147409403941e-35,0.9999999999999966,0.0,0.0
3.172245473449415e-35,0.9999999999999966,0.0,0.0
3.132839207303896e-35,0.9999999999999966,0.0,0.0
3.0939224536581273e-35,0.9999999999999966,0.0,0.0
3.055489131690178e-35,0.9999999999999966,0.0,0.0
3.0175332361153005e-35,0.9999999999999966,0.0,0.0
2.9800488362475906e-35,0.9999999999999966,0.0,0.0
2.9430300750733095e-35,0.9999999999999966,0.0,0.0
2.9064711683357104e-35,0.9999999999999966,0.0,0.0
2.8703664036312395e-35,0.9999999999999966,0.0,0.0
2.834710139516957e-35,0.9999999999999966,0.0,0.0
2.7994968046290543e-35,0.9999999999999966,0.0,0.0
2.7647208968123157e-35,0.9999999999999966,0.0,0.0
2.730376982260394e-35,0.9999999999999966,0.0,0.0
2.696459694666771e-35,0.9999999999999966,0.0,0.0
2.662963734386256e-35,0.9999999999999966,0.0,0.0
2.6298838676069095e-35,0.9999999999999966,0.0,0.0
2.597214925532248e-35,0.9999999999999966,0.0,0.0
2.5649518035736095e-35,0.9999999999999966,0.0,0.0
2.533089460552549e-35,0.9999999999999966,0.0,0.0
2.501622917913148e-35,0.9999999999999966,0.0,0.0
2.470547258944101e-35,0.9999999999999966,0.0,0.0
2.439857628010473e-35,0.9999999999999966,0.0,0.0
2.4095492297949936e-35,0.9999999999999966,0.0,0.0
2.3796173285487812e-35,0.9999999999999966,0.0,0.0
2.3500572473513706e-35,0.9999999999999966,0.0,0.0
2.3208643673799362e-35,0.9999999999999966,0.0,0.0
2.2920341271875912e-35,0.9999999999999966,0.0,0.0
2.2635620219906514e-35,0.9999999999999966,0.0,0.0
2.235443602964755e-35,0.9999999999999966,0.0,0.0
2.207674476549724e-35,0.9999999999999966,0.0,0.0
2.1802503037630602e-35,0.9999999999999966,0.0,0.0
2.153166799521973e-35,0.9999999999999966,0.0,0.0
2.1264197319738246e-35,0.9999999999999966,0.0,0.0
2.100004921834895e-35,0.9999999999999966,0.0,0.0
2.0739182417373608e-35,0.9999999999999966,0.0,0.0
2.048155615584384e-35,0.9999999999999966,0.0,0.0
2.0227130179132155e-35,0.9999999999999966,0.0,0.0
1.9975864732662078e-35,0.9999999999999966,0.0,0.0
1.9727720555696407e-35,0.9999999999999966,0.0,0.0
1.9482658875202656e-35,0.9999999999999966,0.0,0.0
1.9240641399794682e-35,0.9999999999999966,0.0,0.0
1.900163031374958e-35,0.9999999999999966,0.0,0.0
1.8765588271098897e-35,0.9999999999999966,0.0,0.0
1.8532478389793253e-35,0.9999999999999966,0.0,0.0
1.8302264245939443e-35,0.9999999999999966,0.0,0.0
1.807490986810913e-35,0.9999999999999966,0.0,0.0
1.785037973171824e-35,0.9999999999999966,0.0,0.0
1.7628638753476165e-35,0.9999999999999966,0.0,0.0
1.740965228590393e-35,0.9999999999999966,0.0,0.0
1.719338611192046e-35,0.9999999999999966,0.0,0.0
1.697980643949609e-35,0.9999999999999966,0.0,0.0
1.6768879896372485e-35,0.9999999999999966,0.0,0.0
1.6560573524848164e-35,0.9999999999999966,0.0,0.0
1.6354854776628783e-35,0.9999999999999966,0.0,0.0
1.615169150774141e-35,0.9999999999999966,0.0,0.0
1.5951051973511956e-35,0.9999999999999966,0.0,0.0
1.5752904823605005e-35,0.9999999999999966,0.0,0.0
1.555721909712527e-35,0.9999999999999966,0.0,0.0
1.5363964217779864e-35,0.9999999999999966,0.0,0.0
1.5173109989100726e-35,0.9999999999999966,0.0,0.0
1.4984626589726343e-35,0.9999999999999966,0.0,0.0
1.4798484568742103e-35,0.9999999999999966,0.0,0.0
1.461465484107853e-35,0.9999999999999966,0.0,0.0
1.443310868296668e-35,0.9999999999999966,0.0,0.0
1.4253817727450006e-35,0.9999999999999966,0.0,0.0
1.4076753959951945e-35,0.9999999999999966,0.0,0.0
1.3901889713898603e-35,0.9999999999999966,0.0,0.0
1.3729197666395777e-35,0.9999999999999966,0.0,0.0
1.3558650833959716e-35,0.9999999999999966,0.0,0.0
1.3390222568300875e-35,0.9999999999999966,0.0,0.0
1.3223886552160094e-35,0.9999999999999966,0.0,0.0
1.3059616795196444e-35,0.9999999999999966,0.0,0.0
1.28973876299262e-35,0.9999999999999966,0.0,0.0
1.2737173707712243e-35,0.9999999999999966,0.0,0.0
1.257894999480328e-35,0.9999999999999966,0.0,0.0
1.2422691768422267e-35,0.9999999999999966,0.0,0.0
1.2268374612903436e-35,0.9999999999999966,0.0,0.0
1.2115974415877284e-35,0.9999999999999966,0.0,0.0
1.1965467364502978e-35,0.9999999999999966,0.0,0.0
1.1816829941747538e-35,0.9999999999999966,0.0,0.0
1.1670038922711265e-35,0.9999999999999966,0.0,0.0
1.1525071370998793e-35,0.9999999999999966,0.0,0.0
1.138190463513524e-35,0.9999999999999966,0.0,0.0
1.124051634502686e-35,0.9999999999999966,0.0,0.0
1.1100884408465676e-35,0.9999999999999966,0.0,0.0
1.0962987007677528e-35,0.9999999999999966,0.0,0.0
1.0826802595912994e-35,0.9999999999999966,0.0,0.0
1.0692309894080677e-35,0.9999999999999966,0.0,0.0
1.0559487887422298e-35,0.9999999999999966,0.0,0.0
1.0428315822229094e-35,0.9999999999999966,0.0,0.0
1.0298773202599017e-35,0.9999999999999966,0.0,0.0
1.0170839787234202e-35,0.9999999999999966,0.0,0.0
1.0044495586278223e-35,0.9999999999999966,0.0,0.0
9.919720858192639e-36,0.9999999999999966,0.0,0.0
9.796496106672338e-36,0.9999999999999966,0.0,0.0
9.674802077599202e-36,0.9999999999999966,0.0,0.0
9.554619756033608e-36,0.9999999999999966,0.0,0.0
9.435930363243306e-36,0.9999999999999966,0.0,0.0
9.318715353769203e-36,0.9999999999999966,0.0,0.0
9.202956412527602e-36,0.9999999999999966,0.0,0.0
9.088635451948428e-36,0.9999999999999966,0.0,0.0
8.975734609149008e-36,0.9999999999999966,0.0,0.0
8.864236243142965e-36,0.9999999999999966,0.0,0.0
8.754122932083772e-36,0.9999999999999966,0.0,0.0
8.645377470542558e-36,0.9999999999999966,0.0,0.0
8.537982866819717e-36,0.9999999999999966,0.0,0.0
8.431922340289929e-36,0.9999999999999966,0.0,0.0
8.327179318780149e-36,0.9999999999999966,0.0,0.0
8.223737435980171e-36,0.9999999999999966,0.0,0.0
8.121580528885359e-36,0.9999999999999966,0.0,0.0
8.020692635271148e-36,0.9999999999999966,0.0,0.0
7.92105799119891e-36,0.9999999999999966,0.0,0.0
7.822661028552805e-36,0.9999999999999966,0.0,0.0
7.725486372607237e-36,0.9999999999999966,0.0,0.0
7.629518839624516e-36,0.9999999999999966,0.0,0.0
7.534743434482372e-36,0.9999999999999966,0.0,0.0
7.441145348330938e-36,0.9999999999999966,0.0,0.0
7.34870995627883e-36,0.9999999999999966,0.0,0.0
7.257422815107985e-36,0.9999999999999966,0.0,0.0
7.167269661016876e-36,0.9999999999999966,0.0,0.0
7.078236407391763e-36,0.9999999999999966,0.0,0.0
6.990309142605634e-36,0.9999999999999966,0.0,0.0
6.903474127844483e-36,0.9999999999999966,0.0,0.0
6.81771779496059e-36,0.9999999999999966,0.0,0.0
6.733026744352477e-36,0.9999999999999966,0.0,0.0
6.649387742871186e-36,0.9999999999999966,0.0,0.0
6.566787721752576e-36,0.9999999999999966,0.0,0.0
6.485213774575302e-36,0.9999999999999966,0.0,0.0
6.404653155244157e-36,0.9999999999999966,0.0,0.0
6.325093275998477e-36,0.9999999999999966,0.0,0.0
6.246521705445268e-36,0.9999999999999966,0.0,0.0
6.168926166616779e-36,0.9999999999999966,0.0,0.0
6.092294535052207e-36,0.9999999999999966,0.0,0.0
6.0166148369032143e-36,0.9999999999999966,0.0,0.0
5.941875247062999e-36,0.9999999999999966,0.0,0.0
5.868064087318594e-36,0.9999999999999966,0.0,0.0
5.795169824526126e-36,0.9999999999999966,0.0,0.0
5.723181068808731e-36,0.9999999999999966,0.0,0.0
5.652086571776873e-36,0.9999999999999966,0.0,0.0
5.5818752247707514e-36,0.9999999999999966,0.0,0.0
5.512536057124554e-36,0.9999999999999966,0.0,0.0
5.444058234452271e-36,0.9999999999999966,0.0,0.0
5.3764310569547934e-36,0.9999999999999966,0.0,0.0
5.309643957748054e-36,0.9999999999999966,0.0,0.0
5.243686501211926e-36,0.9999999999999966,0.0,0.0
5.178548381359639e-36,0.9999999999999966,0.0,0.0
5.1142194202274445e-36,0.9999999999999966,0.0,0.0
5.0506895662842926e-36,0.9999999999999966,0.0,0.0
4.987948892861256e-36,0.9999999999999966,0.0,0.0
4.925987596600469e-36,0.9999999999999966,0.0,0.0
4.864795995923334e-36,0.9999999999999966,0.0,0.0
4.804364529517754e-36,0.9999999999999966,0.0,0.0
4.7446837548441586e-36,0.9999999999999966,0.0,0.0
4.685744346660086e-36,0.9999999999999966,0.0,0.0
4.627537095563099e-36,0.9999999999999966,0.0,0.0
4.570052906551794e-36,0.9999999999999966,0.0,0.0
4.513282797604689e-36,0.9999999999999966,0.0,0.0
4.457217898276765e-36,0.9999999999999966,0.0,0.0
4.40184944831344e-36,0.9999999999999966,0.0,0.0
4.347168796281764e-36,0.9999999999999966,0.0,0.0
4.293167398218611e-36,0.9999999999999966,0.0,0.0
4.239836816295671e-36,0.9999999999999966,0.0,0.0
4.18716871750102e-36,0.9999999999999966,0.0,0.0
4.13515487233707e-36,0.9999999999999966,0.0,0.0
4.083787153534696e-36,0.9999999999999966,0.0,0.0
4.033057534783328e-36,0.9999999999999966,0.0,0.0
3.9829580894768307e-36,0.9999999999999966,0.0,0.0
3.9334809894749484e-36,0.9999999999999966,0.0,0.0
3.884618503880149e-36,0.9999999999999966,0.0,0.0
3.8363629978296486e-36,0.9999999999999966,0.0,0.0
3.7887069313024535e-36,0.9999999999999966,0.0,0.0
3.7416428579412155e-36,0.9999999999999966,0.0,0.0
3.695163423888722e-36,0.9999999999999966,0.0,0.0
3.649261366638842e-36,0.9999999999999966,0.0,0.0
3.603929513901745e-36,0.9999999999999966,0.0,0.0
3.559160782483214e-36,0.9999999999999966,0.0,0.0
3.514948177177888e-36,0.9999999999999966,0.0,0.0
3.4712847896762366e-36,0.9999999999999966,0.0,0.0
3.428163797485133e-36,0.9999999999999966,0.0,0.0
3.3855784628618204e-36,0.9999999999999966,0.0,0.0
3.343522131761125e-36,0.9999999999999966,0.0,0.0
3.301988232795751e-36,0.9999999999999966,0.0,0.0
3.260970276209486e-36,0.9999999999999966,0.0,0.0
3.220461852863165e-36,0.9999999999999966,0.0,0.0
3.180456633233228e-36,0.9999999999999966,0.0,0.0
3.1409483664227185e-36,0.9999999999999966,0.0,0.0
3.101930879184569e-36,0.9999999999999966,0.0,0.0
3.063398074957022e-36,0.9999999999999966,0.0,0.0
3.025343932911021e-36,0.9999999999999966,0.0,0.0
2.9877625070094526e-36,0.9999999999999966,0.0,0.0
2.9506479250780628e-36,0.9999999999999966,0.0,0.0
2.9139943878879167e-36,0.9999999999999966,0.0,0.0
2.8777961682492587e-36,0.9999999999999966,0.0,0.0
2.842047610116626e-36,0.9999999999999966,0.0,0.0
2.806743127705083e-36,0.9999999999999966,0.0,0.0
2.7718772046174266e-36,0.9999999999999966,0.0,0.0
2.7374443929822412e-36,0.9999999999999966,0.0,0.0
2.7034393126026572e-36,0.9999999999999966,0.0,0.0
2.6698566501156842e-36,0.9999999999999966,0.0,0.0
2.6366911581619853e-36,0.9999999999999966,0.0,0.0
2.60393765456597e-36,0.9999999999999966,0.0,0.0
2.5715910215260655e-36,0.9999999999999966,0.0,0.0
2.539646204815052e-36,0.9999999999999966,0.0,0.0
2.5080982129903277e-36,0.9999999999999966,0.0,0.0
2.4769421166139874e-36,0.9999999999999966,0.0,0.0
2.446173047482587e-36,0.9999999999999966,0.0,0.0
2.4157861978664765e-36,0.9999999999999966,0.0,0.0
2.3857768197585825e-36,0.9999999999999966,0.0,0.0
2.3561402241325232e-36,0.9999999999999966,0.0,0.0
2.3268717802099378e-36,0.9999999999999966,0.0,0.0
2.2979669147369177e-36,0.9999999999999966,0.0,0.0
2.269421111269428e-36,0.9999999999999966,0.0,0.0
2.2412299094676013e-36,0.9999999999999966,0.0,0.0
2.213388904398803e-36,0.9999999999999966,0.0,0.0
2.1858937458493493e-36,0.9999999999999966,0.0,0.0
2.1587401376447793e-36,0.9999999999999966,0.0,0.0
2.1319238369785686e-36,0.9999999999999966,0.0,0.0
2.1054406537491816e-36,0.9999999999999966,0.0,0.0
2.0792864499053596e-36,0.9999999999999966,0.0,0.0
2.0534571387995433e-36,0.9999999999999966,0.0,0.0
2.0279486845493233e-36,0.9999999999999966,0.0,0.0
2.0027571014068277e-36,0.9999999999999966,0.0,0.0
1.9778784531359394e-36,0.9999999999999966,0.0,0.0
1.953308852397251e-36,0.9999999999999966,0.0,0.0
1.9290444601406622e-36,0.9999999999999966,0.0,0.0
1.905081485005518e-36,0.9999999999999966,0.0,0.0
1.8814161827282017e-36,0.9999999999999966,0.0,0.0
1.8580448555570868e-36,0.9999999999999966,0.0,0.0
1.834963851674755e-36,0.9999999999999966,0.0,0.0
1.812169564627392e-36,0.9999999999999966,0.0,0.0
1.7896584327612737e-36,0.9999999999999966,0.0,0.0
1.7674269386662477e-36,0.9999999999999966,0.0,0.0
1.7454716086261326e-36,0.9999999999999966,0.0,0.0
1.7237890120759426e-36,0.9999999999999966,0.0,0.0
1.7023757610658553e-36,0.9999999999999966,0.0,0.0
1.681228509731835e-36,0.9999999999999966,0.0,0.0
1.6603439537728387e-36,0.9999999999999966,0.0,0.0
1.6397188299345086e-36,0.9999999999999966,0.0,0.0
1.6193499154992843e-36,0.9999999999999966,0.0,0.0
1.5992340277828455e-36,0.9999999999999966,0.0,0.0
1.579368023636812e-36,0.9999999999999966,0.0,0.0
1.5597487989576198e-36,0.9999999999999966,0.0,0.0
1.5403732882014978e-36,0.9999999999999966,0.0,0.0
1.521238463905472e-36,0.9999999999999966,0.0,0.0
1.5023413362143177e-36,0.9999999999999966,0.0,0.0
1.4836789524133875e-36,0.9999999999999966,0.0,0.0
1.4652483964672449e-36,0.9999999999999966,0.0,0.0
1.4470467885640273e-36,0.9999999999999966,0.0,0.0
1.429071284665469e-36,0.9999999999999966,0.0,0.0
1.4113190760625162e-36,0.9999999999999966,0.0,0.0
1.3937873889364585e-36,0.9999999999999966,0.0,0.0
1.376473483925515e-36,0.9999999999999966,0.0,0.0
1.3593746556968035e-36,0.9999999999999966,0.0,0.0
1.3424882325236265e-36,0.9999999999999966,0.0,0.0
1.3258115758680086e-36,0.9999999999999966,0.0,0.0
1.3093420799684194e-36,0.9999999999999966,0.0,0.0
1.2930771714326184e-36,0.9999999999999966,0.0,0.0
1.2770143088355566e-36,0.9999999999999966,0.0,0.0
1.261150982322274e-36,0.9999999999999966,0.0,0.0
1.24548471321573e-36,0.9999999999999966,0.0,0.0
1.2300130536295042e-36,0.9999999999999966,0.0,0.0
1.2147335860853101e-36,0.9999999999999966,0.0,0.0
1.1996439231352583e-36,0.9999999999999966,0.0,0.0
1.1847417069888139e-36,0.9999999999999966,0.0,0.0
1.170024609144386e-36,0.9999999999999966,0.0,0.0
1.1554903300254955e-36,0.9999999999999966,0.0,0.0
1.1411365986214607e-36,0.9999999999999966,0.0,0.0
1.1269611721325474e-36,0.9999999999999966,0.0,0.0
1.1129618356195278e-36,0.9999999999999966,0.0,0.0
1.0991364016575906e-36,0.9999999999999966,0.0,0.0
1.0854827099945523e-36,0.9999999999999966,0.0,0.0
1.0719986272133126e-36,0.9999999999999966,0.0,0.0
1.058682046398504e-36,0.9999999999999966,0.0,0.0
1.0455308868072828e-36,0.9999999999999966,0.0,0.0
1.0325430935442072e-36,0.9999999999999966,0.0,0.0
1.0197166372401566e-36,0.9999999999999966,0.0,0.0
1.007049513735239e-36,0.9999999999999966,0.0,0.0
9.94539743765636e-37,0.9999999999999966,0.0,0.0
9.821853726543392e-37,0.9999999999999966,0.0,0.0
9.699844700057282e-37,0.9999999999999966,0.0,0.0
9.579351294039422e-37,0.9999999999999966,0.0,0.0
9.46035468114998e-37,0.9999999999999966,0.0,0.0
9.342836267926102e-37,0.9999999999999966,0.0,0.0
9.226777691876636e-37,0.9999999999999966,0.0,0.0
9.112160818612957e-37,0.9999999999999966,0.0,0.0
8.998967739015434e-37,0.9999999999999966,0.0,0.0
8.887180766435099e-37,0.9999999999999966,0.0,0.0
8.776782433930056e-37,0.9999999999999966,0.0,0.0
8.667755491536254e-37,0.9999999999999966,0.0,0.0
8.560082903572134e-37,0.9999999999999966,0.0,0.0
8.45374784597677e-37,0.9999999999999966,0.0,0.0
8.348733703681082e-37,0.9999999999999966,0.0,0.0
8.245024068011687e-37,0.9999999999999966,0.0,0.0
8.142602734127021e-37,0.9999999999999966,0.0,0.0
8.041453698485296e-37,0.9999999999999966,0.0,0.0
7.941561156343904e-37,0.9999999999999966,0.0,0.0
7.842909499289913e-37,0.9999999999999966,0.0,0.0
7.745483312801207e-37,0.9999999999999966,0.0,0.0
7.649267373837934e-37,0.9999999999999966,0.0,0.0
7.55424664846389e-37,0.9999999999999966,0.0,0.0
7.460406289497414e-37,0.9999999999999966,0.0,0.0
7.367731634191509e-37,0.9999999999999966,0.0,0.0
7.27620820194274e-37,0.9999999999999966,0.0,0.0
7.185821692028618e-37,0.9999999999999966,0.0,0.0
7.0965579813730805e-37,0.9999999999999966,0.0,0.0
7.008403122339736e-37,0.9999999999999966,0.0,0.0
6.921343340552514e-37,0.9999999999999966,0.0,0.0
6.835365032743391e-37,0.9999999999999966,0.0,0.0
6.750454764626853e-37,0.9999999999999966,0.0,0.0
6.666599268800761e-37,0.9999999999999966,0.0,0.0
6.583785442673293e-37,0.9999999999999966,0.0,0.0
6.502000346415635e-37,0.9999999999999966,0.0,0.0
6.42123120094011e-37,0.9999999999999966,0.0,0.0
6.341465385903414e-37,0.9999999999999966,0.0,0.0
6.262690437734671e-37,0.9999999999999966,0.0,0.0
6.184894047687965e-37,0.9999999999999966,0.0,0.0
6.108064059919076e-37,0.9999999999999966,0.0,0.0
6.03218846958611e-37,0.9999999999999966,0.0,0.0
5.9572554209737126e-37,0.9999999999999966,0.0,0.0
5.883253205640589e-37,0.9999999999999966,0.0,0.0
5.8101702605900415e-37,0.9999999999999966,0.0,0.0
5.73799516646322e-37,0.9999999999999966,0.0,0.0
5.666716645754833e-37,0.9999999999999966,0.0,0.0
5.596323561051005e-37,0.9999999999999966,0.0,0.0
5.52680491328904e-37,0.9999999999999966,0.0,0.0
5.458149840038794e-37,0.9999999999999966,0.0,0.0
5.390347613805396e-37,0.9999999999999966,0.0,0.0
5.323387640353055e-37,0.9999999999999966,0.0,0.0
5.257259457049693e-37,0.9999999999999966,0.0,0.0
5.191952731232135e-37,0.9999999999999966,0.0,0.0
5.127457258591609e-37,0.9999999999999966,0.0,0.0
5.063762961579302e-37,0.9999999999999966,0.0,0.0
5.00085988783172e-37,0.9999999999999966,0.0,0.0
4.938738208615621e-37,0.9999999999999966,0.0,0.0
4.877388217292241e-37,0.9999999999999966,0.0,0.0
4.816800327800623e-37,0.9999999999999966,0.0,0.0
4.756965073159771e-37,0.9999999999999966,0.0,0.0
4.697873103989415e-37,0.9999999999999966,0.0,0.0
4.639515187049153e-37,0.9999999999999966,0.0,0.0
4.581882203795735e-37,0.9999999999999966,0.0,0.0
4.524965148958279e-37,0.9999999999999966,0.0,0.0
4.46875512913117e-37,0.9999999999999966,0.0,0.0
4.413243361384453e-37,0.9999999999999966,0.0,0.0
4.358421171891482e-37,0.9999999999999966,0.0,0.0
4.304279994573616e-37,0.9999999999999966,0.0,0.0
4.250811369761752e-37,0.9999999999999966,0.0,0.0
4.198006942874483e-37,0.9999999999999966,0.0,0.0
4.145858463112679e-37,0.9999999999999966,0.0,0.0
4.094357782170285e-37,0.9999999999999966,0.0,0.0
4.043496852961127e-37,0.9999999999999966,0.0,0.0
3.9932677283615435e-37,0.9999999999999966,0.0,0.0
3.943662559968626e-37,0.9999999999999966,0.0,0.0
3.8946735968738935e-37,0.9999999999999966,0.0,0.0
3.8462931844521986e-37,0.9999999999999966,0.0,0.0
3.7985137631656704e-37,0.9999999999999966,0.0,0.0
3.7513278673825296e-37,0.9999999999999966,0.0,0.0
3.7047281242105618e-37,0.9999999999999966,0.0,0.0
3.6587072523450917e-37,0.9999999999999966,0.0,0.0
3.6132580609312636e-37,0.9999999999999966,0.0,0.0
3.5683734484404545e-37,0.9999999999999966,0.0,0.0
3.5240464015606472e-37,0.9999999999999966,0.0,0.0
3.4802699941005854e-37,0.9999999999999966,0.0,0.0
3.437037385907542e-37,0.9999999999999966,0.0,0.0
3.3943418217985334e-37,0.9999999999999966,0.0,0.0
3.3521766305048046e-37,0.9999999999999966,0.0,0.0
3.310535223629433e-37,0.9999999999999966,0.0,0.0
3.269411094617877e-37,0.9999999999999966,0.0,0.0
3.228797817741314e-37,0.9999999999999966,0.0,0.0
3.188689047092605e-37,0.9999999999999966,0.0,0.0
3.1490785155947384e-37,0.9999999999999966,0.0,0.0
3.109960034021581e-37,0.9999999999999966,0.0,0.0
3.0713274900308023e-37,0.9999999999999966,0.0,0.0
3.0331748472088078e-37,0.9999999999999966,0.0,0.0
2.995496144127537e-37,0.9999999999999966,0.0,0.0
2.9582854934129775e-37,0.9999999999999966,0.0,0.0
2.921537080825253e-37,0.9999999999999966,0.0,0.0
2.885245164350133e-37,0.9999999999999966,0.0,0.0
2.8494040733018342e-37,0.9999999999999966,0.0,0.0
2.8140082074369635e-37,0.9999999999999966,0.0,0.0
2.779052036079468e-37,0.9999999999999966,0.0,0.0
2.744530097256457e-37,0.9999999999999966,0.0,0.0
2.7104369968447555e-37,0.9999999999999966,0.0,0.0
2.676767407728064e-37,0.9999999999999966,0.0,0.0
2.6435160689645834e-37,0.9999999999999966,0.0,0.0
2.610677784964984e-37,0.9999999999999966,0.0,0.0
2.5782474246805827e-37,0.9999999999999966,0.0,0.0
2.546219920801607e-37,0.9999999999999966,0.0,0.0
2.514590268965418e-37,0.9999999999999966,0.0,0.0
2.483353526974567e-37,0.9999999999999966,0.0,0.0
2.4525048140245683e-37,0.9999999999999966,0.0,0.0
2.4220393099412634e-37,0.9999999999999966,0.0,0.0
2.391952254427658e-37,0.9999999999999966,0.0,0.0
2.362238946320118e-37,0.9999999999999966,0.0,0.0
2.3328947428538012e-37,0.9999999999999966,0.0,0.0
2.3039150589372166e-37,0.9999999999999966,0.0,0.0
2.275295366435795e-37,0.9999999999999966,0.0,0.0
2.2470311934643566e-37,0.9999999999999966,0.0,0.0
2.2191181236883735e-37,0.9999999999999966,0.0,0.0
2.191551795633905e-37,0.9999999999999966,0.0,0.0
2.1643279020061103e-37,0.9999999999999966,0.0,0.0
2.137442189016224e-37,0.9999999999999966,0.0,0.0
2.110890455716894e-37,0.9999999999999966,0.0,0.0
2.084668553345775e-37,0.9999999999999966,0.0,0.0
2.0587723846772724e-37,0.9999999999999966,0.0,0.0
2.033197903382349e-37,0.9999999999999966,0.0,0.0
2.0079411133962713e-37,0.9999999999999966,0.0,0.0
1.982998068294221e-37,0.9999999999999966,0.0,0.0
1.958364870674655e-37,0.9999999999999966,0.0,0.0
1.9340376715503303e-37,0.9999999999999966,0.0,0.0
1.9100126697468914e-37,0.9999999999999966,0.0,0.0
1.8862861113089286e-37,0.9999999999999966,0.0,0.0
1.8628542889134158e-37,0.9999999999999966,0.0,0.0
1.8397135412904323e-37,0.9999999999999966,0.0,0.0
1.8168602526510834e-37,0.9999999999999966,0.0,0.0
1.7942908521225259e-37,0.9999999999999966,0.0,0.0
1.7720018131900101e-37,0.9999999999999966,0.0,0.0
1.749989653145857e-37,0.9999999999999966,0.0,0.0
1.7282509325452772e-37,0.9999999999999966,0.0,0.0
1.7067822546689505e-37,0.9999999999999966,0.0,0.0
1.6855802649922815e-37,0.9999999999999966,0.0,0.0
1.6646416506612488e-37,0.9999999999999966,0.0,0.0
1.6439631399747648e-37,0.9999999999999966,0.0,0.0
1.6235415018734652e-37,0.9999999999999966,0.0,0.0
1.60337354543485e-37,0.9999999999999966,0.0,0.0
1.5834561193746949e-37,0.9999999999999966,0.0,0.0
1.5637861115546568e-37,0.9999999999999966,0.0,0.0
1.5443604484959962e-37,0.9999999999999966,0.0,0.0
1.5251760948993396e-37,0.9999999999999966,0.0,0.0
1.5062300531704078e-37,0.9999999999999966,0.0,0.0
1.4875193629516363e-37,0.9999999999999966,0.0,0.0
1.4690411006596116e-37,0.9999999999999966,0.0,0.0
1.4507923790282582e-37,0.9999999999999966,0.0,0.0
1.4327703466576948e-37,0.9999999999999966,0.0,0.0
1.4149721875686983e-37,0.9999999999999966,0.0,0.0
1.3973951207627022e-37,0.9999999999999966,0.0,0.0
1.3800363997872575e-37,0.9999999999999966,0.0,0.0
1.362893312306897e-37,0.9999999999999966,0.0,0.0
1.3459631796793248e-37,0.9999999999999966,0.0,0.0
1.3292433565368745e-37,0.9999999999999966,0.0,0.0
1.3127312303731641e-37,0.9999999999999966,0.0,0.0
1.296424221134888e-37,0.9999999999999966,0.0,0.0
1.2803197808186762e-37,0.9999999999999966,0.0,0.0
1.2644153930729657e-37,0.9999999999999966,0.0,0.0
1.248708572804815e-37,0.9999999999999966,0.0,0.0
1.2331968657916023e-37,0.9999999999999966,0.0,0.0
1.2178778482975486e-37,0.9999999999999966,0.0,0.0
1.202749126695005e-37,0.9999999999999966,0.0,0.0
1.1878083370904421e-37,0.9999999999999966,0.0,0.0
1.1730531449550882e-37,0.9999999999999966,0.0,0.0
1.1584812447601534e-37,0.9999999999999966,0.0,0.0
1.1440903596165863e-37,0.9999999999999966,0.0,0.0
1.1298782409193057e-37,0.9999999999999966,0.0,0.0
1.1158426679958513e-37,0.9999999999999966,0.0,0.0
1.1019814477593992e-37,0.9999999999999966,0.0,0.0
1.0882924143660873e-37,0.9999999999999966,0.0,0.0
1.074773428876598e-37,0.9999999999999966,0.0,0.0
1.0614223789219455e-37,0.9999999999999966,0.0,0.0
1.0482371783734119e-37,0.9999999999999966,0.0,0.0
1.0352157670165868e-37,0.9999999999999966,0.0,0.0
1.0223561102294546e-37,0.9999999999999966,0.0,0.0
1.0096561986644796e-37,0.9999999999999966,0.0,0.0
9.971140479346424e-38,0.9999999999999966,0.0,0.0
9.847276983033754e-38,0.9999999999999966,0.0,0.0
9.72495214378349e-38,0.9999999999999966,0.0,0.0
9.604146848090637e-38,0.9999999999999966,0.0,0.0
9.484842219881968e-38,0.9999999999999966,0.0,0.0
9.367019617566611e-38,0.9999999999999966,0.0,0.0
9.250660631123244e-38,0.9999999999999966,0.0,0.0
9.135747079223512e-38,0.9999999999999966,0.0,0.0
9.022261006391142e-38,0.9999999999999966,0.0,0.0
8.910184680196374e-38,0.9999999999999966,0.0,0.0
8.799500588485226e-38,0.9999999999999966,0.0,0.0
8.690191436643188e-38,0.9999999999999966,0.0,0.0
8.582240144892897e-38,0.9999999999999966,0.0,0.0
8.475629845625398e-38,0.9999999999999966,0.0,0.0
8.370343880764536e-38,0.9999999999999966,0.0,0.0
8.266365799164104e-38,0.9999999999999966,0.0,0.0
8.163679354037311e-38,0.9999999999999966,0.0,0.0
8.062268500418197e-38,0.9999999999999966,0.0,0.0
7.962117392654569e-38,0.9999999999999966,0.0,0.0
7.863210381932084e-38,0.9999999999999966,0.0,0.0
7.765532013829097e-38,0.9999999999999966,0.0,0.0
7.669067025901869e-38,0.9999999999999966,0.0,0.0
7.573800345299784e-38,0.9999999999999966,0.0,0.0
7.479717086410183e-38,0.9999999999999966,0.0,0.0
7.386802548532454e-38,0.9999999999999966,0.0,0.0
7.295042213581025e-38,0.9999999999999966,0.0,0.0
7.204421743816879e-38,0.9999999999999966,0.0,0.0
7.114926979607251e-38,0.9999999999999966,0.0,0.0
7.02654393721316e-38,0.9999999999999966,0.0,0.0
6.939258806604424e-38,0.9999999999999966,0.0,0.0
6.853057949301804e-38,0.9999999999999966,0.0,0.0
6.767927896245978e-38,0.9999999999999966,0.0,0.0
6.683855345692962e-38,0.9999999999999966,0.0,0.0
6.600827161135689e-38,0.9999999999999966,0.0,0.0
6.518830369251407e-38,0.9999999999999966,0.0,0.0
6.437852157874566e-38,0.9999999999999966,0.0,0.0
6.357879873994891e-38,0.9999999999999966,0.0,0.0
6.278901021780327e-38,0.9999999999999966,0.0,0.0
6.200903260624535e-38,0.9999999999999966,0.0,0.0
6.123874403218653e-38,0.9999999999999966,0.0,0.0
6.047802413647e-38,0.9999999999999966,0.0,0.0
5.97267540550644e-38,0.9999999999999966,0.0,0.0
5.898481640049109e-38,0.9999999999999966,0.0,0.0
5.825209524348211e-38,0.9999999999999966,0.0,0.0
5.752847609486599e-38,0.9999999999999966,0.0,0.0
5.68138458876786e-38,0.9999999999999966,0.0,0.0
5.610809295949617e-38,0.9999999999999966,0.0,0.0
5.541110703498786e-38,0.9999999999999966,0.0,0.0
5.472277920868498e-38,0.9999999999999966,0.0,0.0
5.40430019279643e-38,0.9999999999999966,0.0,0.0
5.337166897624272e-38,0.9999999999999966,0.0,0.0
5.270867545638077e-38,0.9999999999999966,0.0,0.0
5.205391777429212e-38,0.9999999999999966,0.0,0.0
5.140729362275687e-38,0.9999999999999966,0.0,0.0
5.076870196543584e-38,0.9999999999999966,0.0,0.0
5.013804302108337e-38,0.9999999999999966,0.0,0.0
4.951521824795636e-38,0.9999999999999966,0.0,0.0
4.890013032841691e-38,0.9999999999999966,0.0,0.0
4.829268315372622e-38,0.9999999999999966,0.0,0.0
4.769278180902742e-38,0.9999999999999966,0.0,0.0
4.710033255851493e-38,0.9999999999999966,0.0,0.0
4.6515242830788063e-38,0.9999999999999966,0.0,0.0
4.593742120438651e-38,0.9999999999999966,0.0,0.0
4.53667773935056e-38,0.9999999999999966,0.0,0.0
4.4803222233888945e-38,0.9999999999999966,0.0,0.0
4.424666766889631e-38,0.9999999999999966,0.0,0.0
4.3697026735744643e-38,0.9999999999999966,0.0,0.0
4.315421355191992e-38,0.9999999999999966,0.0,0.0
4.261814330175785e-38,0.9999999999999966,0.0,0.0
4.2088732223191224e-38,0.9999999999999966,0.0,0.0
4.1565897594661957e-38,0.9999999999999966,0.0,0.0
4.1049557722195664e-38,0.9999999999999966,0.0,0.0
4.0539631926636796e-38,0.9999999999999966,0.0,0.0
4.003604053104239e-38,0.9999999999999966,0.0,0.0
3.953870484823234e-38,0.9999999999999966,0.0,0.0
3.90475471684944e-38,0.9999999999999966,0.0,0.0
3.8562490747441894e-38,0.9999999999999966,0.0,0.0
3.8083459794022185e-38,0.9999999999999966,0.0,0.0
3.761037945867425e-38,0.9999999999999966,0.0,0.0
3.7143175821633226e-38,0.9999999999999966,0.0,0.0
3.6681775881380324e-38,0.9999999999999966,0.0,0.0
3.6226107543236184e-38,0.9999999999999966,0.0,0.0
3.5776099608095936e-38,0.9999999999999966,0.0,0.0
3.533168176130419e-38,0.9999999999999966,0.0,0.0
3.489278456166825e-38,0.9999999999999966,0.0,0.0
3.4459339430607743e-38,0.9999999999999966,0.0,0.0
3.4031278641439125e-38,0.9999999999999966,0.0,0.0
3.3608535308793227e-38,0.9999999999999966,0.0,0.0
3.3191043378164265e-38,0.9999999999999966,0.0,0.0
3.2778737615588707e-38,0.9999999999999966,0.0,0.0
3.237155359745234e-38,0.9999999999999966,0.0,0.0
3.1969427700423927e-38,0.9999999999999966,0.0,0.0
3.1572297091513965e-38,0.9999999999999966,0.0,0.0
3.118009971825686e-38,0.9999999999999966,0.0,0.0
3.0792774299015134e-38,0.9999999999999966,0.0,0.0
3.0410260313404035e-38,0.9999999999999966,0.0,0.0
3.003249799283511e-38,0.9999999999999966,0.0,0.0
2.965942831117722e-38,0.9999999999999966,0.0,0.0
2.929099297553363e-38,0.9999999999999966,0.0,0.0
2.892713441713357e-38,0.9999999999999966,0.0,0.0
2.856779578233704e-38,0.9999999999999966,0.0,0.0
2.82129209237513e-38,0.9999999999999966,0.0,0.0
2.7862454391457716e-38,0.9999999999999966,0.0,0.0
2.751634142434761e-38,0.9999999999999966,0.0,0.0
2.7174527941565726e-38,0.9999999999999966,0.0,0.0
2.6836960534059963e-38,0.9999999999999966,0.0,0.0
2.650358645623615e-38,0.9999999999999966,0.0,0.0
2.617435361771639e-38,0.9999999999999966,0.0,0.0
2.5849210575199847e-38,0.9999999999999966,0.0,0.0
2.5528106524424647e-38,0.9999999999999966,0.0,0.0
2.5210991292229585e-38,0.9999999999999966,0.0,0.0
2.489781532871447e-38,0.9999999999999966,0.0,0.0
2.458852969949787e-38,0.9999999999999966,0.0,0.0
2.428308607807099e-38,0.9999999999999966,0.0,0.0
2.398143673824657e-38,0.9999999999999966,0.0,0.0
2.368353454670157e-38,0.9999999999999966,0.0,0.0
2.3389332955612497e-38,0.9999999999999966,0.0,0.0
2.3098785995382206e-38,0.9999999999999966,0.0,0.0
2.2811848267457052e-38,0.9999999999999966,0.0,0.0
2.252847493723329e-38,0.9999999999999966,0.0,0.0
2.224862172705156e-38,0.9999999999999966,0.0,0.0
2.1972244909278427e-38,0.9999999999999966,0.0,0.0
2.1699301299473835e-38,0.9999999999999966,0.0,0.0
2.1429748249643462e-38,0.9999999999999966,0.0,0.0
2.116354364157488e-38,0.9999999999999966,0.0,0.0
2.09006458802565e-38,0.9999999999999966,0.0,0.0
2.0641013887378264e-38,0.9999999999999966,0.0,0.0
2.038460709491307e-38,0.9999999999999966,0.0,0.0
2.0131385438777954e-38,0.9999999999999966,0.0,0.0
1.9881309352573975e-38,0.9999999999999966,0.0,0.0
1.9634339761403894e-38,0.9999999999999966,0.0,0.0
1.939043807576665e-38,0.9999999999999966,0.0,0.0
1.9149566185527647e-38,0.9999999999999966,0.0,0.0
1.8911686453964003e-38,0.9999999999999966,0.0,0.0
1.8676761711883695e-38,0.9999999999999966,0.0,0.0
1.8444755251817837e-38,0.9999999999999966,0.0,0.0
1.821563082228504e-38,0.9999999999999966,0.0,0.0
1.7989352622127044e-38,0.9999999999999966,0.0,0.0
1.776588529491472e-38,0.9999999999999966,0.0,0.0
1.7545193923423558e-38,0.9999999999999966,0.0,0.0
1.7327244024177778e-38,0.9999999999999966,0.0,0.0
1.7112001542062213e-38,0.9999999999999966,0.0,0.0
1.689943284500114e-38,0.9999999999999966,0.0,0.0
1.668950471870317e-38,0.9999999999999966,0.0,0.0
1.6482184361471486e-38,0.9999999999999966,0.0,0.0
1.627743937907849e-38,0.9999999999999966,0.0,0.0
1.6075237779704138e-38,0.9999999999999966,0.0,0.0
1.5875547968937155e-38,0.9999999999999966,0.0,0.0
1.5678338744838352e-38,0.9999999999999966,0.0,0.0
1.548357929306525e-38,0.9999999999999966,0.0,0.0
1.5291239182057283e-38,0.9999999999999966,0.0,0.0
1.5101288358280796e-38,0.9999999999999966,0.0,0.0
1.491369714153313e-38,0.9999999999999966,0.0,0.0
1.4728436220305027e-38,0.9999999999999966,0.0,0.0
1.4545476647200632e-38,0.9999999999999966,0.0,0.0
1.4364789834414433e-38,0.9999999999999966,0.0,0.0
1.418634754926433e-38,0.9999999999999966,0.0,0.0
1.4010121909780234e-38,0.9999999999999966,0.0,0.0
1.3836085380347459e-38,0.9999999999999966,0.0,0.0
1.3664210767404207e-38,0.9999999999999966,0.0,0.0
1.3494471215192535e-38,0.9999999999999966,0.0,0.0
1.3326840201562086e-38,0.9999999999999966,0.0,0.0
1.3161291533825943e-38,0.9999999999999966,0.0,0.0
1.299779934466797e-38,0.9999999999999966,0.0,0.0
1.2836338088100995e-38,0.9999999999999966,0.0,0.0
1.2676882535475193e-38,0.9999999999999966,0.0,0.0
1.251940777153606e-38,0.9999999999999966,0.0,0.0
1.2363889190531362e-38,0.9999999999999966,0.0,0.0
1.2210302492366415e-38,0.9999999999999966,0.0,0.0
1.2058623678807172e-38,0.9999999999999966,0.0,0.0
1.1908829049730427e-38,0.9999999999999966,0.0,0.0
1.1760895199420636e-38,0.9999999999999966,0.0,0.0
1.1614799012912729e-38,0.9999999999999966,0.0,0.0
1.1470517662380336e-38,0.9999999999999966,0.0,0.0
1.1328028603568902e-38,0.9999999999999966,0.0,0.0
1.11873095722731e-38,0.9999999999999966,0.0,0.0
1.1048338580858007e-38,0.9999999999999966,0.0,0.0
1.0911093914823482e-38,0.9999999999999966,0.0,0.0
1.0775554129411238e-38,0.9999999999999966,0.0,0.0
1.064169804625406e-38,0.9999999999999966,0.0,0.0
1.0509504750066627e-38,0.9999999999999966,0.0,0.0
1.037895358537747e-38,0.9999999999999966,0.0,0.0
1.0250024153301507e-38,0.9999999999999966,0.0,0.0
1.0122696308352677e-38,0.9999999999999966,0.0,0.0
9.99695015529616e-39,0.9999999999999966,0.0,0.0
9.87276604603972e-39,0.9999999999999966,0.0,0.0
9.750124576563637e-39,0.9999999999999966,0.0,0.0
9.629006583888798e-39,0.9999999999999966,0.0,0.0
9.50939314308244e-39,0.9999999999999966,0.0,0.0
9.391265564301087e-39,0.9999999999999966,0.0,0.0
9.274605389870233e-39,0.9999999999999966,0.0,0.0
9.15939439140028e-39,0.9999999999999966,0.0,0.0
9.045614566938327e-39,0.9999999999999966,0.0,0.0
8.933248138155324e-39,0.9999999999999966,0.0,0.0
8.822277547568167e-39,0.9999999999999966,0.0,0.0
8.712685455796316e-39,0.9999999999999966,0.0,0.0
8.604454738852468e-39,0.9999999999999966,0.0,0.0
8.497568485466914e-39,0.9999999999999966,0.0,0.0
8.392009994445104e-39,0.9999999999999966,0.0,0.0
8.287762772058065e-39,0.9999999999999966,0.0,0.0
8.184810529465209e-39,0.9999999999999966,0.0,0.0
8.083137180169184e-39,0.9999999999999966,0.0,0.0
7.982726837502313e-39,0.9999999999999966,0.0,0.0
7.88356381214427e-39,0.9999999999999966,0.0,0.0
7.785632609670607e-39,0.9999999999999966,0.0,0.0
7.688917928131694e-39,0.9999999999999966,0.0,0.0
7.593404655661784e-39,0.9999999999999966,0.0,0.0
7.499077868117734e-39,0.9999999999999966,0.0,0.0
7.40592282674709e-39,0.9999999999999966,0.0,0.0
7.313924975885115e-39,0.9999999999999966,0.0,0.0
7.223069940680447e-39,0.9999999999999966,0.0,0.0
7.133343524848998e-39,0.9999999999999966,0.0,0.0
7.044731708455749e-39,0.9999999999999966,0.0,0.0
6.957220645724111e-39,0.9999999999999966,0.0,0.0
6.870796662872495e-39,0.9999999999999966,0.0,0.0
6.785446255977756e-39,0.9999999999999966,0.0,0.0
6.701156088865177e-39,0.9999999999999966,0.0,0.0
6.61791299102466e-39,0.9999999999999966,0.0,0.0
6.535703955552812e-39,0.9999999999999966,0.0,0.0
6.454516137120594e-39,0.9999999999999966,0.0,0.0
6.374336849966201e-39,0.9999999999999966,0.0,0.0
6.295153565912896e-39,0.9999999999999966,0.0,0.0
6.21695391241145e-39,0.9999999999999966,0.0,0.0
6.139725670606907e-39,0.9999999999999966,0.0,0.0
6.063456773429373e-39,0.9999999999999966,0.0,0.0
5.988135303708495e-39,0.9999999999999966,0.0,0.0
5.913749492311393e-39,0.9999999999999966,0.0,0.0
5.8402877163037016e-39,0.9999999999999966,0.0,0.0
5.7677384971334654e-39,0.9999999999999966,0.0,0.0
5.696090498837591e-39,0.9999999999999966,0.0,0.0
5.62533252627058e-39,0.9999999999999966,0.0,0.0
5.555453523355265e-39,0.9999999999999966,0.0,0.0
5.486442571355275e-39,0.9999999999999966,0.0,0.0
5.418288887168962e-39,0.9999999999999966,0.0,0.0
5.350981821644515e-39,0.9999999999999966,0.0,0.0
5.284510857916013e-39,0.9999999999999966,0.0,0.0
5.218865609760142e-39,0.9999999999999966,0.0,0.0
5.154035819973325e-39,0.9999999999999966,0.0,0.0
5.090011358769015e-39,0.9999999999999966,0.0,0.0
5.026782222194895e-39,0.9999999999999966,0.0,0.0
4.9643385305697376e-39,0.9999999999999966,0.0,0.0
4.902670526939687e-39,0.9999999999999966,0.0,0.0
4.841768575553717e-39,0.9999999999999966,0.0,0.0
4.7816231603580215e-39,0.9999999999999966,0.0,0.0
4.722224883509112e-39,0.9999999999999966,0.0,0.0
4.663564463905389e-39,0.9999999999999966,0.0,0.0
4.6056327357369464e-39,0.9999999999999966,0.0,0.0
4.5484206470534e-39,0.9999999999999966,0.0,0.0
4.4919192583494965e-39,0.9999999999999966,0.0,0.0
4.4361197411683034e-39,0.9999999999999966,0.0,0.0
4.3810133767217387e-39,0.9999999999999966,0.0,0.0
4.326591554528245e-39,0.9999999999999966,0.0,0.0
4.272845771067388e-39,0.9999999999999966,0.0,0.0
4.2197676284511577e-39,0.9999999999999966,0.0,0.0
4.167348833111786e-39,0.9999999999999966,0.0,0.0
4.1155811945058575e-39,0.9999999999999966,0.0,0.0
4.064456623834521e-39,0.9999999999999966,0.0,0.0
4.0139671327795986e-39,0.9999999999999966,0.0,0.0
3.964104832255395e-39,0.9999999999999966,0.0,0.0
3.91486193117601e-39,0.9999999999999966,0.0,0.0
3.866230735237969e-39,0.9999999999999966,0.0,0.0
3.8182036457179667e-39,0.9999999999999966,0.0,0.0
3.770773158285559e-39,0.9999999999999966,0.0,0.0
3.723931861830589e-39,0.9999999999999966,0.0,0.0
3.677672437305189e-39,0.9999999999999966,0.0,0.0
3.631987656580164e-39,0.9999999999999966,0.0,0.0
3.586870381315583e-39,0.9999999999999966,0.0,0.0
3.5423135618453964e-39,0.9999999999999966,0.0,0.0
3.498310236075913e-39,0.9999999999999966,0.0,0.0
3.45485352839796e-39,0.9999999999999966,0.0,0.0
3.4119366486125507e-39,0.9999999999999966,0.0,0.0
3.369552890869907e-39,0.9999999999999966,0.0,0.0
3.327695632621654e-39,0.9999999999999966,0.0,0.0
3.286358333586034e-39,0.9999999999999966,0.0,0.0
3.245534534725973e-39,0.9999999999999966,0.0,0.0
3.205217857239846e-39,0.9999999999999966,0.0,0.0
3.165402001564773e-39,0.9999999999999966,0.0,0.0
3.1260807463923024e-39,0.9999999999999966,0.0,0.0
3.0872479476963146e-39,0.9999999999999966,0.0,0.0
3.048897537773011e-39,0.9999999999999966,0.0,0.0
3.011023524292818e-39,0.9999999999999966,0.0,0.0
2.9736199893640784e-39,0.9999999999999966,0.0,0.0
2.936681088608362e-39,0.9999999999999966,0.0,0.0
2.9002010502472762e-39,0.9999999999999966,0.0,0.0
2.8641741742006104e-39,0.9999999999999966,0.0,0.0
2.8285948311956867e-39,0.9999999999999966,0.0,0.0
2.7934574618877767e-39,0.9999999999999966,0.0,0.0
2.7587565759914407e-39,0.9999999999999966,0.0,0.0
2.7244867514226598e-39,0.9999999999999966,0.0,0.0
2.690642633451625e-39,0.9999999999999966,0.0,0.0
2.6572189338660494e-39,0.9999999999999966,0.0,0.0
2.6242104301448733e-39,0.9999999999999966,0.0,0.0
2.591611964642236e-39,0.9999999999999966,0.0,0.0
2.559418443781584e-39,0.9999999999999966,0.0,0.0
2.527624837259785e-39,0.9999999999999966,0.0,0.0
2.496226177261138e-39,0.9999999999999966,0.0,0.0
2.4652175576811392e-39,0.9999999999999966,0.0,0.0
2.4345941333598942e-39,0.9999999999999966,0.0,0.0
2.4043511193250508e-39,0.9999999999999966,0.0,0.0
2.3744837900441374e-39,0.9999999999999966,0.0,0.0
2.3449874786861905e-39,0.9999999999999966,0.0,0.0
2.315857576392552e-39,0.9999999999999966,0.0,0.0
2.2870895315567246e-39,0.9999999999999966,0.0,0.0
2.2586788491131763e-39,0.9999999999999966,0.0,0.0
2.230621089834974e-39,0.9999999999999966,0.0,0.0
2.2029118696401493e-39,0.9999999999999966,0.0,0.0
2.1755468589066737e-39,0.9999999999999966,0.0,0.0
2.1485217817959466e-39,0.9999999999999966,0.0,0.0
2.1218324155846887e-39,0.9999999999999966,0.0,0.0
2.095474590005131e-39,0.9999999999999966,0.0,0.0
2.0694441865934033e-39,0.9999999999999966,0.0,0.0
2.0437371380460147e-39,0.9999999999999966,0.0,0.0
2.01834942758433e-39,0.9999999999999966,0.0,0.0
1.9932770883269393e-39,0.9999999999999966,0.0,0.0
1.9685162026698256e-39,0.9999999999999966,0.0,0.0
1.9440629016742297e-39,0.9999999999999966,0.0,0.0
1.9199133644621226e-39,0.9999999999999966,0.0,0.0
1.8960638176191834e-39,0.9999999999999966,0.0,0.0
1.872510534605197e-39,0.9999999999999966,0.0,0.0
1.8492498351717746e-39,0.9999999999999966,0.0,0.0
1.8262780847873072e-39,0.9999999999999966,0.0,0.0
1.8035916940690617e-39,0.9999999999999966,0.0,0.0
1.781187118222335e-39,0.9999999999999966,0.0,0.0
1.759060856486569e-39,0.9999999999999966,0.0,0.0
1.7372094515883535e-39,0.9999999999999966,0.0,0.0
1.715629489201217e-39,0.9999999999999966,0.0,0.0
1.6943175974121333e-39,0.9999999999999966,0.0,0.0
1.6732704461946524e-39,0.9999999999999966,0.0,0.0
1.6524847468885768e-39,0.9999999999999966,0.0,0.0
1.6319572516861027e-39,0.9999999999999966,0.0,0.0
1.611684753124343e-39,0.9999999999999966,0.0,0.0
1.591664083584153e-39,0.9999999999999966,0.0,0.0
1.571892114795187e-39,0.9999999999999966,0.0,0.0
1.5523657573470956e-39,0.9999999999999966,0.0,0.0
1.533081960206803e-39,0.9999999999999966,0.0,0.0
1.5140377102417734e-39,0.9999999999999966,0.0,0.0
1.4952300317492056e-39,0.9999999999999966,0.0,0.0
1.4766559859910715e-39,0.9999999999999966,0.0,0.0
1.4583126707349338e-39,0.9999999999999966,0.0,0.0
1.440197219800465e-39,0.9999999999999966,0.0,0.0
1.4223068026116015e-39,0.9999999999999966,0.0,0.0
1.4046386237542604e-39,0.9999999999999966,0.0,0.0
1.3871899225395499e-39,0.9999999999999966,0.0,0.0
1.3699579725724069e-39,0.9999999999999966,0.0,0.0
1.3529400813255917e-39,0.9999999999999966,0.0,0.0
1.3361335897189745e-39,0.9999999999999966,0.0,0.0
1.31953587170405e-39,0.9999999999999966,0.0,0.0
1.3031443338536111e-39,0.9999999999999966,0.0,0.0
1.2869564149565207e-39,0.9999999999999966,0.0,0.0
1.2709695856175179e-39,0.9999999999999966,0.0,0.0
1.2551813478619939e-39,0.9999999999999966,0.0,0.0
1.2395892347456791e-39,0.9999999999999966,0.0,0.0
1.2241908099691772e-39,0.9999999999999966,0.0,0.0
1.2089836674972901e-39,0.9999999999999966,0.0,0.0
1.193965431183068e-39,0.9999999999999966,0.0,0.0
1.1791337543965333e-39,0.9999999999999966,0.0,0.0
1.1644863196580133e-39,0.9999999999999966,0.0,0.0
1.150020838276031e-39,0.9999999999999966,0.0,0.0
1.1357350499896911e-39,0.9999999999999966,0.0,0.0
1.12162672261551e-39,0.9999999999999966,0.0,0.0
1.1076936516986328e-39,0.9999999999999966,0.0,0.0
1.0939336601683826e-39,0.9999999999999966,0.0,0.0
1.0803445979980886e-39,0.9999999999999966,0.0,0.0
1.0669243418691407e-39,0.9999999999999966,0.0,0.0
1.0536707948392158e-39,0.9999999999999966,0.0,0.0
1.0405818860146265e-39,0.9999999999999966,0.0,0.0
1.0276555702267404e-39,0.9999999999999966,0.0,0.0
1.014889827712418e-39,0.9999999999999966,0.0,0.0
1.0022826637984197e-39,0.9999999999999966,0.0,0.0
9.898321085897355e-40,0.9999999999999966,0.0,0.0
9.775362166617837e-40,0.9999999999999966,0.0,0.0
9.653930667564356e-40,0.9999999999999966,0.0,0.0
9.534007614818134e-40,0.9999999999999966,0.0,0.0
9.415574270158207e-40,0.9999999999999966,0.0,0.0
9.298612128133518e-40,0.9999999999999966,0.0,0.0
9.18310291317143e-40,0.9999999999999966,0.0,0.0
9.069028576722102e-40,0.9999999999999966,0.0,0.0
8.956371294438384e-40,0.9999999999999966,0.0,0.0
8.845113463390729e-40,0.9999999999999966,0.0,0.0
8.735237699316681e-40,0.9999999999999966,0.0,0.0
8.62672683390457e-40,0.9999999999999966,0.0,0.0
8.519563912110914e-40,0.9999999999999966,0.0,0.0
8.413732189511165e-40,0.9999999999999966,0.0,0.0
8.30921512968336e-40,0.9999999999999966,0.0,0.0
8.205996401624261e-40,0.9999999999999966,0.0,0.0
8.10405987719762e-40,0.9999999999999966,0.0,0.0
8.003389628614108e-40,0.9999999999999966,0.0,0.0
7.903969925942574e-40,0.9999999999999966,0.0,0.0
7.805785234652213e-40,0.9999999999999966,0.0,0.0
7.70882021318526e-40,0.9999999999999966,0.0,0.0
7.613059710559837e-40,0.9999999999999966,0.0,0.0
7.518488764002592e-40,0.9999999999999966,0.0,0.0
7.425092596610722e-40,0.9999999999999966,0.0,0.0
7.332856615043063e-40,0.9999999999999966,0.0,0.0
7.241766407239848e-40,0.9999999999999966,0.0,0.0
7.151807740170786e-40,0.9999999999999966,0.0,0.0
7.0629665576111316e-40,0.9999999999999966,0.0,0.0
6.975228977945368e-40,0.9999999999999966,0.0,0.0
6.888581291998173e-40,0.9999999999999966,0.0,0.0
6.803009960892338e-40,0.9999999999999966,0.0,0.0
6.718501613933287e-40,0.9999999999999966,0.0,0.0
6.635043046519879e-40,0.9999999999999966,0.0,0.0
6.552621218081164e-40,0.9999999999999966,0.0,0.0
6.4712232500387635e-40,0.9999999999999966,0.0,0.0
6.3908364237945725e-40,0.9999999999999966,0.0,0.0
6.311448178743447e-40,0.9999999999999966,0.0,0.0
6.233046110310584e-40,0.9999999999999966,0.0,0.0
6.155617968013289e-40,0.9999999999999966,0.0,0.0
6.079151653546801e-40,0.9999999999999966,0.0,0.0
6.00363521889392e-40,0.9999999999999966,0.0,0.0
5.929056864458096e-40,0.9999999999999966,0.0,0.0
5.8554049372197236e-40,0.9999999999999966,0.0,0.0
5.782667928915329e-40,0.9999999999999966,0.0,0.0
5.710834474239385e-40,0.9999999999999966,0.0,0.0
5.639893349068457e-40,0.9999999999999966,0.0,0.0
5.56983346870741e-40,0.9999999999999966,0.0,0.0
5.500643886157406e-40,0.9999999999999966,0.0,0.0
5.432313790405407e-40,0.9999999999999966,0.0,0.0
5.36483250473494e-40,0.9999999999999966,0.0,0.0
5.298189485057828e-40,0.9999999999999966,0.0,0.0
5.232374318266666e-40,0.9999999999999966,0.0,0.0
5.1673767206077455e-40,0.9999999999999966,0.0,0.0
5.103186536074197e-40,0.9999999999999966,0.0,0.0
5.039793734819097e-40,0.9999999999999966,0.0,0.0
4.977188411588278e-40,0.9999999999999966,0.0,0.0
4.915360784172618e-40,0.9999999999999966,0.0,0.0
4.854301191879549e-40,0.9999999999999966,0.0,0.0
4.794000094023552e-40,0.9999999999999966,0.0,0.0
4.7344480684354074e-40,0.9999999999999966,0.0,0.0
4.675635809989961e-40,0.9999999999999966,0.0,0.0
4.617554129152179e-40,0.9999999999999966,0.0,0.0
4.560193950541268e-40,0.9999999999999966,0.0,0.0
4.503546311512623e-40,0.9999999999999966,0.0,0.0
4.447602360757399e-40,0.9999999999999966,0.0,0.0
4.3923533569194736e-40,0.9999999999999966,0.0,0.0
4.337790667229598e-40,0.9999999999999966,0.0,0.0
4.283905766156501e-40,0.9999999999999966,0.0,0.0
4.230690234074765e-40,0.9999999999999966,0.0,0.0
4.178135755949238e-40,0.9999999999999966,0.0,0.0
4.126234120035793e-40,0.9999999999999966,0.0,0.0
4.074977216598227e-40,0.9999999999999966,0.0,0.0
4.024357036641097e-40,0.9999999999999966,0.0,0.0
3.974365670658302e-40,0.9999999999999966,0.0,0.0
3.924995307397203e-40,0.9999999999999966,0.0,0.0
3.876238232638097e-40,0.9999999999999966,0.0,0.0
3.82808682798886e-40,0.9999999999999966,0.0,0.0
3.780533569694552e-40,0.9999999999999966,0.0,0.0
3.733571027461823e-40,0.9999999999999966,0.0,0.0
3.687191863297903e-40,0.9999999999999966,0.0,0.0
3.6413888303640374e-40,0.9999999999999966,0.0,0.0
3.596154771843145e-40,0.9999999999999966,0.0,0.0
3.551482619821555e-40,0.9999999999999966,0.0,0.0
3.5073653941846326e-40,0.9999999999999966,0.0,0.0
3.4637962015261162e-40,0.9999999999999966,0.0,0.0
3.4207682340710135e-40,0.9999999999999966,0.0,0.0
3.3782747686118724e-40,0.9999999999999966,0.0,0.0
3.3363091654582626e-40,0.9999999999999966,0.0,0.0
3.2948648673993152e-40,0.9999999999999966,0.0,0.0
3.2539353986791422e-40,0.9999999999999966,0.0,0.0
3.2135143639849863e-40,0.9999999999999966,0.0,0.0
3.1735954474479427e-40,0.9999999999999966,0.0,0.0
3.134172411656089e-40,0.9999999999999966,0.0,0.0
3.095239096679879e-40,0.9999999999999966,0.0,0.0
3.0567894191096382e-40,0.9999999999999966,0.0,0.0
3.018817371105024e-40,0.9999999999999966,0.0,0.0
2.9813170194562823e-40,0.9999999999999966,0.0,0.0
2.9442825046571758e-40,0.9999999999999966,0.0,0.0
2.907708039989422e-40,0.9999999999999966,0.0,0.0
2.871587910618508e-40,0.9999999999999966,0.0,0.0
2.8359164727007348e-40,0.9999999999999966,0.0,0.0
2.800688152501355e-40,0.9999999999999966,0.0,0.0
2.7658974455236683e-40,0.9999999999999966,0.0,0.0
2.731538915648929e-40,0.9999999999999966,0.0,0.0
2.6976071942869436e-40,0.9999999999999966,0.0,0.0
2.6640969795372165e-40,0.9999999999999966,0.0,0.0
2.631003035360518e-40,0.9999999999999966,0.0,0.0
2.598320190760744e-40,0.9999999999999966,0.0,0.0
2.566043338976932e-40,0.9999999999999966,0.0,0.0
2.5341674366853264e-40,0.9999999999999966,0.0,0.0
2.5026875032113435e-40,0.9999999999999966,0.0,0.0
2.471598619751334e-40,0.9999999999999966,0.0,0.0
2.4408959286040082e-40,0.9999999999999966,0.0,0.0
2.4105746324114112e-40,0.9999999999999966,0.0,0.0
2.380629993409326e-40,0.9999999999999966,0.0,0.0
2.351057332686987e-40,0.9999999999999966,0.0,0.0
2.321852029455993e-40,0.9999999999999966,0.0,0.0
2.2930095203282972e-40,0.9999999999999966,0.0,0.0
2.264525298603169e-40,0.9999999999999966,0.0,0.0
2.2363949135630147e-40,0.9999999999999966,0.0,0.0
2.208613969777942e-40,0.9999999999999966,0.0,0.0
2.181178126418965e-40,0.9999999999999966,0.0,0.0
2.154083096579742e-40,0.9999999999999966,0.0,0.0
2.1273246466067375e-40,0.9999999999999966,0.0,0.0
2.1008985954377045e-40,0.9999999999999966,0.0,0.0
2.0748008139483847e-40,0.9999999999999966,0.0,0.0
2.0490272243073266e-40,0.9999999999999966,0.0,0.0
2.0235737993387125e-40,0.9999999999999966,0.0,0.0
1.9984365618931082e-40,0.9999999999999966,0.0,0.0
1.9736115842260223e-40,0.9999999999999966,0.0,0.0
1.9490949873841886e-40,0.9999999999999966,0.0,0.0
1.924882940599473e-40,0.9999999999999966,0.0,0.0
1.9009716606903073e-40,0.9999999999999966,0.0,0.0
1.8773574114705594e-40,0.9999999999999966,0.0,0.0
1.8540365031657465e-40,0.9999999999999966,0.0,0.0
1.8310052918365e-40,0.9999999999999966,0.0,0.0
1.808260178809195e-40,0.9999999999999966,0.0,0.0
1.7857976101136467e-40,0.9999999999999966,0.0,0.0
1.7636140759277974e-40,0.9999999999999966,0.0,0.0
1.7417061100292993e-40,0.9999999999999966,0.0,0.0
1.7200702892539097e-40,0.9999999999999966,0.0,0.0
1.698703232960616e-40,0.9999999999999966,0.0,0.0
1.6776016025034017e-40,0.9999999999999966,0.0,0.0
1.6567621007095776e-40,0.9999999999999966,0.0,0.0
1.6361814713645918e-40,0.9999999999999966,0.0,0.0
1.6158564987032387e-40,0.9999999999999966,0.0,0.0
1.5957840069071895e-40,0.9999999999999966,0.0,0.0
1.5759608596087651e-40,0.9999999999999966,0.0,0.0
1.5563839594008707e-40,0.9999999999999966,0.0,0.0
1.53705024735302e-40,0.9999999999999966,0.0,0.0
1.517956702533373e-40,0.9999999999999966,0.0,0.0
1.4991003415367059e-40,0.9999999999999966,0.0,0.0
1.480478218018251e-40,0.9999999999999966,0.0,0.0
1.4620874222333225e-40,0.9999999999999966,0.0,0.0
1.443925080582664e-40,0.9999999999999966,0.0,0.0
1.4259883551634423e-40,0.9999999999999966,0.0,0.0
1.4082744433258193e-40,0.9999999999999966,0.0,0.0
1.3907805772350318e-40,0.9999999999999966,0.0,0.0
1.373504023438913e-40,0.9999999999999966,0.0,0.0
1.356442082440784e-40,0.9999999999999966,0.0,0.0
1.339592088277652e-40,0.9999999999999966,0.0,0.0
1.3229514081036487e-40,0.9999999999999966,0.0,0.0
1.306517441778642e-40,0.9999999999999966,0.0,0.0
1.29028762146196e-40,0.9999999999999966,0.0,0.0
1.274259411211159e-40,0.9999999999999966,0.0,0.0
1.2584303065857786e-40,0.9999999999999966,0.0,0.0
1.242797834256018e-40,0.9999999999999966,0.0,0.0
1.2273595516162717e-40,0.9999999999999966,0.0,0.0
1.212113046403469e-40,0.9999999999999966,0.0,0.0
1.197055936320152e-40,0.9999999999999966,0.0,0.0
1.1821858686622375e-40,0.9999999999999966,0.0,0.0
1.1675005199514014e-40,0.9999999999999966,0.0,0.0
1.152997595572031e-40,0.9999999999999966,0.0,0.0
1.1386748294126865e-40,0.9999999999999966,0.0,0.0
1.1245299835120163e-40,0.9999999999999966,0.0,0.0
1.1105608477090718e-40,0.9999999999999966,0.0,0.0
1.096765239297964e-40,0.9999999999999966,0.0,0.0
1.0831410026868122e-40,0.9999999999999966,0.0,0.0
1.0696860090609282e-40,0.9999999999999966,0.0,0.0
1.0563981560501844e-40,0.9999999999999966,0.0,0.0
1.0432753674005143e-40,0.9999999999999966,0.0,0.0
1.0303155926494937e-40,0.9999999999999966,0.0,0.0
1.0175168068059517e-40,0.9999999999999966,0.0,0.0
1.0048770100335617e-40,0.9999999999999966,0.0,0.0
9.923942273383633e-41,0.9999999999999966,0.0,0.0
9.800665082601644e-41,0.9999999999999966,0.0,0.0
9.678919265677788e-41,0.9999999999999966,0.0,0.0
9.558685799580488e-41,0.9999999999999966,0.0,0.0
9.439945897586056e-41,0.9999999999999966,0.0,0.0
9.322681006343235e-41,0.9999999999999966,0.0,0.0
9.206872802974197e-41,0.9999999999999966,0.0,0.0
9.092503192211561e-41,0.9999999999999966,0.0,0.0
8.979554303570964e-41,0.9999999999999966,0.0,0.0
8.868008488558769e-41,0.9999999999999966,0.0,0.0
8.757848317914445e-41,0.9999999999999966,0.0,0.0
8.649056578887213e-41,0.9999999999999966,0.0,0.0
8.54161627254652e-41,0.9999999999999966,0.0,0.0
8.435510611125916e-41,0.9999999999999966,0.0,0.0
8.330723015399938e-41,0.9999999999999966,0.0,0.0
8.227237112093568e-41,0.9999999999999966,0.0,0.0
8.125036731323879e-41,0.9999999999999966,0.0,0.0
8.024105904073453e-41,0.9999999999999966,0.0,0.0
7.924428859695193e-41,0.9999999999999966,0.0,0.0
7.825990023448127e-41,0.9999999999999966,0.0,0.0
7.728774014063822e-41,0.9999999999999966,0.0,0.0
7.632765641343032e-41,0.9999999999999966,0.0,0.0
7.537949903782192e-41,0.9999999999999966,0.0,0.0
7.444311986229413e-41,0.9999999999999966,0.0,0.0
7.351837257569574e-41,0.9999999999999966,0.0,0.0
7.260511268438189e-41,0.9999999999999966,0.0,0.0
7.170319748963654e-41,0.9999999999999966,0.0,0.0
7.081248606537561e-41,0.9999999999999966,0.0,0.0
6.993283923612699e-41,0.9999999999999966,0.0,0.0
6.906411955528399e-41,0.9999999999999966,0.0,0.0
6.820619128362909e-41,0.9999999999999966,0.0,0.0
6.735892036812446e-41,0.9999999999999966,0.0,0.0
6.652217442096581e-41,0.9999999999999966,0.0,0.0
6.569582269889659e-41,0.9999999999999966,0.0,0.0
6.487973608277902e-41,0.9999999999999966,0.0,0.0
6.407378705741907e-41,0.9999999999999966,0.0,0.0
6.327784969164188e-41,0.9999999999999966,0.0,0.0
6.249179961861471e-41,0.9999999999999966,0.0,0.0
6.17155140164145e-41,0.9999999999999966,0.0,0.0
6.094887158883657e-41,0.9999999999999966,0.0,0.0
6.019175254644191e-41,0.9999999999999966,0.0,0.0
5.944403858783985e-41,0.9999999999999966,0.0,0.0
5.870561288120316e-41,0.9999999999999966,0.0,0.0
5.797636004601288e-41,0.9999999999999966,0.0,0.0
5.725616613502987e-41,0.9999999999999966,0.0,0.0
5.654491861649038e-41,0.9999999999999966,0.0,0.0
5.58425063565226e-41,0.9999999999999966,0.0,0.0
5.51488196017819e-41,0.9999999999999966,0.0,0.0
5.446374996230159e-41,0.9999999999999966,0.0,0.0
5.378719039455674e-41,0.9999999999999966,0.0,0.0
5.311903518473847e-41,0.9999999999999966,0.0,0.0
5.245917993223593e-41,0.9999999999999966,0.0,0.0
5.180752153332346e-41,0.9999999999999966,0.0,0.0
5.116395816505046e-41,0.9999999999999966,0.0,0.0
5.052838926933135e-41,0.9999999999999966,0.0,0.0
4.990071553723313e-41,0.9999999999999966,0.0,0.0
4.928083889345819e-41,0.9999999999999966,0.0,0.0
4.866866248101983e-41,0.9999999999999966,0.0,0.0
4.806409064610817e-41,0.9999999999999966,0.0,0.0
4.746702892314403e-41,0.9999999999999966,0.0,0.0
4.687738402001851e-41,0.9999999999999966,0.0,0.0
4.629506380351586e-41,0.9999999999999966,0.0,0.0
4.571997728491759e-41,0.9999999999999966,0.0,0.0
4.5152034605785167e-41,0.9999999999999966,0.0,0.0
4.4591147023919524e-41,0.9999999999999966,0.0,0.0
4.4037226899494894e-41,0.9999999999999966,0.0,0.0
4.349018768136492e-41,0.9999999999999966,0.0,0.0
4.294994389353884e-41,0.9999999999999966,0.0,0.0
4.24164111218257e-41,0.9999999999999966,0.0,0.0
4.188950600064448e-41,0.9999999999999966,0.0,0.0
4.136914619999804e-41,0.9999999999999966,0.0,0.0
4.0855250412608865e-41,0.9999999999999966,0.0,0.0
4.0347738341214693e-41,0.9999999999999966,0.0,0.0
3.984653068602185e-41,0.9999999999999966,0.0,0.0
3.9351549132314534e-41,0.9999999999999966,0.0,0.0
3.886271633821797e-41,0.9999999999999966,0.0,0.0
3.837995592261356e-41,0.9999999999999966,0.0,0.0
3.790319245320422e-41,0.9999999999999966,0.0,0.0
3.74323514347279e-41,0.9999999999999966,0.0,0.0
3.6967359297317566e-41,0.9999999999999966,0.0,0.0
3.6508143385005737e-41,0.9999999999999966,0.0,0.0
3.6054631944371867e-41,0.9999999999999966,0.0,0.0
3.560675411333071e-41,0.9999999999999966,0.0,0.0
3.5164439910059973e-41,0.9999999999999966,0.0,0.0
3.4727620222065534e-41,0.9999999999999966,0.0,0.0
3.429622679538245e-41,0.9999999999999966,0.0,0.0
3.387019222391016e-41,0.9999999999999966,0.0,0.0
3.344944993888012e-41,0.9999999999999966,0.0,0.0
3.3033934198454316e-41,0.9999999999999966,0.0,0.0
3.2623580077452957e-41,0.9999999999999966,0.0,0.0
3.22183234572098e-41,0.9999999999999966,0.0,0.0
3.1818101015553444e-41,0.9999999999999966,0.0,0.0
3.1422850216913156e-41,0.9999999999999966,0.0,0.0
3.1032509302547525e-41,0.9999999999999966,0.0,0.0
3.064701728089456e-41,0.9999999999999966,0.0,0.0
3.0266313918041597e-41,0.9999999999999966,0.0,0.0
2.989033972831369e-41,0.9999999999999966,0.0,0.0
2.9519035964978775e-41,0.9999999999999966,0.0,0.0
2.9152344611068435e-41,0.9999999999999966,0.0,0.0
2.8790208370312607e-41,0.9999999999999966,0.0,0.0
2.8432570658186925e-41,0.9999999999999966,0.0,0.0
2.8079375593071276e-41,0.9999999999999966,0.0,0.0
2.773056798751817e-41,0.9999999999999966,0.0,0.0
2.738609333962961e-41,0.9999999999999966,0.0,0.0
2.704589782454105e-41,0.9999999999999966,0.0,0.0
2.670992828601114e-41,0.9999999999999966,0.0,0.0
2.6378132228115974e-41,0.9999999999999966,0.0,0.0
2.605045780704649e-41,0.9999999999999966,0.0,0.0
2.5726853823007745e-41,0.9999999999999966,0.0,0.0
2.5407269712218886e-41,0.9999999999999966,0.0,0.0
2.5091655539012415e-41,0.9999999999999966,0.0,0.0
2.477996198803168e-41,0.9999999999999966,0.0,0.0
2.4472140356525204e-41,0.9999999999999966,0.0,0.0
2.416814254673682e-41,0.9999999999999966,0.0,0.0
2.386792105839028e-41,0.9999999999999966,0.0,0.0
2.3571428981267243e-41,0.9999999999999966,0.0,0.0
2.327861998787746e-41,0.9999999999999966,0.0,0.0
2.298944832622e-41,0.9999999999999966,0.0,0.0
2.2703868812634438e-41,0.9999999999999966,0.0,0.0
2.242183682474077e-41,0.9999999999999966,0.0,0.0
2.214330829446711e-41,0.9999999999999966,0.0,0.0
2.1868239701163946e-41,0.9999999999999966,0.0,0.0
2.1596588064803964e-41,0.9999999999999966,0.0,0.0
2.1328310939266317e-41,0.9999999999999966,0.0,0.0
2.106336640570435e-41,0.9999999999999966,0.0,0.0
2.0801713065995668e-41,0.9999999999999966,0.0,0.0
2.054331003627363e-41,0.9999999999999966,0.0,0.0
2.0288116940539129e-41,0.9999999999999966,0.0,0.0
2.0036093904351778e-41,0.9999999999999966,0.0,0.0
1.978720154859944e-41,0.9999999999999966,0.0,0.0
1.9541400983345178e-41,0.9999999999999966,0.0,0.0
1.9298653801750595e-41,0.9999999999999966,0.0,0.0
1.9058922074074711e-41,0.9999999999999966,0.0,0.0
1.882216834174736e-41,0.9999999999999966,0.0,0.0
1.8588355611516193e-41,0.9999999999999966,0.0,0.0
1.8357447349666437e-41,0.9999999999999966,0.0,0.0
1.8129407476312403e-41,0.9999999999999966,0.0,0.0
1.7904200359759942e-41,0.9999999999999966,0.0,0.0
1.7681790810938925e-41,0.9999999999999966,0.0,0.0
1.7462144077904863e-41,0.9999999999999966,0.0,0.0
1.7245225840408857e-41,0.9999999999999966,0.0,0.0
1.7031002204534993e-41,0.9999999999999966,0.0,0.0
1.6819439697404336e-41,0.9999999999999966,0.0,0.0
1.6610505261944736e-41,0.9999999999999966,0.0,0.0
1.6404166251725582e-41,0.9999999999999966,0.0,0.0
1.6200390425856741e-41,0.9999999999999966,0.0,0.0
1.599914594395085e-41,0.9999999999999966,0.0,0.0
1.580040136114819e-41,0.9999999999999966,0.0,0.0
1.5604125623203358e-41,0.9999999999999966,0.0,0.0
1.541028806163299e-41,0.9999999999999966,0.0,0.0
1.5218858388923739e-41,0.9999999999999966,0.0,0.0
1.5029806693799787e-41,0.9999999999999966,0.0,0.0
1.4843103436549152e-41,0.9999999999999966,0.0,0.0
1.4658719444408053e-41,0.9999999999999966,0.0,0.0
1.4476625907002598e-41,0.9999999999999966,0.0,0.0
1.4296794371847109e-41,0.9999999999999966,0.0,0.0
1.4119196739898353e-41,0.9999999999999966,0.0,0.0
1.394380526116503e-41,0.9999999999999966,0.0,0.0
1.377059253037176e-41,0.9999999999999966,0.0,0.0
1.3599531482676965e-41,0.9999999999999966,0.0,0.0
1.3430595389443925e-41,0.9999999999999966,0.0,0.0
1.326375785406438e-41,0.9999999999999966,0.0,0.0
1.309899280783401e-41,0.9999999999999966,0.0,0.0
1.2936274505879126e-41,0.9999999999999966,0.0,0.0
1.277557752313401e-41,0.9999999999999966,0.0,0.0
1.2616876750368177e-41,0.9999999999999966,0.0,0.0
1.2460147390263017e-41,0.9999999999999966,0.0,0.0
1.230536495353715e-41,0.9999999999999966,0.0,0.0
1.215250525511994e-41,0.9999999999999966,0.0,0.0
1.2001544410372528e-41,0.9999999999999966,0.0,0.0
1.1852458831355796e-41,0.9999999999999966,0.0,0.0
1.170522522314472e-41,0.9999999999999966,0.0,0.0
1.155982058018847e-41,0.9999999999999966,0.0,0.0
1.141622218271577e-41,0.9999999999999966,0.0,0.0
1.1274407593184873e-41,0.9999999999999966,0.0,0.0
1.1134354652777644e-41,0.9999999999999966,0.0,0.0
1.0996041477937218e-41,0.9999999999999966,0.0,0.0
1.0859446456948635e-41,0.9999999999999966,0.0,0.0
1.0724548246561966e-41,0.9999999999999966,0.0,0.0
1.0591325768657397e-41,0.9999999999999966,0.0,0.0
1.0459758206951719e-41,0.9999999999999966,0.0,0.0
1.0329825003745749e-41,0.9999999999999966,0.0,0.0
1.0201505856712144e-41,0.9999999999999966,0.0,0.0
1.0074780715723119e-41,0.9999999999999966,0.0,0.0
9.949629779717578e-42,0.9999999999999966,0.0,0.0
9.826033493607158e-42,0.9999999999999966,0.0,0.0
9.703972545220705e-42,0.9999999999999966,0.0,0.0
9.583427862286702e-42,0.9999999999999966,0.0,0.0
9.464380609453203e-42,0.9999999999999966,0.0,0.0
9.346812185344754e-42,0.9999999999999966,0.0,0.0
9.230704219655903e-42,0.9999999999999966,0.0,0.0
9.116038570280793e-42,0.9999999999999966,0.0,0.0
9.002797320478429e-42,0.9999999999999966,0.0,0.0
8.890962776073144e-42,0.9999999999999966,0.0,0.0
8.780517462689854e-42,0.9999999999999966,0.0,0.0
8.671444123023647e-42,0.9999999999999966,0.0,0.0
8.563725714143296e-42,0.9999999999999966,0.0,0.0
8.457345404828264e-42,0.9999999999999966,0.0,0.0
8.352286572938795e-42,0.9999999999999966,0.0,0.0
8.248532802818671e-42,0.9999999999999966,0.0,0.0
8.146067882730229e-42,0.9999999999999966,0.0,0.0
8.044875802321243e-42,0.9999999999999966,0.0,0.0
7.94494075012328e-42,0.9999999999999966,0.0,0.0
7.84624711108112e-42,0.9999999999999966,0.0,0.0
7.748779464112879e-42,0.9999999999999966,0.0,0.0
7.652522579700418e-42,0.9999999999999966,0.0,0.0
7.557461417509725e-42,0.9999999999999966,0.0,0.0
7.463581124040805e-42,0.9999999999999966,0.0,0.0
7.370867030306812e-42,0.9999999999999966,0.0,0.0
7.279304649541975e-42,0.9999999999999966,0.0,0.0
7.188879674938022e-42,0.9999999999999966,0.0,0.0
7.099577977408706e-42,0.9999999999999966,0.0,0.0
7.011385603382107e-42,0.9999999999999966,0.0,0.0
6.924288772620362e-42,0.9999999999999966,0.0,0.0
6.838273876066468e-42,0.9999999999999966,0.0,0.0
6.753327473717846e-42,0.9999999999999966,0.0,0.0
6.66943629252631e-42,0.9999999999999966,0.0,0.0
6.586587224324127e-42,0.9999999999999966,0.0,0.0
6.504767323775837e-42,0.9999999999999966,0.0,0.0
6.42396380635552e-42,0.9999999999999966,0.0,0.0
6.34416404634919e-42,0.9999999999999966,0.0,0.0
6.265355574881997e-42,0.9999999999999966,0.0,0.0
6.187526077969942e-42,0.9999999999999966,0.0,0.0
6.110663394595791e-42,0.9999999999999966,0.0,0.0
6.034755514808895e-42,0.9999999999999966,0.0,0.0
5.959790577848604e-42,0.9999999999999966,0.0,0.0
5.88575687029101e-42,0.9999999999999966,0.0,0.0
5.812642824218683e-42,0.9999999999999966,0.0,0.0
5.740437015413182e-42,0.9999999999999966,0.0,0.0
5.669128161569981e-42,0.9999999999999966,0.0,0.0
5.5987051205355913e-42,0.9999999999999966,0.0,0.0
5.5291568885665794e-42,0.9999999999999966,0.0,0.0
5.460472598610208e-42,0.9999999999999966,0.0,0.0
5.3926415186064365e-42,0.9999999999999966,0.0,0.0
5.3256530498110145e-42,0.9999999999999966,0.0,0.0
5.259496725139409e-42,0.9999999999999966,0.0,0.0
5.194162207531298e-42,0.9999999999999966,0.0,0.0
5.129639288335386e-42,0.9999999999999966,0.0,0.0
5.065917885714278e-42,0.9999999999999966,0.0,0.0
5.0029880430691775e-42,0.9999999999999966,0.0,0.0
4.940839927484143e-42,0.9999999999999966,0.0,0.0
4.879463828189678e-42,0.9999999999999966,0.0,0.0
4.8188501550454006e-42,0.9999999999999966,0.0,0.0
4.758989437041566e-42,0.9999999999999966,0.0,0.0
4.699872320819202e-42,0.9999999999999966,0.0,0.0
4.641489569208629e-42,0.9999999999999966,0.0,0.0
4.583832059786131e-42,0.9999999999999966,0.0,0.0
4.526890783448559e-42,0.9999999999999966,0.0,0.0
4.4706568430056396e-42,0.9999999999999966,0.0,0.0
4.415121451789775e-42,0.9999999999999966,0.0,0.0
4.360275932283104e-42,0.9999999999999966,0.0,0.0
4.306111714761621e-42,0.9999999999999966,0.0,0.0
4.2526203359561464e-42,0.9999999999999966,0.0,0.0
4.1997934377299145e-42,0.9999999999999966,0.0,0.0
4.1476227657726045e-42,0.9999999999999966,0.0,0.0
4.096100168310584e-42,0.9999999999999966,0.0,0.0
4.0452175948331786e-42,0.9999999999999966,0.0,0.0
3.994967094834766e-42,0.9999999999999966,0.0,0.0
3.9453408165724885e-42,0.9999999999999966,0.0,0.0
3.8963310058394056e-42,0.9999999999999966,0.0,0.0
3.847930004752881e-42,0.9999999999999966,0.0,0.0
3.800130250558027e-42,0.9999999999999966,0.0,0.0
3.752924274446002e-42,0.9999999999999966,0.0,0.0
3.7063047003870036e-42,0.9999999999999966,0.0,0.0
3.660264243977738e-42,0.9999999999999966,0.0,0.0
3.6147957113032236e-42,0.9999999999999966,0.0,0.0
3.569891997812727e-42,0.9999999999999966,0.0,0.0
3.525546087209661e-42,0.9999999999999966,0.0,0.0
3.481751050355274e-42,0.9999999999999966,0.0,0.0
3.4385000441859594e-42,0.9999999999999966,0.0,0.0
3.3957863106440104e-42,0.9999999999999966,0.0,0.0
3.3536031756216617e-42,0.9999999999999966,0.0,0.0
3.311944047918248e-42,0.9999999999999966,0.0,0.0
3.270802418210311e-42,0.9999999999999966,0.0,0.0
3.2301718580345084e-42,0.9999999999999966,0.0,0.0
3.1900460187831515e-42,0.9999999999999966,0.0,0.0
3.150418630712224e-42,0.9999999999999966,0.0,0.0
3.111283501961719e-42,0.9999999999999966,0.0,0.0
3.072634517588151e-42,0.9999999999999966,0.0,0.0
3.034465638609083e-42,0.9999999999999966,0.0,0.0
2.9967709010595206e-42,0.9999999999999966,0.0,0.0
2.9595444150600336e-42,0.9999999999999966,0.0,0.0
2.92278036389645e-42,0.9999999999999966,0.0,0.0
2.88647300311098e-42,0.9999999999999966,0.0,0.0
2.8506166596046354e-42,0.9999999999999966,0.0,0.0
2.8152057307507963e-42,0.9999999999999966,0.0,0.0
2.7802346835197863e-42,0.9999999999999966,0.0,0.0
2.745698053614329e-42,0.9999999999999966,0.0,0.0
2.7115904446157386e-42,0.9999999999999966,0.0,0.0
2.677906527140719e-42,0.9999999999999966,0.0,0.0
2.6446410380086357e-42,0.9999999999999966,0.0,0.0
2.6117887794191358e-42,0.9999999999999966,0.0,0.0
2.5793446181399778e-42,0.9999999999999966,0.0,0.0
2.547303484704956e-42,0.9999999999999966,0.0,0.0
2.515660372621785e-42,0.9999999999999966,0.0,0.0
2.484410337589825e-42,0.9999999999999966,0.0,0.0
2.4535484967275258e-42,0.9999999999999966,0.0,0.0
2.423070027809466e-42,0.9999999999999966,0.0,0.0
2.3929701685128703e-42,0.9999999999999966,0.0,0.0
2.3632442156734863e-42,0.9999999999999966,0.0,0.0
2.333887524550707e-42,0.9999999999999966,0.0,0.0
2.30489550810182e-42,0.9999999999999966,0.0,0.0
2.276263636265272e-42,0.9999999999999966,0.0,0.0
2.247987435252839e-42,0.9999999999999966,0.0,0.0
2.2200624868505858e-42,0.9999999999999966,0.0,0.0
2.1924844277285126e-42,0.9999999999999966,0.0,0.0
2.1652489487587752e-42,0.9999999999999966,0.0,0.0
2.1383517943423755e-42,0.9999999999999966,0.0,0.0
2.1117887617442147e-42,0.9999999999999966,0.0,0.0
2.0855557004364088e-42,0.9999999999999966,0.0,0.0
2.0596485114497577e-42,0.9999999999999966,0.0,0.0
2.034063146733276e-42,0.9999999999999966,0.0,0.0
2.0087956085216744e-42,0.9999999999999966,0.0,0.0
1.9838419487107014e-42,0.9999999999999966,0.0,0.0
1.9591982682402444e-42,0.9999999999999966,0.0,0.0
1.9348607164850943e-42,0.9999999999999966,0.0,0.0
1.9108254906532753e-42,0.9999999999999966,0.0,0.0
1.887088835191853e-42,0.9999999999999966,0.0,0.0
1.86364704120012e-42,0.9999999999999966,0.0,0.0
1.8404964458500744e-42,0.9999999999999966,0.0,0.0
1.8176334318140934e-42,0.9999999999999966,0.0,0.0
1.7950544266997207e-42,0.9999999999999966,0.0,0.0
1.7727559024914713e-42,0.9999999999999966,0.0,0.0
1.7507343749995718e-42,0.9999999999999966,0.0,0.0
1.7289864033155506e-42,0.9999999999999966,0.0,0.0
1.7075085892745865e-42,0.9999999999999966,0.0,0.0
1.68629757692454e-42,0.9999999999999966,0.0,0.0
1.6653500520015786e-42,0.9999999999999966,0.0,0.0
1.6446627414123165e-42,0.9999999999999966,0.0,0.0
1.6242324127223865e-42,0.9999999999999966,0.0,0.0
1.604055873651367e-42,0.9999999999999966,0.0,0.0
1.5841299715739795e-42,0.9999999999999966,0.0,0.0
1.5644515930274857e-42,0.9999999999999966,0.0,0.0
1.5450176632252036e-42,0.9999999999999966,0.0,0.0
1.5258251455760643e-42,0.9999999999999966,0.0,0.0
1.5068710412101384e-42,0.9999999999999966,0.0,0.0
1.4881523885100575e-42,0.9999999999999966,0.0,0.0
1.4696662626482555e-42,0.9999999999999966,0.0,0.0
1.451409775129957e-42,0.9999999999999966,0.0,0.0
1.4333800733418456e-42,0.9999999999999966,0.0,0.0
1.415574340106336e-42,0.9999999999999966,0.0,0.0
1.3979897932413857e-42,0.9999999999999966,0.0,0.0
1.3806236851257716e-42,0.9999999999999966,0.0,0.0
1.3634733022697705e-42,0.9999999999999966,0.0,0.0
1.3465359648911695e-42,0.9999999999999966,0.0,0.0
1.329809026496545e-42,0.9999999999999966,0.0,0.0
1.3132898734677425e-42,0.9999999999999966,0.0,0.0
1.296975924653494e-42,0.9999999999999966,0.0,0.0
1.2808646309661072e-42,0.9999999999999966,0.0,0.0
1.2649534749831659e-42,0.9999999999999966,0.0,0.0
1.2492399705541774e-42,0.9999999999999966,0.0,0.0
1.2337216624121063e-42,0.9999999999999966,0.0,0.0
1.218396125789734e-42,0.9999999999999966,0.0,0.0
1.2032609660407841e-42,0.9999999999999966,0.0,0.0
1.1883138182657543e-42,0.9999999999999966,0.0,0.0
1.1735523469423954e-42,0.9999999999999966,0.0,0.0
1.1589742455607816e-42,0.9999999999999966,0.0,0.0
1.1445772362629135e-42,0.9999999999999966,0.0,0.0
1.1303590694867984e-42,0.9999999999999966,0.0,0.0
1.1163175236149517e-42,0.9999999999999966,0.0,0.0
1.1024504046272635e-42,0.9999999999999966,0.0,0.0
1.0887555457581804e-42,0.9999999999999966,0.0,0.0
1.0752308071581424e-42,0.9999999999999966,0.0,0.0
1.061874075559228e-42,0.9999999999999966,0.0,0.0
1.0486832639449509e-42,0.9999999999999966,0.0,0.0
1.0356563112241606e-42,0.9999999999999966,0.0,0.0
1.0227911819089917e-42,0.9999999999999966,0.0,0.0
1.0100858657968151e-42,0.9999999999999966,0.0,0.0
9.975383776561399e-43,0.9999999999999966,0.0,0.0
9.85146756916417e-43,0.9999999999999966,0.0,0.0
9.72909067361696e-43,0.9999999999999966,0.0,0.0
9.608233968280863e-43,0.9999999999999966,0.0,0.0
9.488878569049798e-43,0.9999999999999966,0.0,0.0
9.371005826399811e-43,0.9999999999999966,0.0,0.0
9.254597322475057e-43,0.9999999999999966,0.0,0.0
9.139634868209968e-43,0.9999999999999966,0.0,0.0
9.026100500487182e-43,0.9999999999999966,0.0,0.0
8.91397647933076e-43,0.9999999999999966,0.0,0.0
8.803245285134287e-43,0.9999999999999966,0.0,0.0
8.693889615923394e-43,0.9999999999999966,0.0,0.0
8.585892384652286e-43,0.9999999999999966,0.0,0.0
8.479236716533861e-43,0.9999999999999966,0.0,0.0
8.373905946402991e-43,0.9999999999999966,0.0,0.0
8.269883616112552e-43,0.9999999999999966,0.0,0.0
8.16715347196181e-43,0.9999999999999966,0.0,0.0
8.065699462156738e-43,0.9999999999999966,0.0,0.0
7.965505734301903e-43,0.9999999999999966,0.0,0.0
7.86655663292349e-43,0.9999999999999966,0.0,0.0
7.768836697023098e-43,0.9999999999999966,0.0,0.0
7.672330657661939e-43,0.9999999999999966,0.0,0.0
7.577023435575024e-43,0.9999999999999966,0.0,0.0
7.482900138815005e-43,0.9999999999999966,0.0,0.0
7.389946060425272e-43,0.9999999999999966,0.0,0.0
7.298146676141969e-43,0.9999999999999966,0.0,0.0
7.207487642124539e-43,0.9999999999999966,0.0,0.0
7.117954792714476e-43,0.9999999999999966,0.0,0.0
7.029534138221909e-43,0.9999999999999966,0.0,0.0
6.942211862739685e-43,0.9999999999999966,0.0,0.0
6.855974321984609e-43,0.9999999999999966,0.0,0.0
6.770808041165489e-43,0.9999999999999966,0.0,0.0
6.686699712877683e-43,0.9999999999999966,0.0,0.0
6.603636195023781e-43,0.9999999999999966,0.0,0.0
6.5216045087601294e-43,0.9999999999999966,0.0,0.0
6.44059183646886e-43,0.9999999999999966,0.0,0.0
6.36058551975511e-43,0.9999999999999966,0.0,0.0
6.281573057469126e-43,0.9999999999999966,0.0,0.0
6.203542103752927e-43,0.9999999999999966,0.0,0.0
6.1264804661112455e-43,0.9999999999999966,0.0,0.0
6.050376103506422e-43,0.9999999999999966,0.0,0.0
5.975217124476968e-43,0.9999999999999966,0.0,0.0
5.9009917852795045e-43,0.9999999999999966,0.0,0.0
5.827688488053771e-43,0.9999999999999966,0.0,0.0
5.755295779010446e-43,0.9999999999999966,0.0,0.0
5.683802346641463e-43,0.9999999999999966,0.0,0.0
5.613197019952563e-43,0.9999999999999966,0.0,0.0
5.543468766717808e-43,0.9999999999999966,0.0,0.0
5.474606691755771e-43,0.9999999999999966,0.0,0.0
5.406600035227143e-43,0.9999999999999966,0.0,0.0
5.339438170953486e-43,0.9999999999999966,0.0,0.0
5.273110604756867e-43,0.9999999999999966,0.0,0.0
5.2076069728201304e-43,0.9999999999999966,0.0,0.0
5.14291704006752e-43,0.9999999999999966,0.0,0.0
5.079030698565437e-43,0.9999999999999966,0.0,0.0
5.015937965943046e-43,0.9999999999999966,0.0,0.0
4.953628983832517e-43,0.9999999999999966,0.0,0.0
4.89209401632863e-43,0.9999999999999966,0.0,0.0
4.831323448467522e-43,0.9999999999999966,0.0,0.0
4.7713077847243306e-43,0.9999999999999966,0.0,0.0
4.712037647529497e-43,0.9999999999999966,0.0,0.0
4.653503775803502e-43,0.9999999999999966,0.0,0.0
4.595697023509805e-43,0.9999999999999966,0.0,0.0
4.538608358225754e-43,0.9999999999999966,0.0,0.0
4.482228859731255e-43,0.9999999999999966,0.0,0.0
4.4265497186149666e-43,0.9999999999999966,0.0,0.0
4.3715622348978124e-43,0.9999999999999966,0.0,0.0
4.317257816673593e-43,0.9999999999999966,0.0,0.0
4.26362797876648e-43,0.9999999999999966,0.0,0.0
4.210664341405195e-43,0.9999999999999966,0.0,0.0
4.158358628913647e-43,0.9999999999999966,0.0,0.0
4.1067026684178454e-43,0.9999999999999966,0.0,0.0
4.055688388568872e-43,0.9999999999999966,0.0,0.0
4.005307818281713e-43,0.9999999999999966,0.0,0.0
3.955553085489766e-43,0.9999999999999966,0.0,0.0
3.906416415914808e-43,0.9999999999999966,0.0,0.0
3.857890131852252e-43,0.9999999999999966,0.0,0.0
3.8099666509714876e-43,0.9999999999999966,0.0,0.0
3.76263848513113e-43,0.9999999999999966,0.0,0.0
3.715898239208981e-43,0.9999999999999966,0.0,0.0
3.669738609946522e-43,0.9999999999999966,0.0,0.0
3.624152384807774e-43,0.9999999999999966,0.0,0.0
3.5791324408523145e-43,0.9999999999999966,0.0,0.0
3.5346717436223093e-43,0.9999999999999966,0.0,0.0
3.4907633460433637e-43,0.9999999999999966,0.0,0.0
3.447400387339026e-43,0.9999999999999966,0.0,0.0
3.4045760919587794e-43,0.9999999999999966,0.0,0.0
3.3622837685193463e-43,0.9999999999999966,0.0,0.0
3.320516808759148e-43,0.9999999999999966,0.0,0.0
3.279268686505749e-43,0.9999999999999966,0.0,0.0
3.2385329566561297e-43,0.9999999999999966,0.0,0.0
3.198303254169626e-43,0.9999999999999966,0.0,0.0
3.1585732930733797e-43,0.9999999999999966,0.0,0.0
3.1193368654801402e-43,0.9999999999999966,0.0,0.0
3.0805878406182716e-43,0.9999999999999966,0.0,0.0
3.0423201638738066e-43,0.9999999999999966,0.0,0.0
3.0045278558443998e-43,0.9999999999999966,0.0,0.0
2.9672050114050352e-43,0.9999999999999966,0.0,0.0
2.9303457987853373e-43,0.9999999999999966,0.0,0.0
2.893944458658346e-43,0.9999999999999966,0.0,0.0
2.8579953032406102e-43,0.9999999999999966,0.0,0.0
2.8224927154034586e-43,0.9999999999999966,0.0,0.0
2.7874311477953135e-43,0.9999999999999966,0.0,0.0
2.7528051219749055e-43,0.9999999999999966,0.0,0.0
2.7186092275552542e-43,0.9999999999999966,0.0,0.0
2.6848381213582875e-43,0.9999999999999966,0.0,0.0
2.6514865265799565e-43,0.9999999999999966,0.0,0.0
2.6185492319657242e-43,0.9999999999999966,0.0,0.0
2.586021090996298e-43,0.9999999999999966,0.0,0.0
2.553897021083475e-43,0.9999999999999966,0.0,0.0
2.5221720027759757e-43,0.9999999999999966,0.0,0.0
2.490841078975147e-43,0.9999999999999966,0.0,0.0
2.4598993541604037e-43,0.9999999999999966,0.0,0.0
2.4293419936242937e-43,0.9999999999999966,0.0,0.0
2.3991642227170665e-43,0.9999999999999966,0.0,0.0
2.3693613261006217e-43,0.9999999999999966,0.0,0.0
2.339928647011732e-43,0.9999999999999966,0.0,0.0
2.3108615865344083e-43,0.9999999999999966,0.0,0.0
2.2821556028813167e-43,0.9999999999999966,0.0,0.0
2.2538062106841106e-43,0.9999999999999966,0.0,0.0
2.2258089802925832e-43,0.9999999999999966,0.0,0.0
2.1981595370825273e-43,0.9999999999999966,0.0,0.0
2.1708535607721897e-43,0.9999999999999966,0.0,0.0
2.143886784747219e-43,0.9999999999999966,0.0,0.0
2.117254995393999e-43,0.9999999999999966,0.0,0.0
2.0909540314412617e-43,0.9999999999999966,0.0,0.0
2.064979783309882e-43,0.9999999999999966,0.0,0.0
2.0393281924707456e-43,0.9999999999999966,0.0,0.0
2.0139952508105975e-43,0.9999999999999966,0.0,0.0
1.988977000005764e-43,0.9999999999999966,0.0,0.0
1.964269530903659e-43,0.9999999999999966,0.0,0.0
1.939868982911969e-43,0.9999999999999966,0.0,0.0
1.9157715433954283e-43,0.9999999999999966,0.0,0.0
1.8919734470800875e-43,0.9999999999999966,0.0,0.0
1.868470975464981e-43,0.9999999999999966,0.0,0.0
1.8452604562411052e-43,0.9999999999999966,0.0,0.0
1.8223382627176102e-43,0.9999999999999966,0.0,0.0
1.7997008132551233e-43,0.9999999999999966,0.0,0.0
1.7773445707061117e-43,0.9999999999999966,0.0,0.0
1.7552660418621945e-43,0.9999999999999966,0.0,0.0
1.733461776908322e-43,0.9999999999999966,0.0,0.0
1.7119283688837354e-43,0.9999999999999966,0.0,0.0
1.6906624531496222e-43,0.9999999999999966,0.0,0.0
1.6696607068633844e-43,0.9999999999999966,0.0,0.0
1.6489198484594379e-43,0.9999999999999966,0.0,0.0
1.6284366371364606e-43,0.9999999999999966,0.0,0.0
1.6082078723510116e-43,0.9999999999999966,0.0,0.0
1.5882303933174381e-43,0.9999999999999966,0.0,0.0
1.5685010785139986e-43,0.9999999999999966,0.0,0.0
1.5490168451951161e-43,0.9999999999999966,0.0,0.0
1.5297746489096953e-43,0.9999999999999966,0.0,0.0
1.5107714830254189e-43,0.9999999999999966,0.0,0.0
1.4920043782589567e-43,0.9999999999999966,0.0,0.0
1.4734704022120079e-43,0.9999999999999966,0.0,0.0
1.455166658913109e-43,0.9999999999999966,0.0,0.0
1.4370902883651315e-43,0.9999999999999966,0.0,0.0
1.4192384660984014e-43,0.9999999999999966,0.0,0.0
1.4016084027293712e-43,0.9999999999999966,0.0,0.0
1.3841973435247718e-43,0.9999999999999966,0.0,0.0
1.3670025679711807e-43,0.9999999999999966,0.0,0.0
1.3500213893499354e-43,0.9999999999999966,0.0,0.0
1.3332511543173294e-43,0.9999999999999966,0.0,0.0
1.3166892424900202e-43,0.9999999999999966,0.0,0.0
1.3003330660355907e-43,0.9999999999999966,0.0,0.0
1.2841800692681938e-43,0.9999999999999966,0.0,0.0
1.2682277282492223e-43,0.9999999999999966,0.0,0.0
1.2524735503929374e-43,0.9999999999999966,0.0,0.0
1.2369150740769986e-43,0.9999999999999966,0.0,0.0
1.2215498682578279e-43,0.9999999999999966,0.0,0.0
1.2063755320907562e-43,0.9999999999999966,0.0,0.0
1.1913896945548866e-43,0.9999999999999966,0.0,0.0
1.176590014082616e-43,0.9999999999999966,0.0,0.0
1.1619741781937607e-43,0.9999999999999966,0.0,0.0
1.1475399031342286e-43,0.9999999999999966,0.0,0.0
1.1332849335191756e-43,0.9999999999999966,0.0,0.0
1.1192070419805983e-43,0.9999999999999966,0.0,0.0
1.105304028819303e-43,0.9999999999999966,0.0,0.0
1.091573721661198e-43,0.9999999999999966,0.0,0.0
1.0780139751178567e-43,0.9999999999999966,0.0,0.0
1.0646226704512946e-43,0.9999999999999966,0.0,0.0
1.0513977152429137e-43,0.9999999999999966,0.0,0.0
1.0383370430665573e-43,0.9999999999999966,0.0,0.0
1.0254386131656264e-43,0.9999999999999966,0.0,0.0
1.0127004101342081e-43,0.9999999999999966,0.0,0.0
1.0001204436021631e-43,0.9999999999999966,0.0,0.0
9.876967479241274e-44,0.9999999999999966,0.0,0.0
9.75427381872376e-44,0.9999999999999966,0.0,0.0
9.633104283335019e-44,0.9999999999999966,0.0,0.0
9.513439940088634e-44,0.9999999999999966,0.0,0.0
9.39526209118752e-44,0.9999999999999966,0.0,0.0
9.27855227110236e-44,0.9999999999999966,0.0,0.0
9.163292243686324e-44,0.9999999999999966,0.0,0.0
9.04946399932564e-44,0.9999999999999966,0.0,0.0
8.937049752125546e-44,0.9999999999999966,0.0,0.0
8.826031937131216e-44,0.9999999999999966,0.0,0.0
8.716393207583198e-44,0.9999999999999966,0.0,0.0
8.608116432206943e-44,0.9999999999999966,0.0,0.0
8.501184692536017e-44,0.9999999999999966,0.0,0.0
8.395581280268549e-44,0.9999999999999966,0.0,0.0
8.291289694656525e-44,0.9999999999999966,0.0,0.0
8.188293639927519e-44,0.9999999999999966,0.0,0.0
8.086577022738439e-44,0.9999999999999966,0.0,0.0
7.98612394966091e-44,0.9999999999999966,0.0,0.0
7.886918724697899e-44,0.9999999999999966,0.0,0.0
7.788945846831175e-44,0.9999999999999966,0.0,0.0
7.692190007599252e-44,0.9999999999999966,0.0,0.0
7.596636088705404e-44,0.9999999999999966,0.0,0.0
7.502269159655405e-44,0.9999999999999966,0.0,0.0
7.409074475424605e-44,0.9999999999999966,0.0,0.0
7.317037474153993e-44,0.9999999999999966,0.0,0.0
7.226143774874876e-44,0.9999999999999966,0.0,0.0
7.136379175261824e-44,0.9999999999999966,0.0,0.0
7.047729649413522e-44,0.9999999999999966,0.0,0.0
6.960181345661207e-44,0.9999999999999966,0.0,0.0
6.873720584404302e-44,0.9999999999999966,0.0,0.0
6.788333855972962e-44,0.9999999999999966,0.0,0.0
6.704007818517155e-44,0.9999999999999966,0.0,0.0
6.62072929592197e-44,0.9999999999999966,0.0,0.0
6.5384852757488275e-44,0.9999999999999966,0.0,0.0
6.45726290720225e-44,0.9999999999999966,0.0,0.0
6.377049499121912e-44,0.9999999999999966,0.0,0.0
6.297832517999611e-44,0.9999999999999966,0.0,0.0
6.21959958602088e-44,0.9999999999999966,0.0,0.0
6.142338479130942e-44,0.9999999999999966,0.0,0.0
6.066037125124655e-44,0.9999999999999966,0.0,0.0
5.990683601760231e-44,0.9999999999999966,0.0,0.0
5.916266134896335e-44,0.9999999999999966,0.0,0.0
5.842773096652375e-44,0.9999999999999966,0.0,0.0
5.770193003591604e-44,0.9999999999999966,0.0,0.0
5.698514514926824e-44,0.9999999999999966,0.0,0.0
5.627726430748353e-44,0.9999999999999966,0.0,0.0
5.557817690274023e-44,0.9999999999999966,0.0,0.0
5.488777370120908e-44,0.9999999999999966,0.0,0.0
5.420594682598528e-44,0.9999999999999966,0.0,0.0
5.353258974023241e-44,0.9999999999999966,0.0,0.0
5.286759723053589e-44,0.9999999999999966,0.0,0.0
5.221086539046323e-44,0.9999999999999966,0.0,0.0
5.15622916043283e-44,0.9999999999999966,0.0,0.0
5.092177453115753e-44,0.9999999999999966,0.0,0.0
5.028921408885513e-44,0.9999999999999966,0.0,0.0
4.96645114385651e-44,0.9999999999999966,0.0,0.0
4.904756896922737e-44,0.9999999999999966,0.0,0.0
4.843829028232599e-44,0.9999999999999966,0.0,0.0
4.783658017682659e-44,0.9999999999999966,0.0,0.0
4.724234463430101e-44,0.9999999999999966,0.0,0.0
4.665549080423681e-44,0.9999999999999966,0.0,0.0
4.607592698952911e-44,0.9999999999999966,0.0,0.0
4.550356263215276e-44,0.9999999999999966,0.0,0.0
4.493830829901248e-44,0.9999999999999966,0.0,0.0
4.438007566796873e-44,0.9999999999999966,0.0,0.0
4.3828777514037213e-44,0.9999999999999966,0.0,0.0
4.3284327695759792e-44,0.9999999999999966,0.0,0.0
4.2746641141744705e-44,0.9999999999999966,0.0,0.0
4.2215633837373977e-44,0.9999999999999966,0.0,0.0
4.169122281167601e-44,0.9999999999999966,0.0,0.0
4.1173326124361134e-44,0.9999999999999966,0.0,0.0
4.066186285301833e-44,0.9999999999999966,0.0,0.0
4.01567530804709e-44,0.9999999999999966,0.0,0.0
3.965791788228926e-44,0.9999999999999966,0.0,0.0
3.9165279314458845e-44,0.9999999999999966,0.0,0.0
3.8678760401201176e-44,0.9999999999999966,0.0,0.0
3.8198285122946253e-44,0.9999999999999966,0.0,0.0
3.7723778404454356e-44,0.9999999999999966,0.0,0.0
3.7255166103085355e-44,0.9999999999999966,0.0,0.0
3.6792374997213787e-44,0.9999999999999966,0.0,0.0
3.6335332774787844e-44,0.9999999999999966,0.0,0.0
3.5883968022030436e-44,0.9999999999999966,0.0,0.0
3.5438210212280667e-44,0.9999999999999966,0.0,0.0
3.4997989694973886e-44,0.9999999999999966,0.0,0.0
3.456323768475866e-44,0.9999999999999966,0.0,0.0
3.4133886250748913e-44,0.9999999999999966,0.0,0.0
3.3709868305909576e-44,0.9999999999999966,0.0,0.0
3.329111759657414e-44,0.9999999999999966,0.0,0.0
3.287756869209233e-44,0.9999999999999966,0.0,0.0
3.246915697460648e-44,0.9999999999999966,0.0,0.0
3.206581862895484e-44,0.9999999999999966,0.0,0.0
3.166749063270033e-44,0.9999999999999966,0.0,0.0
3.127411074628315e-44,0.9999999999999966,0.0,0.0
3.0885617503295746e-44,0.9999999999999966,0.0,0.0
3.050195020087852e-44,0.9999999999999966,0.0,0.0
3.0123048890234924e-44,0.9999999999999966,0.0,0.0
2.974885436726431e-44,0.9999999999999966,0.0,0.0
2.9379308163311185e-44,0.9999999999999966,0.0,0.0
2.901435253602936e-44,0.9999999999999966,0.0,0.0
2.865393046035958e-44,0.9999999999999966,0.0,0.0
2.8297985619619267e-44,0.9999999999999966,0.0,0.0
2.7946462396702897e-44,0.9999999999999966,0.0,0.0
2.759930586539174e-44,0.9999999999999966,0.0,0.0
2.7256461781771495e-44,0.9999999999999966,0.0,0.0
2.691787657575661e-44,0.9999999999999966,0.0,0.0
2.65834973427198e-44,0.9999999999999966,0.0,0.0
2.625327183522563e-44,0.9999999999999966,0.0,0.0
2.5927148454866717e-44,0.9999999999999966,0.0,0.0
2.560507624420141e-44,0.9999999999999966,0.0,0.0
2.5287004878791546e-44,0.9999999999999966,0.0,0.0
2.497288465933918e-44,0.9999999999999966,0.0,0.0
2.4662666503920955e-44,0.9999999999999966,0.0,0.0
2.435630194031897e-44,0.9999999999999966,0.0,0.0
2.405374309844688e-44,0.9999999999999966,0.0,0.0
2.3754942702870093e-44,0.9999999999999966,0.0,0.0
2.3459854065418914e-44,0.9999999999999966,0.0,0.0
2.316843107789339e-44,0.9999999999999966,0.0,0.0
2.2880628204858843e-44,0.9999999999999966,0.0,0.0
2.259640047653083e-44,0.9999999999999966,0.0,0.0
2.2315703481748556e-44,0.9999999999999966,0.0,0.0
2.2038493361035525e-44,0.9999999999999966,0.0,0.0
2.1764726799746402e-44,0.9999999999999966,0.0,0.0
2.1494361021299022e-44,0.9999999999999966,0.0,0.0
2.1227353780490455e-44,0.9999999999999966,0.0,0.0
2.0963663356896116e-44,0.9999999999999966,0.0,0.0
2.070324854835085e-44,0.9999999999999966,0.0,0.0
2.0446068664511018e-44,0.9999999999999966,0.0,0.0
2.0192083520496552e-44,0.9999999999999966,0.0,0.0
1.994125343061198e-44,0.9999999999999966,0.0,0.0
1.9693539202145454e-44,0.9999999999999966,0.0,0.0
1.9448902129244816e-44,0.9999999999999966,0.0,0.0
1.920730398686972e-44,0.9999999999999966,0.0,0.0
1.8968707024818907e-44,0.9999999999999966,0.0,0.0
1.8733073961831636e-44,0.9999999999999966,0.0,0.0
1.8500367979762429e-44,0.9999999999999966,0.0,0.0
1.8270552717828163e-44,0.9999999999999966,0.0,0.0
1.8043592266926613e-44,0.9999999999999966,0.0,0.0
1.7819451164025587e-44,0.9999999999999966,0.0,0.0
1.7598094386621749e-44,0.9999999999999966,0.0,0.0
1.737948734726829e-44,0.9999999999999966,0.0,0.0
1.7163595888170566e-44,0.9999999999999966,0.0,0.0
1.6950386275848874e-44,0.9999999999999966,0.0,0.0
1.6739825195867522e-44,0.9999999999999966,0.0,0.0
1.653187974762939e-44,0.9999999999999966,0.0,0.0
1.6326517439235134e-44,0.9999999999999966,0.0,0.0
1.6123706182406264e-44,0.9999999999999966,0.0,0.0
1.5923414287471296e-44,0.9999999999999966,0.0,0.0
1.572561045841416e-44,0.9999999999999966,0.0,0.0
1.5530263787984145e-44,0.9999999999999966,0.0,0.0
1.533734375286657e-44,0.9999999999999966,0.0,0.0
1.5146820208913466e-44,0.9999999999999966,0.0,0.0
1.4958663386433474e-44,0.9999999999999966,0.0,0.0
1.4772843885540287e-44,0.9999999999999966,0.0,0.0
1.4589332671558855e-44,0.9999999999999966,0.0,0.0
1.440810107048864e-44,0.9999999999999966,0.0,0.0
1.4229120764523275e-44,0.9999999999999966,0.0,0.0
1.4052363787625825e-44,0.9999999999999966,0.0,0.0
1.3877802521159045e-44,0.9999999999999966,0.0,0.0
1.370540968956991e-44,0.9999999999999966,0.0,0.0
1.3535158356127765e-44,0.9999999999999966,0.0,0.0
1.336702191871539e-44,0.9999999999999966,0.0,0.0
1.3200974105672373e-44,0.9999999999999966,0.0,0.0
1.3036988971690106e-44,0.9999999999999966,0.0,0.0
1.2875040893757792e-44,0.9999999999999966,0.0,0.0
1.2715104567158772e-44,0.9999999999999966,0.0,0.0
1.2557155001516635e-44,0.9999999999999966,0.0,0.0
1.240116751689041e-44,0.9999999999999966,0.0,0.0
1.2247117739918274e-44,0.9999999999999966,0.0,0.0
1.2094981600009167e-44,0.9999999999999966,0.0,0.0
1.1944735325581713e-44,0.9999999999999966,0.0,0.0
1.1796355440349872e-44,0.9999999999999966,0.0,0.0
1.1649818759654695e-44,0.9999999999999966,0.0,0.0
1.1505102386841708e-44,0.9999999999999966,0.0,0.0
1.136218370968324e-44,0.9999999999999966,0.0,0.0
1.122104039684522e-44,0.9999999999999966,0.0,0.0
1.1081650394397869e-44,0.9999999999999966,0.0,0.0
1.0943991922369725e-44,0.9999999999999966,0.0,0.0
1.0808043471344473e-44,0.9999999999999966,0.0,0.0
1.0673783799100059e-44,0.9999999999999966,0.0,0.0
1.0541191927289551e-44,0.9999999999999966,0.0,0.0
1.0410247138163225e-44,0.9999999999999966,0.0,0.0
1.0280928971331382e-44,0.9999999999999966,0.0,0.0
1.0153217220567361e-44,0.9999999999999966,0.0,0.0
1.0027091930650283e-44,0.9999999999999966,0.0,0.0
9.902533394247e-45,0.9999999999999966,0.0,0.0
9.779522148832794e-45,0.9999999999999966,0.0,0.0
9.658038973650307e-45,0.9999999999999966,0.0,0.0
9.538064886706264e-45,0.9999999999999966,0.0,0.0
9.419581141805502e-45,0.9999999999999966,0.0,0.0
9.302569225621828e-45,0.9999999999999966,0.0,0.0
9.187010854805284e-45,0.9999999999999966,0.0,0.0
9.072887973125331e-45,0.9999999999999966,0.0,0.0
8.960182748649532e-45,0.9999999999999966,0.0,0.0
8.848877570957264e-45,0.9999999999999966,0.0,0.0
8.738955048388073e-45,0.9999999999999966,0.0,0.0
8.630398005324172e-45,0.9999999999999966,0.0,0.0
8.523189479506731e-45,0.9999999999999966,0.0,0.0
8.417312719385479e-45,0.9999999999999966,0.0,0.0
8.312751181501245e-45,0.9999999999999966,0.0,0.0
8.20948852790101e-45,0.9999999999999966,0.0,0.0
8.107508623585066e-45,0.9999999999999966,0.0,0.0
8.006795533985893e-45,0.9999999999999966,0.0,0.0
7.907333522478341e-45,0.9999999999999966,0.0,0.0
7.809107047920764e-45,0.9999999999999966,0.0,0.0
7.712100762226674e-45,0.9999999999999966,0.0,0.0
7.616299507966578e-45,0.9999999999999966,0.0,0.0
7.521688315999594e-45,0.9999999999999966,0.0,0.0
7.428252403134495e-45,0.9999999999999966,0.0,0.0
7.335977169819805e-45,0.9999999999999966,0.0,0.0
7.24484819786259e-45,0.9999999999999966,0.0,0.0
7.154851248175584e-45,0.9999999999999966,0.0,0.0
7.065972258552303e-45,0.9999999999999966,0.0,0.0
6.978197341469799e-45,0.9999999999999966,0.0,0.0
6.891512781918706e-45,0.9999999999999966,0.0,0.0
6.805905035260235e-45,0.9999999999999966,0.0,0.0
6.721360725109807e-45,0.9999999999999966,0.0,0.0
6.637866641246961e-45,0.9999999999999966,0.0,0.0
6.555409737551229e-45,0.9999999999999966,0.0,0.0
6.473977129963652e-45,0.9999999999999966,0.0,0.0
6.393556094473624e-45,0.9999999999999966,0.0,0.0
6.314134065130739e-45,0.9999999999999966,0.0,0.0
6.23569863208133e-45,0.9999999999999966,0.0,0.0
6.158237539629411e-45,0.9999999999999966,0.0,0.0
6.081738684321695e-45,0.9999999999999966,0.0,0.0
6.006190113056407e-45,0.9999999999999966,0.0,0.0
5.931580021215586e-45,0.9999999999999966,0.0,0.0
5.857896750820592e-45,0.9999999999999966,0.0,0.0
5.785128788710522e-45,0.9999999999999966,0.0,0.0
5.713264764743252e-45,0.9999999999999966,0.0,0.0
5.642293450018833e-45,0.9999999999999966,0.0,0.0
5.5722037551249527e-45,0.9999999999999966,0.0,0.0
5.5029847284041895e-45,0.9999999999999966,0.0,0.0
5.434625554242795e-45,0.9999999999999966,0.0,0.0
5.367115551380733e-45,0.9999999999999966,0.0,0.0
5.300444171242711e-45,0.9999999999999966,0.0,0.0
5.234600996289943e-45,0.9999999999999966,0.0,0.0
5.169575738392387e-45,0.9999999999999966,0.0,0.0
5.1053582372212067e-45,0.9999999999999966,0.0,0.0
5.041938458661195e-45,0.9999999999999966,0.0,0.0
4.979306493242929e-45,0.9999999999999966,0.0,0.0
4.9174525545943914e-45,0.9999999999999966,0.0,0.0
4.856366977911827e-45,0.9999999999999966,0.0,0.0
4.7960402184496045e-45,0.9999999999999966,0.0,0.0
4.7364628500288274e-45,0.9999999999999966,0.0,0.0
4.677625563564471e-45,0.9999999999999966,0.0,0.0
4.619519165610824e-45,0.9999999999999966,0.0,0.0
4.5621345769249916e-45,0.9999999999999966,0.0,0.0
4.5054628310482454e-45,0.9999999999999966,0.0,0.0
4.449495072904997e-45,0.9999999999999966,0.0,0.0
4.3942225574191715e-45,0.9999999999999966,0.0,0.0
4.3396366481477766e-45,0.9999999999999966,0.0,0.0
4.285728815931434e-45,0.9999999999999966,0.0,0.0
4.2324906375616894e-45,0.9999999999999966,0.0,0.0
4.179913794464861e-45,0.9999999999999966,0.0,0.0
4.12799007140225e-45,0.9999999999999966,0.0,0.0
4.076711355186491e-45,0.9999999999999966,0.0,0.0
4.026069633413851e-45,0.9999999999999966,0.0,0.0
3.9760569932122765e-45,0.9999999999999966,0.0,0.0
3.926665620004987e-45,0.9999999999999966,0.0,0.0
3.8778877962894335e-45,0.9999999999999966,0.0,0.0
3.8297159004314256e-45,0.9999999999999966,0.0,0.0
3.782142405474231e-45,0.9999999999999966,0.0,0.0
3.735159877962477e-45,0.9999999999999966,0.0,0.0
3.688760976780658e-45,0.9999999999999966,0.0,0.0
3.642938452006065e-45,0.9999999999999966,0.0,0.0
3.59768514377598e-45,0.9999999999999966,0.0,0.0
3.552993981168926e-45,0.9999999999999966,0.0,0.0
3.5088579810998245e-45,0.9999999999999966,0.0,0.0
3.465270247228871e-45,0.9999999999999966,0.0,0.0
3.422223968883972e-45,0.9999999999999966,0.0,0.0
3.37971241999656e-45,0.9999999999999966,0.0,0.0
3.3377289580506326e-45,0.9999999999999966,0.0,0.0
3.296267023044849e-45,0.9999999999999966,0.0,0.0
3.255320136467512e-45,0.9999999999999966,0.0,0.0
3.214881900284289e-45,0.9999999999999966,0.0,0.0
3.174945995938507e-45,0.9999999999999966,0.0,0.0
3.135506183363865e-45,0.9999999999999966,0.0,0.0
3.096556300009408e-45,0.9999999999999966,0.0,0.0
3.058090259876621e-45,0.9999999999999966,0.0,0.0
3.0201020525684766e-45,0.9999999999999966,0.0,0.0
2.9825857423502977e-45,0.9999999999999966,0.0,0.0
2.945535467222287e-45,0.9999999999999966,0.0,0.0
2.908945438003579e-45,0.9999999999999966,0.0,0.0
2.8728099374276673e-45,0.9999999999999966,0.0,0.0
2.8371233192490716e-45,0.9999999999999966,0.0,0.0
2.8018800073610986e-45,0.9999999999999966,0.0,0.0
2.767074494924565e-45,0.9999999999999966,0.0,0.0
2.7327013435073424e-45,0.9999999999999966,0.0,0.0
2.6987551822345913e-45,0.9999999999999966,0.0,0.0
2.6652307069495507e-45,0.9999999999999966,0.0,0.0
2.632122679384754e-45,0.9999999999999966,0.0,0.0
2.5994259263435373e-45,0.9999999999999966,0.0,0.0
2.5671353388917177e-45,0.9999999999999966,0.0,0.0
2.5352458715593123e-45,0.9999999999999966,0.0,0.0
2.5037525415521735e-45,0.9999999999999966,0.0,0.0
2.472650427973415e-45,0.9999999999999966,0.0,0.0
2.441934671054515e-45,0.9999999999999966,0.0,0.0
2.411600471395965e-45,0.9999999999999966,0.0,0.0
2.381643089217355e-45,0.9999999999999966,0.0,0.0
2.352057843616773e-45,0.9999999999999966,0.0,0.0
2.3228401118394036e-45,0.9999999999999966,0.0,0.0
2.293985328555215e-45,0.9999999999999966,0.0,0.0
2.265488985145615e-45,0.9999999999999966,0.0,0.0
2.2373466289989715e-45,0.9999999999999966,0.0,0.0
2.2095538628148828e-45,0.9999999999999966,0.0,0.0
2.182106343917089e-45,0.9999999999999966,0.0,0.0
2.154999783574922e-45,0.9999999999999966,0.0,0.0
2.1282299463331812e-45,0.9999999999999966,0.0,0.0
2.101792649350336e-45,0.9999999999999966,0.0,0.0
2.0756837617449466e-45,0.9999999999999966,0.0,0.0
2.0498992039502078e-45,0.9999999999999966,0.0,0.0
2.024434947076507e-45,0.9999999999999966,0.0,0.0
1.9992870122819017e-45,0.9999999999999966,0.0,0.0
1.974451470150418e-45,0.9999999999999966,0.0,0.0
1.9499244400780716e-45,0.9999999999999966,0.0,0.0
1.925702089666514e-45,0.9999999999999966,0.0,0.0
1.901780634124214e-45,0.9999999999999966,0.0,0.0
1.878156335675077e-45,0.9999999999999966,0.0,0.0
1.8548255029744073e-45,0.9999999999999966,0.0,0.0
1.83178449053213e-45,0.9999999999999966,0.0,0.0
1.8090296981431752e-45,0.9999999999999966,0.0,0.0
1.786557570324938e-45,0.9999999999999966,0.0,0.0
1.7643645957617295e-45,0.9999999999999966,0.0,0.0
1.742447306756123e-45,0.9999999999999966,0.0,0.0
1.7208022786871212e-45,0.9999999999999966,0.0,0.0
1.6994261294750535e-45,0.9999999999999966,0.0,0.0
1.6783155190531164e-45,0.9999999999999966,0.0,0.0
1.657467148845483e-45,0.9999999999999966,0.0,0.0
1.6368777612518934e-45,0.9999999999999966,0.0,0.0
1.616544139138648e-45,0.9999999999999966,0.0,0.0
1.5964631053359236e-45,0.9999999999999966,0.0,0.0
1.5766315221413348e-45,0.9999999999999966,0.0,0.0
1.557046290829661e-45,0.9999999999999966,0.0,0.0
1.5377043511686646e-45,0.9999999999999966,0.0,0.0
1.5186026809409235e-45,0.9999999999999966,0.0,0.0
1.4997382954716027e-45,0.9999999999999966,0.0,0.0
1.4811082471620943e-45,0.9999999999999966,0.0,0.0
1.4627096250294482e-45,0.9999999999999966,0.0,0.0
1.4445395542515246e-45,0.9999999999999966,0.0,0.0
1.4265951957177984e-45,0.9999999999999966,0.0,0.0
1.4088737455857423e-45,0.9999999999999966,0.0,0.0
1.3913724348427193e-45,0.9999999999999966,0.0,0.0
1.3740885288733204e-45,0.9999999999999966,0.0,0.0
1.3570193270320742e-45,0.9999999999999966,0.0,0.0
1.340162162221467e-45,0.9999999999999966,0.0,0.0
1.3235144004752018e-45,0.9999999999999966,0.0,0.0
1.3070734405466369e-45,0.9999999999999966,0.0,0.0
1.290836713502335e-45,0.9999999999999966,0.0,0.0
1.2748016823206626e-45,0.9999999999999966,0.0,0.0
1.258965841495375e-45,0.9999999999999966,0.0,0.0
1.2433267166441261e-45,0.9999999999999966,0.0,0.0
1.2278818641218407e-45,0.9999999999999966,0.0,0.0
1.2126288706388906e-45,0.9999999999999966,0.0,0.0
1.1975653528840128e-45,0.9999999999999966,0.0,0.0
1.1826889571519116e-45,0.9999999999999966,0.0,0.0
1.1679973589754886e-45,0.9999999999999966,0.0,0.0
1.1534882627626398e-45,0.9999999999999966,0.0,0.0
1.1391594014375635e-45,0.9999999999999966,0.0,0.0
1.1250085360865266e-45,0.9999999999999966,0.0,0.0
1.1110334556080285e-45,0.9999999999999966,0.0,0.0
1.097231976367313e-45,0.9999999999999966,0.0,0.0
1.08360194185517e-45,0.9999999999999966,0.0,0.0
1.0701412223509778e-45,0.9999999999999966,0.0,0.0
1.0568477145899283e-45,0.9999999999999966,0.0,0.0
1.043719341434389e-45,0.9999999999999966,0.0,0.0
1.030754051549345e-45,0.9999999999999966,0.0,0.0
1.0179498190818749e-45,0.9999999999999966,0.0,0.0
1.005304643344606e-45,0.9999999999999966,0.0,0.0
9.928165485031034e-46,0.9999999999999966,0.0,0.0
9.804835832671415e-46,0.9999999999999966,0.0,0.0
9.683038205858114e-46,0.9999999999999966,0.0,0.0
9.56275357346415e-46,0.9999999999999966,0.0,0.0
9.443963140770999e-46,0.9999999999999966,0.0,0.0
9.326648346531879e-46,0.9999999999999966,0.0,0.0
9.210790860071519e-46,0.9999999999999966,0.0,0.0
9.096372578421953e-46,0.9999999999999966,0.0,0.0
8.983375623493895e-46,0.9999999999999966,0.0,0.0
8.871782339283251e-46,0.9999999999999966,0.0,0.0
8.76157528911233e-46,0.9999999999999966,0.0,0.0
8.652737252905335e-46,0.9999999999999966,0.0,0.0
8.545251224497679e-46,0.9999999999999966,0.0,0.0
8.439100408978753e-46,0.9999999999999966,0.0,0.0
8.33426822006767e-46,0.9999999999999966,0.0,0.0
8.230738277521637e-46,0.9999999999999966,0.0,0.0
8.128494404576504e-46,0.9999999999999966,0.0,0.0
8.027520625419116e-46,0.9999999999999966,0.0,0.0
7.927801162691052e-46,0.9999999999999966,0.0,0.0
7.829320435023385e-46,0.9999999999999966,0.0,0.0
7.732063054602062e-46,0.9999999999999966,0.0,0.0
7.63601382476353e-46,0.9999999999999966,0.0,0.0
7.541157737620218e-46,0.9999999999999966,0.0,0.0
7.447479971715528e-46,0.9999999999999966,0.0,0.0
7.354965889707956e-46,0.9999999999999966,0.0,0.0
7.263601036083973e-46,0.9999999999999966,0.0,0.0
7.173371134899322e-46,0.9999999999999966,0.0,0.0
7.084262087548377e-46,0.9999999999999966,0.0,0.0
6.9962599705611965e-46,0.9999999999999966,0.0,0.0
6.9093510334279705e-46,0.9999999999999966,0.0,0.0
6.823521696450457e-46,0.9999999999999966,0.0,0.0
6.738758548620138e-46,0.9999999999999966,0.0,0.0
6.655048345522719e-46,0.9999999999999966,0.0,0.0
6.572378007268661e-46,0.9999999999999966,0.0,0.0
6.490734616449424e-46,0.9999999999999966,0.0,0.0
6.410105416119092e-46,0.9999999999999966,0.0,0.0
6.3304778078010776e-46,0.9999999999999966,0.0,0.0
6.251839349519582e-46,0.9999999999999966,0.0,0.0
6.174177753855513e-46,0.9999999999999966,0.0,0.0
6.09748088602655e-46,0.9999999999999966,0.0,0.0
6.0217367619910584e-46,0.9999999999999966,0.0,0.0
5.946933546575559e-46,0.9999999999999966,0.0,0.0
5.873059551625461e-46,0.9999999999999966,0.0,0.0
5.80010323417876e-46,0.9999999999999966,0.0,0.0
5.7280531946624275e-46,0.9999999999999966,0.0,0.0
5.656898175111208e-46,0.9999999999999966,0.0,0.0
5.586627057408535e-46,0.9999999999999966,0.0,0.0
5.517228861549305e-46,0.9999999999999966,0.0,0.0
5.448692743924225e-46,0.9999999999999966,0.0,0.0
5.381007995625486e-46,0.9999999999999966,0.0,0.0
5.314164040773464e-46,0.9999999999999966,0.0,0.0
5.248150434864221e-46,0.9999999999999966,0.0,0.0
5.182956863137535e-46,0.9999999999999966,0.0,0.0
5.118573138965187e-46,0.9999999999999966,0.0,0.0
5.054989202259293e-46,0.9999999999999966,0.0,0.0
4.992195117900382e-46,0.9999999999999966,0.0,0.0
4.9301810741850215e-46,0.9999999999999966,0.0,0.0
4.868937381292718e-46,0.9999999999999966,0.0,0.0
4.8084544697718575e-46,0.9999999999999966,0.0,0.0
4.748722889044467e-46,0.9999999999999966,0.0,0.0
4.689733305929536e-46,0.9999999999999966,0.0,0.0
4.631476503184692e-46,0.9999999999999966,0.0,0.0
4.573943378065986e-46,0.9999999999999966,0.0,0.0
4.5171249409055685e-46,0.9999999999999966,0.0,0.0
4.461012313707039e-46,0.9999999999999966,0.0,0.0
4.40559672875824e-46,0.9999999999999966,0.0,0.0
4.350869527261283e-46,0.9999999999999966,0.0,0.0
4.296822157979593e-46,0.9999999999999966,0.0,0.0
4.2434461759017644e-46,0.9999999999999966,0.0,0.0
4.190733240922006e-46,0.9999999999999966,0.0,0.0
4.138675116536986e-46,0.9999999999999966,0.0,0.0
4.087263668558858e-46,0.9999999999999966,0.0,0.0
4.0364908638442834e-46,0.9999999999999966,0.0,0.0
3.9863487690392285e-46,0.9999999999999966,0.0,0.0
3.93682954933937e-46,0.9999999999999966,0.0,0.0
3.8879254672658844e-46,0.9999999999999966,0.0,0.0
3.839628881456455e-46,0.9999999999999966,0.0,0.0
3.791932245471293e-46,0.9999999999999966,0.0,0.0
3.7448281066139876e-46,0.9999999999999966,0.0,0.0
3.698309104767012e-46,0.9999999999999966,0.0,0.0
3.652367971241688e-46,0.9999999999999966,0.0,0.0
3.606997527642435e-46,0.9999999999999966,0.0,0.0
3.5621906847451385e-46,0.9999999999999966,0.0,0.0
3.517940441389438e-46,0.9999999999999966,0.0,0.0
3.4742398833847834e-46,0.9999999999999966,0.0,0.0
3.431082182430081e-46,0.9999999999999966,0.0,0.0
3.388460595046754e-46,0.9999999999999966,0.0,0.0
3.3463684615250613e-46,0.9999999999999966,0.0,0.0
3.3047992048835066e-46,0.9999999999999966,0.0,0.0
3.2637463298411687e-46,0.9999999999999966,0.0,0.0
3.2232034218028024e-46,0.9999999999999966,0.0,0.0
3.183164145856544e-46,0.9999999999999966,0.0,0.0
3.1436222457840695e-46,0.9999999999999966,0.0,0.0
3.104571543083045e-46,0.9999999999999966,0.0,0.0
3.066005936001728e-46,0.9999999999999966,0.0,0.0
3.027919398585552e-46,0.9999999999999966,0.0,0.0
2.9903059797355603e-46,0.9999999999999966,0.0,0.0
2.9531598022785347e-46,0.9999999999999966,0.0,0.0
2.916475062048676e-46,0.9999999999999966,0.0,0.0
2.8802460269806896e-46,0.9999999999999966,0.0,0.0
2.8444670362141398e-46,0.9999999999999966,0.0,0.0
2.809132499208929e-46,0.9999999999999966,0.0,0.0
2.7742368948717635e-46,0.9999999999999966,0.0,0.0
2.7397747706934723e-46,0.9999999999999966,0.0,0.0
2.705740741897041e-46,0.9999999999999966,0.0,0.0
2.67212949059623e-46,0.9999999999999966,0.0,0.0
2.6389357649646417e-46,0.9999999999999966,0.0,0.0
2.6061543784151166e-46,0.9999999999999966,0.0,0.0
2.5737802087893134e-46,0.9999999999999966,0.0,0.0
2.5418081975573654e-46,0.9999999999999966,0.0,0.0
2.510233349027471e-46,0.9999999999999966,0.0,0.0
2.47905072956531e-46,0.9999999999999966,0.0,0.0
2.4482554668231526e-46,0.9999999999999966,0.0,0.0
2.4178427489785438e-46,0.9999999999999966,0.0,0.0
2.3878078239824463e-46,0.9999999999999966,0.0,0.0
2.3581459988167254e-46,0.9999999999999966,0.0,0.0
2.3288526387608533e-46,0.9999999999999966,0.0,0.0
2.299923166667726e-46,0.9999999999999966,0.0,0.0
2.2713530622484723e-46,0.9999999999999966,0.0,0.0
2.243137861366153e-46,0.9999999999999966,0.0,0.0
2.2152731553382276e-46,0.9999999999999966,0.0,0.0
2.1877545902476894e-46,0.9999999999999966,0.0,0.0
2.160577866262758e-46,0.9999999999999966,0.0,0.0
2.1337387369650213e-46,0.9999999999999966,0.0,0.0
2.1072330086859238e-46,0.9999999999999966,0.0,0.0
2.0810565398514963e-46,0.9999999999999966,0.0,0.0
2.05520524033523e-46,0.9999999999999966,0.0,0.0
2.0296750708189812e-46,0.9999999999999966,0.0,0.0
2.0044620421618236e-46,0.9999999999999966,0.0,0.0
1.9795622147767347e-46,0.9999999999999966,0.0,0.0
1.954971698015028e-46,0.9999999999999966,0.0,0.0
1.9306866495584313e-46,0.9999999999999966,0.0,0.0
1.9067032748187167e-46,0.9999999999999966,0.0,0.0
1.883017826344788e-46,0.9999999999999966,0.0,0.0
1.8596266032371344e-46,0.9999999999999966,0.0,0.0
1.8365259505695565e-46,0.9999999999999966,0.0,0.0
1.813712258818078e-46,0.9999999999999966,0.0,0.0
1.79118196329695e-46,0.9999999999999966,0.0,0.0
1.76893154360166e-46,0.9999999999999966,0.0,0.0
1.7469575230588633e-46,0.9999999999999966,0.0,0.0
1.7252564681831448e-46,0.9999999999999966,0.0,0.0
1.7038249881405308e-46,0.9999999999999966,0.0,0.0
1.6826597342186633e-46,0.9999999999999966,0.0,0.0
1.6617573993035571e-46,0.9999999999999966,0.0,0.0
1.6411147173628568e-46,0.9999999999999966,0.0,0.0
1.620728462935513e-46,0.9999999999999966,0.0,0.0
1.6005954506277964e-46,0.9999999999999966,0.0,0.0
1.5807125346155743e-46,0.9999999999999966,0.0,0.0
1.561076608152769e-46,0.9999999999999966,0.0,0.0
1.5416846030859223e-46,0.9999999999999966,0.0,0.0
1.5225334893747902e-46,0.9999999999999966,0.0,0.0
1.503620274618894e-46,0.9999999999999966,0.0,0.0
1.4849420035899493e-46,0.9999999999999966,0.0,0.0
1.4664957577701083e-46,0.9999999999999966,0.0,0.0
1.4482786548959331e-46,0.9999999999999966,0.0,0.0
1.4302878485080384e-46,0.9999999999999966,0.0,0.0
1.4125205275063245e-46,0.9999999999999966,0.0,0.0
1.394973915710738e-46,0.9999999999999966,0.0,0.0
1.3776452714274882e-46,0.9999999999999966,0.0,0.0
1.3605318870206512e-46,0.9999999999999966,0.0,0.0
1.3436310884890976e-46,0.9999999999999966,0.0,0.0
1.3269402350486728e-46,0.9999999999999966,0.0,0.0
1.31045671871957e-46,0.9999999999999966,0.0,0.0
1.2941779639188277e-46,0.9999999999999966,0.0,0.0
1.2781014270578904e-46,0.9999999999999966,0.0,0.0
1.262224596145166e-46,0.9999999999999966,0.0,0.0
1.2465449903935242e-46,0.9999999999999966,0.0,0.0
1.2310601598326668e-46,0.9999999999999966,0.0,0.0
1.2157676849263155e-46,0.9999999999999966,0.0,0.0
1.2006651761941543e-46,0.9999999999999966,0.0,0.0
1.1857502738384688e-46,0.9999999999999966,0.0,0.0
1.171020647375422e-46,0.9999999999999966,0.0,0.0
1.1564739952709121e-46,0.9999999999999966,0.0,0.0
1.1421080445809538e-46,0.9999999999999966,0.0,0.0
1.1279205505965248e-46,0.9999999999999966,0.0,0.0
1.1139092964928263e-46,0.9999999999999966,0.0,0.0
1.1000720929828992e-46,0.9999999999999966,0.0,0.0
1.086406777975544e-46,0.9999999999999966,0.0,0.0
1.0729112162374897e-46,0.9999999999999966,0.0,0.0
1.0595832990597581e-46,0.9999999999999966,0.0,0.0
1.0464209439281756e-46,0.9999999999999966,0.0,0.0
1.0334220941979747e-46,0.9999999999999966,0.0,0.0
1.0205847187724394e-46,0.9999999999999966,0.0,0.0
1.0079068117855424e-46,0.9999999999999966,0.0,0.0
9.953863922885244e-47,0.9999999999999966,0.0,0.0
9.830215039403668e-47,0.9999999999999966,0.0,0.0
9.708102147021098e-47,0.9999999999999966,0.0,0.0
9.587506165349662e-47,0.9999999999999966,0.0,0.0
9.468408251021879e-47,0.9999999999999966,0.0,0.0
9.350789794746335e-47,0.9999999999999966,0.0,0.0
9.23463241839995e-47,0.9999999999999966,0.0,0.0
9.119917972156351e-47,0.9999999999999966,0.0,0.0
9.006628531649934e-47,0.9999999999999966,0.0,0.0
8.894746395175136e-47,0.9999999999999966,0.0,0.0
8.784254080920516e-47,0.9999999999999966,0.0,0.0
8.675134324237178e-47,0.9999999999999966,0.0,0.0
8.567370074941144e-47,0.9999999999999966,0.0,0.0
8.4609444946492175e-47,0.9999999999999966,0.0,0.0
8.355840954147962e-47,0.9999999999999966,0.0,0.0
8.252043030795346e-47,0.9999999999999966,0.0,0.0
8.149534505954673e-47,0.9999999999999966,0.0,0.0
8.04829936246039e-47,0.9999999999999966,0.0,0.0
7.948321782115366e-47,0.9999999999999966,0.0,0.0
7.849586143219273e-47,0.9999999999999966,0.0,0.0
7.752077018127661e-47,0.9999999999999966,0.0,0.0
7.655779170841355e-47,0.9999999999999966,0.0,0.0
7.560677554625806e-47,0.9999999999999966,0.0,0.0
7.466757309659999e-47,0.9999999999999966,0.0,0.0
7.374003760714583e-47,0.9999999999999966,0.0,0.0
7.282402414858832e-47,0.9999999999999966,0.0,0.0
7.191938959196098e-47,0.9999999999999966,0.0,0.0
7.1025992586273895e-47,0.9999999999999966,0.0,0.0
7.014369353642736e-47,0.9999999999999966,0.0,0.0
6.927235458139983e-47,0.9999999999999966,0.0,0.0
6.841183957270691e-47,0.9999999999999966,0.0,0.0
6.756201405312778e-47,0.9999999999999966,0.0,0.0
6.67227452356961e-47,0.9999999999999966,0.0,0.0
6.58939019829517e-47,0.9999999999999966,0.0,0.0
6.507535478645008e-47,0.9999999999999966,0.0,0.0
6.426697574652651e-47,0.9999999999999966,0.0,0.0
6.346863855231137e-47,0.9999999999999966,0.0,0.0
6.26802184619939e-47,0.9999999999999966,0.0,0.0
6.190159228333099e-47,0.9999999999999966,0.0,0.0
6.113263835439815e-47,0.9999999999999966,0.0,0.0
6.037323652457956e-47,0.9999999999999966,0.0,0.0
5.962326813579437e-47,0.9999999999999966,0.0,0.0
5.888261600395606e-47,0.9999999999999966,0.0,0.0
5.8151164400662175e-47,0.9999999999999966,0.0,0.0
5.742879903511163e-47,0.9999999999999966,0.0,0.0
5.671540703624643e-47,0.9999999999999966,0.0,0.0
5.601087693511539e-47,0.9999999999999966,0.0,0.0
5.531509864745688e-47,0.9999999999999966,0.0,0.0
5.462796345649793e-47,0.9999999999999966,0.0,0.0
5.3949363995967e-47,0.9999999999999966,0.0,0.0
5.327919423331781e-47,0.9999999999999966,0.0,0.0
5.261734945316151e-47,0.9999999999999966,0.0,0.0
5.196372624090471e-47,0.9999999999999966,0.0,0.0
5.131822246659074e-47,0.9999999999999966,0.0,0.0
5.068073726894162e-47,0.9999999999999966,0.0,0.0
5.005117103959827e-47,0.9999999999999966,0.0,0.0
4.942942540755654e-47,0.9999999999999966,0.0,0.0
4.88154032237965e-47,0.9999999999999966,0.0,0.0
4.820900854610278e-47,0.9999999999999966,0.0,0.0
4.761014662407326e-47,0.9999999999999966,0.0,0.0
4.701872388431429e-47,0.9999999999999966,0.0,0.0
4.6434647915819565e-47,0.9999999999999966,0.0,0.0
4.585782745553072e-47,0.9999999999999966,0.0,0.0
4.528817237407734e-47,0.9999999999999966,0.0,0.0
4.4725593661694e-47,0.9999999999999966,0.0,0.0
4.417000341431235e-47,0.9999999999999966,0.0,0.0
4.3621314819825925e-47,0.9999999999999966,0.0,0.0
4.3079442144525546e-47,0.9999999999999966,0.0,0.0
4.2544300719703286e-47,0.9999999999999966,0.0,0.0
4.20158069284228e-47,0.9999999999999966,0.0,0.0
4.149387819245401e-47,0.9999999999999966,0.0,0.0
4.0978432959370066e-47,0.9999999999999966,0.0,0.0
4.046939068980467e-47,0.9999999999999966,0.0,0.0
3.996667184486756e-47,0.9999999999999966,0.0,0.0
3.9470197873716477e-47,0.9999999999999966,0.0,0.0
3.897989120128336e-47,0.9999999999999966,0.0,0.0
3.8495675216153153e-47,0.9999999999999966,0.0,0.0
3.801747425859305e-47,0.9999999999999966,0.0,0.0
3.7545213608730567e-47,0.9999999999999966,0.0,0.0
3.7078819474878357e-47,0.9999999999999966,0.0,0.0
3.661821898200417e-47,0.9999999999999966,0.0,0.0
3.616334016034391e-47,0.9999999999999966,0.0,0.0
3.571411193415626e-47,0.9999999999999966,0.0,0.0
3.527046411061696e-47,0.9999999999999966,0.0,0.0
3.4832327368850996e-47,0.9999999999999966,0.0,0.0
3.4399633249101094e-47,0.9999999999999966,0.0,0.0
3.3972314142030754e-47,0.9999999999999966,0.0,0.0
3.3550303278160137e-47,0.9999999999999966,0.0,0.0
3.3133534717433194e-47,0.9999999999999966,0.0,0.0
3.272194333891442e-47,0.9999999999999966,0.0,0.0
3.2315464830613564e-47,0.9999999999999966,0.0,0.0
3.1914035679436735e-47,0.9999999999999966,0.0,0.0
3.151759316126238e-47,0.9999999999999966,0.0,0.0
3.1126075331140483e-47,0.9999999999999966,0.0,0.0
3.0739421013613575e-47,0.9999999999999966,0.0,0.0
3.035756979315791e-47,0.9999999999999966,0.0,0.0
2.9980462004743426e-47,0.9999999999999966,0.0,0.0
2.9608038724510986e-47,0.9999999999999966,0.0,0.0
2.9240241760565364e-47,0.9999999999999966,0.0,0.0
2.887701364388269e-47,0.9999999999999966,0.0,0.0
2.851829761933076e-47,0.9999999999999966,0.0,0.0
2.816403763680094e-47,0.9999999999999966,0.0,0.0
2.7814178342450243e-47,0.9999999999999966,0.0,0.0
2.7468665070052156e-47,0.9999999999999966,0.0,0.0
2.7127443832454926e-47,0.9999999999999966,0.0,0.0
2.6790461313145997e-47,0.9999999999999966,0.0,0.0
2.6457664857921133e-47,0.9999999999999966,0.0,0.0
2.6129002466657166e-47,0.9999999999999966,0.0,0.0
2.5804422785186795e-47,0.9999999999999966,0.0,0.0
2.548387509727446e-47,0.9999999999999966,0.0,0.0
2.5167309316691787e-47,0.9999999999999966,0.0,0.0
2.4854675979391515e-47,0.9999999999999966,0.0,0.0
2.4545926235778657e-47,0.9999999999999966,0.0,0.0
2.424101184307764e-47,0.9999999999999966,0.0,0.0
2.393988515779427e-47,0.9999999999999966,0.0,0.0
2.364249912827134e-47,0.9999999999999966,0.0,0.0
2.3348807287336716e-47,0.9999999999999966,0.0,0.0
2.305876374504276e-47,0.9999999999999966,0.0,0.0
2.277232318149591e-47,0.9999999999999966,0.0,0.0
2.248944083977535e-47,0.9999999999999966,0.0,0.0
2.2210072518939684e-47,0.9999999999999966,0.0,0.0
2.193417456712042e-47,0.9999999999999966,0.0,0.0
2.1661703874701285e-47,0.9999999999999966,0.0,0.0
2.139261786758226e-47,0.9999999999999966,0.0,0.0
2.1126874500527286e-47,0.9999999999999966,0.0,0.0
2.0864432250594626e-47,0.9999999999999966,0.0,0.0
2.0605250110648797e-47,0.9999999999999966,0.0,0.0
2.0349287582953142e-47,0.9999999999999966,0.0,0.0
2.0096504672841959e-47,0.9999999999999966,0.0,0.0
1.9846861882471274e-47,0.9999999999999966,0.0,0.0
1.9600320204647204e-47,0.9999999999999966,0.0,0.0
1.9356841116731015e-47,0.9999999999999966,0.0,0.0
1.9116386574619868e-47,0.9999999999999966,0.0,0.0
1.887891900680237e-47,0.9999999999999966,0.0,0.0
1.8644401308487931e-47,0.9999999999999966,0.0,0.0
1.8412796835809073e-47,0.9999999999999966,0.0,0.0
1.8184069400095754e-47,0.9999999999999966,0.0,0.0
1.7958183262220806e-47,0.9999999999999966,0.0,0.0
1.7735103127015638e-47,0.9999999999999966,0.0,0.0
1.7514794137755272e-47,0.9999999999999966,0.0,0.0
1.7297221870711931e-47,0.9999999999999966,0.0,0.0
1.7082352329776247e-47,0.9999999999999966,0.0,0.0
1.687015194114531e-47,0.9999999999999966,0.0,0.0
1.6660587548076686e-47,0.9999999999999966,0.0,0.0
1.6453626405707606e-47,0.9999999999999966,0.0,0.0
1.6249236175938524e-47,0.9999999999999966,0.0,0.0
1.6047384922380215e-47,0.9999999999999966,0.0,0.0
1.5848041105363656e-47,0.9999999999999966,0.0,0.0
1.5651173577011883e-47,0.9999999999999966,0.0,0.0
1.5456751576373069e-47,0.9999999999999966,0.0,0.0
1.5264744724614078e-47,0.9999999999999966,0.0,0.0
1.507512302027369e-47,0.9999999999999966,0.0,0.0
1.4887856834574828e-47,0.9999999999999966,0.0,0.0
1.470291690679499e-47,0.9999999999999966,0.0,0.0
1.4520274339694212e-47,0.9999999999999966,0.0,0.0
1.433990059499981e-47,0.9999999999999966,0.0,0.0
1.4161767488947206e-47,0.9999999999999966,0.0,0.0
1.3985847187876182e-47,0.9999999999999966,0.0,0.0
1.3812112203881792e-47,0.9999999999999966,0.0,0.0
1.364053539051933e-47,0.9999999999999966,0.0,0.0
1.3471089938562646e-47,0.9999999999999966,0.0,0.0
1.3303749371815142e-47,0.9999999999999966,0.0,0.0
1.3138487542972819e-47,0.9999999999999966,0.0,0.0
1.29752786295387e-47,0.9999999999999966,0.0,0.0
1.2814097129788024e-47,0.9999999999999966,0.0,0.0
1.2654917858783537e-47,0.9999999999999966,0.0,0.0
1.24977159444403e-47,0.9999999999999966,0.0,0.0
1.2342466823639384e-47,0.9999999999999966,0.0,0.0
1.218914623838981e-47,0.9999999999999966,0.0,0.0
1.203773023203821e-47,0.9999999999999966,0.0,0.0
1.1888195145525548e-47,0.9999999999999966,0.0,0.0
1.174051761369033e-47,0.9999999999999966,0.0,0.0
1.1594674561617764e-47,0.9999999999999966,0.0,0.0
1.145064320103426e-47,0.9999999999999966,0.0,0.0
1.130840102674669e-47,0.9999999999999966,0.0,0.0
1.1167925813125946e-47,0.9999999999999966,0.0,0.0
1.1029195610634106e-47,0.9999999999999966,0.0,0.0
1.0892188742394793e-47,0.9999999999999966,0.0,0.0
1.0756883800806109e-47,0.9999999999999966,0.0,0.0
1.062325964419566e-47,0.9999999999999966,0.0,0.0
1.0491295393517123e-47,0.9999999999999966,0.0,0.0
1.0360970429087857e-47,0.9999999999999966,0.0,0.0
1.0232264387367029e-47,0.9999999999999966,0.0,0.0
1.0105157157773771e-47,0.9999999999999966,0.0,0.0
9.979628879544868e-48,0.9999999999999966,0.0,0.0
9.855659938631468e-48,0.9999999999999966,0.0,0.0
9.73323096463434e-48,0.9999999999999966,0.0,0.0
9.612322827777223e-48,0.9999999999999966,0.0,0.0
9.492916635917751e-48,0.9999999999999966,0.0,0.0
9.374993731595521e-48,0.9999999999999966,0.0,0.0
9.258535689116822e-48,0.9999999999999966,0.0,0.0
9.143524311675592e-48,0.9999999999999966,0.0,0.0
9.029941628510118e-48,0.9999999999999966,0.0,0.0
8.917769892095078e-48,0.9999999999999966,0.0,0.0
8.806991575368446e-48,0.9999999999999966,0.0,0.0
8.697589368992865e-48,0.9999999999999966,0.0,0.0
8.589546178651013e-48,0.9999999999999966,0.0,0.0
8.48284512237459e-48,0.9999999999999966,0.0,0.0
8.377469527906477e-48,0.9999999999999966,0.0,0.0
8.273402930095654e-48,0.9999999999999966,0.0,0.0
8.170629068324497e-48,0.9999999999999966,0.0,0.0
8.069131883968014e-48,0.9999999999999966,0.0,0.0
7.968895517884659e-48,0.9999999999999966,0.0,0.0
7.869904307938306e-48,0.9999999999999966,0.0,0.0
7.772142786551006e-48,0.9999999999999966,0.0,0.0
7.675595678286154e-48,0.9999999999999966,0.0,0.0
7.580247897461661e-48,0.9999999999999966,0.0,0.0
7.486084545792794e-48,0.9999999999999966,0.0,0.0
7.393090910064284e-48,0.9999999999999966,0.0,0.0
7.301252459831357e-48,0.9999999999999966,0.0,0.0
7.210554845149322e-48,0.9999999999999966,0.0,0.0
7.120983894331367e-48,0.9999999999999966,0.0,0.0
7.032525611734197e-48,0.9999999999999966,0.0,0.0
6.945166175571195e-48,0.9999999999999966,0.0,0.0
6.858891935752729e-48,0.9999999999999966,0.0,0.0
6.773689411753307e-48,0.9999999999999966,0.0,0.0
6.689545290505216e-48,0.9999999999999966,0.0,0.0
6.606446424318321e-48,0.9999999999999966,0.0,0.0
6.524379828825722e-48,0.9999999999999966,0.0,0.0
6.443332680954911e-48,0.9999999999999966,0.0,0.0
6.363292316924148e-48,0.9999999999999966,0.0,0.0
6.284246230263714e-48,0.9999999999999966,0.0,0.0
6.206182069861753e-48,0.9999999999999966,0.0,0.0
6.129087638034386e-48,0.9999999999999966,0.0,0.0
6.052950888619791e-48,0.9999999999999966,0.0,0.0
5.97775992509598e-48,0.9999999999999966,0.0,0.0
5.903502998721929e-48,0.9999999999999966,0.0,0.0
5.830168506701818e-48,0.9999999999999966,0.0,0.0
5.757744990372076e-48,0.9999999999999966,0.0,0.0
5.686221133410931e-48,0.9999999999999966,0.0,0.0
5.615585760070224e-48,0.9999999999999966,0.0,0.0
5.545827833429164e-48,0.9999999999999966,0.0,0.0
5.476936453669796e-48,0.9999999999999966,0.0,0.0
5.4089008563738766e-48,0.9999999999999966,0.0,0.0
5.3417104108409117e-48,0.9999999999999966,0.0,0.0
5.275354618427092e-48,0.9999999999999966,0.0,0.0
5.209823110904855e-48,0.9999999999999966,0.0,0.0
5.1451056488428297e-48,0.9999999999999966,0.0,0.0
5.081192120005904e-48,0.9999999999999966,0.0,0.0
5.018072537775169e-48,0.9999999999999966,0.0,0.0
4.955737039587486e-48,0.9999999999999966,0.0,0.0
4.8941758853944457e-48,0.9999999999999966,0.0,0.0
4.833379456140462e-48,0.9999999999999966,0.0,0.0
4.7733382522597766e-48,0.9999999999999966,0.0,0.0
4.7140428921921326e-48,0.9999999999999966,0.0,0.0
4.6554841109168854e-48,0.9999999999999966,0.0,0.0
4.597652758505326e-48,0.9999999999999966,0.0,0.0
4.540539798690984e-48,0.9999999999999966,0.0,0.0
4.4841363074576975e-48,0.9999999999999966,0.0,0.0
4.428433471645208e-48,0.9999999999999966,0.0,0.0
4.3734225875720964e-48,0.9999999999999966,0.0,0.0
4.3190950596758096e-48,0.9999999999999966,0.0,0.0
4.265442399169587e-48,0.9999999999999966,0.0,0.0
4.212456222716071e-48,0.9999999999999966,0.0,0.0
4.160128251117392e-48,0.9999999999999966,0.0,0.0
4.108450308021529e-48,0.9999999999999966,0.0,0.0
4.057414318644739e-48,0.9999999999999966,0.0,0.0
4.007012308509849e-48,0.9999999999999966,0.0,0.0
3.9572364022002364e-48,0.9999999999999966,0.0,0.0
3.908078822129273e-48,0.9999999999999966,0.0,0.0
3.8595318873250644e-48,0.9999999999999966,0.0,0.0
3.811588012230281e-48,0.9999999999999966,0.0,0.0
3.7642397055169e-48,0.9999999999999966,0.0,0.0
3.717479568915669e-48,0.9999999999999966,0.0,0.0
3.6713002960601137e-48,0.9999999999999966,0.0,0.0
3.6256946713449e-48,0.9999999999999966,0.0,0.0
3.580655568798384e-48,0.9999999999999966,0.0,0.0
3.5361759509691634e-48,0.9999999999999966,0.0,0.0
3.49224886782646e-48,0.9999999999999966,0.0,0.0
3.448867455674166e-48,0.9999999999999966,0.0,0.0
3.406024936078375e-48,0.9999999999999966,0.0,0.0
3.363714614808239e-48,0.9999999999999966,0.0,0.0
3.321929880789981e-48,0.9999999999999966,0.0,0.0
3.280664205073901e-48,0.9999999999999966,0.0,0.0
3.2399111398142175e-48,0.9999999999999966,0.0,0.0
3.199664317261572e-48,0.9999999999999966,0.0,0.0
3.1599174487680604e-48,0.9999999999999966,0.0,0.0
3.1206643238046176e-48,0.9999999999999966,0.0,0.0
3.08189880899061e-48,0.9999999999999966,0.0,0.0
3.043614847135481e-48,0.9999999999999966,0.0,0.0
3.005806456292304e-48,0.9999999999999966,0.0,0.0
2.96846772882309e-48,0.9999999999999966,0.0,0.0
2.931592830475709e-48,0.9999999999999966,0.0,0.0
2.8951759994722725e-48,0.9999999999999966,0.0,0.0
2.8592115456088494e-48,0.9999999999999966,0.0,0.0
2.823693849366355e-48,0.9999999999999966,0.0,0.0
2.788617361032492e-48,0.9999999999999966,0.0,0.0
2.7539765998345984e-48,0.9999999999999966,0.0,0.0
2.7197661530832598e-48,0.9999999999999966,0.0,0.0
2.6859806753265736e-48,0.9999999999999966,0.0,0.0
2.6526148875149047e-48,0.9999999999999966,0.0,0.0
2.6196635761760265e-48,0.9999999999999966,0.0,0.0
2.587121592600504e-48,0.9999999999999966,0.0,0.0
2.554983852037199e-48,0.9999999999999966,0.0,0.0
2.5232453328987656e-48,0.9999999999999966,0.0,0.0
2.4919010759770186e-48,0.9999999999999966,0.0,0.0
2.4609461836680448e-48,0.9999999999999966,0.0,0.0
2.430375819206945e-48,0.9999999999999966,0.0,0.0
2.400185205912078e-48,0.9999999999999966,0.0,0.0
2.370369626438695e-48,0.9999999999999966,0.0,0.0
2.3409244220418458e-48,0.9999999999999966,0.0,0.0
2.3118449918484373e-48,0.9999999999999966,0.0,0.0
2.2831267921383422e-48,0.9999999999999966,0.0,0.0
2.2547653356344298e-48,0.9999999999999966,0.0,0.0
2.2267561908014205e-48,0.9999999999999966,0.0,0.0
2.199094981153452e-48,0.9999999999999966,0.0,0.0
2.171777384570241e-48,0.9999999999999966,0.0,0.0
2.144799132621745e-48,0.9999999999999966,0.0,0.0
2.1181560099012108e-48,0.9999999999999966,0.0,0.0
2.0918438533665095e-48,0.9999999999999966,0.0,0.0
2.065858551689652e-48,0.9999999999999966,0.0,0.0
2.0401960446143846e-48,0.9999999999999966,0.0,0.0
2.0148523223217687e-48,0.9999999999999966,0.0,0.0
1.9898234248036347e-48,0.9999999999999966,0.0,0.0
1.965105441243826e-48,0.9999999999999966,0.0,0.0
1.9406945094071233e-48,0.9999999999999966,0.0,0.0
1.9165868150357643e-48,0.9999999999999966,0.0,0.0
1.8927785912534578e-48,0.9999999999999966,0.0,0.0
1.8692661179768012e-48,0.9999999999999966,0.0,0.0
1.8460457213340093e-48,0.9999999999999966,0.0,0.0
1.8231137730908668e-48,0.9999999999999966,0.0,0.0
1.8004666900838064e-48,0.9999999999999966,0.0,0.0
1.7781009336600338e-48,0.9999999999999966,0.0,0.0
1.756013009124606e-48,0.9999999999999966,0.0,0.0
1.734199465194377e-48,0.9999999999999966,0.0,0.0
1.7126568934587294e-48,0.9999999999999966,0.0,0.0
1.6913819278470026e-48,0.9999999999999966,0.0,0.0
1.6703712441025362e-48,0.9999999999999966,0.0,0.0
1.6496215592632504e-48,0.9999999999999966,0.0,0.0
1.6291296311486743e-48,0.9999999999999966,0.0,0.0
1.6088922578533507e-48,0.9999999999999966,0.0,0.0
1.58890627724653e-48,0.9999999999999966,0.0,0.0
1.5691685664780818e-48,0.9999999999999966,0.0,0.0
1.5496760414905434e-48,0.9999999999999966,0.0,0.0
1.5304256565372286e-48,0.9999999999999966,0.0,0.0
1.5114144037063247e-48,0.9999999999999966,0.0,0.0
1.492639312450899e-48,0.9999999999999966,0.0,0.0
1.4740974491247468e-48,0.9999999999999966,0.0,0.0
1.4557859165239998e-48,0.9999999999999966,0.0,0.0
1.4377018534344357e-48,0.9999999999999966,0.0,0.0
1.4198424341844053e-48,0.9999999999999966,0.0,0.0
1.402204868203317e-48,0.9999999999999966,0.0,0.0
1.3847863995856034e-48,0.9999999999999966,0.0,0.0
1.3675843066601057e-48,0.9999999999999966,0.0,0.0
1.3505959015648078e-48,0.9999999999999966,0.0,0.0
1.3338185298268514e-48,0.9999999999999966,0.0,0.0
1.3172495699477695e-48,0.9999999999999966,0.0,0.0
1.3008864329938725e-48,0.9999999999999966,0.0,0.0
1.2847265621917213e-48,0.9999999999999966,0.0,0.0
1.2687674325286264e-48,0.9999999999999966,0.0,0.0
1.25300655035811e-48,0.9999999999999966,0.0,0.0
1.2374414530102681e-48,0.9999999999999966,0.0,0.0
1.2220697084069738e-48,0.9999999999999966,0.0,0.0
1.2068889146818596e-48,0.9999999999999966,0.0,0.0
1.1918966998050216e-48,0.9999999999999966,0.0,0.0
1.1770907212123842e-48,0.9999999999999966,0.0,0.0
1.1624686654396704e-48,0.9999999999999966,0.0,0.0
1.1480282477609177e-48,0.9999999999999966,0.0,0.0
1.1337672118314854e-48,0.9999999999999966,0.0,0.0
1.1196833293354965e-48,0.9999999999999966,0.0,0.0
1.1057743996376574e-48,0.9999999999999966,0.0,0.0
1.0920382494394063e-48,0.9999999999999966,0.0,0.0
1.078472732439329e-48,0.9999999999999966,0.0,0.0
1.065075728997796e-48,0.9999999999999966,0.0,0.0
1.0518451458057636e-48,0.9999999999999966,0.0,0.0
1.0387789155576914e-48,0.9999999999999966,0.0,0.0
1.0258749966285206e-48,0.9999999999999966,0.0,0.0
1.013131372754666e-48,0.9999999999999966,0.0,0.0
1.000546052718971e-48,0.9999999999999966,0.0,0.0
9.881170700395758e-49,0.9999999999999966,0.0,0.0
9.758424826626507e-49,0.9999999999999966,0.0,0.0
9.637203726589458e-49,0.9999999999999966,0.0,0.0
9.517488459241111e-49,0.9999999999999966,0.0,0.0
9.399260318827392e-49,0.9999999999999966,0.0,0.0
9.282500831960829e-49,0.9999999999999966,0.0,0.0
9.167191754734057e-49,0.9999999999999966,0.0,0.0
9.05331506986917e-49,0.9999999999999966,0.0,0.0
8.940852983902482e-49,0.9999999999999966,0.0,0.0
8.82978792440426e-49,0.9999999999999966,0.0,0.0
8.720102537233003e-49,0.9999999999999966,0.0,0.0
8.611779683823815e-49,0.9999999999999966,0.0,0.0
8.504802438510472e-49,0.9999999999999966,0.0,0.0
8.399154085880755e-49,0.9999999999999966,0.0,0.0
8.294818118164629e-49,0.9999999999999966,0.0,0.0
8.191778232654872e-49,0.9999999999999966,0.0,0.0
8.090018329159744e-49,0.9999999999999966,0.0,0.0
7.989522507487297e-49,0.9999999999999966,0.0,0.0
7.890275064960942e-49,0.9999999999999966,0.0,0.0
7.79226049396587e-49,0.9999999999999966,0.0,0.0
7.695463479525955e-49,0.9999999999999966,0.0,0.0
7.599868896910764e-49,0.9999999999999966,0.0,0.0
7.50546180927228e-49,0.9999999999999966,0.0,0.0
7.412227465310996e-49,0.9999999999999966,0.0,0.0
7.320151296970982e-49,0.9999999999999966,0.0,0.0
7.229218917163613e-49,0.9999999999999966,0.0,0.0
7.139416117519548e-49,0.9999999999999966,0.0,0.0
7.05072886616864e-49,0.9999999999999966,0.0,0.0
6.963143305547437e-49,0.9999999999999966,0.0,0.0
6.876645750233904e-49,0.9999999999999966,0.0,0.0
6.791222684809049e-49,0.9999999999999966,0.0,0.0
6.7068607617451076e-49,0.9999999999999966,0.0,0.0
6.623546799319973e-49,0.9999999999999966,0.0,0.0
6.5412677795575175e-49,0.9999999999999966,0.0,0.0
6.460010846193509e-49,0.9999999999999966,0.0,0.0
6.379763302666798e-49,0.9999999999999966,0.0,0.0
6.300512610135448e-49,0.9999999999999966,0.0,0.0
6.222246385517519e-49,0.9999999999999966,0.0,0.0
6.144952399556186e-49,0.9999999999999966,0.0,0.0
6.068618574908892e-49,0.9999999999999966,0.0,0.0
5.993232984260239e-49,0.9999999999999966,0.0,0.0
5.918783848458318e-49,0.9999999999999966,0.0,0.0
5.845259534674197e-49,0.9999999999999966,0.0,0.0
5.7726485545842675e-49,0.9999999999999966,0.0,0.0
5.7009395625751646e-49,0.9999999999999966,0.0,0.0
5.630121353971e-49,0.9999999999999966,0.0,0.0
5.560182863282603e-49,0.9999999999999966,0.0,0.0
5.4911131624785156e-49,0.9999999999999966,0.0,0.0
5.42290145927747e-49,0.9999999999999966,0.0,0.0
5.355537095462066e-49,0.9999999999999966,0.0,0.0
5.289009545213409e-49,0.9999999999999966,0.0,0.0
5.223308413466425e-49,0.9999999999999966,0.0,0.0
5.158423434285614e-49,0.9999999999999966,0.0,0.0
5.094344469260973e-49,0.9999999999999966,0.0,0.0
5.03106150592385e-49,0.9999999999999966,0.0,0.0
4.9685646561824795e-49,0.9999999999999966,0.0,0.0
4.906844154776941e-49,0.9999999999999966,0.0,0.0
4.845890357753323e-49,0.9999999999999966,0.0,0.0
4.785693740956833e-49,0.9999999999999966,0.0,0.0
4.72624489854363e-49,0.9999999999999966,0.0,0.0
4.66753454151114e-49,0.9999999999999966,0.0,0.0
4.609553496246635e-49,0.9999999999999966,0.0,0.0
4.552292703093831e-49,0.9999999999999966,0.0,0.0
4.4957432149373046e-49,0.9999999999999966,0.0,0.0
4.4398961958044845e-49,0.9999999999999966,0.0,0.0
4.3847429194850114e-49,0.9999999999999966,0.0,0.0
4.330274768167256e-49,0.9999999999999966,0.0,0.0
4.276483231091761e-49,0.9999999999999966,0.0,0.0
4.223359903221421e-49,0.9999999999999966,0.0,0.0
4.170896483928182e-49,0.9999999999999966,0.0,0.0
4.119084775696043e-49,0.9999999999999966,0.0,0.0
4.067916682840184e-49,0.9999999999999966,0.0,0.0
4.017384210241999e-49,0.9999999999999966,0.0,0.0
3.9674794620998384e-49,0.9999999999999966,0.0,0.0
3.9181946406952755e-49,0.9999999999999966,0.0,0.0
3.869522045174698e-49,0.9999999999999966,0.0,0.0
3.8214540703460345e-49,0.9999999999999966,0.0,0.0
3.7739832054904255e-49,0.9999999999999966,0.0,0.0
3.7271020331886605e-49,0.9999999999999966,0.0,0.0
3.68080322816219e-49,0.9999999999999966,0.0,0.0
3.635079556128536e-49,0.9999999999999966,0.0,0.0
3.589923872670919e-49,0.9999999999999966,0.0,0.0
3.545329122121934e-49,0.9999999999999966,0.0,0.0
3.501288336461081e-49,0.9999999999999966,0.0,0.0
3.457794634226e-49,0.9999999999999966,0.0,0.0
3.4148412194372344e-49,0.9999999999999966,0.0,0.0
3.3724213805363343e-49,0.9999999999999966,0.0,0.0
3.3305284893371707e-49,0.9999999999999966,0.0,0.0
3.2891559999902655e-49,0.9999999999999966,0.0,0.0
3.248297447959987e-49,0.9999999999999966,0.0,0.0
3.207946449014456e-49,0.9999999999999966,0.0,0.0
3.1680966982279953e-49,0.9999999999999966,0.0,0.0
3.1287419689959717e-49,0.9999999999999966,0.0,0.0
3.0898761120618777e-49,0.9999999999999966,0.0,0.0
3.051493054556497e-49,0.9999999999999966,0.0,0.0
3.0135867990490053e-49,0.9999999999999966,0.0,0.0
2.9761514226098613e-49,0.9999999999999966,0.0,0.0
2.9391810758853362e-49,0.9999999999999966,0.0,0.0
2.9026699821835395e-49,0.9999999999999966,0.0,0.0
2.866612436571801e-49,0.9999999999999966,0.0,0.0
2.83100280498526e-49,0.9999999999999966,0.0,0.0
2.795835523346537e-49,0.9999999999999966,0.0,0.0
2.7611050966963283e-49,0.9999999999999966,0.0,0.0
2.7268060983348132e-49,0.9999999999999966,0.0,0.0
2.692933168973718e-49,0.9999999999999966,0.0,0.0
2.6594810158989166e-49,0.9999999999999966,0.0,0.0
2.626444412143435e-49,0.9999999999999966,0.0,0.0
2.5938181956707246e-49,0.9999999999999966,0.0,0.0
2.561597268568085e-49,0.9999999999999966,0.0,0.0
2.5297765962501053e-49,0.9999999999999966,0.0,0.0
2.498351206671997e-49,0.9999999999999966,0.0,0.0
2.467316189552706e-49,0.9999999999999966,0.0,0.0
2.436666695607668e-49,0.9999999999999966,0.0,0.0
2.406397935791099e-49,0.9999999999999966,0.0,0.0
2.376505180547697e-49,0.9999999999999966,0.0,0.0
2.3469837590736407e-49,0.9999999999999966,0.0,0.0
2.317829058586764e-49,0.9999999999999966,0.0,0.0
2.2890365236058023e-49,0.9999999999999966,0.0,0.0
2.2606016552385886e-49,0.9999999999999966,0.0,0.0
2.23252001047909e-49,0.9999999999999966,0.0,0.0
2.204787201513183e-49,0.9999999999999966,0.0,0.0
2.1773988950330445e-49,0.9999999999999966,0.0,0.0
2.150350811560068e-49,0.9999999999999966,0.0,0.0
2.123638724776182e-49,0.9999999999999966,0.0,0.0
2.0972584608634825e-49,0.9999999999999966,0.0,0.0
2.0712058978520637e-49,0.9999999999999966,0.0,0.0
2.0454769649759525e-49,0.9999999999999966,0.0,0.0
2.0200676420370426e-49,0.9999999999999966,0.0,0.0
1.9949739587769304e-49,0.9999999999999966,0.0,0.0
1.970191994256555e-49,0.9999999999999966,0.0,0.0
1.945717876243543e-49,0.9999999999999966,0.0,0.0
1.9215477806071622e-49,0.9999999999999966,0.0,0.0
1.8976779307207975e-49,0.9999999999999966,0.0,0.0
1.8741045968718415e-49,0.9999999999999966,0.0,0.0
1.8508240956789217e-49,0.9999999999999966,0.0,0.0
1.8278327895163638e-49,0.9999999999999966,0.0,0.0
1.805127085945805e-49,0.9999999999999966,0.0,0.0
1.7827034371548693e-49,0.9999999999999966,0.0,0.0
1.7605583394028124e-49,0.9999999999999966,0.0,0.0
1.738688332473058e-49,0.9999999999999966,0.0,0.0
1.7170899991325296e-49,0.9999999999999966,0.0,0.0
1.6957599645977022e-49,0.9999999999999966,0.0,0.0
1.6746948960072846e-49,0.9999999999999966,0.0,0.0
1.6538915019014537e-49,0.9999999999999966,0.0,0.0
1.6333465317075573e-49,0.9999999999999966,0.0,0.0
1.6130567752322046e-49,0.9999999999999966,0.0,0.0
1.5930190621596674e-49,0.9999999999999966,0.0,0.0
1.5732302615565131e-49,0.9999999999999966,0.0,0.0
1.5536872813823878e-49,0.9999999999999966,0.0,0.0
1.5343870680068798e-49,0.9999999999999966,0.0,0.0
1.5153266057323841e-49,0.9999999999999966,0.0,0.0
1.4965029163228926e-49,0.9999999999999966,0.0,0.0
1.4779130585386392e-49,0.9999999999999966,0.0,0.0
1.4595541276765252e-49,0.9999999999999966,0.0,0.0
1.4414232551162527e-49,0.9999999999999966,0.0,0.0
1.423517607872098e-49,0.9999999999999966,0.0,0.0
1.405834388150251e-49,0.9999999999999966,0.0,0.0
1.3883708329116542e-49,0.9999999999999966,0.0,0.0
1.3711242134402733e-49,0.9999999999999966,0.0,0.0
1.354091834916728e-49,0.9999999999999966,0.0,0.0
1.3372710359972226e-49,0.9999999999999966,0.0,0.0
1.320659188397705e-49,0.9999999999999966,0.0,0.0
1.3042536964831919e-49,0.9999999999999966,0.0,0.0
1.288051996862195e-49,0.9999999999999966,0.0,0.0
1.2720515579861873e-49,0.9999999999999966,0.0,0.0
1.2562498797540423e-49,0.9999999999999966,0.0,0.0
1.2406444931213882e-49,0.9999999999999966,0.0,0.0
1.2252329597148156e-49,0.9999999999999966,0.0,0.0
1.2100128714508756e-49,0.9999999999999966,0.0,0.0
1.1949818501598122e-49,0.9999999999999966,0.0,0.0
1.180137547213969e-49,0.9999999999999966,0.0,0.0
1.1654776431608108e-49,0.9999999999999966,0.0,0.0
1.150999847360504e-49,0.9999999999999966,0.0,0.0
1.136701897628001e-49,0.9999999999999966,0.0,0.0
1.1225815598795672e-49,0.9999999999999966,0.0,0.0
1.1086366277837024e-49,0.9999999999999966,0.0,0.0
1.0948649224163963e-49,0.9999999999999966,0.0,0.0
1.0812642919206675e-49,0.9999999999999966,0.0,0.0
1.067832611170331e-49,0.9999999999999966,0.0,0.0
1.0545677814379436e-49,0.9999999999999966,0.0,0.0
1.041467730066873e-49,0.9999999999999966,0.0,0.0
1.028530410147441e-49,0.9999999999999966,0.0,0.0
1.0157538001970898e-49,0.9999999999999966,0.0,0.0
1.0031359038445213e-49,0.9999999999999966,0.0,0.0
9.906747495177599e-50,0.9999999999999966,0.0,0.0
9.783683901360906e-50,0.9999999999999966,0.0,0.0
9.66214902805823e-50,0.9999999999999966,0.0,0.0
9.542123885198362e-50,0.9999999999999966,0.0,0.0
9.423589718608547e-50,0.9999999999999966,0.0,0.0
9.306528007084098e-50,0.9999999999999966,0.0,0.0
9.190920459494439e-50,0.9999999999999966,0.0,0.0
9.076749011925058e-50,0.9999999999999966,0.0,0.0
8.963995824854996e-50,0.9999999999999966,0.0,0.0
8.852643280369382e-50,0.9999999999999966,0.0,0.0
8.742673979406602e-50,0.9999999999999966,0.0,0.0
8.634070739039649e-50,0.9999999999999966,0.0,0.0
8.52681658979127e-50,0.9999999999999966,0.0,0.0
8.420894772982441e-50,0.9999999999999966,0.0,0.0
8.316288738113794e-50,0.9999999999999966,0.0,0.0
8.212982140279563e-50,0.9999999999999966,0.0,0.0
8.110958837613665e-50,0.9999999999999966,0.0,0.0
8.010202888767497e-50,0.9999999999999966,0.0,0.0
7.910698550419069e-50,0.9999999999999966,0.0,0.0
7.812430274813077e-50,0.9999999999999966,0.0,0.0
7.715382707331535e-50,0.9999999999999966,0.0,0.0
7.619540684094586e-50,0.9999999999999966,0.0,0.0
7.524889229591113e-50,0.9999999999999966,0.0,0.0
7.431413554338787e-50,0.9999999999999966,0.0,0.0
7.339099052573177e-50,0.9999999999999966,0.0,0.0
7.247931299965573e-50,0.9999999999999966,0.0,0.0
7.157896051369154e-50,0.9999999999999966,0.0,0.0
7.068979238593154e-50,0.9999999999999966,0.0,0.0
6.98116696820468e-50,0.9999999999999966,0.0,0.0
6.894445519357834e-50,0.9999999999999966,0.0,0.0
6.808801341649803e-50,0.9999999999999966,0.0,0.0
6.724221053003581e-50,0.9999999999999966,0.0,0.0
6.640691437576994e-50,0.9999999999999966,0.0,0.0
6.558199443697692e-50,0.9999999999999966,0.0,0.0
6.476732181823807e-50,0.9999999999999966,0.0,0.0
6.39627692252993e-50,0.9999999999999966,0.0,0.0
6.316821094518113e-50,0.9999999999999966,0.0,0.0
6.238352282653583e-50,0.9999999999999966,0.0,0.0
6.160858226024842e-50,0.9999999999999966,0.0,0.0
6.084326816027885e-50,0.9999999999999966,0.0,0.0
6.008746094474201e-50,0.9999999999999966,0.0,0.0
5.934104251722281e-50,0.9999999999999966,0.0,0.0
5.860389624832341e-50,0.9999999999999966,0.0,0.0
5.787590695743959e-50,0.9999999999999966,0.0,0.0
5.715696089476359e-50,0.9999999999999966,0.0,0.0
5.644694572351049e-50,0.9999999999999966,0.0,0.0
5.5745750502365245e-50,0.9999999999999966,0.0,0.0
5.505326566814804e-50,0.9999999999999966,0.0,0.0
5.436938301869467e-50,0.9999999999999966,0.0,0.0
5.369399569594985e-50,0.9999999999999966,0.0,0.0
5.302699816927036e-50,0.9999999999999966,0.0,0.0
5.236828621893567e-50,0.9999999999999966,0.0,0.0
5.171775691986344e-50,0.9999999999999966,0.0,0.0
5.107530862552721e-50,0.9999999999999966,0.0,0.0
5.044084095207395e-50,0.9999999999999966,0.0,0.0
4.98142547626389e-50,0.9999999999999966,0.0,0.0
4.919545215185521e-50,0.9999999999999966,0.0,0.0
4.8584336430556e-50,0.9999999999999966,0.0,0.0
4.798081211066655e-50,0.9999999999999966,0.0,0.0
4.738478489028404e-50,0.9999999999999966,0.0,0.0
4.679616163894266e-50,0.9999999999999966,0.0,0.0
4.621485038306191e-50,0.9999999999999966,0.0,0.0
4.564076029157538e-50,0.9999999999999966,0.0,0.0
4.507380166173832e-50,0.9999999999999966,0.0,0.0
4.451388590511139e-50,0.9999999999999966,0.0,0.0
4.3960925533718465e-50,0.9999999999999966,0.0,0.0
4.341483414637657e-50,0.9999999999999966,0.0,0.0
4.287552641519541e-50,0.9999999999999966,0.0,0.0
4.234291807224481e-50,0.9999999999999966,0.0,0.0
4.181692589638761e-50,0.9999999999999966,0.0,0.0
4.1297467700276235e-50,0.9999999999999966,0.0,0.0
4.0784462317510723e-50,0.9999999999999966,0.0,0.0
4.0277829589956333e-50,0.9999999999999966,0.0,0.0
3.977749035521867e-50,0.9999999999999966,0.0,0.0
3.9283366434274386e-50,0.9999999999999966,0.0,0.0
3.8795380619255567e-50,0.9999999999999966,0.0,0.0
3.8313456661385827e-50,0.9999999999999966,0.0,0.0
3.78375192590663e-50,0.9999999999999966,0.0,0.0
3.73674940461096e-50,0.9999999999999966,0.0,0.0
3.6903307580119964e-50,0.9999999999999966,0.0,0.0
3.6444887331017712e-50,0.9999999999999966,0.0,0.0
3.599216166970629e-50,0.9999999999999966,0.0,0.0
3.554505985688007e-50,0.9999999999999966,0.0,0.0
3.510351203197119e-50,0.9999999999999966,0.0,0.0
3.46674492022337e-50,0.9999999999999966,0.0,0.0
3.42368032319633e-50,0.9999999999999966,0.0,0.0
3.3811506831851015e-50,0.9999999999999966,0.0,0.0
3.339149354846908e-50,0.9999999999999966,0.0,0.0
3.297669775388747e-50,0.9999999999999966,0.0,0.0
3.25670546354194e-50,0.9999999999999966,0.0,0.0
3.2162500185494207e-50,0.9999999999999966,0.0,0.0
3.1762971191656046e-50,0.9999999999999966,0.0,0.0
3.1368405226686805e-50,0.9999999999999966,0.0,0.0
3.097874063885174e-50,0.9999999999999966,0.0,0.0
3.0593916542266246e-50,0.9999999999999966,0.0,0.0
3.0213872807382314e-50,0.9999999999999966,0.0,0.0
2.9838550051593203e-50,0.9999999999999966,0.0,0.0
2.9467889629954733e-50,0.9999999999999966,0.0,0.0
2.910183362602194e-50,0.9999999999999966,0.0,0.0
2.874032484279948e-50,0.9999999999999966,0.0,0.0
2.838330679380451e-50,0.9999999999999966,0.0,0.0
2.8030723694240535e-50,0.9999999999999966,0.0,0.0
2.7682520452280936e-50,0.9999999999999966,0.0,0.0
2.733864266046075e-50,0.9999999999999966,0.0,0.0
2.69990365871754e-50,0.9999999999999966,0.0,0.0
2.6663649168285036e-50,0.9999999999999966,0.0,0.0
2.6332427998823115e-50,0.9999999999999966,0.0,0.0
2.600532132480806e-50,0.9999999999999966,0.0,0.0
2.5682278035156575e-50,0.9999999999999966,0.0,0.0
2.536324765369743e-50,0.9999999999999966,0.0,0.0
2.5048180331284475e-50,0.9999999999999966,0.0,0.0
2.4737026838007592e-50,0.9999999999999966,0.0,0.0
2.4429738555500433e-50,0.9999999999999966,0.0,0.0
2.4126267469343687e-50,0.9999999999999966,0.0,0.0
2.382656616156275e-50,0.9999999999999966,0.0,0.0
2.3530587803218557e-50,0.9999999999999966,0.0,0.0
2.3238286147090455e-50,0.9999999999999966,0.0,0.0
2.294961552045e-50,0.9999999999999966,0.0,0.0
2.2664530817924496e-50,0.9999999999999966,0.0,0.0
2.238298749444919e-50,0.9999999999999966,0.0,0.0
2.210494155830699e-50,0.9999999999999966,0.0,0.0
2.1830349564254707e-50,0.9999999999999966,0.0,0.0
2.155916860673463e-50,0.9999999999999966,0.0,0.0
2.129135631317044e-50,0.9999999999999966,0.0,0.0
2.1026870837346416e-50,0.9999999999999966,0.0,0.0
2.0765670852868876e-50,0.9999999999999966,0.0,0.0
2.0507715546708847e-50,0.9999999999999966,0.0,0.0
2.0252964612824948e-50,0.9999999999999966,0.0,0.0
2.0001378245865476e-50,0.9999999999999966,0.0,0.0
1.9752917134948757e-50,0.9999999999999966,0.0,0.0
1.9507542457520726e-50,0.9999999999999966,0.0,0.0
1.9265215873288833e-50,0.9999999999999966,0.0,0.0
1.9025899518231292e-50,0.9999999999999966,0.0,0.0
1.8789555998680746e-50,0.9999999999999966,0.0,0.0
1.855614838548143e-50,0.9999999999999966,0.0,0.0
1.8325640208218932e-50,0.9999999999999966,0.0,0.0
1.8097995449521598e-50,0.9999999999999966,0.0,0.0
1.7873178539432746e-50,0.9999999999999966,0.0,0.0
1.7651154349852795e-50,0.9999999999999966,0.0,0.0
1.7431888189050427e-50,0.9999999999999966,0.0,0.0
1.7215345796241932e-50,0.9999999999999966,0.0,0.0
1.7001493336237885e-50,0.9999999999999966,0.0,0.0
1.679029739415634e-50,0.9999999999999966,0.0,0.0
1.658172497020168e-50,0.9999999999999966,0.0,0.0
1.6375743474508332e-50,0.9999999999999966,0.0,0.0
1.6172320722048529e-50,0.9999999999999966,0.0,0.0
1.597142492760335e-50,0.9999999999999966,0.0,0.0
1.5773024700796201e-50,0.9999999999999966,0.0,0.0
1.5577089041188003e-50,0.9999999999999966,0.0,0.0
1.5383587333433325e-50,0.9999999999999966,0.0,0.0
1.519248934249666e-50,0.9999999999999966,0.0,0.0
1.500376520892814e-50,0.9999999999999966,0.0,0.0
1.4817385444197954e-50,0.9999999999999966,0.0,0.0
1.4633320926088674e-50,0.9999999999999966,0.0,0.0
1.4451542894144878e-50,0.9999999999999966,0.0,0.0
1.4272022945179257e-50,0.9999999999999966,0.0,0.0
1.409473302883456e-50,0.9999999999999966,0.0,0.0
1.3919645443200668e-50,0.9999999999999966,0.0,0.0
1.374673283048612e-50,0.9999999999999966,0.0,0.0
1.3575968172743402e-50,0.9999999999999966,0.0,0.0
1.3407324787647321e-50,0.9999999999999966,0.0,0.0
1.3240776324325862e-50,0.9999999999999966,0.0,0.0
1.3076296759242801e-50,0.9999999999999966,0.0,0.0
1.2913860392131461e-50,0.9999999999999966,0.0,0.0
1.2753441841979015e-50,0.9999999999999966,0.0,0.0
1.2595016043060639e-50,0.9999999999999966,0.0,0.0
1.2438558241022938e-50,0.9999999999999966,0.0,0.0
1.2284043989016043e-50,0.9999999999999966,0.0,0.0
1.2131449143873726e-50,0.9999999999999966,0.0,0.0
1.1980749862340983e-50,0.9999999999999966,0.0,0.0
1.1831922597348486e-50,0.9999999999999966,0.0,0.0
1.1684944094333297e-50,0.9999999999999966,0.0,0.0
1.1539791387605304e-50,0.9999999999999966,0.0,0.0
1.1396441796758768e-50,0.9999999999999966,0.0,0.0
1.1254872923128484e-50,0.9999999999999966,0.0,0.0
1.1115062646289933e-50,0.9999999999999966,0.0,0.0
1.0976989120602922e-50,0.9999999999999966,0.0,0.0
1.0840630771798157e-50,0.9999999999999966,0.0,0.0
1.0705966293606226e-50,0.9999999999999966,0.0,0.0
1.0572974644428439e-50,0.9999999999999966,0.0,0.0
1.044163504404905e-50,0.9999999999999966,0.0,0.0
1.0311926970388292e-50,0.9999999999999966,0.0,0.0
1.0183830156295775e-50,0.9999999999999966,0.0,0.0
1.0057324586383687e-50,0.9999999999999966,0.0,0.0
9.932390493899362e-51,0.9999999999999966,0.0,0.0
9.809008357636676e-51,0.9999999999999966,0.0,0.0
9.687158898885825e-51,0.9999999999999966,0.0,0.0
9.566823078420977e-51,0.9999999999999966,0.0,0.0
9.447982093525372e-51,0.9999999999999966,0.0,0.0
9.330617375053342e-51,0.9999999999999966,0.0,0.0
9.214710584528853e-51,0.9999999999999966,0.0,0.0
9.10024361128008e-51,0.9999999999999966,0.0,0.0
8.987198569609573e-51,0.9999999999999966,0.0,0.0
8.875557795999587e-51,0.9999999999999966,0.0,0.0
8.76530384635212e-51,0.9999999999999966,0.0,0.0
8.656419493263232e-51,0.9999999999999966,0.0,0.0
8.548887723331231e-51,0.9999999999999966,0.0,0.0
8.442691734498298e-51,0.9999999999999966,0.0,0.0
8.337814933425129e-51,0.9999999999999966,0.0,0.0
8.234240932898188e-51,0.9999999999999966,0.0,0.0
8.131953549269177e-51,0.9999999999999966,0.0,0.0
8.030936799926305e-51,0.9999999999999966,0.0,0.0
7.931174900796972e-51,0.9999999999999966,0.0,0.0
7.832652263881481e-51,0.9999999999999966,0.0,0.0
7.735353494817371e-51,0.9999999999999966,0.0,0.0
7.63926339047403e-51,0.9999999999999966,0.0,0.0
7.544366936577161e-51,0.9999999999999966,0.0,0.0
7.450649305362782e-51,0.9999999999999966,0.0,0.0
7.358095853260351e-51,0.9999999999999966,0.0,0.0
7.26669211860468e-51,0.9999999999999966,0.0,0.0
7.176423819376276e-51,0.9999999999999966,0.0,0.0
7.087276850969735e-51,0.9999999999999966,0.0,0.0
6.99923728398988e-51,0.9999999999999966,0.0,0.0
6.912291362075257e-51,0.9999999999999966,0.0,0.0
6.826425499748681e-51,0.9999999999999966,0.0,0.0
6.741626280294472e-51,0.9999999999999966,0.0,0.0
6.657880453662072e-51,0.9999999999999966,0.0,0.0
6.575174934395692e-51,0.9999999999999966,0.0,0.0
6.493496799589686e-51,0.9999999999999966,0.0,0.0
6.41283328686932e-51,0.9999999999999966,0.0,0.0
6.333171792396625e-51,0.9999999999999966,0.0,0.0
6.254499868901026e-51,0.9999999999999966,0.0,0.0
6.176805223734416e-51,0.9999999999999966,0.0,0.0
6.100075716950429e-51,0.9999999999999966,0.0,0.0
6.024299359407523e-51,0.9999999999999966,0.0,0.0
5.949464310895669e-51,0.9999999999999966,0.0,0.0
5.875558878286289e-51,0.9999999999999966,0.0,0.0
5.802571513705182e-51,0.9999999999999966,0.0,0.0
5.730490812728143e-51,0.9999999999999966,0.0,0.0
5.659305512598997e-51,0.9999999999999966,0.0,0.0
5.589004490469778e-51,0.9999999999999966,0.0,0.0
5.519576761662755e-51,0.9999999999999966,0.0,0.0
5.451011477954052e-51,0.9999999999999966,0.0,0.0
5.383297925878598e-51,0.9999999999999966,0.0,0.0
5.316425525056122e-51,0.9999999999999966,0.0,0.0
5.250383826537947e-51,0.9999999999999966,0.0,0.0
5.185162511174319e-51,0.9999999999999966,0.0,0.0
5.1207513880020245e-51,0.9999999999999966,0.0,0.0
5.0571403926520256e-51,0.9999999999999966,0.0,0.0
4.994319585776886e-51,0.9999999999999966,0.0,0.0
4.932279151497725e-51,0.9999999999999966,0.0,0.0
4.871009395870468e-51,0.9999999999999966,0.0,0.0
4.8105007453711496e-51,0.9999999999999966,0.0,0.0
4.7507437454000253e-51,0.9999999999999966,0.0,0.0
4.691729058804278e-51,0.9999999999999966,0.0,0.0
4.6334474644190643e-51,0.9999999999999966,0.0,0.0
4.5758898556266905e-51,0.9999999999999966,0.0,0.0
4.519047238933685e-51,0.9999999999999966,0.0,0.0
4.462910732565545e-51,0.9999999999999966,0.0,0.0
4.407471565078944e-51,0.9999999999999966,0.0,0.0
4.3527210739911746e-51,0.9999999999999966,0.0,0.0
4.298650704426616e-51,0.9999999999999966,0.0,0.0
4.2452520077800215e-51,0.9999999999999966,0.0,0.0
4.192516640396401e-51,0.9999999999999966,0.0,0.0
4.1404363622673155e-51,0.9999999999999966,0.0,0.0
4.0890030357433505e-51,0.9999999999999966,0.0,0.0
4.0382086242626e-51,0.9999999999999966,0.0,0.0
3.9880451910949304e-51,0.9999999999999966,0.0,0.0
3.938504898101853e-51,0.9999999999999966,0.0,0.0
3.889580004511802e-51,0.9999999999999966,0.0,0.0
3.841262865710619e-51,0.9999999999999966,0.0,0.0
3.793545932047065e-51,0.9999999999999966,0.0,0.0
3.7464217476531794e-51,0.9999999999999966,0.0,0.0
3.699882949279278e-51,0.9999999999999966,0.0,0.0
3.6539222651434343e-51,0.9999999999999966,0.0,0.0
3.6085325137952466e-51,0.9999999999999966,0.0,0.0
3.5637066029937245e-51,0.9999999999999966,0.0,0.0
3.5194375285991084e-51,0.9999999999999966,0.0,0.0
3.475718373478461e-51,0.9999999999999966,0.0,0.0
3.43254230642485e-51,0.9999999999999966,0.0,0.0
3.38990258108996e-51,0.9999999999999966,0.0,0.0
3.347792534929957e-51,0.9999999999999966,0.0,0.0
3.306205588164459e-51,0.9999999999999966,0.0,0.0
3.265135242748427e-51,0.9999999999999966,0.0,0.0
3.2245750813568336e-51,0.9999999999999966,0.0,0.0
3.1845187663819444e-51,0.9999999999999966,0.0,0.0
3.144960038943051e-51,0.9999999999999966,0.0,0.0
3.105892717908511e-51,0.9999999999999966,0.0,0.0
3.067310698929934e-51,0.9999999999999966,0.0,0.0
3.029207953488358e-51,0.9999999999999966,0.0,0.0
2.991578527952293e-51,0.9999999999999966,0.0,0.0
2.954416542647441e-51,0.9999999999999966,0.0,0.0
2.9177161909379955e-51,0.9999999999999966,0.0,0.0
2.8814717383193363e-51,0.9999999999999966,0.0,0.0
2.845677521522004e-51,0.9999999999999966,0.0,0.0
2.810327947626802e-51,0.9999999999999966,0.0,0.0
2.775417493190894e-51,0.9999999999999966,0.0,0.0
2.7409407033847486e-51,0.9999999999999966,0.0,0.0
2.706892191139819e-51,0.9999999999999966,0.0,0.0
2.673266636306795e-51,0.9999999999999966,0.0,0.0
2.6400587848243262e-51,0.9999999999999966,0.0,0.0
2.6072634478980575e-51,0.9999999999999966,0.0,0.0
2.5748755011898743e-51,0.9999999999999966,0.0,0.0
2.5428898840172114e-51,0.9999999999999966,0.0,0.0
2.5113015985623124e-51,0.9999999999999966,0.0,0.0
2.4801057090913103e-51,0.9999999999999966,0.0,0.0
2.4492973411830086e-51,0.9999999999999966,0.0,0.0
2.4188716809672436e-51,0.9999999999999966,0.0,0.0
2.3888239743727067e-51,0.9999999999999966,0.0,0.0
2.3591495263841123e-51,0.9999999999999966,0.0,0.0
2.329843700308591e-51,0.9999999999999966,0.0,0.0
2.300901917051197e-51,0.9999999999999966,0.0,0.0
2.272319654399416e-51,0.9999999999999966,0.0,0.0
2.244092446316559e-51,0.9999999999999966,0.0,0.0
2.216215882243936e-51,0.9999999999999966,0.0,0.0
2.188685606411698e-51,0.9999999999999966,0.0,0.0
2.1614973171582362e-51,0.9999999999999966,0.0,0.0
2.1346467662580424e-51,0.9999999999999966,0.0,0.0
2.1081297582579115e-51,0.9999999999999966,0.0,0.0
2.0819421498213963e-51,0.9999999999999966,0.0,0.0
2.0560798490814012e-51,0.9999999999999966,0.0,0.0
2.03053881500082e-51,0.9999999999999966,0.0,0.0
2.0053150567411158e-51,0.9999999999999966,0.0,0.0
1.9804046330387436e-51,0.9999999999999966,0.0,0.0
1.9558036515893208e-51,0.9999999999999966,0.0,0.0
1.9315082684394468e-51,0.9999999999999966,0.0,0.0
1.9075146873860764e-51,0.9999999999999966,0.0,0.0
1.8838191593833564e-51,0.9999999999999966,0.0,0.0
1.8604179819568286e-51,0.9999999999999966,0.0,0.0
1.8373074986249114e-51,0.9999999999999966,0.0,0.0
1.814484098327568e-51,0.9999999999999966,0.0,0.0
1.7919442148620683e-51,0.9999999999999966,0.0,0.0
1.7696843263257644e-51,0.9999999999999966,0.0,0.0
1.747700954565786e-51,0.9999999999999966,0.0,0.0
1.7259906646355713e-51,0.9999999999999966,0.0,0.0
1.7045500642581506e-51,0.9999999999999966,0.0,0.0
1.6833758032960946e-51,0.9999999999999966,0.0,0.0
1.6624645732280502e-51,0.9999999999999966,0.0,0.0
1.6418131066317762e-51,0.9999999999999966,0.0,0.0
1.6214181766736026e-51,0.9999999999999966,0.0,0.0
1.601276596604231e-51,0.9999999999999966,0.0,0.0
1.5813852192607988e-51,0.9999999999999966,0.0,0.0
1.5617409365751275e-51,0.9999999999999966,0.0,0.0
1.5423406790880823e-51,0.9999999999999966,0.0,0.0
1.523181415469962e-51,0.9999999999999966,0.0,0.0
1.5042601520468478e-51,0.9999999999999966,0.0,0.0
1.485573932332835e-51,0.9999999999999966,0.0,0.0
1.4671198365680776e-51,0.9999999999999966,0.0,0.0
1.4488949812625682e-51,0.9999999999999966,0.0,0.0
1.4308965187455877e-51,0.9999999999999966,0.0,0.0
1.4131216367207508e-51,0.9999999999999966,0.0,0.0
1.3955675578265794e-51,0.9999999999999966,0.0,0.0
1.3782315392025326e-51,0.9999999999999966,0.0,0.0
1.3611108720604317e-51,0.9999999999999966,0.0,0.0
1.3442028812612044e-51,0.9999999999999966,0.0,0.0
1.3275049248968898e-51,0.9999999999999966,0.0,0.0
1.3110143938778346e-51,0.9999999999999966,0.0,0.0
1.2947287115250182e-51,0.9999999999999966,0.0,0.0
1.2786453331674406e-51,0.9999999999999966,0.0,0.0
1.2627617457445122e-51,0.9999999999999966,0.0,0.0
1.247075467413384e-51,0.9999999999999966,0.0,0.0
1.2315840471611538e-51,0.9999999999999966,0.0,0.0
1.2162850644218906e-51,0.9999999999999966,0.0,0.0
1.2011761286984164e-51,0.9999999999999966,0.0,0.0
1.186254879188786e-51,0.9999999999999966,0.0,0.0
1.1715189844174069e-51,0.9999999999999966,0.0,0.0
1.1569661418707417e-51,0.9999999999999966,0.0,0.0
1.1425940776375354e-51,0.9999999999999966,0.0,0.0
1.128400546053512e-51,0.9999999999999966,0.0,0.0
1.114383329350486e-51,0.9999999999999966,0.0,0.0
1.1005402373098298e-51,0.9999999999999966,0.0,0.0
1.0868691069202492e-51,0.9999999999999966,0.0,0.0
1.073367802039807e-51,0.9999999999999966,0.0,0.0
1.0600342130621487e-51,0.9999999999999966,0.0,0.0
1.0468662565868697e-51,0.9999999999999966,0.0,0.0
1.0338618750939807e-51,0.9999999999999966,0.0,0.0
1.0210190366224173e-51,0.9999999999999966,0.0,0.0
1.0083357344525398e-51,0.9999999999999966,0.0,0.0
9.958099867925807e-52,0.9999999999999966,0.0,0.0
9.834398364689852e-52,0.9999999999999966,0.0,0.0
9.712233506205987e-52,0.9999999999999966,0.0,0.0
9.591586203966535e-52,0.9999999999999966,0.0,0.0
9.472437606585072e-52,0.9999999999999966,0.0,0.0
9.354769096850852e-52,0.9999999999999966,0.0,0.0
9.238562288819839e-52,0.9999999999999966,0.0,0.0
9.123799024941862e-52,0.9999999999999966,0.0,0.0
9.010461373223459e-52,0.9999999999999966,0.0,0.0
8.89853162442597e-52,0.9999999999999966,0.0,0.0
8.787992289298428e-52,0.9999999999999966,0.0,0.0
8.678826095844834e-52,0.9999999999999966,0.0,0.0
8.571015986625368e-52,0.9999999999999966,0.0,0.0
8.464545116091128e-52,0.9999999999999966,0.0,0.0
8.359396847951985e-52,0.9999999999999966,0.0,0.0
8.255554752577123e-52,0.9999999999999966,0.0,0.0
8.153002604427876e-52,0.9999999999999966,0.0,0.0
8.05172437952246e-52,0.9999999999999966,0.0,0.0
7.951704252932187e-52,0.9999999999999966,0.0,0.0
7.852926596308792e-52,0.9999999999999966,0.0,0.0
7.75537597544247e-52,0.9999999999999966,0.0,0.0
7.659037147850247e-52,0.9999999999999966,0.0,0.0
7.563895060394316e-52,0.9999999999999966,0.0,0.0
7.46993484692995e-52,0.9999999999999966,0.0,0.0
7.377141825982636e-52,0.9999999999999966,0.0,0.0
7.28550149845407e-52,0.9999999999999966,0.0,0.0
7.194999545356637e-52,0.9999999999999966,0.0,0.0
7.105621825576046e-52,0.9999999999999966,0.0,0.0
7.017354373661743e-52,0.9999999999999966,0.0,0.0
6.930183397644792e-52,0.9999999999999966,0.0,0.0
6.844095276882846e-52,0.9999999999999966,0.0,0.0
6.759076559931893e-52,0.9999999999999966,0.0,0.0
6.675113962444442e-52,0.9999999999999966,0.0,0.0
6.592194365093821e-52,0.9999999999999966,0.0,0.0
6.510304811524245e-52,0.9999999999999966,0.0,0.0
6.42943250632637e-52,0.9999999999999966,0.0,0.0
6.349564813037977e-52,0.9999999999999966,0.0,0.0
6.270689252169503e-52,0.9999999999999966,0.0,0.0
6.192793499254095e-52,0.9999999999999966,0.0,0.0
6.1158653829218826e-52,0.9999999999999966,0.0,0.0
6.039892882998184e-52,0.9999999999999966,0.0,0.0
5.964864128625324e-52,0.9999999999999966,0.0,0.0
5.890767396407788e-52,0.9999999999999966,0.0,0.0
5.817591108580422e-52,0.9999999999999966,0.0,0.0
5.745323831199379e-52,0.9999999999999966,0.0,0.0
5.673954272355544e-52,0.9999999999999966,0.0,0.0
5.603471280410149e-52,0.9999999999999966,0.0,0.0
5.533863842252309e-52,0.9999999999999966,0.0,0.0
5.465121081578199e-52,0.9999999999999966,0.0,0.0
5.39723225719161e-52,0.9999999999999966,0.0,0.0
5.330186761325615e-52,0.9999999999999966,0.0,0.0
5.2639741179850835e-52,0.9999999999999966,0.0,0.0
5.198583981309788e-52,0.9999999999999966,0.0,0.0
5.134006133957839e-52,0.9999999999999966,0.0,0.0
5.070230485509208e-52,0.9999999999999966,0.0,0.0
5.007247070889076e-52,0.9999999999999966,0.0,0.0
4.945046048810772e-52,0.9999999999999966,0.0,0.0
4.883617700238051e-52,0.9999999999999966,0.0,0.0
4.822952426866475e-52,0.9999999999999966,0.0,0.0
4.7630407496236616e-52,0.9999999999999966,0.0,0.0
4.7038733071881514e-52,0.9999999999999966,0.0,0.0
4.645440854526692e-52,0.9999999999999966,0.0,0.0
4.5877342614496784e-52,0.9999999999999966,0.0,0.0
4.530744511184538e-52,0.9999999999999966,0.0,0.0
4.47446269896685e-52,0.9999999999999966,0.0,0.0
4.418880030648953e-52,0.9999999999999966,0.0,0.0
4.363987821325843e-52,0.9999999999999966,0.0,0.0
4.3097774939781366e-52,0.9999999999999966,0.0,0.0
4.256240578131898e-52,0.9999999999999966,0.0,0.0
4.203368708535109e-52,0.9999999999999966,0.0,0.0
4.151153623850577e-52,0.9999999999999966,0.0,0.0
4.099587165365093e-52,0.9999999999999966,0.0,0.0
4.048661275714609e-52,0.9999999999999966,0.0,0.0
3.998367997625261e-52,0.9999999999999966,0.0,0.0
3.9486994726700276e-52,0.9999999999999966,0.0,0.0
3.899647940040837e-52,0.9999999999999966,0.0,0.0
3.851205735335922e-52,0.9999999999999966,0.0,0.0
3.803365289362245e-52,0.9999999999999966,0.0,0.0
3.756119126952794e-52,0.9999999999999966,0.0,0.0
3.70945986579857e-52,0.9999999999999966,0.0,0.0
3.663380215295095e-52,0.9999999999999966,0.0,0.0
3.6178729754032285e-52,0.9999999999999966,0.0,0.0
3.572931035524157e-52,0.9999999999999966,0.0,0.0
3.528547373388341e-52,0.9999999999999966,0.0,0.0
3.484715053958275e-52,0.9999999999999966,0.0,0.0
3.4414272283448744e-52,0.9999999999999966,0.0,0.0
3.39867713273732e-52,0.9999999999999966,0.0,0.0
3.356458087346199e-52,0.9999999999999966,0.0,0.0
3.3147634953597775e-52,0.9999999999999966,0.0,0.0
3.273586841913232e-52,0.9999999999999966,0.0,0.0
3.232921693070689e-52,0.9999999999999966,0.0,0.0
3.1927616948199115e-52,0.9999999999999966,0.0,0.0
3.1531005720794684e-52,0.9999999999999966,0.0,0.0
3.1139321277182428e-52,0.9999999999999966,0.0,0.0
3.0752502415871172e-52,0.9999999999999966,0.0,0.0
3.0370488695626877e-52,0.9999999999999966,0.0,0.0
2.9993220426028557e-52,0.9999999999999966,0.0,0.0
2.9620638658141562e-52,0.9999999999999966,0.0,0.0
2.9252685175306652e-52,0.9999999999999966,0.0,0.0
2.8889302484043554e-52,0.9999999999999966,0.0,0.0
2.8530433805067478e-52,0.9999999999999966,0.0,0.0
2.8176023064417228e-52,0.9999999999999966,0.0,0.0
2.7826014884693547e-52,0.9999999999999966,0.0,0.0
2.7480354576406276e-52,0.9999999999999966,0.0,0.0
2.7138988129429017e-52,0.9999999999999966,0.0,0.0
2.6801862204559945e-52,0.9999999999999966,0.0,0.0
2.6468924125187422e-52,0.9999999999999966,0.0,0.0
2.6140121869059203e-52,0.9999999999999966,0.0,0.0
2.581540406015384e-52,0.9999999999999966,0.0,0.0
2.549471996065306e-52,0.9999999999999966,0.0,0.0
2.517801946301391e-52,0.9999999999999966,0.0,0.0
2.4865253082139315e-52,0.9999999999999966,0.0,0.0
2.4556371947645954e-52,0.9999999999999966,0.0,0.0
2.425132779622816e-52,0.9999999999999966,0.0,0.0
2.3950072964116686e-52,0.9999999999999966,0.0,0.0
2.3652560379631113e-52,0.9999999999999966,0.0,0.0
2.335874355582485e-52,0.9999999999999966,0.0,0.0
2.306857658322141e-52,0.9999999999999966,0.0,0.0
2.2782014122641006e-52,0.9999999999999966,0.0,0.0
2.2499011398116167e-52,0.9999999999999966,0.0,0.0
2.2219524189895433e-52,0.9999999999999966,0.0,0.0
2.1943508827533914e-52,0.9999999999999966,0.0,0.0
2.1670922183069706e-52,0.9999999999999966,0.0,0.0
2.1401721664285043e-52,0.9999999999999966,0.0,0.0
2.113586520805119e-52,0.9999999999999966,0.0,0.0
2.0873311273755987e-52,0.9999999999999966,0.0,0.0
2.061401883681305e-52,0.9999999999999966,0.0,0.0
2.035794738225159e-52,0.9999999999999966,0.0,0.0
2.0105056898385862e-52,0.9999999999999966,0.0,0.0
1.985530787056327e-52,0.9999999999999966,0.0,0.0
1.9608661274990116e-52,0.9999999999999966,0.0,0.0
1.9365078572634053e-52,0.9999999999999966,0.0,0.0
1.9124521703202277e-52,0.9999999999999966,0.0,0.0
1.8886953079194538e-52,0.9999999999999966,0.0,0.0
1.865233558003002e-52,0.9999999999999966,0.0,0.0
1.8420632546247148e-52,0.9999999999999966,0.0,0.0
1.8191807773775515e-52,0.9999999999999966,0.0,0.0
1.7965825508278882e-52,0.9999999999999966,0.0,0.0
1.7742650439568525e-52,0.9999999999999966,0.0,0.0
1.752224769608591e-52,0.9999999999999966,0.0,0.0
1.7304582839453973e-52,0.9999999999999966,0.0,0.0
1.7089621859096036e-52,0.9999999999999966,0.0,0.0
1.6877331166921592e-52,0.9999999999999966,0.0,0.0
1.666767759207809e-52,0.9999999999999966,0.0,0.0
1.6460628375767935e-52,0.9999999999999966,0.0,0.0
1.6256151166129845e-52,0.9999999999999966,0.0,0.0
1.6054214013183813e-52,0.9999999999999966,0.0,0.0
1.5854785363838863e-52,0.9999999999999966,0.0,0.0
1.5657834056962805e-52,0.9999999999999966,0.0,0.0
1.5463329318513253e-52,0.9999999999999966,0.0,0.0
1.5271240756729112e-52,0.9999999999999966,0.0,0.0
1.508153835738181e-52,0.9999999999999966,0.0,0.0
1.489419247908551e-52,0.9999999999999966,0.0,0.0
1.4709173848665578e-52,0.9999999999999966,0.0,0.0
1.4526453556584602e-52,0.9999999999999966,0.0,0.0
1.4346003052425208e-52,0.9999999999999966,0.0,0.0
1.4167794140429004e-52,0.9999999999999966,0.0,0.0
1.3991798975090935e-52,0.9999999999999966,0.0,0.0
1.3817990056808359e-52,0.9999999999999966,0.0,0.0
1.3646340227584192e-52,0.9999999999999966,0.0,0.0
1.3476822666783403e-52,0.9999999999999966,0.0,0.0
1.3309410886942242e-52,0.9999999999999966,0.0,0.0
1.3144078729629517e-52,0.9999999999999966,0.0,0.0
1.2980800361359288e-52,0.9999999999999966,0.0,0.0
1.281955026955433e-52,0.9999999999999966,0.0,0.0
1.2660303258559744e-52,0.9999999999999966,0.0,0.0
1.2503034445706083e-52,0.9999999999999966,0.0,0.0
1.234771925742138e-52,0.9999999999999966,0.0,0.0
1.2194333425391486e-52,0.9999999999999966,0.0,0.0
1.204285298276809e-52,0.9999999999999966,0.0,0.0
1.1893254260423853e-52,0.9999999999999966,0.0,0.0
1.1745513883254058e-52,0.9999999999999966,0.0,0.0
1.1599608766524198e-52,0.9999999999999966,0.0,0.0
1.1455516112262951e-52,0.9999999999999966,0.0,0.0
1.1313213405699937e-52,0.9999999999999966,0.0,0.0
1.117267841174775e-52,0.9999999999999966,0.0,0.0
1.103388917152767e-52,0.9999999999999966,0.0,0.0
1.0896823998938555e-52,0.9999999999999966,0.0,0.0
1.0761461477268333e-52,0.9999999999999966,0.0,0.0
1.0627780455847607e-52,0.9999999999999966,0.0,0.0
1.0495760046744812e-52,0.9999999999999966,0.0,0.0
1.0365379621502437e-52,0.9999999999999966,0.0,0.0
1.0236618807913785e-52,0.9999999999999966,0.0,0.0
1.0109457486839772e-52,0.9999999999999966,0.0,0.0
9.983875789065281e-53,0.9999999999999966,0.0,0.0
9.859854092194544e-53,0.9999999999999966,0.0,0.0
9.737373017585108e-53,0.9999999999999966,0.0,0.0
9.616413427319881e-53,0.9999999999999966,0.0,0.0
9.496956421216802e-53,0.9999999999999966,0.0,0.0
9.378983333875634e-53,0.9999999999999966,0.0,0.0
9.262475731761475e-53,0.9999999999999966,0.0,0.0
9.147415410324459e-53,0.9999999999999966,0.0,0.0
9.03378439115528e-53,0.9999999999999966,0.0,0.0
8.921564919176016e-53,0.9999999999999966,0.0,0.0
8.810739459865865e-53,0.9999999999999966,0.0,0.0
8.70129069652134e-53,0.9999999999999966,0.0,0.0
8.5932015275505e-53,0.9999999999999966,0.0,0.0
8.486455063800795e-53,0.9999999999999966,0.0,0.0
8.381034625920089e-53,0.9999999999999966,0.0,0.0
8.276923741750492e-53,0.9999999999999966,0.0,0.0
8.174106143754544e-53,0.9999999999999966,0.0,0.0
8.07256576647338e-53,0.9999999999999966,0.0,0.0
7.972286744016472e-53,0.9999999999999966,0.0,0.0
7.873253407582548e-53,0.9999999999999966,0.0,0.0
7.77545028301131e-53,0.9999999999999966,0.0,0.0
7.678862088365571e-53,0.9999999999999966,0.0,0.0
7.583473731543412e-53,0.9999999999999966,0.0,0.0
7.489270307920016e-53,0.9999999999999966,0.0,0.0
7.396237098018789e-53,0.9999999999999966,0.0,0.0
7.304359565211416e-53,0.9999999999999966,0.0,0.0
7.213623353446472e-53,0.9999999999999966,0.0,0.0
7.1240142850062705e-53,0.9999999999999966,0.0,0.0
7.035518358291563e-53,0.9999999999999966,0.0,0.0
6.948121745633761e-53,0.9999999999999966,0.0,0.0
6.861810791134332e-53,0.9999999999999966,0.0,0.0
6.776572008531039e-53,0.9999999999999966,0.0,0.0
6.692392079090686e-53,0.9999999999999966,0.0,0.0
6.609257849528038e-53,0.9999999999999966,0.0,0.0
6.527156329950594e-53,0.9999999999999966,0.0,0.0
6.446074691828888e-53,0.9999999999999966,0.0,0.0
6.366000265992007e-53,0.9999999999999966,0.0,0.0
6.286920540648007e-53,0.9999999999999966,0.0,0.0
6.2088231594289175e-53,0.9999999999999966,0.0,0.0
6.13169591946004e-53,0.9999999999999966,0.0,0.0
6.055526769453216e-53,0.9999999999999966,0.0,0.0
5.980303807823795e-53,0.9999999999999966,0.0,0.0
5.906015280830984e-53,0.9999999999999966,0.0,0.0
5.832649580741305e-53,0.9999999999999966,0.0,0.0
5.76019524401486e-53,0.9999999999999966,0.0,0.0
5.688640949514131e-53,0.9999999999999966,0.0,0.0
5.617975516735028e-53,0.9999999999999966,0.0,0.0
5.548187904059912e-53,0.9999999999999966,0.0,0.0
5.479267207032327e-53,0.9999999999999966,0.0,0.0
5.411202656653143e-53,0.9999999999999966,0.0,0.0
5.343983617697893e-53,0.9999999999999966,0.0,0.0
5.277599587054983e-53,0.9999999999999966,0.0,0.0
5.212040192084571e-53,0.9999999999999966,0.0,0.0
5.147295188997814e-53,0.9999999999999966,0.0,0.0
5.083354461256263e-53,0.9999999999999966,0.0,0.0
5.02020801799112e-53,0.9999999999999966,0.0,0.0
4.957845992442159e-53,0.9999999999999966,0.0,0.0
4.896258640416015e-53,0.9999999999999966,0.0,0.0
4.835436338763637e-53,0.9999999999999966,0.0,0.0
4.775369583876651e-53,0.9999999999999966,0.0,0.0
4.716048990202404e-53,0.9999999999999966,0.0,0.0
4.65746528877745e-53,0.9999999999999966,0.0,0.0
4.599609325779254e-53,0.9999999999999966,0.0,0.0
4.542472061095894e-53,0.9999999999999966,0.0,0.0
4.4860445669135195e-53,0.9999999999999966,0.0,0.0
4.430318026321366e-53,0.9999999999999966,0.0,0.0
4.375283731934092e-53,0.9999999999999966,0.0,0.0
4.320933084531236e-53,0.9999999999999966,0.0,0.0
4.267257591713566e-53,0.9999999999999966,0.0,0.0
4.214248866576131e-53,0.9999999999999966,0.0,0.0
4.161898626397784e-53,0.9999999999999966,0.0,0.0
4.110198691346992e-53,0.9999999999999966,0.0,0.0
4.059140983203723e-53,0.9999999999999966,0.0,0.0
4.008717524097206e-53,0.9999999999999966,0.0,0.0
3.9589204352593705e-53,0.9999999999999966,0.0,0.0
3.909741935793776e-53,0.9999999999999966,0.0,0.0
3.8611743414598296e-53,0.9999999999999966,0.0,0.0
3.813210063472109e-53,0.9999999999999966,0.0,0.0
3.7658416073145964e-53,0.9999999999999966,0.0,0.0
3.71906157156965e-53,0.9999999999999966,0.0,0.0
3.672862646761511e-53,0.9999999999999966,0.0,0.0
3.6272376142141904e-53,0.9999999999999966,0.0,0.0
3.5821793449235296e-53,0.9999999999999966,0.0,0.0
3.537680798443284e-53,0.9999999999999966,0.0,0.0
3.4937350217850346e-53,0.9999999999999966,0.0,0.0
3.450335148331774e-53,0.9999999999999966,0.0,0.0
3.40747439676498e-53,0.9999999999999966,0.0,0.0
3.3651460700050223e-53,0.9999999999999966,0.0,0.0
3.323343554164729e-53,0.9999999999999966,0.0,0.0
3.282060317515956e-53,0.9999999999999966,0.0,0.0
3.2412899094689874e-53,0.9999999999999966,0.0,0.0
3.2010259595646203e-53,0.9999999999999966,0.0,0.0
3.1612621764787675e-53,0.9999999999999966,0.0,0.0
3.121992347039425e-53,0.9999999999999966,0.0,0.0
3.0832103352558487e-53,0.9999999999999966,0.0,0.0
3.0449100813597987e-53,0.9999999999999966,0.0,0.0
3.0070856008586833e-53,0.9999999999999966,0.0,0.0
2.969730983600472e-53,0.9999999999999966,0.0,0.0
2.9328403928502223e-53,0.9999999999999966,0.0,0.0
2.8964080643780766e-53,0.9999999999999966,0.0,0.0
2.8604283055585924e-53,0.9999999999999966,0.0,0.0
2.8248954944812543e-53,0.9999999999999966,0.0,0.0
2.7898040790720417e-53,0.9999999999999966,0.0,0.0
2.7551485762259057e-53,0.9999999999999966,0.0,0.0
2.720923570950021e-53,0.9999999999999966,0.0,0.0
2.687123715517685e-53,0.9999999999999966,0.0,0.0
2.653743728632721e-53,0.9999999999999966,0.0,0.0
2.6207783946042693e-53,0.9999999999999966,0.0,0.0
2.5882225625318212e-53,0.9999999999999966,0.0,0.0
2.5560711455003823e-53,0.9999999999999966,0.0,0.0
2.52431911978563e-53,0.9999999999999966,0.0,0.0
2.4929615240689503e-53,0.9999999999999966,0.0,0.0
2.461993458662215e-53,0.9999999999999966,0.0,0.0
2.4314100847422026e-53,0.9999999999999966,0.0,0.0
2.401206623594517e-53,0.9999999999999966,0.0,0.0
2.371378355866906e-53,0.9999999999999966,0.0,0.0
2.3419206208318545e-53,0.9999999999999966,0.0,0.0
2.3128288156583317e-53,0.9999999999999966,0.0,0.0
2.284098394692594e-53,0.9999999999999966,0.0,0.0
2.255724868747914e-53,0.9999999999999966,0.0,0.0
2.227703804403139e-53,0.9999999999999966,0.0,0.0
2.2000308233099573e-53,0.9999999999999966,0.0,0.0
2.1727016015087743e-53,0.9999999999999966,0.0,0.0
2.145711868753083e-53,0.9999999999999966,0.0,0.0
2.1190574078422313e-53,0.9999999999999966,0.0,0.0
2.092734053962474e-53,0.9999999999999966,0.0,0.0
2.066737694036215e-53,0.9999999999999966,0.0,0.0
2.041064266079327e-53,0.9999999999999966,0.0,0.0
2.01570975856646e-53,0.9999999999999966,0.0,0.0
1.990670209804233e-53,0.9999999999999966,0.0,0.0
1.96594170731221e-53,0.9999999999999966,0.0,0.0
1.9415203872115677e-53,0.9999999999999966,0.0,0.0
1.9174024336213566e-53,0.9999999999999966,0.0,0.0
1.893584078062261e-53,0.9999999999999966,0.0,0.0
1.8700615988677674e-53,0.9999999999999966,0.0,0.0
1.8468313206026469e-53,0.9999999999999966,0.0,0.0
1.8238896134886593e-53,0.9999999999999966,0.0,0.0
1.8012328928373945e-53,0.9999999999999966,0.0,0.0
1.7788576184901565e-53,0.9999999999999966,0.0,0.0
1.756760294264807e-53,0.9999999999999966,0.0,0.0
1.7349374674094807e-53,0.9999999999999966,0.0,0.0
1.7133857280630833e-53,0.9999999999999966,0.0,0.0
1.6921017087224957e-53,0.9999999999999966,0.0,0.0
1.6710820837163952e-53,0.9999999999999966,0.0,0.0
1.6503235686856107e-53,0.9999999999999966,0.0,0.0
1.629822920069937e-53,0.9999999999999966,0.0,0.0
1.6095769346013198e-53,0.9999999999999966,0.0,0.0
1.5895824488033404e-53,0.9999999999999966,0.0,0.0
1.5698363384969148e-53,0.9999999999999966,0.0,0.0
1.5503355183121356e-53,0.9999999999999966,0.0,0.0
1.5310769412061752e-53,0.9999999999999966,0.0,0.0
1.51205759798718e-53,0.9999999999999966,0.0,0.0
1.4932745168440782e-53,0.9999999999999966,0.0,0.0
1.474724762882228e-53,0.9999999999999966,0.0,0.0
1.4564054376648343e-53,0.9999999999999966,0.0,0.0
1.438313678760062e-53,0.9999999999999966,0.0,0.0
1.4204466592937757e-53,0.9999999999999966,0.0,0.0
1.4028015875078338e-53,0.9999999999999966,0.0,0.0
1.3853757063238716e-53,0.9999999999999966,0.0,0.0
1.3681662929125028e-53,0.9999999999999966,0.0,0.0
1.3511706582678692e-53,0.9999999999999966,0.0,0.0
1.3343861467874812e-53,0.9999999999999966,0.0,0.0
1.317810135857273e-53,0.9999999999999966,0.0,0.0
1.301440035441813e-53,0.9999999999999966,0.0,0.0
1.2852732876796078e-53,0.9999999999999966,0.0,0.0
1.2693073664834287e-53,0.9999999999999966,0.0,0.0
1.253539777145607e-53,0.9999999999999966,0.0,0.0
1.2379680559482301e-53,0.9999999999999966,0.0,0.0
1.2225897697781814e-53,0.9999999999999966,0.0,0.0
1.20740251574696e-53,0.9999999999999966,0.0,0.0
1.192403920815226e-53,0.9999999999999966,0.0,0.0
1.1775916414220074e-53,0.9999999999999966,0.0,0.0
1.162963363118514e-53,0.9999999999999966,0.0,0.0
1.1485168002065008e-53,0.9999999999999966,0.0,0.0
1.1342496953811215e-53,0.9999999999999966,0.0,0.0
1.1201598193782217e-53,0.9999999999999966,0.0,0.0
1.1062449706260105e-53,0.9999999999999966,0.0,0.0
1.0925029749010612e-53,0.9999999999999966,0.0,0.0
1.078931684988585e-53,0.9999999999999966,0.0,0.0
1.0655289803469222e-53,0.9999999999999966,0.0,0.0
1.0522927667762058e-53,0.9999999999999966,0.0,0.0
1.0392209760911369e-53,0.9999999999999966,0.0,0.0
1.026311565797827e-53,0.9999999999999966,0.0,0.0
1.0135625187746541e-53,0.9999999999999966,0.0,0.0
1.0009718429570836e-53,0.9999999999999966,0.0,0.0
9.885375710264039e-54,0.9999999999999966,0.0,0.0
9.762577601023289e-54,0.9999999999999966,0.0,0.0
9.64130491439419e-54,0.9999999999999966,0.0,0.0
9.521538701272732e-54,0.9999999999999966,0.0,0.0
9.403260247944458e-54,0.9999999999999966,0.0,0.0
9.286451073160403e-54,0.9999999999999966,0.0,0.0
9.171092925249363e-54,0.9999999999999966,0.0,0.0
9.057167779266037e-54,0.9999999999999966,0.0,0.0
8.944657834174592e-54,0.9999999999999966,0.0,0.0
8.83354551006721e-54,0.9999999999999966,0.0,0.0
8.723813445417195e-54,0.9999999999999966,0.0,0.0
8.615444494366203e-54,0.9999999999999966,0.0,0.0
8.50842172404516e-54,0.9999999999999966,0.0,0.0
8.402728411928471e-54,0.9999999999999966,0.0,0.0
8.298348043221089e-54,0.9999999999999966,0.0,0.0
8.195264308278049e-54,0.9999999999999966,0.0,0.0
8.093461100056044e-54,0.9999999999999966,0.0,0.0
7.992922511596677e-54,0.9999999999999966,0.0,0.0
7.893632833540962e-54,0.9999999999999966,0.0,0.0
7.795576551674701e-54,0.9999999999999966,0.0,0.0
7.698738344504364e-54,0.9999999999999966,0.0,0.0
7.603103080863063e-54,0.9999999999999966,0.0,0.0
7.508655817546294e-54,0.9999999999999966,0.0,0.0
7.415381796977012e-54,0.9999999999999966,0.0,0.0
7.323266444899744e-54,0.9999999999999966,0.0,0.0
7.23229536810332e-54,0.9999999999999966,0.0,0.0
7.142454352171918e-54,0.9999999999999966,0.0,0.0
7.05372935926402e-54,0.9999999999999966,0.0,0.0
6.966106525918979e-54,0.9999999999999966,0.0,0.0
6.879572160890817e-54,0.9999999999999966,0.0,0.0
6.794112743008952e-54,0.9999999999999966,0.0,0.0
6.709714919065474e-54,0.9999999999999966,0.0,0.0
6.626365501728691e-54,0.9999999999999966,0.0,0.0
6.544051467482572e-54,0.9999999999999966,0.0,0.0
6.462759954591804e-54,0.9999999999999966,0.0,0.0
6.382478261092113e-54,0.9999999999999966,0.0,0.0
6.30319384280556e-54,0.9999999999999966,0.0,0.0
6.224894311380488e-54,0.9999999999999966,0.0,0.0
6.147567432355815e-54,0.9999999999999966,0.0,0.0
6.071201123249375e-54,0.9999999999999966,0.0,0.0
5.995783451670009e-54,0.9999999999999966,0.0,0.0
5.921302633453096e-54,0.9999999999999966,0.0,0.0
5.847747030819264e-54,0.9999999999999966,0.0,0.0
5.775105150555956e-54,0.9999999999999966,0.0,0.0
5.703365642221593e-54,0.9999999999999966,0.0,0.0
5.632517296372048e-54,0.9999999999999966,0.0,0.0
5.562549042809146e-54,0.9999999999999966,0.0,0.0
5.493449948850919e-54,0.9999999999999966,0.0,0.0
5.425209217623357e-54,0.9999999999999966,0.0,0.0
5.357816186373375e-54,0.9999999999999966,0.0,0.0
5.291260324802731e-54,0.9999999999999966,0.0,0.0
5.225531233422651e-54,0.9999999999999966,0.0,0.0
5.160618641928883e-54,0.9999999999999966,0.0,0.0
5.0965124075969444e-54,0.9999999999999966,0.0,0.0
5.033202513697301e-54,0.9999999999999966,0.0,0.0
4.9706790679302286e-54,0.9999999999999966,0.0,0.0
4.908932300880127e-54,0.9999999999999966,0.0,0.0
4.8479525644890225e-54,0.9999999999999966,0.0,0.0
4.787730330549044e-54,0.9999999999999966,0.0,0.0
4.72825618921362e-54,0.9999999999999966,0.0,0.0
4.6695208475271684e-54,0.9999999999999966,0.0,0.0
4.6115151279730574e-54,0.9999999999999966,0.0,0.0
4.554229967039596e-54,0.9999999999999966,0.0,0.0
4.4976564138038445e-54,0.9999999999999966,0.0,0.0
4.441785628533014e-54,0.9999999999999966,0.0,0.0
4.386608881303239e-54,0.9999999999999966,0.0,0.0
4.3321175506355117e-54,0.9999999999999966,0.0,0.0
4.278303122148554e-54,0.9999999999999966,0.0,0.0
4.225157187228432e-54,0.9999999999999966,0.0,0.0
4.172671441714693e-54,0.9999999999999966,0.0,0.0
4.1208376846028185e-54,0.9999999999999966,0.0,0.0
4.0696478167628086e-54,0.9999999999999966,0.0,0.0
4.0190938396736694e-54,0.9999999999999966,0.0,0.0
3.969167854173631e-54,0.9999999999999966,0.0,0.0
3.919862059225887e-54,0.9999999999999966,0.0,0.0
3.871168750699667e-54,0.9999999999999966,0.0,0.0
3.8230803201664484e-54,0.9999999999999966,0.0,0.0
3.7755892537111273e-54,0.9999999999999966,0.0,0.0
3.728688130757952e-54,0.9999999999999966,0.0,0.0
3.6823696229110434e-54,0.9999999999999966,0.0,0.0
3.636626492809317e-54,0.9999999999999966,0.0,0.0
3.5914515929956323e-54,0.9999999999999966,0.0,0.0
3.5468378647999885e-54,0.9999999999999966,0.0,0.0
3.5027783372365894e-54,0.9999999999999966,0.0,0.0
3.4592661259146155e-54,0.9999999999999966,0.0,0.0
3.4162944319625254e-54,0.9999999999999966,0.0,0.0
3.373856540965715e-54,0.9999999999999966,0.0,0.0
3.331945821917379e-54,0.9999999999999966,0.0,0.0
3.290555726182399e-54,0.9999999999999966,0.0,0.0
3.249679786474111e-54,0.9999999999999966,0.0,0.0
3.209311615843776e-54,0.9999999999999966,0.0,0.0
3.169444906682606e-54,0.9999999999999966,0.0,0.0
3.1300734297361866e-54,0.9999999999999966,0.0,0.0
3.0911910331311466e-54,0.9999999999999966,0.0,0.0
3.0527916414139114e-54,0.9999999999999966,0.0,0.0
3.014869254601404e-54,0.9999999999999966,0.0,0.0
2.977417947243534e-54,0.9999999999999966,0.0,0.0
2.9404318674973334e-54,0.9999999999999966,0.0,0.0
2.903905236212595e-54,0.9999999999999966,0.0,0.0
2.867832346028869e-54,0.9999999999999966,0.0,0.0
2.832207560483677e-54,0.9999999999999966,0.0,0.0
2.797025313131799e-54,0.9999999999999966,0.0,0.0
2.762280106675511e-54,0.9999999999999966,0.0,0.0
2.7279665121056155e-54,0.9999999999999966,0.0,0.0
2.6940791678531523e-54,0.9999999999999966,0.0,0.0
2.6606127789516395e-54,0.9999999999999966,0.0,0.0
2.627562116209726e-54,0.9999999999999966,0.0,0.0
2.594922015394118e-54,0.9999999999999966,0.0,0.0
2.5626873764226588e-54,0.9999999999999966,0.0,0.0
2.5308531625674287e-54,0.9999999999999966,0.0,0.0
2.499414399667748e-54,0.9999999999999966,0.0,0.0
2.4683661753529528e-54,0.9999999999999966,0.0,0.0
2.437703638274828e-54,0.9999999999999966,0.0,0.0
2.407421997349574e-54,0.9999999999999966,0.0,0.0
2.3775165210091886e-54,0.9999999999999966,0.0,0.0
2.3479825364621536e-54,0.9999999999999966,0.0,0.0
2.318815428963297e-54,0.9999999999999966,0.0,0.0
2.2900106410927337e-54,0.9999999999999966,0.0,0.0
2.261563672043757e-54,0.9999999999999966,0.0,0.0
2.233470076919579e-54,0.9999999999999966,0.0,0.0
2.2057254660388064e-54,0.9999999999999966,0.0,0.0
2.1783255042495439e-54,0.9999999999999966,0.0,0.0
2.151265910252018e-54,0.9999999999999966,0.0,0.0
2.1245424559296155e-54,0.9999999999999966,0.0,0.0
2.0981509656882302e-54,0.9999999999999966,0.0,0.0
2.0720873158038206e-54,0.9999999999999966,0.0,0.0
2.0463474337780666e-54,0.9999999999999966,0.0,0.0
2.020927297702035e-54,0.9999999999999966,0.0,0.0
1.9958229356277482e-54,0.9999999999999966,0.0,0.0
1.9710304249475584e-54,0.9999999999999966,0.0,0.0
1.9465458917812326e-54,0.9999999999999966,0.0,0.0
1.9223655103706507e-54,0.9999999999999966,0.0,0.0
1.8984855024820236e-54,0.9999999999999966,0.0,0.0
1.8749021368155364e-54,0.9999999999999966,0.0,0.0
1.851611728422324e-54,0.9999999999999966,0.0,0.0
1.8286106381286923e-54,0.9999999999999966,0.0,0.0
1.8058952719674877e-54,0.9999999999999966,0.0,0.0
1.7834620806165347e-54,0.9999999999999966,0.0,0.0
1.761307558844045e-54,0.9999999999999966,0.0,0.0
1.7394282449609195e-54,0.9999999999999966,0.0,0.0
1.7178207202798518e-54,0.9999999999999966,0.0,0.0
1.6964816085811507e-54,0.9999999999999966,0.0,0.0
1.6754075755852e-54,0.9999999999999966,0.0,0.0
1.65459532843147e-54,0.9999999999999966,0.0,0.0
1.6340416151640018e-54,0.9999999999999966,0.0,0.0
1.6137432242232814e-54,0.9999999999999966,0.0,0.0
1.5936969839444283e-54,0.9999999999999966,0.0,0.0
1.5738997620616157e-54,0.9999999999999966,0.0,0.0
1.554348465218648e-54,0.9999999999999966,0.0,0.0
1.5350400384856176e-54,0.9999999999999966,0.0,0.0
1.5159714648815652e-54,0.9999999999999966,0.0,0.0
1.497139764903071e-54,0.9999999999999966,0.0,0.0
1.478541996058701e-54,0.9999999999999966,0.0,0.0
1.4601752524092377e-54,0.9999999999999966,0.0,0.0
1.4420366641136188e-54,0.9999999999999966,0.0,0.0
1.4241233969805215e-54,0.9999999999999966,0.0,0.0
1.4064326520255123e-54,0.9999999999999966,0.0,0.0
1.3889616650337015e-54,0.9999999999999966,0.0,0.0
1.3717077061278273e-54,0.9999999999999966,0.0,0.0
1.3546680793417085e-54,0.9999999999999966,0.0,0.0
1.337840122198993e-54,0.9999999999999966,0.0,0.0
1.3212212052971427e-54,0.9999999999999966,0.0,0.0
1.3048087318965803e-54,0.9999999999999966,0.0,0.0
1.2886001375149468e-54,0.9999999999999966,0.0,0.0
1.2725928895263947e-54,0.9999999999999966,0.0,0.0
1.2567844867658594e-54,0.9999999999999966,0.0,0.0
1.2411724591382487e-54,0.9999999999999966,0.0,0.0
1.2257543672324835e-54,0.9999999999999966,0.0,0.0
1.2105278019403363e-54,0.9999999999999966,0.0,0.0
1.1954903840800025e-54,0.9999999999999966,0.0,0.0
1.1806397640243484e-54,0.9999999999999966,0.0,0.0
1.1659736213337776e-54,0.9999999999999966,0.0,0.0
1.1514896643936569e-54,0.9999999999999966,0.0,0.0
1.1371856300562477e-54,0.9999999999999966,0.0,0.0
1.1230592832870839e-54,0.9999999999999966,0.0,0.0
1.1091084168157434e-54,0.9999999999999966,0.0,0.0
1.0953308507909576e-54,0.9999999999999966,0.0,0.0
1.0817244324400058e-54,0.9999999999999966,0.0,0.0
1.0682870357323385e-54,0.9999999999999966,0.0,0.0
1.0550165610473825e-54,0.9999999999999966,0.0,0.0
1.0419109348464704e-54,0.9999999999999966,0.0,0.0
1.0289681093488452e-54,0.9999999999999966,0.0,0.0
1.0161860622116917e-54,0.9999999999999966,0.0,0.0
1.00356279621414e-54,0.9999999999999966,0.0,0.0
9.910963389451966e-55,0.9999999999999966,0.0,0.0
9.787847424955509e-55,0.9999999999999966,0.0,0.0
9.666260831532103e-55,0.9999999999999966,0.0,0.0
9.546184611029165e-55,0.9999999999999966,0.0,0.0
9.427600001292948e-55,0.9999999999999966,0.0,0.0
9.310488473236929e-55,0.9999999999999966,0.0,0.0
9.194831727946592e-55,0.9999999999999966,0.0,0.0
9.080611693820186e-55,0.9999999999999966,0.0,0.0
8.967810523745003e-55,0.9999999999999966,0.0,0.0
8.856410592308733e-55,0.9999999999999966,0.0,0.0
8.746394493045449e-55,0.9999999999999966,0.0,0.0
8.637745035715817e-55,0.9999999999999966,0.0,0.0
8.530445243621093e-55,0.9999999999999966,0.0,0.0
8.424478350950461e-55,0.9999999999999966,0.0,0.0
8.319827800161359e-55,0.9999999999999966,0.0,0.0
8.216477239392317e-55,0.9999999999999966,0.0,0.0
8.114410519907957e-55,0.9999999999999966,0.0,0.0
8.013611693575706e-55,0.9999999999999966,0.0,0.0
7.914065010373881e-55,0.9999999999999966,0.0,0.0
7.81575491593071e-55,0.9999999999999966,0.0,0.0
7.718666049093928e-55,0.9999999999999966,0.0,0.0
7.622783239530567e-55,0.9999999999999966,0.0,0.0
7.528091505356567e-55,0.9999999999999966,0.0,0.0
7.434576050795817e-55,0.9999999999999966,0.0,0.0
7.342222263868288e-55,0.9999999999999966,0.0,0.0
7.251015714106884e-55,0.9999999999999966,0.0,0.0
7.16094215030265e-55,0.9999999999999966,0.0,0.0
7.071987498277989e-55,0.9999999999999966,0.0,0.0
6.984137858687552e-55,0.9999999999999966,0.0,0.0
6.897379504846425e-55,0.9999999999999966,0.0,0.0
6.811698880585313e-55,0.9999999999999966,0.0,0.0
6.727082598132366e-55,0.9999999999999966,0.0,0.0
6.6435174360213e-55,0.9999999999999966,0.0,0.0
6.560990337025527e-55,0.9999999999999966,0.0,0.0
6.47948840611793e-55,0.9999999999999966,0.0,0.0
6.3989989084559944e-55,0.9999999999999966,0.0,0.0
6.319509267391959e-55,0.9999999999999966,0.0,0.0
6.241007062507689e-55,0.9999999999999966,0.0,0.0
6.163480027673963e-55,0.9999999999999966,0.0,0.0
6.086916049133861e-55,0.9999999999999966,0.0,0.0
6.011303163609974e-55,0.9999999999999966,0.0,0.0
5.936629556435104e-55,0.9999999999999966,0.0,0.0
5.862883559706214e-55,0.9999999999999966,0.0,0.0
5.79005365046128e-55,0.9999999999999966,0.0,0.0
5.718128448878814e-55,0.9999999999999966,0.0,0.0
5.647096716499742e-55,0.9999999999999966,0.0,0.0
5.576947354471366e-55,0.9999999999999966,0.0,0.0
5.507669401813156e-55,0.9999999999999966,0.0,0.0
5.439252033704066e-55,0.9999999999999966,0.0,0.0
5.371684559791137e-55,0.9999999999999966,0.0,0.0
5.304956422519108e-55,0.9999999999999966,0.0,0.0
5.239057195480774e-55,0.9999999999999966,0.0,0.0
5.1739765817878424e-55,0.9999999999999966,0.0,0.0
5.109704412462019e-55,0.9999999999999966,0.0,0.0
5.0462306448460896e-55,0.9999999999999966,0.0,0.0
4.983545361034729e-55,0.9999999999999966,0.0,0.0
4.921638766324812e-55,0.9999999999999966,0.0,0.0
4.860501187684969e-55,0.9999999999999966,0.0,0.0
4.800123072244155e-55,0.9999999999999966,0.0,0.0
4.740494985798997e-55,0.9999999999999966,0.0,0.0
4.681607611339678e-55,0.9999999999999966,0.0,0.0
4.623451747594135e-55,0.9999999999999966,0.0,0.0
4.566018307590342e-55,0.9999999999999966,0.0,0.0
4.509298317236453e-55,0.9999999999999966,0.0,0.0
4.453282913918581e-55,0.9999999999999966,0.0,0.0
4.397963345115998e-55,0.9999999999999966,0.0,0.0
4.343330967033532e-55,0.9999999999999966,0.0,0.0
4.289377243250961e-55,0.9999999999999966,0.0,0.0
4.236093743389179e-55,0.9999999999999966,0.0,0.0
4.183472141792929e-55,0.9999999999999966,0.0,0.0
4.131504216229905e-55,0.9999999999999966,0.0,0.0
4.080181846606013e-55,0.9999999999999966,0.0,0.0
4.029497013696585e-55,0.9999999999999966,0.0,0.0
3.979441797893363e-55,0.9999999999999966,0.0,0.0
3.930008377967043e-55,0.9999999999999966,0.0,0.0
3.881189029845193e-55,0.9999999999999966,0.0,0.0
3.832976125405348e-55,0.9999999999999966,0.0,0.0
3.785362131283101e-55,0.9999999999999966,0.0,0.0
3.738339607695003e-55,0.9999999999999966,0.0,0.0
3.6919012072760775e-55,0.9999999999999966,0.0,0.0
3.6460396739317835e-55,0.9999999999999966,0.0,0.0
3.600747841704233e-55,0.9999999999999966,0.0,0.0
3.556018633652495e-55,0.9999999999999966,0.0,0.0
3.5118450607468134e-55,0.9999999999999966,0.0,0.0
3.468220220776552e-55,0.9999999999999966,0.0,0.0
3.425137297271713e-55,0.9999999999999966,0.0,0.0
3.382589558437849e-55,0.9999999999999966,0.0,0.0
3.340570356104205e-55,0.9999999999999966,0.0,0.0
3.2990731246849306e-55,0.9999999999999966,0.0,0.0
3.2580913801531933e-55,0.9999999999999966,0.0,0.0
3.2176187190280337e-55,0.9999999999999966,0.0,0.0
3.177648817373812e-55,0.9999999999999966,0.0,0.0
3.138175429812077e-55,0.9999999999999966,0.0,0.0
3.0991923885457168e-55,0.9999999999999966,0.0,0.0
3.060693602395223e-55,0.9999999999999966,0.0,0.0
3.0226730558469363e-55,0.9999999999999966,0.0,0.0
2.985124808113108e-55,0.9999999999999966,0.0,0.0
2.9480429922036386e-55,0.9999999999999966,0.0,0.0
2.911421814009352e-55,0.9999999999999966,0.0,0.0
2.8752555513966508e-55,0.9999999999999966,0.0,0.0
2.8395385533134238e-55,0.9999999999999966,0.0,0.0
2.8042652389060553e-55,0.9999999999999966,0.0,0.0
2.7694300966474082e-55,0.9999999999999966,0.0,0.0
2.7350276834756332e-55,0.9999999999999966,0.0,0.0
2.701052623943683e-55,0.9999999999999966,0.0,0.0
2.6674996093793848e-55,0.9999999999999966,0.0,0.0
2.6343633970559507e-55,0.9999999999999966,0.0,0.0
2.601638809372791e-55,0.9999999999999966,0.0,0.0
2.569320733046504e-55,0.9999999999999966,0.0,0.0
2.537404118311914e-55,0.9999999999999966,0.0,0.0
2.5058839781330362e-55,0.9999999999999966,0.0,0.0
2.4747553874238412e-55,0.9999999999999966,0.0,0.0
2.444013482278701e-55,0.9999999999999966,0.0,0.0
2.4136534592123944e-55,0.9999999999999966,0.0,0.0
2.38367057440955e-55,0.9999999999999966,0.0,0.0
2.35406014298342e-55,0.9999999999999966,0.0,0.0
2.3248175382438524e-55,0.9999999999999966,0.0,0.0
2.2959381909743636e-55,0.9999999999999966,0.0,0.0
2.2674175887181897e-55,0.9999999999999966,0.0,0.0
2.2392512750732047e-55,0.9999999999999966,0.0,0.0
2.211434848995598e-55,0.9999999999999966,0.0,0.0
2.183963964112204e-55,0.9999999999999966,0.0,0.0
2.156834328041371e-55,0.9999999999999966,0.0,0.0
2.13004170172227e-55,0.9999999999999966,0.0,0.0
2.103581898752529e-55,0.9999999999999966,0.0,0.0
2.077450784734104e-55,0.9999999999999966,0.0,0.0
2.0516442766272668e-55,0.9999999999999966,0.0,0.0
2.0261583421126236e-55,0.9999999999999966,0.0,0.0
2.000988998961056e-55,0.9999999999999966,0.0,0.0
1.9761323144114918e-55,0.9999999999999966,0.0,0.0
1.9515844045563994e-55,0.9999999999999966,0.0,0.0
1.927341433734923e-55,0.9999999999999966,0.0,0.0
1.9033996139335506e-55,0.9999999999999966,0.0,0.0
1.8797552041942297e-55,0.9999999999999966,0.0,0.0
1.856404510029835e-55,0.9999999999999966,0.0,0.0
1.8333438828468972e-55,0.9999999999999966,0.0,0.0
1.810569719375504e-55,0.9999999999999966,0.0,0.0
1.788078461106279e-55,0.9999999999999966,0.0,0.0
1.7658665937343613e-55,0.9999999999999966,0.0,0.0
1.7439306466102846e-55,0.9999999999999966,0.0,0.0
1.7222671921976833e-55,0.9999999999999966,0.0,0.0
1.700872845537732e-55,0.9999999999999966,0.0,0.0
1.6797442637202394e-55,0.9999999999999966,0.0,0.0
1.658878145361311e-55,0.9999999999999966,0.0,0.0
1.6382712300875034e-55,0.9999999999999966,0.0,0.0
1.6179202980263799e-55,0.9999999999999966,0.0,0.0
1.5978221693034033e-55,0.9999999999999966,0.0,0.0
1.5779737035450723e-55,0.9999999999999966,0.0,0.0
1.5583717993882314e-55,0.9999999999999966,0.0,0.0
1.5390133939954768e-55,0.9999999999999966,0.0,0.0
1.5198954625765822e-55,0.9999999999999966,0.0,0.0
1.501015017915869e-55,0.9999999999999966,0.0,0.0
1.4823691099054474e-55,0.9999999999999966,0.0,0.0
1.4639548250842565e-55,0.9999999999999966,0.0,0.0
1.4457692861828303e-55,0.9999999999999966,0.0,0.0
1.4278096516737177e-55,0.9999999999999966,0.0,0.0
1.4100731153274888e-55,0.9999999999999966,0.0,0.0
1.392556905774255e-55,0.9999999999999966,0.0,0.0
1.3752582860706383e-55,0.9999999999999966,0.0,0.0
1.3581745532721165e-55,0.9999999999999966,0.0,0.0
1.3413030380106837e-55,0.9999999999999966,0.0,0.0
1.3246411040777563e-55,0.9999999999999966,0.0,0.0
1.308186148012259e-55,0.9999999999999966,0.0,0.0
1.29193559869383e-55,0.9999999999999966,0.0,0.0
1.2758869169410772e-55,0.9999999999999966,0.0,0.0
1.2600375951148268e-55,0.9999999999999966,0.0,0.0
1.2443851567262983e-55,0.9999999999999966,0.0,0.0
1.2289271560501498e-55,0.9999999999999966,0.0,0.0
1.2136611777423267e-55,0.9999999999999966,0.0,0.0
1.1985848364626609e-55,0.9999999999999966,0.0,0.0
1.183695776502155e-55,0.9999999999999966,0.0,0.0
1.1689916714148995e-55,0.9999999999999966,0.0,0.0
1.1544702236545595e-55,0.9999999999999966,0.0,0.0
1.1401291642153792e-55,0.9999999999999966,0.0,0.0
1.125966252277645e-55,0.9999999999999966,0.0,0.0
1.1119792748575531e-55,0.9999999999999966,0.0,0.0
1.0981660464614257e-55,0.9999999999999966,0.0,0.0
1.0845244087442234e-55,0.9999999999999966,0.0,0.0
1.0710522301722996e-55,0.9999999999999966,0.0,0.0
1.0577474056903443e-55,0.9999999999999966,0.0,0.0
1.044607856392464e-55,0.9999999999999966,0.0,0.0
1.0316315291973488e-55,0.9999999999999966,0.0,0.0
1.0188163965274754e-55,0.9999999999999966,0.0,0.0
1.006160455992292e-55,0.9999999999999966,0.0,0.0
9.936617300753421e-56,0.9999999999999966,0.0,0.0
9.813182658252731e-56,0.9999999999999966,0.0,0.0
9.691281345506837e-56,0.9999999999999966,0.0,0.0
9.570894315187621e-56,0.9999999999999966,0.0,0.0
9.452002756576674e-56,0.9999999999999966,0.0,0.0
9.334588092626084e-56,0.9999999999999966,0.0,0.0
9.218631977055734e-56,0.9999999999999966,0.0,0.0
9.10411629148666e-56,0.9999999999999966,0.0,0.0
8.991023142610014e-56,0.9999999999999966,0.0,0.0
8.8793348593912e-56,0.9999999999999966,0.0,0.0
8.769033990308745e-56,0.9999999999999966,0.0,0.0
8.66010330062745e-56,0.9999999999999966,0.0,0.0
8.552525769705438e-56,0.9999999999999966,0.0,0.0
8.446284588334641e-56,0.9999999999999966,0.0,0.0
8.34136315611433e-56,0.9999999999999966,0.0,0.0
8.237745078857262e-56,0.9999999999999966,0.0,0.0
8.135414166028056e-56,0.9999999999999966,0.0,0.0
8.0343544282133995e-56,0.9999999999999966,0.0,0.0
7.934550074623655e-56,0.9999999999999966,0.0,0.0
7.835985510625529e-56,0.9999999999999966,0.0,0.0
7.738645335305371e-56,0.9999999999999966,0.0,0.0
7.642514339062753e-56,0.9999999999999966,0.0,0.0
7.5475775012339395e-56,0.9999999999999966,0.0,0.0
7.453819987744875e-56,0.9999999999999966,0.0,0.0
7.361227148793331e-56,0.9999999999999966,0.0,0.0
7.2697845165598455e-56,0.9999999999999966,0.0,0.0
7.179477802947098e-56,0.9999999999999966,0.0,0.0
7.090292897347359e-56,0.9999999999999966,0.0,0.0
7.002215864437689e-56,0.9999999999999966,0.0,0.0
6.915232942002507e-56,0.9999999999999966,0.0,0.0
6.829330538783218e-56,0.9999999999999966,0.0,0.0
6.744495232354556e-56,0.9999999999999966,0.0,0.0
6.660713767027299e-56,0.9999999999999966,0.0,0.0
6.577973051777038e-56,0.9999999999999966,0.0,0.0
6.496260158198687e-56,0.9999999999999966,0.0,0.0
6.415562318486379e-56,0.9999999999999966,0.0,0.0
6.335866923438487e-56,0.9999999999999966,0.0,0.0
6.257161520487396e-56,0.9999999999999966,0.0,0.0
6.179433811753773e-56,0.9999999999999966,0.0,0.0
6.102671652124996e-56,0.9999999999999966,0.0,0.0
6.026863047357453e-56,0.9999999999999966,0.0,0.0
5.95199615220242e-56,0.9999999999999966,0.0,0.0
5.878059268555217e-56,0.9999999999999966,0.0,0.0
5.805040843627353e-56,0.9999999999999966,0.0,0.0
5.73292946814138e-56,0.9999999999999966,0.0,0.0
5.661713874548171e-56,0.9999999999999966,0.0,0.0
5.591382935266343e-56,0.9999999999999966,0.0,0.0
5.521925660943548e-56,0.9999999999999966,0.0,0.0
5.453331198739366e-56,0.9999999999999966,0.0,0.0
5.385588830629524e-56,0.9999999999999966,0.0,0.0
5.318687971731189e-56,0.9999999999999966,0.0,0.0
5.2526181686490495e-56,0.9999999999999966,0.0,0.0
5.1873690978419585e-56,0.9999999999999966,0.0,0.0
5.122930564009857e-56,0.9999999999999966,0.0,0.0
5.059292498500735e-56,0.9999999999999966,0.0,0.0
4.99644495773739e-56,0.9999999999999966,0.0,0.0
4.934378121663716e-56,0.9999999999999966,0.0,0.0
4.8730822922103055e-56,0.9999999999999966,0.0,0.0
4.8125478917791025e-56,0.9999999999999966,0.0,0.0
4.752765461746886e-56,0.9999999999999966,0.0,0.0
4.6937256609873385e-56,0.9999999999999966,0.0,0.0
4.635419264411478e-56,0.9999999999999966,0.0,0.0
4.577837161526218e-56,0.9999999999999966,0.0,0.0
4.520970355010833e-56,0.9999999999999966,0.0,0.0
4.464809959311115e-56,0.9999999999999966,0.0,0.0
4.409347199250978e-56,0.9999999999999966,0.0,0.0
4.3545734086613275e-56,0.9999999999999966,0.0,0.0
4.3004800290259495e-56,0.9999999999999966,0.0,0.0
4.247058608144225e-56,0.9999999999999966,0.0,0.0
4.1943007988104575e-56,0.9999999999999966,0.0,0.0
4.142198357509606e-56,0.9999999999999966,0.0,0.0
4.0907431431292175e-56,0.9999999999999966,0.0,0.0
4.039927115687362e-56,0.9999999999999966,0.0,0.0
3.9897423350763687e-56,0.9999999999999966,0.0,0.0
3.940180959822168e-56,0.9999999999999966,0.0,0.0
3.8912352458590466e-56,0.9999999999999966,0.0,0.0
3.8428975453196205e-56,0.9999999999999966,0.0,0.0
3.79516030533984e-56,0.9999999999999966,0.0,0.0
3.7480160668788383e-56,0.9999999999999966,0.0,0.0
3.7014574635534433e-56,0.9999999999999966,0.0,0.0
3.6554772204871646e-56,0.9999999999999966,0.0,0.0
3.6100681531734785e-56,0.9999999999999966,0.0,0.0
3.565223166353234e-56,0.9999999999999966,0.0,0.0
3.5209352529060066e-56,0.9999999999999966,0.0,0.0
3.4771974927552176e-56,0.9999999999999966,0.0,0.0
3.4340030517868615e-56,0.9999999999999966,0.0,0.0
3.3913451807816605e-56,0.9999999999999966,0.0,0.0
3.349217214360484e-56,0.9999999999999966,0.0,0.0
3.3076125699428707e-56,0.9999999999999966,0.0,0.0
3.266524746718489e-56,0.9999999999999966,0.0,0.0
3.2259473246313685e-56,0.9999999999999966,0.0,0.0
3.1858739633767555e-56,0.9999999999999966,0.0,0.0
3.146298401410426e-56,0.9999999999999966,0.0,0.0
3.107214454970309e-56,0.9999999999999966,0.0,0.0
3.0686160171102586e-56,0.9999999999999966,0.0,0.0
3.0304970567458317e-56,0.9999999999999966,0.0,0.0
2.992851617711921e-56,0.9999999999999966,0.0,0.0
2.9556738178320893e-56,0.9999999999999966,0.0,0.0
2.918957847999469e-56,0.9999999999999966,0.0,0.0
2.8826979712690766e-56,0.9999999999999966,0.0,0.0
2.846888521961405e-56,0.9999999999999966,0.0,0.0
2.8115239047771466e-56,0.9999999999999966,0.0,0.0
2.7765985939229185e-56,0.9999999999999966,0.0,0.0
2.7421071322478467e-56,0.9999999999999966,0.0,0.0
2.708044130390872e-56,0.9999999999999966,0.0,0.0
2.674404265938656e-56,0.9999999999999966,0.0,0.0
2.641182282593939e-56,0.9999999999999966,0.0,0.0
2.6083729893542343e-56,0.9999999999999966,0.0,0.0
2.5759712597007246e-56,0.9999999999999966,0.0,0.0
2.543972030797232e-56,0.9999999999999966,0.0,0.0
2.5123703026991397e-56,0.9999999999999966,0.0,0.0
2.48116113757214e-56,0.9999999999999966,0.0,0.0
2.4503396589206874e-56,0.9999999999999966,0.0,0.0
2.419901050826039e-56,0.9999999999999966,0.0,0.0
2.3898405571937533e-56,0.9999999999999966,0.0,0.0
2.3601534810105443e-56,0.9999999999999966,0.0,0.0
2.3308351836103605e-56,0.9999999999999966,0.0,0.0
2.3018810839495875e-56,0.9999999999999966,0.0,0.0
2.2732866578912474e-56,0.9999999999999966,0.0,0.0
2.245047437498094e-56,0.9999999999999966,0.0,0.0
2.21715901033449e-56,0.9999999999999966,0.0,0.0
2.1896170187769535e-56,0.9999999999999966,0.0,0.0
2.1624171593332705e-56,0.9999999999999966,0.0,0.0
2.1355551819700663e-56,0.9999999999999966,0.0,0.0
2.109026889448729e-56,0.9999999999999966,0.0,0.0
2.0828281366695806e-56,0.9999999999999966,0.0,0.0
2.0569548300241996e-56,0.9999999999999966,0.0,0.0
2.0314029267557852e-56,0.9999999999999966,0.0,0.0
2.0061684343274673e-56,0.9999999999999966,0.0,0.0
1.9812474097984655e-56,0.9999999999999966,0.0,0.0
1.9566359592079965e-56,0.9999999999999966,0.0,0.0
1.9323302369668346e-56,0.9999999999999966,0.0,0.0
1.9083264452564314e-56,0.9999999999999966,0.0,0.0
1.884620833435497e-56,0.9999999999999966,0.0,0.0
1.861209697453957e-56,0.9999999999999966,0.0,0.0
1.838089379274185e-56,0.9999999999999966,0.0,0.0
1.815256266299428e-56,0.9999999999999966,0.0,0.0
1.7927067908093317e-56,0.9999999999999966,0.0,0.0
1.7704374294024744e-56,0.9999999999999966,0.0,0.0
1.7484447024458303e-56,0.9999999999999966,0.0,0.0
1.7267251735310697e-56,0.9999999999999966,0.0,0.0
1.7052754489376117e-56,0.9999999999999966,0.0,0.0
1.6840921771023506e-56,0.9999999999999966,0.0,0.0
1.663172048095966e-56,0.9999999999999966,0.0,0.0
1.6425117931057389e-56,0.9999999999999966,0.0,0.0
1.6221081839247952e-56,0.9999999999999966,0.0,0.0
1.6019580324476907e-56,0.9999999999999966,0.0,0.0
1.5820581901722617e-56,0.9999999999999966,0.0,0.0
1.562405547707668e-56,0.9999999999999966,0.0,0.0
1.5429970342885422e-56,0.9999999999999966,0.0,0.0
1.5238296172951767e-56,0.9999999999999966,0.0,0.0
1.5049003017796707e-56,0.9999999999999966,0.0,0.0
1.4862061299979648e-56,0.9999999999999966,0.0,0.0
1.4677441809476858e-56,0.9999999999999966,0.0,0.0
1.4495115699117339e-56,0.9999999999999966,0.0,0.0
1.431505448007542e-56,0.9999999999999966,0.0,0.0
1.4137230017419295e-56,0.9999999999999966,0.0,0.0
1.3961614525714904e-56,0.9999999999999966,0.0,0.0
1.378818056468438e-56,0.9999999999999966,0.0,0.0
1.361690103491848e-56,0.9999999999999966,0.0,0.0
1.3447749173642207e-56,0.9999999999999966,0.0,0.0
1.3280698550533112e-56,0.9999999999999966,0.0,0.0
1.3115723063591475e-56,0.9999999999999966,0.0,0.0
1.2952796935061826e-56,0.9999999999999966,0.0,0.0
1.279189470740512e-56,0.9999999999999966,0.0,0.0
1.2632991239320934e-56,0.9999999999999966,0.0,0.0
1.2476061701819103e-56,0.9999999999999966,0.0,0.0
1.2321081574340125e-56,0.9999999999999966,0.0,0.0
1.216802664092378e-56,0.9999999999999966,0.0,0.0
1.201687298642534e-56,0.9999999999999966,0.0,0.0
1.1867596992778775e-56,0.9999999999999966,0.0,0.0
1.1720175335306383e-56,0.9999999999999966,0.0,0.0
1.1574584979074262e-56,0.9999999999999966,0.0,0.0
1.1430803175293052e-56,0.9999999999999966,0.0,0.0
1.1288807457763399e-56,0.9999999999999966,0.0,0.0
1.1148575639365554e-56,0.9999999999999966,0.0,0.0
1.1010085808592593e-56,0.9999999999999966,0.0,0.0
1.0873316326126715e-56,0.9999999999999966,0.0,0.0
1.0738245821458028e-56,0.9999999999999966,0.0,0.0
1.0604853189545386e-56,0.9999999999999966,0.0,0.0
1.0473117587518668e-56,0.9999999999999966,0.0,0.0
1.0343018431422051e-56,0.9999999999999966,0.0,0.0
1.0214535392997714e-56,0.9999999999999966,0.0,0.0
1.008764839650951e-56,0.9999999999999966,0.0,0.0
9.962337615606093e-57,0.9999999999999966,0.0,0.0
9.838583470223008e-57,0.9999999999999966,0.0,0.0
9.716366623523266e-57,0.9999999999999966,0.0,0.0
9.595667978875929e-57,0.9999999999999966,0.0,0.0
9.476468676872211e-57,0.9999999999999966,0.0,0.0
9.358750092378671e-57,0.9999999999999966,0.0,0.0
9.242493831626989e-57,0.9999999999999966,0.0,0.0
9.127681729339904e-57,0.9999999999999966,0.0,0.0
9.014295845892855e-57,0.9999999999999966,0.0,0.0
8.902318464510876e-57,0.9999999999999966,0.0,0.0
8.791732088500311e-57,0.9999999999999966,0.0,0.0
8.682519438514929e-57,0.9999999999999966,0.0,0.0
8.574663449855979e-57,0.9999999999999966,0.0,0.0
8.468147269805808e-57,0.9999999999999966,0.0,0.0
8.362954254994578e-57,0.9999999999999966,0.0,0.0
8.259067968799715e-57,0.9999999999999966,0.0,0.0
8.156472178777653e-57,0.9999999999999966,0.0,0.0
8.055150854127472e-57,0.9999999999999966,0.0,0.0
7.955088163186062e-57,0.9999999999999966,0.0,0.0
7.856268470954391e-57,0.9999999999999966,0.0,0.0
7.758676336654506e-57,0.9999999999999966,0.0,0.0
7.662296511316873e-57,0.9999999999999966,0.0,0.0
7.567113935397704e-57,0.9999999999999966,0.0,0.0
7.473113736425868e-57,0.9999999999999966,0.0,0.0
7.380281226679038e-57,0.9999999999999966,0.0,0.0
7.2886019008887e-57,0.9999999999999966,0.0,0.0
7.198061433973682e-57,0.9999999999999966,0.0,0.0
7.108645678801832e-57,0.9999999999999966,0.0,0.0
7.020340663979489e-57,0.9999999999999966,0.0,0.0
6.933132591668436e-57,0.9999999999999966,0.0,0.0
6.847007835429952e-57,0.9999999999999966,0.0,0.0
6.761952938095662e-57,0.9999999999999966,0.0,0.0
6.677954609664813e-57,0.9999999999999966,0.0,0.0
6.5949997252277e-57,0.9999999999999966,0.0,0.0
6.513075322914862e-57,0.9999999999999966,0.0,0.0
6.432168601871765e-57,0.9999999999999966,0.0,0.0
6.352266920258646e-57,0.9999999999999966,0.0,0.0
6.273357793275198e-57,0.9999999999999966,0.0,0.0
6.19542889120979e-57,0.9999999999999966,0.0,0.0
6.118468037512935e-57,0.9999999999999966,0.0,0.0
6.042463206894667e-57,0.9999999999999966,0.0,0.0
5.967402523445576e-57,0.9999999999999966,0.0,0.0
5.893274258781164e-57,0.9999999999999966,0.0,0.0
5.820066830209268e-57,0.9999999999999966,0.0,0.0
5.747768798920236e-57,0.9999999999999966,0.0,0.0
5.676368868199593e-57,0.9999999999999966,0.0,0.0
5.605855881662903e-57,0.9999999999999966,0.0,0.0
5.536218821512565e-57,0.9999999999999966,0.0,0.0
5.467446806816258e-57,0.9999999999999966,0.0,0.0
5.399529091806771e-57,0.9999999999999966,0.0,0.0
5.33245506420296e-57,0.9999999999999966,0.0,0.0
5.266214243551551e-57,0.9999999999999966,0.0,0.0
5.200796279589556e-57,0.9999999999999966,0.0,0.0
5.136190950627013e-57,0.9999999999999966,0.0,0.0
5.072388161949839e-57,0.9999999999999966,0.0,0.0
5.009377944242497e-57,0.9999999999999966,0.0,0.0
4.94715045203028e-57,0.9999999999999966,0.0,0.0
4.88569596214093e-57,0.9999999999999966,0.0,0.0
4.8250048721853777e-57,0.9999999999999966,0.0,0.0
4.765067699057342e-57,0.9999999999999966,0.0,0.0
4.7058750774515833e-57,0.9999999999999966,0.0,0.0
4.647417758400551e-57,0.9999999999999966,0.0,0.0
4.5896866078292155e-57,0.9999999999999966,0.0,0.0
4.532672605127849e-57,0.9999999999999966,0.0,0.0
4.476366841742536e-57,0.9999999999999966,0.0,0.0
4.4207605197831963e-57,0.9999999999999966,0.0,0.0
4.3658449506488965e-57,0.9999999999999966,0.0,0.0
4.3116115536702356e-57,0.9999999999999966,0.0,0.0
4.2580518547686e-57,0.9999999999999966,0.0,0.0
4.205157485132073e-57,0.9999999999999966,0.0,0.0
4.152920179907787e-57,0.9999999999999966,0.0,0.0
4.101331776910526e-57,0.9999999999999966,0.0,0.0
4.0503842153473683e-57,0.9999999999999966,0.0,0.0
4.000069534558169e-57,0.9999999999999966,0.0,0.0
3.9503798727716924e-57,0.9999999999999966,0.0,0.0
3.9013074658771923e-57,0.9999999999999966,0.0,0.0
3.852844646211257e-57,0.9999999999999966,0.0,0.0
3.804983841359718e-57,0.9999999999999966,0.0,0.0
3.7577175729744465e-57,0.9999999999999966,0.0,0.0
3.7110384556048473e-57,0.9999999999999966,0.0,0.0
3.664939195543864e-57,0.9999999999999966,0.0,0.0
3.6194125896883257e-57,0.9999999999999966,0.0,0.0
3.574451524413446e-57,0.9999999999999966,0.0,0.0
3.5300489744613036e-57,0.9999999999999966,0.0,0.0
3.486198001843135e-57,0.9999999999999966,0.0,0.0
3.442891754755255e-57,0.9999999999999966,0.0,0.0
3.400123466508452e-57,0.9999999999999966,0.0,0.0
3.357886454470678e-57,0.9999999999999966,0.0,0.0
3.316174119022872e-57,0.9999999999999966,0.0,0.0
3.2749799425277597e-57,0.9999999999999966,0.0,0.0
3.2342974883114544e-57,0.9999999999999966,0.0,0.0
3.19412039965772e-57,0.9999999999999966,0.0,0.0
3.1544423988147145e-57,0.9999999999999966,0.0,0.0
3.1152572860140845e-57,0.9999999999999966,0.0,0.0
3.076558938502234e-57,0.9999999999999966,0.0,0.0
3.038341309583635e-57,0.9999999999999966,0.0,0.0
3.000598427676016e-57,0.9999999999999966,0.0,0.0
2.9633243953772944e-57,0.9999999999999966,0.0,0.0
2.92651338854409e-57,0.9999999999999966,0.0,0.0
2.890159655381696e-57,0.9999999999999966,0.0,0.0
2.854257515545344e-57,0.9999999999999966,0.0,0.0
2.818801359252645e-57,0.9999999999999966,0.0,0.0
2.7837856464070446e-57,0.9999999999999966,0.0,0.0
2.7492049057321715e-57,0.9999999999999966,0.0,0.0
2.715053733916944e-57,0.9999999999999966,0.0,0.0
2.681326794771286e-57,0.9999999999999966,0.0,0.0
2.648018818392341e-57,0.9999999999999966,0.0,0.0
2.615124600341035e-57,0.9999999999999966,0.0,0.0
2.582639000828877e-57,0.9999999999999966,0.0,0.0
2.550556943914853e-57,0.9999999999999966,0.0,0.0
2.5188734167122992e-57,0.9999999999999966,0.0,0.0
2.487583468605633e-57,0.9999999999999966,0.0,0.0
2.4566822104768048e-57,0.9999999999999966,0.0,0.0
2.4261648139413643e-57,0.9999999999999966,0.0,0.0
2.396026510594017e-57,0.9999999999999966,0.0,0.0
2.3662625912635502e-57,0.9999999999999966,0.0,0.0
2.3368684052770145e-57,0.9999999999999966,0.0,0.0
2.307839359733049e-57,0.9999999999999966,0.0,0.0
2.2791709187842293e-57,0.9999999999999966,0.0,0.0
2.2508586029283324e-57,0.9999999999999966,0.0,0.0
2.2228979883084058e-57,0.9999999999999966,0.0,0.0
2.1952847060215305e-57,0.9999999999999966,0.0,0.0
2.1680144414361718e-57,0.9999999999999966,0.0,0.0
2.1410829335180077e-57,0.9999999999999966,0.0,0.0
2.114485974164135e-57,0.9999999999999966,0.0,0.0
2.0882194075455448e-57,0.9999999999999966,0.0,0.0
2.062279129457765e-57,0.9999999999999966,0.0,0.0
2.03666108667957e-57,0.9999999999999966,0.0,0.0
2.011361276339657e-57,0.9999999999999966,0.0,0.0
1.986375745291189e-57,0.9999999999999966,0.0,0.0
1.961700589494108e-57,0.9999999999999966,0.0,0.0
1.93733195340512e-57,0.9999999999999966,0.0,0.0
1.9132660293752602e-57,0.9999999999999966,0.0,0.0
1.889499057054937e-57,0.9999999999999966,0.0,0.0
1.866027322806373e-57,0.9999999999999966,0.0,0.0
1.84284715912334e-57,0.9999999999999966,0.0,0.0
1.819954944058103e-57,0.9999999999999966,0.0,0.0
1.7973471006554853e-57,0.9999999999999966,0.0,0.0
1.7750200963939605e-57,0.9999999999999966,0.0,0.0
1.75297044263369e-57,0.9999999999999966,0.0,0.0
1.731194694071414e-57,0.9999999999999966,0.0,0.0
1.7096894482021187e-57,0.9999999999999966,0.0,0.0
1.688451344787385e-57,0.9999999999999966,0.0,0.0
1.667477065330347e-57,0.9999999999999966,0.0,0.0
1.6467633325571682e-57,0.9999999999999966,0.0,0.0
1.6263069099049617e-57,0.9999999999999966,0.0,0.0
1.6061046010160704e-57,0.9999999999999966,0.0,0.0
1.5861532492386297e-57,0.9999999999999966,0.0,0.0
1.566449737133335e-57,0.9999999999999966,0.0,0.0
1.546990985986333e-57,0.9999999999999966,0.0,0.0
1.52777395532817e-57,0.9999999999999966,0.0,0.0
1.5087956424587086e-57,0.9999999999999966,0.0,0.0
1.4900530819779535e-57,0.9999999999999966,0.0,0.0
1.471543345322698e-57,0.9999999999999966,0.0,0.0
1.453263540308933e-57,0.9999999999999966,0.0,0.0
1.4352108106799355e-57,0.9999999999999966,0.0,0.0
1.4173823356599736e-57,0.9999999999999966,0.0,0.0
1.3997753295135542e-57,0.9999999999999966,0.0,0.0
1.3823870411101465e-57,0.9999999999999966,0.0,0.0
1.3652147534943116e-57,0.9999999999999966,0.0,0.0
1.3482557834611736e-57,0.9999999999999966,0.0,0.0
1.3315074811371625e-57,0.9999999999999966,0.0,0.0
1.3149672295659663e-57,0.9999999999999966,0.0,0.0
1.2986324442996272e-57,0.9999999999999966,0.0,0.0
1.2825005729947146e-57,0.9999999999999966,0.0,0.0
1.2665690950135177e-57,0.9999999999999966,0.0,0.0
1.2508355210301902e-57,0.9999999999999966,0.0,0.0
1.2352973926417877e-57,0.9999999999999966,0.0,0.0
1.2199522819841384e-57,0.9999999999999966,0.0,0.0
1.2047977913524829e-57,0.9999999999999966,0.0,0.0
1.1898315528268289e-57,0.9999999999999966,0.0,0.0
1.1750512279019588e-57,0.9999999999999966,0.0,0.0
1.1604545071220332e-57,0.9999999999999966,0.0,0.0
1.1460391097197337e-57,0.9999999999999966,0.0,0.0
1.1318027832598891e-57,0.9999999999999966,0.0,0.0
1.117743303287527e-57,0.9999999999999966,0.0,0.0
1.103858472980298e-57,0.9999999999999966,0.0,0.0
1.0901461228052188e-57,0.9999999999999966,0.0,0.0
1.0766041101796774e-57,0.9999999999999966,0.0,0.0
1.0632303191366505e-57,0.9999999999999966,0.0,0.0
1.0500226599940792e-57,0.9999999999999966,0.0,0.0
1.0369790690283522e-57,0.9999999999999966,0.0,0.0
1.0240975081518447e-57,0.9999999999999966,0.0,0.0
1.0113759645944627e-57,0.9999999999999966,0.0,0.0
9.988124505891438e-58,0.9999999999999966,0.0,0.0
9.864050030612651e-58,0.9999999999999966,0.0,0.0
9.74151683321908e-58,0.9999999999999966,0.0,0.0
9.620505767649342e-58,0.9999999999999966,0.0,0.0
9.500997925678253e-58,0.9999999999999966,0.0,0.0
9.382974633962371e-58,0.9999999999999966,0.0,0.0
9.266417451122254e-58,0.9999999999999966,0.0,0.0
9.151308164860953e-58,0.9999999999999966,0.0,0.0
9.037628789118303e-58,0.9999999999999966,0.0,0.0
8.925361561260572e-58,0.9999999999999966,0.0,0.0
8.814488939305004e-58,0.9999999999999966,0.0,0.0
8.70499359917885e-58,0.9999999999999966,0.0,0.0
8.596858432012458e-58,0.9999999999999966,0.0,0.0
8.49006654146596e-58,0.9999999999999966,0.0,0.0
8.384601241089195e-58,0.9999999999999966,0.0,0.0
8.280446051714413e-58,0.9999999999999966,0.0,0.0
8.177584698881379e-58,0.9999999999999966,0.0,0.0
8.076001110294446e-58,0.9999999999999966,0.0,0.0
7.97567941331123e-58,0.9999999999999966,0.0,0.0
7.876603932462477e-58,0.9999999999999966,0.0,0.0
7.77875918700274e-58,0.9999999999999966,0.0,0.0
7.682129888491481e-58,0.9999999999999966,0.0,0.0
7.58670093840422e-58,0.9999999999999966,0.0,0.0
7.49245742577336e-58,0.9999999999999966,0.0,0.0
7.399384624858318e-58,0.9999999999999966,0.0,0.0
7.3074679928446e-58,0.9999999999999966,0.0,0.0
7.216693167571454e-58,0.9999999999999966,0.0,0.0
7.127045965287754e-58,0.9999999999999966,0.0,0.0
7.038512378435759e-58,0.9999999999999966,0.0,0.0
6.951078573462408e-58,0.9999999999999966,0.0,0.0
6.864730888657792e-58,0.9999999999999966,0.0,0.0
6.779455832020493e-58,0.9999999999999966,0.0,0.0
6.695240079149421e-58,0.9999999999999966,0.0,0.0
6.612070471161858e-58,0.9999999999999966,0.0,0.0
6.52993401263735e-58,0.9999999999999966,0.0,0.0
6.448817869587152e-58,0.9999999999999966,0.0,0.0
6.368709367448884e-58,0.9999999999999966,0.0,0.0
6.28959598910611e-58,0.9999999999999966,0.0,0.0
6.2114653729325134e-58,0.9999999999999966,0.0,0.0
6.134305310860363e-58,0.9999999999999966,0.0,0.0
6.058103746472981e-58,0.9999999999999966,0.0,0.0
5.982848773120904e-58,0.9999999999999966,0.0,0.0
5.9085286320614435e-58,0.9999999999999966,0.0,0.0
5.835131710621357e-58,0.9999999999999966,0.0,0.0
5.7626465403823486e-58,0.9999999999999966,0.0,0.0
5.6910617953891e-58,0.9999999999999966,0.0,0.0
5.620366290379571e-58,0.9999999999999966,0.0,0.0
5.550548979037276e-58,0.9999999999999966,0.0,0.0
5.481598952265279e-58,0.9999999999999966,0.0,0.0
5.4135054364816205e-58,0.9999999999999966,0.0,0.0
5.346257791935928e-58,0.9999999999999966,0.0,0.0
5.2798455110469275e-58,0.9999999999999966,0.0,0.0
5.214258216760617e-58,0.9999999999999966,0.0,0.0
5.149485660928832e-58,0.9999999999999966,0.0,0.0
5.085517722707946e-58,0.9999999999999966,0.0,0.0
5.022344406977472e-58,0.9999999999999966,0.0,0.0
4.959955842778305e-58,0.9999999999999966,0.0,0.0
4.8983422817703626e-58,0.9999999999999966,0.0,0.0
4.837494096709387e-58,0.9999999999999966,0.0,0.0
4.77740177994267e-58,0.9999999999999966,0.0,0.0
4.71805594192346e-58,0.9999999999999966,0.0,0.0
4.6594473097438326e-58,0.9999999999999966,0.0,0.0
4.601566725685773e-58,0.9999999999999966,0.0,0.0
4.5444051457902655e-58,0.9999999999999966,0.0,0.0
4.48795363844416e-58,0.9999999999999966,0.0,0.0
4.432203382984586e-58,0.9999999999999966,0.0,0.0
4.377145668320706e-58,0.9999999999999966,0.0,0.0
4.322771891572592e-58,0.9999999999999966,0.0,0.0
4.269073556727007e-58,0.9999999999999966,0.0,0.0
4.216042273309883e-58,0.9999999999999966,0.0,0.0
4.163669755075298e-58,0.9999999999999966,0.0,0.0
4.111947818710728e-58,0.9999999999999966,0.0,0.0
4.06086838255839e-58,0.9999999999999966,0.0,0.0
4.010423465352466e-58,0.9999999999999966,0.0,0.0
3.9606051849720166e-58,0.9999999999999966,0.0,0.0
3.911405757209378e-58,0.9999999999999966,0.0,0.0
3.862817494553869e-58,0.9999999999999966,0.0,0.0
3.8148328049905994e-58,0.9999999999999966,0.0,0.0
3.767444190814202e-58,0.9999999999999966,0.0,0.0
3.720644247457302e-58,0.9999999999999966,0.0,0.0
3.6744256623335374e-58,0.9999999999999966,0.0,0.0
3.628781213694954e-58,0.9999999999999966,0.0,0.0
3.5837037695035895e-58,0.9999999999999966,0.0,0.0
3.539186286317082e-58,0.9999999999999966,0.0,0.0
3.495221808188114e-58,0.9999999999999966,0.0,0.0
3.451803465577536e-58,0.9999999999999966,0.0,0.0
3.40892447428098e-58,0.9999999999999966,0.0,0.0
3.366578134368823e-58,0.9999999999999966,0.0,0.0
3.324757829139301e-58,0.9999999999999966,0.0,0.0
3.283457024084641e-58,0.9999999999999966,0.0,0.0
3.242669265870028e-58,0.9999999999999966,0.0,0.0
3.202388181325261e-58,0.9999999999999966,0.0,0.0
3.1626074764489302e-58,0.9999999999999966,0.0,0.0
3.1233209354249656e-58,0.9999999999999966,0.0,0.0
3.0845224196514066e-58,0.9999999999999966,0.0,0.0
3.046205866781229e-58,0.9999999999999966,0.0,0.0
3.008365289775095e-58,0.9999999999999966,0.0,0.0
2.9709947759658617e-58,0.9999999999999966,0.0,0.0
2.9340884861347178e-58,0.9999999999999966,0.0,0.0
2.8976406535987936e-58,0.9999999999999966,0.0,0.0
2.861645583310103e-58,0.9999999999999966,0.0,0.0
2.8260976509656843e-58,0.9999999999999966,0.0,0.0
2.7909913021287877e-58,0.9999999999999966,0.0,0.0
2.756321051360986e-58,0.9999999999999966,0.0,0.0
2.72208148136506e-58,0.9999999999999966,0.0,0.0
2.688267242138541e-58,0.9999999999999966,0.0,0.0
2.6548730501377553e-58,0.9999999999999966,0.0,0.0
2.6218936874522645e-58,0.9999999999999966,0.0,0.0
2.5893240009895535e-58,0.9999999999999966,0.0,0.0
2.5571589016698516e-58,0.9999999999999966,0.0,0.0
2.5253933636309514e-58,0.9999999999999966,0.0,0.0
2.4940224234429092e-58,0.9999999999999966,0.0,0.0
2.4630411793324977e-58,0.9999999999999966,0.0,0.0
2.4324447904172947e-58,0.9999999999999966,0.0,0.0
2.402228475949286e-58,0.9999999999999966,0.0,0.0
2.372387514567861e-58,0.9999999999999966,0.0,0.0
2.3429172435620954e-58,0.9999999999999966,0.0,0.0
2.313813058142188e-58,0.9999999999999966,0.0,0.0
2.2850704107199556e-58,0.9999999999999966,0.0,0.0
2.256684810198263e-58,0.9999999999999966,0.0,0.0
2.2286518212692802e-58,0.9999999999999966,0.0,0.0
2.2009670637214546e-58,0.9999999999999966,0.0,0.0
2.1736262117550966e-58,0.9999999999999966,0.0,0.0
2.1466249933064627e-58,0.9999999999999966,0.0,0.0
2.119959189380237e-58,0.9999999999999966,0.0,0.0
2.093624633390307e-58,0.9999999999999966,0.0,0.0
2.0676172105087216e-58,0.9999999999999966,0.0,0.0
2.041932857022745e-58,0.9999999999999966,0.0,0.0
2.016567559699892e-58,0.9999999999999966,0.0,0.0
1.991517355160851e-58,0.9999999999999966,0.0,0.0
1.9667783292601995e-58,0.9999999999999966,0.0,0.0
1.9423466164748104e-58,0.9999999999999966,0.0,0.0
1.9182183992998552e-58,0.9999999999999966,0.0,0.0
1.894389907652313e-58,0.9999999999999966,0.0,0.0
1.8708574182818863e-58,0.9999999999999966,0.0,0.0
1.8476172541892348e-58,0.9999999999999966,0.0,0.0
1.824665784051438e-58,0.9999999999999966,0.0,0.0
1.8019994216545937e-58,0.9999999999999966,0.0,0.0
1.7796146253334633e-58,0.9999999999999966,0.0,0.0
1.757507897418081e-58,0.9999999999999966,0.0,0.0
1.735675783687235e-58,0.9999999999999966,0.0,0.0
1.7141148728287384e-58,0.9999999999999966,0.0,0.0
1.692821795906405e-58,0.9999999999999966,0.0,0.0
1.671793225833646e-58,0.9999999999999966,0.0,0.0
1.6510258768536056e-58,0.9999999999999966,0.0,0.0
1.630516504025756e-58,0.9999999999999966,0.0,0.0
1.610261902718867e-58,0.9999999999999966,0.0,0.0
1.5902589081102777e-58,0.9999999999999966,0.0,0.0
1.5705043946913854e-58,0.9999999999999966,0.0,0.0
1.550995275779279e-58,0.9999999999999966,0.0,0.0
1.5317285030344375e-58,0.9999999999999966,0.0,0.0
1.5127010659844227e-58,0.9999999999999966,0.0,0.0
1.493909991553485e-58,0.9999999999999966,0.0,0.0
1.475352343598015e-58,0.9999999999999966,0.0,0.0
1.4570252224477651e-58,0.9999999999999966,0.0,0.0
1.4389257644527701e-58,0.9999999999999966,0.0,0.0
1.4210511415358953e-58,0.9999999999999966,0.0,0.0
1.4033985607509455e-58,0.9999999999999966,0.0,0.0
1.3859652638462595e-58,0.9999999999999966,0.0,0.0
1.3687485268337282e-58,0.9999999999999966,0.0,0.0
1.3517456595631676e-58,0.9999999999999966,0.0,0.0
1.3349540053019746e-58,0.9999999999999966,0.0,0.0
1.3183709403200094e-58,0.9999999999999966,0.0,0.0
1.3019938734796311e-58,0.9999999999999966,0.0,0.0
1.2858202458308271e-58,0.9999999999999966,0.0,0.0
1.2698475302113735e-58,0.9999999999999966,0.0,0.0
1.2540732308519587e-58,0.9999999999999966,0.0,0.0
1.2384948829862157e-58,0.9999999999999966,0.0,0.0
1.223110052465597e-58,0.9999999999999966,0.0,0.0
1.2079163353790342e-58,0.9999999999999966,0.0,0.0
1.192911357677322e-58,0.9999999999999966,0.0,0.0
1.178092774802167e-58,0.9999999999999966,0.0,0.0
1.1634582713198475e-58,0.9999999999999966,0.0,0.0
1.1490055605594213e-58,0.9999999999999966,0.0,0.0
1.1347323842554285e-58,0.9999999999999966,0.0,0.0
1.1206365121950338e-58,0.9999999999999966,0.0,0.0
1.1067157418695502e-58,0.9999999999999966,0.0,0.0
1.0929678981302932e-58,0.9999999999999966,0.0,0.0
1.0793908328487095e-58,0.9999999999999966,0.0,0.0
1.0659824245807267e-58,0.9999999999999966,0.0,0.0
1.0527405782352741e-58,0.9999999999999966,0.0,0.0
1.0396632247469205e-58,0.9999999999999966,0.0,0.0
1.0267483207525783e-58,0.9999999999999966,0.0,0.0
1.0139938482722234e-58,0.9999999999999966,0.0,0.0
1.0013978143935824e-58,0.9999999999999966,0.0,0.0
9.889582509607355e-59,0.9999999999999966,0.0,0.0
9.766732142665892e-59,0.9999999999999966,0.0,0.0
9.645407847491662e-59,0.9999999999999966,0.0,0.0
9.525590666916718e-59,0.9999999999999966,0.0,0.0
9.407261879262832e-59,0.9999999999999966,0.0,0.0
9.2904029954162e-59,0.9999999999999966,0.0,0.0
9.174995755938477e-59,0.9999999999999966,0.0,0.0
9.061022128213702e-59,0.9999999999999966,0.0,0.0
8.948464303630673e-59,0.9999999999999966,0.0,0.0
8.837304694800302e-59,0.9999999999999966,0.0,0.0
8.727525932807564e-59,0.9999999999999966,0.0,0.0
8.619110864497555e-59,0.9999999999999966,0.0,0.0
8.512042549795284e-59,0.9999999999999966,0.0,0.0
8.406304259058761e-59,0.9999999999999966,0.0,0.0
8.301879470464933e-59,0.9999999999999966,0.0,0.0
8.198751867428136e-59,0.9999999999999966,0.0,0.0
8.09690533605059e-59,0.9999999999999966,0.0,0.0
7.996323962604563e-59,0.9999999999999966,0.0,0.0
7.896992031045825e-59,0.9999999999999966,0.0,0.0
7.798894020557987e-59,0.9999999999999966,0.0,0.0
7.702014603127333e-59,0.9999999999999966,0.0,0.0
7.606338641147794e-59,0.9999999999999966,0.0,0.0
7.511851185055661e-59,0.9999999999999966,0.0,0.0
7.41853747099369e-59,0.9999999999999966,0.0,0.0
7.326382918504218e-59,0.9999999999999966,0.0,0.0
7.235373128250932e-59,0.9999999999999966,0.0,0.0
7.145493879768951e-59,0.9999999999999966,0.0,0.0
7.056731129242847e-59,0.9999999999999966,0.0,0.0
6.969071007312264e-59,0.9999999999999966,0.0,0.0
6.882499816904812e-59,0.9999999999999966,0.0,0.0
6.797004031095862e-59,0.9999999999999966,0.0,0.0
6.712570290994947e-59,0.9999999999999966,0.0,0.0
6.629185403658399e-59,0.9999999999999966,0.0,0.0
6.5468363400279295e-59,0.9999999999999966,0.0,0.0
6.465510232894811e-59,0.9999999999999966,0.0,0.0
6.385194374889348e-59,0.9999999999999966,0.0,0.0
6.3058762164953315e-59,0.9999999999999966,0.0,0.0
6.227543364089142e-59,0.9999999999999966,0.0,0.0
6.150183578003226e-59,0.9999999999999966,0.0,0.0
6.073784770613624e-59,0.9999999999999966,0.0,0.0
5.998335004451251e-59,0.9999999999999966,0.0,0.0
5.923822490336646e-59,0.9999999999999966,0.0,0.0
5.8502355855378855e-59,0.9999999999999966,0.0,0.0
5.777562791951387e-59,0.9999999999999966,0.0,0.0
5.705792754305302e-59,0.9999999999999966,0.0,0.0
5.634914258385237e-59,0.9999999999999966,0.0,0.0
5.564916229282005e-59,0.9999999999999966,0.0,0.0
5.495787729661149e-59,0.9999999999999966,0.0,0.0
5.427517958053967e-59,0.9999999999999966,0.0,0.0
5.360096247169754e-59,0.9999999999999966,0.0,0.0
5.293512062229016e-59,0.9999999999999966,0.0,0.0
5.227754999317398e-59,0.9999999999999966,0.0,0.0
5.162814783760036e-59,0.9999999999999966,0.0,0.0
5.098681268516132e-59,0.9999999999999966,0.0,0.0
5.035344432593456e-59,0.9999999999999966,0.0,0.0
4.972794379482536e-59,0.9999999999999966,0.0,0.0
4.911021335610319e-59,0.9999999999999966,0.0,0.0
4.850015648813026e-59,0.9999999999999966,0.0,0.0
4.789767786827982e-59,0.9999999999999966,0.0,0.0
4.73026833580418e-59,0.9999999999999966,0.0,0.0
4.6715079988313505e-59,0.9999999999999966,0.0,0.0
4.613477594487294e-59,0.9999999999999966,0.0,0.0
4.556168055403273e-59,0.9999999999999966,0.0,0.0
4.499570426847213e-59,0.9999999999999966,0.0,0.0
4.443675865324505e-59,0.9999999999999966,0.0,0.0
4.388475637196198e-59,0.9999999999999966,0.0,0.0
4.333961117314343e-59,0.9999999999999966,0.0,0.0
4.280123787674303e-59,0.9999999999999966,0.0,0.0
4.226955236083791e-59,0.9999999999999966,0.0,0.0
4.174447154848453e-59,0.9999999999999966,0.0,0.0
4.122591339473771e-59,0.9999999999999966,0.0,0.0
4.0713796873830935e-59,0.9999999999999966,0.0,0.0
4.020804196651595e-59,0.9999999999999966,0.0,0.0
3.970856964755954e-59,0.9999999999999966,0.0,0.0
3.921530187339573e-59,0.9999999999999966,0.0,0.0
3.8728161569931264e-59,0.9999999999999966,0.0,0.0
3.824707262050267e-59,0.9999999999999966,0.0,0.0
3.7771959853982846e-59,0.9999999999999966,0.0,0.0
3.7302749033035427e-59,0.9999999999999966,0.0,0.0
3.683936684251506e-59,0.9999999999999966,0.0,0.0
3.6381740878011746e-59,0.9999999999999966,0.0,0.0
3.592979963453751e-59,0.9999999999999966,0.0,0.0
3.54834724953536e-59,0.9999999999999966,0.0,0.0
3.50426897209365e-59,0.9999999999999966,0.0,0.0
3.4607382438080948e-59,0.9999999999999966,0.0,0.0
3.4177482629138395e-59,0.9999999999999966,0.0,0.0
3.3752923121389075e-59,0.9999999999999966,0.0,0.0
3.333363757654616e-59,0.9999999999999966,0.0,0.0
3.2919560480390247e-59,0.9999999999999966,0.0,0.0
3.251062713253265e-59,0.9999999999999966,0.0,0.0
3.2106773636305803e-59,0.9999999999999966,0.0,0.0
3.1707936888779304e-59,0.9999999999999966,0.0,0.0
3.131405457089994e-59,0.9999999999999966,0.0,0.0
3.092506513775421e-59,0.9999999999999966,0.0,0.0
3.05409078089518e-59,0.9999999999999966,0.0,0.0
3.016152255912854e-59,0.9999999999999966,0.0,0.0
2.9786850108567293e-59,0.9999999999999966,0.0,0.0
2.9416831913935416e-59,0.9999999999999966,0.0,0.0
2.9051410159137215e-59,0.9999999999999966,0.0,0.0
2.869052774628006e-59,0.9999999999999966,0.0,0.0
2.833412828675275e-59,0.9999999999999966,0.0,0.0
2.798215609241466e-59,0.9999999999999966,0.0,0.0
2.763455616689435e-59,0.9999999999999966,0.0,0.0
2.729127419699628e-59,0.9999999999999966,0.0,0.0
2.6952256544214275e-59,0.9999999999999966,0.0,0.0
2.661745023635036e-59,0.9999999999999966,0.0,0.0
2.6286802959237783e-59,0.9999999999999966,0.0,0.0
2.5960263048566817e-59,0.9999999999999966,0.0,0.0
2.5637779481812086e-59,0.9999999999999966,0.0,0.0
2.5319301870260206e-59,0.9999999999999966,0.0,0.0
2.5004780451136453e-59,0.9999999999999966,0.0,0.0
2.46941660798292e-59,0.9999999999999966,0.0,0.0
2.4387410222211007e-59,0.9999999999999966,0.0,0.0
2.408446494705504e-59,0.9999999999999966,0.0,0.0
2.3785282918545727e-59,0.9999999999999966,0.0,0.0
2.3489817388882442e-59,0.9999999999999966,0.0,0.0
2.3198022190975065e-59,0.9999999999999966,0.0,0.0
2.2909851731230282e-59,0.9999999999999966,0.0,0.0
2.2625260982427485e-59,0.9999999999999966,0.0,0.0
2.234420547668319e-59,0.9999999999999966,0.0,0.0
2.2066641298502836e-59,0.9999999999999966,0.0,0.0
2.179252507791888e-59,0.9999999999999966,0.0,0.0
2.1521813983714186e-59,0.9999999999999966,0.0,0.0
2.125446571672954e-59,0.9999999999999966,0.0,0.0
2.099043850325431e-59,0.9999999999999966,0.0,0.0
2.0729691088499246e-59,0.9999999999999966,0.0,0.0
2.0472182730150305e-59,0.9999999999999966,0.0,0.0
2.021787319200262e-59,0.9999999999999966,0.0,0.0
1.996672273767347e-59,0.9999999999999966,0.0,0.0
1.9718692124393408e-59,0.9999999999999966,0.0,0.0
1.9473742596874508e-59,0.9999999999999966,0.0,0.0
1.9231835881254754e-59,0.9999999999999966,0.0,0.0
1.8992934179117686e-59,0.9999999999999966,0.0,0.0
1.8757000161586308e-59,0.9999999999999966,0.0,0.0
1.8523996963490388e-59,0.9999999999999966,0.0,0.0
1.8293888177606188e-59,0.9999999999999966,0.0,0.0
1.8066637848967769e-59,0.9999999999999966,0.0,0.0
1.7842210469248949e-59,0.9999999999999966,0.0,0.0
1.7620570971215063e-59,0.9999999999999966,0.0,0.0
1.7401684723243628e-59,0.9999999999999966,0.0,0.0
1.7185517523913084e-59,0.9999999999999966,0.0,0.0
1.6972035596658754e-59,0.9999999999999966,0.0,0.0
1.6761205584495188e-59,0.9999999999999966,0.0,0.0
1.6552994544804057e-59,0.9999999999999966,0.0,0.0
1.6347369944186818e-59,0.9999999999999966,0.0,0.0
1.6144299653381291e-59,0.9999999999999966,0.0,0.0
1.5943751942241398e-59,0.9999999999999966,0.0,0.0
1.5745695474779275e-59,0.9999999999999966,0.0,0.0
1.5550099304268938e-59,0.9999999999999966,0.0,0.0
1.535693286841082e-59,0.9999999999999966,0.0,0.0
1.5166165984556322e-59,0.9999999999999966,0.0,0.0
1.4977768844991745e-59,0.9999999999999966,0.0,0.0
1.479171201228074e-59,0.9999999999999966,0.0,0.0
1.4607966414664677e-59,0.9999999999999966,0.0,0.0
1.4426503341520108e-59,0.9999999999999966,0.0,0.0
1.424729443887267e-59,0.9999999999999966,0.0,0.0
1.4070311704966738e-59,0.9999999999999966,0.0,0.0
1.3895527485890073e-59,0.9999999999999966,0.0,0.0
1.372291447125286e-59,0.9999999999999966,0.0,0.0
1.3552445689920384e-59,0.9999999999999966,0.0,0.0
1.3384094505798749e-59,0.9999999999999966,0.0,0.0
1.3217834613672938e-59,0.9999999999999966,0.0,0.0
1.305364003509656e-59,0.9999999999999966,0.0,0.0
1.289148511433266e-59,0.9999999999999966,0.0,0.0
1.273134451434498e-59,0.9999999999999966,0.0,0.0
1.2573193212838968e-59,0.9999999999999966,0.0,0.0
1.2417006498352018e-59,0.9999999999999966,0.0,0.0
1.2262759966392229e-59,0.9999999999999966,0.0,0.0
1.2110429515625182e-59,0.9999999999999966,0.0,0.0
1.1959991344108034e-59,0.9999999999999966,0.0,0.0
1.1811421945570426e-59,0.9999999999999966,0.0,0.0
1.1664698105741579e-59,0.9999999999999966,0.0,0.0
1.1519796898723018e-59,0.9999999999999966,0.0,0.0
1.137669568340635e-59,0.9999999999999966,0.0,0.0
1.1235372099935552e-59,0.9999999999999966,0.0,0.0
1.1095804066213188e-59,0.9999999999999966,0.0,0.0
1.0957969774450045e-59,0.9999999999999966,0.0,0.0
1.082184768775762e-59,0.9999999999999966,0.0,0.0
1.0687416536782933e-59,0.9999999999999966,0.0,0.0
1.0554655316385148e-59,0.9999999999999966,0.0,0.0
1.0423543282353484e-59,0.9999999999999966,0.0,0.0
1.029405994816588e-59,0.9999999999999966,0.0,0.0
1.0166185081787944e-59,0.9999999999999966,0.0,0.0
1.0039898702511649e-59,0.9999999999999966,0.0,0.0
9.915181077833308e-60,0.9999999999999966,0.0,0.0
9.792012720370334e-60,0.9999999999999966,0.0,0.0
9.670374384816293e-60,0.9999999999999966,0.0,0.0
9.550247064933789e-60,0.9999999999999966,0.0,0.0
9.431611990584696e-60,0.9999999999999966,0.0,0.0
9.314450624797289e-60,0.9999999999999966,0.0,0.0
9.198744660869806e-60,0.9999999999999966,0.0,0.0
9.084476019509984e-60,0.9999999999999966,0.0,0.0
8.971626846010136e-60,0.9999999999999966,0.0,0.0
8.860179507457318e-60,0.9999999999999966,0.0,0.0
8.750116589978146e-60,0.9999999999999966,0.0,0.0
8.641420896017846e-60,0.9999999999999966,0.0,0.0
8.534075441653103e-60,0.9999999999999966,0.0,0.0
8.428063453938279e-60,0.9999999999999966,0.0,0.0
8.32336836828462e-60,0.9999999999999966,0.0,0.0
8.219973825871996e-60,0.9999999999999966,0.0,0.0
8.117863671092803e-60,0.9999999999999966,0.0,0.0
8.017021949027618e-60,0.9999999999999966,0.0,0.0
7.917432902952212e-60,0.9999999999999966,0.0,0.0
7.819080971875524e-60,0.9999999999999966,0.0,0.0
7.721950788108236e-60,0.9999999999999966,0.0,0.0
7.626027174861523e-60,0.9999999999999966,0.0,0.0
7.531295143875666e-60,0.9999999999999966,0.0,0.0
7.437739893078094e-60,0.9999999999999966,0.0,0.0
7.345346804270538e-60,0.9999999999999966,0.0,0.0
7.2541014408449e-60,0.9999999999999966,0.0,0.0
7.163989545527513e-60,0.9999999999999966,0.0,0.0
7.074997038151404e-60,0.9999999999999966,0.0,0.0
6.987110013456244e-60,0.9999999999999966,0.0,0.0
6.900314738915625e-60,0.9999999999999966,0.0,0.0
6.814597652591316e-60,0.9999999999999966,0.0,0.0
6.729945361014194e-60,0.9999999999999966,0.0,0.0
6.646344637091478e-60,0.9999999999999966,0.0,0.0
6.563782418039974e-60,0.9999999999999966,0.0,0.0
6.482245803344987e-60,0.9999999999999966,0.0,0.0
6.401722052744588e-60,0.9999999999999966,0.0,0.0
6.322198584238922e-60,0.9999999999999966,0.0,0.0
6.24366297212425e-60,0.9999999999999966,0.0,0.0
6.166102945051404e-60,0.9999999999999966,0.0,0.0
6.089506384108359e-60,0.9999999999999966,0.0,0.0
6.013861320926636e-60,0.9999999999999966,0.0,0.0
5.939155935811219e-60,0.9999999999999966,0.0,0.0
5.865378555893696e-60,0.9999999999999966,0.0,0.0
5.79251765330836e-60,0.9999999999999966,0.0,0.0
5.720561843390951e-60,0.9999999999999966,0.0,0.0
5.649499882899778e-60,0.9999999999999966,0.0,0.0
5.579320668258941e-60,0.9999999999999966,0.0,0.0
5.510013233823377e-60,0.9999999999999966,0.0,0.0
5.441566750165454e-60,0.9999999999999966,0.0,0.0
5.373970522382848e-60,0.9999999999999966,0.0,0.0
5.307213988427446e-60,0.9999999999999966,0.0,0.0
5.241286717455006e-60,0.9999999999999966,0.0,0.0
5.176178408195312e-60,0.9999999999999966,0.0,0.0
5.111878887342584e-60,0.9999999999999966,0.0,0.0
5.048378107965872e-60,0.9999999999999966,0.0,0.0
4.985666147939211e-60,0.9999999999999966,0.0,0.0
4.9237332083912613e-60,0.9999999999999966,0.0,0.0
4.8625696121742204e-60,0.9999999999999966,0.0,0.0
4.802165802351743e-60,0.9999999999999966,0.0,0.0
4.742512340705657e-60,0.9999999999999966,0.0,0.0
4.683599906261218e-60,0.9999999999999966,0.0,0.0
4.6254192938306887e-60,0.9999999999999966,0.0,0.0
4.567961412575013e-60,0.9999999999999966,0.0,0.0
4.511217284583348e-60,0.9999999999999966,0.0,0.0
4.455178043470252e-60,0.9999999999999966,0.0,0.0
4.3998349329902926e-60,0.9999999999999966,0.0,0.0
4.3451793056698634e-60,0.9999999999999966,0.0,0.0
4.2912026214560027e-60,0.9999999999999966,0.0,0.0
4.237896446381987e-60,0.9999999999999966,0.0,0.0
4.185252451249514e-60,0.9999999999999966,0.0,0.0
4.1332624103272426e-60,0.9999999999999966,0.0,0.0
4.0819182000655066e-60,0.9999999999999966,0.0,0.0
4.031211797826996e-60,0.9999999999999966,0.0,0.0
3.981135280633201e-60,0.9999999999999966,0.0,0.0
3.9316808239264314e-60,0.9999999999999966,0.0,0.0
3.8828407003472147e-60,0.9999999999999966,0.0,0.0
3.8346072785268786e-60,0.9999999999999966,0.0,0.0
3.786973021895135e-60,0.9999999999999966,0.0,0.0
3.739930487502476e-60,0.9999999999999966,0.0,0.0
3.6934723248571965e-60,0.9999999999999966,0.0,0.0
3.647591274776866e-60,0.9999999999999966,0.0,0.0
3.6022801682540677e-60,0.9999999999999966,0.0,0.0
3.557531925336223e-60,0.9999999999999966,0.0,0.0
3.513339554019339e-60,0.9999999999999966,0.0,0.0
3.46969614915549e-60,0.9999999999999966,0.0,0.0
3.426594891373874e-60,0.9999999999999966,0.0,0.0
3.384029046015277e-60,0.9999999999999966,0.0,0.0
3.3419919620797637e-60,0.9999999999999966,0.0,0.0
3.300477071187446e-60,0.9999999999999966,0.0,0.0
3.2594778865521616e-60,0.9999999999999966,0.0,0.0
3.218988001967901e-60,0.9999999999999966,0.0,0.0
3.1790010908078235e-60,0.9999999999999966,0.0,0.0
3.1395109050357084e-60,0.9999999999999966,0.0,0.0
3.1005112742296876e-60,0.9999999999999966,0.0,0.0
3.0619961046181057e-60,0.9999999999999966,0.0,0.0
3.0239593781273523e-60,0.9999999999999966,0.0,0.0
2.986395151441531e-60,0.9999999999999966,0.0,0.0
2.9492975550737984e-60,0.9999999999999966,0.0,0.0
2.912660792449249e-60,0.9999999999999966,0.0,0.0
2.876479138999187e-60,0.9999999999999966,0.0,0.0
2.840746941266651e-60,0.9999999999999966,0.0,0.0
2.80545861602305e-60,0.9999999999999966,0.0,0.0
2.7706086493957725e-60,0.9999999999999966,0.0,0.0
2.736191596006632e-60,0.9999999999999966,0.0,0.0
2.702202078121017e-60,0.9999999999999966,0.0,0.0
2.668634784807607e-60,0.9999999999999966,0.0,0.0
2.635484471108532e-60,0.9999999999999966,0.0,0.0
2.602745957219833e-60,0.9999999999999966,0.0,0.0
2.57041412768211e-60,0.9999999999999966,0.0,0.0
2.5384839305812205e-60,0.9999999999999966,0.0,0.0
2.5069503767589067e-60,0.9999999999999966,0.0,0.0
2.4758085390332306e-60,0.9999999999999966,0.0,0.0
2.4450535514286913e-60,0.9999999999999966,0.0,0.0
2.4146806084159057e-60,0.9999999999999966,0.0,0.0
2.3846849641607357e-60,0.9999999999999966,0.0,0.0
2.355061931782742e-60,0.9999999999999966,0.0,0.0
2.3258068826228487e-60,0.9999999999999966,0.0,0.0
2.2969152455201066e-60,0.9999999999999966,0.0,0.0
2.26838250609744e-60,0.9999999999999966,0.0,0.0
2.2402042060562653e-60,0.9999999999999966,0.0,0.0
2.212375942479874e-60,0.9999999999999966,0.0,0.0
2.1848933671454666e-60,0.9999999999999966,0.0,0.0
2.1577521858447354e-60,0.9999999999999966,0.0,0.0
2.1309481577128847e-60,0.9999999999999966,0.0,0.0
2.1044770945659875e-60,0.9999999999999966,0.0,0.0
2.0783348602465732e-60,0.9999999999999966,0.0,0.0
2.0525173699773436e-60,0.9999999999999966,0.0,0.0
2.02702058972292e-60,0.9999999999999966,0.0,0.0
2.0018405355595165e-60,0.9999999999999966,0.0,0.0
1.9769732730524414e-60,0.9999999999999966,0.0,0.0
1.9524149166413368e-60,0.9999999999999966,0.0,0.0
1.9281616290330515e-60,0.9999999999999966,0.0,0.0
1.9042096206020538e-60,0.9999999999999966,0.0,0.0
1.8805551487982973e-60,0.9999999999999966,0.0,0.0
1.857194517562439e-60,0.9999999999999966,0.0,0.0
1.8341240767483225e-60,0.9999999999999966,0.0,0.0
1.811340221552634e-60,0.9999999999999966,0.0,0.0
1.788839391951647e-60,0.9999999999999966,0.0,0.0
1.7666180721449597e-60,0.9999999999999966,0.0,0.0
1.744672790006144e-60,0.9999999999999966,0.0,0.0
1.723000116540219e-60,0.9999999999999966,0.0,0.0
1.7015966653478636e-60,0.9999999999999966,0.0,0.0
1.6804590920962847e-60,0.9999999999999966,0.0,0.0
1.6595840939966587e-60,0.9999999999999966,0.0,0.0
1.638968409288063e-60,0.9999999999999966,0.0,0.0
1.6186088167278202e-60,0.9999999999999966,0.0,0.0
1.5985021350881726e-60,0.9999999999999966,0.0,0.0
1.5786452226592076e-60,0.9999999999999966,0.0,0.0
1.5590349767579605e-60,0.9999999999999966,0.0,0.0
1.5396683332436128e-60,0.9999999999999966,0.0,0.0
1.5205422660387152e-60,0.9999999999999966,0.0,0.0
1.5016537866563555e-60,0.9999999999999966,0.0,0.0
1.4829999437332028e-60,0.9999999999999966,0.0,0.0
1.46457782256835e-60,0.9999999999999966,0.0,0.0
1.4463845446678863e-60,0.9999999999999966,0.0,0.0
1.4284172672951263e-60,0.9999999999999966,0.0,0.0
1.4106731830264265e-60,0.9999999999999966,0.0,0.0
1.3931495193125212e-60,0.9999999999999966,0.0,0.0
1.3758435380453035e-60,0.9999999999999966,0.0,0.0
1.3587525351299925e-60,0.9999999999999966,0.0,0.0
1.3418738400626116e-60,0.9999999999999966,0.0,0.0
1.325204815512718e-60,0.9999999999999966,0.0,0.0
1.3087428569113131e-60,0.9999999999999966,0.0,0.0
1.2924853920438746e-60,0.9999999999999966,0.0,0.0
1.276429880648442e-60,0.9999999999999966,0.0,0.0
1.2605738140186953e-60,0.9999999999999966,0.0,0.0
1.2449147146119655e-60,0.9999999999999966,0.0,0.0
1.2294501356621124e-60,0.9999999999999966,0.0,0.0
1.2141776607972133e-60,0.9999999999999966,0.0,0.0
1.1990949036619994e-60,0.9999999999999966,0.0,0.0
1.1841995075449831e-60,0.9999999999999966,0.0,0.0
1.1694891450102172e-60,0.9999999999999966,0.0,0.0
1.1549615175336284e-60,0.9999999999999966,0.0,0.0
1.1406143551438673e-60,0.9999999999999966,0.0,0.0
1.1264454160676221e-60,0.9999999999999966,0.0,0.0
1.1124524863793361e-60,0.9999999999999966,0.0,0.0
1.0986333796552776e-60,0.9999999999999966,0.0,0.0
1.0849859366319068e-60,0.9999999999999966,0.0,0.0
1.0715080248684859e-60,0.9999999999999966,0.0,0.0
1.0581975384138819e-60,0.9999999999999966,0.0,0.0
1.0450523974775065e-60,0.9999999999999966,0.0,0.0
1.0320705481043457e-60,0.9999999999999966,0.0,0.0
1.0192499618540237e-60,0.9999999999999966,0.0,0.0
1.006588635483856e-60,0.9999999999999966,0.0,0.0
9.940845906358385e-61,0.9999999999999966,0.0,0.0
9.817358735275247e-61,0.9999999999999966,0.0,0.0
9.695405546467438e-61,0.9999999999999966,0.0,0.0
9.574967284501096e-61,0.9999999999999966,0.0,0.0
9.456025130652764e-61,0.9999999999999966,0.0,0.0
9.338560499968924e-61,0.9999999999999966,0.0,0.0
9.222555038362051e-61,0.9999999999999966,0.0,0.0
9.107990619742765e-61,0.9999999999999966,0.0,0.0
8.99484934318758e-61,0.9999999999999966,0.0,0.0
8.883113530141852e-61,0.9999999999999966,0.0,0.0
8.772765721657472e-61,0.9999999999999966,0.0,0.0
8.663788675664869e-61,0.9999999999999966,0.0,0.0
8.556165364278896e-61,0.9999999999999966,0.0,0.0
8.449878971138197e-61,0.9999999999999966,0.0,0.0
8.344912888777608e-61,0.9999999999999966,0.0,0.0
8.241250716033211e-61,0.9999999999999966,0.0,0.0
8.138876255479619e-61,0.9999999999999966,0.0,0.0
8.037773510899095e-61,0.9999999999999966,0.0,0.0
7.937926684782111e-61,0.9999999999999966,0.0,0.0
7.83932017585895e-61,0.9999999999999966,0.0,0.0
7.741938576661985e-61,0.9999999999999966,0.0,0.0
7.645766671118222e-61,0.9999999999999966,0.0,0.0
7.550789432171764e-61,0.9999999999999966,0.0,0.0
7.456992019435797e-61,0.9999999999999966,0.0,0.0
7.364359776873757e-61,0.9999999999999966,0.0,0.0
7.272878230509285e-61,0.9999999999999966,0.0,0.0
7.18253308616465e-61,0.9999999999999966,0.0,0.0
7.093310227227244e-61,0.9999999999999966,0.0,0.0
7.005195712443837e-61,0.9999999999999966,0.0,0.0
6.918175773742232e-61,0.9999999999999966,0.0,0.0
6.832236814079967e-61,0.9999999999999966,0.0,0.0
6.747365405319758e-61,0.9999999999999966,0.0,0.0
6.663548286131317e-61,0.9999999999999966,0.0,0.0
6.58077235991925e-61,0.9999999999999966,0.0,0.0
6.499024692776685e-61,0.9999999999999966,0.0,0.0
6.418292511464316e-61,0.9999999999999966,0.0,0.0
6.338563201414568e-61,0.9999999999999966,0.0,0.0
6.25982430476054e-61,0.9999999999999966,0.0,0.0
6.182063518389442e-61,0.9999999999999966,0.0,0.0
6.1052686920202e-61,0.9999999999999966,0.0,0.0
6.02942782630496e-61,0.9999999999999966,0.0,0.0
5.954529070954159e-61,0.9999999999999966,0.0,0.0
5.880560722884895e-61,0.9999999999999966,0.0,0.0
5.8075112243922986e-61,0.9999999999999966,0.0,0.0
5.735369161343613e-61,0.9999999999999966,0.0,0.0
5.6641232613947184e-61,0.9999999999999966,0.0,0.0
5.593762392228802e-61,0.9999999999999966,0.0,0.0
5.524275559816909e-61,0.9999999999999966,0.0,0.0
5.4556519067001084e-61,0.9999999999999966,0.0,0.0
5.3878807102929894e-61,0.9999999999999966,0.0,0.0
5.320951381208236e-61,0.9999999999999966,0.0,0.0
5.254853461602015e-61,0.9999999999999966,0.0,0.0
5.189576623539912e-61,0.9999999999999966,0.0,0.0
5.1251106673831805e-61,0.9999999999999966,0.0,0.0
5.0614455201950175e-61,0.9999999999999966,0.0,0.0
4.99857123416665e-61,0.9999999999999966,0.0,0.0
4.936477985062972e-61,0.9999999999999966,0.0,0.0
4.875156070687486e-61,0.9999999999999966,0.0,0.0
4.8145959093663134e-61,0.9999999999999966,0.0,0.0
4.754788038451042e-61,0.9999999999999966,0.0,0.0
4.695723112840164e-61,0.9999999999999966,0.0,0.0
4.637391903518889e-61,0.9999999999999966,0.0,0.0
4.579785296117088e-61,0.9999999999999966,0.0,0.0
4.522894289485156e-61,0.9999999999999966,0.0,0.0
4.466709994287566e-61,0.9999999999999966,0.0,0.0
4.4112236316138875e-61,0.9999999999999966,0.0,0.0
4.35642653160707e-61,0.9999999999999966,0.0,0.0
4.3023101321087554e-61,0.9999999999999966,0.0,0.0
4.248865977321424e-61,0.9999999999999966,0.0,0.0
4.1960857164871616e-61,0.9999999999999966,0.0,0.0
4.1439611025828326e-61,0.9999999999999966,0.0,0.0
4.09248399103147e-61,0.9999999999999966,0.0,0.0
4.0416463384296676e-61,0.9999999999999966,0.0,0.0
3.991440201290778e-61,0.9999999999999966,0.0,0.0
3.941857734803732e-61,0.9999999999999966,0.0,0.0
3.892891191607267e-61,0.9999999999999966,0.0,0.0
3.8445329205793905e-61,0.9999999999999966,0.0,0.0
3.796775365641869e-61,0.9999999999999966,0.0,0.0
3.749611064579585e-61,0.9999999999999966,0.0,0.0
3.703032647874544e-61,0.9999999999999966,0.0,0.0
3.6570328375543735e-61,0.9999999999999966,0.0,0.0
3.611604446055127e-61,0.9999999999999966,0.0,0.0
3.566740375098211e-61,0.9999999999999966,0.0,0.0
3.522433614581265e-61,0.9999999999999966,0.0,0.0
3.4786772414828176e-61,0.9999999999999966,0.0,0.0
3.435464418780552e-61,0.9999999999999966,0.0,0.0
3.392788394383007e-61,0.9999999999999966,0.0,0.0
3.350642500074548e-61,0.9999999999999966,0.0,0.0
3.309020150473446e-61,0.9999999999999966,0.0,0.0
3.267914842002896e-61,0.9999999999999966,0.0,0.0
3.227320151874823e-61,0.9999999999999966,0.0,0.0
3.187229737086308e-61,0.9999999999999966,0.0,0.0
3.1476373334284767e-61,0.9999999999999966,0.0,0.0
3.1085367545077098e-61,0.9999999999999966,0.0,0.0
3.0699218907790015e-61,0.9999999999999966,0.0,0.0
3.0317867085913352e-61,0.9999999999999966,0.0,0.0
2.9941252492449092e-61,0.9999999999999966,0.0,0.0
2.9569316280600806e-61,0.9999999999999966,0.0,0.0
2.9202000334578705e-61,0.9999999999999966,0.0,0.0
2.8839247260518935e-61,0.9999999999999966,0.0,0.0
2.8481000377515678e-61,0.9999999999999966,0.0,0.0
2.8127203708764624e-61,0.9999999999999966,0.0,0.0
2.7777801972816496e-61,0.9999999999999966,0.0,0.0
2.7432740574939212e-61,0.9999999999999966,0.0,0.0
2.7091965598587346e-61,0.9999999999999966,0.0,0.0
2.675542379697755e-61,0.9999999999999966,0.0,0.0
2.642306258476864e-61,0.9999999999999966,0.0,0.0
2.609483002984505e-61,0.9999999999999966,0.0,0.0
2.5770674845202282e-61,0.9999999999999966,0.0,0.0
2.5450546380933274e-61,0.9999999999999966,0.0,0.0
2.5134394616314186e-61,0.9999999999999966,0.0,0.0
2.4822170151988603e-61,0.9999999999999966,0.0,0.0
2.4513824202248778e-61,0.9999999999999966,0.0,0.0
2.4209308587412736e-61,0.9999999999999966,0.0,0.0
2.390857572629615e-61,0.9999999999999966,0.0,0.0
2.3611578628777633e-61,0.9999999999999966,0.0,0.0
2.3318270888456474e-61,0.9999999999999966,0.0,0.0
2.3028606675401532e-61,0.9999999999999966,0.0,0.0
2.2742540728990202e-61,0.9999999999999966,0.0,0.0
2.2460028350836375e-61,0.9999999999999966,0.0,0.0
2.218102539780621e-61,0.9999999999999966,0.0,0.0
2.1905488275120668e-61,0.9999999999999966,0.0,0.0
2.163337392954377e-61,0.9999999999999966,0.0,0.0
2.1364639842655418e-61,0.9999999999999966,0.0,0.0
2.1099244024207803e-61,0.9999999999999966,0.0,0.0
2.083714500556436e-61,0.9999999999999966,0.0,0.0
2.05783018332202e-61,0.9999999999999966,0.0,0.0
2.032267406240304e-61,0.9999999999999966,0.0,0.0
2.0070221750753626e-61,0.9999999999999966,0.0,0.0
1.982090545208466e-61,0.9999999999999966,0.0,0.0
1.9574686210217252e-61,0.9999999999999966,0.0,0.0
1.9331525552893945e-61,0.9999999999999966,0.0,0.0
1.9091385485767328e-61,0.9999999999999966,0.0,0.0
1.885422848646336e-61,0.9999999999999966,0.0,0.0
1.862001749871842e-61,0.9999999999999966,0.0,0.0
1.8388715926589177e-61,0.9999999999999966,0.0,0.0
1.8160287628734416e-61,0.9999999999999966,0.0,0.0
1.793469691276787e-61,0.9999999999999966,0.0,0.0
1.7711908529681212e-61,0.9999999999999966,0.0,0.0
1.7491887668336342e-61,0.9999999999999966,0.0,0.0
1.7274599950026044e-61,0.9999999999999966,0.0,0.0
1.7060011423102276e-61,0.9999999999999966,0.0,0.0
1.6848088557671132e-61,0.9999999999999966,0.0,0.0
1.6638798240353747e-61,0.9999999999999966,0.0,0.0
1.6432107769112247e-61,0.9999999999999966,0.0,0.0
1.6227984848139997e-61,0.9999999999999966,0.0,0.0
1.6026397582815316e-61,0.9999999999999966,0.0,0.0
1.582731447471788e-61,0.9999999999999966,0.0,0.0
1.5630704416707026e-61,0.9999999999999966,0.0,0.0
1.543653668806119e-61,0.9999999999999966,0.0,0.0
1.5244780949677752e-61,0.9999999999999966,0.0,0.0
1.505540723933247e-61,0.9999999999999966,0.0,0.0
1.486838596699783e-61,0.9999999999999966,0.0,0.0
1.4683687910219542e-61,0.9999999999999966,0.0,0.0
1.450128420955048e-61,0.9999999999999966,0.0,0.0
1.432114636404132e-61,0.9999999999999966,0.0,0.0
1.4143246226787219e-61,0.9999999999999966,0.0,0.0
1.3967556000529804e-61,0.9999999999999966,0.0,0.0
1.3794048233313787e-61,0.9999999999999966,0.0,0.0
1.3622695814197547e-61,0.9999999999999966,0.0,0.0
1.345347196901699e-61,0.9999999999999966,0.0,0.0
1.3286350256202032e-61,0.9999999999999966,0.0,0.0
1.312130456264504e-61,0.9999999999999966,0.0,0.0
1.2958309099620619e-61,0.9999999999999966,0.0,0.0
1.2797338398756065e-61,0.9999999999999966,0.0,0.0
1.2638367308051884e-61,0.9999999999999966,0.0,0.0
1.2481370987951732e-61,0.9999999999999966,0.0,0.0
1.2326324907461192e-61,0.9999999999999966,0.0,0.0
1.2173204840314752e-61,0.9999999999999966,0.0,0.0
1.2021986861190408e-61,0.9999999999999966,0.0,0.0
1.1872647341971273e-61,0.9999999999999966,0.0,0.0
1.172516294805365e-61,0.9999999999999966,0.0,0.0
1.1579510634700935e-61,0.9999999999999966,0.0,0.0
1.1435667643442846e-61,0.9999999999999966,0.0,0.0
1.1293611498519356e-61,0.9999999999999966,0.0,0.0
1.1153320003368817e-61,0.9999999999999966,0.0,0.0
1.1014771237159692e-61,0.9999999999999966,0.0,0.0
1.0877943551365393e-61,0.9999999999999966,0.0,0.0
1.0742815566381642e-61,0.9999999999999966,0.0,0.0
1.0609366168185878e-61,0.9999999999999966,0.0,0.0
1.0477574505038132e-61,0.9999999999999966,0.0,0.0
1.0347419984222917e-61,0.9999999999999966,0.0,0.0
1.0218882268831562e-61,0.9999999999999966,0.0,0.0
1.0091941274584533e-61,0.9999999999999966,0.0,0.0
9.966577166693224e-62,0.9999999999999966,0.0,0.0
9.842770356760728e-62,0.9999999999999966,0.0,0.0
9.720501499721116e-62,0.9999999999999966,0.0,0.0
9.599751490816725e-62,0.9999999999999966,0.0,0.0
9.480501462613003e-62,0.9999999999999966,0.0,0.0
9.362732782050436e-62,0.9999999999999966,0.0,0.0
9.246427047533091e-62,0.9999999999999966,0.0,0.0
9.13156608605333e-62,0.9999999999999966,0.0,0.0
9.018131950352244e-62,0.9999999999999966,0.0,0.0
8.906106916115354e-62,0.9999999999999966,0.0,0.0
8.79547347920315e-62,0.9999999999999966,0.0,0.0
8.686214352916034e-62,0.9999999999999966,0.0,0.0
8.578312465293246e-62,0.9999999999999966,0.0,0.0
8.471750956445319e-62,0.9999999999999966,0.0,0.0
8.366513175919705e-62,0.9999999999999966,0.0,0.0
8.262582680099095e-62,0.9999999999999966,0.0,0.0
8.159943229632074e-62,0.9999999999999966,0.0,0.0
8.05857878689569e-62,0.9999999999999966,0.0,0.0
7.958473513489549e-62,0.9999999999999966,0.0,0.0
7.859611767761019e-62,0.9999999999999966,0.0,0.0
7.761978102361202e-62,0.9999999999999966,0.0,0.0
7.665557261831246e-62,0.9999999999999966,0.0,0.0
7.570334180218657e-62,0.9999999999999966,0.0,0.0
7.476293978723204e-62,0.9999999999999966,0.0,0.0
7.383421963372086e-62,0.9999999999999966,0.0,0.0
7.291703622723958e-62,0.9999999999999966,0.0,0.0
7.201124625601499e-62,0.9999999999999966,0.0,0.0
7.1116708188521285e-62,0.9999999999999966,0.0,0.0
7.023328225136555e-62,0.9999999999999966,0.0,0.0
6.936083040744779e-62,0.9999999999999966,0.0,0.0
6.849921633439245e-62,0.9999999999999966,0.0,0.0
6.764830540324769e-62,0.9999999999999966,0.0,0.0
6.68079646574494e-62,0.9999999999999966,0.0,0.0
6.597806279204639e-62,0.9999999999999966,0.0,0.0
6.515847013318381e-62,0.9999999999999966,0.0,0.0
6.43490586178413e-62,0.9999999999999966,0.0,0.0
6.354970177382287e-62,0.9999999999999966,0.0,0.0
6.276027469999539e-62,0.9999999999999966,0.0,0.0
6.198065404677252e-62,0.9999999999999966,0.0,0.0
6.121071799684109e-62,0.9999999999999966,0.0,0.0
6.045034624612692e-62,0.9999999999999966,0.0,0.0
5.9699419984996996e-62,0.9999999999999966,0.0,0.0
5.895782187969531e-62,0.9999999999999966,0.0,0.0
5.822543605400916e-62,0.9999999999999966,0.0,0.0
5.750214807116328e-62,0.9999999999999966,0.0,0.0
5.678784491593886e-62,0.9999999999999966,0.0,0.0
5.608241497701466e-62,0.9999999999999966,0.0,0.0
5.538574802952759e-62,0.9999999999999966,0.0,0.0
5.469773521784975e-62,0.9999999999999966,0.0,0.0
5.401826903857959e-62,0.9999999999999966,0.0,0.0
5.334724332374426e-62,0.9999999999999966,0.0,0.0
5.268455322421065e-62,0.9999999999999966,0.0,0.0
5.203009519330249e-62,0.9999999999999966,0.0,0.0
5.138376697062099e-62,0.9999999999999966,0.0,0.0
5.074546756606643e-62,0.9999999999999966,0.0,0.0
5.011509724405827e-62,0.9999999999999966,0.0,0.0
4.9492557507951234e-62,0.9999999999999966,0.0,0.0
4.887775108464502e-62,0.9999999999999966,0.0,0.0
4.82705819093852e-62,0.9999999999999966,0.0,0.0
4.767095511075289e-62,0.9999999999999966,0.0,0.0
4.707877699584088e-62,0.9999999999999966,0.0,0.0
4.649395503561396e-62,0.9999999999999966,0.0,0.0
4.591639785045105e-62,0.9999999999999966,0.0,0.0
4.534601519586697e-62,0.9999999999999966,0.0,0.0
4.478271794841151e-62,0.9999999999999966,0.0,0.0
4.422641809174376e-62,0.9999999999999966,0.0,0.0
4.3677028702879345e-62,0.9999999999999966,0.0,0.0
4.313446393860856e-62,0.9999999999999966,0.0,0.0
4.259863902208316e-62,0.9999999999999966,0.0,0.0
4.206947022956982e-62,0.9999999999999966,0.0,0.0
4.1546874877368166e-62,0.9999999999999966,0.0,0.0
4.103077130889119e-62,0.9999999999999966,0.0,0.0
4.052107888190635e-62,0.9999999999999966,0.0,0.0
4.001771795593497e-62,0.9999999999999966,0.0,0.0
3.952060987980833e-62,0.9999999999999966,0.0,0.0
3.902967697937816e-62,0.9999999999999966,0.0,0.0
3.8544842545380023e-62,0.9999999999999966,0.0,0.0
3.80660308214472e-62,0.9999999999999966,0.0,0.0
3.7593166992273735e-62,0.9999999999999966,0.0,0.0
3.7126177171924283e-62,0.9999999999999966,0.0,0.0
3.6664988392289355e-62,0.9999999999999966,0.0,0.0
3.6209528591683867e-62,0.9999999999999966,0.0,0.0
3.575972660358736e-62,0.9999999999999966,0.0,0.0
3.5315512145524096e-62,0.9999999999999966,0.0,0.0
3.487681580808127e-62,0.9999999999999966,0.0,0.0
3.4443569044063647e-62,0.9999999999999966,0.0,0.0
3.4015704157782934e-62,0.9999999999999966,0.0,0.0
3.3593154294480178e-62,0.9999999999999966,0.0,0.0
3.3175853429879577e-62,0.9999999999999966,0.0,0.0
3.2763736359872057e-62,0.9999999999999966,0.0,0.0
3.235673869032701e-62,0.9999999999999966,0.0,0.0
3.195479682703054e-62,0.9999999999999966,0.0,0.0
3.1557847965748775e-62,0.9999999999999966,0.0,0.0
3.1165830082414575e-62,0.9999999999999966,0.0,0.0
3.0778681923436124e-62,0.9999999999999966,0.0,0.0
3.0396342996125953e-62,0.9999999999999966,0.0,0.0
3.0018753559248807e-62,0.9999999999999966,0.0,0.0
2.9645854613686994e-62,0.9999999999999966,0.0,0.0
2.927758789322163e-62,0.9999999999999966,0.0,0.0
2.891389585542841e-62,0.9999999999999966,0.0,0.0
2.8554721672686526e-62,0.9999999999999966,0.0,0.0
2.820000922329919e-62,0.9999999999999966,0.0,0.0
2.7849703082724554e-62,0.9999999999999966,0.0,0.0
2.7503748514915462e-62,0.9999999999999966,0.0,0.0
2.716209146376687e-62,0.9999999999999966,0.0,0.0
2.6824678544669454e-62,0.9999999999999966,0.0,0.0
2.649145703616815e-62,0.9999999999999966,0.0,0.0
2.6162374871724335e-62,0.9999999999999966,0.0,0.0
2.583738063158031e-62,0.9999999999999966,0.0,0.0
2.551642353472487e-62,0.9999999999999966,0.0,0.0
2.5199453430958656e-62,0.9999999999999966,0.0,0.0
2.4886420793058097e-62,0.9999999999999966,0.0,0.0
2.457727670903667e-62,0.9999999999999966,0.0,0.0
2.427197287450231e-62,0.9999999999999966,0.0,0.0
2.397046158510974e-62,0.9999999999999966,0.0,0.0
2.3672695729106592e-62,0.9999999999999966,0.0,0.0
2.3378628779972065e-62,0.9999999999999966,0.0,0.0
2.30882147891471e-62,0.9999999999999966,0.0,0.0
2.280140837885479e-62,0.9999999999999966,0.0,0.0
2.251816473501004e-62,0.9999999999999966,0.0,0.0
2.223843960021725e-62,0.9999999999999966,0.0,0.0
2.196218926685502e-62,0.9999999999999966,0.0,0.0
2.168937057024675e-62,0.9999999999999966,0.0,0.0
2.1419940881916053e-62,0.9999999999999966,0.0,0.0
2.1153858102925986e-62,0.9999999999999966,0.0,0.0
2.0891080657301003e-62,0.9999999999999966,0.0,0.0
2.0631567485530617e-62,0.9999999999999966,0.0,0.0
2.037527803815377e-62,0.9999999999999966,0.0,0.0
2.0122172269422893e-62,0.9999999999999966,0.0,0.0
1.9872210631046704e-62,0.9999999999999966,0.0,0.0
1.9625354066010664e-62,0.9999999999999966,0.0,0.0
1.938156400247427e-62,0.9999999999999966,0.0,0.0
1.9140802347744118e-62,0.9999999999999966,0.0,0.0
1.8903031482321834e-62,0.9999999999999966,0.0,0.0
1.8668214254025967e-62,0.9999999999999966,0.0,0.0
1.8436313972186868e-62,0.9999999999999966,0.0,0.0
1.820729440191371e-62,0.9999999999999966,0.0,0.0
1.798111975843271e-62,0.9999999999999966,0.0,0.0
1.7757754701495682e-62,0.9999999999999966,0.0,0.0
1.7537164329858056e-62,0.9999999999999966,0.0,0.0
1.731931417582548e-62,0.9999999999999966,0.0,0.0
1.7104170199868183e-62,0.9999999999999966,0.0,0.0
1.6891698785302222e-62,0.9999999999999966,0.0,0.0
1.6681866733036808e-62,0.9999999999999966,0.0,0.0
1.6474641256386877e-62,0.9999999999999966,0.0,0.0
1.6269989975950118e-62,0.9999999999999966,0.0,0.0
1.6067880914547607e-62,0.9999999999999966,0.0,0.0
1.586828249222732e-62,0.9999999999999966,0.0,0.0
1.5671163521329696e-62,0.9999999999999966,0.0,0.0
1.5476493201614503e-62,0.9999999999999966,0.0,0.0
1.528424111544824e-62,0.9999999999999966,0.0,0.0
1.5094377223051312e-62,0.9999999999999966,0.0,0.0
1.4906871857804264e-62,0.9999999999999966,0.0,0.0
1.4721695721612307e-62,0.9999999999999966,0.0,0.0
1.4538819880327427e-62,0.9999999999999966,0.0,0.0
1.4358215759227374e-62,0.9999999999999966,0.0,0.0
1.4179855138550795e-62,0.9999999999999966,0.0,0.0
1.4003710149087843e-62,0.9999999999999966,0.0,0.0
1.3829753267825556e-62,0.9999999999999966,0.0,0.0
1.365795731364733e-62,0.9999999999999966,0.0,0.0
1.3488295443085812e-62,0.9999999999999966,0.0,0.0
1.3320741146128564e-62,0.9999999999999966,0.0,0.0
1.31552682420758e-62,0.9999999999999966,0.0,0.0
1.2991850875449612e-62,0.9999999999999966,0.0,0.0
1.2830463511954007e-62,0.9999999999999966,0.0,0.0
1.2671080934485104e-62,0.9999999999999966,0.0,0.0
1.251367823919091e-62,0.9999999999999966,0.0,0.0
1.2358230831580065e-62,0.9999999999999966,0.0,0.0
1.2204714422678875e-62,0.9999999999999966,0.0,0.0
1.205310502523613e-62,0.9999999999999966,0.0,0.0
1.1903378949975036e-62,0.9999999999999966,0.0,0.0
1.1755512801891722e-62,0.9999999999999966,0.0,0.0
1.1609483476599727e-62,0.9999999999999966,0.0,0.0
1.1465268156719881e-62,0.9999999999999966,0.0,0.0
1.1322844308315058e-62,0.9999999999999966,0.0,0.0
1.1182189677369186e-62,0.9999999999999966,0.0,0.0
1.1043282286310024e-62,0.9999999999999966,0.0,0.0
1.0906100430575123e-62,0.9999999999999966,0.0,0.0
1.0770622675220432e-62,0.9999999999999966,0.0,0.0
1.0636827851571051e-62,0.9999999999999966,0.0,0.0
1.0504695053913592e-62,0.9999999999999966,0.0,0.0
1.0374203636229602e-62,0.9999999999999966,0.0,0.0
1.0245333208969585e-62,0.9999999999999966,0.0,0.0
1.0118063635867105e-62,0.9999999999999966,0.0,0.0
9.992375030792439e-63,0.9999999999999966,0.0,0.0
9.868247754645337e-63,0.9999999999999966,0.0,0.0
9.74566241228637e-63,0.9999999999999966,0.0,0.0
9.6245998495064e-63,0.9999999999999966,0.0,0.0
9.505041150033699e-63,0.9999999999999966,0.0,0.0
9.386967632578236e-63,0.9999999999999966,0.0,0.0
9.270360847912696e-63,0.9999999999999966,0.0,0.0
9.155202575989741e-63,0.9999999999999966,0.0,0.0
9.0414748230951e-63,0.9999999999999966,0.0,0.0
8.929159819036012e-63,0.9999999999999966,0.0,0.0
8.818240014364591e-63,0.9999999999999966,0.0,0.0
8.708698077635696e-63,0.9999999999999966,0.0,0.0
8.600516892698855e-63,0.9999999999999966,0.0,0.0
8.493679556023834e-63,0.9999999999999966,0.0,0.0
8.388169374059421e-63,0.9999999999999966,0.0,0.0
8.28396986062503e-63,0.9999999999999966,0.0,0.0
8.181064734334695e-63,0.9999999999999966,0.0,0.0
8.079437916053081e-63,0.9999999999999966,0.0,0.0
7.979073526383076e-63,0.9999999999999966,0.0,0.0
7.879955883184607e-63,0.9999999999999966,0.0,0.0
7.782069499124273e-63,0.9999999999999966,0.0,0.0
7.685399079255422e-63,0.9999999999999966,0.0,0.0
7.589929518628275e-63,0.9999999999999966,0.0,0.0
7.495645899929759e-63,0.9999999999999966,0.0,0.0
7.402533491152634e-63,0.9999999999999966,0.0,0.0
7.3105777432936e-63,0.9999999999999966,0.0,0.0
7.21976428807997e-63,0.9999999999999966,0.0,0.0
7.130078935724614e-63,0.9999999999999966,0.0,0.0
7.041507672708764e-63,0.9999999999999966,0.0,0.0
6.954036659592381e-63,0.9999999999999966,0.0,0.0
6.867652228851712e-63,0.9999999999999966,0.0,0.0
6.782340882743705e-63,0.9999999999999966,0.0,0.0
6.698089291196971e-63,0.9999999999999966,0.0,0.0
6.614884289728925e-63,0.9999999999999966,0.0,0.0
6.53271287738881e-63,0.9999999999999966,0.0,0.0
6.451562214726276e-63,0.9999999999999966,0.0,0.0
6.371419621785182e-63,0.9999999999999966,0.0,0.0
6.292272576122339e-63,0.9999999999999966,0.0,0.0
6.214108710850838e-63,0.9999999999999966,0.0,0.0
6.136915812707711e-63,0.9999999999999966,0.0,0.0
6.060681820145576e-63,0.9999999999999966,0.0,0.0
5.985394821448004e-63,0.9999999999999966,0.0,0.0
5.911043052868278e-63,0.9999999999999966,0.0,0.0
5.837614896791294e-63,0.9999999999999966,0.0,0.0
5.765098879918277e-63,0.9999999999999966,0.0,0.0
5.693483671474063e-63,0.9999999999999966,0.0,0.0
5.622758081436634e-63,0.9999999999999966,0.0,0.0
5.552911058788657e-63,0.9999999999999966,0.0,0.0
5.483931689790745e-63,0.9999999999999966,0.0,0.0
5.415809196276156e-63,0.9999999999999966,0.0,0.0
5.348532933966686e-63,0.9999999999999966,0.0,0.0
5.28209239080948e-63,0.9999999999999966,0.0,0.0
5.216477185334499e-63,0.9999999999999966,0.0,0.0
5.151677065032397e-63,0.9999999999999966,0.0,0.0
5.087681904752544e-63,0.9999999999999966,0.0,0.0
5.02448170512095e-63,0.9999999999999966,0.0,0.0
4.962066590977846e-63,0.9999999999999966,0.0,0.0
4.900426809834667e-63,0.9999999999999966,0.0,0.0
4.8395527303502056e-63,0.9999999999999966,0.0,0.0
4.7794348408256966e-63,0.9999999999999966,0.0,0.0
4.7200637477185957e-63,0.9999999999999966,0.0,0.0
4.6614301741748167e-63,0.9999999999999966,0.0,0.0
4.603524958579206e-63,0.9999999999999966,0.0,0.0
4.546339053124022e-63,0.9999999999999966,0.0,0.0
4.489863522395195e-63,0.9999999999999966,0.0,0.0
4.434089541976153e-63,0.9999999999999966,0.0,0.0
4.3790083970689846e-63,0.9999999999999966,0.0,0.0
4.324611481132739e-63,0.9999999999999966,0.0,0.0
4.270890294538632e-63,0.9999999999999966,0.0,0.0
4.217836443241967e-63,0.9999999999999966,0.0,0.0
4.1654416374705415e-63,0.9999999999999966,0.0,0.0
4.1136976904293607e-63,0.9999999999999966,0.0,0.0
4.0625965170214283e-63,0.9999999999999966,0.0,0.0
4.0121301325844364e-63,0.9999999999999966,0.0,0.0
3.962290651643145e-63,0.9999999999999966,0.0,0.0
3.9130702866772616e-63,0.9999999999999966,0.0,0.0
3.8644613469046225e-63,0.9999999999999966,0.0,0.0
3.8164562370794973e-63,0.9999999999999966,0.0,0.0
3.769047456305811e-63,0.9999999999999966,0.0,0.0
3.722227596865117e-63,0.9999999999999966,0.0,0.0
3.6759893430591247e-63,0.9999999999999966,0.0,0.0
3.630325470066608e-63,0.9999999999999966,0.0,0.0
3.5852288428145106e-63,0.9999999999999966,0.0,0.0
3.540692414863077e-63,0.9999999999999966,0.0,0.0
3.496709227304833e-63,0.9999999999999966,0.0,0.0
3.453272407677241e-63,0.9999999999999966,0.0,0.0
3.4103751688888634e-63,0.9999999999999966,0.0,0.0
3.3680108081588684e-63,0.9999999999999966,0.0,0.0
3.3261727059697023e-63,0.9999999999999966,0.0,0.0
3.2848543250327824e-63,0.9999999999999966,0.0,0.0
3.244049209267025e-63,0.9999999999999966,0.0,0.0
3.203750982790077e-63,0.9999999999999966,0.0,0.0
3.1639533489220656e-63,0.9999999999999966,0.0,0.0
3.124650089201734e-63,0.9999999999999966,0.0,0.0
3.085835062414789e-63,0.9999999999999966,0.0,0.0
3.047502203634328e-63,0.9999999999999966,0.0,0.0
3.009645523273181e-63,0.9999999999999966,0.0,0.0
2.972259106148023e-63,0.9999999999999966,0.0,0.0
2.9353371105551177e-63,0.9999999999999966,0.0,0.0
2.8988737673575383e-63,0.9999999999999966,0.0,0.0
2.862863379083726e-63,0.9999999999999966,0.0,0.0
2.8273003190372533e-63,0.9999999999999966,0.0,0.0
2.792179030417635e-63,0.9999999999999966,0.0,0.0
2.7574940254520724e-63,0.9999999999999966,0.0,0.0
2.723239884537975e-63,0.9999999999999966,0.0,0.0
2.6894112553961364e-63,0.9999999999999966,0.0,0.0
2.6560028522344304e-63,0.9999999999999966,0.0,0.0
2.623009454921895e-63,0.9999999999999966,0.0,0.0
2.590425908173077e-63,0.9999999999999966,0.0,0.0
2.558247120742506e-63,0.9999999999999966,0.0,0.0
2.526468064629182e-63,0.9999999999999966,0.0,0.0
2.495083774290933e-63,0.9999999999999966,0.0,0.0
2.464089345868544e-63,0.9999999999999966,0.0,0.0
2.4334799364195175e-63,0.9999999999999966,0.0,0.0
2.4032507631613534e-63,0.9999999999999966,0.0,0.0
2.3733971027242305e-63,0.9999999999999966,0.0,0.0
2.3439142904129696e-63,0.9999999999999966,0.0,0.0
2.314797719478166e-63,0.9999999999999966,0.0,0.0
2.2860428403963742e-63,0.9999999999999966,0.0,0.0
2.2576451601592383e-63,0.9999999999999966,0.0,0.0
2.2296002415714468e-63,0.9999999999999966,0.0,0.0
2.2019037025574146e-63,0.9999999999999966,0.0,0.0
2.174551215476573e-63,0.9999999999999966,0.0,0.0
2.1475385064471693e-63,0.9999999999999966,0.0,0.0
2.1208613546784606e-63,0.9999999999999966,0.0,0.0
2.0945155918112106e-63,0.9999999999999966,0.0,0.0
2.0684971012663715e-63,0.9999999999999966,0.0,0.0
2.0428018176018623e-63,0.9999999999999966,0.0,0.0
2.0174257258773348e-63,0.9999999999999966,0.0,0.0
1.9923648610268306e-63,0.9999999999999966,0.0,0.0
1.9676153072392314e-63,0.9999999999999966,0.0,0.0
1.9431731973464064e-63,0.9999999999999966,0.0,0.0
1.9190347122189584e-63,0.9999999999999966,0.0,0.0
1.8951960801694778e-63,0.9999999999999966,0.0,0.0
1.8716535763632084e-63,0.9999999999999966,0.0,0.0
1.8484035222360344e-63,0.9999999999999966,0.0,0.0
1.8254422849196973e-63,0.9999999999999966,0.0,0.0
1.8027662766741525e-63,0.9999999999999966,0.0,0.0
1.7803719543269788e-63,0.9999999999999966,0.0,0.0
1.758255818719749e-63,0.9999999999999966,0.0,0.0
1.7364144141612809e-63,0.9999999999999966,0.0,0.0
1.7148443278876762e-63,0.9999999999999966,0.0,0.0
1.6935421895290717e-63,0.9999999999999966,0.0,0.0
1.6725046705830106e-63,0.9999999999999966,0.0,0.0
1.6517284838943578e-63,0.9999999999999966,0.0,0.0
1.6312103831416752e-63,0.9999999999999966,0.0,0.0
1.610947162329977e-63,0.9999999999999966,0.0,0.0
1.590935655289787e-63,0.9999999999999966,0.0,0.0
1.5711727351824172e-63,0.9999999999999966,0.0,0.0
1.5516553140113948e-63,0.9999999999999966,0.0,0.0
1.532380342139954e-63,0.9999999999999966,0.0,0.0
1.5133448078145265e-63,0.9999999999999966,0.0,0.0
1.4945457366941466e-63,0.9999999999999966,0.0,0.0
1.4759801913857058e-63,0.9999999999999966,0.0,0.0
1.4576452709849794e-63,0.9999999999999966,0.0,0.0
1.439538110623353e-63,0.9999999999999966,0.0,0.0
1.4216558810201822e-63,0.9999999999999966,0.0,0.0
1.4039957880407106e-63,0.9999999999999966,0.0,0.0
1.386555072259482e-63,0.9999999999999966,0.0,0.0
1.369331008529173e-63,0.9999999999999966,0.0,0.0
1.3523209055547841e-63,0.9999999999999966,0.0,0.0
1.3355221054731199e-63,0.9999999999999966,0.0,0.0
1.3189319834374907e-63,0.9999999999999966,0.0,0.0
1.3025479472075767e-63,0.9999999999999966,0.0,0.0
1.2863674367443845e-63,0.9999999999999966,0.0,0.0
1.2703879238102362e-63,0.9999999999999966,0.0,0.0
1.2546069115737258e-63,0.9999999999999966,0.0,0.0
1.2390219342195856e-63,0.9999999999999966,0.0,0.0
1.2236305565633976e-63,0.9999999999999966,0.0,0.0
1.2084303736710895e-63,0.9999999999999966,0.0,0.0
1.1934190104831607e-63,0.9999999999999966,0.0,0.0
1.1785941214435731e-63,0.9999999999999966,0.0,0.0
1.1639533901332537e-63,0.9999999999999966,0.0,0.0
1.1494945289081492e-63,0.9999999999999966,0.0,0.0
1.1352152785417777e-63,0.9999999999999966,0.0,0.0
1.1211134078722188e-63,0.9999999999999966,0.0,0.0
1.1071867134534908e-63,0.9999999999999966,0.0,0.0
1.0934330192112576e-63,0.9999999999999966,0.0,0.0
1.0798501761028129e-63,0.9999999999999966,0.0,0.0
1.0664360617812871e-63,0.9999999999999966,0.0,0.0
1.053188580264027e-63,0.9999999999999966,0.0,0.0
1.0401056616050943e-63,0.9999999999999966,0.0,0.0
1.0271852615718321e-63,0.9999999999999966,0.0,0.0
1.0144253613254491e-63,0.9999999999999966,0.0,0.0
1.0018239671055724e-63,0.9999999999999966,0.0,0.0
9.893791099187183e-64,0.9999999999999966,0.0,0.0
9.77088845230633e-64,0.9999999999999966,0.0,0.0
9.649512526624547e-64,0.9999999999999966,0.0,0.0
9.529644356906515e-64,0.9999999999999966,0.0,0.0
9.411265213506851e-64,0.9999999999999966,0.0,0.0
9.29435659944356e-64,0.9999999999999966,0.0,0.0
9.178900247507851e-64,0.9999999999999966,0.0,0.0
9.064878117409844e-64,0.9999999999999966,0.0,0.0
8.952272392959735e-64,0.9999999999999966,0.0,0.0
8.841065479283992e-64,0.9999999999999966,0.0,0.0
8.731240000076105e-64,0.9999999999999966,0.0,0.0
8.622778794881514e-64,0.9999999999999966,0.0,0.0
8.515664916416252e-64,0.9999999999999966,0.0,0.0
8.409881627918885e-64,0.9999999999999966,0.0,0.0
8.305412400535379e-64,0.9999999999999966,0.0,0.0
8.202240910736417e-64,0.9999999999999966,0.0,0.0
8.100351037766818e-64,0.9999999999999966,0.0,0.0
7.999726861126641e-64,0.9999999999999966,0.0,0.0
7.900352658083573e-64,0.9999999999999966,0.0,0.0
7.802212901216215e-64,0.9999999999999966,0.0,0.0
7.705292255987896e-64,0.9999999999999966,0.0,0.0
7.609575578350619e-64,0.9999999999999966,0.0,0.0
7.515047912378772e-64,0.9999999999999966,0.0,0.0
7.421694487932235e-64,0.9999999999999966,0.0,0.0
7.329500718348516e-64,0.9999999999999966,0.0,0.0
7.238452198163553e-64,0.9999999999999966,0.0,0.0
7.148534700860833e-64,0.9999999999999966,0.0,0.0
7.05973417664847e-64,0.9999999999999966,0.0,0.0
6.972036750263896e-64,0.9999999999999966,0.0,0.0
6.885428718805822e-64,0.9999999999999966,0.0,0.0
6.799896549593132e-64,0.9999999999999966,0.0,0.0
6.715426878050375e-64,0.9999999999999966,0.0,0.0
6.632006505619526e-64,0.9999999999999966,0.0,0.0
6.549622397697675e-64,0.9999999999999966,0.0,0.0
6.468261681600355e-64,0.9999999999999966,0.0,0.0
6.387911644550148e-64,0.9999999999999966,0.0,0.0
6.308559731690301e-64,0.9999999999999966,0.0,0.0
6.230193544122988e-64,0.9999999999999966,0.0,0.0
6.152800836971972e-64,0.9999999999999966,0.0,0.0
6.076369517469308e-64,0.9999999999999966,0.0,0.0
6.000887643065828e-64,0.9999999999999966,0.0,0.0
5.9263434195650926e-64,0.9999999999999966,0.0,0.0
5.8527251992805216e-64,0.9999999999999966,0.0,0.0
5.780021479215425e-64,0.9999999999999966,0.0,0.0
5.7082208992656294e-64,0.9999999999999966,0.0,0.0
5.6373122404444435e-64,0.9999999999999966,0.0,0.0
5.567284423129665e-64,0.9999999999999966,0.0,0.0
5.498126505332371e-64,0.9999999999999966,0.0,0.0
5.4298276809872075e-64,0.9999999999999966,0.0,0.0
5.3623772782639194e-64,0.9999999999999966,0.0,0.0
5.2957647578998564e-64,0.9999999999999966,0.0,0.0
5.2299797115531924e-64,0.9999999999999966,0.0,0.0
5.1650118601765994e-64,0.9999999999999966,0.0,0.0
5.100851052411125e-64,0.9999999999999966,0.0,0.0
5.037487263000024e-64,0.9999999999999966,0.0,0.0
4.974910591222291e-64,0.9999999999999966,0.0,0.0
4.913111259345651e-64,0.9999999999999966,0.0,0.0
4.8520796110987715e-64,0.9999999999999966,0.0,0.0
4.791806110162447e-64,0.9999999999999966,0.0,0.0
4.732281338679532e-64,0.9999999999999966,0.0,0.0
4.673495995783383e-64,0.9999999999999966,0.0,0.0
4.615440896144576e-64,0.9999999999999966,0.0,0.0
4.5581069685356826e-64,0.9999999999999966,0.0,0.0
4.501485254413871e-64,0.9999999999999966,0.0,0.0
4.445566906521116e-64,0.9999999999999966,0.0,0.0
4.3903431875017945e-64,0.9999999999999966,0.0,0.0
4.335805468537461e-64,0.9999999999999966,0.0,0.0
4.2819452279985724e-64,0.9999999999999966,0.0,0.0
4.2287540501129684e-64,0.9999999999999966,0.0,0.0
4.17622362365089e-64,0.9999999999999966,0.0,0.0
4.124345740626332e-64,0.9999999999999966,0.0,0.0
4.073112295014529e-64,0.9999999999999966,0.0,0.0
4.022515281485371e-64,0.9999999999999966,0.0,0.0
3.9725467941525585e-64,0.9999999999999966,0.0,0.0
3.923199025338286e-64,0.9999999999999966,0.0,0.0
3.87446426435328e-64,0.9999999999999966,0.0,0.0
3.8263348962919895e-64,0.9999999999999966,0.0,0.0
3.7788034008427374e-64,0.9999999999999966,0.0,0.0
3.73186235111266e-64,0.9999999999999966,0.0,0.0
3.685504412467237e-64,0.9999999999999966,0.0,0.0
3.639722341384242e-64,0.9999999999999966,0.0,0.0
3.594508984321927e-64,0.9999999999999966,0.0,0.0
3.549857276601267e-64,0.9999999999999966,0.0,0.0
3.505760241302088e-64,0.9999999999999966,0.0,0.0
3.462210988172913e-64,0.9999999999999966,0.0,0.0
3.41920271255434e-64,0.9999999999999966,0.0,0.0
3.3767286943158055e-64,0.9999999999999966,0.0,0.0
3.334782296805549e-64,0.9999999999999966,0.0,0.0
3.293356965813621e-64,0.9999999999999966,0.0,0.0
3.252446228547777e-64,0.9999999999999966,0.0,0.0
3.212043692622088e-64,0.9999999999999966,0.0,0.0
3.172143045058119e-64,0.9999999999999966,0.0,0.0
3.1327380512985115e-64,0.9999999999999966,0.0,0.0
3.0938225542328226e-64,0.9999999999999966,0.0,0.0
3.055390473235465e-64,0.9999999999999966,0.0,0.0
3.0174358032155943e-64,0.9999999999999966,0.0,0.0
2.9799526136788025e-64,0.9999999999999966,0.0,0.0
2.942935047800468e-64,0.9999999999999966,0.0,0.0
2.906377321510611e-64,0.9999999999999966,0.0,0.0
2.8702737225901235e-64,0.9999999999999966,0.0,0.0
2.834618609778224e-64,0.9999999999999966,0.0,0.0
2.7994064118909963e-64,0.9999999999999966,0.0,0.0
2.7646316269508835e-64,0.9999999999999966,0.0,0.0
2.7302888213269907e-64,0.9999999999999966,0.0,0.0
2.6963726288860705e-64,0.9999999999999966,0.0,0.0
2.6628777501540536e-64,0.9999999999999966,0.0,0.0
2.629798951487994e-64,0.9999999999999966,0.0,0.0
2.5971310642583026e-64,0.9999999999999966,0.0,0.0
2.564868984041139e-64,0.9999999999999966,0.0,0.0
2.533007669820834e-64,0.9999999999999966,0.0,0.0
2.5015421432022194e-64,0.9999999999999966,0.0,0.0
2.4704674876327466e-64,0.9999999999999966,0.0,0.0
2.439778847634263e-64,0.9999999999999966,0.0,0.0
2.409471428044334e-64,0.9999999999999966,0.0,0.0
2.3795404932669894e-64,0.9999999999999966,0.0,0.0
2.3499813665327782e-64,0.9999999999999966,0.0,0.0
2.3207894291680105e-64,0.9999999999999966,0.0,0.0
2.2919601198730843e-64,0.9999999999999966,0.0,0.0
2.26348893400977e-64,0.9999999999999966,0.0,0.0
2.2353714228973535e-64,0.9999999999999966,0.0,0.0
2.2076031931175196e-64,0.9999999999999966,0.0,0.0
2.1801799058278716e-64,0.9999999999999966,0.0,0.0
2.15309727608398e-64,0.9999999999999966,0.0,0.0
2.1263510721698488e-64,0.9999999999999966,0.0,0.0
2.0999371149367025e-64,0.9999999999999966,0.0,0.0
2.0738512771499848e-64,0.9999999999999966,0.0,0.0
2.048089482844472e-64,0.9999999999999966,0.0,0.0
2.0226477066873927e-64,0.9999999999999966,0.0,0.0
1.997521973349462e-64,0.9999999999999966,0.0,0.0
1.972708356883729e-64,0.9999999999999966,0.0,0.0
1.9482029801121387e-64,0.9999999999999966,0.0,0.0
1.9240020140197152e-64,0.9999999999999966,0.0,0.0
1.9001016771562712e-64,0.9999999999999966,0.0,0.0
1.8764982350455476e-64,0.9999999999999966,0.0,0.0
1.853187999601695e-64,0.9999999999999966,0.0,0.0
1.830167328553001e-64,0.9999999999999966,0.0,0.0
1.8074326248727806e-64,0.9999999999999966,0.0,0.0
1.78498033621733e-64,0.9999999999999966,0.0,0.0
1.76280695437087e-64,0.9999999999999966,0.0,0.0
1.740909014697376e-64,0.9999999999999966,0.0,0.0
1.719283095599223e-64,0.9999999999999966,0.0,0.0
1.6979258179825557e-64,0.9999999999999966,0.0,0.0
1.676833844729296e-64,0.9999999999999966,0.0,0.0
1.6560038801757124e-64,0.9999999999999966,0.0,0.0
1.635432669597466e-64,0.9999999999999966,0.0,0.0
1.615116998701053e-64,0.9999999999999966,0.0,0.0
1.595053693121564e-64,0.9999999999999966,0.0,0.0
1.5752396179266847e-64,0.9999999999999966,0.0,0.0
1.5556716771268552e-64,0.9999999999999966,0.0,0.0
1.5363468131915155e-64,0.9999999999999966,0.0,0.0
1.5172620065713602e-64,0.9999999999999966,0.0,0.0
1.4984142752265276e-64,0.9999999999999966,0.0,0.0
1.4798006741606504e-64,0.9999999999999966,0.0,0.0
1.4614182949606936e-64,0.9999999999999966,0.0,0.0
1.4432642653425093e-64,0.9999999999999966,0.0,0.0
1.4253357487020359e-64,0.9999999999999966,0.0,0.0
1.4076299436720736e-64,0.9999999999999966,0.0,0.0
1.3901440836845652e-64,0.9999999999999966,0.0,0.0
1.372875436538313e-64,0.9999999999999966,0.0,0.0
1.3558213039720688e-64,0.9999999999999966,0.0,0.0
1.3389790212429229e-64,0.9999999999999966,0.0,0.0
1.3223459567099342e-64,0.9999999999999966,0.0,0.0
1.30591951142293e-64,0.9999999999999966,0.0,0.0
1.2896971187164158e-64,0.9999999999999966,0.0,0.0
1.2736762438085274e-64,0.9999999999999966,0.0,0.0
1.2578543834049666e-64,0.9999999999999966,0.0,0.0
1.2422290653078567e-64,0.9999999999999966,0.0,0.0
1.2267978480294558e-64,0.9999999999999966,0.0,0.0
1.2115583204106704e-64,0.9999999999999966,0.0,0.0
1.1965081012443058e-64,0.9999999999999966,0.0,0.0
1.1816448389029985e-64,0.9999999999999966,0.0,0.0
1.1669662109717689e-64,0.9999999999999966,0.0,0.0
1.15246992388514e-64,0.9999999999999966,0.0,0.0
1.1381537125687622e-64,0.9999999999999966,0.0,0.0
1.124015340085492e-64,0.9999999999999966,0.0,0.0
1.110052597285865e-64,0.9999999999999966,0.0,0.0
1.096263302462912e-64,0.9999999999999966,0.0,0.0
1.0826453010112637e-64,0.9999999999999966,0.0,0.0
1.0691964650904877e-64,0.9999999999999966,0.0,0.0
1.0559146932926104e-64,0.9999999999999966,0.0,0.0
1.0427979103137673e-64,0.9999999999999966,0.0,0.0
1.0298440666299327e-64,0.9999999999999966,0.0,0.0
1.0170511381766769e-64,0.9999999999999966,0.0,0.0
1.0044171260329024e-64,0.9999999999999966,0.0,0.0
9.919400561085084e-65,0.9999999999999966,0.0,0.0
9.796179788359356e-65,0.9999999999999966,0.0,0.0
9.67448968865541e-65,0.9999999999999966,0.0,0.0
9.554311247647598e-65,0.9999999999999966,0.0,0.0
9.435625687210015e-65,0.9999999999999966,0.0,0.0
9.318414462482382e-65,0.9999999999999966,0.0,0.0
9.202659258972373e-65,0.9999999999999966,0.0,0.0
9.088341989693945e-65,0.9999999999999966,0.0,0.0
8.975444792341198e-65,0.9999999999999966,0.0,0.0
8.86395002649736e-65,0.9999999999999966,0.0,0.0
8.75384027087844e-65,0.9999999999999966,0.0,0.0
8.64509832061111e-65,0.9999999999999966,0.0,0.0
8.537707184544409e-65,0.9999999999999966,0.0,0.0
8.431650082594844e-65,0.9999999999999966,0.0,0.0
8.326910443124468e-65,0.9999999999999966,0.0,0.0
8.223471900351527e-65,0.9999999999999966,0.0,0.0
8.12131829179327e-65,0.9999999999999966,0.0,0.0
8.020433655740534e-65,0.9999999999999966,0.0,0.0
7.920802228763692e-65,0.9999999999999966,0.0,0.0
7.822408443249583e-65,0.9999999999999966,0.0,0.0
7.725236924969043e-65,0.9999999999999966,0.0,0.0
7.62927249067465e-65,0.9999999999999966,0.0,0.0
7.534500145728308e-65,0.9999999999999966,0.0,0.0
7.440905081758313e-65,0.9999999999999966,0.0,0.0
7.3484726743455035e-65,0.9999999999999966,0.0,0.0
7.2571884807381725e-65,0.9999999999999966,0.0,0.0
7.167038237595355e-65,0.9999999999999966,0.0,0.0
7.078007858758154e-65,0.9999999999999966,0.0,0.0
6.990083433048748e-65,0.9999999999999966,0.0,0.0
6.9032512220967425e-65,0.9999999999999966,0.0,0.0
6.81749765819252e-65,0.9999999999999966,0.0,0.0
6.732809342167259e-65,0.9999999999999966,0.0,0.0
6.6491730412992854e-65,0.9999999999999966,0.0,0.0
6.566575687246435e-65,0.9999999999999966,0.0,0.0
6.485004374004097e-65,0.9999999999999966,0.0,0.0
6.404446355888625e-65,0.9999999999999966,0.0,0.0
6.3248890455457954e-65,0.9999999999999966,0.0,0.0
6.246320011984014e-65,0.9999999999999966,0.0,0.0
6.1687269786319395e-65,0.9999999999999966,0.0,0.0
6.092097821420254e-65,0.9999999999999966,0.0,0.0
6.016420566887242e-65,0.9999999999999966,0.0,0.0
5.941683390307922e-65,0.9999999999999966,0.0,0.0
5.867874613846405e-65,0.9999999999999966,0.0,0.0
5.794982704731209e-65,0.9999999999999966,0.0,0.0
5.722996273453238e-65,0.9999999999999966,0.0,0.0
5.651904071986153e-65,0.9999999999999966,0.0,0.0
5.58169499202884e-65,0.9999999999999966,0.0,0.0
5.512358063269721e-65,0.9999999999999966,0.0,0.0
5.443882451672613e-65,0.9999999999999966,0.0,0.0
5.3762574577838944e-65,0.9999999999999966,0.0,0.0
5.309472515060689e-65,0.9999999999999966,0.0,0.0
5.243517188219827e-65,0.9999999999999966,0.0,0.0
5.1783811716073055e-65,0.9999999999999966,0.0,0.0
5.114054287588013e-65,0.9999999999999966,0.0,0.0
5.050526484955453e-65,0.9999999999999966,0.0,0.0
4.987787837361219e-65,0.9999999999999966,0.0,0.0
4.9258285417639845e-65,0.9999999999999966,0.0,0.0
4.86463891689776e-65,0.9999999999999966,0.0,0.0
4.804209401759173e-65,0.9999999999999966,0.0,0.0
4.7445305541135425e-65,0.9999999999999966,0.0,0.0
4.6855930490195095e-65,0.9999999999999966,0.0,0.0
4.627387677371999e-65,0.9999999999999966,0.0,0.0
4.569905344463273e-65,0.9999999999999966,0.0,0.0
4.513137068561871e-65,0.9999999999999966,0.0,0.0
4.45707397950919e-65,0.9999999999999966,0.0,0.0
4.4017073173335085e-65,0.9999999999999966,0.0,0.0
4.34702843088122e-65,0.9999999999999966,0.0,0.0
4.293028776465077e-65,0.9999999999999966,0.0,0.0
4.239699916529214e-65,0.9999999999999966,0.0,0.0
4.187033518330774e-65,0.9999999999999966,0.0,0.0
4.13502135263789e-65,0.9999999999999966,0.0,0.0
4.083655292443856e-65,0.9999999999999966,0.0,0.0
4.0329273116972655e-65,0.9999999999999966,0.0,0.0
3.982829484047923e-65,0.9999999999999966,0.0,0.0
3.933353981608336e-65,0.9999999999999966,0.0,0.0
3.884493073730594e-65,0.9999999999999966,0.0,0.0
3.836239125798436e-65,0.9999999999999966,0.0,0.0
3.7885845980343253e-65,0.9999999999999966,0.0,0.0
3.7415220443213502e-65,0.9999999999999966,0.0,0.0
3.6950441110397454e-65,0.9999999999999966,0.0,0.0
3.6491435359178787e-65,0.9999999999999966,0.0,0.0
3.603813146897505e-65,0.9999999999999966,0.0,0.0
3.559045861013117e-65,0.9999999999999966,0.0,0.0
3.514834683285219e-65,0.9999999999999966,0.0,0.0
3.4711727056273447e-65,0.9999999999999966,0.0,0.0
3.428053105766658e-65,0.9999999999999966,0.0,0.0
3.3854691461779556e-65,0.9999999999999966,0.0,0.0
3.343414173030916e-65,0.9999999999999966,0.0,0.0
3.301881615150427e-65,0.9999999999999966,0.0,0.0
3.260864982989823e-65,0.9999999999999966,0.0,0.0
3.2203578676168833e-65,0.9999999999999966,0.0,0.0
3.180353939712421e-65,0.9999999999999966,0.0,0.0
3.1408469485813144e-65,0.9999999999999966,0.0,0.0
3.1018307211758247e-65,0.9999999999999966,0.0,0.0
3.0632991611310427e-65,0.9999999999999966,0.0,0.0
3.0252462478123216e-65,0.9999999999999966,0.0,0.0
2.987666035374538e-65,0.9999999999999966,0.0,0.0
2.9505526518330434e-65,0.9999999999999966,0.0,0.0
2.913900298146154e-65,0.9999999999999966,0.0,0.0
2.877703247309039e-65,0.9999999999999966,0.0,0.0
2.8419558434588647e-65,0.9999999999999966,0.0,0.0
2.806652500991052e-65,0.9999999999999966,0.0,0.0
2.7717877036865172e-65,0.9999999999999966,0.0,0.0
2.7373560038497515e-65,0.9999999999999966,0.0,0.0
2.7033520214576056e-65,0.9999999999999966,0.0,0.0
2.669770443318651e-65,0.9999999999999966,0.0,0.0
2.6366060222429835e-65,0.9999999999999966,0.0,0.0
2.6038535762223386e-65,0.9999999999999966,0.0,0.0
2.5715079876203924e-65,0.9999999999999966,0.0,0.0
2.539564202373121e-65,0.9999999999999966,0.0,0.0
2.50801722919909e-65,0.9999999999999966,0.0,0.0
2.4768621388195614e-65,0.9999999999999966,0.0,0.0
2.446094063188279e-65,0.9999999999999966,0.0,0.0
2.4157081947308296e-65,0.9999999999999966,0.0,0.0
2.3856997855934486e-65,0.9999999999999966,0.0,0.0
2.356064146901157e-65,0.9999999999999966,0.0,0.0
2.326796648025117e-65,0.9999999999999966,0.0,0.0
2.2978927158590862e-65,0.9999999999999966,0.0,0.0
2.26934783410486e-65,0.9999999999999966,0.0,0.0
2.24115754256659e-65,0.9999999999999966,0.0,0.0
2.2133174364538736e-65,0.9999999999999966,0.0,0.0
2.18582316569349e-65,0.9999999999999966,0.0,0.0
2.158670434249697e-65,0.9999999999999966,0.0,0.0
2.131854999452966e-65,0.9999999999999966,0.0,0.0
2.1053726713370557e-65,0.9999999999999966,0.0,0.0
2.07921931198432e-65,0.9999999999999966,0.0,0.0
2.053390834879153e-65,0.9999999999999966,0.0,0.0
2.02788320426946e-65,0.9999999999999966,0.0,0.0
2.0026924345360645e-65,0.9999999999999966,0.0,0.0
1.977814589569946e-65,0.9999999999999966,0.0,0.0
1.9532457821572155e-65,0.9999999999999966,0.0,0.0
1.928982173371731e-65,0.9999999999999966,0.0,0.0
1.9050199719752566e-65,0.9999999999999966,0.0,0.0
1.8813554338250742e-65,0.9999999999999966,0.0,0.0
1.8579848612889535e-65,0.9999999999999966,0.0,0.0
1.8349046026673895e-65,0.9999999999999966,0.0,0.0
1.8121110516230168e-65,0.9999999999999966,0.0,0.0
1.7896006466171123e-65,0.9999999999999966,0.0,0.0
1.7673698703530977e-65,0.9999999999999966,0.0,0.0
1.745415249226954e-65,0.9999999999999966,0.0,0.0
1.7237333527844645e-65,0.9999999999999966,0.0,0.0
1.7023207931851999e-65,0.9999999999999966,0.0,0.0
1.6811742246731597e-65,0.9999999999999966,0.0,0.0
1.6602903430539922e-65,0.9999999999999966,0.0,0.0
1.639665885178707e-65,0.9999999999999966,0.0,0.0
1.619297628433802e-65,0.9999999999999966,0.0,0.0
1.599182390237722e-65,0.9999999999999966,0.0,0.0
1.579317027543576e-65,0.9999999999999966,0.0,0.0
1.5596984363480279e-65,0.9999999999999966,0.0,0.0
1.54032355120629e-65,0.9999999999999966,0.0,0.0
1.5211893447531414e-65,0.9999999999999966,0.0,0.0
1.5022928272298968e-65,0.9999999999999966,0.0,0.0
1.4836310460172487e-65,0.9999999999999966,0.0,0.0
1.4652010851739164e-65,0.9999999999999966,0.0,0.0
1.4470000649810231e-65,0.9999999999999966,0.0,0.0
1.4290251414921347e-65,0.9999999999999966,0.0,0.0
1.4112735060888867e-65,0.9999999999999966,0.0,0.0
1.3937423850421327e-65,0.9999999999999966,0.0,0.0
1.376429039078543e-65,0.9999999999999966,0.0,0.0
1.3593307629525876e-65,0.9999999999999966,0.0,0.0
1.342444885023836e-65,0.9999999999999966,0.0,0.0
1.3257687668395084e-65,0.9999999999999966,0.0,0.0
1.3092998027222118e-65,0.9999999999999966,0.0,0.0
1.2930354193627976e-65,0.9999999999999966,0.0,0.0
1.276973075418277e-65,0.9999999999999966,0.0,0.0
1.26111026111473e-65,0.9999999999999966,0.0,0.0
1.24544449785515e-65,0.9999999999999966,0.0,0.0
1.2299733378321564e-65,0.9999999999999966,0.0,0.0
1.2146943636455204e-65,0.9999999999999966,0.0,0.0
1.1996051879244406e-65,0.9999999999999966,0.0,0.0
1.1847034529545128e-65,0.9999999999999966,0.0,0.0
1.169986830309331e-65,0.9999999999999966,0.0,0.0
1.1554530204866663e-65,0.9999999999999966,0.0,0.0
1.141099752549166e-65,0.9999999999999966,0.0,0.0
1.1269247837695137e-65,0.9999999999999966,0.0,0.0
1.1129258992799995e-65,0.9999999999999966,0.0,0.0
1.0991009117264413e-65,0.9999999999999966,0.0,0.0
1.085447660926408e-65,0.9999999999999966,0.0,0.0
1.0719640135316852e-65,0.9999999999999966,0.0,0.0
1.0586478626949355e-65,0.9999999999999966,0.0,0.0
1.0454971277404995e-65,0.9999999999999966,0.0,0.0
1.0325097538392866e-65,0.9999999999999966,0.0,0.0
1.0196837116877019e-65,0.9999999999999966,0.0,0.0
1.0070169971905657e-65,0.9999999999999966,0.0,0.0
9.945076311479677e-66,0.9999999999999966,0.0,0.0
9.821536589460142e-66,0.9999999999999966,0.0,0.0
9.699531502514152e-66,0.9999999999999966,0.0,0.0
9.579041987098654e-66,0.9999999999999966,0.0,0.0
9.460049216481739e-66,0.9999999999999966,0.0,0.0
9.34253459780091e-66,0.9999999999999966,0.0,0.0
9.226479769157923e-66,0.9999999999999966,0.0,0.0
9.111866596749692e-66,0.9999999999999966,0.0,0.0
8.998677172034855e-66,0.9999999999999966,0.0,0.0
8.88689380893552e-66,0.9999999999999966,0.0,0.0
8.776499041073787e-66,0.9999999999999966,0.0,0.0
8.667475619042584e-66,0.9999999999999966,0.0,0.0
8.559806507710415e-66,0.9999999999999966,0.0,0.0
8.453474883559587e-66,0.9999999999999966,0.0,0.0
8.3484641320575e-66,0.9999999999999966,0.0,0.0
8.244757845060595e-66,0.9999999999999966,0.0,0.0
8.142339818250541e-66,0.9999999999999966,0.0,0.0
8.041194048602284e-66,0.9999999999999966,0.0,0.0
7.941304731883541e-66,0.9999999999999966,0.0,0.0
7.842656260185354e-66,0.9999999999999966,0.0,0.0
7.745233219483325e-66,0.9999999999999966,0.0,0.0
7.649020387229143e-66,0.9999999999999966,0.0,0.0
7.554002729972027e-66,0.9999999999999966,0.0,0.0
7.460165401009722e-66,0.9999999999999966,0.0,0.0
7.367493738068668e-66,0.9999999999999966,0.0,0.0
7.275973261012998e-66,0.9999999999999966,0.0,0.0
7.185589669581977e-66,0.9999999999999966,0.0,0.0
7.096328841155561e-66,0.9999999999999966,0.0,0.0
7.008176828547713e-66,0.9999999999999966,0.0,0.0
6.921119857827122e-66,0.9999999999999966,0.0,0.0
6.835144326165e-66,0.9999999999999966,0.0,0.0
6.750236799709611e-66,0.9999999999999966,0.0,0.0
6.666384011487206e-66,0.9999999999999966,0.0,0.0
6.583572859329032e-66,0.9999999999999966,0.0,0.0
6.501790403824087e-66,0.9999999999999966,0.0,0.0
6.421023866297318e-66,0.9999999999999966,0.0,0.0
6.34126062681292e-66,0.9999999999999966,0.0,0.0
6.26248822220245e-66,0.9999999999999966,0.0,0.0
6.184694344117426e-66,0.9999999999999966,0.0,0.0
6.107866837106133e-66,0.9999999999999966,0.0,0.0
6.031993696714296e-66,0.9999999999999966,0.0,0.0
5.95706306760937e-66,0.9999999999999966,0.0,0.0
5.883063241728114e-66,0.9999999999999966,0.0,0.0
5.809982656447185e-66,0.9999999999999966,0.0,0.0
5.737809892776454e-66,0.9999999999999966,0.0,0.0
5.666533673574766e-66,0.9999999999999966,0.0,0.0
5.596142861787862e-66,0.9999999999999966,0.0,0.0
5.526626458708194e-66,0.9999999999999966,0.0,0.0
5.457973602256353e-66,0.9999999999999966,0.0,0.0
5.390173565283849e-66,0.9999999999999966,0.0,0.0
5.323215753896966e-66,0.9999999999999966,0.0,0.0
5.257089705801454e-66,0.9999999999999966,0.0,0.0
5.191785088667769e-66,0.9999999999999966,0.0,0.0
5.127291698516622e-66,0.9999999999999966,0.0,0.0
5.063599458124595e-66,0.9999999999999966,0.0,0.0
5.000698415449549e-66,0.9999999999999966,0.0,0.0
4.938578742075595e-66,0.9999999999999966,0.0,0.0
4.877230731677389e-66,0.9999999999999966,0.0,0.0
4.816644798503497e-66,0.9999999999999966,0.0,0.0
4.756811475878603e-66,0.9999999999999966,0.0,0.0
4.697721414724317e-66,0.9999999999999966,0.0,0.0
4.639365382098368e-66,0.9999999999999966,0.0,0.0
4.581734259751936e-66,0.9999999999999966,0.0,0.0
4.5248190427049076e-66,0.9999999999999966,0.0,0.0
4.468610837838826e-66,0.9999999999999966,0.0,0.0
4.4131008625073295e-66,0.9999999999999966,0.0,0.0
4.3582804431638394e-66,0.9999999999999966,0.0,0.0
4.304141014006304e-66,0.9999999999999966,0.0,0.0
4.250674115638773e-66,0.9999999999999966,0.0,0.0
4.197871393749602e-66,0.9999999999999966,0.0,0.0
4.1457245978060695e-66,0.9999999999999966,0.0,0.0
4.09422557976522e-66,0.9999999999999966,0.0,0.0
4.043366292800713e-66,0.9999999999999966,0.0,0.0
3.993138790045489e-66,0.9999999999999966,0.0,0.0
3.943535223350057e-66,0.9999999999999966,0.0,0.0
3.894547842056205e-66,0.9999999999999966,0.0,0.0
3.846168991785943e-66,0.9999999999999966,0.0,0.0
3.7983911132454925e-66,0.9999999999999966,0.0,0.0
3.751206741044129e-66,0.9999999999999966,0.0,0.0
3.704608502527702e-66,0.9999999999999966,0.0,0.0
3.658589116626641e-66,0.9999999999999966,0.0,0.0
3.613141392718276e-66,0.9999999999999966,0.0,0.0
3.5682582295032843e-66,0.9999999999999966,0.0,0.0
3.523932613896101e-66,0.9999999999999966,0.0,0.0
3.480157619929109e-66,0.9999999999999966,0.0,0.0
3.436926407670443e-66,0.9999999999999966,0.0,0.0
3.394232222155236e-66,0.9999999999999966,0.0,0.0
3.352068392330141e-66,0.9999999999999966,0.0,0.0
3.310428330010969e-66,0.9999999999999966,0.0,0.0
3.2693055288532673e-66,0.9999999999999966,0.0,0.0
3.2286935633356924e-66,0.9999999999999966,0.0,0.0
3.18858608775601e-66,0.9999999999999966,0.0,0.0
3.148976835239563e-66,0.9999999999999966,0.0,0.0
3.109859616760063e-66,0.9999999999999966,0.0,0.0
3.071228320172541e-66,0.9999999999999966,0.0,0.0
3.0330769092583107e-66,0.9999999999999966,0.0,0.0
2.9953994227818e-66,0.9999999999999966,0.0,0.0
2.958189973559094e-66,0.9999999999999966,0.0,0.0
2.9214427475380506e-66,0.9999999999999966,0.0,0.0
2.8851520028898443e-66,0.9999999999999966,0.0,0.0
2.849312069111791e-66,0.9999999999999966,0.0,0.0
2.8139173461413243e-66,0.9999999999999966,0.0,0.0
2.77896230348097e-66,0.9999999999999966,0.0,0.0
2.7444414793341996e-66,0.9999999999999966,0.0,0.0
2.7103494797520077e-66,0.9999999999999966,0.0,0.0
2.676680977790102e-66,0.9999999999999966,0.0,0.0
2.643430712676554e-66,0.9999999999999966,0.0,0.0
2.6105934889897937e-66,0.9999999999999966,0.0,0.0
2.5781641758468137e-66,0.9999999999999966,0.0,0.0
2.5461377061014595e-66,0.9999999999999966,0.0,0.0
2.514509075552678e-66,0.9999999999999966,0.0,0.0
2.4832733421625984e-66,0.9999999999999966,0.0,0.0
2.452425625284331e-66,0.9999999999999966,0.0,0.0
2.421961104899355e-66,0.9999999999999966,0.0,0.0
2.391875020864383e-66,0.9999999999999966,0.0,0.0
2.362162672167574e-66,0.9999999999999966,0.0,0.0
2.3328194161939971e-66,0.9999999999999966,0.0,0.0
2.3038406680002086e-66,0.9999999999999966,0.0,0.0
2.2752218995978477e-66,0.9999999999999966,0.0,0.0
2.246958639246127e-66,0.9999999999999966,0.0,0.0
2.2190464707531177e-66,0.9999999999999966,0.0,0.0
2.191481032785706e-66,0.9999999999999966,0.0,0.0
2.1642580181881288e-66,0.9999999999999966,0.0,0.0
2.1373731733089718e-66,0.9999999999999966,0.0,0.0
2.1108222973365265e-66,0.9999999999999966,0.0,0.0
2.0846012416424056e-66,0.9999999999999966,0.0,0.0
2.0587059091333118e-66,0.9999999999999966,0.0,0.0
2.0331322536108573e-66,0.9999999999999966,0.0,0.0
2.0078762791393385e-66,0.9999999999999966,0.0,0.0
1.9829340394213623e-66,0.9999999999999966,0.0,0.0
1.9583016371812292e-66,0.9999999999999966,0.0,0.0
1.9339752235559754e-66,0.9999999999999966,0.0,0.0
1.9099509974939807e-66,0.9999999999999966,0.0,0.0
1.8862252051610476e-66,0.9999999999999966,0.0,0.0
1.8627941393538546e-66,0.9999999999999966,0.0,0.0
1.8396541389207004e-66,0.9999999999999966,0.0,0.0
1.8168015881894395e-66,0.9999999999999966,0.0,0.0
1.7942329164025282e-66,0.9999999999999966,0.0,0.0
1.7719445971590848e-66,0.9999999999999966,0.0,0.0
1.7499331478638828e-66,0.9999999999999966,0.0,0.0
1.7281951291831886e-66,0.9999999999999966,0.0,0.0
1.7067271445073587e-66,0.9999999999999966,0.0,0.0
1.6855258394201116e-66,0.9999999999999966,0.0,0.0
1.6645879011743948e-66,0.9999999999999966,0.0,0.0
1.6439100581747596e-66,0.9999999999999966,0.0,0.0
1.62348907946617e-66,0.9999999999999966,0.0,0.0
1.6033217742291568e-66,0.9999999999999966,0.0,0.0
1.583404991281247e-66,0.9999999999999966,0.0,0.0
1.563735618584586e-66,0.9999999999999966,0.0,0.0
1.5443105827596732e-66,0.9999999999999966,0.0,0.0
1.5251268486051414e-66,0.9999999999999966,0.0,0.0
1.506181418623501e-66,0.9999999999999966,0.0,0.0
1.4874713325527738e-66,0.9999999999999966,0.0,0.0
1.4689936669039463e-66,0.9999999999999966,0.0,0.0
1.4507455345041689e-66,0.9999999999999966,0.0,0.0
1.4327240840456292e-66,0.9999999999999966,0.0,0.0
1.4149264996400295e-66,0.9999999999999966,0.0,0.0
1.397350000378598e-66,0.9999999999999966,0.0,0.0
1.3799918398975666e-66,0.9999999999999966,0.0,0.0
1.3628493059490457e-66,0.9999999999999966,0.0,0.0
1.3459197199772302e-66,0.9999999999999966,0.0,0.0
1.3292004366998695e-66,0.9999999999999966,0.0,0.0
1.3126888436949372e-66,0.9999999999999966,0.0,0.0
1.296382360992434e-66,0.9999999999999966,0.0,0.0
1.280278440671263e-66,0.9999999999999966,0.0,0.0
1.2643745664611114e-66,0.9999999999999966,0.0,0.0
1.248668253349278e-66,0.9999999999999966,0.0,0.0
1.2331570471923857e-66,0.9999999999999966,0.0,0.0
1.2178385243329153e-66,0.9999999999999966,0.0,0.0
1.2027102912205054e-66,0.9999999999999966,0.0,0.0
1.187769984037955e-66,0.9999999999999966,0.0,0.0
1.1730152683318704e-66,0.9999999999999966,0.0,0.0
1.1584438386479057e-66,0.9999999999999966,0.0,0.0
1.1440534181705277e-66,0.9999999999999966,0.0,0.0
1.12984175836726e-66,0.9999999999999966,0.0,0.0
1.1158066386373455e-66,0.9999999999999966,0.0,0.0
1.1019458659647727e-66,0.9999999999999966,0.0,0.0
1.0882572745756123e-66,0.9999999999999966,0.0,0.0
1.074738725599611e-66,0.9999999999999966,0.0,0.0
1.0613881067359887e-66,0.9999999999999966,0.0,0.0
1.0482033319233864e-66,0.9999999999999966,0.0,0.0
1.035182341013916e-66,0.9999999999999966,0.0,0.0
1.0223230994512575e-66,0.9999999999999966,0.0,0.0
1.0096235979527551e-66,0.9999999999999966,0.0,0.0
9.97081852195463e-67,0.9999999999999966,0.0,0.0
9.846959025060912e-67,0.9999999999999966,0.0,0.0
9.72463813554802e-67,0.9999999999999966,0.0,0.0
9.603836740528114e-67,0.9999999999999966,0.0,0.0
9.484535964537456e-67,0.9999999999999966,0.0,0.0
9.366717166587085e-67,0.9999999999999966,0.0,0.0
9.250361937250127e-67,0.9999999999999966,0.0,0.0
9.135452095785278e-67,0.9999999999999966,0.0,0.0
9.021969687296028e-67,0.9999999999999966,0.0,0.0
8.90989697992518e-67,0.9999999999999966,0.0,0.0
8.799216462084198e-67,0.9999999999999966,0.0,0.0
8.689910839716996e-67,0.9999999999999966,0.0,0.0
8.581963033597702e-67,0.9999999999999966,0.0,0.0
8.475356176661996e-67,0.9999999999999966,0.0,0.0
8.370073611371596e-67,0.9999999999999966,0.0,0.0
8.266098887111482e-67,0.9999999999999966,0.0,0.0
8.163415757619456e-67,0.9999999999999966,0.0,0.0
8.062008178447634e-67,0.9999999999999966,0.0,0.0
7.961860304455458e-67,0.9999999999999966,0.0,0.0
7.862956487333872e-67,0.9999999999999966,0.0,0.0
7.765281273160237e-67,0.9999999999999966,0.0,0.0
7.66881939998362e-67,0.9999999999999966,0.0,0.0
7.573555795440093e-67,0.9999999999999966,0.0,0.0
7.479475574397637e-67,0.9999999999999966,0.0,0.0
7.386564036630311e-67,0.9999999999999966,0.0,0.0
7.294806664521315e-67,0.9999999999999966,0.0,0.0
7.204189120794581e-67,0.9999999999999966,0.0,0.0
7.114697246274546e-67,0.9999999999999966,0.0,0.0
7.026317057673747e-67,0.9999999999999966,0.0,0.0
6.939034745407913e-67,0.9999999999999966,0.0,0.0
6.852836671438176e-67,0.9999999999999966,0.0,0.0
6.767709367140118e-67,0.9999999999999966,0.0,0.0
6.683639531199251e-67,0.9999999999999966,0.0,0.0
6.600614027532677e-67,0.9999999999999966,0.0,0.0
6.518619883236533e-67,0.9999999999999966,0.0,0.0
6.43764428655896e-67,0.9999999999999966,0.0,0.0
6.357674584898239e-67,0.9999999999999966,0.0,0.0
6.278698282825787e-67,0.9999999999999966,0.0,0.0
6.200703040133736e-67,0.9999999999999966,0.0,0.0
6.123676669906736e-67,0.9999999999999966,0.0,0.0
6.047607136617732e-67,0.9999999999999966,0.0,0.0
5.972482554247389e-67,0.9999999999999966,0.0,0.0
5.8982911844268724e-67,0.9999999999999966,0.0,0.0
5.82502143460371e-67,0.9999999999999966,0.0,0.0
5.752661856230429e-67,0.9999999999999966,0.0,0.0
5.681201142975696e-67,0.9999999999999966,0.0,0.0
5.610628128957682e-67,0.9999999999999966,0.0,0.0
5.540931786999368e-67,0.9999999999999966,0.0,0.0
5.47210122690553e-67,0.9999999999999966,0.0,0.0
5.4041256937611215e-67,0.9999999999999966,0.0,0.0
5.3369945662507944e-67,0.9999999999999966,0.0,0.0
5.2706973549993e-67,0.9999999999999966,0.0,0.0
5.2052237009325035e-67,0.9999999999999966,0.0,0.0
5.140563373658753e-67,0.9999999999999966,0.0,0.0
5.076706269870364e-67,0.9999999999999966,0.0,0.0
5.013642411764956e-67,0.9999999999999966,0.0,0.0
4.9513619454863975e-67,0.9999999999999966,0.0,0.0
4.889855139585128e-67,0.9999999999999966,0.0,0.0
4.829112383497593e-67,0.9999999999999966,0.0,0.0
4.769124186044573e-67,0.9999999999999966,0.0,0.0
4.709881173948175e-67,0.9999999999999966,0.0,0.0
4.6513740903672326e-67,0.9999999999999966,0.0,0.0
4.593593793450905e-67,0.9999999999999966,0.0,0.0
4.5365312549102477e-67,0.9999999999999966,0.0,0.0
4.480177558607523e-67,0.9999999999999966,0.0,0.0
4.424523899163035e-67,0.9999999999999966,0.0,0.0
4.369561580579271e-67,0.9999999999999966,0.0,0.0
4.3152820148821347e-67,0.9999999999999966,0.0,0.0
4.261676720779055e-67,0.9999999999999966,0.0,0.0
4.2087373223337723e-67,0.9999999999999966,0.0,0.0
4.156455547657577e-67,0.9999999999999966,0.0,0.0
4.10482322761681e-67,0.9999999999999966,0.0,0.0
4.053832294556422e-67,0.9999999999999966,0.0,0.0
4.0034747810393837e-67,0.9999999999999966,0.0,0.0
3.9537428186017586e-67,0.9999999999999966,0.0,0.0
3.9046286365232384e-67,0.9999999999999966,0.0,0.0
3.856124560612953e-67,0.9999999999999966,0.0,0.0
3.808223012010362e-67,0.9999999999999966,0.0,0.0
3.760916506001042e-67,0.9999999999999966,0.0,0.0
3.7141976508471875e-67,0.9999999999999966,0.0,0.0
3.668059146632633e-67,0.9999999999999966,0.0,0.0
3.6224937841222285e-67,0.9999999999999966,0.0,0.0
3.5774944436353814e-67,0.9999999999999966,0.0,0.0
3.5330540939335914e-67,0.9999999999999966,0.0,0.0
3.4891657911218055e-67,0.9999999999999966,0.0,0.0
3.4458226775634214e-67,0.9999999999999966,0.0,0.0
3.403017980808766e-67,0.9999999999999966,0.0,0.0
3.360745012536888e-67,0.9999999999999966,0.0,0.0
3.3189971675104906e-67,0.9999999999999966,0.0,0.0
3.277767922543856e-67,0.9999999999999966,0.0,0.0
3.237050835483579e-67,0.9999999999999966,0.0,0.0
3.19683954420197e-67,0.9999999999999966,0.0,0.0
3.157127765602957e-67,0.9999999999999966,0.0,0.0
3.117909294640343e-67,0.9999999999999966,0.0,0.0
3.079178003348252e-67,0.9999999999999966,0.0,0.0
3.040927839883623e-67,0.9999999999999966,0.0,0.0
3.003152827580596e-67,0.9999999999999966,0.0,0.0
2.9658470640166472e-67,0.9999999999999966,0.0,0.0
2.9290047200903235e-67,0.9999999999999966,0.0,0.0
2.892620039110432e-67,0.9999999999999966,0.0,0.0
2.856687335896547e-67,0.9999999999999966,0.0,0.0
2.8212009958906878e-67,0.9999999999999966,0.0,0.0
2.786155474280033e-67,0.9999999999999966,0.0,0.0
2.7515452951305332e-67,0.9999999999999966,0.0,0.0
2.7173650505312826e-67,0.9999999999999966,0.0,0.0
2.6836093997495254e-67,0.9999999999999966,0.0,0.0
2.6502730683961526e-67,0.9999999999999966,0.0,0.0
2.6173508476015684e-67,0.9999999999999966,0.0,0.0
2.5848375932017956e-67,0.9999999999999966,0.0,0.0
2.552728224934688e-67,0.9999999999999966,0.0,0.0
2.5210177256461276e-67,0.9999999999999966,0.0,0.0
2.4897011405060882e-67,0.9999999999999966,0.0,0.0
2.458773576234429e-67,0.9999999999999966,0.0,0.0
2.4282302003363126e-67,0.9999999999999966,0.0,0.0
2.398066240347115e-67,0.9999999999999966,0.0,0.0
2.368276983086722e-67,0.9999999999999966,0.0,0.0
2.3388577739230805e-67,0.9999999999999966,0.0,0.0
2.3098040160449074e-67,0.9999999999999966,0.0,0.0
2.2811111697434258e-67,0.9999999999999966,0.0,0.0
2.2527747517030266e-67,0.9999999999999966,0.0,0.0
2.2247903343007423e-67,0.9999999999999966,0.0,0.0
2.19715354491442e-67,0.9999999999999966,0.0,0.0
2.1698600652394938e-67,0.9999999999999966,0.0,0.0
2.142905630614236e-67,0.9999999999999966,0.0,0.0
2.1162860293533997e-67,0.9999999999999966,0.0,0.0
2.089997102090131e-67,0.9999999999999966,0.0,0.0
2.0640347411260618e-67,0.9999999999999966,0.0,0.0
2.0383948897894724e-67,0.9999999999999966,0.0,0.0
2.013073541801428e-67,0.9999999999999966,0.0,0.0
1.988066740649791e-67,0.9999999999999966,0.0,0.0
1.963370578971006e-67,0.9999999999999966,0.0,0.0
1.938981197939567e-67,0.9999999999999966,0.0,0.0
1.91489478666507e-67,0.9999999999999966,0.0,0.0
1.8911075815967498e-67,0.9999999999999966,0.0,0.0
1.867615865935421e-67,0.9999999999999966,0.0,0.0
1.844415969052719e-67,0.9999999999999966,0.0,0.0
1.8215042659175558e-67,0.9999999999999966,0.0,0.0
1.798877176529705e-67,0.9999999999999966,0.0,0.0
1.776531165360415e-67,0.9999999999999966,0.0,0.0
1.7544627407999793e-67,0.9999999999999966,0.0,0.0
1.732668454612163e-67,0.9999999999999966,0.0,0.0
1.7111449013954098e-67,0.9999999999999966,0.0,0.0
1.689888718050741e-67,0.9999999999999966,0.0,0.0
1.6688965832562645e-67,0.9999999999999966,0.0,0.0
1.6481652169482113e-67,0.9999999999999966,0.0,0.0
1.6276913798084182e-67,0.9999999999999966,0.0,0.0
1.6074718727581795e-67,0.9999999999999966,0.0,0.0
1.5875035364583832e-67,0.9999999999999966,0.0,0.0
1.567783250815857e-67,0.9999999999999966,0.0,0.0
1.5483079344958502e-67,0.9999999999999966,0.0,0.0
1.5290745444405657e-67,0.9999999999999966,0.0,0.0
1.5100800753936784e-67,0.9999999999999966,0.0,0.0
1.491321559430756e-67,0.9999999999999966,0.0,0.0
1.4727960654955163e-67,0.9999999999999966,0.0,0.0
1.4545006989418422e-67,0.9999999999999966,0.0,0.0
1.436432601081489e-67,0.9999999999999966,0.0,0.0
1.4185889487374075e-67,0.9999999999999966,0.0,0.0
1.4009669538026168e-67,0.9999999999999966,0.0,0.0
1.383563862804557e-67,0.9999999999999966,0.0,0.0
1.366376956474854e-67,0.9999999999999966,0.0,0.0
1.3494035493244279e-67,0.9999999999999966,0.0,0.0
1.3326409892238801e-67,0.9999999999999966,0.0,0.0
1.3160866569890918e-67,0.9999999999999966,0.0,0.0
1.2997379659719728e-67,0.9999999999999966,0.0,0.0
1.2835923616562908e-67,0.9999999999999966,0.0,0.0
1.2676473212585243e-67,0.9999999999999966,0.0,0.0
1.2519003533336712e-67,0.9999999999999966,0.0,0.0
1.2363489973859574e-67,0.9999999999999966,0.0,0.0
1.220990823484377e-67,0.9999999999999966,0.0,0.0
1.2058234318830128e-67,0.9999999999999966,0.0,0.0
1.1908444526460698e-67,0.9999999999999966,0.0,0.0
1.1760515452775679e-67,0.9999999999999966,0.0,0.0
1.1614423983556355e-67,0.9999999999999966,0.0,0.0
1.1470147291713445e-67,0.9999999999999966,0.0,0.0
1.1327662833720324e-67,0.9999999999999966,0.0,0.0
1.1186948346090552e-67,0.9999999999999966,0.0,0.0
1.1047981841899165e-67,0.9999999999999966,0.0,0.0
1.0910741607347157e-67,0.9999999999999966,0.0,0.0
1.077520619836867e-67,0.9999999999999966,0.0,0.0
1.0641354437280317e-67,0.9999999999999966,0.0,0.0
1.0509165409472107e-67,0.9999999999999966,0.0,0.0
1.0378618460139516e-67,0.9999999999999966,0.0,0.0
1.0249693191056117e-67,0.9999999999999966,0.0,0.0
1.0122369457386325e-67,0.9999999999999966,0.0,0.0
9.996627364537721e-68,0.9999999999999966,0.0,0.0
9.872447265052478e-68,0.9999999999999966,0.0,0.0
9.749809755537418e-68,0.9999999999999966,0.0,0.0
9.628695673632176e-68,0.9999999999999966,0.0,0.0
9.509086095015052e-68,0.9999999999999966,0.0,0.0
9.39096233044605e-68,0.9999999999999966,0.0,0.0
9.274305922846637e-68,0.9999999999999966,0.0,0.0
9.159098644415796e-68,0.9999999999999966,0.0,0.0
9.045322493781887e-68,0.9999999999999966,0.0,0.0
8.932959693189903e-68,0.9999999999999966,0.0,0.0
8.821992685723653e-68,0.9999999999999966,0.0,0.0
8.712404132562465e-68,0.9999999999999966,0.0,0.0
8.604176910271953e-68,0.9999999999999966,0.0,0.0
8.497294108128452e-68,0.9999999999999966,0.0,0.0
8.39173902547668e-68,0.9999999999999966,0.0,0.0
8.287495169120226e-68,0.9999999999999966,0.0,0.0
8.184546250744453e-68,0.9999999999999966,0.0,0.0
8.082876184371423e-68,0.9999999999999966,0.0,0.0
7.98246908384642e-68,0.9999999999999966,0.0,0.0
7.883309260355714e-68,0.9999999999999966,0.0,0.0
7.785381219975151e-68,0.9999999999999966,0.0,0.0
7.68866966124919e-68,0.9999999999999966,0.0,0.0
7.593159472800025e-68,0.9999999999999966,0.0,0.0
7.498835730966399e-68,0.9999999999999966,0.0,0.0
7.405683697471755e-68,0.9999999999999966,0.0,0.0
7.3136888171213456e-68,0.9999999999999966,0.0,0.0
7.222836715527958e-68,0.9999999999999966,0.0,0.0
7.133113196865882e-68,0.9999999999999966,0.0,0.0
7.044504241652789e-68,0.9999999999999966,0.0,0.0
6.9569960045591575e-68,0.9999999999999966,0.0,0.0
6.870574812244909e-68,0.9999999999999966,0.0,0.0
6.785227161222926e-68,0.9999999999999966,0.0,0.0
6.700939715749101e-68,0.9999999999999966,0.0,0.0
6.617699305738598e-68,0.9999999999999966,0.0,0.0
6.535492924708006e-68,0.9999999999999966,0.0,0.0
6.4543077277430435e-68,0.9999999999999966,0.0,0.0
6.374131029491517e-68,0.9999999999999966,0.0,0.0
6.2949503021812095e-68,0.9999999999999966,0.0,0.0
6.21675317366239e-68,0.9999999999999966,0.0,0.0
6.139527425474637e-68,0.9999999999999966,0.0,0.0
6.063260990937687e-68,0.9999999999999966,0.0,0.0
5.98794195326598e-68,0.9999999999999966,0.0,0.0
5.91355854370665e-68,0.9999999999999966,0.0,0.0
5.840099139700622e-68,0.9999999999999966,0.0,0.0
5.7675522630665705e-68,0.9999999999999966,0.0,0.0
5.695906578207429e-68,0.9999999999999966,0.0,0.0
5.6251508903391786e-68,0.9999999999999966,0.0,0.0
5.555274143741641e-68,0.9999999999999966,0.0,0.0
5.486265420031e-68,0.9999999999999966,0.0,0.0
5.418113936453779e-68,0.9999999999999966,0.0,0.0
5.350809044202018e-68,0.9999999999999966,0.0,0.0
5.284340226749378e-68,0.9999999999999966,0.0,0.0
5.2186970982079e-68,0.9999999999999966,0.0,0.0
5.153869401705204e-68,0.9999999999999966,0.0,0.0
5.089847007781822e-68,0.9999999999999966,0.0,0.0
5.026619912808453e-68,0.9999999999999966,0.0,0.0
4.9641782374228746e-68,0.9999999999999966,0.0,0.0
4.902512224986275e-68,0.9999999999999966,0.0,0.0
4.841612240058752e-68,0.9999999999999966,0.0,0.0
4.7814687668937635e-68,0.9999999999999966,0.0,0.0
4.722072407951269e-68,0.9999999999999966,0.0,0.0
4.663413882429345e-68,0.9999999999999966,0.0,0.0
4.60548402481404e-68,0.9999999999999966,0.0,0.0
4.548273783447246e-68,0.9999999999999966,0.0,0.0
4.491774219112359e-68,0.9999999999999966,0.0,0.0
4.4359765036375045e-68,0.9999999999999966,0.0,0.0
4.380871918516123e-68,0.9999999999999966,0.0,0.0
4.326451853544682e-68,0.9999999999999966,0.0,0.0
4.272707805477314e-68,0.9999999999999966,0.0,0.0
4.219631376697168e-68,0.9999999999999966,0.0,0.0
4.167214273904268e-68,0.9999999999999966,0.0,0.0
4.115448306819659e-68,0.9999999999999966,0.0,0.0
4.0643253869056724e-68,0.9999999999999966,0.0,0.0
4.013837526102062e-68,0.9999999999999966,0.0,0.0
3.9639768355778636e-68,0.9999999999999966,0.0,0.0
3.914735524498743e-68,0.9999999999999966,0.0,0.0
3.8661058988096656e-68,0.9999999999999966,0.0,0.0
3.818080360032682e-68,0.9999999999999966,0.0,0.0
3.770651404079652e-68,0.9999999999999966,0.0,0.0
3.723811620079719e-68,0.9999999999999966,0.0,0.0
3.6775536892213364e-68,0.9999999999999966,0.0,0.0
3.6318703836087e-68,0.9999999999999966,0.0,0.0
3.586754565132366e-68,0.9999999999999966,0.0,0.0
3.542199184353913e-68,0.9999999999999966,0.0,0.0
3.4981972794044477e-68,0.9999999999999966,0.0,0.0
3.4547419748968023e-68,0.9999999999999966,0.0,0.0
3.41182648085124e-68,0.9999999999999966,0.0,0.0
3.3694440916345063e-68,0.9999999999999966,0.0,0.0
3.327588184912061e-68,0.9999999999999966,0.0,0.0
3.2862522206133255e-68,0.9999999999999966,0.0,0.0
3.2454297399097815e-68,0.9999999999999966,0.0,0.0
3.2051143642057684e-68,0.9999999999999966,0.0,0.0
3.1652997941418117e-68,0.9999999999999966,0.0,0.0
3.1259798086103395e-68,0.9999999999999966,0.0,0.0
3.087148263783617e-68,0.9999999999999966,0.0,0.0
3.0487990921537642e-68,0.9999999999999966,0.0,0.0
3.0109263015846943e-68,0.9999999999999966,0.0,0.0
2.973523974375831e-68,0.9999999999999966,0.0,0.0
2.9365862663374542e-68,0.9999999999999966,0.0,0.0
2.9001074058775347e-68,0.9999999999999966,0.0,0.0
2.864081693099912e-68,0.9999999999999966,0.0,0.0
2.8285034989136715e-68,0.9999999999999966,0.0,0.0
2.7933672641535897e-68,0.9999999999999966,0.0,0.0
2.7586674987115026e-68,0.9999999999999966,0.0,0.0
2.7243987806784647e-68,0.9999999999999966,0.0,0.0
2.6905557554975647e-68,0.9999999999999966,0.0,0.0
2.657133135127267e-68,0.9999999999999966,0.0,0.0
2.6241256972151407e-68,0.9999999999999966,0.0,0.0
2.5915282842818614e-68,0.9999999999999966,0.0,0.0
2.55933580291534e-68,0.9999999999999966,0.0,0.0
2.5275432229748685e-68,0.9999999999999966,0.0,0.0
2.4961455768051517e-68,0.9999999999999966,0.0,0.0
2.4651379584600974e-68,0.9999999999999966,0.0,0.0
2.4345155229362562e-68,0.9999999999999966,0.0,0.0
2.4042734854157778e-68,0.9999999999999966,0.0,0.0
2.374407120518774e-68,0.9999999999999966,0.0,0.0
2.344911761564967e-68,0.9999999999999966,0.0,0.0
2.3157827998445144e-68,0.9999999999999966,0.0,0.0
2.287015683897885e-68,0.9999999999999966,0.0,0.0
2.2586059188046877e-68,0.9999999999999966,0.0,0.0
2.230549065481328e-68,0.9999999999999966,0.0,0.0
2.202840739987393e-68,0.9999999999999966,0.0,0.0
2.1754766128406543e-68,0.9999999999999966,0.0,0.0
2.148452408340574e-68,0.9999999999999966,0.0,0.0
2.121763903900219e-68,0.9999999999999966,0.0,0.0
2.0954069293864742e-68,0.9999999999999966,0.0,0.0
2.0693773664684502e-68,0.9999999999999966,0.0,0.0
2.0436711479739847e-68,0.9999999999999966,0.0,0.0
2.01828425725414e-68,0.9999999999999966,0.0,0.0
1.9932127275555927e-68,0.9999999999999966,0.0,0.0
1.968452641400821e-68,0.9999999999999966,0.0,0.0
1.94400012997599e-68,0.9999999999999966,0.0,0.0
1.9198513725264413e-68,0.9999999999999966,0.0,0.0
1.8960025957596946e-68,0.9999999999999966,0.0,0.0
1.8724500732558606e-68,0.9999999999999966,0.0,0.0
1.8491901248853823e-68,0.9999999999999966,0.0,0.0
1.8262191162340048e-68,0.9999999999999966,0.0,0.0
1.8035334580348932e-68,0.9999999999999966,0.0,0.0
1.781129605607801e-68,0.9999999999999966,0.0,0.0
1.7590040583052069e-68,0.9999999999999966,0.0,0.0
1.7371533589653313e-68,0.9999999999999966,0.0,0.0
1.7155740933719488e-68,0.9999999999999966,0.0,0.0
1.6942628897209077e-68,0.9999999999999966,0.0,0.0
1.6732164180932815e-68,0.9999999999999966,0.0,0.0
1.6524313899350602e-68,0.9999999999999966,0.0,0.0
1.6319045575433076e-68,0.9999999999999966,0.0,0.0
1.611632713558702e-68,0.9999999999999966,0.0,0.0
1.5916126904643785e-68,0.9999999999999966,0.0,0.0
1.5718413600909994e-68,0.9999999999999966,0.0,0.0
1.5523156331279694e-68,0.9999999999999966,0.0,0.0
1.5330324586407267e-68,0.9999999999999966,0.0,0.0
1.5139888235940268e-68,0.9999999999999966,0.0,0.0
1.4951817523811505e-68,0.9999999999999966,0.0,0.0
1.4766083063589586e-68,0.9999999999999966,0.0,0.0
1.458265583388723e-68,0.9999999999999966,0.0,0.0
1.440150717382663e-68,0.9999999999999966,0.0,0.0
1.4222608778561107e-68,0.9999999999999966,0.0,0.0
1.4045932694852443e-68,0.9999999999999966,0.0,0.0
1.387145131670312e-68,0.9999999999999966,0.0,0.0
1.3699137381042825e-68,0.9999999999999966,0.0,0.0
1.3528963963468552e-68,0.9999999999999966,0.0,0.0
1.3360904474037592e-68,0.9999999999999966,0.0,0.0
1.3194932653112813e-68,0.9999999999999966,0.0,0.0
1.3031022567259532e-68,0.9999999999999966,0.0,0.0
1.2869148605193373e-68,0.9999999999999966,0.0,0.0
1.2709285473778436e-68,0.9999999999999966,0.0,0.0
1.25514081940752e-68,0.9999999999999966,0.0,0.0
1.239549209743752e-68,0.9999999999999966,0.0,0.0
1.2241512821658094e-68,0.9999999999999966,0.0,0.0
1.2089446307161816e-68,0.9999999999999966,0.0,0.0
1.1939268793246424e-68,0.9999999999999966,0.0,0.0
1.1790956814369842e-68,0.9999999999999966,0.0,0.0
1.1644487196483637e-68,0.9999999999999966,0.0,0.0
1.1499837053412026e-68,0.9999999999999966,0.0,0.0
1.1356983783275872e-68,0.9999999999999966,0.0,0.0
1.121590506496109e-68,0.9999999999999966,0.0,0.0
1.1076578854630922e-68,0.9999999999999966,0.0,0.0
1.0938983382281553e-68,0.9999999999999966,0.0,0.0
1.0803097148340498e-68,0.9999999999999966,0.0,0.0
1.0668898920307249e-68,0.9999999999999966,0.0,0.0
1.0536367729435655e-68,0.9999999999999966,0.0,0.0
1.0405482867457516e-68,0.9999999999999966,0.0,0.0
1.0276223883346868e-68,0.9999999999999966,0.0,0.0
1.0148570580124474e-68,0.9999999999999966,0.0,0.0
1.0022503011701997e-68,0.9999999999999966,0.0,0.0
9.898001479765398e-69,0.9999999999999966,0.0,0.0
9.775046530697014e-69,0.9999999999999966,0.0,0.0
9.65361895253591e-69,0.9999999999999966,0.0,0.0
9.533699771975964e-69,0.9999999999999966,0.0,0.0
9.415270251401236e-69,0.9999999999999966,0.0,0.0
9.2983118859582e-69,0.9999999999999966,0.0,0.0
9.182806400664313e-69,0.9999999999999966,0.0,0.0
9.068735747552503e-69,0.9999999999999966,0.0,0.0
8.956082102851152e-69,0.9999999999999966,0.0,0.0
8.844827864199087e-69,0.9999999999999966,0.0,0.0
8.734955647895176e-69,0.9999999999999966,0.0,0.0
8.626448286182094e-69,0.9999999999999966,0.0,0.0
8.519288824563818e-69,0.9999999999999966,0.0,0.0
8.413460519156461e-69,0.9999999999999966,0.0,0.0
8.308946834072e-69,0.9999999999999966,0.0,0.0
8.205731438834512e-69,0.9999999999999966,0.0,0.0
8.103798205828505e-69,0.9999999999999966,0.0,0.0
8.003131207778944e-69,0.9999999999999966,0.0,0.0
7.903714715262581e-69,0.9999999999999966,0.0,0.0
7.805533194250203e-69,0.9999999999999966,0.0,0.0
7.708571303679405e-69,0.9999999999999966,0.0,0.0
7.612813893057523e-69,0.9999999999999966,0.0,0.0
7.518246000094332e-69,0.9999999999999966,0.0,0.0
7.424852848364162e-69,0.9999999999999966,0.0,0.0
7.332619844997053e-69,0.9999999999999966,0.0,0.0
7.241532578398585e-69,0.9999999999999966,0.0,0.0
7.151576815998037e-69,0.9999999999999966,0.0,0.0
7.062738502024528e-69,0.9999999999999966,0.0,0.0
6.975003755310759e-69,0.9999999999999966,0.0,0.0
6.888358867124063e-69,0.9999999999999966,0.0,0.0
6.802790299024389e-69,0.9999999999999966,0.0,0.0
6.718284680748885e-69,0.9999999999999966,0.0,0.0
6.634828808122772e-69,0.9999999999999966,0.0,0.0
6.552409640996167e-69,0.9999999999999966,0.0,0.0
6.471014301206527e-69,0.9999999999999966,0.0,0.0
6.390630070566416e-69,0.9999999999999966,0.0,0.0
6.311244388876258e-69,0.9999999999999966,0.0,0.0
6.232844851961782e-69,0.9999999999999966,0.0,0.0
6.155419209735848e-69,0.9999999999999966,0.0,0.0
6.078955364284335e-69,0.9999999999999966,0.0,0.0
6.003441367975834e-69,0.9999999999999966,0.0,0.0
5.928865421594788e-69,0.9999999999999966,0.0,0.0
5.855215872497856e-69,0.9999999999999966,0.0,0.0
5.782481212793156e-69,0.9999999999999966,0.0,0.0
5.710650077542131e-69,0.9999999999999966,0.0,0.0
5.639711242983765e-69,0.9999999999999966,0.0,0.0
5.569653624780833e-69,0.9999999999999966,0.0,0.0
5.500466276287964e-69,0.9999999999999966,0.0,0.0
5.432138386841197e-69,0.9999999999999966,0.0,0.0
5.364659280068797e-69,0.9999999999999966,0.0,0.0
5.298018412223047e-69,0.9999999999999966,0.0,0.0
5.232205370532769e-69,0.9999999999999966,0.0,0.0
5.167209871576304e-69,0.9999999999999966,0.0,0.0
5.103021759674712e-69,0.9999999999999966,0.0,0.0
5.03963100530492e-69,0.9999999999999966,0.0,0.0
4.977027703532592e-69,0.9999999999999966,0.0,0.0
4.915202072464461e-69,0.9999999999999966,0.0,0.0
4.854144451719894e-69,0.9999999999999966,0.0,0.0
4.79384530092143e-69,0.9999999999999966,0.0,0.0
4.734295198204081e-69,0.9999999999999966,0.0,0.0
4.675484838743146e-69,0.9999999999999966,0.0,0.0
4.6174050333003116e-69,0.9999999999999966,0.0,0.0
4.560046706787818e-69,0.9999999999999966,0.0,0.0
4.503400896850454e-69,0.9999999999999966,0.0,0.0
4.447458752465173e-69,0.9999999999999966,0.0,0.0
4.3922115325581047e-69,0.9999999999999966,0.0,0.0
4.33765060463874e-69,0.9999999999999966,0.0,0.0
4.28376744345109e-69,0.9999999999999966,0.0,0.0
4.230553629641597e-69,0.9999999999999966,0.0,0.0
4.1780008484435915e-69,0.9999999999999966,0.0,0.0
4.1261008883780953e-69,0.9999999999999966,0.0,0.0
4.0748456399707614e-69,0.9999999999999966,0.0,0.0
4.0242270944847486e-69,0.9999999999999966,0.0,0.0
3.974237342669344e-69,0.9999999999999966,0.0,0.0
3.924868573524125e-69,0.9999999999999966,0.0,0.0
3.876113073078474e-69,0.9999999999999966,0.0,0.0
3.8279632231862564e-69,0.9999999999999966,0.0,0.0
3.7804115003354664e-69,0.9999999999999966,0.0,0.0
3.733450474472669e-69,0.9999999999999966,0.0,0.0
3.6870728078420316e-69,0.9999999999999966,0.0,0.0
3.64127125383879e-69,0.9999999999999966,0.0,0.0
3.5960386558769514e-69,0.9999999999999966,0.0,0.0
3.5513679462710597e-69,0.9999999999999966,0.0,0.0
3.5072521451318593e-69,0.9999999999999966,0.0,0.0
3.46368435927567e-69,0.9999999999999966,0.0,0.0
3.4206577811473156e-69,0.9999999999999966,0.0,0.0
3.378165687756428e-69,0.9999999999999966,0.0,0.0
3.3362014396269667e-69,0.9999999999999966,0.0,0.0
3.294758479759787e-69,0.9999999999999966,0.0,0.0
3.2538303326080973e-69,0.9999999999999966,0.0,0.0
3.213410603065637e-69,0.9999999999999966,0.0,0.0
3.1734929754674346e-69,0.9999999999999966,0.0,0.0
3.134071212602966e-69,0.9999999999999966,0.0,0.0
3.095139154741583e-69,0.9999999999999966,0.0,0.0
3.056690718670039e-69,0.9999999999999966,0.0,0.0
3.018719896741976e-69,0.9999999999999966,0.0,0.0
2.9812207559392184e-69,0.9999999999999966,0.0,0.0
2.944187436944726e-69,0.9999999999999966,0.0,0.0
2.9076141532270626e-69,0.9999999999999966,0.0,0.0
2.8714951901362417e-69,0.9999999999999966,0.0,0.0
2.835824904010797e-69,0.9999999999999966,0.0,0.0
2.800597721295952e-69,0.9999999999999966,0.0,0.0
2.76580813767274e-69,0.9999999999999966,0.0,0.0
2.7314507171979424e-69,0.9999999999999966,0.0,0.0
2.697520091454711e-69,0.9999999999999966,0.0,0.0
2.664010958713743e-69,0.9999999999999966,0.0,0.0
2.630918083104876e-69,0.9999999999999966,0.0,0.0
2.598236293798969e-69,0.9999999999999966,0.0,0.0
2.565960484199954e-69,0.9999999999999966,0.0,0.0
2.5340856111469176e-69,0.9999999999999966,0.0,0.0
2.5026066941260976e-69,0.9999999999999966,0.0,0.0
2.4715188144926667e-69,0.9999999999999966,0.0,0.0
2.4408171147021855e-69,0.9999999999999966,0.0,0.0
2.410496797551601e-69,0.9999999999999966,0.0,0.0
2.3805531254296725e-69,0.9999999999999966,0.0,0.0
2.3509814195767125e-69,0.9999999999999966,0.0,0.0
2.321777059353519e-69,0.9999999999999966,0.0,0.0
2.292935481519393e-69,0.9999999999999966,0.0,0.0
2.2644521795191202e-69,0.9999999999999966,0.0,0.0
2.2363227027788156e-69,0.9999999999999966,0.0,0.0
2.2085426560105103e-69,0.9999999999999966,0.0,0.0
2.18110769852538e-69,0.9999999999999966,0.0,0.0
2.154013543555502e-69,0.9999999999999966,0.0,0.0
2.1272559575840408e-69,0.9999999999999966,0.0,0.0
2.1008307596837513e-69,0.9999999999999966,0.0,0.0
2.074733820863701e-69,0.9999999999999966,0.0,0.0
2.0489610634241058e-69,0.9999999999999966,0.0,0.0
2.0235084603191828e-69,0.9999999999999966,0.0,0.0
1.9983720345279147e-69,0.9999999999999966,0.0,0.0
1.9735478584326327e-69,0.9999999999999966,0.0,0.0
1.949032053205318e-69,0.9999999999999966,0.0,0.0
1.924820788201528e-69,0.9999999999999966,0.0,0.0
1.900910280361849e-69,0.9999999999999966,0.0,0.0
1.8772967936207865e-69,0.9999999999999966,0.0,0.0
1.8539766383229971e-69,0.9999999999999966,0.0,0.0
1.8309461706467708e-69,0.9999999999999966,0.0,0.0
1.8082017920346795e-69,0.9999999999999966,0.0,0.0
1.7857399486312926e-69,0.9999999999999966,0.0,0.0
1.7635571307278808e-69,0.9999999999999966,0.0,0.0
1.7416498722140167e-69,0.9999999999999966,0.0,0.0
1.7200147500359887e-69,0.9999999999999966,0.0,0.0
1.6986483836619402e-69,0.9999999999999966,0.0,0.0
1.6775474345536567e-69,0.9999999999999966,0.0,0.0
1.656708605644911e-69,0.9999999999999966,0.0,0.0
1.636128640826291e-69,0.9999999999999966,0.0,0.0
1.6158043244364249e-69,0.9999999999999966,0.0,0.0
1.595732480759527e-69,0.9999999999999966,0.0,0.0
1.5759099735291884e-69,0.9999999999999966,0.0,0.0
1.5563337054383263e-69,0.9999999999999966,0.0,0.0
1.5370006176552246e-69,0.9999999999999966,0.0,0.0
1.5179076893455844e-69,0.9999999999999966,0.0,0.0
1.4990519372005147e-69,0.9999999999999966,0.0,0.0
1.4804304149703808e-69,0.9999999999999966,0.0,0.0
1.4620402130044498e-69,0.9999999999999966,0.0,0.0
1.443878457796251e-69,0.9999999999999966,0.0,0.0
1.4259423115345836e-69,0.9999999999999966,0.0,0.0
1.408228971660104e-69,0.9999999999999966,0.0,0.0
1.39073567042742e-69,0.9999999999999966,0.0,0.0
1.3734596744726246e-69,0.9999999999999966,0.0,0.0
1.3563982843862025e-69,0.9999999999999966,0.0,0.0
1.3395488342912426e-69,0.9999999999999966,0.0,0.0
1.3229086914268878e-69,0.9999999999999966,0.0,0.0
1.306475255736962e-69,0.9999999999999966,0.0,0.0
1.290245959463706e-69,0.9999999999999966,0.0,0.0
1.2742182667465588e-69,0.9999999999999966,0.0,0.0
1.2583896732259263e-69,0.9999999999999966,0.0,0.0
1.2427577056518682e-69,0.9999999999999966,0.0,0.0
1.2273199214976485e-69,0.9999999999999966,0.0,0.0
1.2120739085780855e-69,0.9999999999999966,0.0,0.0
1.1970172846726437e-69,0.9999999999999966,0.0,0.0
1.1821476971532056e-69,0.9999999999999966,0.0,0.0
1.1674628226164702e-69,0.9999999999999966,0.0,0.0
1.1529603665209149e-69,0.9999999999999966,0.0,0.0
1.1386380628282706e-69,0.9999999999999966,0.0,0.0
1.124493673649447e-69,0.9999999999999966,0.0,0.0
1.1105249888948594e-69,0.9999999999999966,0.0,0.0
1.0967298259290957e-69,0.9999999999999966,0.0,0.0
1.0831060292298771e-69,0.9999999999999966,0.0,0.0
1.0696514700512525e-69,0.9999999999999966,0.0,0.0
1.0563640460909775e-69,0.9999999999999966,0.0,0.0
1.0432416811620257e-69,0.9999999999999966,0.0,0.0
1.0302823248681801e-69,0.9999999999999966,0.0,0.0
1.0174839522836547e-69,0.9999999999999966,0.0,0.0
1.0048445636366953e-69,0.9999999999999966,0.0,0.0
9.923621839971119e-70,0.9999999999999966,0.0,0.0
9.800348629676906e-70,0.9999999999999966,0.0,0.0
9.678606743794415e-70,0.9999999999999966,0.0,0.0
9.5583771599063e-70,0.9999999999999966,0.0,0.0
9.439641091895476e-70,0.9999999999999966,0.0,0.0
9.322379987009753e-70,0.9999999999999966,0.0,0.0
9.206575522962929e-70,0.9999999999999966,0.0,0.0
9.0922096050719e-70,0.9999999999999966,0.0,0.0
8.979264363429325e-70,0.9999999999999966,0.0,0.0
8.867722150111413e-70,0.9999999999999966,0.0,0.0
8.757565536420408e-70,0.9999999999999966,0.0,0.0
8.648777310161311e-70,0.9999999999999966,0.0,0.0
8.541340472952446e-70,0.9999999999999966,0.0,0.0
8.435238237569422e-70,0.9999999999999966,0.0,0.0
8.330454025322103e-70,0.9999999999999966,0.0,0.0
8.226971463464145e-70,0.9999999999999966,0.0,0.0
8.124774382634729e-70,0.9999999999999966,0.0,0.0
8.023846814332058e-70,0.9999999999999966,0.0,0.0
7.924172988418254e-70,0.9999999999999966,0.0,0.0
7.825737330655238e-70,0.9999999999999966,0.0,0.0
7.728524460271219e-70,0.9999999999999966,0.0,0.0
7.632519187557427e-70,0.9999999999999966,0.0,0.0
7.53770651149468e-70,0.9999999999999966,0.0,0.0
7.444071617409454e-70,0.9999999999999966,0.0,0.0
7.351599874659051e-70,0.9999999999999966,0.0,0.0
7.260276834345537e-70,0.9999999999999966,0.0,0.0
7.170088227058073e-70,0.9999999999999966,0.0,0.0
7.08101996064328e-70,0.9999999999999966,0.0,0.0
6.993058118003333e-70,0.9999999999999966,0.0,0.0
6.906188954921362e-70,0.9999999999999966,0.0,0.0
6.820398897913903e-70,0.9999999999999966,0.0,0.0
6.735674542110014e-70,0.9999999999999966,0.0,0.0
6.652002649156734e-70,0.9999999999999966,0.0,0.0
6.569370145150561e-70,0.9999999999999966,0.0,0.0
6.487764118594635e-70,0.9999999999999966,0.0,0.0
6.407171818381279e-70,0.9999999999999966,0.0,0.0
6.327580651799628e-70,0.9999999999999966,0.0,0.0
6.248978182567975e-70,0.9999999999999966,0.0,0.0
6.171352128890593e-70,0.9999999999999966,0.0,0.0
6.094690361538667e-70,0.9999999999999966,0.0,0.0
6.018980901955083e-70,0.9999999999999966,0.0,0.0
5.944211920382755e-70,0.9999999999999966,0.0,0.0
5.870371734016197e-70,0.9999999999999966,0.0,0.0
5.797448805176067e-70,0.9999999999999966,0.0,0.0
5.725431739506374e-70,0.9999999999999966,0.0,0.0
5.654309284194093e-70,0.9999999999999966,0.0,0.0
5.584070326210885e-70,0.9999999999999966,0.0,0.0
5.5147038905766686e-70,0.9999999999999966,0.0,0.0
5.4461991386447525e-70,0.9999999999999966,0.0,0.0
5.3785453664082786e-70,0.9999999999999966,0.0,0.0
5.3117320028276955e-70,0.9999999999999966,0.0,0.0
5.245748608179016e-70,0.9999999999999966,0.0,0.0
5.180584872422585e-70,0.9999999999999966,0.0,0.0
5.1162306135921195e-70,0.9999999999999966,0.0,0.0
5.052675776203751e-70,0.9999999999999966,0.0,0.0
4.989910429684839e-70,0.9999999999999966,0.0,0.0
4.927924766822296e-70,0.9999999999999966,0.0,0.0
4.866709102230193e-70,0.9999999999999966,0.0,0.0
4.806253870836397e-70,0.9999999999999966,0.0,0.0
4.746549626388011e-70,0.9999999999999966,0.0,0.0
4.6875870399753725e-70,0.9999999999999966,0.0,0.0
4.629356898574399e-70,0.9999999999999966,0.0,0.0
4.571850103607031e-70,0.9999999999999966,0.0,0.0
4.515057669519558e-70,0.9999999999999966,0.0,0.0
4.458970722378614e-70,0.9999999999999966,0.0,0.0
4.403580498484601e-70,0.9999999999999966,0.0,0.0
4.348878343002348e-70,0.9999999999999966,0.0,0.0
4.294855708608771e-70,0.9999999999999966,0.0,0.0
4.2415041541573405e-70,0.9999999999999966,0.0,0.0
4.1888153433591317e-70,0.9999999999999966,0.0,0.0
4.1367810434802646e-70,0.9999999999999966,0.0,0.0
4.0853931240555225e-70,0.9999999999999966,0.0,0.0
4.0346435556179476e-70,0.9999999999999966,0.0,0.0
3.984524408444225e-70,0.9999999999999966,0.0,0.0
3.9350278513156444e-70,0.9999999999999966,0.0,0.0
3.886146150294455e-70,0.9999999999999966,0.0,0.0
3.837871667515425e-70,0.9999999999999966,0.0,0.0
3.790196859992409e-70,0.9999999999999966,0.0,0.0
3.743114278439738e-70,0.9999999999999966,0.0,0.0
3.696616566108258e-70,0.9999999999999966,0.0,0.0
3.6506964576358204e-70,0.9999999999999966,0.0,0.0
3.6053467779120525e-70,0.9999999999999966,0.0,0.0
3.5605604409572375e-70,0.9999999999999966,0.0,0.0
3.516330448815109e-70,0.9999999999999966,0.0,0.0
3.4726498904594125e-70,0.9999999999999966,0.0,0.0
3.429511940714038e-70,0.9999999999999966,0.0,0.0
3.3869098591865757e-70,0.9999999999999966,0.0,0.0
3.344836989215116e-70,0.9999999999999966,0.0,0.0
3.3032867568281296e-70,0.9999999999999966,0.0,0.0
3.2622526697172746e-70,0.9999999999999966,0.0,0.0
3.2217283162229575e-70,0.9999999999999966,0.0,0.0
3.181707364332501e-70,0.9999999999999966,0.0,0.0
3.1421835606907507e-70,0.9999999999999966,0.0,0.0
3.103150729622979e-70,0.9999999999999966,0.0,0.0
3.0646027721699203e-70,0.9999999999999966,0.0,0.0
3.026533665134799e-70,0.9999999999999966,0.0,0.0
2.988937460142191e-70,0.9999999999999966,0.0,0.0
2.9518082827085793e-70,0.9999999999999966,0.0,0.0
2.915140331324451e-70,0.9999999999999966,0.0,0.0
2.8789278765478048e-70,0.9999999999999966,0.0,0.0
2.843165260108908e-70,0.9999999999999966,0.0,0.0
2.8078468940261854e-70,0.9999999999999966,0.0,0.0
2.772967259733083e-70,0.9999999999999966,0.0,0.0
2.738520907215781e-70,0.9999999999999966,0.0,0.0
2.70450245416162e-70,0.9999999999999966,0.0,0.0
2.6709065851181007e-70,0.9999999999999966,0.0,0.0
2.6377280506623362e-70,0.9999999999999966,0.0,0.0
2.6049616665808178e-70,0.9999999999999966,0.0,0.0
2.572602313059371e-70,0.9999999999999966,0.0,0.0
2.5406449338831743e-70,0.9999999999999966,0.0,0.0
2.509084535646716e-70,0.9999999999999966,0.0,0.0
2.4779161869735634e-70,0.9999999999999966,0.0,0.0
2.447135017745826e-70,0.9999999999999966,0.0,0.0
2.4167362183431887e-70,0.9999999999999966,0.0,0.0
2.3867150388914006e-70,0.9999999999999966,0.0,0.0
2.3570667885200954e-70,0.9999999999999966,0.0,0.0
2.3277868346298344e-70,0.9999999999999966,0.0,0.0
2.298870602168254e-70,0.9999999999999966,0.0,0.0
2.2703135729152033e-70,0.9999999999999966,0.0,0.0
2.2421112847767638e-70,0.9999999999999966,0.0,0.0
2.214259331088037e-70,0.9999999999999966,0.0,0.0
2.1867533599245962e-70,0.9999999999999966,0.0,0.0
2.1595890734224875e-70,0.9999999999999966,0.0,0.0
2.1327622271066805e-70,0.9999999999999966,0.0,0.0
2.10626862922786e-70,0.9999999999999966,0.0,0.0
2.0801041401074583e-70,0.9999999999999966,0.0,0.0
2.0542646714908197e-70,0.9999999999999966,0.0,0.0
2.0287461859084032e-70,0.9999999999999966,0.0,0.0
2.0035446960449204e-70,0.9999999999999966,0.0,0.0
1.9786562641163095e-70,0.9999999999999966,0.0,0.0
1.954077001254447e-70,0.9999999999999966,0.0,0.0
1.9298030668995055e-70,0.9999999999999966,0.0,0.0
1.905830668199858e-70,0.9999999999999966,0.0,0.0
1.8821560594194367e-70,0.9999999999999966,0.0,0.0
1.8587755413524554e-70,0.9999999999999966,0.0,0.0
1.835685460745399e-70,0.9999999999999966,0.0,0.0
1.812882209726197e-70,0.9999999999999966,0.0,0.0
1.790362225240486e-70,0.9999999999999966,0.0,0.0
1.7681219884948742e-70,0.9999999999999966,0.0,0.0
1.746158024407123e-70,0.9999999999999966,0.0,0.0
1.7244669010631594e-70,0.9999999999999966,0.0,0.0
1.703045229180831e-70,0.9999999999999966,0.0,0.0
1.6818896615803256e-70,0.9999999999999966,0.0,0.0
1.660996892661165e-70,0.9999999999999966,0.0,0.0
1.6403636578857002e-70,0.9999999999999966,0.0,0.0
1.6199867332690208e-70,0.9999999999999966,0.0,0.0
1.599862934875199e-70,0.9999999999999966,0.0,0.0
1.5799891183197953e-70,0.9999999999999966,0.0,0.0
1.5603621782785403e-70,0.9999999999999966,0.0,0.0
1.5409790480021225e-70,0.9999999999999966,0.0,0.0
1.5218366988370024e-70,0.9999999999999966,0.0,0.0
1.5029321397521786e-70,0.9999999999999966,0.0,0.0
1.4842624168718335e-70,0.9999999999999966,0.0,0.0
1.465824613013785e-70,0.9999999999999966,0.0,0.0
1.4476158472336686e-70,0.9999999999999966,0.0,0.0
1.4296332743747869e-70,0.9999999999999966,0.0,0.0
1.4118740846235462e-70,0.9999999999999966,0.0,0.0
1.394335503070417e-70,0.9999999999999966,0.0,0.0
1.3770147892763508e-70,0.9999999999999966,0.0,0.0
1.3599092368445787e-70,0.9999999999999966,0.0,0.0
1.3430161729977332e-70,0.9999999999999966,0.0,0.0
1.32633295816022e-70,0.9999999999999966,0.0,0.0
1.3098569855457793e-70,0.9999999999999966,0.0,0.0
1.2935856807501708e-70,0.9999999999999966,0.0,0.0
1.277516501348917e-70,0.9999999999999966,0.0,0.0
1.2616469365000442e-70,0.9999999999999966,0.0,0.0
1.2459745065517593e-70,0.9999999999999966,0.0,0.0
1.2304967626549977e-70,0.9999999999999966,0.0,0.0
1.2152112863807873e-70,0.9999999999999966,0.0,0.0
1.2001156893423622e-70,0.9999999999999966,0.0,0.0
1.1852076128219741e-70,0.9999999999999966,0.0,0.0
1.170484727402337e-70,0.9999999999999966,0.0,0.0
1.1559447326026509e-70,0.9999999999999966,0.0,0.0
1.1415853565191475e-70,0.9999999999999966,0.0,0.0
1.1274043554701003e-70,0.9999999999999966,0.0,0.0
1.113399513645245e-70,0.9999999999999966,0.0,0.0
1.099568642759554e-70,0.9999999999999966,0.0,0.0
1.0859095817113133e-70,0.9999999999999966,0.0,0.0
1.0724201962444455e-70,0.9999999999999966,0.0,0.0
1.0590983786150278e-70,0.9999999999999966,0.0,0.0
1.0459420472619532e-70,0.9999999999999966,0.0,0.0
1.0329491464816814e-70,0.9999999999999966,0.0,0.0
1.0201176461070325e-70,0.9999999999999966,0.0,0.0
1.0074455411899677e-70,0.9999999999999966,0.0,0.0
9.94930851688313e-71,0.9999999999999966,0.0,0.0
9.825716221563735e-71,0.9999999999999966,0.0,0.0
9.7036592143939e-71,0.9999999999999966,0.0,0.0
9.583118423717942e-71,0.9999999999999966,0.0,0.0
9.464075014792077e-71,0.9999999999999966,0.0,0.0
9.346510386841476e-71,0.9999999999999966,0.0,0.0
9.230406170153841e-71,0.9999999999999966,0.0,0.0
9.115744223209109e-71,0.9999999999999966,0.0,0.0
9.002506629844791e-71,0.9999999999999966,0.0,0.0
8.890675696456552e-71,0.9999999999999966,0.0,0.0
8.780233949233532e-71,0.9999999999999966,0.0,0.0
8.67116413142804e-71,0.9999999999999966,0.0,0.0
8.563449200659148e-71,0.9999999999999966,0.0,0.0
8.457072326249782e-71,0.9999999999999966,0.0,0.0
8.352016886596896e-71,0.9999999999999966,0.0,0.0
8.248266466574315e-71,0.9999999999999966,0.0,0.0
8.145804854967836e-71,0.9999999999999966,0.0,0.0
8.044616041942188e-71,0.9999999999999966,0.0,0.0
7.944684216539478e-71,0.9999999999999966,0.0,0.0
7.845993764208674e-71,0.9999999999999966,0.0,0.0
7.748529264365825e-71,0.9999999999999966,0.0,0.0
7.652275487984539e-71,0.9999999999999966,0.0,0.0
7.557217395216434e-71,0.9999999999999966,0.0,0.0
7.463340133041125e-71,0.9999999999999966,0.0,0.0
7.370629032945408e-71,0.9999999999999966,0.0,0.0
7.279069608631275e-71,0.9999999999999966,0.0,0.0
7.188647553752407e-71,0.9999999999999966,0.0,0.0
7.099348739678768e-71,0.9999999999999966,0.0,0.0
7.011159213288985e-71,0.9999999999999966,0.0,0.0
6.924065194790141e-71,0.9999999999999966,0.0,0.0
6.838053075564658e-71,0.9999999999999966,0.0,0.0
6.753109416043921e-71,0.9999999999999966,0.0,0.0
6.669220943608314e-71,0.9999999999999966,0.0,0.0
6.586374550513353e-71,0.9999999999999966,0.0,0.0
6.5045572918415694e-71,0.9999999999999966,0.0,0.0
6.423756383479843e-71,0.9999999999999966,0.0,0.0
6.343959200121856e-71,0.9999999999999966,0.0,0.0
6.265153273295366e-71,0.9999999999999966,0.0,0.0
6.18732628941398e-71,0.9999999999999966,0.0,0.0
6.110466087853131e-71,0.9999999999999966,0.0,0.0
6.034560659049955e-71,0.9999999999999966,0.0,0.0
5.959598142626777e-71,0.9999999999999966,0.0,0.0
5.885566825537898e-71,0.9999999999999966,0.0,0.0
5.812455140239411e-71,0.9999999999999966,0.0,0.0
5.740251662881744e-71,0.9999999999999966,0.0,0.0
5.668945111524666e-71,0.9999999999999966,0.0,0.0
5.598524344374458e-71,0.9999999999999966,0.0,0.0
5.5289783580429846e-71,0.9999999999999966,0.0,0.0
5.460296285828396e-71,0.9999999999999966,0.0,0.0
5.392467396017174e-71,0.9999999999999966,0.0,0.0
5.325481090207295e-71,0.9999999999999966,0.0,0.0
5.259326901652194e-71,0.9999999999999966,0.0,0.0
5.193994493625322e-71,0.9999999999999966,0.0,0.0
5.129473657805008e-71,0.9999999999999966,0.0,0.0
5.065754312679393e-71,0.9999999999999966,0.0,0.0
5.002826501971165e-71,0.9999999999999966,0.0,0.0
4.940680393081878e-71,0.9999999999999966,0.0,0.0
4.879306275555586e-71,0.9999999999999966,0.0,0.0
4.8186945595615616e-71,0.9999999999999966,0.0,0.0
4.758835774395869e-71,0.9999999999999966,0.0,0.0
4.699720567001547e-71,0.9999999999999966,0.0,0.0
4.641339700507172e-71,0.9999999999999966,0.0,0.0
4.583684052783583e-71,0.9999999999999966,0.0,0.0
4.526744615018524e-71,0.9999999999999966,0.0,0.0
4.470512490309004e-71,0.9999999999999966,0.0,0.0
4.414978892271136e-71,0.9999999999999966,0.0,0.0
4.360135143667246e-71,0.9999999999999966,0.0,0.0
4.305972675050038e-71,0.9999999999999966,0.0,0.0
4.2524830234236e-71,0.9999999999999966,0.0,0.0
4.199657830921041e-71,0.9999999999999966,0.0,0.0
4.147488843498565e-71,0.9999999999999966,0.0,0.0
4.0959679096457505e-71,0.9999999999999966,0.0,0.0
4.045086979111867e-71,0.9999999999999966,0.0,0.0
3.994838101648003e-71,0.9999999999999966,0.0,0.0
3.945213425764827e-71,0.9999999999999966,0.0,0.0
3.896205197505771e-71,0.9999999999999966,0.0,0.0
3.847805759235466e-71,0.9999999999999966,0.0,0.0
3.800007548443217e-71,0.9999999999999966,0.0,0.0
3.752803096561343e-71,0.9999999999999966,0.0,0.0
3.706185027798202e-71,0.9999999999999966,0.0,0.0
3.6601460579857086e-71,0.9999999999999966,0.0,0.0
3.614678993441166e-71,0.9999999999999966,0.0,0.0
3.5697767298432374e-71,0.9999999999999966,0.0,0.0
3.525432251121885e-71,0.9999999999999966,0.0,0.0
3.4816386283620912e-71,0.9999999999999966,0.0,0.0
3.4383890187212047e-71,0.9999999999999966,0.0,0.0
3.3956766643597285e-71,0.9999999999999966,0.0,0.0
3.3534948913853987e-71,0.9999999999999966,0.0,0.0
3.3118371088103705e-71,0.9999999999999966,0.0,0.0
3.270696807521366e-71,0.9999999999999966,0.0,0.0
3.2300675592626114e-71,0.9999999999999966,0.0,0.0
3.1899430156314075e-71,0.9999999999999966,0.0,0.0
3.1503169070861805e-71,0.9999999999999966,0.0,0.0
3.1111830419668522e-71,0.9999999999999966,0.0,0.0
3.0725353055273827e-71,0.9999999999999966,0.0,0.0
3.0343676589803266e-71,0.9999999999999966,0.0,0.0
2.99667413855326e-71,0.9999999999999966,0.0,0.0
2.9594488545569304e-71,0.9999999999999966,0.0,0.0
2.9226859904649807e-71,0.9999999999999966,0.0,0.0
2.8863798020051046e-71,0.9999999999999966,0.0,0.0
2.8505246162614913e-71,0.9999999999999966,0.0,0.0
2.8151148307884234e-71,0.9999999999999966,0.0,0.0
2.780144912734881e-71,0.9999999999999966,0.0,0.0
2.745609397980023e-71,0.9999999999999966,0.0,0.0
2.711502890279409e-71,0.9999999999999966,0.0,0.0
2.6778200604218225e-71,0.9999999999999966,0.0,0.0
2.6445556453965723e-71,0.9999999999999966,0.0,0.0
2.6117044475711354e-71,0.9999999999999966,0.0,0.0
2.5792613338790174e-71,0.9999999999999966,0.0,0.0
2.5472212350177006e-71,0.9999999999999966,0.0,0.0
2.5155791446565534e-71,0.9999999999999966,0.0,0.0
2.4843301186545832e-71,0.9999999999999966,0.0,0.0
2.4534692742879013e-71,0.9999999999999966,0.0,0.0
2.422991789486792e-71,0.9999999999999966,0.0,0.0
2.392892902082249e-71,0.9999999999999966,0.0,0.0
2.363167909061881e-71,0.9999999999999966,0.0,0.0
2.3338121658350545e-71,0.9999999999999966,0.0,0.0
2.3048210855071676e-71,0.9999999999999966,0.0,0.0
2.276190138162938e-71,0.9999999999999966,0.0,0.0
2.2479148501585953e-71,0.9999999999999966,0.0,0.0
2.2199908034228636e-71,0.9999999999999966,0.0,0.0
2.1924136347666305e-71,0.9999999999999966,0.0,0.0
2.165179035201189e-71,0.9999999999999966,0.0,0.0
2.1382827492649495e-71,0.9999999999999966,0.0,0.0
2.111720574358515e-71,0.9999999999999966,0.0,0.0
2.0854883600880175e-71,0.9999999999999966,0.0,0.0
2.059582007616609e-71,0.9999999999999966,0.0,0.0
2.03399746902401e-71,0.9999999999999966,0.0,0.0
2.0087307466740158e-71,0.9999999999999966,0.0,0.0
1.9837778925898546e-71,0.9999999999999966,0.0,0.0
1.9591350078373105e-71,0.9999999999999966,0.0,0.0
1.9347982419155065e-71,0.9999999999999966,0.0,0.0
1.910763792155255e-71,0.9999999999999966,0.0,0.0
1.8870279031248843e-71,0.9999999999999966,0.0,0.0
1.8635868660434434e-71,0.9999999999999966,0.0,0.0
1.840437018201199e-71,0.9999999999999966,0.0,0.0
1.8175747423873284e-71,0.9999999999999966,0.0,0.0
1.7949964663247235e-71,0.9999999999999966,0.0,0.0
1.7726986621118155e-71,0.9999999999999966,0.0,0.0
1.7506778456713318e-71,0.9999999999999966,0.0,0.0
1.7289305762059037e-71,0.9999999999999966,0.0,0.0
1.7074534556604333e-71,0.9999999999999966,0.0,0.0
1.686243128191141e-71,0.9999999999999966,0.0,0.0
1.6652962796412087e-71,0.9999999999999966,0.0,0.0
1.644609637022935e-71,0.9999999999999966,0.0,0.0
1.6241799680063249e-71,0.9999999999999966,0.0,0.0
1.6040040804140309e-71,0.9999999999999966,0.0,0.0
1.5840788217225701e-71,0.9999999999999966,0.0,0.0
1.5644010785697353e-71,0.9999999999999966,0.0,0.0
1.5449677762681252e-71,0.9999999999999966,0.0,0.0
1.5257758783247192e-71,0.9999999999999966,0.0,0.0
1.5068223859664185e-71,0.9999999999999966,0.0,0.0
1.4881043376714822e-71,0.9999999999999966,0.0,0.0
1.469618808706783e-71,0.9999999999999966,0.0,0.0
1.451362910670813e-71,0.9999999999999966,0.0,0.0
1.4333337910423626e-71,0.9999999999999966,0.0,0.0
1.4155286327348107e-71,0.9999999999999966,0.0,0.0
1.397944653655948e-71,0.9999999999999966,0.0,0.0
1.3805791062732698e-71,0.9999999999999966,0.0,0.0
1.363429277184668e-71,0.9999999999999966,0.0,0.0
1.3464924866944573e-71,0.9999999999999966,0.0,0.0
1.3297660883946662e-71,0.9999999999999966,0.0,0.0
1.3132474687515315e-71,0.9999999999999966,0.0,0.0
1.2969340466971277e-71,0.9999999999999966,0.0,0.0
1.2808232732260697e-71,0.9999999999999966,0.0,0.0
1.2649126309972261e-71,0.9999999999999966,0.0,0.0
1.2491996339403793e-71,0.9999999999999966,0.0,0.0
1.2336818268677721e-71,0.9999999999999966,0.0,0.0
1.2183567850904788e-71,0.9999999999999966,0.0,0.0
1.2032221140395436e-71,0.9999999999999966,0.0,0.0
1.1882754488918241e-71,0.9999999999999966,0.0,0.0
1.1735144542004831e-71,0.9999999999999966,0.0,0.0
1.158936823530069e-71,0.9999999999999966,0.0,0.0
1.1445402790961325e-71,0.9999999999999966,0.0,0.0
1.1303225714093164e-71,0.9999999999999966,0.0,0.0
1.1162814789238697e-71,0.9999999999999966,0.0,0.0
1.1024148076905251e-71,0.9999999999999966,0.0,0.0
1.088720391013692e-71,0.9999999999999966,0.0,0.0
1.0751960891129034e-71,0.9999999999999966,0.0,0.0
1.0618397887884733e-71,0.9999999999999966,0.0,0.0
1.048649403091303e-71,0.9999999999999966,0.0,0.0
1.035622870996792e-71,0.9999999999999966,0.0,0.0
1.022758157082799e-71,0.9999999999999966,0.0,0.0
1.0100532512116019e-71,0.9999999999999966,0.0,0.0
9.97506168215811e-72,0.9999999999999966,0.0,0.0
9.85114947588182e-72,0.9999999999999966,0.0,0.0
9.72877653175282e-72,0.9999999999999966,0.0,0.0
9.607923728749634e-72,0.9999999999999966,0.0,0.0
9.48857218337592e-72,0.9999999999999966,0.0,0.0
9.370703246709898e-72,0.9999999999999966,0.0,0.0
9.254298501490417e-72,0.9999999999999966,0.0,0.0
9.139339759239216e-72,0.9999999999999966,0.0,0.0
9.025809057418938e-72,0.9999999999999966,0.0,0.0
8.913688656626454e-72,0.9999999999999966,0.0,0.0
8.802961037821035e-72,0.9999999999999966,0.0,0.0
8.693608899586974e-72,0.9999999999999966,0.0,0.0
8.5856151554302e-72,0.9999999999999966,0.0,0.0
8.478962931108481e-72,0.9999999999999966,0.0,0.0
8.373635561994786e-72,0.9999999999999966,0.0,0.0
8.269616590473409e-72,0.9999999999999966,0.0,0.0
8.166889763368428e-72,0.9999999999999966,0.0,0.0
8.065439029404114e-72,0.9999999999999966,0.0,0.0
7.96524853669689e-72,0.9999999999999966,0.0,0.0
7.866302630278437e-72,0.9999999999999966,0.0,0.0
7.768585849649576e-72,0.9999999999999966,0.0,0.0
7.672082926364536e-72,0.9999999999999966,0.0,0.0
7.576778781645221e-72,0.9999999999999966,0.0,0.0
7.482658524025127e-72,0.9999999999999966,0.0,0.0
7.389707447022518e-72,0.9999999999999966,0.0,0.0
7.297911026842508e-72,0.9999999999999966,0.0,0.0
7.207254920107689e-72,0.9999999999999966,0.0,0.0
7.117724961616949e-72,0.9999999999999966,0.0,0.0
7.029307162132127e-72,0.9999999999999966,0.0,0.0
6.941987706192174e-72,0.9999999999999966,0.0,0.0
6.85575294995445e-72,0.9999999999999966,0.0,0.0
6.770589419062855e-72,0.9999999999999966,0.0,0.0
6.686483806542423e-72,0.9999999999999966,0.0,0.0
6.603422970720091e-72,0.9999999999999966,0.0,0.0
6.521393933171278e-72,0.9999999999999966,0.0,0.0
6.440383876691984e-72,0.9999999999999966,0.0,0.0
6.360380143296071e-72,0.9999999999999966,0.0,0.0
6.281370232237434e-72,0.9999999999999966,0.0,0.0
6.203341798056729e-72,0.9999999999999966,0.0,0.0
6.126282648652367e-72,0.9999999999999966,0.0,0.0
6.050180743375483e-72,0.9999999999999966,0.0,0.0
5.975024191148551e-72,0.9999999999999966,0.0,0.0
5.900801248607383e-72,0.9999999999999966,0.0,0.0
5.827500318266203e-72,0.9999999999999966,0.0,0.0
5.755109946705521e-72,0.9999999999999966,0.0,0.0
5.683618822782504e-72,0.9999999999999966,0.0,0.0
5.613015775863593e-72,0.9999999999999966,0.0,0.0
5.54328977407907e-72,0.9999999999999966,0.0,0.0
5.474429922599301e-72,0.9999999999999966,0.0,0.0
5.406425461932401e-72,0.9999999999999966,0.0,0.0
5.339265766243038e-72,0.9999999999999966,0.0,0.0
5.272940341692128e-72,0.9999999999999966,0.0,0.0
5.20743882479715e-72,0.9999999999999966,0.0,0.0
5.142750980812829e-72,0.9999999999999966,0.0,0.0
5.078866702131936e-72,0.9999999999999966,0.0,0.0
5.015776006705961e-72,0.9999999999999966,0.0,0.0
4.953469036485386e-72,0.9999999999999966,0.0,0.0
4.891936055879355e-72,0.9999999999999966,0.0,0.0
4.831167450234461e-72,0.9999999999999966,0.0,0.0
4.771153724332444e-72,0.9999999999999966,0.0,0.0
4.711885500906534e-72,0.9999999999999966,0.0,0.0
4.653353519176243e-72,0.9999999999999966,0.0,0.0
4.595548633400347e-72,0.9999999999999966,0.0,0.0
4.53846181144784e-72,0.9999999999999966,0.0,0.0
4.4820841333866533e-72,0.9999999999999966,0.0,0.0
4.42640679008989e-72,0.9999999999999966,0.0,0.0
4.3714210818593896e-72,0.9999999999999966,0.0,0.0
4.3171184170663736e-72,0.9999999999999966,0.0,0.0
4.2634903108089924e-72,0.9999999999999966,0.0,0.0
4.21052838358654e-72,0.9999999999999966,0.0,0.0
4.158224359990139e-72,0.9999999999999966,0.0,0.0
4.1065700674096926e-72,0.9999999999999966,0.0,0.0
4.0555574347568967e-72,0.9999999999999966,0.0,0.0
4.0051784912041167e-72,0.9999999999999966,0.0,0.0
3.9554253649389293e-72,0.9999999999999966,0.0,0.0
3.9062902819341346e-72,0.9999999999999966,0.0,0.0
3.85776556473305e-72,0.9999999999999966,0.0,0.0
3.8098436312498924e-72,0.9999999999999966,0.0,0.0
3.76251699358506e-72,0.9999999999999966,0.0,0.0
3.7157782568551336e-72,0.9999999999999966,0.0,0.0
3.6696201180374115e-72,0.9999999999999966,0.0,0.0
3.6240353648287976e-72,0.9999999999999966,0.0,0.0
3.5790168745188626e-72,0.9999999999999966,0.0,0.0
3.534557612876907e-72,0.9999999999999966,0.0,0.0
3.4906506330528507e-72,0.9999999999999966,0.0,0.0
3.4472890744917677e-72,0.9999999999999966,0.0,0.0
3.404466161861917e-72,0.9999999999999966,0.0,0.0
3.362175203996078e-72,0.9999999999999966,0.0,0.0
3.320409592846047e-72,0.9999999999999966,0.0,0.0
3.27916280245011e-72,0.9999999999999966,0.0,0.0
3.2384283879133536e-72,0.9999999999999966,0.0,0.0
3.1981999844006346e-72,0.9999999999999966,0.0,0.0
3.1584713061420614e-72,0.9999999999999966,0.0,0.0
3.1192361454508295e-72,0.9999999999999966,0.0,0.0
3.080488371753259e-72,0.9999999999999966,0.0,0.0
3.0422219306308797e-72,0.9999999999999966,0.0,0.0
3.0044308428744145e-72,0.9999999999999966,0.0,0.0
2.9671092035495176e-72,0.9999999999999966,0.0,0.0
2.930251181074115e-72,0.9999999999999966,0.0,0.0
2.893851016307209e-72,0.9999999999999966,0.0,0.0
2.8579030216490016e-72,0.9999999999999966,0.0,0.0
2.8224015801521916e-72,0.9999999999999966,0.0,0.0
2.7873411446443196e-72,0.9999999999999966,0.0,0.0
2.7527162368610084e-72,0.9999999999999966,0.0,0.0
2.7185214465899754e-72,0.9999999999999966,0.0,0.0
2.684751430825672e-72,0.9999999999999966,0.0,0.0
2.6514009129344317e-72,0.9999999999999966,0.0,0.0
2.618464681829984e-72,0.9999999999999966,0.0,0.0
2.585937591159212e-72,0.9999999999999966,0.0,0.0
2.5538145584980236e-72,0.9999999999999966,0.0,0.0
2.5220905645572123e-72,0.9999999999999966,0.0,0.0
2.490760652398184e-72,0.9999999999999966,0.0,0.0
2.459819926658425e-72,0.9999999999999966,0.0,0.0
2.429263552786591e-72,0.9999999999999966,0.0,0.0
2.3990867562870987e-72,0.9999999999999966,0.0,0.0
2.369284821974102e-72,0.9999999999999966,0.0,0.0
2.339853093234734e-72,0.9999999999999966,0.0,0.0
2.310786971301502e-72,0.9999999999999966,0.0,0.0
2.2820819145337195e-72,0.9999999999999966,0.0,0.0
2.2537334377078684e-72,0.9999999999999966,0.0,0.0
2.2257371113167705e-72,0.9999999999999966,0.0,0.0
2.1980885608774703e-72,0.9999999999999966,0.0,0.0
2.1707834662477118e-72,0.9999999999999966,0.0,0.0
2.1438175609509083e-72,0.9999999999999966,0.0,0.0
2.1171866315094964e-72,0.9999999999999966,0.0,0.0
2.0908865167865714e-72,0.9999999999999966,0.0,0.0
2.0649131073357018e-72,0.9999999999999966,0.0,0.0
2.0392623447588188e-72,0.9999999999999966,0.0,0.0
2.013930221072085e-72,0.9999999999999966,0.0,0.0
1.9889127780796373e-72,0.9999999999999966,0.0,0.0
1.9642061067551111e-72,0.9999999999999966,0.0,0.0
1.9398063466308477e-72,0.9999999999999966,0.0,0.0
1.9157096851946872e-72,0.9999999999999966,0.0,0.0
1.891912357294257e-72,0.9999999999999966,0.0,0.0
1.868410644548658e-72,0.9999999999999966,0.0,0.0
1.8452008747674608e-72,0.9999999999999966,0.0,0.0
1.8222794213769178e-72,0.9999999999999966,0.0,0.0
1.799642702853304e-72,0.9999999999999966,0.0,0.0
1.7772871821632972e-72,0.9999999999999966,0.0,0.0
1.755209366211308e-72,0.9999999999999966,0.0,0.0
1.733405805293678e-72,0.9999999999999966,0.0,0.0
1.7118730925596548e-72,0.9999999999999966,0.0,0.0
1.690607863479067e-72,0.9999999999999966,0.0,0.0
1.6696067953166076e-72,0.9999999999999966,0.0,0.0
1.6488666066126505e-72,0.9999999999999966,0.0,0.0
1.628384056670516e-72,0.9999999999999966,0.0,0.0
1.608155945050105e-72,0.9999999999999966,0.0,0.0
1.5881791110678233e-72,0.9999999999999966,0.0,0.0
1.5684504333027192e-72,0.9999999999999966,0.0,0.0
1.548966829108755e-72,0.9999999999999966,0.0,0.0
1.5297252541331374e-72,0.9999999999999966,0.0,0.0
1.51072270184063e-72,0.9999999999999966,0.0,0.0
1.491956203043777e-72,0.9999999999999966,0.0,0.0
1.4734228254389626e-72,0.9999999999999966,0.0,0.0
1.4551196731482302e-72,0.9999999999999966,0.0,0.0
1.4370438862667978e-72,0.9999999999999966,0.0,0.0
1.4191926404161906e-72,0.9999999999999966,0.0,0.0
1.4015631463029274e-72,0.9999999999999966,0.0,0.0
1.3841526492826863e-72,0.9999999999999966,0.0,0.0
1.3669584289298868e-72,0.9999999999999966,0.0,0.0
1.3499777986126185e-72,0.9999999999999966,0.0,0.0
1.333208105072848e-72,0.9999999999999966,0.0,0.0
1.3166467280118423e-72,0.9999999999999966,0.0,0.0
1.3002910796807423e-72,0.9999999999999966,0.0,0.0
1.284138604476222e-72,0.9999999999999966,0.0,0.0
1.2681867785411684e-72,0.9999999999999966,0.0,0.0
1.252433109370327e-72,0.9999999999999966,0.0,0.0
1.2368751354208387e-72,0.9999999999999966,0.0,0.0
1.2215104257276227e-72,0.9999999999999966,0.0,0.0
1.2063365795235305e-72,0.9999999999999966,0.0,0.0
1.191351225864222e-72,0.9999999999999966,0.0,0.0
1.1765520232577011e-72,0.9999999999999966,0.0,0.0
1.1619366592984527e-72,0.9999999999999966,0.0,0.0
1.1475028503061232e-72,0.9999999999999966,0.0,0.0
1.1332483409686931e-72,0.9999999999999966,0.0,0.0
1.1191709039900781e-72,0.9999999999999966,0.0,0.0
1.1052683397421106e-72,0.9999999999999966,0.0,0.0
1.0915384759208428e-72,0.9999999999999966,0.0,0.0
1.0779791672071196e-72,0.9999999999999966,0.0,0.0
1.064588294931369e-72,0.9999999999999966,0.0,0.0
1.0513637667425546e-72,0.9999999999999966,0.0,0.0
1.0383035162812425e-72,0.9999999999999966,0.0,0.0
1.0254055028567276e-72,0.9999999999999966,0.0,0.0
1.0126677111281719e-72,0.9999999999999966,0.0,0.0
1.0000881507897034e-72,0.9999999999999966,0.0,0.0
9.876648562594266e-73,0.9999999999999966,0.0,0.0
9.753958863722966e-73,0.9999999999999966,0.0,0.0
9.632793240768079e-73,0.9999999999999966,0.0,0.0
9.513132761354514e-73,0.9999999999999966,0.0,0.0
9.394958728288918e-73,0.9999999999999966,0.0,0.0
9.278252676638206e-73,0.9999999999999966,0.0,0.0
9.162996370844375e-73,0.9999999999999966,0.0,0.0
9.049171801875162e-73,0.9999999999999966,0.0,0.0
8.936761184410092e-73,0.9999999999999966,0.0,0.0
8.825746954061493e-73,0.9999999999999966,0.0,0.0
8.716111764630023e-73,0.9999999999999966,0.0,0.0
8.607838485394281e-73,0.9999999999999966,0.0,0.0
8.500910198434114e-73,0.9999999999999966,0.0,0.0
8.395310195987142e-73,0.9999999999999966,0.0,0.0
8.291021977838144e-73,0.9999999999999966,0.0,0.0
8.188029248740867e-73,0.9999999999999966,0.0,0.0
8.086315915871853e-73,0.9999999999999966,0.0,0.0
7.985866086315915e-73,0.9999999999999966,0.0,0.0
7.88666406458282e-73,0.9999999999999966,0.0,0.0
7.788694350154851e-73,0.9999999999999966,0.0,0.0
7.691941635064815e-73,0.9999999999999966,0.0,0.0
7.596390801504141e-73,0.9999999999999966,0.0,0.0
7.502026919460691e-73,0.9999999999999966,0.0,0.0
7.408835244385917e-73,0.9999999999999966,0.0,0.0
7.316801214890996e-73,0.9999999999999966,0.0,0.0
7.225910450471579e-73,0.9999999999999966,0.0,0.0
7.136148749260812e-73,0.9999999999999966,0.0,0.0
7.047502085810267e-73,0.9999999999999966,0.0,0.0
6.95995660889843e-73,0.9999999999999966,0.0,0.0
6.873498639366429e-73,0.9999999999999966,0.0,0.0
6.788114667980629e-73,0.9999999999999966,0.0,0.0
6.70379135332179e-73,0.9999999999999966,0.0,0.0
6.620515519700448e-73,0.9999999999999966,0.0,0.0
6.538274155098177e-73,0.9999999999999966,0.0,0.0
6.457054409134442e-73,0.9999999999999966,0.0,0.0
6.376843591058699e-73,0.9999999999999966,0.0,0.0
6.297629167767437e-73,0.9999999999999966,0.0,0.0
6.219398761845862e-73,0.9999999999999966,0.0,0.0
6.14214014963389e-73,0.9999999999999966,0.0,0.0
6.065841259316184e-73,0.9999999999999966,0.0,0.0
5.990490169035908e-73,0.9999999999999966,0.0,0.0
5.916075105031905e-73,0.9999999999999966,0.0,0.0
5.842584439799032e-73,0.9999999999999966,0.0,0.0
5.770006690271333e-73,0.9999999999999966,0.0,0.0
5.698330516027786e-73,0.9999999999999966,0.0,0.0
5.627544717520347e-73,0.9999999999999966,0.0,0.0
5.557638234323987e-73,0.9999999999999966,0.0,0.0
5.4886001434084876e-73,0.9999999999999966,0.0,0.0
5.4204196574316854e-73,0.9999999999999966,0.0,0.0
5.353086123053938e-73,0.9999999999999966,0.0,0.0
5.2865890192735137e-73,0.9999999999999966,0.0,0.0
5.2209179557826585e-73,0.9999999999999966,0.0,0.0
5.1560626713441005e-73,0.9999999999999966,0.0,0.0
5.092013032187698e-73,0.9999999999999966,0.0,0.0
5.02875903042703e-73,0.9999999999999966,0.0,0.0
4.9662907824956324e-73,0.9999999999999966,0.0,0.0
4.904598527602678e-73,0.9999999999999966,0.0,0.0
4.8436726262078293e-73,0.9999999999999966,0.0,0.0
4.783503558515043e-73,0.9999999999999966,0.0,0.0
4.7240819229850806e-73,0.9999999999999966,0.0,0.0
4.665398434866501e-73,0.9999999999999966,0.0,0.0
4.607443924744896e-73,0.9999999999999966,0.0,0.0
4.5502093371101544e-73,0.9999999999999966,0.0,0.0
4.4936857289415165e-73,0.9999999999999966,0.0,0.0
4.437864268310212e-73,0.9999999999999966,0.0,0.0
4.382736232999451e-73,0.9999999999999966,0.0,0.0
4.3282930091415597e-73,0.9999999999999966,0.0,0.0
4.27452608987205e-73,0.9999999999999966,0.0,0.0
4.2214270740003985e-73,0.9999999999999966,0.0,0.0
4.1689876646973485e-73,0.9999999999999966,0.0,0.0
4.117199668198511e-73,0.9999999999999966,0.0,0.0
4.066054992524073e-73,0.9999999999999966,0.0,0.0
4.015545646214409e-73,0.9999999999999966,0.0,0.0
3.9656637370813985e-73,0.9999999999999966,0.0,0.0
3.916401470975258e-73,0.9999999999999966,0.0,0.0
3.867751150566686e-73,0.9999999999999966,0.0,0.0
3.819705174144143e-73,0.9999999999999966,0.0,0.0
3.772256034426065e-73,0.9999999999999966,0.0,0.0
3.725396317387838e-73,0.9999999999999966,0.0,0.0
3.679118701103342e-73,0.9999999999999966,0.0,0.0
3.633415954600881e-73,0.9999999999999966,0.0,0.0
3.5882809367333365e-73,0.9999999999999966,0.0,0.0
3.543706595062339e-73,0.9999999999999966,0.0,0.0
3.49968596475632e-73,0.9999999999999966,0.0,0.0
3.456212167502236e-73,0.9999999999999966,0.0,0.0
3.41327841043082e-73,0.9999999999999966,0.0,0.0
3.370877985055184e-73,0.9999999999999966,0.0,0.0
3.3290042662226004e-73,0.9999999999999966,0.0,0.0
3.287650711079312e-73,0.9999999999999966,0.0,0.0
3.246810858048196e-73,0.9999999999999966,0.0,0.0
3.2064783258191294e-73,0.9999999999999966,0.0,0.0
3.166646812351897e-73,0.9999999999999966,0.0,0.0
3.1273100938914834e-73,0.9999999999999966,0.0,0.0
3.0884620239956024e-73,0.9999999999999966,0.0,0.0
3.050096532574296e-73,0.9999999999999966,0.0,0.0
3.0122076249414784e-73,0.9999999999999966,0.0,0.0
2.9747893808782483e-73,0.9999999999999966,0.0,0.0
2.9378359537078454e-73,0.9999999999999966,0.0,0.0
2.901341569382094e-73,0.9999999999999966,0.0,0.0
2.865300525579198e-73,0.9999999999999966,0.0,0.0
2.8297071908127387e-73,0.9999999999999966,0.0,0.0
2.7945560035517458e-73,0.9999999999999966,0.0,0.0
2.759841471351697e-73,0.9999999999999966,0.0,0.0
2.7255581699963106e-73,0.9999999999999966,0.0,0.0
2.691700742650002e-73,0.9999999999999966,0.0,0.0
2.6582638990208672e-73,0.9999999999999966,0.0,0.0
2.625242414534064e-73,0.9999999999999966,0.0,0.0
2.59263112951546e-73,0.9999999999999966,0.0,0.0
2.5604249483854253e-73,0.9999999999999966,0.0,0.0
2.528618838862636e-73,0.9999999999999966,0.0,0.0
2.4972078311777718e-73,0.9999999999999966,0.0,0.0
2.4661870172969777e-73,0.9999999999999966,0.0,0.0
2.4355515501549738e-73,0.9999999999999966,0.0,0.0
2.4052966428976935e-73,0.9999999999999966,0.0,0.0
2.3754175681343256e-73,0.9999999999999966,0.0,0.0
2.3459096571986504e-73,0.9999999999999966,0.0,0.0
2.3167682994195523e-73,0.9999999999999966,0.0,0.0
2.2879889414005913e-73,0.9999999999999966,0.0,0.0
2.2595670863085265e-73,0.9999999999999966,0.0,0.0
2.231498293170678e-73,0.9999999999999966,0.0,0.0
2.203778176181012e-73,0.9999999999999966,0.0,0.0
2.176402404014854e-73,0.9999999999999966,0.0,0.0
2.149366699152109e-73,0.9999999999999966,0.0,0.0
2.1226668372088885e-73,0.9999999999999966,0.0,0.0
2.0962986462774452e-73,0.9999999999999966,0.0,0.0
2.0702580062743008e-73,0.9999999999999966,0.0,0.0
2.0445408482964763e-73,0.9999999999999966,0.0,0.0
2.0191431539857176e-73,0.9999999999999966,0.0,0.0
1.9940609549006178e-73,0.9999999999999966,0.0,0.0
1.9692903318965416e-73,0.9999999999999966,0.0,0.0
1.94482741451325e-73,0.9999999999999966,0.0,0.0
1.9206683803701336e-73,0.9999999999999966,0.0,0.0
1.8968094545689565e-73,0.9999999999999966,0.0,0.0
1.8732469091040228e-73,0.9999999999999966,0.0,0.0
1.8499770622796664e-73,0.9999999999999966,0.0,0.0
1.8269962781349803e-73,0.9999999999999966,0.0,0.0
1.8043009658756882e-73,0.9999999999999966,0.0,0.0
1.781887579313077e-73,0.9999999999999966,0.0,0.0
1.7597526163098977e-73,0.9999999999999966,0.0,0.0
1.7378926182331482e-73,0.9999999999999966,0.0,0.0
1.7163041694136557e-73,0.9999999999999966,0.0,0.0
1.6949838966123718e-73,0.9999999999999966,0.0,0.0
1.6739284684932964e-73,0.9999999999999966,0.0,0.0
1.6531345951029495e-73,0.9999999999999966,0.0,0.0
1.6325990273563096e-73,0.9999999999999966,0.0,0.0
1.6123185565291376e-73,0.9999999999999966,0.0,0.0
1.5922900137566074e-73,0.9999999999999966,0.0,0.0
1.5725102695381636e-73,0.9999999999999966,0.0,0.0
1.552976233248531e-73,0.9999999999999966,0.0,0.0
1.5336848526547987e-73,0.9999999999999966,0.0,0.0
1.5146331134395008e-73,0.9999999999999966,0.0,0.0
1.4958180387296257e-73,0.9999999999999966,0.0,0.0
1.4772366886314715e-73,0.9999999999999966,0.0,0.0
1.4588861597712827e-73,0.9999999999999966,0.0,0.0
1.440763584841591e-73,0.9999999999999966,0.0,0.0
1.4228661321531945e-73,0.9999999999999966,0.0,0.0
1.4051910051926995e-73,0.9999999999999966,0.0,0.0
1.3877354421855588e-73,0.9999999999999966,0.0,0.0
1.3704967156645399e-73,0.9999999999999966,0.0,0.0
1.3534721320435529e-73,0.9999999999999966,0.0,0.0
1.3366590311967712e-73,0.9999999999999966,0.0,0.0
1.320054786042982e-73,0.9999999999999966,0.0,0.0
1.3036568021350997e-73,0.9999999999999966,0.0,0.0
1.2874625172547775e-73,0.9999999999999966,0.0,0.0
1.2714694010120563e-73,0.9999999999999966,0.0,0.0
1.2556749544499863e-73,0.9999999999999966,0.0,0.0
1.2400767096541589e-73,0.9999999999999966,0.0,0.0
1.224672229367091e-73,0.9999999999999966,0.0,0.0
1.209459106607398e-73,0.9999999999999966,0.0,0.0
1.1944349642936983e-73,0.9999999999999966,0.0,0.0
1.1795974548731899e-73,0.9999999999999966,0.0,0.0
1.164944259954839e-73,0.9999999999999966,0.0,0.0
1.1504730899471288e-73,0.9999999999999966,0.0,0.0
1.1361816837003048e-73,0.9999999999999966,0.0,0.0
1.1220678081530655e-73,0.9999999999999966,0.0,0.0
1.1081292579836425e-73,0.9999999999999966,0.0,0.0
1.0943638552652148e-73,0.9999999999999966,0.0,0.0
1.0807694491256028e-73,0.9999999999999966,0.0,0.0
1.0673439154111895e-73,0.9999999999999966,0.0,0.0
1.0540851563550187e-73,0.9999999999999966,0.0,0.0
1.0409911002490135e-73,0.9999999999999966,0.0,0.0
1.0280597011202683e-73,0.9999999999999966,0.0,0.0
1.0152889384113609e-73,0.9999999999999966,0.0,0.0
1.0026768166646363e-73,0.9999999999999966,0.0,0.0
9.90221365210413e-74,0.9999999999999966,0.0,0.0
9.77920637859061e-74,0.9999999999999966,0.0,0.0
9.65772712596907e-74,0.9999999999999966,0.0,0.0
9.537756912859138e-74,0.9999999999999966,0.0,0.0
9.419276993670945e-74,0.9999999999999966,0.0,0.0
9.302268855676077e-74,0.9999999999999966,0.0,0.0
9.186714216114924e-74,0.9999999999999966,0.0,0.0
9.072595019339962e-74,0.9999999999999966,0.0,0.0
8.959893433994529e-74,0.9999999999999966,0.0,0.0
8.848591850226625e-74,0.9999999999999966,0.0,0.0
8.738672876937351e-74,0.9999999999999966,0.0,0.0
8.630119339063507e-74,0.9999999999999966,0.0,0.0
8.52291427489395e-74,0.9999999999999966,0.0,0.0
8.417040933419301e-74,0.9999999999999966,0.0,0.0
8.312482771714562e-74,0.9999999999999966,0.0,0.0
8.209223452354245e-74,0.9999999999999966,0.0,0.0
8.107246840859627e-74,0.9999999999999966,0.0,0.0
8.006537003177695e-74,0.9999999999999966,0.0,0.0
7.907078203191421e-74,0.9999999999999966,0.0,0.0
7.808854900260962e-74,0.9999999999999966,0.0,0.0
7.711851746795408e-74,0.9999999999999966,0.0,0.0
7.616053585854678e-74,0.9999999999999966,0.0,0.0
7.521445448781228e-74,0.9999999999999966,0.0,0.0
7.42801255286117e-74,0.9999999999999966,0.0,0.0
7.335740299014427e-74,0.9999999999999966,0.0,0.0
7.244614269513614e-74,0.9999999999999966,0.0,0.0
7.154620225731228e-74,0.9999999999999966,0.0,0.0
7.065744105914841e-74,0.9999999999999966,0.0,0.0
6.977972022989918e-74,0.9999999999999966,0.0,0.0
6.8912902623899324e-74,0.9999999999999966,0.0,0.0
6.805685279913442e-74,0.9999999999999966,0.0,0.0
6.721143699607774e-74,0.9999999999999966,0.0,0.0
6.6376523116790114e-74,0.9999999999999966,0.0,0.0
6.5551980704279315e-74,0.9999999999999966,0.0,0.0
6.473768092211589e-74,0.9999999999999966,0.0,0.0
6.393349653430221e-74,0.9999999999999966,0.0,0.0
6.3139301885391635e-74,0.9999999999999966,0.0,0.0
6.235497288085449e-74,0.9999999999999966,0.0,0.0
6.158038696768814e-74,0.9999999999999966,0.0,0.0
6.0815423115267816e-74,0.9999999999999966,0.0,0.0
6.005996179643529e-74,0.9999999999999966,0.0,0.0
5.931388496882254e-74,0.9999999999999966,0.0,0.0
5.857707605640739e-74,0.9999999999999966,0.0,0.0
5.784941993129827e-74,0.9999999999999966,0.0,0.0
5.713080289574527e-74,0.9999999999999966,0.0,0.0
5.642111266437458e-74,0.9999999999999966,0.0,0.0
5.572023834664371e-74,0.9999999999999966,0.0,0.0
5.502807042951463e-74,0.9999999999999966,0.0,0.0
5.434450076034211e-74,0.9999999999999966,0.0,0.0
5.366942252997464e-74,0.9999999999999966,0.0,0.0
5.300273025606533e-74,0.9999999999999966,0.0,0.0
5.234431976659002e-74,0.9999999999999966,0.0,0.0
5.169408818357022e-74,0.9999999999999966,0.0,0.0
5.105193390699821e-74,0.9999999999999966,0.0,0.0
5.041775659896187e-74,0.9999999999999966,0.0,0.0
4.979145716796659e-74,0.9999999999999966,0.0,0.0
4.9172937753452115e-74,0.9999999999999966,0.0,0.0
4.8562101710501575e-74,0.9999999999999966,0.0,0.0
4.795885359474055e-74,0.9999999999999966,0.0,0.0
4.7363099147423665e-74,0.9999999999999966,0.0,0.0
4.67747452807065e-74,0.9999999999999966,0.0,0.0
4.61937000631004e-74,0.9999999999999966,0.0,0.0
4.5619872705108e-74,0.9999999999999966,0.0,0.0
4.505317354503718e-74,0.9999999999999966,0.0,0.0
4.449351403499129e-74,0.9999999999999966,0.0,0.0
4.394080672703326e-74,0.9999999999999966,0.0,0.0
4.339496525952177e-74,0.9999999999999966,0.0,0.0
4.285590434361704e-74,0.9999999999999966,0.0,0.0
4.232353974995426e-74,0.9999999999999966,0.0,0.0
4.17977882954826e-74,0.9999999999999966,0.0,0.0
4.1278567830467684e-74,0.9999999999999966,0.0,0.0
4.076579722565553e-74,0.9999999999999966,0.0,0.0
4.025939635959593e-74,0.9999999999999966,0.0,0.0
3.975928610612329e-74,0.9999999999999966,0.0,0.0
3.926538832199308e-74,0.9999999999999966,0.0,0.0
3.8777625834671715e-74,0.9999999999999966,0.0,0.0
3.829592243027823e-74,0.9999999999999966,0.0,0.0
3.7820202841675655e-74,0.9999999999999966,0.0,0.0
3.7350392736710475e-74,0.9999999999999966,0.0,0.0
3.688641870659797e-74,0.9999999999999966,0.0,0.0
3.642820825445199e-74,0.9999999999999966,0.0,0.0
3.59756897839572e-74,0.9999999999999966,0.0,0.0
3.552879258818196e-74,0.9999999999999966,0.0,0.0
3.5087446838530224e-74,0.9999999999999966,0.0,0.0
3.465158357383072e-74,0.9999999999999966,0.0,0.0
3.4221134689561596e-74,0.9999999999999966,0.0,0.0
3.3796032927208956e-74,0.9999999999999966,0.0,0.0
3.337621186375758e-74,0.9999999999999966,0.0,0.0
3.296160590131221e-74,0.9999999999999966,0.0,0.0
3.2552150256847705e-74,0.9999999999999966,0.0,0.0
3.2147780952086603e-74,0.9999999999999966,0.0,0.0
3.1748434803502376e-74,0.9999999999999966,0.0,0.0
3.1354049412446848e-74,0.9999999999999966,0.0,0.0
3.0964563155400303e-74,0.9999999999999966,0.0,0.0
3.0579915174342698e-74,0.9999999999999966,0.0,0.0
3.0200045367244436e-74,0.9999999999999966,0.0,0.0
2.982489437867534e-74,0.9999999999999966,0.0,0.0
2.9454403590530213e-74,0.9999999999999966,0.0,0.0
2.908851511286966e-74,0.9999999999999966,0.0,0.0
2.8727171774874672e-74,0.9999999999999966,0.0,0.0
2.837031711591355e-74,0.9999999999999966,0.0,0.0
2.801789537671982e-74,0.9999999999999966,0.0,0.0
2.7669851490679756e-74,0.9999999999999966,0.0,0.0
2.732613107522808e-74,0.9999999999999966,0.0,0.0
2.69866804233506e-74,0.9999999999999966,0.0,0.0
2.6651446495192365e-74,0.9999999999999966,0.0,0.0
2.632037690977008e-74,0.9999999999999966,0.0,0.0
2.599341993678748e-74,0.9999999999999966,0.0,0.0
2.567052448855235e-74,0.9999999999999966,0.0,0.0
2.5351640111994003e-74,0.9999999999999966,0.0,0.0
2.503671698077983e-74,0.9999999999999966,0.0,0.0
2.4725705887529898e-74,0.9999999999999966,0.0,0.0
2.4418558236128144e-74,0.9999999999999966,0.0,0.0
2.411522603412916e-74,0.9999999999999966,0.0,0.0
2.3815661885259264e-74,0.9999999999999966,0.0,0.0
2.351981898201075e-74,0.9999999999999966,0.0,0.0
2.3227651098328106e-74,0.9999999999999966,0.0,0.0
2.2939112582385112e-74,0.9999999999999966,0.0,0.0
2.2654158349451625e-74,0.9999999999999966,0.0,0.0
2.237274387484903e-74,0.9999999999999966,0.0,0.0
2.209482518699314e-74,0.9999999999999966,0.0,0.0
2.182035886052357e-74,0.9999999999999966,0.0,0.0
2.1549302009518423e-74,0.9999999999999966,0.0,0.0
2.128161228079327e-74,0.9999999999999966,0.0,0.0
2.1017247847283408e-74,0.9999999999999966,0.0,0.0
2.075616740150825e-74,0.9999999999999966,0.0,0.0
2.0498330149117e-74,0.9999999999999966,0.0,0.0
2.0243695802514403e-74,0.9999999999999966,0.0,0.0
1.999222457456577e-74,0.9999999999999966,0.0,0.0
1.9743877172380125e-74,0.9999999999999966,0.0,0.0
1.949861479117063e-74,0.9999999999999966,0.0,0.0
1.9256399108191237e-74,0.9999999999999966,0.0,0.0
1.9017192276748714e-74,0.9999999999999966,0.0,0.0
1.8780956920288987e-74,0.9999999999999966,0.0,0.0
1.8547656126557e-74,0.9999999999999966,0.0,0.0
1.83172534418291e-74,0.9999999999999966,0.0,0.0
1.808971286521705e-74,0.9999999999999966,0.0,0.0
1.7864998843042834e-74,0.9999999999999966,0.0,0.0
1.7643076263283319e-74,0.9999999999999966,0.0,0.0
1.7423910450083925e-74,0.9999999999999966,0.0,0.0
1.7207467158340458e-74,0.9999999999999966,0.0,0.0
1.6993712568348242e-74,0.9999999999999966,0.0,0.0
1.6782613280517711e-74,0.9999999999999966,0.0,0.0
1.6574136310155678e-74,0.9999999999999966,0.0,0.0
1.6368249082311383e-74,0.9999999999999966,0.0,0.0
1.616491942668661e-74,0.9999999999999966,0.0,0.0
1.5964115572609e-74,0.9999999999999966,0.0,0.0
1.5765806144067832e-74,0.9999999999999966,0.0,0.0
1.5569960154811444e-74,0.9999999999999966,0.0,0.0
1.5376547003505573e-74,0.9999999999999966,0.0,0.0
1.5185536468951842e-74,0.9999999999999966,0.0,0.0
1.499689870536562e-74,0.9999999999999966,0.0,0.0
1.4810604237712577e-74,0.9999999999999966,0.0,0.0
1.4626623957103135e-74,0.9999999999999966,0.0,0.0
1.4444929116244148e-74,0.9999999999999966,0.0,0.0
1.4265491324947082e-74,0.9999999999999966,0.0,0.0
1.408828254569199e-74,0.9999999999999966,0.0,0.0
1.3913275089246588e-74,0.9999999999999966,0.0,0.0
1.3740441610339768e-74,0.9999999999999966,0.0,0.0
1.3569755103388826e-74,0.9999999999999966,0.0,0.0
1.3401188898279798e-74,0.9999999999999966,0.0,0.0
1.3234716656200196e-74,0.9999999999999966,0.0,0.0
1.3070312365523515e-74,0.9999999999999966,0.0,0.0
1.2907950337744866e-74,0.9999999999999966,0.0,0.0
1.2747605203467087e-74,0.9999999999999966,0.0,0.0
1.2589251908436735e-74,0.9999999999999966,0.0,0.0
1.24328657096293e-74,0.9999999999999966,0.0,0.0
1.2278422171383058e-74,0.9999999999999966,0.0,0.0
1.212589716158095e-74,0.9999999999999966,0.0,0.0
1.1975266847879888e-74,0.9999999999999966,0.0,0.0
1.1826507693986908e-74,0.9999999999999966,0.0,0.0
1.167959645598157e-74,0.9999999999999966,0.0,0.0
1.1534510178684054e-74,0.9999999999999966,0.0,0.0
1.139122619206836e-74,0.9999999999999966,0.0,0.0
1.1249722107720071e-74,0.9999999999999966,0.0,0.0
1.1109975815338132e-74,0.9999999999999966,0.0,0.0
1.0971965479280045e-74,0.9999999999999966,0.0,0.0
1.0835669535150028e-74,0.9999999999999966,0.0,0.0
1.0701066686429521e-74,0.9999999999999966,0.0,0.0
1.0568135901149572e-74,0.9999999999999966,0.0,0.0
1.0436856408604538e-74,0.9999999999999966,0.0,0.0
1.0307207696106629e-74,0.9999999999999966,0.0,0.0
1.017916950578075e-74,0.9999999999999966,0.0,0.0
1.0052721831399176e-74,0.9999999999999966,0.0,0.0
9.927844915255536e-75,0.9999999999999966,0.0,0.0
9.804519245077622e-75,0.9999999999999966,0.0,0.0
9.682725550978573e-75,0.9999999999999966,0.0,0.0
9.562444802445898e-75,0.9999999999999966,0.0,0.0
9.443658205367937e-75,0.9999999999999966,0.0,0.0
9.32634719909723e-75,0.9999999999999966,0.0,0.0
9.210493453550383e-75,0.9999999999999966,0.0,0.0
9.096078866343957e-75,0.9999999999999966,0.0,0.0
8.983085559965927e-75,0.9999999999999966,0.0,0.0
8.871495878982296e-75,0.9999999999999966,0.0,0.0
8.761292387278384e-75,0.9999999999999966,0.0,0.0
8.652457865334409e-75,0.9999999999999966,0.0,0.0
8.5449753075349e-75,0.9999999999999966,0.0,0.0
8.43882791951153e-75,0.9999999999999966,0.0,0.0
8.333999115518971e-75,0.9999999999999966,0.0,0.0
8.230472515843328e-75,0.9999999999999966,0.0,0.0
8.128231944242785e-75,0.9999999999999966,0.0,0.0
8.027261425420023e-75,0.9999999999999966,0.0,0.0
7.927545182526058e-75,0.9999999999999966,0.0,0.0
7.829067634695069e-75,0.9999999999999966,0.0,0.0
7.73181339460986e-75,0.9999999999999966,0.0,0.0
7.635767266097559e-75,0.9999999999999966,0.0,0.0
7.540914241755183e-75,0.9999999999999966,0.0,0.0
7.447239500604707e-75,0.9999999999999966,0.0,0.0
7.354728405777249e-75,0.9999999999999966,0.0,0.0
7.263366502226032e-75,0.9999999999999966,0.0,0.0
7.173139514467755e-75,0.9999999999999966,0.0,0.0
7.084033344352019e-75,0.9999999999999966,0.0,0.0
6.99603406885846e-75,0.9999999999999966,0.0,0.0
6.909127937921253e-75,0.9999999999999966,0.0,0.0
6.823301372280632e-75,0.9999999999999966,0.0,0.0
6.738540961361106e-75,0.9999999999999966,0.0,0.0
6.654833461176029e-75,0.9999999999999966,0.0,0.0
6.572165792258196e-75,0.9999999999999966,0.0,0.0
6.490525037616157e-75,0.9999999999999966,0.0,0.0
6.409898440715903e-75,0.9999999999999966,0.0,0.0
6.33027340348764e-75,0.9999999999999966,0.0,0.0
6.251637484357305e-75,0.9999999999999966,0.0,0.0
6.173978396302555e-75,0.9999999999999966,0.0,0.0
6.0972840049328885e-75,0.9999999999999966,0.0,0.0
6.02154232659362e-75,0.9999999999999966,0.0,0.0
5.946741526493418e-75,0.9999999999999966,0.0,0.0
5.872869916855089e-75,0.9999999999999966,0.0,0.0
5.799915955089338e-75,0.9999999999999966,0.0,0.0
5.727868241991216e-75,0.9999999999999966,0.0,0.0
5.656715519958978e-75,0.9999999999999966,0.0,0.0
5.586446671235046e-75,0.9999999999999966,0.0,0.0
5.51705071616885e-75,0.9999999999999966,0.0,0.0
5.448516811501228e-75,0.9999999999999966,0.0,0.0
5.380834248670146e-75,0.9999999999999966,0.0,0.0
5.313992452137467e-75,0.9999999999999966,0.0,0.0
5.247980977736493e-75,0.9999999999999966,0.0,0.0
5.182789511040053e-75,0.9999999999999966,0.0,0.0
5.118407865748848e-75,0.9999999999999966,0.0,0.0
5.054825982099819e-75,0.9999999999999966,0.0,0.0
4.992033925294292e-75,0.9999999999999966,0.0,0.0
4.930021883945643e-75,0.9999999999999966,0.0,0.0
4.868780168546252e-75,0.9999999999999966,0.0,0.0
4.808299209953493e-75,0.9999999999999966,0.0,0.0
4.748569557894541e-75,0.9999999999999966,0.0,0.0
4.689581879489745e-75,0.9999999999999966,0.0,0.0
4.631326957794347e-75,0.9999999999999966,0.0,0.0
4.573795690358314e-75,0.9999999999999966,0.0,0.0
4.516979087804065e-75,0.9999999999999966,0.0,0.0
4.460868272421861e-75,0.9999999999999966,0.0,0.0
4.4054544767826436e-75,0.9999999999999966,0.0,0.0
4.350729042368107e-75,0.9999999999999966,0.0,0.0
4.2966834182177876e-75,0.9999999999999966,0.0,0.0
4.2433091595929596e-75,0.9999999999999966,0.0,0.0
4.190597926657124e-75,0.9999999999999966,0.0,0.0
4.138541483172898e-75,0.9999999999999966,0.0,0.0
4.087131695215079e-75,0.9999999999999966,0.0,0.0
4.03636052989971e-75,0.9999999999999966,0.0,0.0
3.986220054128917e-75,0.9999999999999966,0.0,0.0
3.9367024333513532e-75,0.9999999999999966,0.0,0.0
3.8877999303380315e-75,0.9999999999999966,0.0,0.0
3.839504903973365e-75,0.9999999999999966,0.0,0.0
3.7918098080612315e-75,0.9999999999999966,0.0,0.0
3.744707190145861e-75,0.9999999999999966,0.0,0.0
3.698189690347376e-75,0.9999999999999966,0.0,0.0
3.652250040211796e-75,0.9999999999999966,0.0,0.0
3.606881061575324e-75,0.9999999999999966,0.0,0.0
3.562075665442749e-75,0.9999999999999966,0.0,0.0
3.517826850879769e-75,0.9999999999999966,0.0,0.0
3.4741277039190876e-75,0.9999999999999966,0.0,0.0
3.430971396480088e-75,0.9999999999999966,0.0,0.0
3.388351185301933e-75,0.9999999999999966,0.0,0.0
3.346260410889918e-75,0.9999999999999966,0.0,0.0
3.30469249647491e-75,0.9999999999999966,0.0,0.0
3.2636409469857127e-75,0.9999999999999966,0.0,0.0
3.223099348034201e-75,0.9999999999999966,0.0,0.0
3.1830613649130595e-75,0.9999999999999966,0.0,0.0
3.1435207416059696e-75,0.9999999999999966,0.0,0.0
3.104471299810096e-75,0.9999999999999966,0.0,0.0
3.0659069379707145e-75,0.9999999999999966,0.0,0.0
3.02782163032783e-75,0.9999999999999966,0.0,0.0
2.990209425974641e-75,0.9999999999999966,0.0,0.0
2.9530644479276963e-75,0.9999999999999966,0.0,0.0
2.9163808922086073e-75,0.9999999999999966,0.0,0.0
2.8801530269371614e-75,0.9999999999999966,0.0,0.0
2.8443751914357064e-75,0.9999999999999966,0.0,0.0
2.8090417953446565e-75,0.9999999999999966,0.0,0.0
2.7741473177489887e-75,0.9999999999999966,0.0,0.0
2.7396863063155876e-75,0.9999999999999966,0.0,0.0
2.705653376441307e-75,0.9999999999999966,0.0,0.0
2.6720432104116166e-75,0.9999999999999966,0.0,0.0
2.638850556569695e-75,0.9999999999999966,0.0,0.0
2.6060702284958514e-75,0.9999999999999966,0.0,0.0
2.573697104197134e-75,0.9999999999999966,0.0,0.0
2.5417261253070093e-75,0.9999999999999966,0.0,0.0
2.5101522962949826e-75,0.9999999999999966,0.0,0.0
2.478970683686035e-75,0.9999999999999966,0.0,0.0
2.4481764152897592e-75,0.9999999999999966,0.0,0.0
2.417764679439069e-75,0.9999999999999966,0.0,0.0
2.387730724238366e-75,0.9999999999999966,0.0,0.0
2.358069856821048e-75,0.9999999999999966,0.0,0.0
2.3287774426162365e-75,0.9999999999999966,0.0,0.0
2.2998489046246194e-75,0.9999999999999966,0.0,0.0
2.271279722703281e-75,0.9999999999999966,0.0,0.0
2.2430654328594233e-75,0.9999999999999966,0.0,0.0
2.2152016265528576e-75,0.9999999999999966,0.0,0.0
2.1876839500071616e-75,0.9999999999999966,0.0,0.0
2.160508103529391e-75,0.9999999999999966,0.0,0.0
2.1336698408382463e-75,0.9999999999999966,0.0,0.0
2.1071649684005802e-75,0.9999999999999966,0.0,0.0
2.0809893447761519e-75,0.9999999999999966,0.0,0.0
2.055138879970517e-75,0.9999999999999966,0.0,0.0
2.0296095347959578e-75,0.9999999999999966,0.0,0.0
2.0043973202403527e-75,0.9999999999999966,0.0,0.0
1.9794982968438847e-75,0.9999999999999966,0.0,0.0
1.9549085740834917e-75,0.9999999999999966,0.0,0.0
1.930624309764966e-75,0.9999999999999966,0.0,0.0
1.906641709422603e-75,0.9999999999999966,0.0,0.0
1.882957025726307e-75,0.9999999999999966,0.0,0.0
1.859566557896066e-75,0.9999999999999966,0.0,0.0
1.8364666511236942e-75,0.9999999999999966,0.0,0.0
1.813653696001763e-75,0.9999999999999966,0.0,0.0
1.7911241279596227e-75,0.9999999999999966,0.0,0.0
1.7688744267064315e-75,0.9999999999999966,0.0,0.0
1.7469011156811022e-75,0.9999999999999966,0.0,0.0
1.7252007615090838e-75,0.9999999999999966,0.0,0.0
1.703769973465889e-75,0.9999999999999966,0.0,0.0
1.6826054029472852e-75,0.9999999999999966,0.0,0.0
1.6617037429460712e-75,0.9999999999999966,0.0,0.0
1.6410617275353482e-75,0.9999999999999966,0.0,0.0
1.6206761313582134e-75,0.9999999999999966,0.0,0.0
1.6005437691237903e-75,0.9999999999999966,0.0,0.0
1.5806614951095214e-75,0.9999999999999966,0.0,0.0
1.561026202669643e-75,0.9999999999999966,0.0,0.0
1.5416348237497638e-75,0.9999999999999966,0.0,0.0
1.5224843284074769e-75,0.9999999999999966,0.0,0.0
1.503571724338924e-75,0.9999999999999966,0.0,0.0
1.4848940564112433e-75,0.9999999999999966,0.0,0.0
1.4664484062008218e-75,0.9999999999999966,0.0,0.0
1.4482318915372873e-75,0.9999999999999966,0.0,0.0
1.430241666053163e-75,0.9999999999999966,0.0,0.0
1.4124749187391172e-75,0.9999999999999966,0.0,0.0
1.394928873504736e-75,0.9999999999999966,0.0,0.0
1.377600788744755e-75,0.9999999999999966,0.0,0.0
1.3604879569106774e-75,0.9999999999999966,0.0,0.0
1.3435877040877142e-75,0.9999999999999966,0.0,0.0
1.3268973895769786e-75,0.9999999999999966,0.0,0.0
1.3104144054828728e-75,0.9999999999999966,0.0,0.0
1.2941361763055988e-75,0.9999999999999966,0.0,0.0
1.2780601585387295e-75,0.9999999999999966,0.0,0.0
1.2621838402717832e-75,0.9999999999999966,0.0,0.0
1.2465047407977315e-75,0.9999999999999966,0.0,0.0
1.231020410225383e-75,0.9999999999999966,0.0,0.0
1.2157284290965835e-75,0.9999999999999966,0.0,0.0
1.2006264080081712e-75,0.9999999999999966,0.0,0.0
1.1857119872386261e-75,0.9999999999999966,0.0,0.0
1.1709828363793608e-75,0.9999999999999966,0.0,0.0
1.1564366539705875e-75,0.9999999999999966,0.0,0.0
1.1420711671417116e-75,0.9999999999999966,0.0,0.0
1.1278841312561902e-75,0.9999999999999966,0.0,0.0
1.113873329560803e-75,0.9999999999999966,0.0,0.0
1.1000365728392809e-75,0.9999999999999966,0.0,0.0
1.0863716990702361e-75,0.9999999999999966,0.0,0.0
1.0728765730893418e-75,0.9999999999999966,0.0,0.0
1.0595490862557081e-75,0.9999999999999966,0.0,0.0
1.046387156122403e-75,0.9999999999999966,0.0,0.0
1.0333887261110662e-75,0.9999999999999966,0.0,0.0
1.0205517651905634e-75,0.9999999999999966,0.0,0.0
1.0078742675596347e-75,0.9999999999999966,0.0,0.0
9.953542523334838e-76,0.9999999999999966,0.0,0.0
9.829897632342597e-76,0.9999999999999966,0.0,0.0
9.707788682853862e-76,0.9999999999999966,0.0,0.0
9.587196595096849e-76,0.9999999999999966,0.0,0.0
9.468102526312506e-76,0.9999999999999966,0.0,0.0
9.350487867810296e-76,0.9999999999999966,0.0,0.0
9.234334242060546e-76,0.9999999999999966,0.0,0.0
9.119623499822923e-76,0.9999999999999966,0.0,0.0
9.006337717310579e-76,0.9999999999999966,0.0,0.0
8.894459193389524e-76,0.9999999999999966,0.0,0.0
8.783970446812782e-76,0.9999999999999966,0.0,0.0
8.674854213488916e-76,0.9999999999999966,0.0,0.0
8.567093443784479e-76,0.9999999999999966,0.0,0.0
8.46067129985997e-76,0.9999999999999966,0.0,0.0
8.355571153038891e-76,0.9999999999999966,0.0,0.0
8.251776581209477e-76,0.9999999999999966,0.0,0.0
8.149271366258719e-76,0.9999999999999966,0.0,0.0
8.048039491538235e-76,0.9999999999999966,0.0,0.0
7.948065139361652e-76,0.9999999999999966,0.0,0.0
7.849332688533046e-76,0.9999999999999966,0.0,0.0
7.751826711906112e-76,0.9999999999999966,0.0,0.0
7.655531973973628e-76,0.9999999999999966,0.0,0.0
7.560433428486886e-76,0.9999999999999966,0.0,0.0
7.466516216104681e-76,0.9999999999999966,0.0,0.0
7.373765662071509e-76,0.9999999999999966,0.0,0.0
7.282167273924605e-76,0.9999999999999966,0.0,0.0
7.191706739229467e-76,0.9999999999999966,0.0,0.0
7.102369923343513e-76,0.9999999999999966,0.0,0.0
7.014142867207509e-76,0.9999999999999966,0.0,0.0
6.927011785164439e-76,0.9999999999999966,0.0,0.0
6.840963062805473e-76,0.9999999999999966,0.0,0.0
6.755983254842676e-76,0.9999999999999966,0.0,0.0
6.672059083008171e-76,0.9999999999999966,0.0,0.0
6.589177433979365e-76,0.9999999999999966,0.0,0.0
6.507325357329982e-76,0.9999999999999966,0.0,0.0
6.42649006350652e-76,0.9999999999999966,0.0,0.0
6.346658921829863e-76,0.9999999999999966,0.0,0.0
6.267819458521712e-76,0.9999999999999966,0.0,0.0
6.18995935475553e-76,0.9999999999999966,0.0,0.0
6.113066444731702e-76,0.9999999999999966,0.0,0.0
6.037128713776599e-76,0.9999999999999966,0.0,0.0
5.962134296465271e-76,0.9999999999999966,0.0,0.0
5.888071474767439e-76,0.9999999999999966,0.0,0.0
5.814928676216535e-76,0.9999999999999966,0.0,0.0
5.74269447210148e-76,0.9999999999999966,0.0,0.0
5.671357575680926e-76,0.9999999999999966,0.0,0.0
5.600906840419674e-76,0.9999999999999966,0.0,0.0
5.53133125824701e-76,0.9999999999999966,0.0,0.0
5.462619957836674e-76,0.9999999999999966,0.0,0.0
5.394762202908185e-76,0.9999999999999966,0.0,0.0
5.327747390549283e-76,0.9999999999999966,0.0,0.0
5.261565049559198e-76,0.9999999999999966,0.0,0.0
5.196204838812507e-76,0.9999999999999966,0.0,0.0
5.131656545643307e-76,0.9999999999999966,0.0,0.0
5.0679100842494704e-76,0.9999999999999966,0.0,0.0
5.004955494116715e-76,0.9999999999999966,0.0,0.0
4.9427829384622545e-76,0.9999999999999966,0.0,0.0
4.8813827026977814e-76,0.9999999999999966,0.0,0.0
4.8207451929115415e-76,0.9999999999999966,0.0,0.0
4.7608609343692665e-76,0.9999999999999966,0.0,0.0
4.7017205700337285e-76,0.9999999999999966,0.0,0.0
4.64331485910268e-76,0.9999999999999966,0.0,0.0
4.585634675564966e-76,0.9999999999999966,0.0,0.0
4.528671006774561e-76,0.9999999999999966,0.0,0.0
4.4724149520423256e-76,0.9999999999999966,0.0,0.0
4.4168577212452586e-76,0.9999999999999966,0.0,0.0
4.3619906334530195e-76,0.9999999999999966,0.0,0.0
4.307805115571515e-76,0.9999999999999966,0.0,0.0
4.2542927010033404e-76,0.9999999999999966,0.0,0.0
4.2014450283248496e-76,0.9999999999999966,0.0,0.0
4.149253839979671e-76,0.9999999999999966,0.0,0.0
4.0977109809884453e-76,0.9999999999999966,0.0,0.0
4.0468083976745934e-76,0.9999999999999966,0.0,0.0
3.996538136405914e-76,0.9999999999999966,0.0,0.0
3.946892342351811e-76,0.9999999999999966,0.0,0.0
3.897863258255962e-76,0.9999999999999966,0.0,0.0
3.849443223224229e-76,0.9999999999999966,0.0,0.0
3.8016246715276315e-76,0.9999999999999966,0.0,0.0
3.7544001314201804e-76,0.9999999999999966,0.0,0.0
3.70776222397141e-76,0.9999999999999966,0.0,0.0
3.661703661913397e-76,0.9999999999999966,0.0,0.0
3.616217248502117e-76,0.9999999999999966,0.0,0.0
3.571295876392934e-76,0.9999999999999966,0.0,0.0
3.526932526530066e-76,0.9999999999999966,0.0,0.0
3.4831202670498416e-76,0.9999999999999966,0.0,0.0
3.4398522521975833e-76,0.9999999999999966,0.0,0.0
3.3971217212579436e-76,0.9999999999999966,0.0,0.0
3.3549219974985307e-76,0.9999999999999966,0.0,0.0
3.313246487126652e-76,0.9999999999999966,0.0,0.0
3.272088678259027e-76,0.9999999999999966,0.0,0.0
3.2314421399042856e-76,0.9999999999999966,0.0,0.0
3.191300520958117e-76,0.9999999999999966,0.0,0.0
3.151657549210894e-76,0.9999999999999966,0.0,0.0
3.112507030367631e-76,0.9999999999999966,0.0,0.0
3.0738428470801065e-76,0.9999999999999966,0.0,0.0
3.035658957991023e-76,0.9999999999999966,0.0,0.0
2.9979493967900264e-76,0.9999999999999966,0.0,0.0
2.960708271281461e-76,0.9999999999999966,0.0,0.0
2.923929762463701e-76,0.9999999999999966,0.0,0.0
2.8876081236199196e-76,0.9999999999999966,0.0,0.0
2.851737679420153e-76,0.9999999999999966,0.0,0.0
2.816312825034518e-76,0.9999999999999966,0.0,0.0
2.781328025257446e-76,0.9999999999999966,0.0,0.0
2.746777813642798e-76,0.9999999999999966,0.0,0.0
2.7126567916497178e-76,0.9999999999999966,0.0,0.0
2.678959627799102e-76,0.9999999999999966,0.0,0.0
2.6456810568405434e-76,0.9999999999999966,0.0,0.0
2.612815878929626e-76,0.9999999999999966,0.0,0.0
2.5803589588154386e-76,0.9999999999999966,0.0,0.0
2.5483052250381812e-76,0.9999999999999966,0.0,0.0
2.51664966913674e-76,0.9999999999999966,0.0,0.0
2.485387344866103e-76,0.9999999999999966,0.0,0.0
2.4545133674245016e-76,0.9999999999999966,0.0,0.0
2.4240229126901487e-76,0.9999999999999966,0.0,0.0
2.3939112164674608e-76,0.9999999999999966,0.0,0.0
2.3641735737426422e-76,0.9999999999999966,0.0,0.0
2.3348053379485178e-76,0.9999999999999966,0.0,0.0
2.3058019202384963e-76,0.9999999999999966,0.0,0.0
2.2771587887695544e-76,0.9999999999999966,0.0,0.0
2.2488714679941268e-76,0.9999999999999966,0.0,0.0
2.2209355379607934e-76,0.9999999999999966,0.0,0.0
2.193346633623652e-76,0.9999999999999966,0.0,0.0
2.1661004441602718e-76,0.9999999999999966,0.0,0.0
2.139192712298118e-76,0.9999999999999966,0.0,0.0
2.112619233649345e-76,0.9999999999999966,0.0,0.0
2.0863758560538513e-76,0.9999999999999966,0.0,0.0
2.0604584789304963e-76,0.9999999999999966,0.0,0.0
2.034863052636377e-76,0.9999999999999966,0.0,0.0
2.0095855778340628e-76,0.9999999999999966,0.0,0.0
1.9846221048666897e-76,0.9999999999999966,0.0,0.0
1.9599687331408195e-76,0.9999999999999966,0.0,0.0
1.935621610516964e-76,0.9999999999999966,0.0,0.0
1.9115769327076804e-76,0.9999999999999966,0.0,0.0
1.8878309426831427e-76,0.9999999999999966,0.0,0.0
1.8643799300841e-76,0.9999999999999966,0.0,0.0
1.8412202306421235e-76,0.9999999999999966,0.0,0.0
1.8183482256070583e-76,0.9999999999999966,0.0,0.0
1.7957603411815854e-76,0.9999999999999966,0.0,0.0
1.7734530479628095e-76,0.9999999999999966,0.0,0.0
1.7514228603907823e-76,0.9999999999999966,0.0,0.0
1.729666336203876e-76,0.9999999999999966,0.0,0.0
1.708180075900924e-76,0.9999999999999966,0.0,0.0
1.686960722210041e-76,0.9999999999999966,0.0,0.0
1.6660049595640436e-76,0.9999999999999966,0.0,0.0
1.645309513582384e-76,0.9999999999999966,0.0,0.0
1.6248711505595244e-76,0.9999999999999966,0.0,0.0
1.6046866769596612e-76,0.9999999999999966,0.0,0.0
1.5847529389177303e-76,0.9999999999999966,0.0,0.0
1.5650668217466085e-76,0.9999999999999966,0.0,0.0
1.5456252494504372e-76,0.9999999999999966,0.0,0.0
1.5264251842439923e-76,0.9999999999999966,0.0,0.0
1.5074636260780238e-76,0.9999999999999966,0.0,0.0
1.4887376121704912e-76,0.9999999999999966,0.0,0.0
1.470244216543625e-76,0.9999999999999966,0.0,0.0
1.4519805495667346e-76,0.9999999999999966,0.0,0.0
1.433943757504698e-76,0.9999999999999966,0.0,0.0
1.4161310220720604e-76,0.9999999999999966,0.0,0.0
1.3985395599926716e-76,0.9999999999999966,0.0,0.0
1.3811666225647927e-76,0.9999999999999966,0.0,0.0
1.3640094952316061e-76,0.9999999999999966,0.0,0.0
1.3470654971570607e-76,0.9999999999999966,0.0,0.0
1.3303319808069856e-76,0.9999999999999966,0.0,0.0
1.3138063315354076e-76,0.9999999999999966,0.0,0.0
1.2974859671760072e-76,0.9999999999999966,0.0,0.0
1.2813683376386505e-76,0.9999999999999966,0.0,0.0
1.2654509245109318e-76,0.9999999999999966,0.0,0.0
1.2497312406646663e-76,0.9999999999999966,0.0,0.0
1.2342068298672725e-76,0.9999999999999966,0.0,0.0
1.2188752663979794e-76,0.9999999999999966,0.0,0.0
1.2037341546688037e-76,0.9999999999999966,0.0,0.0
1.1887811288502338e-76,0.9999999999999966,0.0,0.0
1.1740138525015643e-76,0.9999999999999966,0.0,0.0
1.1594300182058224e-76,0.9999999999999966,0.0,0.0
1.1450273472092293e-76,0.9999999999999966,0.0,0.0
1.1308035890651406e-76,0.9999999999999966,0.0,0.0
1.1167565212824082e-76,0.9999999999999966,0.0,0.0
1.1028839489781134e-76,0.9999999999999966,0.0,0.0
1.0891837045346104e-76,0.9999999999999966,0.0,0.0
1.0756536472608322e-76,0.9999999999999966,0.0,0.0
1.062291663057804e-76,0.9999999999999966,0.0,0.0
1.0490956640883095e-76,0.9999999999999966,0.0,0.0
1.036063588450663e-76,0.9999999999999966,0.0,0.0
1.0231933998565332e-76,0.9999999999999966,0.0,0.0
1.0104830873127684e-76,0.9999999999999966,0.0,0.0
9.979306648071749e-77,0.9999999999999966,0.0,0.0
9.855341709981993e-77,0.9999999999999966,0.0,0.0
9.732916689084637e-77,0.9999999999999966,0.0,0.0
9.612012456221097e-77,0.9999999999999966,0.0,0.0
9.492610119859015e-77,0.9999999999999966,0.0,0.0
9.374691023140418e-77,0.9999999999999966,0.0,0.0
9.25823674096654e-77,0.9999999999999966,0.0,0.0
9.143229077118875e-77,0.9999999999999966,0.0,0.0
9.029650061415963e-77,0.9999999999999966,0.0,0.0
8.917481946905536e-77,0.9999999999999966,0.0,0.0
8.806707207091496e-77,0.9999999999999966,0.0,0.0
8.697308533195382e-77,0.9999999999999966,0.0,0.0
8.589268831451835e-77,0.9999999999999966,0.0,0.0
8.482571220437653e-77,0.9999999999999966,0.0,0.0
8.377199028434045e-77,0.9999999999999966,0.0,0.0
8.273135790821634e-77,0.9999999999999966,0.0,0.0
8.170365247507834e-77,0.9999999999999966,0.0,0.0
8.06887134038617e-77,0.9999999999999966,0.0,0.0
7.968638210827168e-77,0.9999999999999966,0.0,0.0
7.869650197200416e-77,0.9999999999999966,0.0,0.0
7.771891832427401e-77,0.9999999999999966,0.0,0.0
7.675347841564738e-77,0.9999999999999966,0.0,0.0
7.580003139417443e-77,0.9999999999999966,0.0,0.0
7.485842828181831e-77,0.9999999999999966,0.0,0.0
7.392852195117709e-77,0.9999999999999966,0.0,0.0
7.301016710249472e-77,0.9999999999999966,0.0,0.0
7.210322024095776e-77,0.9999999999999966,0.0,0.0
7.120753965427398e-77,0.9999999999999966,0.0,0.0
7.032298539052945e-77,0.9999999999999966,0.0,0.0
6.944941923632091e-77,0.9999999999999966,0.0,0.0
6.8586704695159515e-77,0.9999999999999966,0.0,0.0
6.773470696614307e-77,0.9999999999999966,0.0,0.0
6.689329292289306e-77,0.9999999999999966,0.0,0.0
6.606233109275342e-77,0.9999999999999966,0.0,0.0
6.524169163624764e-77,0.9999999999999966,0.0,0.0
6.443124632679108e-77,0.9999999999999966,0.0,0.0
6.3630868530655325e-77,0.9999999999999966,0.0,0.0
6.284043318718141e-77,0.9999999999999966,0.0,0.0
6.205981678923881e-77,0.9999999999999966,0.0,0.0
6.128889736392721e-77,0.9999999999999966,0.0,0.0
6.0527554453518024e-77,0.9999999999999966,0.0,0.0
5.9775669096632585e-77,0.9999999999999966,0.0,0.0
5.903312380965419e-77,0.9999999999999966,0.0,0.0
5.829980256837109e-77,0.9999999999999966,0.0,0.0
5.757559078984742e-77,0.9999999999999966,0.0,0.0
5.686037531451941e-77,0.9999999999999966,0.0,0.0
5.615404438851398e-77,0.9999999999999966,0.0,0.0
5.545648764618693e-77,0.9999999999999966,0.0,0.0
5.4767596092878135e-77,0.9999999999999966,0.0,0.0
5.408726208788088e-77,0.9999999999999966,0.0,0.0
5.341537932762276e-77,0.9999999999999966,0.0,0.0
5.27518428290556e-77,0.9999999999999966,0.0,0.0
5.209654891325153e-77,0.9999999999999966,0.0,0.0
5.1449395189203066e-77,0.9999999999999966,0.0,0.0
5.0810280537824225e-77,0.9999999999999966,0.0,0.0
5.017910509615047e-77,0.9999999999999966,0.0,0.0
4.9555770241734945e-77,0.9999999999999966,0.0,0.0
4.894017857723851e-77,0.9999999999999966,0.0,0.0
4.833223391521119e-77,0.9999999999999966,0.0,0.0
4.77318412630627e-77,0.9999999999999966,0.0,0.0
4.713890680821969e-77,0.9999999999999966,0.0,0.0
4.655333790346729e-77,0.9999999999999966,0.0,0.0
4.597504305247282e-77,0.9999999999999966,0.0,0.0
4.540393189548929e-77,0.9999999999999966,0.0,0.0
4.483991519523653e-77,0.9999999999999966,0.0,0.0
4.4282904822957664e-77,0.9999999999999966,0.0,0.0
4.37328137446488e-77,0.9999999999999966,0.0,0.0
4.318955600745985e-77,0.9999999999999966,0.0,0.0
4.265304672626411e-77,0.9999999999999966,0.0,0.0
4.212320207039491e-77,0.9999999999999966,0.0,0.0
4.159993925054681e-77,0.9999999999999966,0.0,0.0
4.108317650583968e-77,0.9999999999999966,0.0,0.0
4.057283309104332e-77,0.9999999999999966,0.0,0.0
4.00688292639609e-77,0.9999999999999966,0.0,0.0
3.9571086272969065e-77,0.9999999999999966,0.0,0.0
3.907952634471284e-77,0.9999999999999966,0.0,0.0
3.859407267195338e-77,0.9999999999999966,0.0,0.0
3.811464940156668e-77,0.9999999999999966,0.0,0.0
3.764118162269139e-77,0.9999999999999966,0.0,0.0
3.7173595355023804e-77,0.9999999999999966,0.0,0.0
3.6711817537258315e-77,0.9999999999999966,0.0,0.0
3.625577601567144e-77,0.9999999999999966,0.0,0.0
3.580539953284764e-77,0.9999999999999966,0.0,0.0
3.536061771654519e-77,0.9999999999999966,0.0,0.0
3.492136106870042e-77,0.9999999999999966,0.0,0.0
3.4487560954568447e-77,0.9999999999999966,0.0,0.0
3.40591495919989e-77,0.9999999999999966,0.0,0.0
3.3636060040844788e-77,0.9999999999999966,0.0,0.0
3.3218226192502997e-77,0.9999999999999966,0.0,0.0
3.2805582759584655e-77,0.9999999999999966,0.0,0.0
3.239806526571387e-77,0.9999999999999966,0.0,0.0
3.1995610035453143e-77,0.9999999999999966,0.0,0.0
3.159815418435397e-77,0.9999999999999966,0.0,0.0
3.1205635609131024e-77,0.9999999999999966,0.0,0.0
3.081799297795836e-77,0.9999999999999966,0.0,0.0
3.043516572088621e-77,0.9999999999999966,0.0,0.0
3.005709402037682e-77,0.9999999999999966,0.0,0.0
2.9683718801957814e-77,0.9999999999999966,0.0,0.0
2.931498172499171e-77,0.9999999999999966,0.0,0.0
2.895082517356004e-77,0.9999999999999966,0.0,0.0
2.859119224746079e-77,0.9999999999999966,0.0,0.0
2.8236026753317603e-77,0.9999999999999966,0.0,0.0
2.7885273195799448e-77,0.9999999999999966,0.0,0.0
2.7538876768949376e-77,0.9999999999999966,0.0,0.0
2.7196783347620964e-77,0.9999999999999966,0.0,0.0
2.6858939479021153e-77,0.9999999999999966,0.0,0.0
2.6525292374358153e-77,0.9999999999999966,0.0,0.0
2.619578990059307e-77,0.9999999999999966,0.0,0.0
2.5870380572294013e-77,0.9999999999999966,0.0,0.0
2.554901354359142e-77,0.9999999999999966,0.0,0.0
2.5231638600233244e-77,0.9999999999999966,0.0,0.0
2.4918206151738895e-77,0.9999999999999966,0.0,0.0
2.4608667223650644e-77,0.9999999999999966,0.0,0.0
2.430297344988123e-77,0.9999999999999966,0.0,0.0
2.400107706515658e-77,0.9999999999999966,0.0,0.0
2.370293089755239e-77,0.9999999999999966,0.0,0.0
2.3408488361123405e-77,0.9999999999999966,0.0,0.0
2.311770344862428e-77,0.9999999999999966,0.0,0.0
2.283053072432086e-77,0.9999999999999966,0.0,0.0
2.2546925316890715e-77,0.9999999999999966,0.0,0.0
2.2266842912411967e-77,0.9999999999999966,0.0,0.0
2.1990239747439093e-77,0.9999999999999966,0.0,0.0
2.1717072602164832e-77,0.9999999999999966,0.0,0.0
2.1447298793666998e-77,0.9999999999999966,0.0,0.0
2.1180876169239158e-77,0.9999999999999966,0.0,0.0
2.0917763099804234e-77,0.9999999999999966,0.0,0.0
2.0657918473409826e-77,0.9999999999999966,0.0,0.0
2.0401301688804423e-77,0.9999999999999966,0.0,0.0
2.0147872649093356e-77,0.9999999999999966,0.0,0.0
1.989759175547358e-77,0.9999999999999966,0.0,0.0
1.9650419901046286e-77,0.9999999999999966,0.0,0.0
1.9406318464706357e-77,0.9999999999999966,0.0,0.0
1.9165249305107756e-77,0.9999999999999966,0.0,0.0
1.8927174754703846e-77,0.9999999999999966,0.0,0.0
1.8692057613861778e-77,0.9999999999999966,0.0,0.0
1.8459861145049964e-77,0.9999999999999966,0.0,0.0
1.8230549067097753e-77,0.9999999999999966,0.0,0.0
1.800408554952645e-77,0.9999999999999966,0.0,0.0
1.7780435206950697e-77,0.9999999999999966,0.0,0.0
1.7559563093549467e-77,0.9999999999999966,0.0,0.0
1.734143469760568e-77,0.9999999999999966,0.0,0.0
1.7126015936113708e-77,0.9999999999999966,0.0,0.0
1.6913273149453803e-77,0.9999999999999966,0.0,0.0
1.6703173096132732e-77,0.9999999999999966,0.0,0.0
1.649568294758973e-77,0.9999999999999966,0.0,0.0
1.6290770283066956e-77,0.9999999999999966,0.0,0.0
1.6088403084543697e-77,0.9999999999999966,0.0,0.0
1.5888549731733472e-77,0.9999999999999966,0.0,0.0
1.5691178997143315e-77,0.9999999999999966,0.0,0.0
1.5496260041194406e-77,0.9999999999999966,0.0,0.0
1.5303762407403324e-77,0.9999999999999966,0.0,0.0
1.5113656017623162e-77,0.9999999999999966,0.0,0.0
1.4925911167343755e-77,0.9999999999999966,0.0,0.0
1.4740498521050287e-77,0.9999999999999966,0.0,0.0
1.4557389107639565e-77,0.9999999999999966,0.0,0.0
1.4376554315893215e-77,0.9999999999999966,0.0,0.0
1.4197965890007125e-77,0.9999999999999966,0.0,0.0
1.4021595925176423e-77,0.9999999999999966,0.0,0.0
1.3847416863235288e-77,0.9999999999999966,0.0,0.0
1.3675401488350931e-77,0.9999999999999966,0.0,0.0
1.3505522922771073e-77,0.9999999999999966,0.0,0.0
1.3337754622624228e-77,0.9999999999999966,0.0,0.0
1.3172070373772183e-77,0.9999999999999966,0.0,0.0
1.3008444287713982e-77,0.9999999999999966,0.0,0.0
1.2846850797540785e-77,0.9999999999999966,0.0,0.0
1.2687264653941e-77,0.9999999999999966,0.0,0.0
1.2529660921255017e-77,0.9999999999999966,0.0,0.0
1.2374014973578969e-77,0.9999999999999966,0.0,0.0
1.2220302490916875e-77,0.9999999999999966,0.0,0.0
1.2068499455380604e-77,0.9999999999999966,0.0,0.0
1.191858214743701e-77,0.9999999999999966,0.0,0.0
1.1770527142201734e-77,0.9999999999999966,0.0,0.0
1.1624311305778991e-77,0.9999999999999966,0.0,0.0
1.1479911791646875e-77,0.9999999999999966,0.0,0.0
1.1337306037087527e-77,0.9999999999999966,0.0,0.0
1.1196471759661677e-77,0.9999999999999966,0.0,0.0
1.1057386953726952e-77,0.9999999999999966,0.0,0.0
1.0920029886999465e-77,0.9999999999999966,0.0,0.0
1.0784379097158093e-77,0.9999999999999966,0.0,0.0
1.0650413388490951e-77,0.9999999999999966,0.0,0.0
1.0518111828583509e-77,0.9999999999999966,0.0,0.0
1.0387453745047872e-77,0.9999999999999966,0.0,0.0
1.0258418722292673e-77,0.9999999999999966,0.0,0.0
1.0130986598333086e-77,0.9999999999999966,0.0,0.0
1.0005137461640488e-77,0.9999999999999966,0.0,0.0
9.880851648031243e-78,0.9999999999999966,0.0,0.0
9.758109737594114e-78,0.9999999999999966,0.0,0.0
9.636892551655887e-78,0.9999999999999966,0.0,0.0
9.517181149784647e-78,0.9999999999999966,0.0,0.0
9.398956826830305e-78,0.9999999999999966,0.0,0.0
9.282201110001876e-78,0.9999999999999966,0.0,0.0
9.166895755981074e-78,0.9999999999999966,0.0,0.0
9.05302274807175e-78,0.9999999999999966,0.0,0.0
8.940564293384749e-78,0.9999999999999966,0.0,0.0
8.829502820057733e-78,0.9999999999999966,0.0,0.0
8.719820974509547e-78,0.9999999999999966,0.0,0.0
8.611501618728682e-78,0.9999999999999966,0.0,0.0
8.504527827595426e-78,0.9999999999999966,0.0,0.0
8.3988828862372815e-78,0.9999999999999966,0.0,0.0
8.294550287417233e-78,0.9999999999999966,0.0,0.0
8.1915137289544535e-78,0.9999999999999966,0.0,0.0
8.089757111177062e-78,0.9999999999999966,0.0,0.0
7.98926453440651e-78,0.9999999999999966,0.0,0.0
7.89002029647323e-78,0.9999999999999966,0.0,0.0
7.792008890263139e-78,0.9999999999999966,0.0,0.0
7.695215001294616e-78,0.9999999999999966,0.0,0.0
7.599623505325586e-78,0.9999999999999966,0.0,0.0
7.50521946599033e-78,0.9999999999999966,0.0,0.0
7.41198813246564e-78,0.9999999999999966,0.0,0.0
7.319914937165979e-78,0.9999999999999966,0.0,0.0
7.228985493467264e-78,0.9999999999999966,0.0,0.0
7.139185593458923e-78,0.9999999999999966,0.0,0.0
7.050501205723887e-78,0.9999999999999966,0.0,0.0
6.962918473146149e-78,0.9999999999999966,0.0,0.0
6.876423710745561e-78,0.9999999999999966,0.0,0.0
6.791003403539526e-78,0.9999999999999966,0.0,0.0
6.706644204431263e-78,0.9999999999999966,0.0,0.0
6.623332932124284e-78,0.9999999999999966,0.0,0.0
6.5410565690628e-78,0.9999999999999966,0.0,0.0
6.459802259397695e-78,0.9999999999999966,0.0,0.0
6.379557306977775e-78,0.9999999999999966,0.0,0.0
6.300309173365971e-78,0.9999999999999966,0.0,0.0
6.222045475880179e-78,0.9999999999999966,0.0,0.0
6.144753985658444e-78,0.9999999999999966,0.0,0.0
6.068422625748172e-78,0.9999999999999966,0.0,0.0
5.993039469219086e-78,0.9999999999999966,0.0,0.0
5.918592737299612e-78,0.9999999999999966,0.0,0.0
5.845070797536434e-78,0.9999999999999966,0.0,0.0
5.772462161976882e-78,0.9999999999999966,0.0,0.0
5.700755485373934e-78,0.9999999999999966,0.0,0.0
5.629939563413488e-78,0.9999999999999966,0.0,0.0
5.560003330963664e-78,0.9999999999999966,0.0,0.0
5.490935860345861e-78,0.9999999999999966,0.0,0.0
5.422726359627279e-78,0.9999999999999966,0.0,0.0
5.355364170934663e-78,0.9999999999999966,0.0,0.0
5.288838768788984e-78,0.9999999999999966,0.0,0.0
5.223139758460816e-78,0.9999999999999966,0.0,0.0
5.15825687434613e-78,0.9999999999999966,0.0,0.0
5.094179978362286e-78,0.9999999999999966,0.0,0.0
5.030899058363923e-78,0.9999999999999966,0.0,0.0
4.968404226578551e-78,0.9999999999999966,0.0,0.0
4.906685718061559e-78,0.9999999999999966,0.0,0.0
4.845733889170428e-78,0.9999999999999966,0.0,0.0
4.785539216057891e-78,0.9999999999999966,0.0,0.0
4.726092293183811e-78,0.9999999999999966,0.0,0.0
4.667383831845546e-78,0.9999999999999966,0.0,0.0
4.609404658726574e-78,0.9999999999999966,0.0,0.0
4.552145714463138e-78,0.9999999999999966,0.0,0.0
4.4955980522287075e-78,0.9999999999999966,0.0,0.0
4.439752836336014e-78,0.9999999999999966,0.0,0.0
4.38460134085646e-78,0.9999999999999966,0.0,0.0
4.330134948256673e-78,0.9999999999999966,0.0,0.0
4.2763451480520016e-78,0.9999999999999966,0.0,0.0
4.22322353547673e-78,0.9999999999999966,0.0,0.0
4.1707618101708207e-78,0.9999999999999966,0.0,0.0
4.118951774882963e-78,0.9999999999999966,0.0,0.0
4.067785334189739e-78,0.9999999999999966,0.0,0.0
4.0172544932306946e-78,0.9999999999999966,0.0,0.0
3.967351356459127e-78,0.9999999999999966,0.0,0.0
3.9180681264083897e-78,0.9999999999999966,0.0,0.0
3.8693971024735244e-78,0.9999999999999966,0.0,0.0
3.8213306797080216e-78,0.9999999999999966,0.0,0.0
3.773861347635535e-78,0.9999999999999966,0.0,0.0
3.7269816890763542e-78,0.9999999999999966,0.0,0.0
3.680684378988456e-78,0.9999999999999966,0.0,0.0
3.6349621833229483e-78,0.9999999999999966,0.0,0.0
3.5898079578937393e-78,0.9999999999999966,0.0,0.0
3.545214647261242e-78,0.9999999999999966,0.0,0.0
3.5011752836299463e-78,0.9999999999999966,0.0,0.0
3.4576829857596894e-78,0.9999999999999966,0.0,0.0
3.414730957890446e-78,0.9999999999999966,0.0,0.0
3.372312488680478e-78,0.9999999999999966,0.0,0.0
3.330420950157672e-78,0.9999999999999966,0.0,0.0
3.2890497966839088e-78,0.9999999999999966,0.0,0.0
3.2481925639322893e-78,0.9999999999999966,0.0,0.0
3.2078428678770757e-78,0.9999999999999966,0.0,0.0
3.167994403796168e-78,0.9999999999999966,0.0,0.0
3.1286409452859843e-78,0.9999999999999966,0.0,0.0
3.089776343288571e-78,0.9999999999999966,0.0,0.0
3.0513945251307965e-78,0.9999999999999966,0.0,0.0
3.013489493575488e-78,0.9999999999999966,0.0,0.0
2.9760553258843487e-78,0.9999999999999966,0.0,0.0
2.939086172892519e-78,0.9999999999999966,0.0,0.0
2.902576258094633e-78,0.9999999999999966,0.0,0.0
2.866519876742225e-78,0.9999999999999966,0.0,0.0
2.830911394952353e-78,0.9999999999999966,0.0,0.0
2.7957452488272953e-78,0.9999999999999966,0.0,0.0
2.7610159435851746e-78,0.9999999999999966,0.0,0.0
2.7267180527013927e-78,0.9999999999999966,0.0,0.0
2.692846217060721e-78,0.9999999999999966,0.0,0.0
2.65939514411993e-78,0.9999999999999966,0.0,0.0
2.6263596070808183e-78,0.9999999999999966,0.0,0.0
2.593734444073515e-78,0.9999999999999966,0.0,0.0
2.5615145573499247e-78,0.9999999999999966,0.0,0.0
2.5296949124871973e-78,0.9999999999999966,0.0,0.0
2.498270537601088e-78,0.9999999999999966,0.0,0.0
2.4672365225690897e-78,0.9999999999999966,0.0,0.0
2.436588018263216e-78,0.9999999999999966,0.0,0.0
2.406320235792316e-78,0.9999999999999966,0.0,0.0
2.3764284457538e-78,0.9999999999999966,0.0,0.0
2.3469079774946626e-78,0.9999999999999966,0.0,0.0
2.3177542183816785e-78,0.9999999999999966,0.0,0.0
2.2889626130806757e-78,0.9999999999999966,0.0,0.0
2.26052866284475e-78,0.9999999999999966,0.0,0.0
2.23244792481133e-78,0.9999999999999966,0.0,0.0
2.204716011307969e-78,0.9999999999999966,0.0,0.0
2.1773285891667627e-78,0.9999999999999966,0.0,0.0
2.1502813790472835e-78,0.9999999999999966,0.0,0.0
2.1235701547679234e-78,0.9999999999999966,0.0,0.0
2.0971907426455465e-78,0.9999999999999966,0.0,0.0
2.071139020843341e-78,0.9999999999999966,0.0,0.0
2.0454109187267744e-78,0.9999999999999966,0.0,0.0
2.0200024162275482e-78,0.9999999999999966,0.0,0.0
1.9949095432154545e-78,0.9999999999999966,0.0,0.0
1.970128378878035e-78,0.9999999999999966,0.0,0.0
1.945655051107946e-78,0.9999999999999966,0.0,0.0
1.9214857358979336e-78,0.9999999999999966,0.0,0.0
1.8976166567433251e-78,0.9999999999999966,0.0,0.0
1.874044084051942e-78,0.9999999999999966,0.0,0.0
1.8507643345613436e-78,0.9999999999999966,0.0,0.0
1.8277737707633107e-78,0.9999999999999966,0.0,0.0
1.8050688003354767e-78,0.9999999999999966,0.0,0.0
1.7826458755800206e-78,0.9999999999999966,0.0,0.0
1.7605014928693303e-78,0.9999999999999966,0.0,0.0
1.7386321920985558e-78,0.9999999999999966,0.0,0.0
1.7170345561449596e-78,0.9999999999999966,0.0,0.0
1.6957052103339847e-78,0.9999999999999966,0.0,0.0
1.6746408219119547e-78,0.9999999999999966,0.0,0.0
1.653838099525324e-78,0.9999999999999966,0.0,0.0
1.6332937927063976e-78,0.9999999999999966,0.0,0.0
1.6130046913654388e-78,0.9999999999999966,0.0,0.0
1.5929676252890857e-78,0.9999999999999966,0.0,0.0
1.5731794636449997e-78,0.9999999999999966,0.0,0.0
1.5536371144926655e-78,0.9999999999999966,0.0,0.0
1.5343375243002702e-78,0.9999999999999966,0.0,0.0
1.5152776774675822e-78,0.9999999999999966,0.0,0.0
1.4964545958547574e-78,0.9999999999999966,0.0,0.0
1.4778653383169993e-78,0.9999999999999966,0.0,0.0
1.4595070002449987e-78,0.9999999999999966,0.0,0.0
1.4413767131110827e-78,0.9999999999999966,0.0,0.0
1.4234716440210015e-78,0.9999999999999966,0.0,0.0
1.4057889952712828e-78,0.9999999999999966,0.0,0.0
1.3883260039120846e-78,0.9999999999999966,0.0,0.0
1.3710799413154797e-78,0.9999999999999966,0.0,0.0
1.354048112749101e-78,0.9999999999999966,0.0,0.0
1.3372278569550849e-78,0.9999999999999966,0.0,0.0
1.3206165457342431e-78,0.9999999999999966,0.0,0.0
1.3042115835354027e-78,0.9999999999999966,0.0,0.0
1.288010407049845e-78,0.9999999999999966,0.0,0.0
1.2720104848107837e-78,0.9999999999999966,0.0,0.0
1.256209316797818e-78,0.9999999999999966,0.0,0.0
1.2406044340462987e-78,0.9999999999999966,0.0,0.0
1.2251933982615487e-78,0.9999999999999966,0.0,0.0
1.2099738014378738e-78,0.9999999999999966,0.0,0.0
1.1949432654823066e-78,0.9999999999999966,0.0,0.0
1.1800994418430251e-78,0.9999999999999966,0.0,0.0
1.1654400111423867e-78,0.9999999999999966,0.0,0.0
1.1509626828145208e-78,0.9999999999999966,0.0,0.0
1.1366651947474223e-78,0.9999999999999966,0.0,0.0
1.1225453129294936e-78,0.9999999999999966,0.0,0.0
1.1086008311004741e-78,0.9999999999999966,0.0,0.0
1.0948295704067085e-78,0.9999999999999966,0.0,0.0
1.081229379060697e-78,0.9999999999999966,0.0,0.0
1.0677981320048722e-78,0.9999999999999966,0.0,0.0
1.0545337305795569e-78,0.9999999999999966,0.0,0.0
1.0414341021950424e-78,0.9999999999999966,0.0,0.0
1.0284972000077432e-78,0.9999999999999966,0.0,0.0
1.0157210026003729e-78,0.9999999999999966,0.0,0.0
1.0031035136660942e-78,0.9999999999999966,0.0,0.0
9.906427616965911e-79,0.9999999999999966,0.0,0.0
9.78336799674018e-79,0.9999999999999966,0.0,0.0
9.661837047667726e-79,0.9999999999999966,0.0,0.0
9.541815780290509e-79,0.9999999999999966,0.0,0.0
9.423285441041326e-79,0.9999999999999966,0.0,0.0
9.306227509313523e-79,0.9999999999999966,0.0,0.0
9.190623694567119e-79,0.9999999999999966,0.0,0.0
9.076455933470871e-79,0.9999999999999966,0.0,0.0
8.963706387079837e-79,0.9999999999999966,0.0,0.0
8.85235743804801e-79,0.9999999999999966,0.0,0.0
8.742391687875571e-79,0.9999999999999966,0.0,0.0
8.633791954190335e-79,0.9999999999999966,0.0,0.0
8.526541268062974e-79,0.9999999999999966,0.0,0.0
8.420622871355582e-79,0.9999999999999966,0.0,0.0
8.316020214103188e-79,0.9999999999999966,0.0,0.0
8.212716951927788e-79,0.9999999999999966,0.0,0.0
8.110696943484502e-79,0.9999999999999966,0.0,0.0
8.009944247939456e-79,0.9999999999999966,0.0,0.0
7.910443122478992e-79,0.9999999999999966,0.0,0.0
7.812178019849831e-79,0.9999999999999966,0.0,0.0
7.715133585929769e-79,0.9999999999999966,0.0,0.0
7.619294657328573e-79,0.9999999999999966,0.0,0.0
7.524646259018672e-79,0.9999999999999966,0.0,0.0
7.43117360199527e-79,0.9999999999999966,0.0,0.0
7.338862080965542e-79,0.9999999999999966,0.0,0.0
7.247697272066525e-79,0.9999999999999966,0.0,0.0
7.157664930611357e-79,0.9999999999999966,0.0,0.0
7.068750988863521e-79,0.9999999999999966,0.0,0.0
6.980941553838724e-79,0.9999999999999966,0.0,0.0
6.894222905134103e-79,0.9999999999999966,0.0,0.0
6.808581492784371e-79,0.9999999999999966,0.0,0.0
6.724003935144617e-79,0.9999999999999966,0.0,0.0
6.640477016799389e-79,0.9999999999999966,0.0,0.0
6.557987686497765e-79,0.9999999999999966,0.0,0.0
6.476523055114063e-79,0.9999999999999966,0.0,0.0
6.396070393633896e-79,0.9999999999999966,0.0,0.0
6.316617131165231e-79,0.9999999999999966,0.0,0.0
6.238150852974161e-79,0.9999999999999966,0.0,0.0
6.160659298545083e-79,0.9999999999999966,0.0,0.0
6.084130359664967e-79,0.9999999999999966,0.0,0.0
6.008552078531416e-79,0.9999999999999966,0.0,0.0
5.933912645884246e-79,0.9999999999999966,0.0,0.0
5.860200399160251e-79,0.9999999999999966,0.0,0.0
5.787403820670918e-79,0.9999999999999966,0.0,0.0
5.71551153580276e-79,0.9999999999999966,0.0,0.0
5.644512311240001e-79,0.9999999999999966,0.0,0.0
5.57439505320936e-79,0.9999999999999966,0.0,0.0
5.50514880574662e-79,0.9999999999999966,0.0,0.0
5.436762748984735e-79,0.9999999999999966,0.0,0.0
5.3692261974632116e-79,0.9999999999999966,0.0,0.0
5.302528598458472e-79,0.9999999999999966,0.0,0.0
5.2366595303349786e-79,0.9999999999999966,0.0,0.0
5.17160870091683e-79,0.9999999999999966,0.0,0.0
5.107365945879588e-79,0.9999999999999966,0.0,0.0
5.043921227162078e-79,0.9999999999999966,0.0,0.0
4.981264631397925e-79,0.9999999999999966,0.0,0.0
4.919386368366569e-79,0.9999999999999966,0.0,0.0
4.858276769463524e-79,0.9999999999999966,0.0,0.0
4.797926286189637e-79,0.9999999999999966,0.0,0.0
4.738325488659115e-79,0.9999999999999966,0.0,0.0
4.679465064126091e-79,0.9999999999999966,0.0,0.0
4.6213358155294804e-79,0.9999999999999966,0.0,0.0
4.5639286600559303e-79,0.9999999999999966,0.0,0.0
4.507234627720606e-79,0.9999999999999966,0.0,0.0
4.4512448599656134e-79,0.9999999999999966,0.0,0.0
4.395950608275832e-79,0.9999999999999966,0.0,0.0
4.341343232811943e-79,0.9999999999999966,0.0,0.0
4.287414201060433e-79,0.9999999999999966,0.0,0.0
4.234155086500375e-79,0.9999999999999966,0.0,0.0
4.1815575672867664e-79,0.9999999999999966,0.0,0.0
4.129613424950223e-79,0.9999999999999966,0.0,0.0
4.078314543112826e-79,0.9999999999999966,0.0,0.0
4.0276529062199236e-79,0.9999999999999966,0.0,0.0
3.977620598287684e-79,0.9999999999999966,0.0,0.0
3.928209801666202e-79,0.9999999999999966,0.0,0.0
3.8794127958179833e-79,0.9999999999999966,0.0,0.0
3.831221956111589e-79,0.9999999999999966,0.0,0.0
3.7836297526302724e-79,0.9999999999999966,0.0,0.0
3.736628748995416e-79,0.9999999999999966,0.0,0.0
3.6902116012045794e-79,0.9999999999999966,0.0,0.0
3.6443710564839883e-79,0.9999999999999966,0.0,0.0
3.5990999521552693e-79,0.9999999999999966,0.0,0.0
3.554391214516269e-79,0.9999999999999966,0.0,0.0
3.5102378577357735e-79,0.9999999999999966,0.0,0.0
3.4666329827619573e-79,0.9999999999999966,0.0,0.0
3.4235697762443955e-79,0.9999999999999966,0.0,0.0
3.381041509469459e-79,0.9999999999999966,0.0,0.0
3.3390415373089415e-79,0.9999999999999966,0.0,0.0
3.297563297181747e-79,0.9999999999999966,0.0,0.0
3.2566003080284703e-79,0.9999999999999966,0.0,0.0
3.2161461692987184e-79,0.9999999999999966,0.0,0.0
3.1761945599510127e-79,0.9999999999999966,0.0,0.0
3.1367392374651137e-79,0.9999999999999966,0.0,0.0
3.0977740368666124e-79,0.9999999999999966,0.0,0.0
3.059292869763643e-79,0.9999999999999966,0.0,0.0
3.021289723395557e-79,0.9999999999999966,0.0,0.0
2.9837586596934194e-79,0.9999999999999966,0.0,0.0
2.946693814352171e-79,0.9999999999999966,0.0,0.0
2.910089395914321e-79,0.9999999999999966,0.0,0.0
2.873939684865019e-79,0.9999999999999966,0.0,0.0
2.838239032738368e-79,0.9999999999999966,0.0,0.0
2.802981861234842e-79,0.9999999999999966,0.0,0.0
2.7681626613496644e-79,0.9999999999999966,0.0,0.0
2.7337759925120164e-79,0.9999999999999966,0.0,0.0
2.699816481734933e-79,0.9999999999999966,0.0,0.0
2.6662788227757658e-79,0.9999999999999966,0.0,0.0
2.633157775307073e-79,0.9999999999999966,0.0,0.0
2.6004481640978038e-79,0.9999999999999966,0.0,0.0
2.5681448782046605e-79,0.9999999999999966,0.0,0.0
2.5362428701735034e-79,0.9999999999999966,0.0,0.0
2.5047371552506743e-79,0.9999999999999966,0.0,0.0
2.473622810604119e-79,0.9999999999999966,0.0,0.0
2.4428949745541865e-79,0.9999999999999966,0.0,0.0
2.41254884581398e-79,0.9999999999999966,0.0,0.0
2.382579682739145e-79,0.9999999999999966,0.0,0.0
2.3529828025869815e-79,0.9999999999999966,0.0,0.0
2.323753580784752e-79,0.9999999999999966,0.0,0.0
2.2948874502070837e-79,0.9999999999999966,0.0,0.0
2.266379900462348e-79,0.9999999999999966,0.0,0.0
2.2382264771878993e-79,0.9999999999999966,0.0,0.0
2.2104227813540744e-79,0.9999999999999966,0.0,0.0
2.1829644685768345e-79,0.9999999999999966,0.0,0.0
2.1558472484389452e-79,0.9999999999999966,0.0,0.0
2.129066883819591e-79,0.9999999999999966,0.0,0.0
2.1026191902323172e-79,0.9999999999999966,0.0,0.0
2.0765000351711944e-79,0.9999999999999966,0.0,0.0
2.0507053374651053e-79,0.9999999999999966,0.0,0.0
2.0252310666400562e-79,0.9999999999999966,0.0,0.0
2.0000732422894038e-79,0.9999999999999966,0.0,0.0
1.9752279334519112e-79,0.9999999999999966,0.0,0.0
1.950691257997526e-79,0.9999999999999966,0.0,0.0
1.92645938202079e-79,0.9999999999999966,0.0,0.0
1.9025285192417832e-79,0.9999999999999966,0.0,0.0
1.87889493041451e-79,0.9999999999999966,0.0,0.0
1.8555549227426348e-79,0.9999999999999966,0.0,0.0
1.8325048493024743e-79,0.9999999999999966,0.0,0.0
1.8097411084731598e-79,0.9999999999999966,0.0,0.0
1.7872601433738748e-79,0.9999999999999966,0.0,0.0
1.7650584413080863e-79,0.9999999999999966,0.0,0.0
1.7431325332146783e-79,0.9999999999999966,0.0,0.0
1.7214789931259034e-79,0.9999999999999966,0.0,0.0
1.7000944376320703e-79,0.9999999999999966,0.0,0.0
1.678975525352877e-79,0.9999999999999966,0.0,0.0
1.6581189564153144e-79,0.9999999999999966,0.0,0.0
1.6375214719380544e-79,0.9999999999999966,0.0,0.0
1.6171798535222426e-79,0.9999999999999966,0.0,0.0
1.597090922748618e-79,0.9999999999999966,0.0,0.0
1.577251540680877e-79,0.9999999999999966,0.0,0.0
1.557658607375209e-79,0.9999999999999966,0.0,0.0
1.5383090613959242e-79,0.9999999999999966,0.0,0.0
1.5191998793370983e-79,0.9999999999999966,0.0,0.0
1.500328075350157e-79,0.9999999999999966,0.0,0.0
1.4816907006773342e-79,0.9999999999999966,0.0,0.0
1.46328484319092e-79,0.9999999999999966,0.0,0.0
1.4451076269382366e-79,0.9999999999999966,0.0,0.0
1.427156211692264e-79,0.9999999999999966,0.0,0.0
1.4094277925078482e-79,0.9999999999999966,0.0,0.0
1.3919195992834243e-79,0.9999999999999966,0.0,0.0
1.3746288963281816e-79,0.9999999999999966,0.0,0.0
1.3575529819346058e-79,0.9999999999999966,0.0,0.0
1.3406891879563333e-79,0.9999999999999966,0.0,0.0
1.324034879391246e-79,0.9999999999999966,0.0,0.0
1.3075874539697486e-79,0.9999999999999966,0.0,0.0
1.2913443417481572e-79,0.9999999999999966,0.0,0.0
1.2753030047071417e-79,0.9999999999999966,0.0,0.0
1.2594609363551536e-79,0.9999999999999966,0.0,0.0
1.2438156613367833e-79,0.9999999999999966,0.0,0.0
1.2283647350459797e-79,0.9999999999999966,0.0,0.0
1.2131057432440754e-79,0.9999999999999966,0.0,0.0
1.1980363016825579e-79,0.9999999999999966,0.0,0.0
1.1831540557305253e-79,0.9999999999999966,0.0,0.0
1.16845668000677e-79,0.9999999999999966,0.0,0.0
1.1539418780164344e-79,0.9999999999999966,0.0,0.0
1.1396073817921776e-79,0.9999999999999966,0.0,0.0
1.125450951539802e-79,0.9999999999999966,0.0,0.0
1.1114703752882798e-79,0.9999999999999966,0.0,0.0
1.0976634685441292e-79,0.9999999999999966,0.0,0.0
1.0840280739500815e-79,0.9999999999999966,0.0,0.0
1.0705620609479913e-79,0.9999999999999966,0.0,0.0
1.0572633254459308e-79,0.9999999999999966,0.0,0.0
1.0441297894894224e-79,0.9999999999999966,0.0,0.0
1.0311594009367532e-79,0.9999999999999966,0.0,0.0
1.0183501331383242e-79,0.9999999999999966,0.0,0.0
1.005699984619982e-79,0.9999999999999966,0.0,0.0
9.932069787702844e-80,0.9999999999999966,0.0,0.0
9.808691635316513e-80,0.9999999999999966,0.0,0.0
9.686846110953507e-80,0.9999999999999966,0.0,0.0
9.566514176002759e-80,0.9999999999999966,0.0,0.0
9.44767702835462e-80,0.9999999999999966,0.0,0.0
9.330316099463003e-80,0.9999999999999966,0.0,0.0
9.214413051444002e-80,0.9999999999999966,0.0,0.0
9.099949774210567e-80,0.9999999999999966,0.0,0.0
8.98690838264276e-80,0.9999999999999966,0.0,0.0
8.87527121379317e-80,0.9999999999999966,0.0,0.0
8.765020824127043e-80,0.9999999999999966,0.0,0.0
8.656139986796698e-80,0.9999999999999966,0.0,0.0
8.548611688949787e-80,0.9999999999999966,0.0,0.0
8.442419129071011e-80,0.9999999999999966,0.0,0.0
8.337545714356846e-80,0.9999999999999966,0.0,0.0
8.23397505812288e-80,0.9999999999999966,0.0,0.0
8.131690977243371e-80,0.9999999999999966,0.0,0.0
8.030677489622587e-80,0.9999999999999966,0.0,0.0
7.930918811697581e-80,0.9999999999999966,0.0,0.0
7.832399355971972e-80,0.9999999999999966,0.0,0.0
7.735103728580372e-80,0.9999999999999966,0.0,0.0
7.639016726883054e-80,0.9999999999999966,0.0,0.0
7.544123337090523e-80,0.9999999999999966,0.0,0.0
7.450408731917565e-80,0.9999999999999966,0.0,0.0
7.357858268266466e-80,0.9999999999999966,0.0,0.0
7.26645748493899e-80,0.9999999999999966,0.0,0.0
7.17619210037679e-80,0.9999999999999966,0.0,0.0
7.08704801042989e-80,0.9999999999999966,0.0,0.0
6.999011286152876e-80,0.9999999999999966,0.0,0.0
6.912068171628472e-80,0.9999999999999966,0.0,0.0
6.826205081818152e-80,0.9999999999999966,0.0,0.0
6.741408600439451e-80,0.9999999999999966,0.0,0.0
6.657665477869637e-80,0.9999999999999966,0.0,0.0
6.574962629075439e-80,0.9999999999999966,0.0,0.0
6.493287131568477e-80,0.9999999999999966,0.0,0.0
6.4126262233860995e-80,0.9999999999999966,0.0,0.0
6.332967301097304e-80,0.9999999999999966,0.0,0.0
6.2542979178334215e-80,0.9999999999999966,0.0,0.0
6.1766057813432654e-80,0.9999999999999966,0.0,0.0
6.0998787520724494e-80,0.9999999999999966,0.0,0.0
6.024104841266553e-80,0.9999999999999966,0.0,0.0
5.949272209097854e-80,0.9999999999999966,0.0,0.0
5.875369162815332e-80,0.9999999999999966,0.0,0.0
5.802384154917654e-80,0.9999999999999966,0.0,0.0
5.730305781348851e-80,0.9999999999999966,0.0,0.0
5.6591227797164134e-80,0.9999999999999966,0.0,0.0
5.588824027531518e-80,0.9999999999999966,0.0,0.0
5.5193985404711166e-80,0.9999999999999966,0.0,0.0
5.450835470661613e-80,0.9999999999999966,0.0,0.0
5.38312410498386e-80,0.9999999999999966,0.0,0.0
5.3162538633992165e-80,0.9999999999999966,0.0,0.0
5.25021429729639e-80,0.9999999999999966,0.0,0.0
5.184995087858823e-80,0.9999999999999966,0.0,0.0
5.120586044452354e-80,0.9999999999999966,0.0,0.0
5.056977103032916e-80,0.9999999999999966,0.0,0.0
4.994158324574001e-80,0.9999999999999966,0.0,0.0
4.932119893513674e-80,0.9999999999999966,0.0,0.0
4.870852116220869e-80,0.9999999999999966,0.0,0.0
4.810345419480735e-80,0.9999999999999966,0.0,0.0
4.7505903489988106e-80,0.9999999999999966,0.0,0.0
4.691577567923762e-80,0.9999999999999966,0.0,0.0
4.633297855388489e-80,0.9999999999999966,0.0,0.0
4.575742105069341e-80,0.9999999999999966,0.0,0.0
4.518901323763235e-80,0.9999999999999966,0.0,0.0
4.462766629982453e-80,0.9999999999999966,0.0,0.0
4.407329252566888e-80,0.9999999999999966,0.0,0.0
4.352580529313534e-80,0.9999999999999966,0.0,0.0
4.298511905623001e-80,0.9999999999999966,0.0,0.0
4.245114933162835e-80,0.9999999999999966,0.0,0.0
4.192381268547457e-80,0.9999999999999966,0.0,0.0
4.140302672034486e-80,0.9999999999999966,0.0,0.0
4.088871006237266e-80,0.9999999999999966,0.0,0.0
4.038078234853379e-80,0.9999999999999966,0.0,0.0
3.987916421408964e-80,0.9999999999999966,0.0,0.0
3.9383777280186165e-80,0.9999999999999966,0.0,0.0
3.88945441416071e-80,0.9999999999999966,0.0,0.0
3.841138835467923e-80,0.9999999999999966,0.0,0.0
3.793423442532789e-80,0.9999999999999966,0.0,0.0
3.746300779728087e-80,0.9999999999999966,0.0,0.0
3.699763484041885e-80,0.9999999999999966,0.0,0.0
3.6538042839270535e-80,0.9999999999999966,0.0,0.0
3.608415998165074e-80,0.9999999999999966,0.0,0.0
3.563591534743956e-80,0.9999999999999966,0.0,0.0
3.5193238897500945e-80,0.9999999999999966,0.0,0.0
3.4756061462739015e-80,0.9999999999999966,0.0,0.0
3.4324314733290156e-80,0.9999999999999966,0.0,0.0
3.389793124784954e-80,0.9999999999999966,0.0,0.0
3.3476844383130086e-80,0.9999999999999966,0.0,0.0
3.3060988343452522e-80,0.9999999999999966,0.0,0.0
3.26502981504646e-80,0.9999999999999966,0.0,0.0
3.2244709632988136e-80,0.9999999999999966,0.0,0.0
3.1844159416992124e-80,0.9999999999999966,0.0,0.0
3.144858491569042e-80,0.9999999999999966,0.0,0.0
3.1057924319762417e-80,0.9999999999999966,0.0,0.0
3.067211658769522e-80,0.9999999999999966,0.0,0.0
3.0291101436245785e-80,0.9999999999999966,0.0,0.0
2.991481933102154e-80,0.9999999999999966,0.0,0.0
2.9543211477178015e-80,0.9999999999999966,0.0,0.0
2.9176219810232036e-80,0.9999999999999966,0.0,0.0
2.881378698698901e-80,0.9999999999999966,0.0,0.0
2.8455856376582954e-80,0.9999999999999966,0.0,0.0
2.8102372051627803e-80,0.9999999999999966,0.0,0.0
2.7753278779478632e-80,0.9999999999999966,0.0,0.0
2.7408522013601454e-80,0.9999999999999966,0.0,0.0
2.7068047885050213e-80,0.9999999999999966,0.0,0.0
2.6731803194049648e-80,0.9999999999999966,0.0,0.0
2.6399735401682706e-80,0.9999999999999966,0.0,0.0
2.607179262168126e-80,0.9999999999999966,0.0,0.0
2.5747923612318752e-80,0.9999999999999966,0.0,0.0
2.5428077768403572e-80,0.9999999999999966,0.0,0.0
2.5112205113371897e-80,0.9999999999999966,0.0,0.0
2.480025629147875e-80,0.9999999999999966,0.0,0.0
2.4492182560086072e-80,0.9999999999999966,0.0,0.0
2.4187935782046564e-80,0.9999999999999966,0.0,0.0
2.3887468418182183e-80,0.9999999999999966,0.0,0.0
2.3590733519856043e-80,0.9999999999999966,0.0,0.0
2.329768472163658e-80,0.9999999999999966,0.0,0.0
2.300827623405289e-80,0.9999999999999966,0.0,0.0
2.272246283643999e-80,0.9999999999999966,0.0,0.0
2.2440199869873035e-80,0.9999999999999966,0.0,0.0
2.2161443230189243e-80,0.9999999999999966,0.0,0.0
2.1886149361096556e-80,0.9999999999999966,0.0,0.0
2.161427524736785e-80,0.9999999999999966,0.0,0.0
2.134577840811974e-80,0.9999999999999966,0.0,0.0
2.1080616890174852e-80,0.9999999999999966,0.0,0.0
2.081874926150655e-80,0.9999999999999966,0.0,0.0
2.056013460476509e-80,0.9999999999999966,0.0,0.0
2.0304732510884226e-80,0.9999999999999966,0.0,0.0
2.005250307276718e-80,0.9999999999999966,0.0,0.0
1.9803406879051104e-80,0.9999999999999966,0.0,0.0
1.955740500794895e-80,0.9999999999999966,0.0,0.0
1.931445902116788e-80,0.9999999999999966,0.0,0.0
1.9074530957903197e-80,0.9999999999999966,0.0,0.0
1.88375833289069e-80,0.9999999999999966,0.0,0.0
1.8603579110629892e-80,0.9999999999999966,0.0,0.0
1.8372481739437002e-80,0.9999999999999966,0.0,0.0
1.814425510589382e-80,0.9999999999999966,0.0,0.0
1.7918863549124545e-80,0.9999999999999966,0.0,0.0
1.7696271851239882e-80,0.9999999999999966,0.0,0.0
1.747644523183418e-80,0.9999999999999966,0.0,0.0
1.7259349342550935e-80,0.9999999999999966,0.0,0.0
1.704495026171577e-80,0.9999999999999966,0.0,0.0
1.6833214489036126e-80,0.9999999999999966,0.0,0.0
1.6624108940366754e-80,0.9999999999999966,0.0,0.0
1.641760094254026e-80,0.9999999999999966,0.0,0.0
1.6213658228261848e-80,0.9999999999999966,0.0,0.0
1.6012248931067508e-80,0.9999999999999966,0.0,0.0
1.5813341580344792e-80,0.9999999999999966,0.0,0.0
1.5616905096415482e-80,0.9999999999999966,0.0,0.0
1.5422908785679323e-80,0.9999999999999966,0.0,0.0
1.5231322335818087e-80,0.9999999999999966,0.0,0.0
1.5042115811059209e-80,0.9999999999999966,0.0,0.0
1.4855259647498268e-80,0.9999999999999966,0.0,0.0
1.4670724648479553e-80,0.9999999999999966,0.0,0.0
1.4488481980034042e-80,0.9999999999999966,0.0,0.0
1.4308503166374026e-80,0.9999999999999966,0.0,0.0
1.4130760085443714e-80,0.9999999999999966,0.0,0.0
1.3955224964525096e-80,0.9999999999999966,0.0,0.0
1.3781870375898416e-80,0.9999999999999966,0.0,0.0
1.3610669232556516e-80,0.9999999999999966,0.0,0.0
1.3441594783972452e-80,0.9999999999999966,0.0,0.0
1.3274620611919656e-80,0.9999999999999966,0.0,0.0
1.3109720626344046e-80,0.9999999999999966,0.0,0.0
1.2946869061287394e-80,0.9999999999999966,0.0,0.0
1.2786040470861344e-80,0.9999999999999966,0.0,0.0
1.262720972527145e-80,0.9999999999999966,0.0,0.0
1.2470352006890571e-80,0.9999999999999966,0.0,0.0
1.23154428063811e-80,0.9999999999999966,0.0,0.0
1.2162457918865296e-80,0.9999999999999966,0.0,0.0
1.2011373440143246e-80,0.9999999999999966,0.0,0.0
1.1862165762957776e-80,0.9999999999999966,0.0,0.0
1.171481157330577e-80,0.9999999999999966,0.0,0.0
1.1569287846795309e-80,0.9999999999999966,0.0,0.0
1.1425571845048067e-80,0.9999999999999966,0.0,0.0
1.1283641112146386e-80,0.9999999999999966,0.0,0.0
1.1143473471124498e-80,0.9999999999999966,0.0,0.0
1.100504702050333e-80,0.9999999999999966,0.0,0.0
1.0868340130868352e-80,0.9999999999999966,0.0,0.0
1.0733331441489933e-80,0.9999999999999966,0.0,0.0
1.059999985698569e-80,0.9999999999999966,0.0,0.0
1.0468324544024288e-80,0.9999999999999966,0.0,0.0
1.0338284928070188e-80,0.9999999999999966,0.0,0.0
1.020986069016884e-80,0.9999999999999966,0.0,0.0
1.0083031763771796e-80,0.9999999999999966,0.0,0.0
9.95777833160128e-81,0.9999999999999966,0.0,0.0
9.834080822553697e-81,0.9999999999999966,0.0,0.0
9.711919908641599e-81,0.9999999999999966,0.0,0.0
9.591276501973656e-81,0.9999999999999966,0.0,0.0
9.472131751772133e-81,0.9999999999999966,0.0,0.0
9.354467041427418e-81,0.9999999999999966,0.0,0.0
9.238263985589136e-81,0.9999999999999966,0.0,0.0
9.123504427293405e-81,0.9999999999999966,0.0,0.0
9.010170435125763e-81,0.9999999999999966,0.0,0.0
8.898244300419367e-81,0.9999999999999966,0.0,0.0
8.787708534487959e-81,0.9999999999999966,0.0,0.0
8.67854586589323e-81,0.9999999999999966,0.0,0.0
8.57073923774613e-81,0.9999999999999966,0.0,0.0
8.464271805041681e-81,0.9999999999999966,0.0,0.0
8.35912693202692e-81,0.9999999999999966,0.0,0.0
8.255288189601528e-81,0.9999999999999966,0.0,0.0
8.152739352750745e-81,0.9999999999999966,0.0,0.0
8.051464398010181e-81,0.9999999999999966,0.0,0.0
7.951447500962122e-81,0.9999999999999966,0.0,0.0
7.852673033762923e-81,0.9999999999999966,0.0,0.0
7.755125562701132e-81,0.9999999999999966,0.0,0.0
7.658789845785939e-81,0.9999999999999966,0.0,0.0
7.563650830365588e-81,0.9999999999999966,0.0,0.0
7.469693650775362e-81,0.9999999999999966,0.0,0.0
7.376903626014801e-81,0.9999999999999966,0.0,0.0
7.285266257453757e-81,0.9999999999999966,0.0,0.0
7.194767226566962e-81,0.9999999999999966,0.0,0.0
7.105392392696723e-81,0.9999999999999966,0.0,0.0
7.01712779084342e-81,0.9999999999999966,0.0,0.0
6.929959629483442e-81,0.9999999999999966,0.0,0.0
6.843874288414238e-81,0.9999999999999966,0.0,0.0
6.75885831662613e-81,0.9999999999999966,0.0,0.0
6.674898430200565e-81,0.9999999999999966,0.0,0.0
6.591981510234476e-81,0.9999999999999966,0.0,0.0
6.510094600790428e-81,0.9999999999999966,0.0,0.0
6.429224906872226e-81,0.9999999999999966,0.0,0.0
6.34935979242567e-81,0.9999999999999966,0.0,0.0
6.270486778364144e-81,0.9999999999999966,0.0,0.0
6.19259354061874e-81,0.9999999999999966,0.0,0.0
6.115667908212589e-81,0.9999999999999966,0.0,0.0
6.039697861359125e-81,0.9999999999999966,0.0,0.0
5.964671529583973e-81,0.9999999999999966,0.0,0.0
5.890577189870153e-81,0.9999999999999966,0.0,0.0
5.817403264826345e-81,0.9999999999999966,0.0,0.0
5.745138320877891e-81,0.9999999999999966,0.0,0.0
5.673771066480279e-81,0.9999999999999966,0.0,0.0
5.603290350354817e-81,0.9999999999999966,0.0,0.0
5.533685159746222e-81,0.9999999999999966,0.0,0.0
5.464944618701851e-81,0.9999999999999966,0.0,0.0
5.397057986372317e-81,0.9999999999999966,0.0,0.0
5.330014655333206e-81,0.9999999999999966,0.0,0.0
5.263804149927649e-81,0.9999999999999966,0.0,0.0
5.198416124629471e-81,0.9999999999999966,0.0,0.0
5.133840362426694e-81,0.9999999999999966,0.0,0.0
5.070066773225094e-81,0.9999999999999966,0.0,0.0
5.007085392271617e-81,0.9999999999999966,0.0,0.0
4.944886378597354e-81,0.9999999999999966,0.0,0.0
4.883460013479879e-81,0.9999999999999966,0.0,0.0
4.822796698924673e-81,0.9999999999999966,0.0,0.0
4.76288695616542e-81,0.9999999999999966,0.0,0.0
4.703721424182932e-81,0.9999999999999966,0.0,0.0
4.645290858242464e-81,0.9999999999999966,0.0,0.0
4.587586128449217e-81,0.9999999999999966,0.0,0.0
4.530598218321762e-81,0.9999999999999966,0.0,0.0
4.474318223383201e-81,0.9999999999999966,0.0,0.0
4.418737349769829e-81,0.9999999999999966,0.0,0.0
4.363846912857064e-81,0.9999999999999966,0.0,0.0
4.309638335902469e-81,0.9999999999999966,0.0,0.0
4.256103148705609e-81,0.9999999999999966,0.0,0.0
4.2032329862845705e-81,0.9999999999999966,0.0,0.0
4.1510195875689125e-81,0.9999999999999966,0.0,0.0
4.09945479410886e-81,0.9999999999999966,0.0,0.0
4.04853054880053e-81,0.9999999999999966,0.0,0.0
3.998238894626989e-81,0.9999999999999966,0.0,0.0
3.9485719734149563e-81,0.9999999999999966,0.0,0.0
3.8995220246069484e-81,0.9999999999999966,0.0,0.0
3.851081384048674e-81,0.9999999999999966,0.0,0.0
3.8032424827914953e-81,0.9999999999999966,0.0,0.0
3.755997845909766e-81,0.9999999999999966,0.0,0.0
3.709340091332855e-81,0.9999999999999966,0.0,0.0
3.6632619286916885e-81,0.9999999999999966,0.0,0.0
3.617756158179608e-81,0.9999999999999966,0.0,0.0
3.5728156694273933e-81,0.9999999999999966,0.0,0.0
3.5284334403922466e-81,0.9999999999999966,0.0,0.0
3.484602536260589e-81,0.9999999999999966,0.0,0.0
3.4413161083644767e-81,0.9999999999999966,0.0,0.0
3.398567393111487e-81,0.9999999999999966,0.0,0.0
3.3563497109278923e-81,0.9999999999999966,0.0,0.0
3.314656465214961e-81,0.9999999999999966,0.0,0.0
3.2734811413182272e-81,0.9999999999999966,0.0,0.0
3.2328173055095636e-81,0.9999999999999966,0.0,0.0
3.192658603981895e-81,0.9999999999999966,0.0,0.0
3.1529987618564083e-81,0.9999999999999966,0.0,0.0
3.1138315822020854e-81,0.9999999999999966,0.0,0.0
3.0751509450674205e-81,0.9999999999999966,0.0,0.0
3.036950806524168e-81,0.9999999999999966,0.0,0.0
2.9992251977229643e-81,0.9999999999999966,0.0,0.0
2.961968223960683e-81,0.9999999999999966,0.0,0.0
2.9251740637593775e-81,0.9999999999999966,0.0,0.0
2.888836967956659e-81,0.9999999999999966,0.0,0.0
2.8529512588073824e-81,0.9999999999999966,0.0,0.0
2.8175113290964856e-81,0.9999999999999966,0.0,0.0
2.78251164126285e-81,0.9999999999999966,0.0,0.0
2.7479467265340476e-81,0.9999999999999966,0.0,0.0
2.7138111840718302e-81,0.9999999999999966,0.0,0.0
2.680099680128241e-81,0.9999999999999966,0.0,0.0
2.6468069472122052e-81,0.9999999999999966,0.0,0.0
2.613927783266472e-81,0.9999999999999966,0.0,0.0
2.581457050854784e-81,0.9999999999999966,0.0,0.0
2.5493896763591406e-81,0.9999999999999966,0.0,0.0
2.517720649187038e-81,0.9999999999999966,0.0,0.0
2.486445020988552e-81,0.9999999999999966,0.0,0.0
2.4555579048831474e-81,0.9999999999999966,0.0,0.0
2.4250544746960947e-81,0.9999999999999966,0.0,0.0
2.3949299642043683e-81,0.9999999999999966,0.0,0.0
2.3651796663919185e-81,0.9999999999999966,0.0,0.0
2.335798932714186e-81,0.9999999999999966,0.0,0.0
2.3067831723717593e-81,0.9999999999999966,0.0,0.0
2.278127851593055e-81,0.9999999999999966,0.0,0.0
2.249828492925902e-81,0.9999999999999966,0.0,0.0
2.2218806745379364e-81,0.9999999999999966,0.0,0.0
2.1942800295256757e-81,0.9999999999999966,0.0,0.0
2.167022245232185e-81,0.9999999999999966,0.0,0.0
2.1401030625732134e-81,0.9999999999999966,0.0,0.0
2.1135182753717045e-81,0.9999999999999966,0.0,0.0
2.0872637297005734e-81,0.9999999999999966,0.0,0.0
2.061335323233645e-81,0.9999999999999966,0.0,0.0
2.0357290046046586e-81,0.9999999999999966,0.0,0.0
2.0104407727742335e-81,0.9999999999999966,0.0,0.0
1.9854666764046993e-81,0.9999999999999966,0.0,0.0
1.9608028132426887e-81,0.9999999999999966,0.0,0.0
1.936445329509406e-81,0.9999999999999966,0.0,0.0
1.912390419298463e-81,0.9999999999999966,0.0,0.0
1.888634323981201e-81,0.9999999999999966,0.0,0.0
1.8651733316193965e-81,0.9999999999999966,0.0,0.0
1.8420037763852622e-81,0.9999999999999966,0.0,0.0
1.8191220379886555e-81,0.9999999999999966,0.0,0.0
1.7965245411114e-81,0.9999999999999966,0.0,0.0
1.7742077548486357e-81,0.9999999999999966,0.0,0.0
1.7521681921571058e-81,0.9999999999999966,0.0,0.0
1.730402409310302e-81,0.9999999999999966,0.0,0.0
1.708907005360373e-81,0.9999999999999966,0.0,0.0
1.6876786216067197e-81,0.9999999999999966,0.0,0.0
1.6667139410711928e-81,0.9999999999999966,0.0,0.0
1.6460096879798072e-81,0.9999999999999966,0.0,0.0
1.6255626272508955e-81,0.9999999999999966,0.0,0.0
1.6053695639896201e-81,0.9999999999999966,0.0,0.0
1.5854273429887647e-81,0.9999999999999966,0.0,0.0
1.5657328482357265e-81,0.9999999999999966,0.0,0.0
1.546283002425633e-81,0.9999999999999966,0.0,0.0
1.5270747664805058e-81,0.9999999999999966,0.0,0.0
1.5081051390744012e-81,0.9999999999999966,0.0,0.0
1.4893711561644437e-81,0.9999999999999966,0.0,0.0
1.4708698905276902e-81,0.9999999999999966,0.0,0.0
1.4525984513037454e-81,0.9999999999999966,0.0,0.0
1.434553983543058e-81,0.9999999999999966,0.0,0.0
1.41673366776083e-81,0.9999999999999966,0.0,0.0
1.3991347194964654e-81,0.9999999999999966,0.0,0.0
1.3817543888784938e-81,0.9999999999999966,0.0,0.0
1.364589960194897e-81,0.9999999999999966,0.0,0.0
1.3476387514687728e-81,0.9999999999999966,0.0,0.0
1.3308981140392713e-81,0.9999999999999966,0.0,0.0
1.3143654321477362e-81,0.9999999999999966,0.0,0.0
1.2980381225289867e-81,0.9999999999999966,0.0,0.0
1.2819136340076785e-81,0.9999999999999966,0.0,0.0
1.265989447099675e-81,0.9999999999999966,0.0,0.0
1.250263073618375e-81,0.9999999999999966,0.0,0.0
1.2347320562859277e-81,0.9999999999999966,0.0,0.0
1.2193939683492774e-81,0.9999999999999966,0.0,0.0
1.2042464132009796e-81,0.9999999999999966,0.0,0.0
1.1892870240047256e-81,0.9999999999999966,0.0,0.0
1.174513463325519e-81,0.9999999999999966,0.0,0.0
1.159923422764448e-81,0.9999999999999966,0.0,0.0
1.1455146225979918e-81,0.9999999999999966,0.0,0.0
1.1312848114218106e-81,0.9999999999999966,0.0,0.0
1.1172317657989584e-81,0.9999999999999966,0.0,0.0
1.1033532899124658e-81,0.9999999999999966,0.0,0.0
1.0896472152222412e-81,0.9999999999999966,0.0,0.0
1.0761114001262293e-81,0.9999999999999966,0.0,0.0
1.0627437296257838e-81,0.9999999999999966,0.0,0.0
1.0495421149951929e-81,0.9999999999999966,0.0,0.0
1.0365044934553126e-81,0.9999999999999966,0.0,0.0
1.0236288278512528e-81,0.9999999999999966,0.0,0.0
1.0109131063340681e-81,0.9999999999999966,0.0,0.0
9.983553420464019e-82,0.9999999999999966,0.0,0.0
9.859535728120359e-82,0.9999999999999966,0.0,0.0
9.737058608292966e-82,0.9999999999999966,0.0,0.0
9.616102923682694e-82,0.9999999999999966,0.0,0.0
9.496649774717743e-82,0.9999999999999966,0.0,0.0
9.378680496600564e-82,0.9999999999999966,0.0,0.0
9.26217665639145e-82,0.9999999999999966,0.0,0.0
9.147120050128348e-82,0.9999999999999966,0.0,0.0
9.033492699982451e-82,0.9999999999999966,0.0,0.0
8.921276851449129e-82,0.9999999999999966,0.0,0.0
8.810454970573753e-82,0.9999999999999966,0.0,0.0
8.701009741211971e-82,0.9999999999999966,0.0,0.0
8.592924062324037e-82,0.9999999999999966,0.0,0.0
8.48618104530273e-82,0.9999999999999966,0.0,0.0
8.380764011334474e-82,0.9999999999999966,0.0,0.0
8.276656488793247e-82,0.9999999999999966,0.0,0.0
8.173842210666852e-82,0.9999999999999966,0.0,0.0
8.072305112015159e-82,0.9999999999999966,0.0,0.0
7.972029327459934e-82,0.9999999999999966,0.0,0.0
7.87299918870583e-82,0.9999999999999966,0.0,0.0
7.775199222092197e-82,0.9999999999999966,0.0,0.0
7.678614146175282e-82,0.9999999999999966,0.0,0.0
7.583228869340475e-82,0.9999999999999966,0.0,0.0
7.489028487444215e-82,0.9999999999999966,0.0,0.0
7.395998281485184e-82,0.9999999999999966,0.0,0.0
7.304123715304435e-82,0.9999999999999966,0.0,0.0
7.213390433314089e-82,0.9999999999999966,0.0,0.0
7.123784258254241e-82,0.9999999999999966,0.0,0.0
7.035291188977739e-82,0.9999999999999966,0.0,0.0
6.947897398262474e-82,0.9999999999999966,0.0,0.0
6.861589230650848e-82,0.9999999999999966,0.0,0.0
6.776353200316083e-82,0.9999999999999966,0.0,0.0
6.692175988955029e-82,0.9999999999999966,0.0,0.0
6.609044443707157e-82,0.9999999999999966,0.0,0.0
6.526945575099395e-82,0.9999999999999966,0.0,0.0
6.445866555016497e-82,0.9999999999999966,0.0,0.0
6.365794714696624e-82,0.9999999999999966,0.0,0.0
6.286717542751822e-82,0.9999999999999966,0.0,0.0
6.208622683213099e-82,0.9999999999999966,0.0,0.0
6.13149793359977e-82,0.9999999999999966,0.0,0.0
6.055331243012801e-82,0.9999999999999966,0.0,0.0
5.98011071025183e-82,0.9999999999999966,0.0,0.0
5.905824581955582e-82,0.9999999999999966,0.0,0.0
5.83246125076538e-82,0.9999999999999966,0.0,0.0
5.760009253511468e-82,0.9999999999999966,0.0,0.0
5.688457269421879e-82,0.9999999999999966,0.0,0.0
5.617794118353526e-82,0.9999999999999966,0.0,0.0
5.548008759045297e-82,0.9999999999999966,0.0,0.0
5.479090287392823e-82,0.9999999999999966,0.0,0.0
5.411027934744697e-82,0.9999999999999966,0.0,0.0
5.343811066219851e-82,0.9999999999999966,0.0,0.0
5.277429179045826e-82,0.9999999999999966,0.0,0.0
5.211871900917701e-82,0.9999999999999966,0.0,0.0
5.1471289883773947e-82,0.9999999999999966,0.0,0.0
5.0831903252131075e-82,0.9999999999999966,0.0,0.0
5.0200459208786386e-82,0.9999999999999966,0.0,0.0
4.957685908932348e-82,0.9999999999999966,0.0,0.0
4.8961005454955e-82,0.9999999999999966,0.0,0.0
4.835280207729764e-82,0.9999999999999966,0.0,0.0
4.77521539233363e-82,0.9999999999999966,0.0,0.0
4.715896714057492e-82,0.9999999999999966,0.0,0.0
4.65731490423719e-82,0.9999999999999966,0.0,0.0
4.5994608093457553e-82,0.9999999999999966,0.0,0.0
4.5423253895631624e-82,0.9999999999999966,0.0,0.0
4.4858997173638286e-82,0.9999999999999966,0.0,0.0
4.4301749761216796e-82,0.9999999999999966,0.0,0.0
4.3751424587325244e-82,0.9999999999999966,0.0,0.0
4.320793566253563e-82,0.9999999999999966,0.0,0.0
4.2671198065597734e-82,0.9999999999999966,0.0,0.0
4.214112793017007e-82,0.9999999999999966,0.0,0.0
4.161764243171559e-82,0.9999999999999966,0.0,0.0
4.110065977456013e-82,0.9999999999999966,0.0,0.0
4.0590099179111757e-82,0.9999999999999966,0.0,0.0
4.00858808692387e-82,0.9999999999999966,0.0,0.0
3.958792605980425e-82,0.9999999999999966,0.0,0.0
3.909615694435636e-82,0.9999999999999966,0.0,0.0
3.8610496682970265e-82,0.9999999999999966,0.0,0.0
3.8130869390242067e-82,0.9999999999999966,0.0,0.0
3.76572001234315e-82,0.9999999999999966,0.0,0.0
3.718941487075197e-82,0.9999999999999966,0.0,0.0
3.672744053980606e-82,0.9999999999999966,0.0,0.0
3.6271204946164687e-82,0.9999999999999966,0.0,0.0
3.582063680208816e-82,0.9999999999999966,0.0,0.0
3.537566570538732e-82,0.9999999999999966,0.0,0.0
3.493622212842302e-82,0.9999999999999966,0.0,0.0
3.4502237407242346e-82,0.9999999999999966,0.0,0.0
3.4073643730849676e-82,0.9999999999999966,0.0,0.0
3.3650374130611135e-82,0.9999999999999966,0.0,0.0
3.323236246979055e-82,0.9999999999999966,0.0,0.0
3.281954343321551e-82,0.9999999999999966,0.0,0.0
3.2411852517071673e-82,0.9999999999999966,0.0,0.0
3.200922601882397e-82,0.9999999999999966,0.0,0.0
3.1611601027262934e-82,0.9999999999999966,0.0,0.0
3.121891541267468e-82,0.9999999999999966,0.0,0.0
3.083110781713302e-82,0.9999999999999966,0.0,0.0
3.044811764491219e-82,0.9999999999999966,0.0,0.0
3.00698850530186e-82,0.9999999999999966,0.0,0.0
2.969635094184026e-82,0.9999999999999966,0.0,0.0
2.932745694591237e-82,0.9999999999999966,0.0,0.0
2.896314542479758e-82,0.9999999999999966,0.0,0.0
2.8603359454079524e-82,0.9999999999999966,0.0,0.0
2.824804281646832e-82,0.9999999999999966,0.0,0.0
2.7897139993016457e-82,0.9999999999999966,0.0,0.0
2.755059615444389e-82,0.9999999999999966,0.0,0.0
2.72083571525708e-82,0.9999999999999966,0.0,0.0
2.687036951185689e-82,0.9999999999999966,0.0,0.0
2.653658042104567e-82,0.9999999999999966,0.0,0.0
2.620693772491263e-82,0.9999999999999966,0.0,0.0
2.588138991611585e-82,0.9999999999999966,0.0,0.0
2.5559886127147896e-82,0.9999999999999966,0.0,0.0
2.524237612238766e-82,0.9999999999999966,0.0,0.0
2.4928810290250937e-82,0.9999999999999966,0.0,0.0
2.461913963543853e-82,0.9999999999999966,0.0,0.0
2.4313315771280602e-82,0.9999999999999966,0.0,0.0
2.40112909121762e-82,0.9999999999999966,0.0,0.0
2.3713017866126637e-82,0.9999999999999966,0.0,0.0
2.3418450027361636e-82,0.9999999999999966,0.0,0.0
2.3127541369057117e-82,0.9999999999999966,0.0,0.0
2.2840246436143376e-82,0.9999999999999966,0.0,0.0
2.2556520338202652e-82,0.9999999999999966,0.0,0.0
2.2276318742454923e-82,0.9999999999999966,0.0,0.0
2.1999597866830793e-82,0.9999999999999966,0.0,0.0
2.1726314473130471e-82,0.9999999999999966,0.0,0.0
2.1456425860267715e-82,0.9999999999999966,0.0,0.0
2.118988985759768e-82,0.9999999999999966,0.0,0.0
2.09266648183277e-82,0.9999999999999966,0.0,0.0
2.0666709613009873e-82,0.9999999999999966,0.0,0.0
2.0409983623114496e-82,0.9999999999999966,0.0,0.0
2.0156446734683352e-82,0.9999999999999966,0.0,0.0
1.9906059332061818e-82,0.9999999999999966,0.0,0.0
1.9658782291708832e-82,0.9999999999999966,0.0,0.0
1.9414576976083768e-82,0.9999999999999966,0.0,0.0
1.917340522760923e-82,0.9999999999999966,0.0,0.0
1.8935229362708872e-82,0.9999999999999966,0.0,0.0
1.8700012165919242e-82,0.9999999999999966,0.0,0.0
1.8467716884074808e-82,0.9999999999999966,0.0,0.0
1.8238307220565185e-82,0.9999999999999966,0.0,0.0
1.8011747329663728e-82,0.9999999999999966,0.0,0.0
1.7788001810926558e-82,0.9999999999999966,0.0,0.0
1.7567035703661175e-82,0.9999999999999966,0.0,0.0
1.7348814481463772e-82,0.9999999999999966,0.0,0.0
1.713330404682442e-82,0.9999999999999966,0.0,0.0
1.6920470725799258e-82,0.9999999999999966,0.0,0.0
1.6710281262748882e-82,0.9999999999999966,0.0,0.0
1.650270281514207e-82,0.9999999999999966,0.0,0.0
1.6297702948424073e-82,0.9999999999999966,0.0,0.0
1.6095249630948654e-82,0.9999999999999966,0.0,0.0
1.5895311228973078e-82,0.9999999999999966,0.0,0.0
1.5697856501715268e-82,0.9999999999999966,0.0,0.0
1.550285459647238e-82,0.9999999999999966,0.0,0.0
1.5310275043799997e-82,0.9999999999999966,0.0,0.0
1.512008775275122e-82,0.9999999999999966,0.0,0.0
1.4932263006174896e-82,0.9999999999999966,0.0,0.0
1.4746771456072257e-82,0.9999999999999966,0.0,0.0
1.4563584119011216e-82,0.9999999999999966,0.0,0.0
1.438267237159768e-82,0.9999999999999966,0.0,0.0
1.4204007946003057e-82,0.9999999999999966,0.0,0.0
1.4027562925547363e-82,0.9999999999999966,0.0,0.0
1.385330974033718e-82,0.9999999999999966,0.0,0.0
1.3681221162957814e-82,0.9999999999999966,0.0,0.0
1.3511270304218942e-82,0.9999999999999966,0.0,0.0
1.334343060895313e-82,0.9999999999999966,0.0,0.0
1.3177675851866529e-82,0.9999999999999966,0.0,0.0
1.3013980133441125e-82,0.9999999999999966,0.0,0.0
1.2852317875887884e-82,0.9999999999999966,0.0,0.0
1.2692663819150167e-82,0.9999999999999966,0.0,0.0
1.2534993016956803e-82,0.9999999999999966,0.0,0.0
1.2379280832924175e-82,0.9999999999999966,0.0,0.0
1.2225502936706739e-82,0.9999999999999966,0.0,0.0
1.2073635300195355e-82,0.9999999999999966,0.0,0.0
1.1923654193762854e-82,0.9999999999999966,0.0,0.0
1.1775536182556225e-82,0.9999999999999966,0.0,0.0
1.162925812283488e-82,0.9999999999999966,0.0,0.0
1.1484797158354388e-82,0.9999999999999966,0.0,0.0
1.1342130716795154e-82,0.9999999999999966,0.0,0.0
1.1201236506235434e-82,0.9999999999999966,0.0,0.0
1.1062092511668186e-82,0.9999999999999966,0.0,0.0
1.0924676991561178e-82,0.9999999999999966,0.0,0.0
1.0788968474459826e-82,0.9999999999999966,0.0,0.0
1.0654945755632245e-82,0.9999999999999966,0.0,0.0
1.052258789375595e-82,0.9999999999999966,0.0,0.0
1.039187420764575e-82,0.9999999999999966,0.0,0.0
1.0262784273022262e-82,0.9999999999999966,0.0,0.0
1.0135297919320569e-82,0.9999999999999966,0.0,0.0
1.0009395226538543e-82,0.9999999999999966,0.0,0.0
9.885056522124293e-83,0.9999999999999966,0.0,0.0
9.762262377902295e-83,0.9999999999999966,0.0,0.0
9.640993607037693e-83,0.9999999999999966,0.0,0.0
9.521231261038324e-83,0.9999999999999966,0.0,0.0
9.402956626793977e-83,0.9999999999999966,0.0,0.0
9.286151223652428e-83,0.9999999999999966,0.0,0.0
9.170796800531798e-83,0.9999999999999966,0.0,0.0
9.056875333068793e-83,0.9999999999999966,0.0,0.0
8.944369020802353e-83,0.9999999999999966,0.0,0.0
8.8332602843923e-83,0.9999999999999966,0.0,0.0
8.723531762872522e-83,0.9999999999999966,0.0,0.0
8.615166310938297e-83,0.9999999999999966,0.0,0.0
8.508146996267294e-83,0.9999999999999966,0.0,0.0
8.402457096873872e-83,0.9999999999999966,0.0,0.0
8.298080098496227e-83,0.9999999999999966,0.0,0.0
8.194999692016015e-83,0.9999999999999966,0.0,0.0
8.09319977091001e-83,0.9999999999999966,0.0,0.0
7.992664428733433e-83,0.9999999999999966,0.0,0.0
7.893377956634533e-83,0.9999999999999966,0.0,0.0
7.795324840900053e-83,0.9999999999999966,0.0,0.0
7.698489760531174e-83,0.9999999999999966,0.0,0.0
7.602857584849582e-83,0.9999999999999966,0.0,0.0
7.50841337113327e-83,0.9999999999999966,0.0,0.0
7.4151423622817e-83,0.9999999999999966,0.0,0.0
7.323029984509985e-83,0.9999999999999966,0.0,0.0
7.232061845071697e-83,0.9999999999999966,0.0,0.0
7.142223730009983e-83,0.9999999999999966,0.0,0.0
7.053501601936592e-83,0.9999999999999966,0.0,0.0
6.96588159783851e-83,0.9999999999999966,0.0,0.0
6.879350026911838e-83,0.9999999999999966,0.0,0.0
6.793893368422576e-83,0.9999999999999966,0.0,0.0
6.709498269593976e-83,0.9999999999999966,0.0,0.0
6.62615154352015e-83,0.9999999999999966,0.0,0.0
6.543840167105584e-83,0.9999999999999966,0.0,0.0
6.462551279030254e-83,0.9999999999999966,0.0,0.0
6.382272177740019e-83,0.9999999999999966,0.0,0.0
6.3029903194619805e-83,0.9999999999999966,0.0,0.0
6.224693316244486e-83,0.9999999999999966,0.0,0.0
6.147368934021491e-83,0.9999999999999966,0.0,0.0
6.0710050907009625e-83,0.9999999999999966,0.0,0.0
5.995589854277021e-83,0.9999999999999966,0.0,0.0
5.921111440965547e-83,0.9999999999999966,0.0,0.0
5.847558213362939e-83,0.9999999999999966,0.0,0.0
5.7749186786277425e-83,0.9999999999999966,0.0,0.0
5.7031814866848745e-83,0.9999999999999966,0.0,0.0
5.6323354284521466e-83,0.9999999999999966,0.0,0.0
5.562369434088828e-83,0.9999999999999966,0.0,0.0
5.493272571265957e-83,0.9999999999999966,0.0,0.0
5.425034043458144e-83,0.9999999999999966,0.0,0.0
5.35764318825659e-83,0.9999999999999966,0.0,0.0
5.291089475703067e-83,0.9999999999999966,0.0,0.0
5.225362506644587e-83,0.9999999999999966,0.0,0.0
5.160452011108517e-83,0.9999999999999966,0.0,0.0
5.096347846697874e-83,0.9999999999999966,0.0,0.0
5.033039997006549e-83,0.9999999999999966,0.0,0.0
4.970518570054232e-83,0.9999999999999966,0.0,0.0
4.908773796740766e-83,0.9999999999999966,0.0,0.0
4.8477960293197024e-83,0.9999999999999966,0.0,0.0
4.787575739890826e-83,0.9999999999999966,0.0,0.0
4.728103518911399e-83,0.9999999999999966,0.0,0.0
4.6693700737259e-83,0.9999999999999966,0.0,0.0
4.611366227114027e-83,0.9999999999999966,0.0,0.0
4.554082915856743e-83,0.9999999999999966,0.0,0.0
4.497511189320122e-83,0.9999999999999966,0.0,0.0
4.4416422080568005e-83,0.9999999999999966,0.0,0.0
4.3864672424247944e-83,0.9999999999999966,0.0,0.0
4.331977671223472e-83,0.9999999999999966,0.0,0.0
4.278164980346477e-83,0.9999999999999966,0.0,0.0
4.225020761451381e-83,0.9999999999999966,0.0,0.0
4.1725367106458614e-83,0.9999999999999966,0.0,0.0
4.120704627190205e-83,0.9999999999999966,0.0,0.0
4.06951641221592e-83,0.9999999999999966,0.0,0.0
4.018964067460278e-83,0.9999999999999966,0.0,0.0
3.969039694016564e-83,0.9999999999999966,0.0,0.0
3.919735491099859e-83,0.9999999999999966,0.0,0.0
3.8710437548281505e-83,0.9999999999999966,0.0,0.0
3.8229568770185854e-83,0.9999999999999966,0.0,0.0
3.775467343998675e-83,0.9999999999999966,0.0,0.0
3.728567735432269e-83,0.9999999999999966,0.0,0.0
3.682250723160116e-83,0.9999999999999966,0.0,0.0
3.636509070054816e-83,0.9999999999999966,0.0,0.0
3.591335628890015e-83,0.9999999999999966,0.0,0.0
3.546723341223625e-83,0.9999999999999966,0.0,0.0
3.502665236294939e-83,0.9999999999999966,0.0,0.0
3.459154429935427e-83,0.9999999999999966,0.0,0.0
3.416184123493074e-83,0.9999999999999966,0.0,0.0
3.3737476027700785e-83,0.9999999999999966,0.0,0.0
3.331838236973742e-83,0.9999999999999966,0.0,0.0
3.290449477680395e-83,0.9999999999999966,0.0,0.0
3.2495748578121963e-83,0.9999999999999966,0.0,0.0
3.2092079906266332e-83,0.9999999999999966,0.0,0.0
3.1693425687185838e-83,0.9999999999999966,0.0,0.0
3.1299723630347705e-83,0.9999999999999966,0.0,0.0
3.0910912219004586e-83,0.9999999999999966,0.0,0.0
3.052693070058244e-83,0.9999999999999966,0.0,0.0
3.0147719077187828e-83,0.9999999999999966,0.0,0.0
2.9773218096233093e-83,0.9999999999999966,0.0,0.0
2.9403369241178068e-83,0.9999999999999966,0.0,0.0
2.9038114722386704e-83,0.9999999999999966,0.0,0.0
2.8677397468097354e-83,0.9999999999999966,0.0,0.0
2.832116111550517e-83,0.9999999999999966,0.0,0.0
2.7969350001955314e-83,0.9999999999999966,0.0,0.0
2.762190915624555e-83,0.9999999999999966,0.0,0.0
2.727878429003689e-83,0.9999999999999966,0.0,0.0
2.6939921789370905e-83,0.9999999999999966,0.0,0.0
2.660526870629248e-83,0.9999999999999966,0.0,0.0
2.6274772750576545e-83,0.9999999999999966,0.0,0.0
2.5948382281557638e-83,0.9999999999999966,0.0,0.0
2.5626046300060947e-83,0.9999999999999966,0.0,0.0
2.5307714440433596e-83,0.9999999999999966,0.0,0.0
2.499333696267488e-83,0.9999999999999966,0.0,0.0
2.4682864744664313e-83,0.9999999999999966,0.0,0.0
2.4376249274486194e-83,0.9999999999999966,0.0,0.0
2.4073442642849513e-83,0.9999999999999966,0.0,0.0
2.377439753560203e-83,0.9999999999999966,0.0,0.0
2.3479067226337347e-83,0.9999999999999966,0.0,0.0
2.31874055690938e-83,0.9999999999999966,0.0,0.0
2.289936699114408e-83,0.9999999999999966,0.0,0.0
2.2614906485874373e-83,0.9999999999999966,0.0,0.0
2.2333979605752023e-83,0.9999999999999966,0.0,0.0
2.205654245538047e-83,0.9999999999999966,0.0,0.0
2.1782551684640533e-83,0.9999999999999966,0.0,0.0
2.151196448191687e-83,0.9999999999999966,0.0,0.0
2.1244738567408555e-83,0.9999999999999966,0.0,0.0
2.098083218652279e-83,0.9999999999999966,0.0,0.0
2.0720204103350654e-83,0.9999999999999966,0.0,0.0
2.0462813594223923e-83,0.9999999999999966,0.0,0.0
2.020862044135189e-83,0.9999999999999966,0.0,0.0
1.9957584926537275e-83,0.9999999999999966,0.0,0.0
1.9709667824970174e-83,0.9999999999999966,0.0,0.0
1.946483039909909e-83,0.9999999999999966,0.0,0.0
1.922303439257812e-83,0.9999999999999966,0.0,0.0
1.898424202428932e-83,0.9999999999999966,0.0,0.0
1.874841598243934e-83,0.9999999999999966,0.0,0.0
1.8515519418729358e-83,0.9999999999999966,0.0,0.0
1.828551594259748e-83,0.9999999999999966,0.0,0.0
1.8058369615532626e-83,0.9999999999999966,0.0,0.0
1.783404494545908e-83,0.9999999999999966,0.0,0.0
1.7612506881190762e-83,0.9999999999999966,0.0,0.0
1.7393720806954423e-83,0.9999999999999966,0.0,0.0
1.7177652536980852e-83,0.9999999999999966,0.0,0.0
1.696426831016329e-83,0.9999999999999966,0.0,0.0
1.675353478478217e-83,0.9999999999999966,0.0,0.0
1.6545419033295427e-83,0.9999999999999966,0.0,0.0
1.6339888537193491e-83,0.9999999999999966,0.0,0.0
1.6136911181918202e-83,0.9999999999999966,0.0,0.0
1.5936455251844851e-83,0.9999999999999966,0.0,0.0
1.5738489425326548e-83,0.9999999999999966,0.0,0.0
1.5542982769800146e-83,0.9999999999999966,0.0,0.0
1.5349904736952972e-83,0.9999999999999966,0.0,0.0
1.5159225157949584e-83,0.9999999999999966,0.0,0.0
1.4970914238717834e-83,0.9999999999999966,0.0,0.0
1.4784942555293483e-83,0.9999999999999966,0.0,0.0
1.4601281049222647e-83,0.9999999999999966,0.0,0.0
1.441990102302135e-83,0.9999999999999966,0.0,0.0
1.4240774135691491e-83,0.9999999999999966,0.0,0.0
1.40638723982925e-83,0.9999999999999966,0.0,0.0
1.388916816956801e-83,0.9999999999999966,0.0,0.0
1.3716634151626853e-83,0.9999999999999966,0.0,0.0
1.3546243385677717e-83,0.9999999999999966,0.0,0.0
1.3377969247816769e-83,0.9999999999999966,0.0,0.0
1.321178544486762e-83,0.9999999999999966,0.0,0.0
1.304766601027297e-83,0.9999999999999966,0.0,0.0
1.288558530003727e-83,0.9999999999999966,0.0,0.0
1.27255179887198e-83,0.9999999999999966,0.0,0.0
1.256743906547752e-83,0.9999999999999966,0.0,0.0
1.2411323830157065e-83,0.9999999999999966,0.0,0.0
1.2257147889435309e-83,0.9999999999999966,0.0,0.0
1.2104887153007851e-83,0.9999999999999966,0.0,0.0
1.1954517829824858e-83,0.9999999999999966,0.0,0.0
1.1806016424373662e-83,0.9999999999999966,0.0,0.0
1.1659359733007543e-83,0.9999999999999966,0.0,0.0
1.1514524840320109e-83,0.9999999999999966,0.0,0.0
1.1371489115564716e-83,0.9999999999999966,0.0,0.0
1.1230230209118374e-83,0.9999999999999966,0.0,0.0
1.1090726048989569e-83,0.9999999999999966,0.0,0.0
1.0952954837369462e-83,0.9999999999999966,0.0,0.0
1.0816895047225949e-83,0.9999999999999966,0.0,0.0
1.0682525418940011e-83,0.9999999999999966,0.0,0.0
1.0549824956983868e-83,0.9999999999999966,0.0,0.0
1.041877292664036e-83,0.9999999999999966,0.0,0.0
1.0289348850763127e-83,0.9999999999999966,0.0,0.0
1.016153250657701e-83,0.9999999999999966,0.0,0.0
1.003530392251819e-83,0.9999999999999966,0.0,0.0
9.910643375113603e-84,0.9999999999999966,0.0,0.0
9.7875313858991e-84,0.9999999999999966,0.0,0.0
9.665948718375903e-84,0.9999999999999966,0.0,0.0
9.545876375004859e-84,0.9999999999999966,0.0,0.0
9.42729559423803e-84,0.9999999999999966,0.0,0.0
9.310187847587178e-84,0.9999999999999966,0.0,0.0
9.194534836728637e-84,0.9999999999999966,0.0,0.0
9.080318490644173e-84,0.9999999999999966,0.0,0.0
8.967520962797337e-84,0.9999999999999966,0.0,0.0
8.856124628344927e-84,0.9999999999999966,0.0,0.0
8.746112081383053e-84,0.9999999999999966,0.0,0.0
8.637466132227435e-84,0.9999999999999966,0.0,0.0
8.530169804727484e-84,0.9999999999999966,0.0,0.0
8.424206333613738e-84,0.9999999999999966,0.0,0.0
8.31955916187826e-84,0.9999999999999966,0.0,0.0
8.2162119381875665e-84,0.9999999999999966,0.0,0.0
8.1141485143276985e-84,0.9999999999999966,0.0,0.0
8.013352942681036e-84,0.9999999999999966,0.0,0.0
7.913809473734447e-84,0.9999999999999966,0.0,0.0
7.815502553618392e-84,0.9999999999999966,0.0,0.0
7.7184168216766e-84,0.9999999999999966,0.0,0.0
7.62253710806594e-84,0.9999999999999966,0.0,0.0
7.527848431386097e-84,0.9999999999999966,0.0,0.0
7.434335996338702e-84,0.9999999999999966,0.0,0.0
7.341985191415532e-84,0.9999999999999966,0.0,0.0
7.2507815866154335e-84,0.9999999999999966,0.0,0.0
7.160710931189607e-84,0.9999999999999966,0.0,0.0
7.0717591514148975e-84,0.9999999999999966,0.0,0.0
6.983912348394749e-84,0.9999999999999966,0.0,0.0
6.897156795887469e-84,0.9999999999999966,0.0,0.0
6.8114789381614765e-84,0.9999999999999966,0.0,0.0
6.726865387877197e-84,0.9999999999999966,0.0,0.0
6.643302923995255e-84,0.9999999999999966,0.0,0.0
6.560778489710665e-84,0.9999999999999966,0.0,0.0
6.479279190412678e-84,0.9999999999999966,0.0,0.0
6.398792291669973e-84,0.9999999999999966,0.0,0.0
6.319305217240874e-84,0.9999999999999966,0.0,0.0
6.24080554710829e-84,0.9999999999999966,0.0,0.0
6.163281015539057e-84,0.9999999999999966,0.0,0.0
6.086719509167399e-84,0.9999999999999966,0.0,0.0
6.011109065102185e-84,0.9999999999999966,0.0,0.0
5.936437869057703e-84,0.9999999999999966,0.0,0.0
5.862694253507657e-84,0.9999999999999966,0.0,0.0
5.789866695862088e-84,0.9999999999999966,0.0,0.0
5.717943816666952e-84,0.9999999999999966,0.0,0.0
5.646914377826049e-84,0.9999999999999966,0.0,0.0
5.576767280845056e-84,0.9999999999999966,0.0,0.0
5.5074915650973585e-84,0.9999999999999966,0.0,0.0
5.439076406111431e-84,0.9999999999999966,0.0,0.0
5.371511113879497e-84,0.9999999999999966,0.0,0.0
5.304785131187184e-84,0.9999999999999966,0.0,0.0
5.238888031963949e-84,0.9999999999999966,0.0,0.0
5.1738095196539715e-84,0.9999999999999966,0.0,0.0
5.109539425607305e-84,0.9999999999999966,0.0,0.0
5.0460677074909995e-84,0.9999999999999966,0.0,0.0
4.983384447719971e-84,0.9999999999999966,0.0,0.0
4.921479851907352e-84,0.9999999999999966,0.0,0.0
4.860344247334106e-84,0.9999999999999966,0.0,0.0
4.799968081437641e-84,0.9999999999999966,0.0,0.0
4.740341920319203e-84,0.9999999999999966,0.0,0.0
4.681456447269812e-84,0.9999999999999966,0.0,0.0
4.623302461314502e-84,0.9999999999999966,0.0,0.0
4.565870875774658e-84,0.9999999999999966,0.0,0.0
4.509152716848196e-84,0.9999999999999966,0.0,0.0
4.453139122207395e-84,0.9999999999999966,0.0,0.0
4.397821339614134e-84,0.9999999999999966,0.0,0.0
4.343190725552343e-84,0.9999999999999966,0.0,0.0
4.289238743877431e-84,0.9999999999999966,0.0,0.0
4.235956964482498e-84,0.9999999999999966,0.0,0.0
4.183337061981113e-84,0.9999999999999966,0.0,0.0
4.131370814406461e-84,0.9999999999999966,0.0,0.0
4.0800501019266336e-84,0.9999999999999966,0.0,0.0
4.0293669055758967e-84,0.9999999999999966,0.0,0.0
3.979313306001707e-84,0.9999999999999966,0.0,0.0
3.929881482227301e-84,0.9999999999999966,0.0,0.0
3.881063710429646e-84,0.9999999999999966,0.0,0.0
3.8328523627325817e-84,0.9999999999999966,0.0,0.0
3.7852399060149467e-84,0.9999999999999966,0.0,0.0
3.7382189007335137e-84,0.9999999999999966,0.0,0.0
3.6917819997605463e-84,0.9999999999999966,0.0,0.0
3.6459219472357924e-84,0.9999999999999966,0.0,0.0
3.6006315774327454e-84,0.9999999999999966,0.0,0.0
3.5559038136389836e-84,0.9999999999999966,0.0,0.0
3.511731667050417e-84,0.9999999999999966,0.0,0.0
3.468108235679275e-84,0.9999999999999966,0.0,0.0
3.4250267032756553e-84,0.9999999999999966,0.0,0.0
3.3824803382624737e-84,0.9999999999999966,0.0,0.0
3.340462492683638e-84,0.9999999999999966,0.0,0.0
3.298966601165293e-84,0.9999999999999966,0.0,0.0
3.2579861798899686e-84,0.9999999999999966,0.0,0.0
3.2175148255834664e-84,0.9999999999999966,0.0,0.0
3.17754621451434e-84,0.9999999999999966,0.0,0.0
3.1380741015057954e-84,0.9999999999999966,0.0,0.0
3.0990923189598705e-84,0.9999999999999966,0.0,0.0
3.060594775893737e-84,0.9999999999999966,0.0,0.0
3.022575456987968e-84,0.9999999999999966,0.0,0.0
2.985028421646637e-84,0.9999999999999966,0.0,0.0
2.9479478030690837e-84,0.9999999999999966,0.0,0.0
2.911327807333217e-84,0.9999999999999966,0.0,0.0
2.8751627124902016e-84,0.9999999999999966,0.0,0.0
2.839446867670392e-84,0.9999999999999966,0.0,0.0
2.8041746922003734e-84,0.9999999999999966,0.0,0.0
2.769340674730969e-84,0.9999999999999966,0.0,0.0
2.73493937237608e-84,0.9999999999999966,0.0,0.0
2.7009654098622266e-84,0.9999999999999966,0.0,0.0
2.6674134786886473e-84,0.9999999999999966,0.0,0.0
2.6342783362978366e-84,0.9999999999999966,0.0,0.0
2.6015548052563843e-84,0.9999999999999966,0.0,0.0
2.5692377724459906e-84,0.9999999999999966,0.0,0.0
2.5373221882645313e-84,0.9999999999999966,0.0,0.0
2.5058030658370477e-84,0.9999999999999966,0.0,0.0
2.474675480236536e-84,0.9999999999999966,0.0,0.0
2.443934567714418e-84,0.9999999999999966,0.0,0.0
2.413575524940572e-84,0.9999999999999966,0.0,0.0
2.383593608252801e-84,0.9999999999999966,0.0,0.0
2.353984132915625e-84,0.9999999999999966,0.0,0.0
2.3247424723882834e-84,0.9999999999999966,0.0,0.0
2.295864057601829e-84,0.9999999999999966,0.0,0.0
2.2673443762451987e-84,0.9999999999999966,0.0,0.0
2.2391789720601593e-84,0.9999999999999966,0.0,0.0
2.211363444145005e-84,0.9999999999999966,0.0,0.0
2.1838934462669106e-84,0.9999999999999966,0.0,0.0
2.156764686182821e-84,0.9999999999999966,0.0,0.0
2.12997292496878e-84,0.9999999999999966,0.0,0.0
2.1035139763575927e-84,0.9999999999999966,0.0,0.0
2.0773837060847085e-84,0.9999999999999966,0.0,0.0
2.0515780312422363e-84,0.9999999999999966,0.0,0.0
2.026092919640982e-84,0.9999999999999966,0.0,0.0
2.0009243891804092e-84,0.9999999999999966,0.0,0.0
1.9760685072264298e-84,0.9999999999999966,0.0,0.0
1.9515213899969204e-84,0.9999999999999966,0.0,0.0
1.9272792019548736e-84,0.9999999999999966,0.0,0.0
1.9033381552090884e-84,0.9999999999999966,0.0,0.0
1.879694508922304e-84,0.9999999999999966,0.0,0.0
1.8563445687266857e-84,0.9999999999999966,0.0,0.0
1.8332846861465744e-84,0.9999999999999966,0.0,0.0
1.8105112580284022e-84,0.9999999999999966,0.0,0.0
1.7880207259776948e-84,0.9999999999999966,0.0,0.0
1.7658095758030626e-84,0.9999999999999966,0.0,0.0
1.7438743369671037e-84,0.9999999999999966,0.0,0.0
1.7222115820441239e-84,0.9999999999999966,0.0,0.0
1.7008179261845945e-84,0.9999999999999966,0.0,0.0
1.679690026586263e-84,0.9999999999999966,0.0,0.0
1.6588245819718337e-84,0.9999999999999966,0.0,0.0
1.6382183320731357e-84,0.9999999999999966,0.0,0.0
1.6178680571217002e-84,0.9999999999999966,0.0,0.0
1.5977705773456638e-84,0.9999999999999966,0.0,0.0
1.5779227524729246e-84,0.9999999999999966,0.0,0.0
1.558321481240467e-84,0.9999999999999966,0.0,0.0
1.5389637009097824e-84,0.9999999999999966,0.0,0.0
1.519846386788312e-84,0.9999999999999966,0.0,0.0
1.5009665517568316e-84,0.9999999999999966,0.0,0.0
1.4823212458027065e-84,0.9999999999999966,0.0,0.0
1.463907555558949e-84,0.9999999999999966,0.0,0.0
1.4457226038489966e-84,0.9999999999999966,0.0,0.0
1.4277635492371482e-84,0.9999999999999966,0.0,0.0
1.410027585584584e-84,0.9999999999999966,0.0,0.0
1.3925119416109e-84,0.9999999999999966,0.0,0.0
1.3752138804610907e-84,0.9999999999999966,0.0,0.0
1.3581306992779098e-84,0.9999999999999966,0.0,0.0
1.3412597287795421e-84,0.9999999999999966,0.0,0.0
1.3245983328425243e-84,0.9999999999999966,0.0,0.0
1.3081439080898442e-84,0.9999999999999966,0.0,0.0
1.2918938834841584e-84,0.9999999999999966,0.0,0.0
1.2758457199260626e-84,0.9999999999999966,0.0,0.0
1.2599969098573515e-84,0.9999999999999966,0.0,0.0
1.2443449768692083e-84,0.9999999999999966,0.0,0.0
1.2288874753152606e-84,0.9999999999999966,0.0,0.0
1.2136219899294428e-84,0.9999999999999966,0.0,0.0
1.1985461354486067e-84,0.9999999999999966,0.0,0.0
1.1836575562398184e-84,0.9999999999999966,0.0,0.0
1.1689539259322868e-84,0.9999999999999966,0.0,0.0
1.154432947053862e-84,0.9999999999999966,0.0,0.0
1.1400923506720524e-84,0.9999999999999966,0.0,0.0
1.1259298960394979e-84,0.9999999999999966,0.0,0.0
1.1119433702438494e-84,0.9999999999999966,0.0,0.0
1.0981305878619964e-84,0.9999999999999966,0.0,0.0
1.0844893906185903e-84,0.9999999999999966,0.0,0.0
1.0710176470488097e-84,0.9999999999999966,0.0,0.0
1.0577132521653137e-84,0.9999999999999966,0.0,0.0
1.044574127129335e-84,0.9999999999999966,0.0,0.0
1.0315982189258557e-84,0.9999999999999966,0.0,0.0
1.0187835000428202e-84,0.9999999999999966,0.0,0.0
1.0061279681543321e-84,0.9999999999999966,0.0,0.0
9.936296458077868e-85,0.9999999999999966,0.0,0.0
9.812865801148902e-85,0.9999999999999966,0.0,0.0
9.690968424465166e-85,0.9999999999999966,0.0,0.0
9.570585281313559e-85,0.9999999999999966,0.0,0.0
9.451697561583049e-85,0.9999999999999966,0.0,0.0
9.334286688825556e-85,0.9999999999999966,0.0,0.0
9.218334317353348e-85,0.9999999999999966,0.0,0.0
9.10382232937248e-85,0.9999999999999966,0.0,0.0
8.990732832151862e-85,0.9999999999999966,0.0,0.0
8.87904815522748e-85,0.9999999999999966,0.0,0.0
8.768750847641344e-85,0.9999999999999966,0.0,0.0
8.659823675214751e-85,0.9999999999999966,0.0,0.0
8.552249617855402e-85,0.9999999999999966,0.0,0.0
8.44601186689798e-85,0.9999999999999966,0.0,0.0
8.341093822477764e-85,0.9999999999999966,0.0,0.0
8.237479090936862e-85,0.9999999999999966,0.0,0.0
8.13515148226267e-85,0.9999999999999966,0.0,0.0
8.034095007558152e-85,0.9999999999999966,0.0,0.0
7.934293876543543e-85,0.9999999999999966,0.0,0.0
7.835732495089081e-85,0.9999999999999966,0.0,0.0
7.738395462778394e-85,0.9999999999999966,0.0,0.0
7.642267570502157e-85,0.9999999999999966,0.0,0.0
7.547333798081633e-85,0.9999999999999966,0.0,0.0
7.453579311921746e-85,0.9999999999999966,0.0,0.0
7.360989462693291e-85,0.9999999999999966,0.0,0.0
7.269549783043961e-85,0.9999999999999966,0.0,0.0
7.179245985337776e-85,0.9999999999999966,0.0,0.0
7.090063959422631e-85,0.9999999999999966,0.0,0.0
7.001989770425535e-85,0.9999999999999966,0.0,0.0
6.915009656575278e-85,0.9999999999999966,0.0,0.0
6.829110027052111e-85,0.9999999999999966,0.0,0.0
6.744277459864167e-85,0.9999999999999966,0.0,0.0
6.660498699750232e-85,0.9999999999999966,0.0,0.0
6.577760656108594e-85,0.9999999999999966,0.0,0.0
6.496050400951609e-85,0.9999999999999966,0.0,0.0
6.415355166885672e-85,0.9999999999999966,0.0,0.0
6.335662345116292e-85,0.9999999999999966,0.0,0.0
6.256959483477934e-85,0.9999999999999966,0.0,0.0
6.179234284488349e-85,0.9999999999999966,0.0,0.0
6.102474603427069e-85,0.9999999999999966,0.0,0.0
6.026668446437764e-85,0.9999999999999966,0.0,0.0
5.951803968654179e-85,0.9999999999999966,0.0,0.0
5.877869472349354e-85,0.9999999999999966,0.0,0.0
5.804853405107824e-85,0.9999999999999966,0.0,0.0
5.732744358020535e-85,0.9999999999999966,0.0,0.0
5.661531063902178e-85,0.9999999999999966,0.0,0.0
5.591202395530665e-85,0.9999999999999966,0.0,0.0
5.521747363908485e-85,0.9999999999999966,0.0,0.0
5.453155116545643e-85,0.9999999999999966,0.0,0.0
5.385414935763942e-85,0.9999999999999966,0.0,0.0
5.318516237022319e-85,0.9999999999999966,0.0,0.0
5.252448567262995e-85,0.9999999999999966,0.0,0.0
5.187201603278158e-85,0.9999999999999966,0.0,0.0
5.1227651500969426e-85,0.9999999999999966,0.0,0.0
5.059129139392448e-85,0.9999999999999966,0.0,0.0
4.996283627908537e-85,0.9999999999999966,0.0,0.0
4.934218795906183e-85,0.9999999999999966,0.0,0.0
4.8729249456291187e-85,0.9999999999999966,0.0,0.0
4.8123924997885384e-85,0.9999999999999966,0.0,0.0
4.75261200006663e-85,0.9999999999999966,0.0,0.0
4.693574105638691e-85,0.9999999999999966,0.0,0.0
4.6352695917136063e-85,0.9999999999999966,0.0,0.0
4.577689348092459e-85,0.9999999999999966,0.0,0.0
4.520824377745038e-85,0.9999999999999966,0.0,0.0
4.464665795404038e-85,0.9999999999999966,0.0,0.0
4.4092048261767166e-85,0.9999999999999966,0.0,0.0
4.3544328041737985e-85,0.9999999999999966,0.0,0.0
4.3003411711554154e-85,0.9999999999999966,0.0,0.0
4.2469214751938607e-85,0.9999999999999966,0.0,0.0
4.1941653693529614e-85,0.9999999999999966,0.0,0.0
4.1420646103838495e-85,0.9999999999999966,0.0,0.0
4.09061105743694e-85,0.9999999999999966,0.0,0.0
4.039796670789905e-85,0.9999999999999966,0.0,0.0
3.989613510591452e-85,0.9999999999999966,0.0,0.0
3.940053735620704e-85,0.9999999999999966,0.0,0.0
3.891109602061995e-85,0.9999999999999966,0.0,0.0
3.8427734622948827e-85,0.9999999999999966,0.0,0.0
3.7950377636991904e-85,0.9999999999999966,0.0,0.0
3.747895047474896e-85,0.9999999999999966,0.0,0.0
3.701337947476681e-85,0.9999999999999966,0.0,0.0
3.6553591890629517e-85,0.9999999999999966,0.0,0.0
3.609951587959165e-85,0.9999999999999966,0.0,0.0
3.565108049135268e-85,0.9999999999999966,0.0,0.0
3.520821565697089e-85,0.9999999999999966,0.0,0.0
3.477085217791491e-85,0.9999999999999966,0.0,0.0
3.4338921715251334e-85,0.9999999999999966,0.0,0.0
3.391235677896664e-85,0.9999999999999966,0.0,0.0
3.349109071742171e-85,0.9999999999999966,0.0,0.0
3.307505770693738e-85,0.9999999999999966,0.0,0.0
3.2664192741509357e-85,0.9999999999999966,0.0,0.0
3.225843162265092e-85,0.9999999999999966,0.0,0.0
3.185771094936173e-85,0.9999999999999966,0.0,0.0
3.146196810822135e-85,0.9999999999999966,0.0,0.0
3.107114126360573e-85,0.9999999999999966,0.0,0.0
3.0685169348025283e-85,0.9999999999999966,0.0,0.0
3.0303992052582954e-85,0.9999999999999966,0.0,0.0
2.992754981755084e-85,0.9999999999999966,0.0,0.0
2.9555783823063873e-85,0.9999999999999966,0.0,0.0
2.918863597992907e-85,0.9999999999999966,0.0,0.0
2.8826048920549e-85,0.9999999999999966,0.0,0.0
2.846796598995796e-85,0.9999999999999966,0.0,0.0
2.811433123696955e-85,0.9999999999999966,0.0,0.0
2.776508940543417e-85,0.9999999999999966,0.0,0.0
2.742018592560511e-85,0.9999999999999966,0.0,0.0
2.7079566905611967e-85,0.9999999999999966,0.0,0.0
2.6743179123039896e-85,0.9999999999999966,0.0,0.0
2.64109700166135e-85,0.9999999999999966,0.0,0.0
2.6082887677984037e-85,0.9999999999999966,0.0,0.0
2.5758880843618635e-85,0.9999999999999966,0.0,0.0
2.5438898886790242e-85,0.9999999999999966,0.0,0.0
2.5122891809667116e-85,0.9999999999999966,0.0,0.0
2.481081023550056e-85,0.9999999999999966,0.0,0.0
2.4502605400909687e-85,0.9999999999999966,0.0,0.0
2.4198229148262073e-85,0.9999999999999966,0.0,0.0
2.3897633918149e-85,0.9999999999999966,0.0,0.0
2.3600772741954217e-85,0.9999999999999966,0.0,0.0
2.330759923451499e-85,0.9999999999999966,0.0,0.0
2.301806758687434e-85,0.9999999999999966,0.0,0.0
2.2732132559123284e-85,0.9999999999999966,0.0,0.0
2.244974947333201e-85,0.9999999999999966,0.0,0.0
2.2170874206568872e-85,0.9999999999999966,0.0,0.0
2.1895463184006082e-85,0.9999999999999966,0.0,0.0
2.1623473372111051e-85,0.9999999999999966,0.0,0.0
2.135486227192232e-85,0.9999999999999966,0.0,0.0
2.1089587912409014e-85,0.9999999999999966,0.0,0.0
2.0827608843912764e-85,0.9999999999999966,0.0,0.0
2.0568884131671137e-85,0.9999999999999966,0.0,0.0
2.0313373349421483e-85,0.9999999999999966,0.0,0.0
2.0061036573084248e-85,0.9999999999999966,0.0,0.0
1.9811834374524768e-85,0.9999999999999966,0.0,0.0
1.9565727815392522e-85,0.9999999999999966,0.0,0.0
1.932267844103696e-85,0.9999999999999966,0.0,0.0
1.908264827449886e-85,0.9999999999999966,0.0,0.0
1.8845599810576378e-85,0.9999999999999966,0.0,0.0
1.8611496009964754e-85,0.9999999999999966,0.0,0.0
1.8380300293468876e-85,0.9999999999999966,0.0,0.0
1.8151976536287684e-85,0.9999999999999966,0.0,0.0
1.7926489062369603e-85,0.9999999999999966,0.0,0.0
1.7703802638838088e-85,0.9999999999999966,0.0,0.0
1.7483882470486423e-85,0.9999999999999966,0.0,0.0
1.7266694194340882e-85,0.9999999999999966,0.0,0.0
1.7052203874291464e-85,0.9999999999999966,0.0,0.0
1.6840377995789285e-85,0.9999999999999966,0.0,0.0
1.663118346060988e-85,0.9999999999999966,0.0,0.0
1.6424587581681532e-85,0.9999999999999966,0.0,0.0
1.622055807797785e-85,0.9999999999999966,0.0,0.0
1.6019063069473792e-85,0.9999999999999966,0.0,0.0
1.5820071072164345e-85,0.9999999999999966,0.0,0.0
1.5623550993145096e-85,0.9999999999999966,0.0,0.0
1.542947212575388e-85,0.9999999999999966,0.0,0.0
1.5237804144772827e-85,0.9999999999999966,0.0,0.0
1.504851710168997e-85,0.9999999999999966,0.0,0.0
1.4861581420019734e-85,0.9999999999999966,0.0,0.0
1.467696789068154e-85,0.9999999999999966,0.0,0.0
1.4494647667435847e-85,0.9999999999999966,0.0,0.0
1.4314592262376848e-85,0.9999999999999966,0.0,0.0
1.413677354148119e-85,0.9999999999999966,0.0,0.0
1.396116372021197e-85,0.9999999999999966,0.0,0.0
1.3787735359177344e-85,0.9999999999999966,0.0,0.0
1.361646135984307e-85,0.9999999999999966,0.0,0.0
1.3447314960298302e-85,0.9999999999999966,0.0,0.0
1.328026973107399e-85,0.9999999999999966,0.0,0.0
1.3115299571013227e-85,0.9999999999999966,0.0,0.0
1.2952378703192874e-85,0.9999999999999966,0.0,0.0
1.2791481670895881e-85,0.9999999999999966,0.0,0.0
1.2632583333633617e-85,0.9999999999999966,0.0,0.0
1.2475658863217612e-85,0.9999999999999966,0.0,0.0
1.2320683739880109e-85,0.9999999999999966,0.0,0.0
1.2167633748442795e-85,0.9999999999999966,0.0,0.0
1.2016484974533136e-85,0.9999999999999966,0.0,0.0
1.1867213800847707e-85,0.9999999999999966,0.0,0.0
1.1719796903461929e-85,0.9999999999999966,0.0,0.0
1.1574211248185678e-85,0.9999999999999966,0.0,0.0
1.1430434086964127e-85,0.9999999999999966,0.0,0.0
1.128844295432333e-85,0.9999999999999966,0.0,0.0
1.1148215663859936e-85,0.9999999999999966,0.0,0.0
1.1009730304774526e-85,0.9999999999999966,0.0,0.0
1.0872965238448e-85,0.9999999999999966,0.0,0.0
1.0737899095060501e-85,0.9999999999999966,0.0,0.0
1.060451077025234e-85,0.9999999999999966,0.0,0.0
1.0472779421826396e-85,0.9999999999999966,0.0,0.0
1.0342684466491474e-85,0.9999999999999966,0.0,0.0
1.0214205576646133e-85,0.9999999999999966,0.0,0.0
1.0087322677202449e-85,0.9999999999999966,0.0,0.0
9.962015942449245e-86,0.9999999999999966,0.0,0.0
9.83826579295429e-86,0.9999999999999966,0.0,0.0
9.716052892504957e-86,0.9999999999999966,0.0,0.0
9.595358145086919e-86,0.9999999999999966,0.0,0.0
9.476162691900342e-86,0.9999999999999966,0.0,0.0
9.358447908413167e-86,0.9999999999999966,0.0,0.0
9.242195401450992e-86,0.9999999999999966,0.0,0.0
9.127387006323092e-86,0.9999999999999966,0.0,0.0
9.014004783984157e-86,0.9999999999999966,0.0,0.0
8.902031018231275e-86,0.9999999999999966,0.0,0.0
8.791448212935742e-86,0.9999999999999966,0.0,0.0
8.682239089309257e-86,0.9999999999999966,0.0,0.0
8.574386583204071e-86,0.9999999999999966,0.0,0.0
8.467873842446683e-86,0.9999999999999966,0.0,0.0
8.362684224204659e-86,0.9999999999999966,0.0,0.0
8.258801292386141e-86,0.9999999999999966,0.0,0.0
8.156208815071691e-86,0.9999999999999966,0.0,0.0
8.054890761978008e-86,0.9999999999999966,0.0,0.0
7.954831301953168e-86,0.9999999999999966,0.0,0.0
7.856014800502976e-86,0.9999999999999966,0.0,0.0
7.758425817348045e-86,0.9999999999999966,0.0,0.0
7.662049104011217e-86,0.9999999999999966,0.0,0.0
7.566869601434958e-86,0.9999999999999966,0.0,0.0
7.472872437628354e-86,0.9999999999999966,0.0,0.0
7.380042925343324e-86,0.9999999999999966,0.0,0.0
7.28836655977972e-86,0.9999999999999966,0.0,0.0
7.197829016318911e-86,0.9999999999999966,0.0,0.0
7.108416148285535e-86,0.9999999999999966,0.0,0.0
7.020113984737058e-86,0.9999999999999966,0.0,0.0
6.932908728280776e-86,0.9999999999999966,0.0,0.0
6.846786752917956e-86,0.9999999999999966,0.0,0.0
6.761734601914737e-86,0.9999999999999966,0.0,0.0
6.677738985699487e-86,0.9999999999999966,0.0,0.0
6.59478677978629e-86,0.9999999999999966,0.0,0.0
6.512865022724207e-86,0.9999999999999966,0.0,0.0
6.431960914072035e-86,0.9999999999999966,0.0,0.0
6.352061812398198e-86,0.9999999999999966,0.0,0.0
6.273155233305511e-86,0.9999999999999966,0.0,0.0
6.195228847480459e-86,0.9999999999999966,0.0,0.0
6.118270478766718e-86,0.9999999999999966,0.0,0.0
6.0422681022626105e-86,0.9999999999999966,0.0,0.0
5.9672098424421824e-86,0.9999999999999966,0.0,0.0
5.8930839712996356e-86,0.9999999999999966,0.0,0.0
5.819878906516798e-86,0.9999999999999966,0.0,0.0
5.7475832096533655e-86,0.9999999999999966,0.0,0.0
5.6761855843596205e-86,0.9999999999999966,0.0,0.0
5.605674874611357e-86,0.9999999999999966,0.0,0.0
5.5360400629667246e-86,0.9999999999999966,0.0,0.0
5.467270268844737e-86,0.9999999999999966,0.0,0.0
5.399354746825153e-86,0.9999999999999966,0.0,0.0
5.332282884969486e-86,0.9999999999999966,0.0,0.0
5.266044203162866e-86,0.9999999999999966,0.0,0.0
5.200628351476502e-86,0.9999999999999966,0.0,0.0
5.136025108550483e-86,0.9999999999999966,0.0,0.0
5.072224379996669e-86,0.9999999999999966,0.0,0.0
5.009216196821425e-86,0.9999999999999966,0.0,0.0
4.9469907138679414e-86,0.9999999999999966,0.0,0.0
4.885538208277913e-86,0.9999999999999966,0.0,0.0
4.824849077972318e-86,0.9999999999999966,0.0,0.0
4.764913840151079e-86,0.9999999999999966,0.0,0.0
4.7057231298113496e-86,0.9999999999999966,0.0,0.0
4.647267698284219e-86,0.9999999999999966,0.0,0.0
4.589538411789586e-86,0.9999999999999966,0.0,0.0
4.5325262500089886e-86,0.9999999999999966,0.0,0.0
4.47622230467616e-86,0.9999999999999966,0.0,0.0
4.420617778185096e-86,0.9999999999999966,0.0,0.0
4.365703982215405e-86,0.9999999999999966,0.0,0.0
4.311472336374748e-86,0.9999999999999966,0.0,0.0
4.257914366858132e-86,0.9999999999999966,0.0,0.0
4.205021705123858e-86,0.9999999999999966,0.0,0.0
4.152786086585922e-86,0.9999999999999966,0.0,0.0
4.101199349322658e-86,0.9999999999999966,0.0,0.0
4.050253432801416e-86,0.9999999999999966,0.0,0.0
3.9999403766190946e-86,0.9999999999999966,0.0,0.0
3.950252319258304e-86,0.9999999999999966,0.0,0.0
3.901181496858995e-86,0.9999999999999966,0.0,0.0
3.852720242005336e-86,0.9999999999999966,0.0,0.0
3.804860982527661e-86,0.9999999999999966,0.0,0.0
3.757596240319313e-86,0.9999999999999966,0.0,0.0
3.710918630168162e-86,0.9999999999999966,0.0,0.0
3.664820858602658e-86,0.9999999999999966,0.0,0.0
3.619295722752212e-86,0.9999999999999966,0.0,0.0
3.574336109221728e-86,0.9999999999999966,0.0,0.0
3.529934992980123e-86,0.9999999999999966,0.0,0.0
3.486085436262653e-86,0.9999999999999966,0.0,0.0
3.442780587486872e-86,0.9999999999999966,0.0,0.0
3.4000136801820546e-86,0.9999999999999966,0.0,0.0
3.35777803193193e-86,0.9999999999999966,0.0,0.0
3.3160670433305306e-86,0.9999999999999966,0.0,0.0
3.27487419695103e-86,0.9999999999999966,0.0,0.0
3.234193056327376e-86,0.9999999999999966,0.0,0.0
3.1940172649485822e-86,0.9999999999999966,0.0,0.0
3.1543405452655098e-86,0.9999999999999966,0.0,0.0
3.115156697709988e-86,0.9999999999999966,0.0,0.0
3.0764595997261187e-86,0.9999999999999966,0.0,0.0
3.0382432048136148e-86,0.9999999999999966,0.0,0.0
3.000501541583022e-86,0.9999999999999966,0.0,0.0
2.963228712822676e-86,0.9999999999999966,0.0,0.0
2.9264188945772543e-86,0.9999999999999966,0.0,0.0
2.8900663352377674e-86,0.9999999999999966,0.0,0.0
2.8541653546428614e-86,0.9999999999999966,0.0,0.0
2.81871034319128e-86,0.9999999999999966,0.0,0.0
2.7836957609653516e-86,0.9999999999999966,0.0,0.0
2.749116136865368e-86,0.9999999999999966,0.0,0.0
2.7149660677547136e-86,0.9999999999999966,0.0,0.0
2.6812402176156126e-86,0.9999999999999966,0.0,0.0
2.6479333167153673e-86,0.9999999999999966,0.0,0.0
2.615040160782951e-86,0.9999999999999966,0.0,0.0
2.5825556101958295e-86,0.9999999999999966,0.0,0.0
2.5504745891768853e-86,0.9999999999999966,0.0,0.0
2.5187920850013174e-86,0.9999999999999966,0.0,0.0
2.4875031472133913e-86,0.9999999999999966,0.0,0.0
2.4566028868529216e-86,0.9999999999999966,0.0,0.0
2.4260864756913623e-86,0.9999999999999966,0.0,0.0
2.3959491454773854e-86,0.9999999999999966,0.0,0.0
2.3661861871918316e-86,0.9999999999999966,0.0,0.0
2.3367929503119178e-86,0.9999999999999966,0.0,0.0
2.3077648420845826e-86,0.9999999999999966,0.0,0.0
2.279097326808858e-86,0.9999999999999966,0.0,0.0
2.250785925127161e-86,0.9999999999999966,0.0,0.0
2.2228262133253798e-86,0.9999999999999966,0.0,0.0
2.1952138226416632e-86,0.9999999999999966,0.0,0.0
2.1679444385837907e-86,0.9999999999999966,0.0,0.0
2.1410138002550244e-86,0.9999999999999966,0.0,0.0
2.114417699688337e-86,0.9999999999999966,0.0,0.0
2.0881519811889065e-86,0.9999999999999966,0.0,0.0
2.0622125406847807e-86,0.9999999999999966,0.0,0.0
2.0365953250856083e-86,0.9999999999999966,0.0,0.0
2.0112963316493354e-86,0.9999999999999966,0.0,0.0
1.9863116073567672e-86,0.9999999999999966,0.0,0.0
1.9616372482939036e-86,0.9999999999999966,0.0,0.0
1.9372693990419416e-86,0.9999999999999966,0.0,0.0
1.9132042520748605e-86,0.9999999999999966,0.0,0.0
1.8894380471644876e-86,0.9999999999999966,0.0,0.0
1.8659670707929545e-86,0.9999999999999966,0.0,0.0
1.8427876555724526e-86,0.9999999999999966,0.0,0.0
1.8198961796721957e-86,0.9999999999999966,0.0,0.0
1.797289066252503e-86,0.9999999999999966,0.0,0.0
1.7749627829059103e-86,0.9999999999999966,0.0,0.0
1.7529138411052224e-86,0.9999999999999966,0.0,0.0
1.7311387956584254e-86,0.9999999999999966,0.0,0.0
1.7096342441703678e-86,0.9999999999999966,0.0,0.0
1.6883968265111303e-86,0.9999999999999966,0.0,0.0
1.6674232242909968e-86,0.9999999999999966,0.0,0.0
1.64671016034195e-86,0.9999999999999966,0.0,0.0
1.626254398205609e-86,0.9999999999999966,0.0,0.0
1.6060527416275231e-86,0.9999999999999966,0.0,0.0
1.5861020340577533e-86,0.9999999999999966,0.0,0.0
1.566399158157653e-86,0.9999999999999966,0.0,0.0
1.5469410353127777e-86,0.9999999999999966,0.0,0.0
1.5277246251518468e-86,0.9999999999999966,0.0,0.0
1.5087469250716775e-86,0.9999999999999966,0.0,0.0
1.4900049697680232e-86,0.9999999999999966,0.0,0.0
1.471495830772238e-86,0.9999999999999966,0.0,0.0
1.453216615993698e-86,0.9999999999999966,0.0,0.0
1.435164469267906e-86,0.9999999999999966,0.0,0.0
1.4173365699102095e-86,0.9999999999999966,0.0,0.0
1.3997301322750643e-86,0.9999999999999966,0.0,0.0
1.3823424053207701e-86,0.9999999999999966,0.0,0.0
1.365170672179616e-86,0.9999999999999966,0.0,0.0
1.3482122497333633e-86,0.9999999999999966,0.0,0.0
1.331464488194004e-86,0.9999999999999966,0.0,0.0
1.3149247706897253e-86,0.9999999999999966,0.0,0.0
1.2985905128560176e-86,0.9999999999999966,0.0,0.0
1.282459162431863e-86,0.9999999999999966,0.0,0.0
1.2665281988609393e-86,0.9999999999999966,0.0,0.0
1.250795132897778e-86,0.9999999999999966,0.0,0.0
1.2352575062188141e-86,0.9999999999999966,0.0,0.0
1.2199128910382685e-86,0.9999999999999966,0.0,0.0
1.204758889728801e-86,0.9999999999999966,0.0,0.0
1.1897931344468775e-86,0.9999999999999966,0.0,0.0
1.175013286762788e-86,0.9999999999999966,0.0,0.0
1.1604170372952625e-86,0.9999999999999966,0.0,0.0
1.1460021053506268e-86,0.9999999999999966,0.0,0.0
1.1317662385664379e-86,0.9999999999999966,0.0,0.0
1.1177072125595486e-86,0.9999999999999966,0.0,0.0
1.1038228305785428e-86,0.9999999999999966,0.0,0.0
1.090110923160489e-86,0.9999999999999966,0.0,0.0
1.076569347791957e-86,0.9999999999999966,0.0,0.0
1.0631959885742455e-86,0.9999999999999966,0.0,0.0
1.0499887558927697e-86,0.9999999999999966,0.0,0.0
1.0369455860905531e-86,0.9999999999999966,0.0,0.0
1.0240644411457788e-86,0.9999999999999966,0.0,0.0
1.0113433083533431e-86,0.9999999999999966,0.0,0.0
9.987802000103667e-87,0.9999999999999966,0.0,0.0
9.863731531056117e-87,0.9999999999999966,0.0,0.0
9.741202290127578e-87,0.9999999999999966,0.0,0.0
9.620195131874875e-87,0.9999999999999966,0.0,0.0
9.50069114868335e-87,0.9999999999999966,0.0,0.0
9.382671667812502e-87,0.9999999999999966,0.0,0.0
9.26611824847834e-87,0.9999999999999966,0.0,0.0
9.151012678971973e-87,0.9999999999999966,0.0,0.0
9.037336973813986e-87,0.9999999999999966,0.0,0.0
8.925073370944184e-87,0.9999999999999966,0.0,0.0
8.81420432894622e-87,0.9999999999999966,0.0,0.0
8.704712524306725e-87,0.9999999999999966,0.0,0.0
8.59658084870847e-87,0.9999999999999966,0.0,0.0
8.489792406357152e-87,0.9999999999999966,0.0,0.0
8.3843305113414e-87,0.9999999999999966,0.0,0.0
8.280178685025557e-87,0.9999999999999966,0.0,0.0
8.177320653474874e-87,0.9999999999999966,0.0,0.0
8.075740344912658e-87,0.9999999999999966,0.0,0.0
7.975421887209038e-87,0.9999999999999966,0.0,0.0
7.876349605400903e-87,0.9999999999999966,0.0,0.0
7.7785080192426644e-87,0.9999999999999966,0.0,0.0
7.681881840787429e-87,0.9999999999999966,0.0,0.0
7.586455971998234e-87,0.9999999999999966,0.0,0.0
7.492215502388942e-87,0.9999999999999966,0.0,0.0
7.399145706694446e-87,0.9999999999999966,0.0,0.0
7.307232042569825e-87,0.9999999999999966,0.0,0.0
7.216460148318065e-87,0.9999999999999966,0.0,0.0
7.126815840646019e-87,0.9999999999999966,0.0,0.0
7.038285112448235e-87,0.9999999999999966,0.0,0.0
6.950854130618321e-87,0.9999999999999966,0.0,0.0
6.864509233887492e-87,0.9999999999999966,0.0,0.0
6.77923693068997e-87,0.9999999999999966,0.0,0.0
6.695023897054897e-87,0.9999999999999966,0.0,0.0
6.611856974524441e-87,0.9999999999999966,0.0,0.0
6.529723168097756e-87,0.9999999999999966,0.0,0.0
6.4486096442004935e-87,0.9999999999999966,0.0,0.0
6.368503728679521e-87,0.9999999999999966,0.0,0.0
6.2893929048225655e-87,0.9999999999999966,0.0,0.0
6.211264811402455e-87,0.9999999999999966,0.0,0.0
6.134107240745644e-87,0.9999999999999966,0.0,0.0
6.057908136824742e-87,0.9999999999999966,0.0,0.0
5.982655593374739e-87,0.9999999999999966,0.0,0.0
5.908337852032626e-87,0.9999999999999966,0.0,0.0
5.834943300500119e-87,0.9999999999999966,0.0,0.0
5.762460470729225e-87,0.9999999999999966,0.0,0.0
5.6908780371303285e-87,0.9999999999999966,0.0,0.0
5.62018481480255e-87,0.9999999999999966,0.0,0.0
5.5503697577860785e-87,0.9999999999999966,0.0,0.0
5.481421957336219e-87,0.9999999999999966,0.0,0.0
5.41333064021888e-87,0.9999999999999966,0.0,0.0
5.346085167027235e-87,0.9999999999999966,0.0,0.0
5.27967503051929e-87,0.9999999999999966,0.0,0.0
5.214089853976107e-87,0.9999999999999966,0.0,0.0
5.149319389580419e-87,0.9999999999999966,0.0,0.0
5.085353516815395e-87,0.9999999999999966,0.0,0.0
5.022182240883278e-87,0.9999999999999966,0.0,0.0
4.959795691143685e-87,0.9999999999999966,0.0,0.0
4.898184119571299e-87,0.9999999999999966,0.0,0.0
4.837337899232714e-87,0.9999999999999966,0.0,0.0
4.777247522782213e-87,0.9999999999999966,0.0,0.0
4.717903600976225e-87,0.9999999999999966,0.0,0.0
4.659296861206237e-87,0.9999999999999966,0.0,0.0
4.601418146049926e-87,0.9999999999999966,0.0,0.0
4.544258411840298e-87,0.9999999999999966,0.0,0.0
4.487808727252593e-87,0.9999999999999966,0.0,0.0
4.432060271908751e-87,0.9999999999999966,0.0,0.0
4.377004334999206e-87,0.9999999999999966,0.0,0.0
4.322632313921808e-87,0.9999999999999966,0.0,0.0
4.2689357129376475e-87,0.9999999999999966,0.0,0.0
4.215906141843575e-87,0.9999999999999966,0.0,0.0
4.163535314661223e-87,0.9999999999999966,0.0,0.0
4.111815048342298e-87,0.9999999999999966,0.0,0.0
4.060737261489964e-87,0.9999999999999966,0.0,0.0
4.0102939730961122e-87,0.9999999999999966,0.0,0.0
3.9604773012943055e-87,0.9999999999999966,0.0,0.0
3.911279462128225e-87,0.9999999999999966,0.0,0.0
3.86269276833541e-87,0.9999999999999966,0.0,0.0
3.8147096281461093e-87,0.9999999999999966,0.0,0.0
3.767322544097048e-87,0.9999999999999966,0.0,0.0
3.7205241118599376e-87,0.9999999999999966,0.0,0.0
3.6743070190845313e-87,0.9999999999999966,0.0,0.0
3.628664044256056e-87,0.9999999999999966,0.0,0.0
3.5835880555668374e-87,0.9999999999999966,0.0,0.0
3.5390720098019376e-87,0.9999999999999966,0.0,0.0
3.49510895123864e-87,0.9999999999999966,0.0,0.0
3.4516920105596027e-87,0.9999999999999966,0.0,0.0
3.408814403779516e-87,0.9999999999999966,0.0,0.0
3.3664694311850866e-87,0.9999999999999966,0.0,0.0
3.3246504762882e-87,0.9999999999999966,0.0,0.0
3.283351004792073e-87,0.9999999999999966,0.0,0.0
3.2425645635702635e-87,0.9999999999999966,0.0,0.0
3.202284779658353e-87,0.9999999999999966,0.0,0.0
3.162505359258157e-87,0.9999999999999966,0.0,0.0
3.123220086754309e-87,0.9999999999999966,0.0,0.0
3.084422823743056e-87,0.9999999999999966,0.0,0.0
3.0461075080731223e-87,0.9999999999999966,0.0,0.0
3.0082681528984834e-87,0.9999999999999966,0.0,0.0
2.97089884574291e-87,0.9999999999999966,0.0,0.0
2.933993747576134e-87,0.9999999999999966,0.0,0.0
2.8975470919014855e-87,0.9999999999999966,0.0,0.0
2.861553183854865e-87,0.9999999999999966,0.0,0.0
2.826006399314913e-87,0.9999999999999966,0.0,0.0
2.7909011840242275e-87,0.9999999999999966,0.0,0.0
2.756232052721499e-87,0.9999999999999966,0.0,0.0
2.721993588284429e-87,0.9999999999999966,0.0,0.0
2.688180440883292e-87,0.9999999999999966,0.0,0.0
2.6547873271450165e-87,0.9999999999999966,0.0,0.0
2.621809029327643e-87,0.9999999999999966,0.0,0.0
2.589240394505046e-87,0.9999999999999966,0.0,0.0
2.5570763337617743e-87,0.9999999999999966,0.0,0.0
2.525311821397901e-87,0.9999999999999966,0.0,0.0
2.4939418941437455e-87,0.9999999999999966,0.0,0.0
2.462961650384354e-87,0.9999999999999966,0.0,0.0
2.432366249393611e-87,0.9999999999999966,0.0,0.0
2.4021509105778673e-87,0.9999999999999966,0.0,0.0
2.372310912728961e-87,0.9999999999999966,0.0,0.0
2.3428415932865205e-87,0.9999999999999966,0.0,0.0
2.3137383476094284e-87,0.9999999999999966,0.0,0.0
2.284996628256339e-87,0.9999999999999966,0.0,0.0
2.2566119442751293e-87,0.9999999999999966,0.0,0.0
2.2285798605011808e-87,0.9999999999999966,0.0,0.0
2.200895996864373e-87,0.9999999999999966,0.0,0.0
2.1735560277046917e-87,0.9999999999999966,0.0,0.0
2.1465556810963338e-87,0.9999999999999966,0.0,0.0
2.1198907381802102e-87,0.9999999999999966,0.0,0.0
2.093557032504743e-87,0.9999999999999966,0.0,0.0
2.067550449374845e-87,0.9999999999999966,0.0,0.0
2.0418669252089926e-87,0.9999999999999966,0.0,0.0
2.0165024469042836e-87,0.9999999999999966,0.0,0.0
1.9914530512093799e-87,0.9999999999999966,0.0,0.0
1.9667148241052425e-87,0.9999999999999966,0.0,0.0
1.9422839001935577e-87,0.9999999999999966,0.0,0.0
1.9181564620927607e-87,0.9999999999999966,0.0,0.0
1.8943287398415618e-87,0.9999999999999966,0.0,0.0
1.8707970103098835e-87,0.9999999999999966,0.0,0.0
1.847557596617112e-87,0.9999999999999966,0.0,0.0
1.824606867557578e-87,0.9999999999999966,0.0,0.0
1.8019412370331745e-87,0.9999999999999966,0.0,0.0
1.7795571634930195e-87,0.9999999999999966,0.0,0.0
1.757451149380083e-87,0.9999999999999966,0.0,0.0
1.7356197405846862e-87,0.9999999999999966,0.0,0.0
1.7140595259047901e-87,0.9999999999999966,0.0,0.0
1.6927671365129881e-87,0.9999999999999966,0.0,0.0
1.6717392454301186e-87,0.9999999999999966,0.0,0.0
1.6509725670054202e-87,0.9999999999999966,0.0,0.0
1.6304638564031401e-87,0.9999999999999966,0.0,0.0
1.610209909095523e-87,0.9999999999999966,0.0,0.0
1.5902075603620957e-87,0.9999999999999966,0.0,0.0
1.5704536847951753e-87,0.9999999999999966,0.0,0.0
1.550945195811516e-87,0.9999999999999966,0.0,0.0
1.5316790451700252e-87,0.9999999999999966,0.0,0.0
1.5126522224954691e-87,0.9999999999999966,0.0,0.0
1.4938617548080957e-87,0.9999999999999966,0.0,0.0
1.4753047060591004e-87,0.9999999999999966,0.0,0.0
1.4569781766718627e-87,0.9999999999999966,0.0,0.0
1.4388793030888817e-87,0.9999999999999966,0.0,0.0
1.4210052573243386e-87,0.9999999999999966,0.0,0.0
1.4033532465222186e-87,0.9999999999999966,0.0,0.0
1.3859205125199218e-87,0.9999999999999966,0.0,0.0
1.3687043314172947e-87,0.9999999999999966,0.0,0.0
1.351702013151014e-87,0.9999999999999966,0.0,0.0
1.3349109010742606e-87,0.9999999999999966,0.0,0.0
1.3183283715416114e-87,0.9999999999999966,0.0,0.0
1.301951833499091e-87,0.9999999999999966,0.0,0.0
1.2857787280793128e-87,0.9999999999999966,0.0,0.0
1.2698065282016512e-87,0.9999999999999966,0.0,0.0
1.2540327381773812e-87,0.9999999999999966,0.0,0.0
1.2384548933197203e-87,0.9999999999999966,0.0,0.0
1.223070559558717e-87,0.9999999999999966,0.0,0.0
1.2078773330609227e-87,0.9999999999999966,0.0,0.0
1.1928728398537869e-87,0.9999999999999966,0.0,0.0
1.1780547354547204e-87,0.9999999999999966,0.0,0.0
1.1634207045047638e-87,0.9999999999999966,0.0,0.0
1.1489684604068092e-87,0.9999999999999966,0.0,0.0
1.1346957449683138e-87,0.9999999999999966,0.0,0.0
1.1206003280484534e-87,0.9999999999999966,0.0,0.0
1.1066800072096573e-87,0.9999999999999966,0.0,0.0
1.092932607373475e-87,0.9999999999999966,0.0,0.0
1.079355980480713e-87,0.9999999999999966,0.0,0.0
1.0659480051557987e-87,0.9999999999999966,0.0,0.0
1.0527065863753095e-87,0.9999999999999966,0.0,0.0
1.039629655140622e-87,0.9999999999999966,0.0,0.0
1.0267151681546264e-87,0.9999999999999966,0.0,0.0
1.0139611075024573e-87,0.9999999999999966,0.0,0.0
1.00136548033619e-87,0.9999999999999966,0.0,0.0
9.889263185634551e-88,0.9999999999999966,0.0,0.0
9.766416785399182e-88,0.9999999999999966,0.0,0.0
9.645096407655833e-88,0.9999999999999966,0.0,0.0
9.525283095848664e-88,0.9999999999999966,0.0,0.0
9.406958128903948e-88,0.9999999999999966,0.0,0.0
9.290103018304874e-88,0.9999999999999966,0.0,0.0
9.174699505202674e-88,0.9999999999999966,0.0,0.0
9.060729557563642e-88,0.9999999999999966,0.0,0.0
8.948175367351595e-88,0.9999999999999966,0.0,0.0
8.837019347745328e-88,0.9999999999999966,0.0,0.0
8.727244130390634e-88,0.9999999999999966,0.0,0.0
8.618832562686467e-88,0.9999999999999966,0.0,0.0
8.511767705104819e-88,0.9999999999999966,0.0,0.0
8.406032828543872e-88,0.9999999999999966,0.0,0.0
8.301611411714051e-88,0.9999999999999966,0.0,0.0
8.198487138556537e-88,0.9999999999999966,0.0,0.0
8.096643895693848e-88,0.9999999999999966,0.0,0.0
7.996065769912091e-88,0.9999999999999966,0.0,0.0
7.896737045674491e-88,0.9999999999999966,0.0,0.0
7.798642202665807e-88,0.9999999999999966,0.0,0.0
7.701765913367247e-88,0.9999999999999966,0.0,0.0
7.606093040661521e-88,0.9999999999999966,0.0,0.0
7.511608635467627e-88,0.9999999999999966,0.0,0.0
7.418297934405028e-88,0.9999999999999966,0.0,0.0
7.326146357486848e-88,0.9999999999999966,0.0,0.0
7.235139505841715e-88,0.9999999999999966,0.0,0.0
7.145263159463911e-88,0.9999999999999966,0.0,0.0
7.056503274991466e-88,0.9999999999999966,0.0,0.0
6.968845983511851e-88,0.9999999999999966,0.0,0.0
6.88227758839494e-88,0.9999999999999966,0.0,0.0
6.796784563152876e-88,0.9999999999999966,0.0,0.0
6.712353549326534e-88,0.9999999999999966,0.0,0.0
6.628971354398232e-88,0.9999999999999966,0.0,0.0
6.546624949730375e-88,0.9999999999999966,0.0,0.0
6.465301468529705e-88,0.9999999999999966,0.0,0.0
6.384988203836836e-88,0.9999999999999966,0.0,0.0
6.305672606540765e-88,0.9999999999999966,0.0,0.0
6.227342283418052e-88,0.9999999999999966,0.0,0.0
6.149984995196348e-88,0.9999999999999966,0.0,0.0
6.073588654641993e-88,0.9999999999999966,0.0,0.0
5.998141324671345e-88,0.9999999999999966,0.0,0.0
5.923631216485607e-88,0.9999999999999966,0.0,0.0
5.850046687728784e-88,0.9999999999999966,0.0,0.0
5.777376240668555e-88,0.9999999999999966,0.0,0.0
5.705608520399724e-88,0.9999999999999966,0.0,0.0
5.634732313069988e-88,0.9999999999999966,0.0,0.0
5.56473654412776e-88,0.9999999999999966,0.0,0.0
5.495610276591739e-88,0.9999999999999966,0.0,0.0
5.427342709341989e-88,0.9999999999999966,0.0,0.0
5.359923175432238e-88,0.9999999999999966,0.0,0.0
5.293341140423153e-88,0.9999999999999966,0.0,0.0
5.227586200736306e-88,0.9999999999999966,0.0,0.0
5.162648082028595e-88,0.9999999999999966,0.0,0.0
5.098516637586857e-88,0.9999999999999966,0.0,0.0
5.035181846742427e-88,0.9999999999999966,0.0,0.0
4.972633813305385e-88,0.9999999999999966,0.0,0.0
4.910862764018254e-88,0.9999999999999966,0.0,0.0
4.8498590470289135e-88,0.9999999999999966,0.0,0.0
4.7896131303824746e-88,0.9999999999999966,0.0,0.0
4.730115600531894e-88,0.9999999999999966,0.0,0.0
4.671357160867088e-88,0.9999999999999966,0.0,0.0
4.613328630262316e-88,0.9999999999999966,0.0,0.0
4.5560209416416163e-88,0.9999999999999966,0.0,0.0
4.4994251405620526e-88,0.9999999999999966,0.0,0.0
4.443532383814564e-88,0.9999999999999966,0.0,0.0
4.3883339380421987e-88,0.9999999999999966,0.0,0.0
4.333821178375505e-88,0.9999999999999966,0.0,0.0
4.2799855870848805e-88,0.9999999999999966,0.0,0.0
4.226818752249662e-88,0.9999999999999966,0.0,0.0
4.174312366443741e-88,0.9999999999999966,0.0,0.0
4.1224582254375126e-88,0.9999999999999966,0.0,0.0
4.071248226915951e-88,0.9999999999999966,0.0,0.0
4.0206743692126015e-88,0.9999999999999966,0.0,0.0
3.9707287500593093e-88,0.9999999999999966,0.0,0.0
3.9214035653514687e-88,0.9999999999999966,0.0,0.0
3.87269110792862e-88,0.9999999999999966,0.0,0.0
3.8245837663701876e-88,0.9999999999999966,0.0,0.0
3.777074023806181e-88,0.9999999999999966,0.0,0.0
3.7301544567426683e-88,0.9999999999999966,0.0,0.0
3.68381773390184e-88,0.9999999999999966,0.0,0.0
3.638056615076483e-88,0.9999999999999966,0.0,0.0
3.592863949998682e-88,0.9999999999999966,0.0,0.0
3.548232677222575e-88,0.9999999999999966,0.0,0.0
3.5041558230209923e-88,0.9999999999999966,0.0,0.0
3.460626500295791e-88,0.9999999999999966,0.0,0.0
3.4176379075017384e-88,0.9999999999999966,0.0,0.0
3.3751833275837514e-88,0.9999999999999966,0.0,0.0
3.3332561269273467e-88,0.9999999999999966,0.0,0.0
3.2918497543221223e-88,0.9999999999999966,0.0,0.0
3.25095773993812e-88,0.9999999999999966,0.0,0.0
3.210573694314899e-88,0.9999999999999966,0.0,0.0
3.170691307363171e-88,0.9999999999999966,0.0,0.0
3.1313043473788367e-88,0.9999999999999966,0.0,0.0
3.092406660069267e-88,0.9999999999999966,0.0,0.0
3.0539921675916847e-88,0.9999999999999966,0.0,0.0
3.0160548676034877e-88,0.9999999999999966,0.0,0.0
2.9785888323243715e-88,0.9999999999999966,0.0,0.0
2.941588207610101e-88,0.9999999999999966,0.0,0.0
2.9050472120377877e-88,0.9999999999999966,0.0,0.0
2.8689601360025335e-88,0.9999999999999966,0.0,0.0
2.83332134082529e-88,0.9999999999999966,0.0,0.0
2.798125257871806e-88,0.9999999999999966,0.0,0.0
2.763366387682514e-88,0.9999999999999966,0.0,0.0
2.729039299113233e-88,0.9999999999999966,0.0,0.0
2.695138628486536e-88,0.9999999999999966,0.0,0.0
2.66165907875367e-88,0.9999999999999966,0.0,0.0
2.6285954186668745e-88,0.9999999999999966,0.0,0.0
2.5959424819619966e-88,0.9999999999999966,0.0,0.0
2.5636951665512445e-88,0.9999999999999966,0.0,0.0
2.5318484337259794e-88,0.9999999999999966,0.0,0.0
2.5003973073694072e-88,0.9999999999999966,0.0,0.0
2.4693368731790482e-88,0.9999999999999966,0.0,0.0
2.4386622778988703e-88,0.9999999999999966,0.0,0.0
2.408368728560954e-88,0.9999999999999966,0.0,0.0
2.378451491736585e-88,0.9999999999999966,0.0,0.0
2.3489058927966437e-88,0.9999999999999966,0.0,0.0
2.3197273151811878e-88,0.9999999999999966,0.0,0.0
2.2909111996781016e-88,0.9999999999999966,0.0,0.0
2.2624530437107125e-88,0.9999999999999966,0.0,0.0
2.2343484006342548e-88,0.9999999999999966,0.0,0.0
2.2065928790410697e-88,0.9999999999999966,0.0,0.0
2.179182142074441e-88,0.9999999999999966,0.0,0.0
2.152111906750952e-88,0.9999999999999966,0.0,0.0
2.12537794329126e-88,0.9999999999999966,0.0,0.0
2.098976074459186e-88,0.9999999999999966,0.0,0.0
2.0729021749090116e-88,0.9999999999999966,0.0,0.0
2.0471521705408856e-88,0.9999999999999966,0.0,0.0
2.0217220378642385e-88,0.9999999999999966,0.0,0.0
1.996607803369103e-88,0.9999999999999966,0.0,0.0
1.9718055429052464e-88,0.9999999999999966,0.0,0.0
1.9473113810690112e-88,0.9999999999999966,0.0,0.0
1.9231214905977786e-88,0.9999999999999966,0.0,0.0
1.8992320917719495e-88,0.9999999999999966,0.0,0.0
1.8756394518243556e-88,0.9999999999999966,0.0,0.0
1.8523398843570066e-88,0.9999999999999966,0.0,0.0
1.829329748765084e-88,0.9999999999999966,0.0,0.0
1.8066054496680893e-88,0.9999999999999966,0.0,0.0
1.7841634363480563e-88,0.9999999999999966,0.0,0.0
1.7620002021947467e-88,0.9999999999999966,0.0,0.0
1.7401122841577342e-88,0.9999999999999966,0.0,0.0
1.7184962622052953e-88,0.9999999999999966,0.0,0.0
1.6971487587900236e-88,0.9999999999999966,0.0,0.0
1.6760664383210795e-88,0.9999999999999966,0.0,0.0
1.655246006642999e-88,0.9999999999999966,0.0,0.0
1.6346842105209745e-88,0.9999999999999966,0.0,0.0
1.6143778371325293e-88,0.9999999999999966,0.0,0.0
1.59432371356551e-88,0.9999999999999966,0.0,0.0
1.5745187063223096e-88,0.9999999999999966,0.0,0.0
1.5549597208302542e-88,0.9999999999999966,0.0,0.0
1.5356437009580685e-88,0.9999999999999966,0.0,0.0
1.5165676285383505e-88,0.9999999999999966,0.0,0.0
1.4977285228959746e-88,0.9999999999999966,0.0,0.0
1.4791234403823578e-88,0.9999999999999966,0.0,0.0
1.4607494739155054e-88,0.9999999999999966,0.0,0.0
1.4426037525257765e-88,0.9999999999999966,0.0,0.0
1.424683440907287e-88,0.9999999999999966,0.0,0.0
1.406985738974889e-88,0.9999999999999966,0.0,0.0
1.38950788142665e-88,0.9999999999999966,0.0,0.0
1.3722471373117705e-88,0.9999999999999966,0.0,0.0
1.355200809603866e-88,0.9999999999999966,0.0,0.0
1.3383662347795528e-88,0.9999999999999966,0.0,0.0
1.3217407824022652e-88,0.9999999999999966,0.0,0.0
1.3053218547112456e-88,0.9999999999999966,0.0,0.0
1.2891068862156383e-88,0.9999999999999966,0.0,0.0
1.273093343293628e-88,0.9999999999999966,0.0,0.0
1.2572787237965541e-88,0.9999999999999966,0.0,0.0
1.241660556657946e-88,0.9999999999999966,0.0,0.0
1.226236401507414e-88,0.9999999999999966,0.0,0.0
1.211003848289336e-88,0.9999999999999966,0.0,0.0
1.1959605168862818e-88,0.9999999999999966,0.0,0.0
1.181104056747115e-88,0.9999999999999966,0.0,0.0
1.1664321465197138e-88,0.9999999999999966,0.0,0.0
1.1519424936882561e-88,0.9999999999999966,0.0,0.0
1.1376328342150083e-88,0.9999999999999966,0.0,0.0
1.1235009321865655e-88,0.9999999999999966,0.0,0.0
1.1095445794644853e-88,0.9999999999999966,0.0,0.0
1.0957615953402608e-88,0.9999999999999966,0.0,0.0
1.0821498261945823e-88,0.9999999999999966,0.0,0.0
1.068707145160828e-88,0.9999999999999966,0.0,0.0
1.055431451792738e-88,0.9999999999999966,0.0,0.0
1.0423206717362148e-88,0.9999999999999966,0.0,0.0
1.0293727564052012e-88,0.9999999999999966,0.0,0.0
1.0165856826615851e-88,0.9999999999999966,0.0,0.0
1.0039574524990792e-88,0.9999999999999966,0.0,0.0
9.91486092731029e-89,0.9999999999999966,0.0,0.0
9.791696546820983e-89,0.9999999999999966,0.0,0.0
9.670062138837851e-89,0.9999999999999966,0.0,0.0
9.549938697737186e-89,0.9999999999999966,0.0,0.0
9.431307453986929e-89,0.9999999999999966,0.0,0.0
9.314149871213894e-89,0.9999999999999966,0.0,0.0
9.198447643307425e-89,0.9999999999999966,0.0,0.0
9.08418269155902e-89,0.9999999999999966,0.0,0.0
8.9713371618375e-89,0.9999999999999966,0.0,0.0
8.859893421799268e-89,0.9999999999999966,0.0,0.0
8.749834058133215e-89,0.9999999999999966,0.0,0.0
8.64114187383986e-89,0.9999999999999966,0.0,0.0
8.533799885544276e-89,0.9999999999999966,0.0,0.0
8.427791320842412e-89,0.9999999999999966,0.0,0.0
8.32309961568036e-89,0.9999999999999966,0.0,0.0
8.219708411766204e-89,0.9999999999999966,0.0,0.0
8.117601554013983e-89,0.9999999999999966,0.0,0.0
8.016763088019445e-89,0.9999999999999966,0.0,0.0
7.917177257567127e-89,0.9999999999999966,0.0,0.0
7.818828502168414e-89,0.9999999999999966,0.0,0.0
7.721701454630196e-89,0.9999999999999966,0.0,0.0
7.625780938653691e-89,0.9999999999999966,0.0,0.0
7.531051966463132e-89,0.9999999999999966,0.0,0.0
7.437499736463893e-89,0.9999999999999966,0.0,0.0
7.34510963092971e-89,0.9999999999999966,0.0,0.0
7.253867213718628e-89,0.9999999999999966,0.0,0.0
7.163758228017332e-89,0.9999999999999966,0.0,0.0
7.074768594113484e-89,0.9999999999999966,0.0,0.0
6.986884407195739e-89,0.9999999999999966,0.0,0.0
6.900091935181097e-89,0.9999999999999966,0.0,0.0
6.814377616569229e-89,0.9999999999999966,0.0,0.0
6.729728058323471e-89,0.9999999999999966,0.0,0.0
6.646130033778132e-89,0.9999999999999966,0.0,0.0
6.5635704805718e-89,0.9999999999999966,0.0,0.0
6.482036498606324e-89,0.9999999999999966,0.0,0.0
6.401515348031144e-89,0.9999999999999966,0.0,0.0
6.321994447252668e-89,0.9999999999999966,0.0,0.0
6.2434613709683655e-89,0.9999999999999966,0.0,0.0
6.1659038482252976e-89,0.9999999999999966,0.0,0.0
6.089309760502747e-89,0.9999999999999966,0.0,0.0
6.01366713981868e-89,0.9999999999999966,0.0,0.0
5.938964166859726e-89,0.9999999999999966,0.0,0.0
5.865189169134378e-89,0.9999999999999966,0.0,0.0
5.79233061914915e-89,0.9999999999999966,0.0,0.0
5.72037713260738e-89,0.9999999999999966,0.0,0.0
5.649317466630411e-89,0.9999999999999966,0.0,0.0
5.5791405180008646e-89,0.9999999999999966,0.0,0.0
5.509835321427748e-89,0.9999999999999966,0.0,0.0
5.441391047833097e-89,0.9999999999999966,0.0,0.0
5.373797002659917e-89,0.9999999999999966,0.0,0.0
5.307042624201131e-89,0.9999999999999966,0.0,0.0
5.2411174819492985e-89,0.9999999999999966,0.0,0.0
5.1760112749668204e-89,0.9999999999999966,0.0,0.0
5.111713830276399e-89,0.9999999999999966,0.0,0.0
5.0482151012714934e-89,0.9999999999999966,0.0,0.0
4.98550516614651e-89,0.9999999999999966,0.0,0.0
4.9235742263465056e-89,0.9999999999999966,0.0,0.0
4.8624126050361415e-89,0.9999999999999966,0.0,0.0
4.802010745587657e-89,0.9999999999999966,0.0,0.0
4.742359210087629e-89,0.9999999999999966,0.0,0.0
4.683448677862277e-89,0.9999999999999966,0.0,0.0
4.6252699440210904e-89,0.9999999999999966,0.0,0.0
4.567813918018545e-89,0.9999999999999966,0.0,0.0
4.511071622233686e-89,0.9999999999999966,0.0,0.0
4.455034190567358e-89,0.9999999999999966,0.0,0.0
4.399692867056857e-89,0.9999999999999966,0.0,0.0
4.3450390045077956e-89,0.9999999999999966,0.0,0.0
4.29106406314296e-89,0.9999999999999966,0.0,0.0
4.2377596092679525e-89,0.9999999999999966,0.0,0.0
4.1851173139534095e-89,0.9999999999999966,0.0,0.0
4.133128951733591e-89,0.9999999999999966,0.0,0.0
4.0817863993211306e-89,0.9999999999999966,0.0,0.0
4.031081634337762e-89,0.9999999999999966,0.0,0.0
3.981006734060798e-89,0.9999999999999966,0.0,0.0
3.9315538741851965e-89,0.9999999999999966,0.0,0.0
3.8827153276009926e-89,0.9999999999999966,0.0,0.0
3.8344834631859225e-89,0.9999999999999966,0.0,0.0
3.7868507446130464e-89,0.9999999999999966,0.0,0.0
3.7398097291731794e-89,0.9999999999999966,0.0,0.0
3.693353066611958e-89,0.9999999999999966,0.0,0.0
3.647473497981343e-89,0.9999999999999966,0.0,0.0
3.602163854505396e-89,0.9999999999999966,0.0,0.0
3.5574170564601426e-89,0.9999999999999966,0.0,0.0
3.513226112067354e-89,0.9999999999999966,0.0,0.0
3.469584116402064e-89,0.9999999999999966,0.0,0.0
3.426484250313663e-89,0.9999999999999966,0.0,0.0
3.3839197793603896e-89,0.9999999999999966,0.0,0.0
3.341884052757062e-89,0.9999999999999966,0.0,0.0
3.3003705023358795e-89,0.9999999999999966,0.0,0.0
3.259372641520131e-89,0.9999999999999966,0.0,0.0
3.2188840643106545e-89,0.9999999999999966,0.0,0.0
3.17889844428489e-89,0.9999999999999966,0.0,0.0
3.1394095336083614e-89,0.9999999999999966,0.0,0.0
3.1004111620584352e-89,0.9999999999999966,0.0,0.0
3.0618972360602166e-89,0.9999999999999966,0.0,0.0
3.0238617377344144e-89,0.9999999999999966,0.0,0.0
2.986298723957033e-89,0.9999999999999966,0.0,0.0
2.9492023254307507e-89,0.9999999999999966,0.0,0.0
2.9125667457678256e-89,0.9999999999999966,0.0,0.0
2.876386260584403e-89,0.9999999999999966,0.0,0.0
2.840655216606065e-89,0.9999999999999966,0.0,0.0
2.8053680307844973e-89,0.9999999999999966,0.0,0.0
2.7705191894251248e-89,0.9999999999999966,0.0,0.0
2.736103247325587e-89,0.9999999999999966,0.0,0.0
2.702114826924914e-89,0.9999999999999966,0.0,0.0
2.6685486174632687e-89,0.9999999999999966,0.0,0.0
2.6353993741521358e-89,0.9999999999999966,0.0,0.0
2.602661917354806e-89,0.9999999999999966,0.0,0.0
2.570331131777053e-89,0.9999999999999966,0.0,0.0
2.538401965667854e-89,0.9999999999999966,0.0,0.0
2.5068694300300466e-89,0.9999999999999966,0.0,0.0
2.475728597840786e-89,0.9999999999999966,0.0,0.0
2.4449746032816877e-89,0.9999999999999966,0.0,0.0
2.4146026409785347e-89,0.9999999999999966,0.0,0.0
2.3846079652504264e-89,0.9999999999999966,0.0,0.0
2.354985889368258e-89,0.9999999999999966,0.0,0.0
2.3257317848224082e-89,0.9999999999999966,0.0,0.0
2.296841080599525e-89,0.9999999999999966,0.0,0.0
2.2683092624682985e-89,0.9999999999999966,0.0,0.0
2.2401318722740972e-89,0.9999999999999966,0.0,0.0
2.2123045072423787e-89,0.9999999999999966,0.0,0.0
2.1848228192907432e-89,0.9999999999999966,0.0,0.0
2.1576825143495377e-89,0.9999999999999966,0.0,0.0
2.1308793516909003e-89,0.9999999999999966,0.0,0.0
2.1044091432661354e-89,0.9999999999999966,0.0,0.0
2.078267753051324e-89,0.9999999999999966,0.0,0.0
2.0524510964010618e-89,0.9999999999999966,0.0,0.0
2.026955139410225e-89,0.9999999999999966,0.0,0.0
2.001775898283663e-89,0.9999999999999966,0.0,0.0
1.976909438713724e-89,0.9999999999999966,0.0,0.0
1.9523518752655104e-89,0.9999999999999966,0.0,0.0
1.9280993707697724e-89,0.9999999999999966,0.0,0.0
1.9041481357233418e-89,0.9999999999999966,0.0,0.0
1.8804944276970154e-89,0.9999999999999966,0.0,0.0
1.857134550750791e-89,0.9999999999999966,0.0,0.0
1.834064854856372e-89,0.9999999999999966,0.0,0.0
1.8112817353268403e-89,0.9999999999999966,0.0,0.0
1.7887816322534187e-89,0.9999999999999966,0.0,0.0
1.766561029949226e-89,0.9999999999999966,0.0,0.0
1.7446164563999457e-89,0.9999999999999966,0.0,0.0
1.7229444827213157e-89,0.9999999999999966,0.0,0.0
1.701541722623358e-89,0.9999999999999966,0.0,0.0
1.680404831881264e-89,0.9999999999999966,0.0,0.0
1.659530507812854e-89,0.9999999999999966,0.0,0.0
1.6389154887625242e-89,0.9999999999999966,0.0,0.0
1.618556553591608e-89,0.9999999999999966,0.0,0.0
1.598450521175065e-89,0.9999999999999966,0.0,0.0
1.5785942499044258e-89,0.9999999999999966,0.0,0.0
1.5589846371969075e-89,0.9999999999999966,0.0,0.0
1.5396186190106302e-89,0.9999999999999966,0.0,0.0
1.5204931693658528e-89,0.9999999999999966,0.0,0.0
1.5016052998721586e-89,0.9999999999999966,0.0,0.0
1.4829520592615124e-89,0.9999999999999966,0.0,0.0
1.4645305329271202e-89,0.9999999999999966,0.0,0.0
1.4463378424680141e-89,0.9999999999999966,0.0,0.0
1.4283711452392981e-89,0.9999999999999966,0.0,0.0
1.4106276339079775e-89,0.9999999999999966,0.0,0.0
1.3931045360143085e-89,0.9999999999999966,0.0,0.0
1.3757991135385957e-89,0.9999999999999966,0.0,0.0
1.35870866247337e-89,0.9999999999999966,0.0,0.0
1.3418305124008823e-89,0.9999999999999966,0.0,0.0
1.3251620260758468e-89,0.9999999999999966,0.0,0.0
1.3087005990133634e-89,0.9999999999999966,0.0,0.0
1.2924436590819639e-89,0.9999999999999966,0.0,0.0
1.2763886661017097e-89,0.9999999999999966,0.0,0.0
1.2605331114472852e-89,0.9999999999999966,0.0,0.0
1.2448745176560175e-89,0.9999999999999966,0.0,0.0
1.2294104380407707e-89,0.9999999999999966,0.0,0.0
1.2141384563076439e-89,0.9999999999999966,0.0,0.0
1.199056186178421e-89,0.9999999999999966,0.0,0.0
1.1841612710177099e-89,0.9999999999999966,0.0,0.0
1.169451383464714e-89,0.9999999999999966,0.0,0.0
1.154924225069577e-89,0.9999999999999966,0.0,0.0
1.1405775259342445e-89,0.9999999999999966,0.0,0.0
1.1264090443577888e-89,0.9999999999999966,0.0,0.0
1.1124165664861387e-89,0.9999999999999966,0.0,0.0
1.0985979059661597e-89,0.9999999999999966,0.0,0.0
1.0849509036040321e-89,0.9999999999999966,0.0,0.0
1.0714734270278726e-89,0.9999999999999966,0.0,0.0
1.058163370354547e-89,0.9999999999999966,0.0,0.0
1.0450186538606216e-89,0.9999999999999966,0.0,0.0
1.0320372236574017e-89,0.9999999999999966,0.0,0.0
1.0192170513700078e-89,0.9999999999999966,0.0,0.0
1.0065561338204383e-89,0.9999999999999966,0.0,0.0
9.94052492714568e-90,0.9999999999999966,0.0,0.0
9.81704174333036e-90,0.9999999999999966,0.0,0.0
9.69509249225973e-90,0.9999999999999966,0.0,0.0
9.574658119115214e-90,0.9999999999999966,0.0,0.0
9.455719805780985e-90,0.9999999999999966,0.0,0.0
9.338258967903616e-90,0.9999999999999966,0.0,0.0
9.222257251988215e-90,0.9999999999999966,0.0,0.0
9.107696532530673e-90,0.9999999999999966,0.0,0.0
8.994558909185507e-90,0.9999999999999966,0.0,0.0
8.882826703968896e-90,0.9999999999999966,0.0,0.0
8.77248245849646e-90,0.9999999999999966,0.0,0.0
8.663508931255355e-90,0.9999999999999966,0.0,0.0
8.555889094910248e-90,0.9999999999999966,0.0,0.0
8.449606133642763e-90,0.9999999999999966,0.0,0.0
8.344643440523974e-90,0.9999999999999966,0.0,0.0
8.24098461491954e-90,0.9999999999999966,0.0,0.0
8.13861345992707e-90,0.9999999999999966,0.0,0.0
8.037513979845328e-90,0.9999999999999966,0.0,0.0
7.93767037767487e-90,0.9999999999999966,0.0,0.0
7.839067052649731e-90,0.9999999999999966,0.0,0.0
7.74168859779977e-90,0.9999999999999966,0.0,0.0
7.645519797543305e-90,0.9999999999999966,0.0,0.0
7.550545625309646e-90,0.9999999999999966,0.0,0.0
7.45675124119116e-90,0.9999999999999966,0.0,0.0
7.364121989624511e-90,0.9999999999999966,0.0,0.0
7.27264339710069e-90,0.9999999999999966,0.0,0.0
7.182301169903506e-90,0.9999999999999966,0.0,0.0
7.0930811918761636e-90,0.9999999999999966,0.0,0.0
7.004969522215582e-90,0.9999999999999966,0.0,0.0
6.917952393294118e-90,0.9999999999999966,0.0,0.0
6.8320162085083445e-90,0.9999999999999966,0.0,0.0
6.747147540154557e-90,0.9999999999999966,0.0,0.0
6.663333127330664e-90,0.9999999999999966,0.0,0.0
6.580559873864145e-90,0.9999999999999966,0.0,0.0
6.498814846265746e-90,0.9999999999999966,0.0,0.0
6.418085271708601e-90,0.9999999999999966,0.0,0.0
6.338358536032444e-90,0.9999999999999966,0.0,0.0
6.259622181772625e-90,0.9999999999999966,0.0,0.0
6.181863906213607e-90,0.9999999999999966,0.0,0.0
6.105071559466637e-90,0.9999999999999966,0.0,0.0
6.029233142571306e-90,0.9999999999999966,0.0,0.0
5.954336805620685e-90,0.9999999999999966,0.0,0.0
5.880370845909751e-90,0.9999999999999966,0.0,0.0
5.8073237061068215e-90,0.9999999999999966,0.0,0.0
5.7351839724476885e-90,0.9999999999999966,0.0,0.0
5.663940372952205e-90,0.9999999999999966,0.0,0.0
5.593581775663007e-90,0.9999999999999966,0.0,0.0
5.524097186906128e-90,0.9999999999999966,0.0,0.0
5.455475749573211e-90,0.9999999999999966,0.0,0.0
5.3877067414250665e-90,0.9999999999999966,0.0,0.0
5.320779573416298e-90,0.9999999999999966,0.0,0.0
5.254683788040744e-90,0.9999999999999966,0.0,0.0
5.189409057697471e-90,0.9999999999999966,0.0,0.0
5.124945183077064e-90,0.9999999999999966,0.0,0.0
5.061282091567965e-90,0.9999999999999966,0.0,0.0
4.998409835682608e-90,0.9999999999999966,0.0,0.0
4.936318591503099e-90,0.9999999999999966,0.0,0.0
4.874998657146213e-90,0.9999999999999966,0.0,0.0
4.814440451247454e-90,0.9999999999999966,0.0,0.0
4.7546345114639495e-90,0.9999999999999966,0.0,0.0
4.695571492995935e-90,0.9999999999999966,0.0,0.0
4.637242167126613e-90,0.9999999999999966,0.0,0.0
4.579637419780149e-90,0.9999999999999966,0.0,0.0
4.522748250097577e-90,0.9999999999999966,0.0,0.0
4.466565769030394e-90,0.9999999999999966,0.0,0.0
4.411081197951634e-90,0.9999999999999966,0.0,0.0
4.356285867284186e-90,0.9999999999999966,0.0,0.0
4.302171215146152e-90,0.9999999999999966,0.0,0.0
4.248728786013045e-90,0.9999999999999966,0.0,0.0
4.195950229396585e-90,0.9999999999999966,0.0,0.0
4.1438272985399255e-90,0.9999999999999966,0.0,0.0
4.092351849129079e-90,0.9999999999999966,0.0,0.0
4.04151583802035e-90,0.9999999999999966,0.0,0.0
3.99131132198358e-90,0.9999999999999966,0.0,0.0
3.941730456461e-90,0.9999999999999966,0.0,0.0
3.8927654943415014e-90,0.9999999999999966,0.0,0.0
3.8444087847501366e-90,0.9999999999999966,0.0,0.0
3.796652771852652e-90,0.9999999999999966,0.0,0.0
3.7494899936748755e-90,0.9999999999999966,0.0,0.0
3.7029130809367667e-90,0.9999999999999966,0.0,0.0
3.6569147559009517e-90,0.9999999999999966,0.0,0.0
3.6114878312355623e-90,0.9999999999999966,0.0,0.0
3.5666252088912e-90,0.9999999999999966,0.0,0.0
3.522319878991853e-90,0.9999999999999966,0.0,0.0
3.478564918739588e-90,0.9999999999999966,0.0,0.0
3.4353534913328484e-90,0.9999999999999966,0.0,0.0
3.392678844898189e-90,0.9999999999999966,0.0,0.0
3.350534311435286e-90,0.9999999999999966,0.0,0.0
3.308913305775044e-90,0.9999999999999966,0.0,0.0
3.267809324550654e-90,0.9999999999999966,0.0,0.0
3.2272159451814242e-90,0.9999999999999966,0.0,0.0
3.1871268248692435e-90,0.9999999999999966,0.0,0.0
3.147535699607504e-90,0.9999999999999966,0.0,0.0
3.1084363832023372e-90,0.9999999999999966,0.0,0.0
3.0698227663060093e-90,0.9999999999999966,0.0,0.0
3.031688815462322e-90,0.9999999999999966,0.0,0.0
2.994028572163875e-90,0.9999999999999966,0.0,0.0
2.9568361519210347e-90,0.9999999999999966,0.0,0.0
2.9201057433424718e-90,0.9999999999999966,0.0,0.0
2.88383160722712e-90,0.9999999999999966,0.0,0.0
2.8480080756674127e-90,0.9999999999999966,0.0,0.0
2.8126295511636634e-90,0.9999999999999966,0.0,0.0
2.7776905057494416e-90,0.9999999999999966,0.0,0.0
2.74318548012782e-90,0.9999999999999966,0.0,0.0
2.7091090828183466e-90,0.9999999999999966,0.0,0.0
2.6754559893146145e-90,0.9999999999999966,0.0,0.0
2.6422209412522986e-90,0.9999999999999966,0.0,0.0
2.609398745587524e-90,0.9999999999999966,0.0,0.0
2.5769842737854425e-90,0.9999999999999966,0.0,0.0
2.5449724610188902e-90,0.9999999999999966,0.0,0.0
2.5133583053769948e-90,0.9999999999999966,0.0,0.0
2.48213686708362e-90,0.9999999999999966,0.0,0.0
2.451303267725515e-90,0.9999999999999966,0.0,0.0
2.420852689490049e-90,0.9999999999999966,0.0,0.0
2.390780374412424e-90,0.9999999999999966,0.0,0.0
2.361081623632227e-90,0.9999999999999966,0.0,0.0
2.3317517966592297e-90,0.9999999999999966,0.0,0.0
2.302786310648296e-90,0.9999999999999966,0.0,0.0
2.2741806396833087e-90,0.9999999999999966,0.0,0.0
2.245930314069982e-90,0.9999999999999966,0.0,0.0
2.2180309196374648e-90,0.9999999999999966,0.0,0.0
2.190478097048618e-90,0.9999999999999966,0.0,0.0
2.1632675411188563e-90,0.9999999999999966,0.0,0.0
2.1363950001434573e-90,0.9999999999999966,0.0,0.0
2.109856275233223e-90,0.9999999999999966,0.0,0.0
2.083647219658394e-90,0.9999999999999966,0.0,0.0
2.057763738200716e-90,0.9999999999999966,0.0,0.0
2.0322017865135527e-90,0.9999999999999966,0.0,0.0
2.0069573704899485e-90,0.9999999999999966,0.0,0.0
1.982026545638541e-90,0.9999999999999966,0.0,0.0
1.9574054164672258e-90,0.9999999999999966,0.0,0.0
1.9330901358744806e-90,0.9999999999999966,0.0,0.0
1.9090769045482438e-90,0.9999999999999966,0.0,0.0
1.8853619703722672e-90,0.9999999999999966,0.0,0.0
1.861941627839839e-90,0.9999999999999966,0.0,0.0
1.8388122174747908e-90,0.9999999999999966,0.0,0.0
1.8159701252596973e-90,0.9999999999999966,0.0,0.0
1.793411782071179e-90,0.9999999999999966,0.0,0.0
1.7711336631222186e-90,0.9999999999999966,0.0,0.0
1.7491322874114068e-90,0.9999999999999966,0.0,0.0
1.727404217179028e-90,0.9999999999999966,0.0,0.0
1.7059460573699036e-90,0.9999999999999966,0.0,0.0
1.6847544551029078e-90,0.9999999999999966,0.0,0.0
1.6638260991470732e-90,0.9999999999999966,0.0,0.0
1.643157719404204e-90,0.9999999999999966,0.0,0.0
1.6227460863979163e-90,0.9999999999999966,0.0,0.0
1.6025880107690267e-90,0.9999999999999966,0.0,0.0
1.5826803427772073e-90,0.9999999999999966,0.0,0.0
1.5630199718088334e-90,0.9999999999999966,0.0,0.0
1.5436038258909432e-90,0.9999999999999966,0.0,0.0
1.5244288712112352e-90,0.9999999999999966,0.0,0.0
1.5054921116440309e-90,0.9999999999999966,0.0,0.0
1.4867905882821218e-90,0.9999999999999966,0.0,0.0
1.4683213789744352e-90,0.9999999999999966,0.0,0.0
1.4500815978694421e-90,0.9999999999999966,0.0,0.0
1.4320683949642367e-90,0.9999999999999966,0.0,0.0
1.4142789556592183e-90,0.9999999999999966,0.0,0.0
1.3967105003183038e-90,0.9999999999999966,0.0,0.0
1.3793602838346038e-90,0.9999999999999966,0.0,0.0
1.3622255952014947e-90,0.9999999999999966,0.0,0.0
1.3453037570890177e-90,0.9999999999999966,0.0,0.0
1.328592125425541e-90,0.9999999999999966,0.0,0.0
1.3120880889846186e-90,0.9999999999999966,0.0,0.0
1.2957890689769798e-90,0.9999999999999966,0.0,0.0
1.2796925186475885e-90,0.9999999999999966,0.0,0.0
1.2637959228777087e-90,0.9999999999999966,0.0,0.0
1.24809679779191e-90,0.9999999999999966,0.0,0.0
1.2325926903699587e-90,0.9999999999999966,0.0,0.0
1.2172811780635277e-90,0.9999999999999966,0.0,0.0
1.2021598684176689e-90,0.9999999999999966,0.0,0.0
1.1872263986969861e-90,0.9999999999999966,0.0,0.0
1.1724784355164546e-90,0.9999999999999966,0.0,0.0
1.1579136744768231e-90,0.9999999999999966,0.0,0.0
1.1435298398045478e-90,0.9999999999999966,0.0,0.0
1.129324683996198e-90,0.9999999999999966,0.0,0.0
1.115295987467279e-90,0.9999999999999966,0.0,0.0
1.1014415582054174e-90,0.9999999999999966,0.0,0.0
1.087759231427855e-90,0.9999999999999966,0.0,0.0
1.0742468692431965e-90,0.9999999999999966,0.0,0.0
1.0609023603173605e-90,0.9999999999999966,0.0,0.0
1.0477236195436788e-90,0.9999999999999966,0.0,0.0
1.0347085877170935e-90,0.9999999999999966,0.0,0.0
1.0218552312124035e-90,0.9999999999999966,0.0,0.0
1.0091615416665056e-90,0.9999999999999966,0.0,0.0
9.96625535664583e-91,0.9999999999999966,0.0,0.0
9.842452544301948e-91,0.9999999999999966,0.0,0.0
9.720187635192102e-91,0.9999999999999966,0.0,0.0
9.599441525175507e-91,0.9999999999999966,0.0,0.0
9.48019534742682e-91,0.9999999999999966,0.0,0.0
9.362430469488167e-91,0.9999999999999966,0.0,0.0
9.246128490357782e-91,0.9999999999999966,0.0,0.0
9.131271237614817e-91,0.9999999999999966,0.0,0.0
9.017840764579858e-91,0.9999999999999966,0.0,0.0
8.905819347510724e-91,0.9999999999999966,0.0,0.0
8.795189482833097e-91,0.9999999999999966,0.0,0.0
8.68593388440555e-91,0.9999999999999966,0.0,0.0
8.578035480818552e-91,0.9999999999999966,0.0,0.0
8.471477412727031e-91,0.9999999999999966,0.0,0.0
8.366243030216059e-91,0.9999999999999966,0.0,0.0
8.262315890199274e-91,0.9999999999999966,0.0,0.0
8.159679753849613e-91,0.9999999999999966,0.0,0.0
8.058318584061965e-91,0.9999999999999966,0.0,0.0
7.958216542947335e-91,0.9999999999999966,0.0,0.0
7.859357989358146e-91,0.9999999999999966,0.0,0.0
7.761727476444279e-91,0.9999999999999966,0.0,0.0
7.665309749239464e-91,0.9999999999999966,0.0,0.0
7.57008974227767e-91,0.9999999999999966,0.0,0.0
7.476052577239088e-91,0.9999999999999966,0.0,0.0
7.383183560625365e-91,0.9999999999999966,0.0,0.0
7.291468181463719e-91,0.9999999999999966,0.0,0.0
7.200892109039565e-91,0.9999999999999966,0.0,0.0
7.111441190657316e-91,0.9999999999999966,0.0,0.0
7.023101449428988e-91,0.9999999999999966,0.0,0.0
6.935859082090295e-91,0.9999999999999966,0.0,0.0
6.849700456843846e-91,0.9999999999999966,0.0,0.0
6.764612111229166e-91,0.9999999999999966,0.0,0.0
6.680580750019139e-91,0.9999999999999966,0.0,0.0
6.597593243142622e-91,0.9999999999999966,0.0,0.0
6.515636623632828e-91,0.9999999999999966,0.0,0.0
6.434698085601223e-91,0.9999999999999966,0.0,0.0
6.354764982236577e-91,0.9999999999999966,0.0,0.0
6.275824823828866e-91,0.9999999999999966,0.0,0.0
6.197865275817739e-91,0.9999999999999966,0.0,0.0
6.120874156865215e-91,0.9999999999999966,0.0,0.0
6.044839436952325e-91,0.9999999999999966,0.0,0.0
5.969749235499391e-91,0.9999999999999966,0.0,0.0
5.895591819509669e-91,0.9999999999999966,0.0,0.0
5.822355601736041e-91,0.9999999999999966,0.0,0.0
5.750029138870486e-91,0.9999999999999966,0.0,0.0
5.678601129756035e-91,0.9999999999999966,0.0,0.0
5.608060413620947e-91,0.9999999999999966,0.0,0.0
5.538395968334814e-91,0.9999999999999966,0.0,0.0
5.469596908686333e-91,0.9999999999999966,0.0,0.0
5.401652484682462e-91,0.9999999999999966,0.0,0.0
5.334552079868725e-91,0.9999999999999966,0.0,0.0
5.268285209670354e-91,0.9999999999999966,0.0,0.0
5.202841519754066e-91,0.9999999999999966,0.0,0.0
5.138210784410167e-91,0.9999999999999966,0.0,0.0
5.074382904954774e-91,0.9999999999999966,0.0,0.0
5.011347908151867e-91,0.9999999999999966,0.0,0.0
4.949095944654953e-91,0.9999999999999966,0.0,0.0
4.887617287468087e-91,0.9999999999999966,0.0,0.0
4.8269023304260085e-91,0.9999999999999966,0.0,0.0
4.766941586693158e-91,0.9999999999999966,0.0,0.0
4.7077256872813404e-91,0.9999999999999966,0.0,0.0
4.6492453795858e-91,0.9999999999999966,0.0,0.0
4.5914915259394843e-91,0.9999999999999966,0.0,0.0
4.534455102185264e-91,0.9999999999999966,0.0,0.0
4.4781271962658887e-91,0.9999999999999966,0.0,0.0
4.4224990068314636e-91,0.9999999999999966,0.0,0.0
4.367561841864215e-91,0.9999999999999966,0.0,0.0
4.313307117320352e-91,0.9999999999999966,0.0,0.0
4.2597263557887837e-91,0.9999999999999966,0.0,0.0
4.2068111851665146e-91,0.9999999999999966,0.0,0.0
4.1545533373504817e-91,0.9999999999999966,0.0,0.0
4.102944646945647e-91,0.9999999999999966,0.0,0.0
4.0519770499891393e-91,0.9999999999999966,0.0,0.0
4.001642582690244e-91,0.9999999999999966,0.0,0.0
3.9519333801860415e-91,0.9999999999999966,0.0,0.0
3.9028416753125106e-91,0.9999999999999966,0.0,0.0
3.8543597973908895e-91,0.9999999999999966,0.0,0.0
3.8064801710291195e-91,0.9999999999999966,0.0,0.0
3.7591953149381716e-91,0.9999999999999966,0.0,0.0
3.712497840763084e-91,0.9999999999999966,0.0,0.0
3.6663804519285125e-91,0.9999999999999966,0.0,0.0
3.6208359424986277e-91,0.9999999999999966,0.0,0.0
3.575857196051174e-91,0.9999999999999966,0.0,0.0
3.5314371845655113e-91,0.9999999999999966,0.0,0.0
3.487568967324475e-91,0.9999999999999966,0.0,0.0
3.4442456898298734e-91,0.9999999999999966,0.0,0.0
3.4014605827314586e-91,0.9999999999999966,0.0,0.0
3.359206960769203e-91,0.9999999999999966,0.0,0.0
3.3174782217287106e-91,0.9999999999999966,0.0,0.0
3.2762678454096126e-91,0.9999999999999966,0.0,0.0
3.235569392606768e-91,0.9999999999999966,0.0,0.0
3.1953765041041277e-91,0.9999999999999966,0.0,0.0
3.155682899681092e-91,0.9999999999999966,0.0,0.0
3.116482377131215e-91,0.9999999999999966,0.0,0.0
3.077768811293098e-91,0.9999999999999966,0.0,0.0
3.0395361530933165e-91,0.9999999999999966,0.0,0.0
3.001778428601245e-91,0.9999999999999966,0.0,0.0
2.9644897380956155e-91,0.9999999999999966,0.0,0.0
2.9276642551426745e-91,0.9999999999999966,0.0,0.0
2.89129622568579e-91,0.9999999999999966,0.0,0.0
2.8553799671463714e-91,0.9999999999999966,0.0,0.0
2.819909867535951e-91,0.9999999999999966,0.0,0.0
2.7848803845793043e-91,0.9999999999999966,0.0,0.0
2.7502860448484515e-91,0.9999999999999966,0.0,0.0
2.7161214429074303e-91,0.9999999999999966,0.0,0.0
2.6823812404676804e-91,0.9999999999999966,0.0,0.0
2.6490601655539286e-91,0.9999999999999966,0.0,0.0
2.6161530116804295e-91,0.9999999999999966,0.0,0.0
2.583654637037442e-91,0.9999999999999966,0.0,0.0
2.5515599636878114e-91,0.9999999999999966,0.0,0.0
2.519863976773532e-91,0.9999999999999966,0.0,0.0
2.488561723732165e-91,0.9999999999999966,0.0,0.0
2.4576483135229896e-91,0.9999999999999966,0.0,0.0
2.4271189158627683e-91,0.9999999999999966,0.0,0.0
2.3969687604710065e-91,0.9999999999999966,0.0,0.0
2.367193136324585e-91,0.9999999999999966,0.0,0.0
2.3377873909216543e-91,0.9999999999999966,0.0,0.0
2.3087469295546702e-91,0.9999999999999966,0.0,0.0
2.2800672145924627e-91,0.9999999999999966,0.0,0.0
2.2517437647712214e-91,0.9999999999999966,0.0,0.0
2.2237721544942895e-91,0.9999999999999966,0.0,0.0
2.1961480131406544e-91,0.9999999999999966,0.0,0.0
2.168867024382029e-91,0.9999999999999966,0.0,0.0
2.141924925508418e-91,0.9999999999999966,0.0,0.0
2.1153175067620602e-91,0.9999999999999966,0.0,0.0
2.089040610679645e-91,0.9999999999999966,0.0,0.0
2.0630901314427004e-91,0.9999999999999966,0.0,0.0
2.0374620142360507e-91,0.9999999999999966,0.0,0.0
2.0121522546142432e-91,0.9999999999999966,0.0,0.0
1.9871568978758453e-91,0.9999999999999966,0.0,0.0
1.962472038445515e-91,0.9999999999999966,0.0,0.0
1.9380938192637462e-91,0.9999999999999966,0.0,0.0
1.9140184311841954e-91,0.9999999999999966,0.0,0.0
1.890242112378495e-91,0.9999999999999966,0.0,0.0
1.8667611477484593e-91,0.9999999999999966,0.0,0.0
1.8435718683455947e-91,0.9999999999999966,0.0,0.0
1.820670650797817e-91,0.9999999999999966,0.0,0.0
1.7980539167432923e-91,0.9999999999999966,0.0,0.0
1.7757181322713122e-91,0.9999999999999966,0.0,0.0
1.7536598073701124e-91,0.9999999999999966,0.0,0.0
1.7318754953815497e-91,0.9999999999999966,0.0,0.0
1.7103617924625576e-91,0.9999999999999966,0.0,0.0
1.689115337053286e-91,0.9999999999999966,0.0,0.0
1.668132809351852e-91,0.9999999999999966,0.0,0.0
1.6474109307956146e-91,0.9999999999999966,0.0,0.0
1.626946463548892e-91,0.9999999999999966,0.0,0.0
1.6067362099970423e-91,0.9999999999999966,0.0,0.0
1.5867770122468318e-91,0.9999999999999966,0.0,0.0
1.567065751633006e-91,0.9999999999999966,0.0,0.0
1.5475993482309923e-91,0.9999999999999966,0.0,0.0
1.5283747603756552e-91,0.9999999999999966,0.0,0.0
1.5093889841860317e-91,0.9999999999999966,0.0,0.0
1.4906390530959657e-91,0.9999999999999966,0.0,0.0
1.472122037390579e-91,0.9999999999999966,0.0,0.0
1.4538350437484957e-91,0.9999999999999966,0.0,0.0
1.435775214789755e-91,0.9999999999999966,0.0,0.0
1.4179397286293402e-91,0.9999999999999966,0.0,0.0
1.4003257984362536e-91,0.9999999999999966,0.0,0.0
1.3829306719980676e-91,0.9999999999999966,0.0,0.0
1.3657516312908868e-91,0.9999999999999966,0.0,0.0
1.3487859920546507e-91,0.9999999999999966,0.0,0.0
1.3320311033737128e-91,0.9999999999999966,0.0,0.0
1.3154843472626297e-91,0.9999999999999966,0.0,0.0
1.299143138257096e-91,0.9999999999999966,0.0,0.0
1.2830049230099582e-91,0.9999999999999966,0.0,0.0
1.2670671798922524e-91,0.9999999999999966,0.0,0.0
1.2513274185991914e-91,0.9999999999999966,0.0,0.0
1.2357831797610517e-91,0.9999999999999966,0.0,0.0
1.2204320345588905e-91,0.9999999999999966,0.0,0.0
1.2052715843450389e-91,0.9999999999999966,0.0,0.0
1.1902994602683081e-91,0.9999999999999966,0.0,0.0
1.1755133229038507e-91,0.9999999999999966,0.0,0.0
1.1609108618876219e-91,0.9999999999999966,0.0,0.0
1.1464897955553801e-91,0.9999999999999966,0.0,0.0
1.1322478705861717e-91,0.9999999999999966,0.0,0.0
1.1181828616502458e-91,0.9999999999999966,0.0,0.0
1.1042925710613416e-91,0.9999999999999966,0.0,0.0
1.0905748284332956e-91,0.9999999999999966,0.0,0.0
1.077027490340914e-91,0.9999999999999966,0.0,0.0
1.0636484399850584e-91,0.9999999999999966,0.0,0.0
1.0504355868618916e-91,0.9999999999999966,0.0,0.0
1.0373868664362323e-91,0.9999999999999966,0.0,0.0
1.024500239818967e-91,0.9999999999999966,0.0,0.0
1.0117736934484694e-91,0.9999999999999966,0.0,0.0
9.99205238775978e-92,0.9999999999999966,0.0,0.0
9.867929119548797e-92,0.9999999999999966,0.0,0.0
9.745347735338568e-92,0.9999999999999966,0.0,0.0
9.624289081538424e-92,0.9999999999999966,0.0,0.0
9.504734242487421e-92,0.9999999999999966,0.0,0.0
9.386664537498727e-92,0.9999999999999966,0.0,0.0
9.270061517940732e-92,0.9999999999999966,0.0,0.0
9.154906964354407e-92,0.9999999999999966,0.0,0.0
9.041182883606475e-92,0.9999999999999966,0.0,0.0
8.928871506077958e-92,0.9999999999999966,0.0,0.0
8.81795528288762e-92,0.9999999999999966,0.0,0.0
8.708416883149937e-92,0.9999999999999966,0.0,0.0
8.600239191267097e-92,0.9999999999999966,0.0,0.0
8.493405304254664e-92,0.9999999999999966,0.0,0.0
8.387898529100441e-92,0.9999999999999966,0.0,0.0
8.283702380156166e-92,0.9999999999999966,0.0,0.0
8.18080057656158e-92,0.9999999999999966,0.0,0.0
8.079177039700524e-92,0.9999999999999966,0.0,0.0
7.978815890688616e-92,0.9999999999999966,0.0,0.0
7.879701447892142e-92,0.9999999999999966,0.0,0.0
7.781818224477773e-92,0.9999999999999966,0.0,0.0
7.68515092599271e-92,0.9999999999999966,0.0,0.0
7.589684447974901e-92,0.9999999999999966,0.0,0.0
7.495403873592933e-92,0.9999999999999966,0.0,0.0
7.402294471315252e-92,0.9999999999999966,0.0,0.0
7.31034169260832e-92,0.9999999999999966,0.0,0.0
7.219531169663396e-92,0.9999999999999966,0.0,0.0
7.129848713151518e-92,0.9999999999999966,0.0,0.0
7.041280310006402e-92,0.9999999999999966,0.0,0.0
6.953812121234868e-92,0.9999999999999966,0.0,0.0
6.867430479754471e-92,0.9999999999999966,0.0,0.0
6.782121888257989e-92,0.9999999999999966,0.0,0.0
6.697873017104448e-92,0.9999999999999966,0.0,0.0
6.614670702236327e-92,0.9999999999999966,0.0,0.0
6.532501943122657e-92,0.9999999999999966,0.0,0.0
6.451353900727659e-92,0.9999999999999966,0.0,0.0
6.371213895504616e-92,0.9999999999999966,0.0,0.0
6.292069405414673e-92,0.9999999999999966,0.0,0.0
6.213908063970236e-92,0.9999999999999966,0.0,0.0
6.136717658302688e-92,0.9999999999999966,0.0,0.0
6.060486127254106e-92,0.9999999999999966,0.0,0.0
5.985201559492673e-92,0.9999999999999966,0.0,0.0
5.910852191651512e-92,0.9999999999999966,0.0,0.0
5.83742640649064e-92,0.9999999999999966,0.0,0.0
5.7649127310817434e-92,0.9999999999999966,0.0,0.0
5.693299835015514e-92,0.9999999999999966,0.0,0.0
5.622576528631248e-92,0.9999999999999966,0.0,0.0
5.55273176126844e-92,0.9999999999999966,0.0,0.0
5.483754619540095e-92,0.9999999999999966,0.0,0.0
5.4156343256274856e-92,0.9999999999999966,0.0,0.0
5.348360235596101e-92,0.9999999999999966,0.0,0.0
5.281921837732508e-92,0.9999999999999966,0.0,0.0
5.2163087509018754e-92,0.9999999999999966,0.0,0.0
5.151510722925899e-92,0.9999999999999966,0.0,0.0
5.087517628980878e-92,0.9999999999999966,0.0,0.0
5.024319470015694e-92,0.9999999999999966,0.0,0.0
4.9619063711894344e-92,0.9999999999999966,0.0,0.0
4.900268580328432e-92,0.9999999999999966,0.0,0.0
4.839396466402463e-92,0.9999999999999966,0.0,0.0
4.7792805180198886e-92,0.9999999999999966,0.0,0.0
4.719911341941469e-92,0.9999999999999966,0.0,0.0
4.661279661612659e-92,0.9999999999999966,0.0,0.0
4.603376315714123e-92,0.9999999999999966,0.0,0.0
4.546192256730264e-92,0.9999999999999966,0.0,0.0
4.4897185495355265e-92,0.9999999999999966,0.0,0.0
4.433946369998269e-92,0.9999999999999966,0.0,0.0
4.378867003601974e-92,0.9999999999999966,0.0,0.0
4.324471844083583e-92,0.9999999999999966,0.0,0.0
4.270752392088759e-92,0.9999999999999966,0.0,0.0
4.217700253843838e-92,0.9999999999999966,0.0,0.0
4.165307139844287e-92,0.9999999999999966,0.0,0.0
4.113564863559453e-92,0.9999999999999966,0.0,0.0
4.062465340153397e-92,0.9999999999999966,0.0,0.0
4.01200058522163e-92,0.9999999999999966,0.0,0.0
3.962162713543525e-92,0.9999999999999966,0.0,0.0
3.9129439378502385e-92,0.9999999999999966,0.0,0.0
3.864336567607936e-92,0.9999999999999966,0.0,0.0
3.8163330078161284e-92,0.9999999999999966,0.0,0.0
3.768925757820936e-92,0.9999999999999966,0.0,0.0
3.7221074101431006e-92,0.9999999999999966,0.0,0.0
3.675870649320547e-92,0.9999999999999966,0.0,0.0
3.63020825076533e-92,0.9999999999999966,0.0,0.0
3.585113079634779e-92,0.9999999999999966,0.0,0.0
3.540578089716659e-92,0.9999999999999966,0.0,0.0
3.4965963223281915e-92,0.9999999999999966,0.0,0.0
3.453160905228745e-92,0.9999999999999966,0.0,0.0
3.410265051546028e-92,0.9999999999999966,0.0,0.0
3.3679020587156345e-92,0.9999999999999966,0.0,0.0
3.3260653074337484e-92,0.9999999999999966,0.0,0.0
3.2847482606228686e-92,0.9999999999999966,0.0,0.0
3.2439444624103716e-92,0.9999999999999966,0.0,0.0
3.2036475371197734e-92,0.9999999999999966,0.0,0.0
3.163851188274517e-92,0.9999999999999966,0.0,0.0
3.12454919761413e-92,0.9999999999999966,0.0,0.0
3.085735424122615e-92,0.9999999999999966,0.0,0.0
3.0474038030688975e-92,0.9999999999999966,0.0,0.0
3.009548345059205e-92,0.9999999999999966,0.0,0.0
2.9721631351012088e-92,0.9999999999999966,0.0,0.0
2.9352423316797937e-92,0.9999999999999966,0.0,0.0
2.898780165844312e-92,0.9999999999999966,0.0,0.0
2.862770940307171e-92,0.9999999999999966,0.0,0.0
2.8272090285536216e-92,0.9999999999999966,0.0,0.0
2.7920888739626043e-92,0.9999999999999966,0.0,0.0
2.757404988938513e-92,0.9999999999999966,0.0,0.0
2.7231519540537503e-92,0.9999999999999966,0.0,0.0
2.689324417201929e-92,0.9999999999999966,0.0,0.0
2.6559170927615955e-92,0.9999999999999966,0.0,0.0
2.6229247607703413e-92,0.9999999999999966,0.0,0.0
2.5903422661091705e-92,0.9999999999999966,0.0,0.0
2.558164517697005e-92,0.9999999999999966,0.0,0.0
2.5263864876951916e-92,0.9999999999999966,0.0,0.0
2.4950032107218915e-92,0.9999999999999966,0.0,0.0
2.4640097830762296e-92,0.9999999999999966,0.0,0.0
2.433401361972082e-92,0.9999999999999966,0.0,0.0
2.40317316478138e-92,0.9999999999999966,0.0,0.0
2.3733204682868144e-92,0.9999999999999966,0.0,0.0
2.343838607943824e-92,0.9999999999999966,0.0,0.0
2.3147229771517512e-92,0.9999999999999966,0.0,0.0
2.2859690265340497e-92,0.9999999999999966,0.0,0.0
2.257572263227438e-92,0.9999999999999966,0.0,0.0
2.229528250179876e-92,0.9999999999999966,0.0,0.0
2.2018326054572726e-92,0.9999999999999966,0.0,0.0
2.1744810015587936e-92,0.9999999999999966,0.0,0.0
2.1474691647406845e-92,0.9999999999999966,0.0,0.0
2.1207928743484882e-92,0.9999999999999966,0.0,0.0
2.0944479621575588e-92,0.9999999999999966,0.0,0.0
2.0684303117217695e-92,0.9999999999999966,0.0,0.0
2.0427358577303084e-92,0.9999999999999966,0.0,0.0
2.0173605853724646e-92,0.9999999999999966,0.0,0.0
1.9923005297103078e-92,0.9999999999999966,0.0,0.0
1.967551775059157e-92,0.9999999999999966,0.0,0.0
1.9431104543757477e-92,0.9999999999999966,0.0,0.0
1.918972748653999e-92,0.9999999999999966,0.0,0.0
1.8951348863282844e-92,0.9999999999999966,0.0,0.0
1.871593142684119e-92,0.9999999999999966,0.0,0.0
1.8483438392761632e-92,0.9999999999999966,0.0,0.0
1.8253833433534603e-92,0.9999999999999966,0.0,0.0
1.8027080672918108e-92,0.9999999999999966,0.0,0.0
1.7803144680331976e-92,0.9999999999999966,0.0,0.0
1.758199046532178e-92,0.9999999999999966,0.0,0.0
1.73635834720915e-92,0.9999999999999966,0.0,0.0
1.7147889574104103e-92,0.9999999999999966,0.0,0.0
1.693487506874921e-92,0.9999999999999966,0.0,0.0
1.672450667207699e-92,0.9999999999999966,0.0,0.0
1.6516751513597488e-92,0.9999999999999966,0.0,0.0
1.631157713114451e-92,0.9999999999999966,0.0,0.0
1.6108951465803388e-92,0.9999999999999966,0.0,0.0
1.590884285690168e-92,0.9999999999999966,0.0,0.0
1.5711220037062134e-92,0.9999999999999966,0.0,0.0
1.5516052127317095e-92,0.9999999999999966,0.0,0.0
1.5323308632283603e-92,0.9999999999999966,0.0,0.0
1.5132959435398438e-92,0.9999999999999966,0.0,0.0
1.4944974794212324e-92,0.9999999999999966,0.0,0.0
1.4759325335742634e-92,0.9999999999999966,0.0,0.0
1.4575982051883786e-92,0.9999999999999966,0.0,0.0
1.4394916294874675e-92,0.9999999999999966,0.0,0.0
1.4216099772822399e-92,0.9999999999999966,0.0,0.0
1.403950454528159e-92,0.9999999999999966,0.0,0.0
1.3865103018888673e-92,0.9999999999999966,0.0,0.0
1.3692867943050339e-92,0.9999999999999966,0.0,0.0
1.3522772405685582e-92,0.9999999999999966,0.0,0.0
1.3354789829020641e-92,0.9999999999999966,0.0,0.0
1.3188893965436156e-92,0.9999999999999966,0.0,0.0
1.3025058893365937e-92,0.9999999999999966,0.0,0.0
1.2863259013246658e-92,0.9999999999999966,0.0,0.0
1.2703469043517875e-92,0.9999999999999966,0.0,0.0
1.2545664016671735e-92,0.9999999999999966,0.0,0.0
1.2389819275351746e-92,0.9999999999999966,0.0,0.0
1.2235910468500016e-92,0.9999999999999966,0.0,0.0
1.208391354755236e-92,0.9999999999999966,0.0,0.0
1.193380476268064e-92,0.9999999999999966,0.0,0.0
1.1785560659081841e-92,0.9999999999999966,0.0,0.0
1.1639158073313175e-92,0.9999999999999966,0.0,0.0
1.1494574129672768e-92,0.9999999999999966,0.0,0.0
1.1351786236625277e-92,0.9999999999999966,0.0,0.0
1.1210772083271916e-92,0.9999999999999966,0.0,0.0
1.107150963586434e-92,0.9999999999999966,0.0,0.0
1.0933977134361816e-92,0.9999999999999966,0.0,0.0
1.0798153089031186e-92,0.9999999999999966,0.0,0.0
1.0664016277089035e-92,0.9999999999999966,0.0,0.0
1.0531545739385603e-92,0.9999999999999966,0.0,0.0
1.040072077712987e-92,0.9999999999999966,0.0,0.0
1.0271520948655327e-92,0.9999999999999966,0.0,0.0
1.0143926066225923e-92,0.9999999999999966,0.0,0.0
1.001791619288169e-92,0.9999999999999966,0.0,0.0
9.893471639323562e-93,0.9999999999999966,0.0,0.0
9.770572960836868e-93,0.9999999999999966,0.0,0.0
9.649200954253063e-93,0.9999999999999966,0.0,0.0
9.529336654949189e-93,0.9999999999999966,0.0,0.0
9.410961333884627e-93,0.9999999999999966,0.0,0.0
9.294056494674629e-93,0.9999999999999966,0.0,0.0
9.17860387070023e-93,0.9999999999999966,0.0,0.0
9.064585422254053e-93,0.9999999999999966,0.0,0.0
8.951983333721564e-93,0.9999999999999966,0.0,0.0
8.840780010797346e-93,0.9999999999999966,0.0,0.0
8.730958077735952e-93,0.9999999999999966,0.0,0.0
8.622500374636916e-93,0.9999999999999966,0.0,0.0
8.515389954763479e-93,0.9999999999999966,0.0,0.0
8.409610081894619e-93,0.9999999999999966,0.0,0.0
8.305144227710002e-93,0.9999999999999966,0.0,0.0
8.201976069207376e-93,0.9999999999999966,0.0,0.0
8.100089486152088e-93,0.9999999999999966,0.0,0.0
7.99946855855825e-93,0.9999999999999966,0.0,0.0
7.900097564201217e-93,0.9999999999999966,0.0,0.0
7.801960976160957e-93,0.9999999999999966,0.0,0.0
7.705043460395936e-93,0.9999999999999966,0.0,0.0
7.6093298733471385e-93,0.9999999999999966,0.0,0.0
7.514805259571864e-93,0.9999999999999966,0.0,0.0
7.421454849406904e-93,0.9999999999999966,0.0,0.0
7.329264056660756e-93,0.9999999999999966,0.0,0.0
7.238218476334492e-93,0.9999999999999966,0.0,0.0
7.148303882370962e-93,0.9999999999999966,0.0,0.0
7.0595062254319285e-93,0.9999999999999966,0.0,0.0
6.9718116307028435e-93,0.9999999999999966,0.0,0.0
6.8852063957248685e-93,0.9999999999999966,0.0,0.0
6.799676988253845e-93,0.9999999999999966,0.0,0.0
6.715210044145849e-93,0.9999999999999966,0.0,0.0
6.63179236526902e-93,0.9999999999999966,0.0,0.0
6.549410917441325e-93,0.9999999999999966,0.0,0.0
6.46805282839394e-93,0.9999999999999966,0.0,0.0
6.3877053857599305e-93,0.9999999999999966,0.0,0.0
6.308356035087924e-93,0.9999999999999966,0.0,0.0
6.2299923778804445e-93,0.9999999999999966,0.0,0.0
6.152602169656627e-93,0.9999999999999966,0.0,0.0
6.076173318038989e-93,0.9999999999999966,0.0,0.0
6.000693880863975e-93,0.9999999999999966,0.0,0.0
5.926152064315967e-93,0.9999999999999966,0.0,0.0
5.852536221084477e-93,0.9999999999999966,0.0,0.0
5.779834848544234e-93,0.9999999999999966,0.0,0.0
5.708036586957869e-93,0.9999999999999966,0.0,0.0
5.637130217700941e-93,0.9999999999999966,0.0,0.0
5.567104661508996e-93,0.9999999999999966,0.0,0.0
5.497948976746417e-93,0.9999999999999966,0.0,0.0
5.429652357696765e-93,0.9999999999999966,0.0,0.0
5.362204132874369e-93,0.9999999999999966,0.0,0.0
5.295593763356878e-93,0.9999999999999966,0.0,0.0
5.229810841138542e-93,0.9999999999999966,0.0,0.0
5.16484508750393e-93,0.9999999999999966,0.0,0.0
5.100686351421867e-93,0.9999999999999966,0.0,0.0
5.037324607959313e-93,0.9999999999999966,0.0,0.0
4.974749956714947e-93,0.9999999999999966,0.0,0.0
4.912952620272204e-93,0.9999999999999966,0.0,0.0
4.851922942671543e-93,0.9999999999999966,0.0,0.0
4.7916513879016765e-93,0.9999999999999966,0.0,0.0
4.732128538409553e-93,0.9999999999999966,0.0,0.0
4.673345093628842e-93,0.9999999999999966,0.0,0.0
4.615291868526704e-93,0.9999999999999966,0.0,0.0
4.557959792168612e-93,0.9999999999999966,0.0,0.0
4.501339906300994e-93,0.9999999999999966,0.0,0.0
4.445423363951494e-93,0.9999999999999966,0.0,0.0
4.390201428046609e-93,0.9999999999999966,0.0,0.0
4.33566547004651e-93,0.9999999999999966,0.0,0.0
4.281806968596806e-93,0.9999999999999966,0.0,0.0
4.228617508197074e-93,0.9999999999999966,0.0,0.0
4.176088777885916e-93,0.9999999999999966,0.0,0.0
4.124212569942353e-93,0.9999999999999966,0.0,0.0
4.072980778603354e-93,0.9999999999999966,0.0,0.0
4.022385398797294e-93,0.9999999999999966,0.0,0.0
3.9724185248931435e-93,0.9999999999999966,0.0,0.0
3.923072349465201e-93,0.9999999999999966,0.0,0.0
3.874339162073163e-93,0.9999999999999966,0.0,0.0
3.826211348057355e-93,0.9999999999999966,0.0,0.0
3.778681387348922e-93,0.9999999999999966,0.0,0.0
3.7317418532948065e-93,0.9999999999999966,0.0,0.0
3.685385411497317e-93,0.9999999999999966,0.0,0.0
3.6396048186681113e-93,0.9999999999999966,0.0,0.0
3.5943929214964225e-93,0.9999999999999966,0.0,0.0
3.549742655531336e-93,0.9999999999999966,0.0,0.0
3.5056470440779557e-93,0.9999999999999966,0.0,0.0
3.4620991971072814e-93,0.9999999999999966,0.0,0.0
3.419092310179628e-93,0.9999999999999966,0.0,0.0
3.376619663381418e-93,0.9999999999999966,0.0,0.0
3.3346746202751805e-93,0.9999999999999966,0.0,0.0
3.2932506268625953e-93,0.9999999999999966,0.0,0.0
3.2523412105604157e-93,0.9999999999999966,0.0,0.0
3.2119399791891174e-93,0.9999999999999966,0.0,0.0
3.1720406199741034e-93,0.9999999999999966,0.0,0.0
3.1326368985593234e-93,0.9999999999999966,0.0,0.0
3.0937226580331413e-93,0.9999999999999966,0.0,0.0
3.0552918179663057e-93,0.9999999999999966,0.0,0.0
3.017338373461871e-93,0.9999999999999966,0.0,0.0
2.9798563942169174e-93,0.9999999999999966,0.0,0.0
2.9428400235959344e-93,0.9999999999999966,0.0,0.0
2.9062834777157033e-93,0.9999999999999966,0.0,0.0
2.870181044541559e-93,0.9999999999999966,0.0,0.0
2.8345270829948676e-93,0.9999999999999966,0.0,0.0
2.799316022071603e-93,0.9999999999999966,0.0,0.0
2.76454235997186e-93,0.9999999999999966,0.0,0.0
2.7302006632401894e-93,0.9999999999999966,0.0,0.0
2.6962855659166114e-93,0.9999999999999966,0.0,0.0
2.6627917686981706e-93,0.9999999999999966,0.0,0.0
2.629714038110909e-93,0.9999999999999966,0.0,0.0
2.597047205692129e-93,0.9999999999999966,0.0,0.0
2.5647861671828045e-93,0.9999999999999966,0.0,0.0
2.5329258817300358e-93,0.9999999999999966,0.0,0.0
2.5014613710994026e-93,0.9999999999999966,0.0,0.0
2.4703877188971053e-93,0.9999999999999966,0.0,0.0
2.43970006980177e-93,0.9999999999999966,0.0,0.0
2.4093936288057928e-93,0.9999999999999966,0.0,0.0
2.379463660466111e-93,0.9999999999999966,0.0,0.0
2.3499054881642806e-93,0.9999999999999966,0.0,0.0
2.3207144933757446e-93,0.9999999999999966,0.0,0.0
2.29188611494818e-93,0.9999999999999966,0.0,0.0
2.263415848388807e-93,0.9999999999999966,0.0,0.0
2.235299245160555e-93,0.9999999999999966,0.0,0.0
2.207531911986967e-93,0.9999999999999966,0.0,0.0
2.180109510165744e-93,0.9999999999999966,0.0,0.0
2.1530277548908115e-93,0.9999999999999966,0.0,0.0
2.1262824145828117e-93,0.9999999999999966,0.0,0.0
2.0998693102279085e-93,0.9999999999999966,0.0,0.0
2.0737843147248112e-93,0.9999999999999966,0.0,0.0
2.048023352239903e-93,0.9999999999999966,0.0,0.0
2.022582397570387e-93,0.9999999999999966,0.0,0.0
1.997457475515337e-93,0.9999999999999966,0.0,0.0
1.9726446602545668e-93,0.9999999999999966,0.0,0.0
1.9481400747352115e-93,0.9999999999999966,0.0,0.0
1.92393989006593e-93,0.9999999999999966,0.0,0.0
1.9000403249186338e-93,0.9999999999999966,0.0,0.0
1.8764376449376464e-93,0.9999999999999966,0.0,0.0
1.8531281621562018e-93,0.9999999999999966,0.0,0.0
1.8301082344201937e-93,0.9999999999999966,0.0,0.0
1.8073742648190801e-93,0.9999999999999966,0.0,0.0
1.78492270112386e-93,0.9999999999999966,0.0,0.0
1.7627500352320295e-93,0.9999999999999966,0.0,0.0
1.7408528026194333e-93,0.9999999999999966,0.0,0.0
1.7192275817989271e-93,0.9999999999999966,0.0,0.0
1.6978709937857622e-93,0.9999999999999966,0.0,0.0
1.6767797015696127e-93,0.9999999999999966,0.0,0.0
1.6559504095931604e-93,0.9999999999999966,0.0,0.0
1.6353798632371581e-93,0.9999999999999966,0.0,0.0
1.6150648483118875e-93,0.9999999999999966,0.0,0.0
1.5950021905549368e-93,0.9999999999999966,0.0,0.0
1.5751887551352154e-93,0.9999999999999966,0.0,0.0
1.5556214461631288e-93,0.9999999999999966,0.0,0.0
1.5362972062068418e-93,0.9999999999999966,0.0,0.0
1.5172130158145468e-93,0.9999999999999966,0.0,0.0
1.4983658930426692e-93,0.9999999999999966,0.0,0.0
1.4797528929899324e-93,0.9999999999999966,0.0,0.0
1.461371107337211e-93,0.9999999999999966,0.0,0.0
1.4432176638930993e-93,0.9999999999999966,0.0,0.0
1.4252897261451276e-93,0.9999999999999966,0.0,0.0
1.407584492816549e-93,0.9999999999999966,0.0,0.0
1.3900991974286354e-93,0.9999999999999966,0.0,0.0
1.3728311078684096e-93,0.9999999999999966,0.0,0.0
1.3557775259617466e-93,0.9999999999999966,0.0,0.0
1.3389357870517785e-93,0.9999999999999966,0.0,0.0
1.3223032595825375e-93,0.9999999999999966,0.0,0.0
1.305877344687768e-93,0.9999999999999966,0.0,0.0
1.2896554757848505e-93,0.9999999999999966,0.0,0.0
1.273635118173766e-93,0.9999999999999966,0.0,0.0
1.2578137686410446e-93,0.9999999999999966,0.0,0.0
1.242188955068635e-93,0.9999999999999966,0.0,0.0
1.226758236047628e-93,0.9999999999999966,0.0,0.0
1.2115192004967837e-93,0.9999999999999966,0.0,0.0
1.196469467285794e-93,0.9999999999999966,0.0,0.0
1.181606684863227e-93,0.9999999999999966,0.0,0.0
1.1669285308890916e-93,0.9999999999999966,0.0,0.0
1.152432711871967e-93,0.9999999999999966,0.0,0.0
1.1381169628106408e-93,0.9999999999999966,0.0,0.0
1.1239790468401976e-93,0.9999999999999966,0.0,0.0
1.1100167548825043e-93,0.9999999999999966,0.0,0.0
1.0962279053010366e-93,0.9999999999999966,0.0,0.0
1.0826103435599948e-93,0.9999999999999966,0.0,0.0
1.0691619418876523e-93,0.9999999999999966,0.0,0.0
1.0558805989438883e-93,0.9999999999999966,0.0,0.0
1.042764239491847e-93,0.9999999999999966,0.0,0.0
1.0298108140736797e-93,0.9999999999999966,0.0,0.0
1.0170182986903115e-93,0.9999999999999966,0.0,0.0
1.0043846944851883e-93,0.9999999999999966,0.0,0.0
9.919080274319504e-94,0.9999999999999966,0.0,0.0
9.795863480259876e-94,0.9999999999999966,0.0,0.0
9.674177309798245e-94,0.9999999999999966,0.0,0.0
9.554002749222919e-94,0.9999999999999966,0.0,0.0
9.435321021014314e-94,0.9999999999999966,0.0,0.0
9.318113580910945e-94,0.9999999999999966,0.0,0.0
9.202362115011844e-94,0.9999999999999966,0.0,0.0
9.088048536914974e-94,0.9999999999999966,0.0,0.0
8.975154984891192e-94,0.9999999999999966,0.0,0.0
8.863663819093317e-94,0.9999999999999966,0.0,0.0
8.753557618799869e-94,0.9999999999999966,0.0,0.0
8.64481917969305e-94,0.9999999999999966,0.0,0.0
8.537431511170522e-94,0.9999999999999966,0.0,0.0
8.431377833690605e-94,0.9999999999999966,0.0,0.0
8.326641576150432e-94,0.9999999999999966,0.0,0.0
8.223206373296682e-94,0.9999999999999966,0.0,0.0
8.121056063168475e-94,0.9999999999999966,0.0,0.0
8.020174684572032e-94,0.9999999999999966,0.0,0.0
7.920546474586709e-94,0.9999999999999966,0.0,0.0
7.822155866102011e-94,0.9999999999999966,0.0,0.0
7.724987485385187e-94,0.9999999999999966,0.0,0.0
7.629026149679068e-94,0.9999999999999966,0.0,0.0
7.53425686482972e-94,0.9999999999999966,0.0,0.0
7.440664822943583e-94,0.9999999999999966,0.0,0.0
7.348235400073704e-94,0.9999999999999966,0.0,0.0
7.256954153934714e-94,0.9999999999999966,0.0,0.0
7.166806821646199e-94,0.9999999999999966,0.0,0.0
7.077779317504086e-94,0.9999999999999966,0.0,0.0
6.989857730779734e-94,0.9999999999999966,0.0,0.0
6.903028323546342e-94,0.9999999999999966,0.0,0.0
6.817277528532381e-94,0.9999999999999966,0.0,0.0
6.732591947001674e-94,0.9999999999999966,0.0,0.0
6.648958346659819e-94,0.9999999999999966,0.0,0.0
6.566363659586613e-94,0.9999999999999966,0.0,0.0
6.484794980194165e-94,0.9999999999999966,0.0,0.0
6.404239563210374e-94,0.9999999999999966,0.0,0.0
6.324684821687451e-94,0.9999999999999966,0.0,0.0
6.246118325035182e-94,0.9999999999999966,0.0,0.0
6.168527797078623e-94,0.9999999999999966,0.0,0.0
6.091901114139929e-94,0.9999999999999966,0.0,0.0
6.016226303143997e-94,0.9999999999999966,0.0,0.0
5.941491539747653e-94,0.9999999999999966,0.0,0.0
5.86768514649207e-94,0.9999999999999966,0.0,0.0
5.794795590978149e-94,0.9999999999999966,0.0,0.0
5.722811484064549e-94,0.9999999999999966,0.0,0.0
5.651721578088117e-94,0.9999999999999966,0.0,0.0
5.581514765106414e-94,0.9999999999999966,0.0,0.0
5.512180075162081e-94,0.9999999999999966,0.0,0.0
5.443706674568756e-94,0.9999999999999966,0.0,0.0
5.376083864218289e-94,0.9999999999999966,0.0,0.0
5.309301077908987e-94,0.9999999999999966,0.0,0.0
5.243347880694626e-94,0.9999999999999966,0.0,0.0
5.17821396725396e-94,0.9999999999999966,0.0,0.0
5.113889160280503e-94,0.9999999999999966,0.0,0.0
5.050363408892301e-94,0.9999999999999966,0.0,0.0
4.987626787061457e-94,0.9999999999999966,0.0,0.0
4.925669492063176e-94,0.9999999999999966,0.0,0.0
4.864481842944066e-94,0.9999999999999966,0.0,0.0
4.80405427900947e-94,0.9999999999999966,0.0,0.0
4.744377358329583e-94,0.9999999999999966,0.0,0.0
4.6854417562641417e-94,0.9999999999999966,0.0,0.0
4.627238264005421e-94,0.9999999999999966,0.0,0.0
4.569757787139343e-94,0.9999999999999966,0.0,0.0
4.5129913442244566e-94,0.9999999999999966,0.0,0.0
4.4569300653885677e-94,0.9999999999999966,0.0,0.0
4.4015651909428037e-94,0.9999999999999966,0.0,0.0
4.346888070012896e-94,0.9999999999999966,0.0,0.0
4.292890159187461e-94,0.9999999999999966,0.0,0.0
4.239563021183076e-94,0.9999999999999966,0.0,0.0
4.1868983235259364e-94,0.9999999999999966,0.0,0.0
4.1348878372498896e-94,0.9999999999999966,0.0,0.0
4.0835234356106424e-94,0.9999999999999966,0.0,0.0
4.0327970928159395e-94,0.9999999999999966,0.0,0.0
3.9827008827715195e-94,0.9999999999999966,0.0,0.0
3.933226977842645e-94,0.9999999999999966,0.0,0.0
3.8843676476310175e-94,0.9999999999999966,0.0,0.0
3.83611525776689e-94,0.9999999999999966,0.0,0.0
3.78846226871618e-94,0.9999999999999966,0.0,0.0
3.7414012346023994e-94,0.9999999999999966,0.0,0.0
3.6949248020432255e-94,0.9999999999999966,0.0,0.0
3.649025709001516e-94,0.9999999999999966,0.0,0.0
3.603696783650605e-94,0.9999999999999966,0.0,0.0
3.558930943253685e-94,0.9999999999999966,0.0,0.0
3.5147211930571207e-94,0.9999999999999966,0.0,0.0
3.471060625197502e-94,0.9999999999999966,0.0,0.0
3.4279424176222747e-94,0.9999999999999966,0.0,0.0
3.385359833023784e-94,0.9999999999999966,0.0,0.0
3.3433062177865543e-94,0.9999999999999966,0.0,0.0
3.3017750009476475e-94,0.9999999999999966,0.0,0.0
3.2607596931699404e-94,0.9999999999999966,0.0,0.0
3.2202538857281487e-94,0.9999999999999966,0.0,0.0
3.180251249507453e-94,0.9999999999999966,0.0,0.0
3.14074553401456e-94,0.9999999999999966,0.0,0.0
3.101730566401051e-94,0.9999999999999966,0.0,0.0
3.063200250498863e-94,0.9999999999999966,0.0,0.0
3.0251485658677476e-94,0.9999999999999966,0.0,0.0
2.987569566854567e-94,0.9999999999999966,0.0,0.0
2.950457381664274e-94,0.9999999999999966,0.0,0.0
2.913806211442428e-94,0.9999999999999966,0.0,0.0
2.877610329369117e-94,0.9999999999999966,0.0,0.0
2.84186407976413e-94,0.9999999999999966,0.0,0.0
2.80656187720324e-94,0.9999999999999966,0.0,0.0
2.7716982056454774e-94,0.9999999999999966,0.0,0.0
2.7372676175712327e-94,0.9999999999999966,0.0,0.0
2.703264733131072e-94,0.9999999999999966,0.0,0.0
2.669684239305124e-94,0.9999999999999966,0.0,0.0
2.6365208890729105e-94,0.9999999999999966,0.0,0.0
2.603769500593489e-94,0.9999999999999966,0.0,0.0
2.571424956395778e-94,0.9999999999999966,0.0,0.0
2.5394822025789436e-94,0.9999999999999966,0.0,0.0
2.507936248022715e-94,0.9999999999999966,0.0,0.0
2.476782163607515e-94,0.9999999999999966,0.0,0.0
2.4460150814442726e-94,0.9999999999999966,0.0,0.0
2.415630194113805e-94,0.9999999999999966,0.0,0.0
2.3856227539156498e-94,0.9999999999999966,0.0,0.0
2.3559880721262277e-94,0.9999999999999966,0.0,0.0
2.3267215182662196e-94,0.9999999999999966,0.0,0.0
2.297818519377042e-94,0.9999999999999966,0.0,0.0
2.269274559306318e-94,0.9999999999999966,0.0,0.0
2.241085178002215e-94,0.9999999999999966,0.0,0.0
2.2132459708165536e-94,0.9999999999999966,0.0,0.0
2.1857525878165745e-94,0.9999999999999966,0.0,0.0
2.158600733105249e-94,0.9999999999999966,0.0,0.0
2.13178616415004e-94,0.9999999999999966,0.0,0.0
2.1053046911199952e-94,0.9999999999999966,0.0,0.0
2.0791521762310782e-94,0.9999999999999966,0.0,0.0
2.053324533099632e-94,0.9999999999999966,0.0,0.0
2.0278177261038716e-94,0.9999999999999966,0.0,0.0
2.002627769753312e-94,0.9999999999999966,0.0,0.0
1.9777507280660254e-94,0.9999999999999966,0.0,0.0
1.9531827139536374e-94,0.9999999999999966,0.0,0.0
1.9289198886139603e-94,0.9999999999999966,0.0,0.0
1.904958460931173e-94,0.9999999999999966,0.0,0.0
1.8812946868834518e-94,0.9999999999999966,0.0,0.0
1.8579248689579595e-94,0.9999999999999966,0.0,0.0
1.8348453555730997e-94,0.9999999999999966,0.0,0.0
1.812052540507952e-94,0.9999999999999966,0.0,0.0
1.789542862338792e-94,0.9999999999999966,0.0,0.0
1.7673128038826106e-94,0.9999999999999966,0.0,0.0
1.7453588916475483e-94,0.9999999999999966,0.0,0.0
1.7236776952901539e-94,0.9999999999999966,0.0,0.0
1.7022658270793875e-94,0.9999999999999966,0.0,0.0
1.6811199413672795e-94,0.9999999999999966,0.0,0.0
1.6602367340661675e-94,0.9999999999999966,0.0,0.0
1.6396129421324244e-94,0.9999999999999966,0.0,0.0
1.6192453430566023e-94,0.9999999999999966,0.0,0.0
1.5991307543599092e-94,0.9999999999999966,0.0,0.0
1.579266033096939e-94,0.9999999999999966,0.0,0.0
1.5596480753645802e-94,0.9999999999999966,0.0,0.0
1.540273815817026e-94,0.9999999999999966,0.0,0.0
1.5211402271868052e-94,0.9999999999999966,0.0,0.0
1.5022443198117688e-94,0.9999999999999966,0.0,0.0
1.483583141167946e-94,0.9999999999999966,0.0,0.0
1.4651537754082088e-94,0.9999999999999966,0.0,0.0
1.4469533429066635e-94,0.9999999999999966,0.0,0.0
1.428978999808704e-94,0.9999999999999966,0.0,0.0
1.411227937586653e-94,0.9999999999999966,0.0,0.0
1.393697382600925e-94,0.9999999999999966,0.0,0.0
1.3763845956666378e-94,0.9999999999999966,0.0,0.0
1.3592868716256118e-94,0.9999999999999966,0.0,0.0
1.34240153892368e-94,0.9999999999999966,0.0,0.0
1.3257259591932565e-94,0.9999999999999966,0.0,0.0
1.309257526841082e-94,0.9999999999999966,0.0,0.0
1.2929936686410974e-94,0.9999999999999966,0.0,0.0
1.276931843332371e-94,0.9999999999999966,0.0,0.0
1.2610695412220213e-94,0.9999999999999966,0.0,0.0
1.2454042837930724e-94,0.9999999999999966,0.0,0.0
1.2299336233171808e-94,0.9999999999999966,0.0,0.0
1.2146551424721728e-94,0.9999999999999966,0.0,0.0
1.1995664539643333e-94,0.9999999999999966,0.0,0.0
1.1846652001553855e-94,0.9999999999999966,0.0,0.0
1.169949052694106e-94,0.9999999999999966,0.0,0.0
1.1554157121525146e-94,0.9999999999999966,0.0,0.0
1.1410629076665844e-94,0.9999999999999966,0.0,0.0
1.1268883965814142e-94,0.9999999999999966,0.0,0.0
1.1128899641008097e-94,0.9999999999999966,0.0,0.0
1.0990654229412166e-94,0.9999999999999966,0.0,0.0
1.0854126129899537e-94,0.9999999999999966,0.0,0.0
1.0719294009676896e-94,0.9999999999999966,0.0,0.0
1.0586136800951152e-94,0.9999999999999966,0.0,0.0
1.0454633697637539e-94,0.9999999999999966,0.0,0.0
1.0324764152108628e-94,0.9999999999999966,0.0,0.0
1.0196507871983716e-94,0.9999999999999966,0.0,0.0
1.0069844816958104e-94,0.9999999999999966,0.0,0.0
9.944755195671754e-95,0.9999999999999966,0.0,0.0
9.821219462616849e-95,0.9999999999999966,0.0,0.0
9.699218315083774e-95,0.9999999999999966,0.0,0.0
9.578732690145019e-95,0.9999999999999966,0.0,0.0
9.459743761676568e-95,0.9999999999999966,0.0,0.0
9.34223293741627e-95,0.9999999999999966,0.0,0.0
9.226181856058763e-95,0.9999999999999966,0.0,0.0
9.111572384386485e-95,0.9999999999999966,0.0,0.0
8.998386614436318e-95,0.9999999999999966,0.0,0.0
8.886606860701441e-95,0.9999999999999966,0.0,0.0
8.77621565736792e-95,0.9999999999999966,0.0,0.0
8.667195755585646e-95,0.9999999999999966,0.0,0.0
8.559530120773175e-95,0.9999999999999966,0.0,0.0
8.453201929956022e-95,0.9999999999999966,0.0,0.0
8.348194569138055e-95,0.9999999999999966,0.0,0.0
8.244491630705515e-95,0.9999999999999966,0.0,0.0
8.142076910863288e-95,0.9999999999999966,0.0,0.0
8.040934407103046e-95,0.9999999999999966,0.0,0.0
7.941048315702804e-95,0.9999999999999966,0.0,0.0
7.842403029257572e-95,0.9999999999999966,0.0,0.0
7.74498313424065e-95,0.9999999999999966,0.0,0.0
7.648773408595244e-95,0.9999999999999966,0.0,0.0
7.553758819355991e-95,0.9999999999999966,0.0,0.0
7.459924520300018e-95,0.9999999999999966,0.0,0.0
7.367255849627198e-95,0.9999999999999966,0.0,0.0
7.275738327669207e-95,0.9999999999999966,0.0,0.0
7.185357654627051e-95,0.9999999999999966,0.0,0.0
7.096099708336694e-95,0.9999999999999966,0.0,0.0
7.007950542062434e-95,0.9999999999999966,0.0,0.0
6.920896382317708e-95,0.9999999999999966,0.0,0.0
6.834923626712948e-95,0.9999999999999966,0.0,0.0
6.750018841830183e-95,0.9999999999999966,0.0,0.0
6.66616876112404e-95,0.9999999999999966,0.0,0.0
6.58336028284882e-95,0.9999999999999966,0.0,0.0
6.501580468011323e-95,0.9999999999999966,0.0,0.0
6.420816538349102e-95,0.9999999999999966,0.0,0.0
6.341055874333839e-95,0.9999999999999966,0.0,0.0
6.262286013199511e-95,0.9999999999999966,0.0,0.0
6.184494646995064e-95,0.9999999999999966,0.0,0.0
6.107669620661265e-95,0.9999999999999966,0.0,0.0
6.031798930131451e-95,0.9999999999999966,0.0,0.0
5.956870720455874e-95,0.9999999999999966,0.0,0.0
5.8828732839493316e-95,0.9999999999999966,0.0,0.0
5.8097950583618286e-95,0.9999999999999966,0.0,0.0
5.7376246250719405e-95,0.9999999999999966,0.0,0.0
5.66635070730264e-95,0.9999999999999966,0.0,0.0
5.595962168359271e-95,0.9999999999999966,0.0,0.0
5.526448009889422e-95,0.9999999999999966,0.0,0.0
5.457797370164409e-95,0.9999999999999966,0.0,0.0
5.389999522382109e-95,0.9999999999999966,0.0,0.0
5.323043872990874e-95,0.9999999999999966,0.0,0.0
5.256919960034269e-95,0.9999999999999966,0.0,0.0
5.191617451516368e-95,0.9999999999999966,0.0,0.0
5.1271261437873596e-95,0.9999999999999966,0.0,0.0
5.063435959949209e-95,0.9999999999999966,0.0,0.0
5.000536948281115e-95,0.9999999999999966,0.0,0.0
4.93841928068454e-95,0.9999999999999966,0.0,0.0
4.877073251147548e-95,0.9999999999999966,0.0,0.0
4.816489274228216e-95,0.9999999999999966,0.0,0.0
4.756657883556897e-95,0.9999999999999966,0.0,0.0
4.697569730357073e-95,0.9999999999999966,0.0,0.0
4.6392155819845956e-95,0.9999999999999966,0.0,0.0
4.5815863204850624e-95,0.9999999999999966,0.0,0.0
4.5246729411691214e-95,0.9999999999999966,0.0,0.0
4.468466551205465e-95,0.9999999999999966,0.0,0.0
4.412958368231314e-95,0.9999999999999966,0.0,0.0
4.3581397189801485e-95,0.9999999999999966,0.0,0.0
4.3040020379264986e-95,0.9999999999999966,0.0,0.0
4.250536865947558e-95,0.9999999999999966,0.0,0.0
4.197735849001433e-95,0.9999999999999966,0.0,0.0
4.145590736821804e-95,0.9999999999999966,0.0,0.0
4.0940933816288076e-95,0.9999999999999966,0.0,0.0
4.043235736855925e-95,0.9999999999999966,0.0,0.0
3.993009855892694e-95,0.9999999999999966,0.0,0.0
3.943407890843031e-95,0.9999999999999966,0.0,0.0
3.894422091298985e-95,0.9999999999999966,0.0,0.0
3.846044803129717e-95,0.9999999999999966,0.0,0.0
3.79826846728553e-95,0.9999999999999966,0.0,0.0
3.7510856186167494e-95,0.9999999999999966,0.0,0.0
3.704488884707279e-95,0.9999999999999966,0.0,0.0
3.6584709847226485e-95,0.9999999999999966,0.0,0.0
3.6130247282723626e-95,0.9999999999999966,0.0,0.0
3.5681430142863926e-95,0.9999999999999966,0.0,0.0
3.523818829905619e-95,0.9999999999999966,0.0,0.0
3.480045249386058e-95,0.9999999999999966,0.0,0.0
3.4368154330166955e-95,0.9999999999999966,0.0,0.0
3.394122626050777e-95,0.9999999999999966,0.0,0.0
3.351960157650357e-95,0.9999999999999966,0.0,0.0
3.3103214398439706e-95,0.9999999999999966,0.0,0.0
3.269199966497248e-95,0.9999999999999966,0.0,0.0
3.22858931229632e-95,0.9999999999999966,0.0,0.0
3.188483131743847e-95,0.9999999999999966,0.0,0.0
3.148875158167524e-95,0.9999999999999966,0.0,0.0
3.109759202740897e-95,0.9999999999999966,0.0,0.0
3.071129153516353e-95,0.9999999999999966,0.0,0.0
3.0329789744701106e-95,0.9999999999999966,0.0,0.0
2.995302704559077e-95,0.9999999999999966,0.0,0.0
2.9580944567894296e-95,0.9999999999999966,0.0,0.0
2.921348417296755e-95,0.9999999999999966,0.0,0.0
2.8850588444376253e-95,0.9999999999999966,0.0,0.0
2.8492200678924507e-95,0.9999999999999966,0.0,0.0
2.8138264877794853e-95,0.9999999999999966,0.0,0.0
2.7788725737798284e-95,0.9999999999999966,0.0,0.0
2.744352864273307e-95,0.9999999999999966,0.0,0.0
2.7102619654850807e-95,0.9999999999999966,0.0,0.0
2.6765945506428583e-95,0.9999999999999966,0.0,0.0
2.643345359144576e-95,0.9999999999999966,0.0,0.0
2.610509195736418e-95,0.9999999999999966,0.0,0.0
2.5780809297010482e-95,0.9999999999999966,0.0,0.0
2.546055494055925e-95,0.9999999999999966,0.0,0.0
2.514427884761575e-95,0.9999999999999966,0.0,0.0
2.4831931599397003e-95,0.9999999999999966,0.0,0.0
2.4523464391010025e-95,0.9999999999999966,0.0,0.0
2.421882902382594e-95,0.9999999999999966,0.0,0.0
2.3917977897948866e-95,0.9999999999999966,0.0,0.0
2.3620864004778314e-95,0.9999999999999966,0.0,0.0
2.332744091966401e-95,0.9999999999999966,0.0,0.0
2.303766279465195e-95,0.9999999999999966,0.0,0.0
2.2751484351320566e-95,0.9999999999999966,0.0,0.0
2.2468860873705866e-95,0.9999999999999966,0.0,0.0
2.218974820131449e-95,0.9999999999999966,0.0,0.0
2.1914102722223543e-95,0.9999999999999966,0.0,0.0
2.164188136626612e-95,0.9999999999999966,0.0,0.0
2.137304159830154e-95,0.9999999999999966,0.0,0.0
2.1107541411569105e-95,0.9999999999999966,0.0,0.0
2.08453393211245e-95,0.9999999999999966,0.0,0.0
2.058639435735766e-95,0.9999999999999966,0.0,0.0
2.0330666059591172e-95,0.9999999999999966,0.0,0.0
2.0078114469758252e-95,0.9999999999999966,0.0,0.0
1.9828700126159186e-95,0.9999999999999966,0.0,0.0
1.9582384057295366e-95,0.9999999999999966,0.0,0.0
1.9339127775779904e-95,0.9999999999999966,0.0,0.0
1.9098893272323927e-95,0.9999999999999966,0.0,0.0
1.8861643009797522e-95,0.9999999999999966,0.0,0.0
1.86273399173645e-95,0.9999999999999966,0.0,0.0
1.8395947384689985e-95,0.9999999999999966,0.0,0.0
1.816742925621999e-95,0.9999999999999966,0.0,0.0
1.7941749825532038e-95,0.9999999999999966,0.0,0.0
1.7718873829755946e-95,0.9999999999999966,0.0,0.0
1.7498766444063942e-95,0.9999999999999966,0.0,0.0
1.7281393276229216e-95,0.9999999999999966,0.0,0.0
1.706672036125206e-95,0.9999999999999966,0.0,0.0
1.6854714156052763e-95,0.9999999999999966,0.0,0.0
1.664534153423045e-95,0.9999999999999966,0.0,0.0
1.6438569780887e-95,0.9999999999999966,0.0,0.0
1.623436658751529e-95,0.9999999999999966,0.0,0.0
1.603270004695091e-95,0.9999999999999966,0.0,0.0
1.583353864838662e-95,0.9999999999999966,0.0,0.0
1.5636851272448706e-95,0.9999999999999966,0.0,0.0
1.544260718633453e-95,0.9999999999999966,0.0,0.0
1.5250776039010453e-95,0.9999999999999966,0.0,0.0
1.5061327856469436e-95,0.9999999999999966,0.0,0.0
1.4874233037047535e-95,0.9999999999999966,0.0,0.0
1.4689462346798579e-95,0.9999999999999966,0.0,0.0
1.450698691492631e-95,0.9999999999999966,0.0,0.0
1.4326778229273262e-95,0.9999999999999966,0.0,0.0
1.4148808131865672e-95,0.9999999999999966,0.0,0.0
1.3973048814513752e-95,0.9999999999999966,0.0,0.0
1.379947281446659e-95,0.9999999999999966,0.0,0.0
1.3628053010121048e-95,0.9999999999999966,0.0,0.0
1.3458762616783951e-95,0.9999999999999966,0.0,0.0
1.3291575182486926e-95,0.9999999999999966,0.0,0.0
1.3126464583853233e-95,0.9999999999999966,0.0,0.0
1.296340502201592e-95,0.9999999999999966,0.0,0.0
1.2802371018586719e-95,0.9999999999999966,0.0,0.0
1.2643337411674976e-95,0.9999999999999966,0.0,0.0
1.2486279351956065e-95,0.9999999999999966,0.0,0.0
1.2331172298788625e-95,0.9999999999999966,0.0,0.0
1.2177992016380047e-95,0.9999999999999966,0.0,0.0
1.2026714569999561e-95,0.9999999999999966,0.0,0.0
1.1877316322238405e-95,0.9999999999999966,0.0,0.0
1.1729773929316424e-95,0.9999999999999966,0.0,0.0
1.1584064337434556e-95,0.9999999999999966,0.0,0.0
1.1440164779172628e-95,0.9999999999999966,0.0,0.0
1.1298052769931909e-95,0.9999999999999966,0.0,0.0
1.1157706104421832e-95,0.9999999999999966,0.0,0.0
1.1019102853190385e-95,0.9999999999999966,0.0,0.0
1.0882221359197578e-95,0.9999999999999966,0.0,0.0
1.0747040234431499e-95,0.9999999999999966,0.0,0.0
1.0613538356566381e-95,0.9999999999999966,0.0,0.0
1.0481694865662209e-95,0.9999999999999966,0.0,0.0
1.0351489160905294e-95,0.9999999999999966,0.0,0.0
1.0222900897389375e-95,0.9999999999999966,0.0,0.0
1.009590998293667e-95,0.9999999999999966,0.0,0.0
9.970496574958439e-96,0.9999999999999966,0.0,0.0
9.846641077354537e-96,0.9999999999999966,0.0,0.0
9.724324137451485e-96,0.9999999999999966,0.0,0.0
9.603526642978578e-96,0.9999999999999966,0.0,0.0
9.484229719081546e-96,0.9999999999999966,0.0,0.0
9.366414725373327e-96,0.9999999999999966,0.0,0.0
9.250063253021463e-96,0.9999999999999966,0.0,0.0
9.13515712187169e-96,0.9999999999999966,0.0,0.0
9.021678377607244e-96,0.9999999999999966,0.0,0.0
8.909609288943466e-96,0.9999999999999966,0.0,0.0
8.798932344857256e-96,0.9999999999999966,0.0,0.0
8.68963025185093e-96,0.9999999999999966,0.0,0.0
8.581685931250088e-96,0.9999999999999966,0.0,0.0
8.475082516535027e-96,0.9999999999999966,0.0,0.0
8.36980335070532e-96,0.9999999999999966,0.0,0.0
8.26583198367712e-96,0.9999999999999966,0.0,0.0
8.163152169712804e-96,0.9999999999999966,0.0,0.0
8.061747864882543e-96,0.9999999999999966,0.0,0.0
7.961603224557407e-96,0.9999999999999966,0.0,0.0
7.862702600933603e-96,0.9999999999999966,0.0,0.0
7.765030540587484e-96,0.9999999999999966,0.0,0.0
7.668571782060909e-96,0.9999999999999966,0.0,0.0
7.573311253476618e-96,0.9999999999999966,0.0,0.0
7.47923407018322e-96,0.9999999999999966,0.0,0.0
7.386325532429426e-96,0.9999999999999966,0.0,0.0
7.294571123067195e-96,0.9999999999999966,0.0,0.0
7.203956505283396e-96,0.9999999999999966,0.0,0.0
7.114467520359649e-96,0.9999999999999966,0.0,0.0
7.026090185459996e-96,0.9999999999999966,0.0,0.0
6.938810691446062e-96,0.9999999999999966,0.0,0.0
6.85261540071934e-96,0.9999999999999966,0.0,0.0
6.767490845090295e-96,0.9999999999999966,0.0,0.0
6.683423723673927e-96,0.9999999999999966,0.0,0.0
6.600400900811486e-96,0.9999999999999966,0.0,0.0
6.518409404017992e-96,0.9999999999999966,0.0,0.0
6.437436421955264e-96,0.9999999999999966,0.0,0.0
6.357469302430119e-96,0.9999999999999966,0.0,0.0
6.278495550417443e-96,0.9999999999999966,0.0,0.0
6.200502826107813e-96,0.9999999999999966,0.0,0.0
6.123478942979386e-96,0.9999999999999966,0.0,0.0
6.04741186589372e-96,0.9999999999999966,0.0,0.0
5.9722897092152675e-96,0.9999999999999966,0.0,0.0
5.898100734954214e-96,0.9999999999999966,0.0,0.0
5.824833350932396e-96,0.9999999999999966,0.0,0.0
5.752476108972004e-96,0.9999999999999966,0.0,0.0
5.681017703106772e-96,0.9999999999999966,0.0,0.0
5.610446967815406e-96,0.9999999999999966,0.0,0.0
5.540752876276944e-96,0.9999999999999966,0.0,0.0
5.471924538647793e-96,0.9999999999999966,0.0,0.0
5.403951200360172e-96,0.9999999999999966,0.0,0.0
5.336822240441684e-96,0.9999999999999966,0.0,0.0
5.27052716985577e-96,0.9999999999999966,0.0,0.0
5.205055629862779e-96,0.9999999999999966,0.0,0.0
5.140397390401388e-96,0.9999999999999966,0.0,0.0
5.076542348490136e-96,0.9999999999999966,0.0,0.0
5.0134805266488156e-96,0.9999999999999966,0.0,0.0
4.951202071339467e-96,0.9999999999999966,0.0,0.0
4.8896972514267466e-96,0.9999999999999966,0.0,0.0
4.8289564566574136e-96,0.9999999999999966,0.0,0.0
4.768970196158711e-96,0.9999999999999966,0.0,0.0
4.709729096955398e-96,0.9999999999999966,0.0,0.0
4.651223902505199e-96,0.9999999999999966,0.0,0.0
4.5934454712524565e-96,0.9999999999999966,0.0,0.0
4.536384775199739e-96,0.9999999999999966,0.0,0.0
4.480032898497202e-96,0.9999999999999966,0.0,0.0
4.4243810360494654e-96,0.9999999999999966,0.0,0.0
4.369420492139799e-96,0.9999999999999966,0.0,0.0
4.315142679071406e-96,0.9999999999999966,0.0,0.0
4.261539115825565e-96,0.9999999999999966,0.0,0.0
4.208601426736467e-96,0.9999999999999966,0.0,0.0
4.156321340182492e-96,0.9999999999999966,0.0,0.0
4.104690687293755e-96,0.9999999999999966,0.0,0.0
4.053701400675703e-96,0.9999999999999966,0.0,0.0
4.003345513148565e-96,0.9999999999999966,0.0,0.0
3.9536151565024684e-96,0.9999999999999966,0.0,0.0
3.904502560268014e-96,0.9999999999999966,0.0,0.0
3.856000050502123e-96,0.9999999999999966,0.0,0.0
3.808100048588969e-96,0.9999999999999966,0.0,0.0
3.760795070055801e-96,0.9999999999999966,0.0,0.0
3.7140777234034854e-96,0.9999999999999966,0.0,0.0
3.6679407089515626e-96,0.9999999999999966,0.0,0.0
3.622376817697661e-96,0.9999999999999966,0.0,0.0
3.577378930191075e-96,0.9999999999999966,0.0,0.0
3.5329400154203354e-96,0.9999999999999966,0.0,0.0
3.4890531297146008e-96,0.9999999999999966,0.0,0.0
3.4457114156586937e-96,0.9999999999999966,0.0,0.0
3.402908101021616e-96,0.9999999999999966,0.0,0.0
3.3606364976983745e-96,0.9999999999999966,0.0,0.0
3.3188900006649506e-96,0.9999999999999966,0.0,0.0
3.2776620869462516e-96,0.9999999999999966,0.0,0.0
3.2369463145968826e-96,0.9999999999999966,0.0,0.0
3.19673632169458e-96,0.9999999999999966,0.0,0.0
3.1570258253461475e-96,0.9999999999999966,0.0,0.0
3.1178086207057413e-96,0.9999999999999966,0.0,0.0
3.0790785800053504e-96,0.9999999999999966,0.0,0.0
3.040829651597322e-96,0.9999999999999966,0.0,0.0
3.003055859008776e-96,0.9999999999999966,0.0,0.0
2.9657513000077724e-96,0.9999999999999966,0.0,0.0
2.928910145681072e-96,0.9999999999999966,0.0,0.0
2.89252663952336e-96,0.9999999999999966,0.0,0.0
2.856595096537779e-96,0.9999999999999966,0.0,0.0
2.821109902347637e-96,0.9999999999999966,0.0,0.0
2.786065512319147e-96,0.9999999999999966,0.0,0.0
2.7514564506950726e-96,0.9999999999999966,0.0,0.0
2.7172773097391242e-96,0.9999999999999966,0.0,0.0
2.6835227488909916e-96,0.9999999999999966,0.0,0.0
2.6501874939318706e-96,0.9999999999999966,0.0,0.0
2.6172663361603542e-96,0.9999999999999966,0.0,0.0
2.5847541315785646e-96,0.9999999999999966,0.0,0.0
2.5526458000883916e-96,0.9999999999999966,0.0,0.0
2.5209363246977163e-96,0.9999999999999966,0.0,0.0
2.4896207507364975e-96,0.9999999999999966,0.0,0.0
2.458694185082594e-96,0.9999999999999966,0.0,0.0
2.4281517953972047e-96,0.9999999999999966,0.0,0.0
2.397988809369803e-96,0.9999999999999966,0.0,0.0
2.3682005139724574e-96,0.9999999999999966,0.0,0.0
2.3387822547234092e-96,0.9999999999999966,0.0,0.0
2.309729434959801e-96,0.9999999999999966,0.0,0.0
2.2810375151194375e-96,0.9999999999999966,0.0,0.0
2.2527020120314716e-96,0.9999999999999966,0.0,0.0
2.224718498215899e-96,0.9999999999999966,0.0,0.0
2.197082601191755e-96,0.9999999999999966,0.0,0.0
2.169790002793905e-96,0.9999999999999966,0.0,0.0
2.142836438498324e-96,0.9999999999999966,0.0,0.0
2.1162176967557557e-96,0.9999999999999966,0.0,0.0
2.0899296183336475e-96,0.9999999999999966,0.0,0.0
2.063968095666265e-96,0.9999999999999966,0.0,0.0
2.038329072212873e-96,0.9999999999999966,0.0,0.0
2.013008541823896e-96,0.9999999999999966,0.0,0.0
1.9880025481149477e-96,0.9999999999999966,0.0,0.0
1.963307183848637e-96,0.9999999999999966,0.0,0.0
1.938918590324056e-96,0.9999999999999966,0.0,0.0
1.914832956773849e-96,0.9999999999999966,0.0,0.0
1.891046519768773e-96,0.9999999999999966,0.0,0.0
1.8675555626296535e-96,0.9999999999999966,0.0,0.0
1.844356414846646e-96,0.9999999999999966,0.0,0.0
1.8214454515057123e-96,0.9999999999999966,0.0,0.0
1.7988190927222188e-96,0.9999999999999966,0.0,0.0
1.7764738030815734e-96,0.9999999999999966,0.0,0.0
1.7544060910868096e-96,0.9999999999999966,0.0,0.0
1.732612508613032e-96,0.9999999999999966,0.0,0.0
1.7110896503686418e-96,0.9999999999999966,0.0,0.0
1.6898341533632505e-96,0.9999999999999966,0.0,0.0
1.6688426963822078e-96,0.9999999999999966,0.0,0.0
1.6481119994676542e-96,0.9999999999999966,0.0,0.0
1.6276388234060218e-96,0.9999999999999966,0.0,0.0
1.6074199692218988e-96,0.9999999999999966,0.0,0.0
1.587452277678185e-96,0.9999999999999966,0.0,0.0
1.567732628782453e-96,0.9999999999999966,0.0,0.0
1.5482579412994444e-96,0.9999999999999966,0.0,0.0
1.5290251722696195e-96,0.9999999999999966,0.0,0.0
1.5100313165336893e-96,0.9999999999999966,0.0,0.0
1.4912734062630532e-96,0.9999999999999966,0.0,0.0
1.4727485104960693e-96,0.9999999999999966,0.0,0.0
1.4544537346800858e-96,0.9999999999999966,0.0,0.0
1.4363862202191619e-96,0.9999999999999966,0.0,0.0
1.4185431440274054e-96,0.9999999999999966,0.0,0.0
1.4009217180878604e-96,0.9999999999999966,0.0,0.0
1.3835191890168739e-96,0.9999999999999966,0.0,0.0
1.3663328376338742e-96,0.9999999999999966,0.0,0.0
1.3493599785364927e-96,0.9999999999999966,0.0,0.0
1.3325979596809652e-96,0.9999999999999966,0.0,0.0
1.3160441619677436e-96,0.9999999999999966,0.0,0.0
1.2996959988322578e-96,0.9999999999999966,0.0,0.0
1.2835509158407579e-96,0.9999999999999966,0.0,0.0
1.2676063902911804e-96,0.9999999999999966,0.0,0.0
1.2518599308189695e-96,0.9999999999999966,0.0,0.0
1.2363090770077976e-96,0.9999999999999966,0.0,0.0
1.2209513990051192e-96,0.9999999999999966,0.0,0.0
1.2057844971425017e-96,0.9999999999999966,0.0,0.0
1.190806001560673e-96,0.9999999999999966,0.0,0.0
1.176013571839225e-96,0.9999999999999966,0.0,0.0
1.1614048966309197e-96,0.9999999999999966,0.0,0.0
1.1469776933005349e-96,0.9999999999999966,0.0,0.0
1.132729707568199e-96,0.9999999999999966,0.0,0.0
1.118658713157154e-96,0.9999999999999966,0.0,0.0
1.104762511445897e-96,0.9999999999999966,0.0,0.0
1.0910389311246393e-96,0.9999999999999966,0.0,0.0
1.0774858278560356e-96,0.9999999999999966,0.0,0.0
1.0641010839401271e-96,0.9999999999999966,0.0,0.0
1.0508826079834464e-96,0.9999999999999966,0.0,0.0
1.0378283345722329e-96,0.9999999999999966,0.0,0.0
1.0249362239497078e-96,0.9999999999999966,0.0,0.0
1.0122042616973577e-96,0.9999999999999966,0.0,0.0
9.996304584201786e-97,0.9999999999999966,0.0,0.0
9.872128494358273e-97,0.9999999999999966,0.0,0.0
9.74949494467637e-97,0.9999999999999966,0.0,0.0
9.62838477341445e-97,0.9999999999999966,0.0,0.0
9.508779056861858e-97,0.9999999999999966,0.0,0.0
9.390659106382049e-97,0.9999999999999966,0.0,0.0
9.274006465492454e-97,0.9999999999999966,0.0,0.0
9.15880290698061e-97,0.9999999999999966,0.0,0.0
9.045030430056122e-97,0.9999999999999966,0.0,0.0
8.932671257538008e-97,0.9999999999999966,0.0,0.0
8.821707833076969e-97,0.9999999999999966,0.0,0.0
8.712122818412187e-97,0.9999999999999966,0.0,0.0
8.603899090662173e-97,0.9999999999999966,0.0,0.0
8.497019739649292e-97,0.9999999999999966,0.0,0.0
8.391468065257504e-97,0.9999999999999966,0.0,0.0
8.287227574822949e-97,0.9999999999999966,0.0,0.0
8.184281980556923e-97,0.9999999999999966,0.0,0.0
8.082615197000885e-97,0.9999999999999966,0.0,0.0
7.982211338513068e-97,0.9999999999999966,0.0,0.0
7.883054716786314e-97,0.9999999999999966,0.0,0.0
7.785129838396751e-97,0.9999999999999966,0.0,0.0
7.688421402382908e-97,0.9999999999999966,0.0,0.0
7.592914297854908e-97,0.9999999999999966,0.0,0.0
7.498593601633364e-97,0.9999999999999966,0.0,0.0
7.4054445759176e-97,0.9999999999999966,0.0,0.0
7.313452665982841e-97,0.9999999999999966,0.0,0.0
7.222603497906009e-97,0.9999999999999966,0.0,0.0
7.13288287631976e-97,0.9999999999999966,0.0,0.0
7.044276782194442e-97,0.9999999999999966,0.0,0.0
6.95677137064758e-97,0.9999999999999966,0.0,0.0
6.870352968780597e-97,0.9999999999999966,0.0,0.0
6.785008073542387e-97,0.9999999999999966,0.0,0.0
6.700723349619438e-97,0.9999999999999966,0.0,0.0
6.617485627352164e-97,0.9999999999999966,0.0,0.0
6.535281900677118e-97,0.9999999999999966,0.0,0.0
6.454099325094767e-97,0.9999999999999966,0.0,0.0
6.373925215662515e-97,0.9999999999999966,0.0,0.0
6.294747045012651e-97,0.9999999999999966,0.0,0.0
6.216552441394929e-97,0.9999999999999966,0.0,0.0
6.139329186743449e-97,0.9999999999999966,0.0,0.0
6.063065214767566e-97,0.9999999999999966,0.0,0.0
5.987748609066503e-97,0.9999999999999966,0.0,0.0
5.913367601267391e-97,0.9999999999999966,0.0,0.0
5.839910569186437e-97,0.9999999999999966,0.0,0.0
5.767366035012935e-97,0.9999999999999966,0.0,0.0
5.695722663515829e-97,0.9999999999999966,0.0,0.0
5.624969260272569e-97,0.9999999999999966,0.0,0.0
5.555094769919955e-97,0.9999999999999966,0.0,0.0
5.486088274426712e-97,0.9999999999999966,0.0,0.0
5.417938991387529e-97,0.9999999999999966,0.0,0.0
5.350636272338285e-97,0.9999999999999966,0.0,0.0
5.284169601092203e-97,0.9999999999999966,0.0,0.0
5.218528592096678e-97,0.9999999999999966,0.0,0.0
5.153702988810513e-97,0.9999999999999966,0.0,0.0
5.089682662101309e-97,0.9999999999999966,0.0,0.0
5.026457608662771e-97,0.9999999999999966,0.0,0.0
4.964017949451671e-97,0.9999999999999966,0.0,0.0
4.902353928144226e-97,0.9999999999999966,0.0,0.0
4.841455909611656e-97,0.9999999999999966,0.0,0.0
4.781314378414671e-97,0.9999999999999966,0.0,0.0
4.721919937316666e-97,0.9999999999999966,0.0,0.0
4.663263305815382e-97,0.9999999999999966,0.0,0.0
4.6053353186928165e-97,0.9999999999999966,0.0,0.0
4.548126924583128e-97,0.9999999999999966,0.0,0.0
4.4916291845583495e-97,0.9999999999999966,0.0,0.0
4.43583327073166e-97,0.9999999999999966,0.0,0.0
4.3807304648780104e-97,0.9999999999999966,0.0,0.0
4.326312157071882e-97,0.9999999999999966,0.0,0.0
4.2725698443419687e-97,0.9999999999999966,0.0,0.0
4.2194951293425695e-97,0.9999999999999966,0.0,0.0
4.167079719041489e-97,0.9999999999999966,0.0,0.0
4.115315423424231e-97,0.9999999999999966,0.0,0.0
4.0641941542142924e-97,0.9999999999999966,0.0,0.0
4.0137079236093556e-97,0.9999999999999966,0.0,0.0
3.9638488430331776e-97,0.9999999999999966,0.0,0.0
3.9146091219029815e-97,0.9999999999999966,0.0,0.0
3.8659810664121663e-97,0.9999999999999966,0.0,0.0
3.817957078328129e-97,0.9999999999999966,0.0,0.0
3.7705296538050286e-97,0.9999999999999966,0.0,0.0
3.723691382211296e-97,0.9999999999999966,0.0,0.0
3.6774349449717026e-97,0.9999999999999966,0.0,0.0
3.631753114423825e-97,0.9999999999999966,0.0,0.0
3.5866387526887015e-97,0.9999999999999966,0.0,0.0
3.542084810555528e-97,0.9999999999999966,0.0,0.0
3.498084326380204e-97,0.9999999999999966,0.0,0.0
3.4546304249975604e-97,0.9999999999999966,0.0,0.0
3.411716316647101e-97,0.9999999999999966,0.0,0.0
3.36933529591209e-97,0.9999999999999966,0.0,0.0
3.3274807406718135e-97,0.9999999999999966,0.0,0.0
3.286146111066866e-97,0.9999999999999966,0.0,0.0
3.2453249484772775e-97,0.9999999999999966,0.0,0.0
3.2050108745133454e-97,0.9999999999999966,0.0,0.0
3.165197590018995e-97,0.9999999999999966,0.0,0.0
3.125878874087526e-97,0.9999999999999966,0.0,0.0
3.087048583089583e-97,0.9999999999999966,0.0,0.0
3.0487006497131977e-97,0.9999999999999966,0.0,0.0
3.010829082015764e-97,0.9999999999999966,0.0,0.0
2.9734279624877814e-97,0.9999999999999966,0.0,0.0
2.936491447128233e-97,0.9999999999999966,0.0,0.0
2.900013764531448e-97,0.9999999999999966,0.0,0.0
2.863989214985308e-97,0.9999999999999966,0.0,0.0
2.828412169580657e-97,0.9999999999999966,0.0,0.0
2.7932770693317705e-97,0.9999999999999966,0.0,0.0
2.758578424307754e-97,0.9999999999999966,0.0,0.0
2.72431081277473e-97,0.9999999999999966,0.0,0.0
2.69046888034868e-97,0.9999999999999966,0.0,0.0
2.6570473391588134e-97,0.9999999999999966,0.0,0.0
2.6240409670213246e-97,0.9999999999999966,0.0,0.0
2.591444606623417e-97,0.9999999999999966,0.0,0.0
2.5592531647174627e-97,0.9999999999999966,0.0,0.0
2.527461611325172e-97,0.9999999999999966,0.0,0.0
2.496064978951649e-97,0.9999999999999966,0.0,0.0
2.465058361809211e-97,0.9999999999999966,0.0,0.0
2.434436915050847e-97,0.9999999999999966,0.0,0.0
2.404195854013204e-97,0.9999999999999966,0.0,0.0
2.37433045346897e-97,0.9999999999999966,0.0,0.0
2.3448360468885516e-97,0.9999999999999966,0.0,0.0
2.3157080257109146e-97,0.9999999999999966,0.0,0.0
2.2869418386234907e-97,0.9999999999999966,0.0,0.0
2.258532990851024e-97,0.9999999999999966,0.0,0.0
2.2304770434532538e-97,0.9999999999999966,0.0,0.0
2.2027696126313206e-97,0.9999999999999966,0.0,0.0
2.1754063690427895e-97,0.9999999999999966,0.0,0.0
2.1483830371251797e-97,0.9999999999999966,0.0,0.0
2.1216953944279022e-97,0.9999999999999966,0.0,0.0
2.0953392709524907e-97,0.9999999999999966,0.0,0.0
2.0693105485010316e-97,0.9999999999999966,0.0,0.0
2.0436051600326875e-97,0.9999999999999966,0.0,0.0
2.0182190890282146e-97,0.9999999999999966,0.0,0.0
1.9931483688623712e-97,0.9999999999999966,0.0,0.0
1.9683890821841265e-97,0.9999999999999966,0.0,0.0
1.9439373603045653e-97,0.9999999999999966,0.0,0.0
1.9197893825923978e-97,0.9999999999999966,0.0,0.0
1.895941375876979e-97,0.9999999999999966,0.0,0.0
1.872389613858742e-97,0.9999999999999966,0.0,0.0
1.8491304165269561e-97,0.9999999999999966,0.0,0.0
1.8261601495847193e-97,0.9999999999999966,0.0,0.0
1.8034752238810891e-97,0.9999999999999966,0.0,0.0
1.7810720948502733e-97,0.9999999999999966,0.0,0.0
1.758947261957783e-97,0.9999999999999966,0.0,0.0
1.7370972681534664e-97,0.9999999999999966,0.0,0.0
1.715518699331339e-97,0.9999999999999966,0.0,0.0
1.6942081837961217e-97,0.9999999999999966,0.0,0.0
1.6731623917364072e-97,0.9999999999999966,0.0,0.0
1.6523780347043693e-97,0.9999999999999966,0.0,0.0
1.631851865101937e-97,0.9999999999999966,0.0,0.0
1.6115806756733504e-97,0.9999999999999966,0.0,0.0
1.5915612990040205e-97,0.9999999999999966,0.0,0.0
1.5717906070256147e-97,0.9999999999999966,0.0,0.0
1.5522655105272884e-97,0.9999999999999966,0.0,0.0
1.532982958672991e-97,0.9999999999999966,0.0,0.0
1.5139399385247654e-97,0.9999999999999966,0.0,0.0
1.4951334745719721e-97,0.9999999999999966,0.0,0.0
1.4765606282663573e-97,0.9999999999999966,0.0,0.0
1.4582184975629003e-97,0.9999999999999966,0.0,0.0
1.4401042164663623e-97,0.9999999999999966,0.0,0.0
1.4222149545834692e-97,0.9999999999999966,0.0,0.0
1.4045479166806576e-97,0.9999999999999966,0.0,0.0
1.3871003422473117e-97,0.9999999999999966,0.0,0.0
1.3698695050644307e-97,0.9999999999999966,0.0,0.0
1.352852712778649e-97,0.9999999999999966,0.0,0.0
1.3360473064815522e-97,0.9999999999999966,0.0,0.0
1.3194506602942168e-97,0.9999999999999966,0.0,0.0
1.3030601809569107e-97,0.9999999999999966,0.0,0.0
1.286873307423892e-97,0.9999999999999966,0.0,0.0
1.2708875104632398e-97,0.9999999999999966,0.0,0.0
1.2551002922616565e-97,0.9999999999999966,0.0,0.0
1.2395091860341798e-97,0.9999999999999966,0.0,0.0
1.2241117556387422e-97,0.9999999999999966,0.0,0.0
1.2089055951955192e-97,0.9999999999999966,0.0,0.0
1.1938883287110057e-97,0.9999999999999966,0.0,0.0
1.1790576097067611e-97,0.9999999999999966,0.0,0.0
1.1644111208527688e-97,0.9999999999999966,0.0,0.0
1.1499465736053476e-97,0.9999999999999966,0.0,0.0
1.135661707849563e-97,0.9999999999999966,0.0,0.0
1.1215542915460785e-97,0.9999999999999966,0.0,0.0
1.107622120382396e-97,0.9999999999999966,0.0,0.0
1.0938630174284268e-97,0.9999999999999966,0.0,0.0
1.0802748327963421e-97,0.9999999999999966,0.0,0.0
1.0668554433046486e-97,0.9999999999999966,0.0,0.0
1.0536027521464372e-97,0.9999999999999966,0.0,0.0
1.0405146885617525e-97,0.9999999999999966,0.0,0.0
1.0275892075140323e-97,0.9999999999999966,0.0,0.0
1.0148242893705666e-97,0.9999999999999966,0.0,0.0
1.0022179395869259e-97,0.9999999999999966,0.0,0.0
9.897681883953094e-98,0.9999999999999966,0.0,0.0
9.774730904967654e-98,0.9999999999999966,0.0,0.0
9.65330724757233e-98,0.9999999999999966,0.0,0.0
9.533391939073626e-98,0.9999999999999966,0.0,0.0
9.414966242460626e-98,0.9999999999999966,0.0,0.0
9.298011653477304e-98,0.9999999999999966,0.0,0.0
9.18250989773119e-98,0.9999999999999966,0.0,0.0
9.068442927837968e-98,0.9999999999999966,0.0,0.0
8.95579292060153e-98,0.9999999999999966,0.0,0.0
8.844542274229061e-98,0.9999999999999966,0.0,0.0
8.734673605580736e-98,0.9999999999999966,0.0,0.0
8.626169747453552e-98,0.9999999999999966,0.0,0.0
8.519013745898932e-98,0.9999999999999966,0.0,0.0
8.41318885757363e-98,0.9999999999999966,0.0,0.0
8.308678547123548e-98,0.9999999999999966,0.0,0.0
8.205466484600059e-98,0.9999999999999966,0.0,0.0
8.103536542908411e-98,0.9999999999999966,0.0,0.0
8.002872795287845e-98,0.9999999999999966,0.0,0.0
7.903459512823001e-98,0.9999999999999966,0.0,0.0
7.805281161986241e-98,0.9999999999999966,0.0,0.0
7.708322402210508e-98,0.9999999999999966,0.0,0.0
7.61256808349233e-98,0.9999999999999966,0.0,0.0
7.518003244024598e-98,0.9999999999999966,0.0,0.0
7.424613107858757e-98,0.9999999999999966,0.0,0.0
7.332383082596035e-98,0.9999999999999966,0.0,0.0
7.241298757107348e-98,0.9999999999999966,0.0,0.0
7.151345899281529e-98,0.9999999999999966,0.0,0.0
7.06251045380154e-98,0.9999999999999966,0.0,0.0
6.974778539948293e-98,0.9999999999999966,0.0,0.0
6.888136449431762e-98,0.9999999999999966,0.0,0.0
6.802570644249035e-98,0.9999999999999966,0.0,0.0
6.718067754568972e-98,0.9999999999999966,0.0,0.0
6.634614576643144e-98,0.9999999999999966,0.0,0.0
6.552198070742718e-98,0.9999999999999966,0.0,0.0
6.470805359120975e-98,0.9999999999999966,0.0,0.0
6.390423724001136e-98,0.9999999999999966,0.0,0.0
6.31104060558918e-98,0.9999999999999966,0.0,0.0
6.232643600111352e-98,0.9999999999999966,0.0,0.0
6.155220457876053e-98,0.9999999999999966,0.0,0.0
6.078759081359795e-98,0.9999999999999966,0.0,0.0
6.003247523316942e-98,0.9999999999999966,0.0,0.0
5.928673984912922e-98,0.9999999999999966,0.0,0.0
5.855026813880644e-98,0.9999999999999966,0.0,0.0
5.7822945026998045e-98,0.9999999999999966,0.0,0.0
5.71046568679881e-98,0.9999999999999966,0.0,0.0
5.639529142779043e-98,0.9999999999999966,0.0,0.0
5.569473786661185e-98,0.9999999999999966,0.0,0.0
5.5002886721533164e-98,0.9999999999999966,0.0,0.0
5.4319629889405426e-98,0.9999999999999966,0.0,0.0
5.364486060995857e-98,0.9999999999999966,0.0,0.0
5.297847344911989e-98,0.9999999999999966,0.0,0.0
5.232036428253977e-98,0.9999999999999966,0.0,0.0
5.167043027932205e-98,0.9999999999999966,0.0,0.0
5.1028569885956456e-98,0.9999999999999966,0.0,0.0
5.0394682810450694e-98,0.9999999999999966,0.0,0.0
4.976867000665961e-98,0.9999999999999966,0.0,0.0
4.915043365880901e-98,0.9999999999999966,0.0,0.0
4.853987716621178e-98,0.9999999999999966,0.0,0.0
4.79369051281738e-98,0.9999999999999966,0.0,0.0
4.73414233290874e-98,0.9999999999999966,0.0,0.0
4.675333872371001e-98,0.9999999999999966,0.0,0.0
4.6172559422625596e-98,0.9999999999999966,0.0,0.0
4.5598994677886804e-98,0.9999999999999966,0.0,0.0
4.503255486883538e-98,0.9999999999999966,0.0,0.0
4.447315148809876e-98,0.9999999999999966,0.0,0.0
4.3920697127760626e-98,0.9999999999999966,0.0,0.0
4.337510546570324e-98,0.9999999999999966,0.0,0.0
4.2836291252119425e-98,0.9999999999999966,0.0,0.0
4.2304170296192106e-98,0.9999999999999966,0.0,0.0
4.1778659452939355e-98,0.9999999999999966,0.0,0.0
4.125967661022278e-98,0.9999999999999966,0.0,0.0
4.074714067591737e-98,0.9999999999999966,0.0,0.0
4.024097156524066e-98,0.9999999999999966,0.0,0.0
3.974109018823932e-98,0.9999999999999966,0.0,0.0
3.924741843743122e-98,0.9999999999999966,0.0,0.0
3.8759879175600936e-98,0.9999999999999966,0.0,0.0
3.827839622374694e-98,0.9999999999999966,0.0,0.0
3.780289434917845e-98,0.9999999999999966,0.0,0.0
3.733329925376017e-98,0.9999999999999966,0.0,0.0
3.686953756230308e-98,0.9999999999999966,0.0,0.0
3.64115368110994e-98,0.9999999999999966,0.0,0.0
3.595922543659995e-98,0.9999999999999966,0.0,0.0
3.551253276423227e-98,0.9999999999999966,0.0,0.0
3.5071388997357525e-98,0.9999999999999966,0.0,0.0
3.463572520636467e-98,0.9999999999999966,0.0,0.0
3.42054733179e-98,0.9999999999999966,0.0,0.0
3.378056610423064e-98,0.9999999999999966,0.0,0.0
3.336093717274e-98,0.9999999999999966,0.0,0.0
3.2946520955553795e-98,0.9999999999999966,0.0,0.0
3.2537252699295004e-98,0.9999999999999966,0.0,0.0
3.213306845496594e-98,0.9999999999999966,0.0,0.0
3.173390506795614e-98,0.9999999999999966,0.0,0.0
3.13397001681743e-98,0.9999999999999966,0.0,0.0
3.095039216030284e-98,0.9999999999999966,0.0,0.0
3.05659202141735e-98,0.9999999999999966,0.0,0.0
3.0186224255262505e-98,0.9999999999999966,0.0,0.0
2.981124495530381e-98,0.9999999999999966,0.0,0.0
2.944092372301891e-98,0.9999999999999966,0.0,0.0
2.9075202694961874e-98,0.9999999999999966,0.0,0.0
2.871402472647801e-98,0.9999999999999966,0.0,0.0
2.8357333382774954e-98,0.9999999999999966,0.0,0.0
2.8005072930104572e-98,0.9999999999999966,0.0,0.0
2.7657188327054484e-98,0.9999999999999966,0.0,0.0
2.7313625215947712e-98,0.9999999999999966,0.0,0.0
2.697432991434918e-98,0.9999999999999966,0.0,0.0
2.663924940667773e-98,0.9999999999999966,0.0,0.0
2.6308331335922335e-98,0.9999999999999966,0.0,0.0
2.5981523995461202e-98,0.9999999999999966,0.0,0.0
2.5658776320982515e-98,0.9999999999999966,0.0,0.0
2.5340037882505517e-98,0.9999999999999966,0.0,0.0
2.502525887650074e-98,0.9999999999999966,0.0,0.0
2.4714390118108093e-98,0.9999999999999966,0.0,0.0
2.4407383033451627e-98,0.9999999999999966,0.0,0.0
2.4104189652049785e-98,0.9999999999999966,0.0,0.0
2.3804762599319875e-98,0.9999999999999966,0.0,0.0
2.3509055089175748e-98,0.9999999999999966,0.0,0.0
2.321702091671734e-98,0.9999999999999966,0.0,0.0
2.292861445101107e-98,0.9999999999999966,0.0,0.0
2.2643790627959923e-98,0.9999999999999966,0.0,0.0
2.236250494326209e-98,0.9999999999999966,0.0,0.0
2.2084713445457083e-98,0.9999999999999966,0.0,0.0
2.1810372729058205e-98,0.9999999999999966,0.0,0.0
2.153943992777039e-98,0.9999999999999966,0.0,0.0
2.1271872707792232e-98,0.9999999999999966,0.0,0.0
2.1007629261201264e-98,0.9999999999999966,0.0,0.0
2.0746668299421364e-98,0.9999999999999966,0.0,0.0
2.048894904677134e-98,0.9999999999999966,0.0,0.0
2.0234431234093646e-98,0.9999999999999966,0.0,0.0
1.998307509246225e-98,0.9999999999999966,0.0,0.0
1.9734841346968646e-98,0.9999999999999966,0.0,0.0
1.948969121058509e-98,0.9999999999999966,0.0,0.0
1.924758637810402e-98,0.9999999999999966,0.0,0.0
1.9008489020152807e-98,0.9999999999999966,0.0,0.0
1.8772361777282845e-98,0.9999999999999966,0.0,0.0
1.8539167754132042e-98,0.9999999999999966,0.0,0.0
1.8308870513659865e-98,0.9999999999999966,0.0,0.0
1.808143407145396e-98,0.9999999999999966,0.0,0.0
1.7856822890107516e-98,0.9999999999999966,0.0,0.0
1.7635001873666494e-98,0.9999999999999966,0.0,0.0
1.7415936362145788e-98,0.9999999999999966,0.0,0.0
1.7199592126113547e-98,0.9999999999999966,0.0,0.0
1.6985935361342753e-98,0.9999999999999966,0.0,0.0
1.6774932683529228e-98,0.9999999999999966,0.0,0.0
1.656655112307529e-98,0.9999999999999966,0.0,0.0
1.636075811993818e-98,0.9999999999999966,0.0,0.0
1.615752151854248e-98,0.9999999999999966,0.0,0.0
1.5956809562755747e-98,0.9999999999999966,0.0,0.0
1.575859089092655e-98,0.9999999999999966,0.0,0.0
1.556283453098415e-98,0.9999999999999966,0.0,0.0
1.536950989559905e-98,0.9999999999999966,0.0,0.0
1.517858677740366e-98,0.9999999999999966,0.0,0.0
1.499003534427234e-98,0.9999999999999966,0.0,0.0
1.4803826134660066e-98,0.9999999999999966,0.0,0.0
1.4619930052998996e-98,0.9999999999999966,0.0,0.0
1.4438318365152247e-98,0.9999999999999966,0.0,0.0
1.4258962693924114e-98,0.9999999999999966,0.0,0.0
1.4081835014626072e-98,0.9999999999999966,0.0,0.0
1.3906907650697878e-98,0.9999999999999966,0.0,0.0
1.3734153269383038e-98,0.9999999999999966,0.0,0.0
1.3563544877458007e-98,0.9999999999999966,0.0,0.0
1.3395055817014454e-98,0.9999999999999966,0.0,0.0
1.3228659761293902e-98,0.9999999999999966,0.0,0.0
1.3064330710574118e-98,0.9999999999999966,0.0,0.0
1.290204298810661e-98,0.9999999999999966,0.0,0.0
1.2741771236104577e-98,0.9999999999999966,0.0,0.0
1.2583490411780701e-98,0.9999999999999966,0.0,0.0
1.2427175783434167e-98,0.9999999999999966,0.0,0.0
1.2272802926586281e-98,0.9999999999999966,0.0,0.0
1.2120347720164098e-98,0.9999999999999966,0.0,0.0
1.1969786342731451e-98,0.9999999999999966,0.0,0.0
1.1821095268766805e-98,0.9999999999999966,0.0,0.0
1.167425126498735e-98,0.9999999999999966,0.0,0.0
1.1529231386718748e-98,0.9999999999999966,0.0,0.0
1.1386012974309983e-98,0.9999999999999966,0.0,0.0
1.1244573649592746e-98,0.9999999999999966,0.0,0.0
1.11048913123848e-98,0.9999999999999966,0.0,0.0
1.0966944137036776e-98,0.9999999999999966,0.0,0.0
1.083071056902188e-98,0.9999999999999966,0.0,0.0
1.0696169321567952e-98,0.9999999999999966,0.0,0.0
1.0563299372331354e-98,0.9999999999999966,0.0,0.0
1.0432079960112206e-98,0.9999999999999966,0.0,0.0
1.0302490581610387e-98,0.9999999999999966,0.0,0.0
1.017451098822186e-98,0.9999999999999966,0.0,0.0
1.0048121182874796e-98,0.9999999999999966,0.0,0.0
9.92330141690497e-99,0.9999999999999966,0.0,0.0
9.800032186970011e-99,0.9999999999999966,0.0,0.0
9.678294232001958e-99,0.9999999999999966,0.0,0.0
9.558068530197676e-99,0.9999999999999966,0.0,0.0
9.439336296046664e-99,0.9999999999999966,0.0,0.0
9.322078977395782e-99,0.9999999999999966,0.0,0.0
9.206278252550436e-99,0.9999999999999966,0.0,0.0
9.09191602741178e-99,0.9999999999999966,0.0,0.0
8.978974432649467e-99,0.9999999999999966,0.0,0.0
8.867435820909545e-99,0.9999999999999966,0.0,0.0
8.757282764057009e-99,0.9999999999999966,0.0,0.0
8.648498050452623e-99,0.9999999999999966,0.0,0.0
8.541064682263573e-99,0.9999999999999966,0.0,0.0
8.434965872807508e-99,0.9999999999999966,0.0,0.0
8.3301850439296e-99,0.9999999999999966,0.0,0.0
8.226705823412161e-99,0.9999999999999966,0.0,0.0
8.124512042416466e-99,0.9999999999999966,0.0,0.0
8.023587732956326e-99,0.9999999999999966,0.0,0.0
7.92391712540306e-99,0.9999999999999966,0.0,0.0
7.825484646021463e-99,0.9999999999999966,0.0,0.0
7.728274914536378e-99,0.9999999999999966,0.0,0.0
7.63227274172949e-99,0.9999999999999966,0.0,0.0
7.537463127065984e-99,0.9999999999999966,0.0,0.0
7.443831256350687e-99,0.9999999999999966,0.0,0.0
7.35136249941331e-99,0.9999999999999966,0.0,0.0
7.260042407822456e-99,0.9999999999999966,0.0,0.0
7.16985671262803e-99,0.9999999999999966,0.0,0.0
7.080791322131677e-99,0.9999999999999966,0.0,0.0
6.992832319684935e-99,0.9999999999999966,0.0,0.0
6.9059659615147215e-99,0.9999999999999966,0.0,0.0
6.820178674575848e-99,0.9999999999999966,0.0,0.0
6.7354570544302e-99,0.9999999999999966,0.0,0.0
6.651787863152268e-99,0.9999999999999966,0.0,0.0
6.5691580272606945e-99,0.9999999999999966,0.0,0.0
6.487554635675513e-99,0.9999999999999966,0.0,0.0
6.406964937700773e-99,0.9999999999999966,0.0,0.0
6.327376341032207e-99,0.9999999999999966,0.0,0.0
6.248776409789669e-99,0.9999999999999966,0.0,0.0
6.171152862573993e-99,0.9999999999999966,0.0,0.0
6.094493570548006e-99,0.9999999999999966,0.0,0.0
6.018786555541369e-99,0.9999999999999966,0.0,0.0
5.944019988178964e-99,0.9999999999999966,0.0,0.0
5.870182186032533e-99,0.9999999999999966,0.0,0.0
5.797261611795273e-99,0.9999999999999966,0.0,0.0
5.725246871479102e-99,0.9999999999999966,0.0,0.0
5.654126712634337e-99,0.9999999999999966,0.0,0.0
5.583890022591468e-99,0.9999999999999966,0.0,0.0
5.514525826724783e-99,0.9999999999999966,0.0,0.0
5.44602328673756e-99,0.9999999999999966,0.0,0.0
5.37837169896856e-99,0.9999999999999966,0.0,0.0
5.31156049271956e-99,0.9999999999999966,0.0,0.0
5.24557922860366e-99,0.9999999999999966,0.0,0.0
5.180417596914106e-99,0.9999999999999966,0.0,0.0
5.11606541601338e-99,0.9999999999999966,0.0,0.0
5.052512630742291e-99,0.9999999999999966,0.0,0.0
4.9897493108488484e-99,0.9999999999999966,0.0,0.0
4.927765649436631e-99,0.9999999999999966,0.0,0.0
4.8665519614324375e-99,0.9999999999999966,0.0,0.0
4.806098682072982e-99,0.9999999999999966,0.0,0.0
4.7463963654103744e-99,0.9999999999999966,0.0,0.0
4.687435682836177e-99,0.9999999999999966,0.0,0.0
4.629207421623783e-99,0.9999999999999966,0.0,0.0
4.571702483488916e-99,0.9999999999999966,0.0,0.0
4.514911883168002e-99,0.9999999999999966,0.0,0.0
4.4588267470142015e-99,0.9999999999999966,0.0,0.0
4.403438311610889e-99,0.9999999999999966,0.0,0.0
4.3487379224023486e-99,0.9999999999999966,0.0,0.0
4.294717032341479e-99,0.9999999999999966,0.0,0.0
4.241367200554307e-99,0.9999999999999966,0.0,0.0
4.188680091021078e-99,0.9999999999999966,0.0,0.0
4.136647471273738e-99,0.9999999999999966,0.0,0.0
4.085261211109593e-99,0.9999999999999966,0.0,0.0
4.03451328132095e-99,0.9999999999999966,0.0,0.0
3.9843957524405355e-99,0.9999999999999966,0.0,0.0
3.9349007935024995e-99,0.9999999999999966,0.0,0.0
3.886020670818814e-99,0.9999999999999966,0.0,0.0
3.8377477467708634e-99,0.9999999999999966,0.0,0.0
3.790074478616059e-99,0.9999999999999966,0.0,0.0
3.7429934173092606e-99,0.9999999999999966,0.0,0.0
3.6964972063388554e-99,0.9999999999999966,0.0,0.0
3.6505785805772856e-99,0.9999999999999966,0.0,0.0
3.6052303651458563e-99,0.9999999999999966,0.0,0.0
3.560445474293648e-99,0.9999999999999966,0.0,0.0
3.5162169102903513e-99,0.9999999999999966,0.0,0.0
3.4725377623328604e-99,0.9999999999999966,0.0,0.0
3.4294012054654438e-99,0.9999999999999966,0.0,0.0
3.3868004995133316e-99,0.9999999999999966,0.0,0.0
3.3447289880295503e-99,0.9999999999999966,0.0,0.0
3.3031800972548377e-99,0.9999999999999966,0.0,0.0
3.262147335090481e-99,0.9999999999999966,0.0,0.0
3.2216242900839128e-99,0.9999999999999966,0.0,0.0
3.1816046304269093e-99,0.9999999999999966,0.0,0.0
3.1420821029662302e-99,0.9999999999999966,0.0,0.0
3.1030505322265533e-99,0.9999999999999966,0.0,0.0
3.0645038194455428e-99,0.9999999999999966,0.0,0.0
3.026435941620905e-99,0.9999999999999966,0.0,0.0
2.9888409505692833e-99,0.9999999999999966,0.0,0.0
2.95171297199684e-99,0.9999999999999966,0.0,0.0
2.915046204581388e-99,0.9999999999999966,0.0,0.0
2.8788349190659224e-99,0.9999999999999966,0.0,0.0
2.843073457363411e-99,0.9999999999999966,0.0,0.0
2.807756231672708e-99,0.9999999999999966,0.0,0.0
2.772877723605448e-99,0.9999999999999966,0.0,0.0
2.738432483323786e-99,0.9999999999999966,0.0,0.0
2.7044151286888524e-99,0.9999999999999966,0.0,0.0
2.6708203444197775e-99,0.9999999999999966,0.0,0.0
2.637642881263173e-99,0.9999999999999966,0.0,0.0
2.6048775551729226e-99,0.9999999999999966,0.0,0.0
2.5725192465001653e-99,0.9999999999999966,0.0,0.0
2.540562899193339e-99,0.9999999999999966,0.0,0.0
2.509003520008164e-99,0.9999999999999966,0.0,0.0
2.477836177727436e-99,0.9999999999999966,0.0,0.0
2.4470560023905162e-99,0.9999999999999966,0.0,0.0
2.4166581845323866e-99,0.9999999999999966,0.0,0.0
2.386637974432164e-99,0.9999999999999966,0.0,0.0
2.356990681370946e-99,0.9999999999999966,0.0,0.0
2.3277116728988754e-99,0.9999999999999966,0.0,0.0
2.2987963741113123e-99,0.9999999999999966,0.0,0.0
2.2702402669339936e-99,0.9999999999999966,0.0,0.0
2.242038889417077e-99,0.9999999999999966,0.0,0.0
2.2141878350379514e-99,0.9999999999999966,0.0,0.0
2.1866827520127087e-99,0.9999999999999966,0.0,0.0
2.159519342616168e-99,0.9999999999999966,0.0,0.0
2.1326933625103485e-99,0.9999999999999966,0.0,0.0
2.1062006200812826e-99,0.9999999999999966,0.0,0.0
2.0800369757840674e-99,0.9999999999999966,0.0,0.0
2.0541983414960532e-99,0.9999999999999966,0.0,0.0
2.0286806798780645e-99,0.9999999999999966,0.0,0.0
2.0034800037435598e-99,0.9999999999999966,0.0,0.0
1.9785923754356228e-99,0.9999999999999966,0.0,0.0
1.9540139062116976e-99,0.9999999999999966,0.0,0.0
1.929740755635965e-99,0.9999999999999966,0.0,0.0
1.9057691309792646e-99,0.9999999999999966,0.0,0.0
1.8820952866264743e-99,0.9999999999999966,0.0,0.0
1.858715523491252e-99,0.9999999999999966,0.0,0.0
1.835626188438041e-99,0.9999999999999966,0.0,0.0
1.8128236737112661e-99,0.9999999999999966,0.0,0.0
1.7903044163716107e-99,0.9999999999999966,0.0,0.0
1.768064897739301e-99,0.9999999999999966,0.0,0.0
1.7461016428443053e-99,0.9999999999999966,0.0,0.0
1.7244112198833634e-99,0.9999999999999966,0.0,0.0
1.7029902396837594e-99,0.9999999999999966,0.0,0.0
1.6818353551737571e-99,0.9999999999999966,0.0,0.0
1.6609432608596133e-99,0.9999999999999966,0.0,0.0
1.6403106923090873e-99,0.9999999999999966,0.0,0.0
1.6199344256413673e-99,0.9999999999999966,0.0,0.0
1.5998112770233319e-99,0.9999999999999966,0.0,0.0
1.57993810217207e-99,0.9999999999999966,0.0,0.0
1.5603117958635798e-99,0.9999999999999966,0.0,0.0
1.5409292914475723e-99,0.9999999999999966,0.0,0.0
1.5217875603682993e-99,0.9999999999999966,0.0,0.0
1.5028836116913372e-99,0.9999999999999966,0.0,0.0
1.4842144916362454e-99,0.9999999999999966,0.0,0.0
1.4657772831150345e-99,0.9999999999999966,0.0,0.0
1.4475691052763631e-99,0.9999999999999966,0.0,0.0
1.4295871130554005e-99,0.9999999999999966,0.0,0.0
1.4118284967292783e-99,0.9999999999999966,0.0,0.0
1.3942904814780669e-99,0.9999999999999966,0.0,0.0
1.3769703269512028e-99,0.9999999999999966,0.0,0.0
1.3598653268393043e-99,0.9999999999999966,0.0,0.0
1.3429728084513046e-99,0.9999999999999966,0.0,0.0
1.3262901322968384e-99,0.9999999999999966,0.0,0.0
1.3098146916738167e-99,0.9999999999999966,0.0,0.0
1.2935439122611233e-99,0.9999999999999966,0.0,0.0
1.2774752517163735e-99,0.9999999999999966,0.0,0.0
1.2616061992786656e-99,0.9999999999999966,0.0,0.0
1.2459342753762718e-99,0.9999999999999966,0.0,0.0
1.2304570312391985e-99,0.9999999999999966,0.0,0.0
1.2151720485165615e-99,0.9999999999999966,0.0,0.0
1.2000769388987138e-99,0.9999999999999966,0.0,0.0
1.1851693437440675e-99,0.9999999999999966,0.0,0.0
1.170446933710551e-99,0.9999999999999966,0.0,0.0
1.1559074083916442e-99,0.9999999999999966,0.0,0.0
1.1415484959569362e-99,0.9999999999999966,0.0,0.0
1.1273679527971468e-99,0.9999999999999966,0.0,0.0
1.1133635631735572e-99,0.9999999999999966,0.0,0.0
1.0995331388717978e-99,0.9999999999999966,0.0,0.0
1.0858745188599342e-99,0.9999999999999966,0.0,0.0
1.0723855689508012e-99,0.9999999999999966,0.0,0.0
1.0590641814685336e-99,0.9999999999999966,0.0,0.0
1.045908274919235e-99,0.9999999999999966,0.0,0.0
1.0329157936657424e-99,0.9999999999999966,0.0,0.0
1.020084707606427e-99,0.9999999999999966,0.0,0.0
1.0074130118579883e-99,0.9999999999999966,0.0,0.0
9.948987264421853e-100,0.9999999999999966,0.0,0.0
9.82539895976462e-100,0.9999999999999966,0.0,0.0
9.70334589368415e-100,0.9999999999999966,0.0,0.0
9.582808995140556e-100,0.9999999999999966,0.0,0.0
9.463769429998213e-100,0.9999999999999966,0.0,0.0
9.346208598082887e-100,0.9999999999999966,0.0,0.0
9.23010813027542e-100,0.9999999999999966,0.0,0.0
9.115449885641516e-100,0.9999999999999966,0.0,0.0
9.002215948597185e-100,0.9999999999999966,0.0,0.0
8.890388626109394e-100,0.9999999999999966,0.0,0.0
8.779950444931499e-100,0.9999999999999966,0.0,0.0
8.670884148873008e-100,0.9999999999999966,0.0,0.0
8.563172696103272e-100,0.9999999999999966,0.0,0.0
8.456799256488663e-100,0.9999999999999966,0.0,0.0
8.351747208962828e-100,0.9999999999999966,0.0,0.0
8.248000138929619e-100,0.9999999999999966,0.0,0.0
8.145541835698274e-100,0.9999999999999966,0.0,0.0
8.044356289950467e-100,0.9999999999999966,0.0,0.0
7.944427691238819e-100,0.9999999999999966,0.0,0.0
7.845740425516479e-100,0.9999999999999966,0.0,0.0
7.748279072697405e-100,0.9999999999999966,0.0,0.0
7.652028404246939e-100,0.9999999999999966,0.0,0.0
7.556973380802316e-100,0.9999999999999966,0.0,0.0
7.463099149822741e-100,0.9999999999999966,0.0,0.0
7.37039104326864e-100,0.9999999999999966,0.0,0.0
7.278834575309752e-100,0.9999999999999966,0.0,0.0
7.188415440061694e-100,0.9999999999999966,0.0,0.0
7.099119509350628e-100,0.9999999999999966,0.0,0.0
7.010932830505712e-100,0.9999999999999966,0.0,0.0
6.923841624178967e-100,0.9999999999999966,0.0,0.0
6.837832282192221e-100,0.9999999999999966,0.0,0.0
6.752891365410804e-100,0.9999999999999966,0.0,0.0
6.669005601643663e-100,0.9999999999999966,0.0,0.0
6.586161883569548e-100,0.9999999999999966,0.0,0.0
6.504347266688969e-100,0.9999999999999966,0.0,0.0
6.423548967301589e-100,0.9999999999999966,0.0,0.0
6.343754360508747e-100,0.9999999999999966,0.0,0.0
6.264950978240798e-100,0.9999999999999966,0.0,0.0
6.187126507308938e-100,0.9999999999999966,0.0,0.0
6.110268787481254e-100,0.9999999999999966,0.0,0.0
6.03436580958266e-100,0.9999999999999966,0.0,0.0
5.959405713618438e-100,0.9999999999999966,0.0,0.0
5.885376786921091e-100,0.9999999999999966,0.0,0.0
5.812267462320214e-100,0.9999999999999966,0.0,0.0
5.740066316335102e-100,0.9999999999999966,0.0,0.0
5.668762067389804e-100,0.9999999999999966,0.0,0.0
5.598343574050357e-100,0.9999999999999966,0.0,0.0
5.528799833283915e-100,0.9999999999999966,0.0,0.0
5.460119978739498e-100,0.9999999999999966,0.0,0.0
5.39229327905011e-100,0.9999999999999966,0.0,0.0
5.325309136155932e-100,0.9999999999999966,0.0,0.0
5.259157083648362e-100,0.9999999999999966,0.0,0.0
5.193826785134613e-100,0.9999999999999966,0.0,0.0
5.129308032622629e-100,0.9999999999999966,0.0,0.0
5.065590744926072e-100,0.9999999999999966,0.0,0.0
5.002664966089109e-100,0.9999999999999966,0.0,0.0
4.940520863830776e-100,0.9999999999999966,0.0,0.0
4.879148728008668e-100,0.9999999999999966,0.0,0.0
4.818538969101702e-100,0.9999999999999966,0.0,0.0
4.758682116711743e-100,0.9999999999999966,0.0,0.0
4.699568818083827e-100,0.9999999999999966,0.0,0.0
4.641189836644783e-100,0.9999999999999966,0.0,0.0
4.583536050559991e-100,0.9999999999999966,0.0,0.0
4.5265984513080805e-100,0.9999999999999966,0.0,0.0
4.470368142273332e-100,0.9999999999999966,0.0,0.0
4.414836337355561e-100,0.9999999999999966,0.0,0.0
4.359994359597273e-100,0.9999999999999966,0.0,0.0
4.3058336398278693e-100,0.9999999999999966,0.0,0.0
4.2523457153246984e-100,0.9999999999999966,0.0,0.0
4.199522228490738e-100,0.9999999999999966,0.0,0.0
4.147354925548704e-100,0.9999999999999966,0.0,0.0
4.09583565525138e-100,0.9999999999999966,0.0,0.0
4.0449563676079685e-100,0.9999999999999966,0.0,0.0
3.9947091126262633e-100,0.9999999999999966,0.0,0.0
3.945086039070448e-100,0.9999999999999966,0.0,0.0
3.896079393234324e-100,0.9999999999999966,0.0,0.0
3.8476815177297773e-100,0.9999999999999966,0.0,0.0
3.7998848502902983e-100,0.9999999999999966,0.0,0.0
3.7526819225893587e-100,0.9999999999999966,0.0,0.0
3.706065359073473e-100,0.9999999999999966,0.0,0.0
3.6600278758097527e-100,0.9999999999999966,0.0,0.0
3.614562279347778e-100,0.9999999999999966,0.0,0.0
3.5696614655956023e-100,0.9999999999999966,0.0,0.0
3.5253184187097293e-100,0.9999999999999966,0.0,0.0
3.4815262099988694e-100,0.9999999999999966,0.0,0.0
3.4382779968413183e-100,0.9999999999999966,0.0,0.0
3.395567021615784e-100,0.9999999999999966,0.0,0.0
3.3533866106454936e-100,0.9999999999999966,0.0,0.0
3.311730173155419e-100,0.9999999999999966,0.0,0.0
3.270591200242455e-100,0.9999999999999966,0.0,0.0
3.2299632638583875e-100,0.9999999999999966,0.0,0.0
3.189840015805502e-100,0.9999999999999966,0.0,0.0
3.1502151867446614e-100,0.9999999999999966,0.0,0.0
3.11108258521571e-100,0.9999999999999966,0.0,0.0
3.0724360966700445e-100,0.9999999999999966,0.0,0.0
3.0342696825152066e-100,0.9999999999999966,0.0,0.0
2.996577379171337e-100,0.9999999999999966,0.0,0.0
2.959353297139353e-100,0.9999999999999966,0.0,0.0
2.9225916200807086e-100,0.9999999999999966,0.0,0.0
2.886286603908573e-100,0.9999999999999966,0.0,0.0
2.8504325758903087e-100,0.9999999999999966,0.0,0.0
2.815023933761094e-100,0.9999999999999966,0.0,0.0
2.7800551448485587e-100,0.9999999999999966,0.0,0.0
2.7455207452082943e-100,0.9999999999999966,0.0,0.0
2.711415338770097e-100,0.9999999999999966,0.0,0.0
2.6777335964948263e-100,0.9999999999999966,0.0,0.0
2.644470255541727e-100,0.9999999999999966,0.0,0.0
2.6116201184461026e-100,0.9999999999999966,0.0,0.0
2.5791780523072e-100,0.9999999999999966,0.0,0.0
2.5471389879861834e-100,0.9999999999999966,0.0,0.0
2.5154979193140704e-100,0.9999999999999966,0.0,0.0
2.4842499023095087e-100,0.9999999999999966,0.0,0.0
2.453390054406269e-100,0.9999999999999966,0.0,0.0
2.422913553690334e-100,0.9999999999999966,0.0,0.0
2.392815638146463e-100,0.9999999999999966,0.0,0.0
2.3630916049141197e-100,0.9999999999999966,0.0,0.0
2.33373680955264e-100,0.9999999999999966,0.0,0.0
2.304746665315527e-100,0.9999999999999966,0.0,0.0
2.276116642433765e-100,0.9999999999999966,0.0,0.0
2.2478422674080327e-100,0.9999999999999966,0.0,0.0
2.219919122309709e-100,0.9999999999999966,0.0,0.0
2.192342844090564e-100,0.9999999999999966,0.0,0.0
2.1651091239010237e-100,0.9999999999999966,0.0,0.0
2.1382137064169023e-100,0.9999999999999966,0.0,0.0
2.111652389174501e-100,0.9999999999999966,0.0,0.0
2.0854210219139623e-100,0.9999999999999966,0.0,0.0
2.0595155059307862e-100,0.9999999999999966,0.0,0.0
2.0339317934353963e-100,0.9999999999999966,0.0,0.0
2.0086658869206662e-100,0.9999999999999966,0.0,0.0
1.9837138385373007e-100,0.9999999999999966,0.0,0.0
1.9590717494769765e-100,0.9999999999999966,0.0,0.0
1.9347357693631448e-100,0.9999999999999966,0.0,0.0
1.910702095649402e-100,0.9999999999999966,0.0,0.0
1.8869669730253354e-100,0.9999999999999966,0.0,0.0
1.863526692829747e-100,0.9999999999999966,0.0,0.0
1.840377592471168e-100,0.9999999999999966,0.0,0.0
1.8175160548555716e-100,0.9999999999999966,0.0,0.0
1.7949385078211946e-100,0.9999999999999966,0.0,0.0
1.7726414235803802e-100,0.9999999999999966,0.0,0.0
1.7506213181683536e-100,0.9999999999999966,0.0,0.0
1.728874750898845e-100,0.9999999999999966,0.0,0.0
1.7073983238264761e-100,0.9999999999999966,0.0,0.0
1.6861886812158244e-100,0.9999999999999966,0.0,0.0
1.6652425090170816e-100,0.9999999999999966,0.0,0.0
1.644556534348228e-100,0.9999999999999966,0.0,0.0
1.6241275249836371e-100,0.9999999999999966,0.0,0.0
1.6039522888490336e-100,0.9999999999999966,0.0,0.0
1.5840276735227262e-100,0.9999999999999966,0.0,0.0
1.5643505657430341e-100,0.9999999999999966,0.0,0.0
1.5449178909218347e-100,0.9999999999999966,0.0,0.0
1.5257266126641526e-100,0.9999999999999966,0.0,0.0
1.5067737322937164e-100,0.9999999999999966,0.0,0.0
1.488056288384409e-100,0.9999999999999966,0.0,0.0
1.46957135629754e-100,0.9999999999999966,0.0,0.0
1.4513160477248643e-100,0.9999999999999966,0.0,0.0
1.433287510237278e-100,0.9999999999999966,0.0,0.0
1.41548292683912e-100,0.9999999999999966,0.0,0.0
1.3978995155280123e-100,0.9999999999999966,0.0,0.0
1.3805345288601646e-100,0.9999999999999966,0.0,0.0
1.3633852535210817e-100,0.9999999999999966,0.0,0.0
1.346449009901603e-100,0.9999999999999966,0.0,0.0
1.3297231516792065e-100,0.9999999999999966,0.0,0.0
1.3132050654045174e-100,0.9999999999999966,0.0,0.0
1.2968921700929498e-100,0.9999999999999966,0.0,0.0
1.2807819168214233e-100,0.9999999999999966,0.0,0.0
1.2648717883300892e-100,0.9999999999999966,0.0,0.0
1.2491592986290018e-100,0.9999999999999966,0.0,0.0
1.2336419926096794e-100,0.9999999999999966,0.0,0.0
1.2183174456614871e-100,0.9999999999999966,0.0,0.0
1.2031832632927874e-100,0.9999999999999966,0.0,0.0
1.1882370807567952e-100,0.9999999999999966,0.0,0.0
1.1734765626820818e-100,0.9999999999999966,0.0,0.0
1.158899402707669e-100,0.9999999999999966,0.0,0.0
1.1445033231226539e-100,0.9999999999999966,0.0,0.0
1.130286074510313e-100,0.9999999999999966,0.0,0.0
1.1162454353966269e-100,0.9999999999999966,0.0,0.0
1.1023792119031687e-100,0.9999999999999966,0.0,0.0
1.0886852374043075e-100,0.9999999999999966,0.0,0.0
1.0751613721886681e-100,0.9999999999999966,0.0,0.0
1.0618055031247968e-100,0.9999999999999966,0.0,0.0
1.0486155433309806e-100,0.9999999999999966,0.0,0.0
1.0355894318491675e-100,0.9999999999999966,0.0,0.0
1.0227251333229373e-100,0.9999999999999966,0.0,0.0
1.0100206376794735e-100,0.9999999999999966,0.0,0.0
9.974739598154853e-101,0.9999999999999966,0.0,0.0
9.850831392870307e-101,0.9999999999999966,0.0,0.0
9.728462400031937e-101,0.9999999999999966,0.0,0.0
9.607613499235657e-101,0.9999999999999966,0.0,0.0
9.488265807594858e-101,0.9999999999999966,0.0,0.0
9.370400676789911e-101,0.9999999999999966,0.0,0.0
9.25399969015434e-101,0.9999999999999966,0.0,0.0
9.139044659797168e-101,0.9999999999999966,0.0,0.0
9.025517623761034e-101,0.9999999999999966,0.0,0.0
8.913400843215591e-101,0.9999999999999966,0.0,0.0
8.802676799685782e-101,0.9999999999999966,0.0,0.0
8.693328192314545e-101,0.9999999999999966,0.0,0.0
8.58533793515951e-101,0.9999999999999966,0.0,0.0
8.478689154523299e-101,0.9999999999999966,0.0,0.0
8.373365186316965e-101,0.9999999999999966,0.0,0.0
8.269349573456198e-101,0.9999999999999966,0.0,0.0
8.166626063289875e-101,0.9999999999999966,0.0,0.0
8.065178605060547e-101,0.9999999999999966,0.0,0.0
7.964991347396474e-101,0.9999999999999966,0.0,0.0
7.866048635834822e-101,0.9999999999999966,0.0,0.0
7.768335010375612e-101,0.9999999999999966,0.0,0.0
7.671835203066077e-101,0.9999999999999966,0.0,0.0
7.576534135614997e-101,0.9999999999999966,0.0,0.0
7.482416917036698e-101,0.9999999999999966,0.0,0.0
7.389468841324301e-101,0.9999999999999966,0.0,0.0
7.297675385151878e-101,0.9999999999999966,0.0,0.0
7.20702220560515e-101,0.9999999999999966,0.0,0.0
7.117495137940387e-101,0.9999999999999966,0.0,0.0
7.029080193371126e-101,0.9999999999999966,0.0,0.0
6.941763556882402e-101,0.9999999999999966,0.0,0.0
6.855531585072123e-101,0.9999999999999966,0.0,0.0
6.770370804019259e-101,0.9999999999999966,0.0,0.0
6.686267907178514e-101,0.9999999999999966,0.0,0.0
6.603209753301153e-101,0.9999999999999966,0.0,0.0
6.521183364381656e-101,0.9999999999999966,0.0,0.0
6.440175923629876e-101,0.9999999999999966,0.0,0.0
6.360174773468389e-101,0.9999999999999966,0.0,0.0
6.281167413554724e-101,0.9999999999999966,0.0,0.0
6.203141498828158e-101,0.9999999999999966,0.0,0.0
6.126084837580773e-101,0.9999999999999966,0.0,0.0
6.049985389552484e-101,0.9999999999999966,0.0,0.0
5.974831264049716e-101,0.9999999999999966,0.0,0.0
5.900610718087459e-101,0.9999999999999966,0.0,0.0
5.82731215455441e-101,0.9999999999999966,0.0,0.0
5.754924120400895e-101,0.9999999999999966,0.0,0.0
5.683435304849306e-101,0.9999999999999966,0.0,0.0
5.6128345376267736e-101,0.9999999999999966,0.0,0.0
5.5431107872197857e-101,0.9999999999999966,0.0,0.0
5.474253159150491e-101,0.9999999999999966,0.0,0.0
5.406250894274417e-101,0.9999999999999966,0.0,0.0
5.339093367099329e-101,0.9999999999999966,0.0,0.0
5.272770084124977e-101,0.9999999999999966,0.0,0.0
5.207270682203465e-101,0.9999999999999966,0.0,0.0
5.142584926919987e-101,0.9999999999999966,0.0,0.0
5.07870271099368e-101,0.9999999999999966,0.0,0.0
5.01561405269834e-101,0.9999999999999966,0.0,0.0
4.953309094302759e-101,0.9999999999999966,0.0,0.0
4.891778100530429e-101,0.9999999999999966,0.0,0.0
4.8310114570383934e-101,0.9999999999999966,0.0,0.0
4.770999668914978e-101,0.9999999999999966,0.0,0.0
4.711733359196199e-101,0.9999999999999966,0.0,0.0
4.6532032674005866e-101,0.9999999999999966,0.0,0.0
4.595400248082223e-101,0.9999999999999966,0.0,0.0
4.5383152694017415e-101,0.9999999999999966,0.0,0.0
4.481939411715087e-101,0.9999999999999966,0.0,0.0
4.4262638661798e-101,0.9999999999999966,0.0,0.0
4.371279933378624e-101,0.9999999999999966,0.0,0.0
4.3169790219601955e-101,0.9999999999999966,0.0,0.0
4.263352647296634e-101,0.9999999999999966,0.0,0.0
4.210392430157796e-101,0.9999999999999966,0.0,0.0
4.15809009540201e-101,0.9999999999999966,0.0,0.0
4.106437470683064e-101,0.9999999999999966,0.0,0.0
4.0554264851732594e-101,0.9999999999999966,0.0,0.0
4.0050491683023316e-101,0.9999999999999966,0.0,0.0
3.95529764851203e-101,0.9999999999999966,0.0,0.0
3.9061641520261703e-101,0.9999999999999966,0.0,0.0
3.857641001635966e-101,0.9999999999999966,0.0,0.0
3.8097206155004514e-101,0.9999999999999966,0.0,0.0
3.7623955059618004e-101,0.9999999999999966,0.0,0.0
3.715658278375368e-101,0.9999999999999966,0.0,0.0
3.6695016299542576e-101,0.9999999999999966,0.0,0.0
3.623918348628252e-101,0.9999999999999966,0.0,0.0
3.5789013119169045e-101,0.9999999999999966,0.0,0.0
3.534443485816646e-101,0.9999999999999966,0.0,0.0
3.4905379237017006e-101,0.9999999999999966,0.0,0.0
3.4471777652386643e-101,0.9999999999999966,0.0,0.0
3.404356235314562e-101,0.9999999999999966,0.0,0.0
3.3620666429782255e-101,0.9999999999999966,0.0,0.0
3.3203023803948165e-101,0.9999999999999966,0.0,0.0
3.279056921813338e-101,0.9999999999999966,0.0,0.0
3.238323822546975e-101,0.9999999999999966,0.0,0.0
3.198096717966099e-101,0.9999999999999966,0.0,0.0
3.1583693225037775e-101,0.9999999999999966,0.0,0.0
3.119135428673646e-101,0.9999999999999966,0.0,0.0
3.0803889060999756e-101,0.9999999999999966,0.0,0.0
3.042123700559785e-101,0.9999999999999966,0.0,0.0
3.00433383303686e-101,0.9999999999999966,0.0,0.0
2.967013398787519e-101,0.9999999999999966,0.0,0.0
2.930156566417983e-101,0.9999999999999966,0.0,0.0
2.893757576973212e-101,0.9999999999999966,0.0,0.0
2.8578107430370524e-101,0.9999999999999966,0.0,0.0
2.8223104478435704e-101,0.9999999999999966,0.0,0.0
2.787251144399417e-101,0.9999999999999966,0.0,0.0
2.752627354617104e-101,0.9999999999999966,0.0,0.0
2.718433668459037e-101,0.9999999999999966,0.0,0.0
2.684664743092188e-101,0.9999999999999966,0.0,0.0
2.6513153020532676e-101,0.9999999999999966,0.0,0.0
2.6183801344242657e-101,0.9999999999999966,0.0,0.0
2.585854094018235e-101,0.9999999999999966,0.0,0.0
2.5537320985751897e-101,0.9999999999999966,0.0,0.0
2.522009128967991e-101,0.9999999999999966,0.0,0.0
2.490680228418099e-101,0.9999999999999966,0.0,0.0
2.4597405017210655e-101,0.9999999999999966,0.0,0.0
2.4291851144816486e-101,0.9999999999999966,0.0,0.0
2.399009292358429e-101,0.9999999999999966,0.0,0.0
2.3692083203178086e-101,0.9999999999999966,0.0,0.0
2.3397775418972773e-101,0.9999999999999966,0.0,0.0
2.310712358477832e-101,0.9999999999999966,0.0,0.0
2.2820082285654307e-101,0.9999999999999966,0.0,0.0
2.253660667081378e-101,0.9999999999999966,0.0,0.0
2.2256652446615207e-101,0.9999999999999966,0.0,0.0
2.1980175869641493e-101,0.9999999999999966,0.0,0.0
2.170713373986502e-101,0.9999999999999966,0.0,0.0
2.1437483393897505e-101,0.9999999999999966,0.0,0.0
2.117118269832381e-101,0.9999999999999966,0.0,0.0
2.0908190043118475e-101,0.9999999999999966,0.0,0.0
2.064846433514408e-101,0.9999999999999966,0.0,0.0
2.039196499173035e-101,0.9999999999999966,0.0,0.0
2.0138651934333044e-101,0.9999999999999966,0.0,0.0
1.9888485582271588e-101,0.9999999999999966,0.0,0.0
1.9641426846544522e-101,0.9999999999999966,0.0,0.0
1.939743712372176e-101,0.9999999999999966,0.0,0.0
1.9156478289912728e-101,0.9999999999999966,0.0,0.0
1.891851269480942e-101,0.9999999999999966,0.0,0.0
1.868350315580347e-101,0.9999999999999966,0.0,0.0
1.8451412952176302e-101,0.9999999999999966,0.0,0.0
1.8222205819361415e-101,0.9999999999999966,0.0,0.0
1.7995845943277998e-101,0.9999999999999966,0.0,0.0
1.7772297954734895e-101,0.9999999999999966,0.0,0.0
1.75515269239041e-101,0.9999999999999966,0.0,0.0
1.7333498354862894e-101,0.9999999999999966,0.0,0.0
1.71181781802038e-101,0.9999999999999966,0.0,0.0
1.6905532755711466e-101,0.9999999999999966,0.0,0.0
1.66955288551057e-101,0.9999999999999966,0.0,0.0
1.6488133664849788e-101,0.9999999999999966,0.0,0.0
1.628331477902332e-101,0.9999999999999966,0.0,0.0
1.6081040194258688e-101,0.9999999999999966,0.0,0.0
1.5881278304740506e-101,0.9999999999999966,0.0,0.0
1.568399789726713e-101,0.9999999999999966,0.0,0.0
1.548916814637354e-101,0.9999999999999966,0.0,0.0
1.529675860951478e-101,0.9999999999999966,0.0,0.0
1.5106739222309273e-101,0.9999999999999966,0.0,0.0
1.491908029384118e-101,0.9999999999999966,0.0,0.0
1.4733752502021146e-101,0.9999999999999966,0.0,0.0
1.4550726889004657e-101,0.9999999999999966,0.0,0.0
1.4369974856667324e-101,0.9999999999999966,0.0,0.0
1.4191468162136364e-101,0.9999999999999966,0.0,0.0
1.4015178913377592e-101,0.9999999999999966,0.0,0.0
1.3841079564837237e-101,0.9999999999999966,0.0,0.0
1.3669142913137896e-101,0.9999999999999966,0.0,0.0
1.3499342092827942e-101,0.9999999999999966,0.0,0.0
1.3331650572183748e-101,0.9999999999999966,0.0,0.0
1.3166042149064057e-101,0.9999999999999966,0.0,0.0
1.3002490946815831e-101,0.9999999999999966,0.0,0.0
1.2840971410230982e-101,0.9999999999999966,0.0,0.0
1.2681458301553317e-101,0.9999999999999966,0.0,0.0
1.2523926696535081e-101,0.9999999999999966,0.0,0.0
1.2368351980542503e-101,0.9999999999999966,0.0,0.0
1.2214709844709695e-101,0.9999999999999966,0.0,0.0
1.2062976282140362e-101,0.9999999999999966,0.0,0.0
1.1913127584156651e-101,0.9999999999999966,0.0,0.0
1.1765140336594648e-101,0.9999999999999966,0.0,0.0
1.1618991416145846e-101,0.9999999999999966,0.0,0.0
1.147465798674409e-101,0.9999999999999966,0.0,0.0
1.1332117495997399e-101,0.9999999999999966,0.0,0.0
1.1191347671664104e-101,0.9999999999999966,0.0,0.0
1.1052326518172759e-101,0.9999999999999966,0.0,0.0
1.09150323131853e-101,0.9999999999999966,0.0,0.0
1.0779443604202884e-101,0.9999999999999966,0.0,0.0
1.0645539205213879e-101,0.9999999999999966,0.0,0.0
1.0513298193383521e-101,0.9999999999999966,0.0,0.0
1.0382699905784678e-101,0.9999999999999966,0.0,0.0
1.0253723936169212e-101,0.9999999999999966,0.0,0.0
1.0126350131779478e-101,0.9999999999999966,0.0,0.0
1.0000558590199402e-101,0.9999999999999966,0.0,0.0
9.876329656244699e-102,0.9999999999999966,0.0,0.0
9.753643918891696e-102,0.9999999999999966,0.0,0.0
9.632482208244335e-102,0.9999999999999966,0.0,0.0
9.512825592538833e-102,0.9999999999999966,0.0,0.0
9.394655375185547e-102,0.9999999999999966,0.0,0.0
9.277953091847604e-102,0.9999999999999966,0.0,0.0
9.16270050755581e-102,0.9999999999999966,0.0,0.0
9.048879613859392e-102,0.9999999999999966,0.0,0.0
8.936472626012147e-102,0.9999999999999966,0.0,0.0
8.825461980193537e-102,0.9999999999999966,0.0,0.0
8.715830330764306e-102,0.9999999999999966,0.0,0.0
8.607560547556192e-102,0.9999999999999966,0.0,0.0
8.500635713195299e-102,0.9999999999999966,0.0,0.0
8.395039120458724e-102,0.9999999999999966,0.0,0.0
8.290754269664021e-102,0.9999999999999966,0.0,0.0
8.187764866091091e-102,0.9999999999999966,0.0,0.0
8.086054817436098e-102,0.9999999999999966,0.0,0.0
7.985608231297017e-102,0.9999999999999966,0.0,0.0
7.88640941269041e-102,0.9999999999999966,0.0,0.0
7.788442861599053e-102,0.9999999999999966,0.0,0.0
7.691693270550032e-102,0.9999999999999966,0.0,0.0
7.59614552222291e-102,0.9999999999999966,0.0,0.0
7.501784687087625e-102,0.9999999999999966,0.0,0.0
7.408596021071715e-102,0.9999999999999966,0.0,0.0
7.316564963256529e-102,0.9999999999999966,0.0,0.0
7.225677133602047e-102,0.9999999999999966,0.0,0.0
7.135918330699981e-102,0.9999999999999966,0.0,0.0
7.047274529554767e-102,0.9999999999999966,0.0,0.0
6.959731879392135e-102,0.9999999999999966,0.0,0.0
6.873276701494894e-102,0.9999999999999966,0.0,0.0
6.787895487065612e-102,0.9999999999999966,0.0,0.0
6.703574895115828e-102,0.9999999999999966,0.0,0.0
6.620301750381504e-102,0.9999999999999966,0.0,0.0
6.538063041264361e-102,0.9999999999999966,0.0,0.0
6.456845917798788e-102,0.9999999999999966,0.0,0.0
6.3766376896440104e-102,0.9999999999999966,0.0,0.0
6.297425824101201e-102,0.9999999999999966,0.0,0.0
6.219197944155214e-102,0.9999999999999966,0.0,0.0
6.141941826540659e-102,0.9999999999999966,0.0,0.0
6.065645399831985e-102,0.9999999999999966,0.0,0.0
5.990296742557295e-102,0.9999999999999966,0.0,0.0
5.915884081335599e-102,0.9999999999999966,0.0,0.0
5.842395789037191e-102,0.9999999999999966,0.0,0.0
5.769820382966891e-102,0.9999999999999966,0.0,0.0
5.69814652306985e-102,0.9999999999999966,0.0,0.0
5.6273630101596415e-102,0.9999999999999966,0.0,0.0
5.557458784168368e-102,0.9999999999999966,0.0,0.0
5.488422922418501e-102,0.9999999999999966,0.0,0.0
5.420244637916194e-102,0.9999999999999966,0.0,0.0
5.352913277665785e-102,0.9999999999999966,0.0,0.0
5.286418321005254e-102,0.9999999999999966,0.0,0.0
5.2207493779623425e-102,0.9999999999999966,0.0,0.0
5.155896187631099e-102,0.9999999999999966,0.0,0.0
5.091848616568594e-102,0.9999999999999966,0.0,0.0
5.028596657211548e-102,0.9999999999999966,0.0,0.0
4.966130426312627e-102,0.9999999999999966,0.0,0.0
4.904440163396169e-102,0.9999999999999966,0.0,0.0
4.8435162292330885e-102,0.9999999999999966,0.0,0.0
4.783349104334723e-102,0.9999999999999966,0.0,0.0
4.723929387465404e-102,0.9999999999999966,0.0,0.0
4.6652477941734805e-102,0.9999999999999966,0.0,0.0
4.607295155340618e-102,0.9999999999999966,0.0,0.0
4.550062415749096e-102,0.9999999999999966,0.0,0.0
4.493540632666916e-102,0.9999999999999966,0.0,0.0
4.437720974450482e-102,0.9999999999999966,0.0,0.0
4.382594719164633e-102,0.9999999999999966,0.0,0.0
4.3281532532198306e-102,0.9999999999999966,0.0,0.0
4.274388070026262e-102,0.9999999999999966,0.0,0.0
4.22129076866467e-102,0.9999999999999966,0.0,0.0
4.1688530525736945e-102,0.9999999999999966,0.0,0.0
4.117066728253512e-102,0.9999999999999966,0.0,0.0
4.065923703985593e-102,0.9999999999999966,0.0,0.0
4.015415988568346e-102,0.9999999999999966,0.0,0.0
3.965535690068483e-102,0.9999999999999966,0.0,0.0
3.9162750145878825e-102,0.9999999999999966,0.0,0.0
3.8676262650457836e-102,0.9999999999999966,0.0,0.0
3.819581839976096e-102,0.9999999999999966,0.0,0.0
3.772134232339659e-102,0.9999999999999966,0.0,0.0
3.7252760283512495e-102,0.9999999999999966,0.0,0.0
3.678999906321163e-102,0.9999999999999966,0.0,0.0
3.633298635511187e-102,0.9999999999999966,0.0,0.0
3.58816507500478e-102,0.9999999999999966,0.0,0.0
3.54359217259129e-102,0.9999999999999966,0.0,0.0
3.499572963664034e-102,0.9999999999999966,0.0,0.0
3.456100570132062e-102,0.9999999999999966,0.0,0.0
3.4131681993454427e-102,0.9999999999999966,0.0,0.0
3.3707691430338967e-102,0.9999999999999966,0.0,0.0
3.3288967762586156e-102,0.9999999999999966,0.0,0.0
3.287544556377105e-102,0.9999999999999966,0.0,0.0
3.246706022020878e-102,0.9999999999999966,0.0,0.0
3.2063747920858575e-102,0.9999999999999966,0.0,0.0
3.166544564735315e-102,0.9999999999999966,0.0,0.0
3.127209116415194e-102,0.9999999999999966,0.0,0.0
3.088362300881668e-102,0.9999999999999966,0.0,0.0
3.0499980482407784e-102,0.9999999999999966,0.0,0.0
3.0121103639999996e-102,0.9999999999999966,0.0,0.0
2.974693328131589e-102,0.9999999999999966,0.0,0.0
2.9377410941475676e-102,0.9999999999999966,0.0,0.0
2.901247888186199e-102,0.9999999999999966,0.0,0.0
2.865208008109808e-102,0.9999999999999966,0.0,0.0
2.8296158226138108e-102,0.9999999999999966,0.0,0.0
2.7944657703468136e-102,0.9999999999999966,0.0,0.0
2.759752359041638e-102,0.9999999999999966,0.0,0.0
2.7254701646571454e-102,0.9999999999999966,0.0,0.0
2.6916138305307174e-102,0.9999999999999966,0.0,0.0
2.6581780665412676e-102,0.9999999999999966,0.0,0.0
2.6251576482826494e-102,0.9999999999999966,0.0,0.0
2.5925474162473317e-102,0.9999999999999966,0.0,0.0
2.5603422750202146e-102,0.9999999999999966,0.0,0.0
2.5285371924824618e-102,0.9999999999999966,0.0,0.0
2.4971271990252207e-102,0.9999999999999966,0.0,0.0
2.466107386773112e-102,0.9999999999999966,0.0,0.0
2.4354729088173622e-102,0.9999999999999966,0.0,0.0
2.4052189784584672e-102,0.9999999999999966,0.0,0.0
2.3753408684582573e-102,0.9999999999999966,0.0,0.0
2.3458339103012602e-102,0.9999999999999966,0.0,0.0
2.3166934934652328e-102,0.9999999999999966,0.0,0.0
2.2879150647007605e-102,0.9999999999999966,0.0,0.0
2.2594941273197998e-102,0.9999999999999966,0.0,0.0
2.2314262404930642e-102,0.9999999999999966,0.0,0.0
2.2037070185561344e-102,0.9999999999999966,0.0,0.0
2.1763321303241894e-102,0.9999999999999966,0.0,0.0
2.1492972984152496e-102,0.9999999999999966,0.0,0.0
2.1225982985818283e-102,0.9999999999999966,0.0,0.0
2.096230959050884e-102,0.9999999999999966,0.0,0.0
2.0701911598719716e-102,0.9999999999999966,0.0,0.0
2.044474832273493e-102,0.9999999999999966,0.0,0.0
2.019077958026942e-102,0.9999999999999966,0.0,0.0
1.993996568819049e-102,0.9999999999999966,0.0,0.0
1.9692267456317235e-102,0.9999999999999966,0.0,0.0
1.9447646181296993e-102,0.9999999999999966,0.0,0.0
1.920606364055787e-102,0.9999999999999966,0.0,0.0
1.8967482086336396e-102,0.9999999999999966,0.0,0.0
1.8731864239779334e-102,0.9999999999999966,0.0,0.0
1.8499173285118802e-102,0.9999999999999966,0.0,0.0
1.8269372863919747e-102,0.9999999999999966,0.0,0.0
1.8042427069398832e-102,0.9999999999999966,0.0,0.0
1.7818300440813957e-102,0.9999999999999966,0.0,0.0
1.7596957957923427e-102,0.9999999999999966,0.0,0.0
1.737836503551398e-102,0.9999999999999966,0.0,0.0
1.7162487517996774e-102,0.9999999999999966,0.0,0.0
1.6949291674070506e-102,0.9999999999999966,0.0,0.0
1.6738744191450823e-102,0.9999999999999966,0.0,0.0
1.6530812171665217e-102,0.9999999999999966,0.0,0.0
1.6325463124912573e-102,0.9999999999999966,0.0,0.0
1.612266496498656e-102,0.9999999999999966,0.0,0.0
1.5922386004262106e-102,0.9999999999999966,0.0,0.0
1.572459494874414e-102,0.9999999999999966,0.0,0.0
1.5529260893177841e-102,0.9999999999999966,0.0,0.0
1.5336353316219633e-102,0.9999999999999966,0.0,0.0
1.514584207566815e-102,0.9999999999999966,0.0,0.0
1.4957697403754475e-102,0.9999999999999966,0.0,0.0
1.4771889902490845e-102,0.9999999999999966,0.0,0.0
1.4588390539077174e-102,0.9999999999999966,0.0,0.0
1.4407170641364609e-102,0.9999999999999966,0.0,0.0
1.4228201893375447e-102,0.9999999999999966,0.0,0.0
1.405145633087871e-102,0.9999999999999966,0.0,0.0
1.3876906337020683e-102,0.9999999999999966,0.0,0.0
1.370452463800971e-102,0.9999999999999966,0.0,0.0
1.3534284298854615e-102,0.9999999999999966,0.0,0.0
1.3366158719156065e-102,0.9999999999999966,0.0,0.0
1.3200121628950186e-102,0.9999999999999966,0.0,0.0
1.3036147084603838e-102,0.9999999999999966,0.0,0.0
1.2874209464760867e-102,0.9999999999999966,0.0,0.0
1.2714283466338718e-102,0.9999999999999966,0.0,0.0
1.2556344100574782e-102,0.9999999999999966,0.0,0.0
1.2400366689121834e-102,0.9999999999999966,0.0,0.0
1.2246326860192006e-102,0.9999999999999966,0.0,0.0
1.2094200544748643e-102,0.9999999999999966,0.0,0.0
1.194396397274546e-102,0.9999999999999966,0.0,0.0
1.1795593669412436e-102,0.9999999999999966,0.0,0.0
1.1649066451587821e-102,0.9999999999999966,0.0,0.0
1.1504359424095727e-102,0.9999999999999966,0.0,0.0
1.1361449976168711e-102,0.9999999999999966,0.0,0.0
1.1220315777914793e-102,0.9999999999999966,0.0,0.0
1.108093477682836e-102,0.9999999999999966,0.0,0.0
1.0943285194344433e-102,0.9999999999999966,0.0,0.0
1.0807345522435706e-102,0.9999999999999966,0.0,0.0
1.0673094520251881e-102,0.9999999999999966,0.0,0.0
1.0540511210800738e-102,0.9999999999999966,0.0,0.0
1.0409574877670444e-102,0.9999999999999966,0.0,0.0
1.028026506179256e-102,0.9999999999999966,0.0,0.0
1.0152561558245283e-102,0.9999999999999966,0.0,0.0
1.0026444413096376e-102,0.9999999999999966,0.0,0.0
9.901893920285331e-103,0.9999999999999966,0.0,0.0
9.778890618544254e-103,0.9999999999999966,0.0,0.0
9.657415288357003e-103,0.9999999999999966,0.0,0.0
9.537448948956103e-103,0.9999999999999966,0.0,0.0
9.418972855356954e-103,0.9999999999999966,0.0,0.0
9.301968495428899e-103,0.9999999999999966,0.0,0.0
9.18641758700266e-103,0.9999999999999966,0.0,0.0
9.072302075013711e-103,0.9999999999999966,0.0,0.0
8.95960412868114e-103,0.9999999999999966,0.0,0.0
8.848306138721558e-103,0.9999999999999966,0.0,0.0
8.738390714597601e-103,0.9999999999999966,0.0,0.0
8.629840681800633e-103,0.9999999999999966,0.0,0.0
8.522639079167188e-103,0.9999999999999966,0.0,0.0
8.41676915622876e-103,0.9999999999999966,0.0,0.0
8.312214370594502e-103,0.9999999999999966,0.0,0.0
8.208958385366447e-103,0.9999999999999966,0.0,0.0
8.106985066586833e-103,0.9999999999999966,0.0,0.0
8.006278480717142e-103,0.9999999999999966,0.0,0.0
7.906822892148449e-103,0.9999999999999966,0.0,0.0
7.808602760742702e-103,0.9999999999999966,0.0,0.0
7.711602739404546e-103,0.9999999999999966,0.0,0.0
7.615807671683303e-103,0.9999999999999966,0.0,0.0
7.521202589404752e-103,0.9999999999999966,0.0,0.0
7.427772710332319e-103,0.9999999999999966,0.0,0.0
7.335503435857318e-103,0.9999999999999966,0.0,0.0
7.244380348717898e-103,0.9999999999999966,0.0,0.0
7.154389210746305e-103,0.9999999999999966,0.0,0.0
7.065515960644149e-103,0.9999999999999966,0.0,0.0
6.977746711785294e-103,0.9999999999999966,0.0,0.0
6.891067750046043e-103,0.9999999999999966,0.0,0.0
6.80546553166228e-103,0.9999999999999966,0.0,0.0
6.720926681113229e-103,0.9999999999999966,0.0,0.0
6.637437989031502e-103,0.9999999999999966,0.0,0.0
6.554986410139107e-103,0.9999999999999966,0.0,0.0
6.473559061209099e-103,0.9999999999999966,0.0,0.0
6.393143219052546e-103,0.9999999999999966,0.0,0.0
6.313726318530513e-103,0.9999999999999966,0.0,0.0
6.235295950590719e-103,0.9999999999999966,0.0,0.0
6.157839860328612e-103,0.9999999999999966,0.0,0.0
6.08134594507251e-103,0.9999999999999966,0.0,0.0
6.005802252492527e-103,0.9999999999999966,0.0,0.0
5.931196978733011e-103,0.9999999999999966,0.0,0.0
5.857518466568155e-103,0.9999999999999966,0.0,0.0
5.784755203580537e-103,0.9999999999999966,0.0,0.0
5.712895820362283e-103,0.9999999999999966,0.0,0.0
5.64192908873857e-103,0.9999999999999966,0.0,0.0
5.571843920013205e-103,0.9999999999999966,0.0,0.0
5.502629363235988e-103,0.9999999999999966,0.0,0.0
5.434274603491609e-103,0.9999999999999966,0.0,0.0
5.366768960209795e-103,0.9999999999999966,0.0,0.0
5.3001018854964445e-103,0.9999999999999966,0.0,0.0
5.234262962485504e-103,0.9999999999999966,0.0,0.0
5.169241903711306e-103,0.9999999999999966,0.0,0.0
5.105028549501135e-103,0.9999999999999966,0.0,0.0
5.041612866387757e-103,0.9999999999999966,0.0,0.0
4.978984945541669e-103,0.9999999999999966,0.0,0.0
4.917135001222826e-103,0.9999999999999966,0.0,0.0
4.856053369251596e-103,0.9999999999999966,0.0,0.0
4.795730505498718e-103,0.9999999999999966,0.0,0.0
4.736156984394005e-103,0.9999999999999966,0.0,0.0
4.677323497453585e-103,0.9999999999999966,0.0,0.0
4.619220851825431e-103,0.9999999999999966,0.0,0.0
4.561839968852955e-103,0.9999999999999966,0.0,0.0
4.505171882656455e-103,0.9999999999999966,0.0,0.0
4.449207738732175e-103,0.9999999999999966,0.0,0.0
4.3939387925687686e-103,0.9999999999999966,0.0,0.0
4.339356408280957e-103,0.9999999999999966,0.0,0.0
4.2854520572601495e-103,0.9999999999999966,0.0,0.0
4.2322173168418335e-103,0.9999999999999966,0.0,0.0
4.179643868989515e-103,0.9999999999999966,0.0,0.0
4.1277234989950097e-103,0.9999999999999966,0.0,0.0
4.0764480941948756e-103,0.9999999999999966,0.0,0.0
4.0258096427027956e-103,0.9999999999999966,0.0,0.0
3.9758002321577023e-103,0.9999999999999966,0.0,0.0
3.926412048487457e-103,0.9999999999999966,0.0,0.0
3.8776373746878827e-103,0.9999999999999966,0.0,0.0
3.8294685896169695e-103,0.9999999999999966,0.0,0.0
3.7818981668040513e-103,0.9999999999999966,0.0,0.0
3.734918673273785e-103,0.9999999999999966,0.0,0.0
3.6885227683847294e-103,0.9999999999999966,0.0,0.0
3.6427032026823546e-103,0.9999999999999966,0.0,0.0
3.597452816766302e-103,0.9999999999999966,0.0,0.0
3.5527645401717127e-103,0.9999999999999966,0.0,0.0
3.508631390264452e-103,0.9999999999999966,0.0,0.0
3.4650464711500616e-103,0.9999999999999966,0.0,0.0
3.422002972596257e-103,0.9999999999999966,0.0,0.0
3.3794941689688205e-103,0.9999999999999966,0.0,0.0
3.337513418180702e-103,0.9999999999999966,0.0,0.0
3.296054160654184e-103,0.9999999999999966,0.0,0.0
3.255109918295931e-103,0.9999999999999966,0.0,0.0
3.214674293484775e-103,0.9999999999999966,0.0,0.0
3.174740968072075e-103,0.9999999999999966,0.0,0.0
3.1353037023944926e-103,0.9999999999999966,0.0,0.0
3.096356334299033e-103,0.9999999999999966,0.0,0.0
3.057892778180195e-103,0.9999999999999966,0.0,0.0
3.019907024029082e-103,0.9999999999999966,0.0,0.0
2.9823931364943277e-103,0.9999999999999966,0.0,0.0
2.9453452539546856e-103,0.9999999999999966,0.0,0.0
2.908757587603136e-103,0.9999999999999966,0.0,0.0
2.872624420542376e-103,0.9999999999999966,0.0,0.0
2.836940106891541e-103,0.9999999999999966,0.0,0.0
2.8016990709040245e-103,0.9999999999999966,0.0,0.0
2.766895806096258e-103,0.9999999999999966,0.0,0.0
2.7325248743873096e-103,0.9999999999999966,0.0,0.0
2.6985809052491737e-103,0.9999999999999966,0.0,0.0
2.665058594867615e-103,0.9999999999999966,0.0,0.0
2.6319527053134367e-103,0.9999999999999966,0.0,0.0
2.599258063724044e-103,0.9999999999999966,0.0,0.0
2.566969561495173e-103,0.9999999999999966,0.0,0.0
2.535082153482661e-103,0.9999999999999966,0.0,0.0
2.5035908572141324e-103,0.9999999999999966,0.0,0.0
2.472490752110478e-103,0.9999999999999966,0.0,0.0
2.4417769787170035e-103,0.9999999999999966,0.0,0.0
2.41144473794413e-103,0.9999999999999966,0.0,0.0
2.381489290317529e-103,0.9999999999999966,0.0,0.0
2.3519059552375636e-103,0.9999999999999966,0.0,0.0
2.322690110247943e-103,0.9999999999999966,0.0,0.0
2.293837190313449e-103,0.9999999999999966,0.0,0.0
2.2653426871066426e-103,0.9999999999999966,0.0,0.0
2.237202148303426e-103,0.9999999999999966,0.0,0.0
2.2094111768873614e-103,0.9999999999999966,0.0,0.0
2.1819654304626257e-103,0.9999999999999966,0.0,0.0
2.1548606205755027e-103,0.9999999999999966,0.0,0.0
2.128092512044304e-103,0.9999999999999966,0.0,0.0
2.1016569222976138e-103,0.9999999999999966,0.0,0.0
2.0755497207207514e-103,0.9999999999999966,0.0,0.0
2.049766828010357e-103,0.9999999999999966,0.0,0.0
2.0243042155369905e-103,0.9999999999999966,0.0,0.0
1.9991579047156504e-103,0.9999999999999966,0.0,0.0
1.9743239663841122e-103,0.9999999999999966,0.0,0.0
1.9497985201889878e-103,0.9999999999999966,0.0,0.0
1.925577733979414e-103,0.9999999999999966,0.0,0.0
1.901657823208269e-103,0.9999999999999966,0.0,0.0
1.878035050340831e-103,0.9999999999999966,0.0,0.0
1.8547057242707798e-103,0.9999999999999966,0.0,0.0
1.831666199743455e-103,0.9999999999999966,0.0,0.0
1.8089128767862764e-103,0.9999999999999966,0.0,0.0
1.7864422001462412e-103,0.9999999999999966,0.0,0.0
1.764250658734409e-103,0.9999999999999966,0.0,0.0
1.7423347850772865e-103,0.9999999999999966,0.0,0.0
1.720691154775028e-103,0.9999999999999966,0.0,0.0
1.699316385966366e-103,0.9999999999999966,0.0,0.0
1.6782071388001882e-103,0.9999999999999966,0.0,0.0
1.6573601149136788e-103,0.9999999999999966,0.0,0.0
1.6367720569169436e-103,0.9999999999999966,0.0,0.0
1.6164397478840353e-103,0.9999999999999966,0.0,0.0
1.596360010850302e-103,0.9999999999999966,0.0,0.0
1.5765297083159816e-103,0.9999999999999966,0.0,0.0
1.5569457417559584e-103,0.9999999999999966,0.0,0.0
1.5376050511356157e-103,0.9999999999999966,0.0,0.0
1.5185046144326954e-103,0.9999999999999966,0.0,0.0
1.4996414471651046e-103,0.9999999999999966,0.0,0.0
1.4810126019245813e-103,0.9999999999999966,0.0,0.0
1.4626151679161572e-103,0.9999999999999966,0.0,0.0
1.4444462705033394e-103,0.9999999999999966,0.0,0.0
1.4265030707589439e-103,0.9999999999999966,0.0,0.0
1.408782765021506e-103,0.9999999999999966,0.0,0.0
1.3912825844572027e-103,0.9999999999999966,0.0,0.0
1.3739997946272178e-103,0.9999999999999966,0.0,0.0
1.3569316950604798e-103,0.9999999999999966,0.0,0.0
1.3400756188317067e-103,0.9999999999999966,0.0,0.0
1.323428932144695e-103,0.9999999999999966,0.0,0.0
1.3069890339207826e-103,0.9999999999999966,0.0,0.0
1.2907533553924265e-103,0.9999999999999966,0.0,0.0
1.2747193597018258e-103,0.9999999999999966,0.0,0.0
1.258884541504533e-103,0.9999999999999966,0.0,0.0
1.24324642657799e-103,0.9999999999999966,0.0,0.0
1.2278025714349245e-103,0.9999999999999966,0.0,0.0
1.2125505629415506e-103,0.9999999999999966,0.0,0.0
1.1974880179405115e-103,0.9999999999999966,0.0,0.0
1.182612582878507e-103,0.9999999999999966,0.0,0.0
1.1679219334385454e-103,0.9999999999999966,0.0,0.0
1.1534137741767638e-103,0.9999999999999966,0.0,0.0
1.1390858381637623e-103,0.9999999999999966,0.0,0.0
1.1249358866303886e-103,0.9999999999999966,0.0,0.0
1.1109617086179283e-103,0.9999999999999966,0.0,0.0
1.0971611206326376e-103,0.9999999999999966,0.0,0.0
1.0835319663045669e-103,0.9999999999999966,0.0,0.0
1.0700721160506244e-103,0.9999999999999966,0.0,0.0
1.0567794667418249e-103,0.9999999999999966,0.0,0.0
1.0436519413746703e-103,0.9999999999999966,0.0,0.0
1.0306874887466148e-103,0.9999999999999966,0.0,0.0
1.0178840831355597e-103,0.9999999999999966,0.0,0.0
1.0052397239833304e-103,0.9999999999999966,0.0,0.0
9.927524355830851e-104,0.9999999999999966,0.0,0.0
9.804202667706064e-104,0.9999999999999966,0.0,0.0
9.682412906194281e-104,0.9999999999999966,0.0,0.0
9.562136041397492e-104,0.9999999999999966,0.0,0.0
9.443353279810873e-104,0.9999999999999966,0.0,0.0
9.326046061386268e-104,0.9999999999999966,0.0,0.0
9.210196056632144e-104,0.9999999999999966,0.0,0.0
9.095785163749568e-104,0.9999999999999966,0.0,0.0
8.982795505803761e-104,0.9999999999999966,0.0,0.0
8.871209427930798e-104,0.9999999999999966,0.0,0.0
8.761009494578996e-104,0.9999999999999966,0.0,0.0
8.65217848678457e-104,0.9999999999999966,0.0,0.0
8.544699399481143e-104,0.9999999999999966,0.0,0.0
8.438555438842663e-104,0.9999999999999966,0.0,0.0
8.333730019659334e-104,0.9999999999999966,0.0,0.0
8.230206762746146e-104,0.9999999999999966,0.0,0.0
8.127969492383595e-104,0.9999999999999966,0.0,0.0
8.027002233790187e-104,0.9999999999999966,0.0,0.0
7.927289210626359e-104,0.9999999999999966,0.0,0.0
7.828814842529374e-104,0.9999999999999966,0.0,0.0
7.731563742678882e-104,0.9999999999999966,0.0,0.0
7.635520715392675e-104,0.9999999999999966,0.0,0.0
7.540670753752343e-104,0.9999999999999966,0.0,0.0
7.446999037258415e-104,0.9999999999999966,0.0,0.0
7.354490929514619e-104,0.9999999999999966,0.0,0.0
7.263131975940913e-104,0.9999999999999966,0.0,0.0
7.172907901514939e-104,0.9999999999999966,0.0,0.0
7.083804608541511e-104,0.9999999999999966,0.0,0.0
6.995808174449823e-104,0.9999999999999966,0.0,0.0
6.908904849618027e-104,0.9999999999999966,0.0,0.0
6.823081055224816e-104,0.9999999999999966,0.0,0.0
6.738323381127711e-104,0.9999999999999966,0.0,0.0
6.6546185837677e-104,0.9999999999999966,0.0,0.0
6.571953584099902e-104,0.9999999999999966,0.0,0.0
6.490315465549941e-104,0.9999999999999966,0.0,0.0
6.409691471995705e-104,0.9999999999999966,0.0,0.0
6.330069005774174e-104,0.9999999999999966,0.0,0.0
6.251435625713015e-104,0.9999999999999966,0.0,0.0
6.173779045186616e-104,0.9999999999999966,0.0,0.0
6.097087130196282e-104,0.9999999999999966,0.0,0.0
6.021347897474269e-104,0.9999999999999966,0.0,0.0
5.946549512611378e-104,0.9999999999999966,0.0,0.0
5.872680288207799e-104,0.9999999999999966,0.0,0.0
5.799728682046936e-104,0.9999999999999966,0.0,0.0
5.727683295291909e-104,0.9999999999999966,0.0,0.0
5.656532870704467e-104,0.9999999999999966,0.0,0.0
5.586266290886014e-104,0.9999999999999966,0.0,0.0
5.516872576540501e-104,0.9999999999999966,0.0,0.0
5.448340884758882e-104,0.9999999999999966,0.0,0.0
5.380660507324892e-104,0.9999999999999966,0.0,0.0
5.313820869041864e-104,0.9999999999999966,0.0,0.0
5.247811526080336e-104,0.9999999999999966,0.0,0.0
5.1826221643461756e-104,0.9999999999999966,0.0,0.0
5.1182425978689884e-104,0.9999999999999966,0.0,0.0
5.054662767210535e-104,0.9999999999999966,0.0,0.0
4.9918727378929243e-104,0.9999999999999966,0.0,0.0
4.929862698846333e-104,0.9999999999999966,0.0,0.0
4.8686229608760035e-104,0.9999999999999966,0.0,0.0
4.808143955148288e-104,0.9999999999999966,0.0,0.0
4.7484162316955e-104,0.9999999999999966,0.0,0.0
4.689430457939338e-104,0.9999999999999966,0.0,0.0
4.631177417232648e-104,0.9999999999999966,0.0,0.0
4.573648007419307e-104,0.9999999999999966,0.0,0.0
4.516833239411989e-104,0.9999999999999966,0.0,0.0
4.460724235787609e-104,0.9999999999999966,0.0,0.0
4.405312229400198e-104,0.9999999999999966,0.0,0.0
4.3505885620110246e-104,0.9999999999999966,0.0,0.0
4.2965446829357275e-104,0.9999999999999966,0.0,0.0
4.243172147708251e-104,0.9999999999999966,0.0,0.0
4.190462616761382e-104,0.9999999999999966,0.0,0.0
4.1384078541236756e-104,0.9999999999999966,0.0,0.0
4.086999726132566e-104,0.9999999999999966,0.0,0.0
4.0362302001634676e-104,0.9999999999999966,0.0,0.0
3.9860913433746594e-104,0.9999999999999966,0.0,0.0
3.9365753214677636e-104,0.9999999999999966,0.0,0.0
3.887674397463619e-104,0.9999999999999966,0.0,0.0
3.839380930493363e-104,0.9999999999999966,0.0,0.0
3.791687374604531e-104,0.9999999999999966,0.0,0.0
3.744586277581985e-104,0.9999999999999966,0.0,0.0
3.6980702797834915e-104,0.9999999999999966,0.0,0.0
3.652132112989759e-104,0.9999999999999966,0.0,0.0
3.6067645992687667e-104,0.9999999999999966,0.0,0.0
3.561960649854198e-104,0.9999999999999966,0.0,0.0
3.517713264037805e-104,0.9999999999999966,0.0,0.0
3.474015528075535e-104,0.9999999999999966,0.0,0.0
3.430860614107244e-104,0.9999999999999966,0.0,0.0
3.388241779089826e-104,0.9999999999999966,0.0,0.0
3.346152363743605e-104,0.9999999999999966,0.0,0.0
3.304585791511804e-104,0.9999999999999966,0.0,0.0
3.263535567532946e-104,0.9999999999999966,0.0,0.0
3.2229952776260205e-104,0.9999999999999966,0.0,0.0
3.182958587288252e-104,0.9999999999999966,0.0,0.0
3.143419240705322e-104,0.9999999999999966,0.0,0.0
3.104371059773886e-104,0.9999999999999966,0.0,0.0
3.0658079431362327e-104,0.9999999999999966,0.0,0.0
3.027723865226932e-104,0.9999999999999966,0.0,0.0
2.9901128753313305e-104,0.9999999999999966,0.0,0.0
2.95296909665574e-104,0.9999999999999966,0.0,0.0
2.916286725409174e-104,0.9999999999999966,0.0,0.0
2.8800600298964965e-104,0.9999999999999966,0.0,0.0
2.844283349622834e-104,0.9999999999999966,0.0,0.0
2.808951094409106e-104,0.9999999999999966,0.0,0.0
2.7740577435185548e-104,0.9999999999999966,0.0,0.0
2.7395978447941143e-104,0.9999999999999966,0.0,0.0
2.705566013806502e-104,0.9999999999999966,0.0,0.0
2.6719569330128904e-104,0.9999999999999966,0.0,0.0
2.6387653509260286e-104,0.9999999999999966,0.0,0.0
2.6059860812936895e-104,0.9999999999999966,0.0,0.0
2.5736140022883045e-104,0.9999999999999966,0.0,0.0
2.5416440557066704e-104,0.9999999999999966,0.0,0.0
2.5100712461795924e-104,0.9999999999999966,0.0,0.0
2.478890640391348e-104,0.9999999999999966,0.0,0.0
2.4480973663088477e-104,0.9999999999999966,0.0,0.0
2.4176866124203687e-104,0.9999999999999966,0.0,0.0
2.387653626983747e-104,0.9999999999999966,0.0,0.0
2.3579937172839068e-104,0.9999999999999966,0.0,0.0
2.3287022488996163e-104,0.9999999999999966,0.0,0.0
2.299774644979348e-104,0.9999999999999966,0.0,0.0
2.2712063855261384e-104,0.9999999999999966,0.0,0.0
2.2429930066913265e-104,0.9999999999999966,0.0,0.0
2.2151301000770705e-104,0.9999999999999966,0.0,0.0
2.1876133120475263e-104,0.9999999999999966,0.0,0.0
2.1604383430485834e-104,0.9999999999999966,0.0,0.0
2.1336009469360485e-104,0.9999999999999966,0.0,0.0
2.10709693031218e-104,0.9999999999999966,0.0,0.0
2.0809221518704598e-104,0.9999999999999966,0.0,0.0
2.0550725217485047e-104,0.9999999999999966,0.0,0.0
2.029544000889018e-104,0.9999999999999966,0.0,0.0
2.004332600408679e-104,0.9999999999999966,0.0,0.0
1.979434380974872e-104,0.9999999999999966,0.0,0.0
1.9548454521901552e-104,0.9999999999999966,0.0,0.0
1.930561971984382e-104,0.9999999999999966,0.0,0.0
1.9065801460143653e-104,0.9999999999999966,0.0,0.0
1.8828962270710092e-104,0.9999999999999966,0.0,0.0
1.8595065144937937e-104,0.9999999999999966,0.0,0.0
1.836407353592544e-104,0.9999999999999966,0.0,0.0
1.8135951350763744e-104,0.9999999999999966,0.0,0.0
1.7910662944897323e-104,0.9999999999999966,0.0,0.0
1.768817311655442e-104,0.9999999999999966,0.0,0.0
1.7468447101246707e-104,0.9999999999999966,0.0,0.0
1.7251450566337276e-104,0.9999999999999966,0.0,0.0
1.7037149605676074e-104,0.9999999999999966,0.0,0.0
1.6825510734302016e-104,0.9999999999999966,0.0,0.0
1.6616500883210877e-104,0.9999999999999966,0.0,0.0
1.6410087394188208e-104,0.9999999999999966,0.0,0.0
1.6206238014706406e-104,0.9999999999999966,0.0,0.0
1.6004920892885212e-104,0.9999999999999966,0.0,0.0
1.5806104572514763e-104,0.9999999999999966,0.0,0.0
1.5609757988140527e-104,0.9999999999999966,0.0,0.0
1.5415850460209232e-104,0.9999999999999966,0.0,0.0
1.5224351690275146e-104,0.9999999999999966,0.0,0.0
1.5035231756265873e-104,0.9999999999999966,0.0,0.0
1.4848461107806967e-104,0.9999999999999966,0.0,0.0
1.466401056160463e-104,0.9999999999999966,0.0,0.0
1.4481851296885766e-104,0.9999999999999966,0.0,0.0
1.430195485089466e-104,0.9999999999999966,0.0,0.0
1.4124293114445643e-104,0.9999999999999966,0.0,0.0
1.394883832753095e-104,0.9999999999999966,0.0,0.0
1.3775563074983168e-104,0.9999999999999966,0.0,0.0
1.3604440282191568e-104,0.9999999999999966,0.0,0.0
1.3435443210871634e-104,0.9999999999999966,0.0,0.0
1.3268545454887156e-104,0.9999999999999966,0.0,0.0
1.3103720936124219e-104,0.9999999999999966,0.0,0.0
1.2940943900416437e-104,0.9999999999999966,0.0,0.0
1.2780188913520818e-104,0.9999999999999966,0.0,0.0
1.2621430857143613e-104,0.9999999999999966,0.0,0.0
1.2464644925015525e-104,0.9999999999999966,0.0,0.0
1.2309806619015688e-104,0.9999999999999966,0.0,0.0
1.2156891745343778e-104,0.9999999999999966,0.0,0.0
1.2005876410739684e-104,0.9999999999999966,0.0,0.0
1.1856737018750141e-104,0.9999999999999966,0.0,0.0
1.1709450266041737e-104,0.9999999999999966,0.0,0.0
1.1563993138759711e-104,0.9999999999999966,0.0,0.0
1.1420342908931998e-104,0.9999999999999966,0.0,0.0
1.1278477130917943e-104,0.9999999999999966,0.0,0.0
1.1138373637901106e-104,0.9999999999999966,0.0,0.0
1.1000010538425676e-104,0.9999999999999966,0.0,0.0
1.0863366212975861e-104,0.9999999999999966,0.0,0.0
1.0728419310597818e-104,0.9999999999999966,0.0,0.0
1.0595148745563505e-104,0.9999999999999966,0.0,0.0
1.0463533694076003e-104,0.9999999999999966,0.0,0.0
1.0333553591015753e-104,0.9999999999999966,0.0,0.0
1.0205188126727211e-104,0.9999999999999966,0.0,0.0
1.0078417243845434e-104,0.9999999999999966,0.0,0.0
9.953221134162058e-105,0.9999999999999966,0.0,0.0
9.829580235530241e-105,0.9999999999999966,0.0,0.0
9.707475228808033e-105,0.9999999999999966,0.0,0.0
9.586887034839711e-105,0.9999999999999966,0.0,0.0
9.467796811474642e-105,0.9999999999999966,0.0,0.0
9.350185950623138e-105,0.9999999999999966,0.0,0.0
9.234036075348921e-105,0.9999999999999966,0.0,0.0
9.119329036997675e-105,0.9999999999999966,0.0,0.0
9.006046912361294e-105,0.9999999999999966,0.0,0.0
8.894172000877334e-105,0.9999999999999966,0.0,0.0
8.783686821863275e-105,0.9999999999999966,0.0,0.0
8.674574111785117e-105,0.9999999999999966,0.0,0.0
8.566816821559926e-105,0.9999999999999966,0.0,0.0
8.460398113891877e-105,0.9999999999999966,0.0,0.0
8.355301360641395e-105,0.9999999999999966,0.0,0.0
8.251510140226969e-105,0.9999999999999966,0.0,0.0
8.14900823505925e-105,0.9999999999999966,0.0,0.0
8.047779629007022e-105,0.9999999999999966,0.0,0.0
7.947808504894643e-105,0.9999999999999966,0.0,0.0
7.849079242030588e-105,0.9999999999999966,0.0,0.0
7.75157641376667e-105,0.9999999999999966,0.0,0.0
7.65528478508761e-105,0.9999999999999966,0.0,0.0
7.560189310230527e-105,0.9999999999999966,0.0,0.0
7.466275130334004e-105,0.9999999999999966,0.0,0.0
7.373527571116372e-105,0.9999999999999966,0.0,0.0
7.281932140582812e-105,0.9999999999999966,0.0,0.0
7.191474526760956e-105,0.9999999999999966,0.0,0.0
7.102140595464612e-105,0.9999999999999966,0.0,0.0
7.013916388085272e-105,0.9999999999999966,0.0,0.0
6.926788119411042e-105,0.9999999999999966,0.0,0.0
6.8407421754726855e-105,0.9999999999999966,0.0,0.0
6.755765111416406e-105,0.9999999999999966,0.0,0.0
6.671843649403061e-105,0.9999999999999966,0.0,0.0
6.588964676533478e-105,0.9999999999999966,0.0,0.0
6.507115242799533e-105,0.9999999999999966,0.0,0.0
6.426282559060686e-105,0.9999999999999966,0.0,0.0
6.346453995045653e-105,0.9999999999999966,0.0,0.0
6.2676170773789e-105,0.9999999999999966,0.0,0.0
6.189759487631649e-105,0.9999999999999966,0.0,0.0
6.112869060397107e-105,0.9999999999999966,0.0,0.0
6.036933781389589e-105,0.9999999999999966,0.0,0.0
5.961941785567262e-105,0.9999999999999966,0.0,0.0
5.8878813552782116e-105,0.9999999999999966,0.0,0.0
5.814740918429533e-105,0.9999999999999966,0.0,0.0
5.7425090466791675e-105,0.9999999999999966,0.0,0.0
5.671174453650202e-105,0.9999999999999966,0.0,0.0
5.600725993167349e-105,0.9999999999999966,0.0,0.0
5.531152657515333e-105,0.9999999999999966,0.0,0.0
5.4624435757189176e-105,0.9999999999999966,0.0,0.0
5.3945880118442844e-105,0.9999999999999966,0.0,0.0
5.32757536332153e-105,0.9999999999999966,0.0,0.0
5.261395159287988e-105,0.9999999999999966,0.0,0.0
5.196037058952139e-105,0.9999999999999966,0.0,0.0
5.1314908499778376e-105,0.9999999999999966,0.0,0.0
5.067746446888613e-105,0.9999999999999966,0.0,0.0
5.004793889491801e-105,0.9999999999999966,0.0,0.0
4.942623341322232e-105,0.9999999999999966,0.0,0.0
4.881225088105273e-105,0.9999999999999966,0.0,0.0
4.8205895362389454e-105,0.9999999999999966,0.0,0.0
4.7607072112949116e-105,0.9999999999999966,0.0,0.0
4.701568756538072e-105,0.9999999999999966,0.0,0.0
4.643164931464553e-105,0.9999999999999966,0.0,0.0
4.585486610357872e-105,0.9999999999999966,0.0,0.0
4.5285247808630084e-105,0.9999999999999966,0.0,0.0
4.4722705425782196e-105,0.9999999999999966,0.0,0.0
4.4167151056643255e-105,0.9999999999999966,0.0,0.0
4.361849789471284e-105,0.9999999999999966,0.0,0.0
4.307666021181821e-105,0.9999999999999966,0.0,0.0
4.254155334471905e-105,0.9999999999999966,0.0,0.0
4.201309368187872e-105,0.9999999999999966,0.0,0.0
4.1491198650399804e-105,0.9999999999999966,0.0,0.0
4.097578670312184e-105,0.9999999999999966,0.0,0.0
4.046677730587949e-105,0.9999999999999966,0.0,0.0
3.9964090924918885e-105,0.9999999999999966,0.0,0.0
3.94676490144703e-105,0.9999999999999966,0.0,0.0
3.897737400447526e-105,0.9999999999999966,0.0,0.0
3.849318928846598e-105,0.9999999999999966,0.0,0.0
3.801501921159557e-105,0.9999999999999966,0.0,0.0
3.754278905881667e-105,0.9999999999999966,0.0,0.0
3.707642504320721e-105,0.9999999999999966,0.0,0.0
3.661585429444093e-105,0.9999999999999966,0.0,0.0
3.616100484740135e-105,0.9999999999999966,0.0,0.0
3.5711805630936975e-105,0.9999999999999966,0.0,0.0
3.526818645675639e-105,0.9999999999999966,0.0,0.0
3.4830078008461072e-105,0.9999999999999966,0.0,0.0
3.439741183071469e-105,0.9999999999999966,0.0,0.0
3.3970120318546726e-105,0.9999999999999966,0.0,0.0
3.3548136706789097e-105,0.9999999999999966,0.0,0.0
3.3131395059643967e-105,0.9999999999999966,0.0,0.0
3.271983026038112e-105,0.9999999999999966,0.0,0.0
3.231337800116337e-105,0.9999999999999966,0.0,0.0
3.1911974772998303e-105,0.9999999999999966,0.0,0.0
3.151555785581489e-105,0.9999999999999966,0.0,0.0
3.1124065308663313e-105,0.9999999999999966,0.0,0.0
3.073743596003662e-105,0.9999999999999966,0.0,0.0
3.035560939831251e-105,0.9999999999999966,0.0,0.0
2.9978525962313903e-105,0.9999999999999966,0.0,0.0
2.9606126731986765e-105,0.9999999999999966,0.0,0.0
2.9238353519193732e-105,0.9999999999999966,0.0,0.0
2.8875148858622086e-105,0.9999999999999966,0.0,0.0
2.8516455998804696e-105,0.9999999999999966,0.0,0.0
2.816221889325246e-105,0.9999999999999966,0.0,0.0
2.781238219169697e-105,0.9999999999999966,0.0,0.0
2.7466891231441875e-105,0.9999999999999966,0.0,0.0
2.7125692028821753e-105,0.9999999999999966,0.0,0.0
2.6788731270767042e-105,0.9999999999999966,0.0,0.0
2.6455956306473765e-105,0.9999999999999966,0.0,0.0
2.6127315139176733e-105,0.9999999999999966,0.0,0.0
2.5802756418024956e-105,0.9999999999999966,0.0,0.0
2.5482229430057956e-105,0.9999999999999966,0.0,0.0
2.5165684092281756e-105,0.9999999999999966,0.0,0.0
2.4853070943843346e-105,0.9999999999999966,0.0,0.0
2.4544341138302277e-105,0.9999999999999966,0.0,0.0
2.4239446435998346e-105,0.9999999999999966,0.0,0.0
2.3938339196514015e-105,0.9999999999999966,0.0,0.0
2.3640972371230534e-105,0.9999999999999966,0.0,0.0
2.334729949597647e-105,0.9999999999999966,0.0,0.0
2.3057274683767604e-105,0.9999999999999966,0.0,0.0
2.2770852617636982e-105,0.9999999999999966,0.0,0.0
2.2487988543554064e-105,0.9999999999999966,0.0,0.0
2.2208638263431797e-105,0.9999999999999966,0.0,0.0
2.1932758128220593e-105,0.9999999999999966,0.0,0.0
2.1660305031088054e-105,0.9999999999999966,0.0,0.0
2.139123640068347e-105,0.9999999999999966,0.0,0.0
2.112551019448592e-105,0.9999999999999966,0.0,0.0
2.086308489223509e-105,0.9999999999999966,0.0,0.0
2.0603919489443605e-105,0.9999999999999966,0.0,0.0
2.034797349099002e-105,0.9999999999999966,0.0,0.0
2.0095206904791374e-105,0.9999999999999966,0.0,0.0
1.9845580235554326e-105,0.9999999999999966,0.0,0.0
1.959905447860395e-105,0.9999999999999966,0.0,0.0
1.9355591113789187e-105,0.9999999999999966,0.0,0.0
1.9115152099463966e-105,0.9999999999999966,0.0,0.0
1.8877699866543135e-105,0.9999999999999966,0.0,0.0
1.864319731263222e-105,0.9999999999999966,0.0,0.0
1.841160779623008e-105,0.9999999999999966,0.0,0.0
1.8182895131003627e-105,0.9999999999999966,0.0,0.0
1.795702358013362e-105,0.9999999999999966,0.0,0.0
1.7733957850730694e-105,0.9999999999999966,0.0,0.0
1.751366308832083e-105,0.9999999999999966,0.0,0.0
1.7296104871399208e-105,0.9999999999999966,0.0,0.0
1.7081249206051833e-105,0.9999999999999966,0.0,0.0
1.6869062520643879e-105,0.9999999999999966,0.0,0.0
1.6659511660574066e-105,0.9999999999999966,0.0,0.0
1.6452563883094185e-105,0.9999999999999966,0.0,0.0
1.6248186852192982e-105,0.9999999999999966,0.0,0.0
1.6046348633543585e-105,0.9999999999999966,0.0,0.0
1.5847017689513696e-105,0.9999999999999966,0.0,0.0
1.5650162874237784e-105,0.9999999999999966,0.0,0.0
1.5455753428750472e-105,0.9999999999999966,0.0,0.0
1.526375897618038e-105,0.9999999999999966,0.0,0.0
1.5074149517003698e-105,0.9999999999999966,0.0,0.0
1.4886895424356673e-105,0.9999999999999966,0.0,0.0
1.470196743940637e-105,0.9999999999999966,0.0,0.0
1.4519336666778917e-105,0.9999999999999966,0.0,0.0
1.4338974570044534e-105,0.9999999999999966,0.0,0.0
1.416085296725867e-105,0.9999999999999966,0.0,0.0
1.3984944026558513e-105,0.9999999999999966,0.0,0.0
1.3811220261814194e-105,0.9999999999999966,0.0,0.0
1.3639654528334042e-105,0.9999999999999966,0.0,0.0
1.3470220018623158e-105,0.9999999999999966,0.0,0.0
1.3302890258194693e-105,0.9999999999999966,0.0,0.0
1.313763910143316e-105,0.9999999999999966,0.0,0.0
1.2974440727509114e-105,0.9999999999999966,0.0,0.0
1.2813269636344611e-105,0.9999999999999966,0.0,0.0
1.2654100644628765e-105,0.9999999999999966,0.0,0.0
1.2496908881882798e-105,0.9999999999999966,0.0,0.0
1.2341669786573983e-105,0.9999999999999966,0.0,0.0
1.2188359102277846e-105,0.9999999999999966,0.0,0.0
1.2036952873888065e-105,0.9999999999999966,0.0,0.0
1.188742744387343e-105,0.9999999999999966,0.0,0.0
1.1739759448581294e-105,0.9999999999999966,0.0,0.0
1.1593925814586972e-105,0.9999999999999966,0.0,0.0
1.1449903755088457e-105,0.9999999999999966,0.0,0.0
1.130767076634595e-105,0.9999999999999966,0.0,0.0
1.1167204624165595e-105,0.9999999999999966,0.0,0.0
1.10284833804269e-105,0.9999999999999966,0.0,0.0
1.0891485359653314e-105,0.9999999999999966,0.0,0.0
1.0756189155625372e-105,0.9999999999999966,0.0,0.0
1.0622573628035941e-105,0.9999999999999966,0.0,0.0
1.0490617899187005e-105,0.9999999999999966,0.0,0.0
1.0360301350727469e-105,0.9999999999999966,0.0,0.0
1.0231603620431516e-105,0.9999999999999966,0.0,0.0
1.0104504599016957e-105,0.9999999999999966,0.0,0.0
9.97898442700312e-106,0.9999999999999966,0.0,0.0
9.855023491607763e-106,0.9999999999999966,0.0,0.0
9.732602423682536e-106,0.9999999999999966,0.0,0.0
9.611702094686518e-106,0.9999999999999966,0.0,0.0
9.492303613697337e-106,0.9999999999999966,0.0,0.0
9.37438832445943e-106,0.9999999999999966,0.0,0.0
9.257937802468956e-106,0.9999999999999966,0.0,0.0
9.142933852094945e-106,0.9999999999999966,0.0,0.0
9.029358503736181e-106,0.9999999999999966,0.0,0.0
8.917194011013416e-106,0.9999999999999966,0.0,0.0
8.806422847996473e-106,0.9999999999999966,0.0,0.0
8.69702770646577e-106,0.9999999999999966,0.0,0.0
8.588991493207883e-106,0.9999999999999966,0.0,0.0
8.482297327344696e-106,0.9999999999999966,0.0,0.0
8.37692853769573e-106,0.9999999999999966,0.0,0.0
8.272868660173236e-106,0.9999999999999966,0.0,0.0
8.170101435209644e-106,0.9999999999999966,0.0,0.0
8.068610805216978e-106,0.9999999999999966,0.0,0.0
7.968380912077827e-106,0.9999999999999966,0.0,0.0
7.869396094667471e-106,0.9999999999999966,0.0,0.0
7.771640886406814e-106,0.9999999999999966,0.0,0.0
7.675100012845684e-106,0.9999999999999966,0.0,0.0
7.57975838927618e-106,0.9999999999999966,0.0,0.0
7.485601118375651e-106,0.9999999999999966,0.0,0.0
7.392613487878962e-106,0.9999999999999966,0.0,0.0
7.300780968279668e-106,0.9999999999999966,0.0,0.0
7.210089210559753e-106,0.9999999999999966,0.0,0.0
7.120524043947566e-106,0.9999999999999966,0.0,0.0
7.032071473703606e-106,0.9999999999999966,0.0,0.0
6.944717678933821e-106,0.9999999999999966,0.0,0.0
6.858449010430061e-106,0.9999999999999966,0.0,0.0
6.773251988537363e-106,0.9999999999999966,0.0,0.0
6.689113301047727e-106,0.9999999999999966,0.0,0.0
6.6060198011200565e-106,0.9999999999999966,0.0,0.0
6.523958505225938e-106,0.9999999999999966,0.0,0.0
6.442916591120941e-106,0.9999999999999966,0.0,0.0
6.362881395841107e-106,0.9999999999999966,0.0,0.0
6.283840413724346e-106,0.9999999999999966,0.0,0.0
6.2057812944564e-106,0.9999999999999966,0.0,0.0
6.128691841141073e-106,0.9999999999999966,0.0,0.0
6.052560008394452e-106,0.9999999999999966,0.0,0.0
5.977373900462782e-106,0.9999999999999966,0.0,0.0
5.903121769363738e-106,0.9999999999999966,0.0,0.0
5.829792013050771e-106,0.9999999999999966,0.0,0.0
5.757373173600274e-106,0.9999999999999966,0.0,0.0
5.685853935421247e-106,0.9999999999999966,0.0,0.0
5.615223123487225e-106,0.9999999999999966,0.0,0.0
5.545469701590147e-106,0.9999999999999966,0.0,0.0
5.476582770615932e-106,0.9999999999999966,0.0,0.0
5.408551566841468e-106,0.9999999999999966,0.0,0.0
5.341365460252759e-106,0.9999999999999966,0.0,0.0
5.275013952883965e-106,0.9999999999999966,0.0,0.0
5.209486677177069e-106,0.9999999999999966,0.0,0.0
5.144773394361929e-106,0.9999999999999966,0.0,0.0
5.080863992856451e-106,0.9999999999999966,0.0,0.0
5.017748486686629e-106,0.9999999999999966,0.0,0.0
4.955417013926217e-106,0.9999999999999966,0.0,0.0
4.893859835155787e-106,0.9999999999999966,0.0,0.0
4.833067331940921e-106,0.9999999999999966,0.0,0.0
4.773030005329313e-106,0.9999999999999966,0.0,0.0
4.713738474366536e-106,0.9999999999999966,0.0,0.0
4.65518347463025e-106,0.9999999999999966,0.0,0.0
4.597355856782622e-106,0.9999999999999966,0.0,0.0
4.540246585140712e-106,0.9999999999999966,0.0,0.0
4.483846736264643e-106,0.9999999999999966,0.0,0.0
4.428147497563285e-106,0.9999999999999966,0.0,0.0
4.3731401659172715e-106,0.9999999999999966,0.0,0.0
4.318816146319126e-106,0.9999999999999966,0.0,0.0
4.2651669505302637e-106,0.9999999999999966,0.0,0.0
4.2121841957546977e-106,0.9999999999999966,0.0,0.0
4.1598596033292033e-106,0.9999999999999966,0.0,0.0
4.108184997429762e-106,0.9999999999999966,0.0,0.0
4.0571523037940724e-106,0.9999999999999966,0.0,0.0
4.0067535484599304e-106,0.9999999999999966,0.0,0.0
3.956980856519281e-106,0.9999999999999966,0.0,0.0
3.9078264508877494e-106,0.9999999999999966,0.0,0.0
3.859282651089452e-106,0.9999999999999966,0.0,0.0
3.8113418720569116e-106,0.9999999999999966,0.0,0.0
3.7639966229458696e-106,0.9999999999999966,0.0,0.0
3.717239505964832e-106,0.9999999999999966,0.0,0.0
3.6710632152191453e-106,0.9999999999999966,0.0,0.0
3.6254605355694367e-106,0.9999999999999966,0.0,0.0
3.5804243415042347e-106,0.9999999999999966,0.0,0.0
3.5359475960265926e-106,0.9999999999999966,0.0,0.0
3.4920233495545437e-106,0.9999999999999966,0.0,0.0
3.448644738835215e-106,0.9999999999999966,0.0,0.0
3.4058049858724304e-106,0.9999999999999966,0.0,0.0
3.363497396867633e-106,0.9999999999999966,0.0,0.0
3.321715361173969e-106,0.9999999999999966,0.0,0.0
3.2804523502633574e-106,0.9999999999999966,0.0,0.0
3.239701916706396e-106,0.9999999999999966,0.0,0.0
3.199457693164936e-106,0.9999999999999966,0.0,0.0
3.159713391397175e-106,0.9999999999999966,0.0,0.0
3.120462801275104e-106,0.9999999999999966,0.0,0.0
3.0816997898141623e-106,0.9999999999999966,0.0,0.0
3.0434183002149476e-106,0.9999999999999966,0.0,0.0
3.0056123509168296e-106,0.9999999999999966,0.0,0.0
2.9682760346633145e-106,0.9999999999999966,0.0,0.0
2.9314035175790294e-106,0.9999999999999966,0.0,0.0
2.894989038258164e-106,0.9999999999999966,0.0,0.0
2.8590269068642424e-106,0.9999999999999966,0.0,0.0
2.8235115042410693e-106,0.9999999999999966,0.0,0.0
2.7884372810347315e-106,0.9999999999999966,0.0,0.0
2.753798756826496e-106,0.9999999999999966,0.0,0.0
2.7195905192764847e-106,0.9999999999999966,0.0,0.0
2.6858072232779854e-106,0.9999999999999966,0.0,0.0
2.6524435901222685e-106,0.9999999999999966,0.0,0.0
2.6194944066737757e-106,0.9999999999999966,0.0,0.0
2.5869545245555604e-106,0.9999999999999966,0.0,0.0
2.5548188593448403e-106,0.9999999999999966,0.0,0.0
2.5230823897785484e-106,0.9999999999999966,0.0,0.0
2.491740156968748e-106,0.9999999999999966,0.0,0.0
2.460787263627799e-106,0.9999999999999966,0.0,0.0
2.430218873303144e-106,0.9999999999999966,0.0,0.0
2.400030209621605e-106,0.9999999999999966,0.0,0.0
2.370216555543065e-106,0.9999999999999966,0.0,0.0
2.3407732526234194e-106,0.9999999999999966,0.0,0.0
2.3116957002866857e-106,0.9999999999999966,0.0,0.0
2.282979355106155e-106,0.9999999999999966,0.0,0.0
2.2546197300944704e-106,0.9999999999999966,0.0,0.0
2.2266123940025275e-106,0.9999999999999966,0.0,0.0
2.198952970627083e-106,0.9999999999999966,0.0,0.0
2.1716371381269615e-106,0.9999999999999966,0.0,0.0
2.1446606283477635e-106,0.9999999999999966,0.0,0.0
2.1180192261549527e-106,0.9999999999999966,0.0,0.0
2.0917087687752364e-106,0.9999999999999966,0.0,0.0
2.0657251451461215e-106,0.9999999999999966,0.0,0.0
2.0400642952735533e-106,0.9999999999999966,0.0,0.0
2.0147222095975333e-106,0.9999999999999966,0.0,0.0
1.9896949283656178e-106,0.9999999999999966,0.0,0.0
1.9649785410141973e-106,0.9999999999999966,0.0,0.0
1.9405691855574638e-106,0.9999999999999966,0.0,0.0
1.9164630479839679e-106,0.9999999999999966,0.0,0.0
1.892656361660671e-106,0.9999999999999966,0.0,0.0
1.869145406744401e-106,0.9999999999999966,0.0,0.0
1.8459265096006205e-106,0.9999999999999966,0.0,0.0
1.8229960422294133e-106,0.9999999999999966,0.0,0.0
1.8003504216986015e-106,0.9999999999999966,0.0,0.0
1.7779861095839057e-106,0.9999999999999966,0.0,0.0
1.755899611416059e-106,0.9999999999999966,0.0,0.0
1.734087476134789e-106,0.9999999999999966,0.0,0.0
1.7125462955495817e-106,0.9999999999999966,0.0,0.0
1.6912727038071466e-106,0.9999999999999966,0.0,0.0
1.6702633768654942e-106,0.9999999999999966,0.0,0.0
1.6495150319745467e-106,0.9999999999999966,0.0,0.0
1.6290244271632034e-106,0.9999999999999966,0.0,0.0
1.608788360732776e-106,0.9999999999999966,0.0,0.0
1.588803670756715e-106,0.9999999999999966,0.0,0.0
1.5690672345865538e-106,0.9999999999999966,0.0,0.0
1.549575968363988e-106,0.9999999999999966,0.0,0.0
1.5303268265390163e-106,0.9999999999999966,0.0,0.0
1.511316801394067e-106,0.9999999999999966,0.0,0.0
1.4925429225740364e-106,0.9999999999999966,0.0,0.0
1.4740022566221643e-106,0.9999999999999966,0.0,0.0
1.4556919065216758e-106,0.9999999999999966,0.0,0.0
1.4376090112431158e-106,0.9999999999999966,0.0,0.0
1.4197507452973083e-106,0.9999999999999966,0.0,0.0
1.4021143182938677e-106,0.9999999999999966,0.0,0.0
1.3846969745051941e-106,0.9999999999999966,0.0,0.0
1.367495992435886e-106,0.9999999999999966,0.0,0.0
1.3505086843975005e-106,0.9999999999999966,0.0,0.0
1.3337323960885962e-106,0.9999999999999966,0.0,0.0
1.3171645061799951e-106,0.9999999999999966,0.0,0.0
1.300802425905192e-106,0.9999999999999966,0.0,0.0
1.284643598655856e-106,0.9999999999999966,0.0,0.0
1.268685499582355e-106,0.9999999999999966,0.0,0.0
1.2529256351992431e-106,0.9999999999999966,0.0,0.0
1.2373615429956476e-106,0.9999999999999966,0.0,0.0
1.2219907910504971e-106,0.9999999999999966,0.0,0.0
1.2068109776525296e-106,0.9999999999999966,0.0,0.0
1.1918197309250185e-106,0.9999999999999966,0.0,0.0
1.177014708455164e-106,0.9999999999999966,0.0,0.0
1.1623935969280852e-106,0.9999999999999966,0.0,0.0
1.1479541117653597e-106,0.9999999999999966,0.0,0.0
1.1336939967680547e-106,0.9999999999999966,0.0,0.0
1.11961102376419e-106,0.9999999999999966,0.0,0.0
1.105702992260583e-106,0.9999999999999966,0.0,0.0
1.091967729099016e-106,0.9999999999999966,0.0,0.0
1.0784030881166761e-106,0.9999999999999966,0.0,0.0
