NormalCell,CancerCell,Apoptosis,Empty
0.9975,0.0025,0.0,0.0
0.997424059788264,0.002575940211736068,0.0,0.0
0.9973458189481446,0.0026541810518555275,0.0,0.0
0.9972652081599891,0.002734791840011027,0.0,0.0
0.9971821560388264,0.002817843961173766,0.0,0.0
0.9970965890742726,0.0029034109257275596,0.0,0.0
0.9970084315687779,0.0029915684312221253,0.0,0.0
0.9969176055741742,0.0030823944258257757,0.0,0.0
0.9968240308264816,0.0031759691735183293,0.0,0.0
0.9967276246789344,0.003272375321065616,0.0,0.0
0.9966283020331823,0.0033716979668175413,0.0,0.0
0.9965259752686276,0.003474024731372213,0.0,0.0
0.9964205541698508,0.0035794458301491466,0.0,0.0
0.9963119458520847,0.0036880541479150653,0.0,0.0
0.9962000546846936,0.0037999453153062597,0.0,0.0
0.996084782212608,0.003915217787391902,0.0,0.0
0.9959660270756768,0.00403397292432308,0.0,0.0
0.9958436849258873,0.004156315074112661,0.0,0.0
0.9957176483424085,0.004282351657591374,0.0,0.0
0.9955878067444143,0.004412193255585743,0.0,0.0
0.9954540463016364,0.004545953698363673,0.0,0.0
0.9953162498426065,0.004683750157393596,0.0,0.0
0.9951742967605369,0.004825703239463139,0.0,0.0
0.9950280629167969,0.004971937083203227,0.0,0.0
0.9948774205419367,0.005122579458063428,0.0,0.0
0.9947222381342161,0.005277761865784127,0.0,0.0
0.9945623803555894,0.005437619644410844,0.0,0.0
0.9943977079251047,0.005602292074895543,0.0,0.0
0.9942280775096709,0.005771922490329349,0.0,0.0
0.99405334161215,0.005946658387850353,0.0,0.0
0.9938733484567308,0.006126651543269495,0.0,0.0
0.9936879418715437,0.006312058128456544,0.0,0.0
0.9934969611684731,0.0065030388315271866,0.0,0.0
0.9933002410201293,0.0066997589798709735,0.0,0.0
0.9930976113339418,0.006902388666058481,0.0,0.0
0.9928888971233357,0.0071111028766645155,0.0,0.0
0.9926739183759579,0.007326081624042349,0.0,0.0
0.9924524899189181,0.0075475100810820225,0.0,0.0
0.9922244212810166,0.007775578718983558,0.0,0.0
0.9919895165519267,0.008010483448073426,0.0,0.0
0.9917475742383103,0.008252425761689964,0.0,0.0
0.9914983871168398,0.00850161288316043,0.0,0.0
0.9912417420841112,0.008758257915889127,0.0,0.0
0.9909774200034279,0.009022579996572454,0.0,0.0
0.9907051955484475,0.009294804451552894,0.0,0.0
0.9904248370436808,0.009575162956319615,0.0,0.0
0.9901361063018416,0.009863893698158877,0.0,0.0
0.9898387584580481,0.010161241541952346,0.0,0.0
0.9895325418008843,0.010467458199116098,0.0,0.0
0.9892171976003332,0.010782802399667191,0.0,0.0
0.9888924599326019,0.011107540067398496,0.0,0.0
0.9885580555018647,0.011441944498135601,0.0,0.0
0.9882137034589579,0.011786296541042412,0.0,0.0
0.987859115217066,0.012140884782934229,0.0,0.0
0.9874939942644516,0.012506005735548727,0.0,0.0
0.9871180359742842,0.012881964025716248,0.0,0.0
0.986730927411639,0.013269072588361342,0.0,0.0
0.9863323471377433,0.013667652862257096,0.0,0.0
0.9859219650115574,0.014078034988443037,0.0,0.0
0.9854994419887949,0.014500558011205615,0.0,0.0
0.9850644299184925,0.014935570081507941,0.0,0.0
0.9846165713372582,0.015383428662742291,0.0,0.0
0.9841554992613356,0.015844500738664846,0.0,0.0
0.9836808369766432,0.016319163023357276,0.0,0.0
0.9831921978269564,0.016807802173044097,0.0,0.0
0.9826891850004226,0.017310814999577925,0.0,0.0
0.9821713913146134,0.017828608685387225,0.0,0.0
0.9816383990003382,0.018361600999662414,0.0,0.0
0.9810897794844641,0.01891022051553649,0.0,0.0
0.980525093172005,0.019474906827995613,0.0,0.0
0.9799438892277675,0.020056110772233144,0.0,0.0
0.979345705357863,0.020654294642137555,0.0,0.0
0.9787300675914201,0.02126993240858044,0.0,0.0
0.9780964900628553,0.021903509937145356,0.0,0.0
0.9774444747950892,0.02255552520491146,0.0,0.0
0.9767735114841227,0.02322648851587795,0.0,0.0
0.9760830772854148,0.02391692271458587,0.0,0.0
0.9753726366025375,0.024627363397463246,0.0,0.0
0.9746416408786134,0.025358359121387338,0.0,0.0
0.9738895283910763,0.026110471608924407,0.0,0.0
0.9731157240503283,0.026884275949672364,0.0,0.0
0.9723196392029052,0.027680360797095523,0.0,0.0
0.9715006714397981,0.028499328560202715,0.0,0.0
0.9706582044106199,0.02934179558938093,0.0,0.0
0.9697916076443449,0.030208392355655894,0.0,0.0
0.9689002363773919,0.031099763622608963,0.0,0.0
0.9679834313898646,0.03201656861013613,0.0,0.0
0.9670405188508109,0.03295948114919002,0.0,0.0
0.9660708101734014,0.033929189826599496,0.0,0.0
0.965073601880987,0.03492639811901385,0.0,0.0
0.9640481754850312,0.03595182451496974,0.0,0.0
0.962993797375972,0.03700620262402883,0.0,0.0
0.9619097187281177,0.03809028127188312,0.0,0.0
0.9607951754197284,0.03920482458027247,0.0,0.0
0.9596493879694948,0.04035061203050601,0.0,0.0
0.9584715614906759,0.0415284385093249,0.0,0.0
0.9572608856642111,0.04273911433578962,0.0,0.0
0.9560165347321811,0.0439834652678197,0.0,0.0
0.954737667513042,0.04526233248695882,0.0,0.0
0.9534234274401184,0.04657657255988239,0.0,0.0
0.9520729426248912,0.047927057375109765,0.0,0.0
0.9506853259466727,0.049314674053328345,0.0,0.0
0.9492596751703185,0.050740324829682514,0.0,0.0
0.9477950730936737,0.05220492690632728,0.0,0.0
0.9462905877265064,0.053709412273494704,0.0,0.0
0.9447452725027303,0.05525472749727075,0.0,0.0
0.9431581665277684,0.05684183347223258,0.0,0.0
0.9415282948629508,0.058471705137050245,0.0,0.0
0.9398546688488864,0.060145331151114576,0.0,0.0
0.9381362864697871,0.06186371353021383,0.0,0.0
0.9363721327607544,0.06362786723924659,0.0,0.0
0.9345611802600732,0.0654388197399279,0.0,0.0
0.9327023895085805,0.06729761049142051,0.0,0.0
0.9307947095981978,0.0692052904018033,0.0,0.0
0.9288370787717245,0.07116292122827651,0.0,0.0
0.9268284250760042,0.07317157492399691,0.0,0.0
0.924767667070562,0.07523233292943902,0.0,0.0
0.9226537145938124,0.07734628540618863,0.0,0.0
0.9204854695889051,0.07951453041109588,0.0,0.0
0.9182618269912554,0.08173817300874563,0.0,0.0
0.9159816756797565,0.08401832432024448,0.0,0.0
0.9136438994936223,0.08635610050637871,0.0,0.0
0.9112473783167379,0.08875262168326324,0.0,0.0
0.9087909892313176,0.09120901076868346,0.0,0.0
0.9062736077425744,0.0937263922574267,0.0,0.0
0.9036941090759893,0.09630589092401175,0.0,0.0
0.9010513695486486,0.09894863045135242,0.0,0.0
0.8983442680159648,0.10165573198403621,0.0,0.0
0.8955716873949381,0.1044283126050629,0.0,0.0
0.8927325162649308,0.10726748373507011,0.0,0.0
0.8898256505467256,0.11017434945327531,0.0,0.0
0.886849995260414,0.11315000473958695,0.0,0.0
0.8838044663624202,0.11619553363758078,0.0,0.0
0.8806879926616967,0.11931200733830413,0.0,0.0
0.877499517814843,0.12250048218515788,0.0,0.0
0.8742380023995839,0.12576199760041695,0.0,0.0
0.8709024260657179,0.12909757393428298,0.0,0.0
0.8674917897622823,0.13250821023771864,0.0,0.0
0.8640051180393097,0.13599488196069118,0.0,0.0
0.8604414614221467,0.1395585385778541,0.0,0.0
0.8567998988558828,0.1432001011441179,0.0,0.0
0.8530795402169967,0.14692045978300403,0.0,0.0
0.8492795288888598,0.1507204711111409,0.0,0.0
0.845399044397258,0.1546009556027427,0.0,0.0
0.8414373051015888,0.1585626948984119,0.0,0.0
0.837393570936878,0.16260642906312264,0.0,0.0
0.8332671462012293,0.16673285379877137,0.0,0.0
0.8290573823827778,0.1709426176172229,0.0,0.0
0.8247636810196718,0.17523631898032882,0.0,0.0
0.820385496586049,0.17961450341395163,0.0,0.0
0.8159223393964139,0.18407766060358666,0.0,0.0
0.8113737785202707,0.18862622147972982,0.0,0.0
0.8067394446983067,0.1932605553016938,0.0,0.0
0.8020190332508839,0.19798096674911675,0.0,0.0
0.7972123069690611,0.20278769303093955,0.0,0.0
0.7923190989778621,0.20768090102213851,0.0,0.0
0.7873393155610104,0.21266068443899017,0.0,0.0
0.7822729389358956,0.21772706106410492,0.0,0.0
0.7771200299671066,0.22287997003289395,0.0,0.0
0.7718807308064793,0.2281192691935212,0.0,0.0
0.7665552674472639,0.23344473255273676,0.0,0.0
0.761143952179721,0.2388560478202797,0.0,0.0
0.7556471859352234,0.24435281406477735,0.0,0.0
0.7500654605057577,0.24993453949424296,0.0,0.0
0.7443993606256175,0.2556006393743831,0.0,0.0
0.7386495659020362,0.26135043409796443,0.0,0.0
0.7328168525815516,0.267183147418449,0.0,0.0
0.7269020951390129,0.2730979048609878,0.0,0.0
0.7209062676763454,0.2790937323236553,0.0,0.0
0.7148304451184855,0.2851695548815152,0.0,0.0
0.7086758041942837,0.29132419580571706,0.0,0.0
0.7024436241906529,0.2975563758093479,0.0,0.0
0.6961352874688183,0.3038647125311826,0.0,0.0
0.6897522797321953,0.31024772026780556,0.0,0.0
0.6832961900361921,0.31670380996380876,0.0,0.0
0.6767687105310976,0.32323128946890345,0.0,0.0
0.6701716359301719,0.3298283640698291,0.0,0.0
0.6635068626961071,0.33649313730389385,0.0,0.0
0.6567763879401547,0.34322361205984636,0.0,0.0
0.6499823080294351,0.35001769197056587,0.0,0.0
0.6431268168992342,0.35687318310076677,0.0,0.0
0.6362122040684463,0.3637877959315548,0.0,0.0
0.6292408523577424,0.3707591476422586,0.0,0.0
0.6222152353115132,0.3777847646884877,0.0,0.0
0.6151379143261372,0.38486208567386376,0.0,0.0
0.608011535488672,0.39198846451132896,0.0,0.0
0.600838826131619,0.399161173868382,0.0,0.0
0.5936225911109752,0.40637740888902585,0.0,0.0
0.586365708816348,0.413634291183653,0.0,0.0
0.5790711269234435,0.42092887307655746,0.0,0.0
0.5717418579007506,0.42825814209925034,0.0,0.0
0.564380974283702,0.43561902571629896,0.0,0.0
0.5569916037310029,0.4430083962689981,0.0,0.0
0.5495769238791486,0.4504230761208525,0.0,0.0
0.5421401570124069,0.457859842987594,0.0,0.0
0.5346845645666986,0.46531543543330245,0.0,0.0
0.5272134414868571,0.4727865585131439,0.0,0.0
0.5197301104576939,0.4802698895423071,0.0,0.0
0.512237916030097,0.487762083969904,0.0,0.0
0.504740218664079,0.49525978133592197,0.0,0.0
0.49724038871122483,0.5027596112887762,0.0,0.0
0.4897418003593883,0.5102581996406127,0.0,0.0
0.48224782556273255,0.5177521744372684,0.0,0.0
0.47476182798030486,0.5252381720196961,0.0,0.0
0.4672871569462816,0.5327128430537195,0.0,0.0
0.45982714149481113,0.5401728585051899,0.0,0.0
0.4523850844620255,0.5476149155379755,0.0,0.0
0.44496425668729034,0.5550357433127107,0.0,0.0
0.4375678913351175,0.5624321086648836,0.0,0.0
0.4301991783583896,0.5698008216416114,0.0,0.0
0.4228612591226395,0.5771387408773615,0.0,0.0
0.4155572212101045,0.5844427787898965,0.0,0.0
0.40829009342114814,0.5917099065788528,0.0,0.0
0.4010628409894089,0.5989371590105921,0.0,0.0
0.3938783610257265,0.6061216389742745,0.0,0.0
0.3867394782045049,0.6132605217954962,0.0,0.0
0.3796489407047238,0.6203510592952771,0.0,0.0
0.3726094164163142,0.6273905835836868,0.0,0.0
0.36562348942107836,0.6343765105789226,0.0,0.0
0.3586936567557841,0.6413063432442169,0.0,0.0
0.3518223254634958,0.6481776745365052,0.0,0.0
0.34501180993764796,0.6549881900623531,0.0,0.0
0.3382643295618182,0.6617356704381828,0.0,0.0
0.33158200664664345,0.6684179933533575,0.0,0.0
0.3249668646638397,0.6750331353361613,0.0,0.0
0.31842082677585604,0.681579173224145,0.0,0.0
0.31194571465831883,0.6880542853416821,0.0,0.0
0.30554324761111373,0.6944567523888873,0.0,0.0
0.29921504195271864,0.7007849580472824,0.0,0.0
0.29296261069124285,0.707037389308758,0.0,0.0
0.28678736346456046,0.7132126365354403,0.0,0.0
0.2806906067409403,0.7193093932590605,0.0,0.0
0.27467354427068974,0.725326455729311,0.0,0.0
0.2687372777785323,0.7312627222214685,0.0,0.0
0.26288280788574264,0.7371171921142582,0.0,0.0
0.25711103525046,0.7428889647495407,0.0,0.0
0.2514227619140959,0.7485772380859048,0.0,0.0
0.24581869284134014,0.7541813071586606,0.0,0.0
0.24029943764095066,0.75970056235905,0.0,0.0
0.23486551245428447,0.7651344875457162,0.0,0.0
0.22951734199838345,0.7704826580016173,0.0,0.0
0.224255261750368,0.7757447382496327,0.0,0.0
0.21907952025991112,0.7809204797400896,0.0,0.0
0.21399028157665387,0.7860097184233469,0.0,0.0
0.20898762777958432,0.7910123722204164,0.0,0.0
0.2040715615956218,0.7959284384043791,0.0,0.0
0.199242009094929,0.8007579909050719,0.0,0.0
0.19449882245080435,0.8055011775491966,0.0,0.0
0.18984178275238336,0.8101582172476175,0.0,0.0
0.1852706028587963,0.8147293971412046,0.0,0.0
0.1807849302838811,0.8192150697161198,0.0,0.0
0.17638435010103243,0.8236156498989685,0.0,0.0
0.17206838785827439,0.8279316121417266,0.0,0.0
0.1678365124941705,0.8321634875058305,0.0,0.0
0.16368813924572453,0.8363118607542765,0.0,0.0
0.15962263253997688,0.8403773674600241,0.0,0.0
0.15563930886155736,0.8443606911384437,0.0,0.0
0.1517374395890139,0.8482625604109871,0.0,0.0
0.1479162537932932,0.8520837462067078,0.0,0.0
0.14417494099230152,0.8558250590076995,0.0,0.0
0.14051265385601655,0.8594873461439845,0.0,0.0
0.1369285108571553,0.8630714891428457,0.0,0.0
0.13342159886292188,0.8665784011370791,0.0,0.0
0.1299909756638639,0.870009024336137,0.0,0.0
0.1266356724363533,0.8733643275636476,0.0,0.0
0.12335469613567679,0.876645303864324,0.0,0.0
0.12014703181716956,0.8798529681828313,0.0,0.0
0.11701164488325431,0.8829883551167466,0.0,0.0
0.11394748325465416,0.8860525167453467,0.0,0.0
0.110953479464432,0.8890465205355689,0.0,0.0
0.10802855267387121,0.8919714473261297,0.0,0.0
0.1051716106095512,0.8948283893904496,0.0,0.0
0.1023815514212877,0.8976184485787132,0.0,0.0
0.09965726546090192,0.9003427345390991,0.0,0.0
0.09699763698205385,0.9030023630179471,0.0,0.0
0.09440154576162499,0.905598454238376,0.0,0.0
0.09186786864336399,0.9081321313566371,0.0,0.0
0.08939548100471688,0.9106045189952842,0.0,0.0
0.08698325814795047,0.9130167418520506,0.0,0.0
0.08463007661684678,0.9153699233831543,0.0,0.0
0.08233481544039577,0.9176651845596053,0.0,0.0
0.08009635730504577,0.9199036426949553,0.0,0.0
0.07791358965718716,0.9220864103428138,0.0,0.0
0.07578540573764381,0.9242145942623573,0.0,0.0
0.07371070555003166,0.9262892944499694,0.0,0.0
0.07168839676491463,0.9283116032350864,0.0,0.0
0.06971739556174476,0.9302826044382563,0.0,0.0
0.067796627410619,0.932203372589382,0.0,0.0
0.06592502779591874,0.9340749722040823,0.0,0.0
0.06410154288392093,0.9358984571160802,0.0,0.0
0.06232513013648278,0.9376748698635184,0.0,0.0
0.0605947588729074,0.9394052411270938,0.0,0.0
0.05890941078209264,0.9410905892179087,0.0,0.0
0.05726808038705545,0.9427319196129459,0.0,0.0
0.05566977546390531,0.9443302245360959,0.0,0.0
0.05411351741731738,0.9458864825826839,0.0,0.0
0.05259834161452595,0.9474016583854754,0.0,0.0
0.05112329767982553,0.9488767023201758,0.0,0.0
0.049687449751528556,0.9503125502484728,0.0,0.0
0.04828987670328699,0.9517101232967144,0.0,0.0
0.04692967233164045,0.953070327668361,0.0,0.0
0.045605945511605864,0.9543940544883956,0.0,0.0
0.044317820322074146,0.9556821796779273,0.0,0.0
0.043064436142727855,0.9569355638572736,0.0,0.0
0.04184494772414093,0.9581550522758606,0.0,0.0
0.04065852523266779,0.9593414747673337,0.0,0.0
0.03950435427167412,0.9604956457283274,0.0,0.0
0.03838163588060677,0.9616183641193947,0.0,0.0
0.037289586513344575,0.9627104134866569,0.0,0.0
0.03622743799721672,0.9637725620027848,0.0,0.0
0.03519443747402006,0.9648055625259815,0.0,0.0
0.03418984732431208,0.9658101526756895,0.0,0.0
0.0332129450762022,0.9667870549237993,0.0,0.0
0.03226302329981067,0.9677369767001909,0.0,0.0
0.03133938948851193,0.9686606105114897,0.0,0.0
0.03044136592802776,0.9695586340719738,0.0,0.0
0.029568289554385268,0.9704317104456163,0.0,0.0
0.02871951180170541,0.9712804881982962,0.0,0.0
0.027894398440740008,0.9721056015592616,0.0,0.0
0.027092329409028396,0.9729076705909732,0.0,0.0
0.026312698633499627,0.973687301366502,0.0,0.0
0.025554913846302246,0.9744450861536994,0.0,0.0
0.02481839639460121,0.9751816036054005,0.0,0.0
0.02410258104504037,0.9758974189549613,0.0,0.0
0.023406915783529447,0.9765930842164723,0.0,0.0
0.02273086161097619,0.9772691383890255,0.0,0.0
0.022073892335547737,0.9779261076644539,0.0,0.0
0.021435494362009894,0.9785645056379917,0.0,0.0
0.020815166478659223,0.9791848335213423,0.0,0.0
0.02021241964233038,0.9797875803576711,0.0,0.0
0.019626776761929966,0.9803732232380716,0.0,0.0
0.019057772480918753,0.9809422275190828,0.0,0.0
0.018504952959135304,0.9814950470408662,0.0,0.0
0.01796787565432742,0.9820321243456742,0.0,0.0
0.01744610910373169,0.9825538908962699,0.0,0.0
0.016939232706017045,0.9830607672939845,0.0,0.0
0.016446836503884746,0.9835531634961169,0.0,0.0
0.0159685209675951,0.9840314790324065,0.0,0.0
0.01550389677967013,0.9844961032203315,0.0,0.0
0.015052584621001334,0.9849474153790002,0.0,0.0
0.01461421495857292,0.9853857850414286,0.0,0.0
0.014188427834992799,0.9858115721650087,0.0,0.0
0.013774872660006852,0.9862251273399947,0.0,0.0
0.013373208004155857,0.9866267919958457,0.0,0.0
0.012983101394719459,0.9870168986052822,0.0,0.0
0.012604229114077308,0.9873957708859245,0.0,0.0
0.012236276000604097,0.9877637239993976,0.0,0.0
0.011878935252202643,0.9881210647477991,0.0,0.0
0.011531908232567294,0.9884680917674344,0.0,0.0
0.011194904280258893,0.9888050957197428,0.0,0.0
0.010867640520662025,0.9891323594793398,0.0,0.0
0.010549841680885599,0.9894501583191162,0.0,0.0
0.010241239907658638,0.9897587600923431,0.0,0.0
0.009941574588264682,0.990058425411737,0.0,0.0
0.009650592174550152,0.9903494078254517,0.0,0.0
0.009368046010034764,0.990631953989967,0.0,0.0
0.009093696160145012,0.9909063038398567,0.0,0.0
0.008827309245585481,0.9911726907544163,0.0,0.0
0.008568658278856698,0.991431341721145,0.0,0.0
0.00831752250392278,0.9916824774960789,0.0,0.0
0.008073687239027015,0.9919263127609745,0.0,0.0
0.00783694372264882,0.9921630562773528,0.0,0.0
0.007607088962591202,0.9923929110374103,0.0,0.0
0.0073839255881838215,0.9926160744118178,0.0,0.0
0.007167261705583172,0.9928327382944184,0.0,0.0
0.006956910756147985,0.9930430892438535,0.0,0.0
0.00675269137786496,0.9932473086221365,0.0,0.0
0.006554427269797135,0.9934455727302044,0.0,0.0
0.00636194705952469,0.9936380529404768,0.0,0.0
0.006175084173545719,0.9938249158264557,0.0,0.0
0.005993676710602454,0.994006323289399,0.0,0.0
0.0058175673178965945,0.9941824326821047,0.0,0.0
0.0056466030701557745,0.9943533969298456,0.0,0.0
0.005480635351511753,0.9945193646484896,0.0,0.0
0.005319519740149646,0.9946804802598517,0.0,0.0
0.0051631158956864254,0.9948368841043149,0.0,0.0
0.005011287449235946,0.9949887125507655,0.0,0.0
0.004863901896116973,0.9951360981038845,0.0,0.0
0.004720830491159996,0.9952791695088414,0.0,0.0
0.004581948146568071,0.9954180518534333,0.0,0.0
0.004447133332286493,0.9955528666677149,0.0,0.0
0.00431626797883577,0.9956837320211656,0.0,0.0
0.004189237382562151,0.9958107626174392,0.0,0.0
0.004065930113259805,0.9959340698867415,0.0,0.0
0.003946237924118695,0.9960537620758827,0.0,0.0
0.0038300556639522237,0.9961699443360491,0.0,0.0
0.003717281191658813,0.9962827188083426,0.0,0.0
0.0036078152928717294,0.9963921847071298,0.0,0.0
0.003501561598751699,0.9964984384012497,0.0,0.0
0.003398426506877133,0.9966015734931243,0.0,0.0
0.003298319104187086,0.9967016808958143,0.0,0.0
0.0032011510919324653,0.996798848908069,0.0,0.0
0.0031068367125913965,0.9968931632874102,0.0,0.0
0.003015292678705122,0.9969847073212964,0.0,0.0
0.0029264381035912675,0.9970735618964102,0.0,0.0
0.002840194433891839,0.9971598055661096,0.0,0.0
0.002756485383913848,0.9972435146160876,0.0,0.0
0.0026752368717210227,0.9973247631282804,0.0,0.0
0.002596376956935645,0.9974036230430657,0.0,0.0
0.002519835780210162,0.9974801642197911,0.0,0.0
0.002445545504328834,0.9975544544956725,0.0,0.0
0.00237344025690031,0.9976265597431009,0.0,0.0
0.002303456074602673,0.9976965439253986,0.0,0.0
0.0022355308489431366,0.9977644691510582,0.0,0.0
0.0021696042734952554,0.9978303957265061,0.0,0.0
0.0021056177925771542,0.9978943822074241,0.0,0.0
0.0020435145513349696,0.9979564854486663,0.0,0.0
0.0019832393471963614,0.998016760652805,0.0,0.0
0.0019247385826596363,0.9980752614173417,0.0,0.0
0.0018679602193846876,0.9981320397806166,0.0,0.0
0.0018128537335526443,0.9981871462664488,0.0,0.0
0.00175937007246179,0.9982406299275397,0.0,0.0
0.0017074616123279784,0.9982925383876734,0.0,0.0
0.0016570821172584502,0.998342917882743,0.0,0.0
0.001608186699368605,0.9983918133006329,0.0,0.0
0.0015607317800119549,0.9984392682199895,0.0,0.0
0.0015146750520941216,0.9984853249479073,0.0,0.0
0.0014699754434423994,0.9985300245565589,0.0,0.0
0.0014265930812030368,0.9985734069187983,0.0,0.0
0.0013844892572390177,0.9986155107427623,0.0,0.0
0.00134362639450176,0.9986563736054996,0.0,0.0
0.0013039680143507463,0.9986960319856507,0.0,0.0
0.001265478704795726,0.9987345212952057,0.0,0.0
0.0012281240896367116,0.9987718759103648,0.0,0.0
0.001191870798477593,0.9988081292015238,0.0,0.0
0.0011566864375897599,0.9988433135624116,0.0,0.0
0.0011225395616027117,0.9988774604383986,0.0,0.0
0.0010893996459991704,0.9989106003540021,0.0,0.0
0.0010572370603927868,0.9989427629396086,0.0,0.0
0.0010260230425670567,0.9989739769574344,0.0,0.0
0.0009957296732545965,0.9990042703267469,0.0,0.0
0.0009663298516364563,0.9990336701483651,0.0,0.0
0.0009377972715416538,0.9990622027284598,0.0,0.0
0.0009101063983276114,0.999089893601674,0.0,0.0
0.0008832324464226788,0.9991167675535789,0.0,0.0
0.0008571513575123962,0.9991428486424891,0.0,0.0
0.0008318397793516289,0.9991681602206499,0.0,0.0
0.0008072750451851662,0.9991927249548164,0.0,0.0
0.0007834351537598257,0.9992165648462417,0.0,0.0
0.0007602987499115491,0.9992397012500899,0.0,0.0
0.0007378451057114082,0.9992621548942902,0.0,0.0
0.000716054102154859,0.9992839458978467,0.0,0.0
0.0006949062113789994,0.9993050937886225,0.0,0.0
0.0006743824793929869,0.9993256175206084,0.0,0.0
0.0006544645093071676,0.9993455354906944,0.0,0.0
0.0006351344450468567,0.9993648655549546,0.0,0.0
0.0006163749555370815,0.9993836250444644,0.0,0.0
0.0005981692193449698,0.9994018307806566,0.0,0.0
0.0005805009097668251,0.9994194990902348,0.0,0.0
0.0005633541803472778,0.9994366458196544,0.0,0.0
0.0005467136508182465,0.9994532863491834,0.0,0.0
0.0005305643934457744,0.9994694356065559,0.0,0.0
0.000514891919773133,0.9994851080802285,0.0,0.0
0.0004996821677489018,0.9995003178322527,0.0,0.0
0.000484921489229041,0.9995150785107725,0.0,0.0
0.0004705966378422792,0.9995294033621593,0.0,0.0
0.00045669475720842715,0.9995433052427931,0.0,0.0
0.0004432033694995201,0.999556796630502,0.0,0.0
0.0004301103643339677,0.9995698896356676,0.0,0.0
0.0004174039879941633,0.9995825960120074,0.0,0.0
0.0004050728329582695,0.9995949271670433,0.0,0.0
0.0003931058277371563,0.9996068941722644,0.0,0.0
0.00038149222700771735,0.9996185077729939,0.0,0.0
0.00037022160203403813,0.9996297783979676,0.0,0.0
0.0003592838313681249,0.9996407161686335,0.0,0.0
0.00034866909182213883,0.9996513309081795,0.0,0.0
0.0003383678497043038,0.9996616321502972,0.0,0.0
0.00032837085231087756,0.9996716291476906,0.0,0.0
0.00031866911966679025,0.9996813308803347,0.0,0.0
0.0003092539365077621,0.9996907460634936,0.0,0.0
0.0003001168444969164,0.9996998831555045,0.0,0.0
0.00029124963466910085,0.9997087503653322,0.0,0.0
0.00028264434009632174,0.9997173556599052,0.0,0.0
0.0002742932287678848,0.9997257067712336,0.0,0.0
0.0002661887966790155,0.9997338112033225,0.0,0.0
0.00025832376112191167,0.9997416762388797,0.0,0.0
0.0002506910541733509,0.9997493089458283,0.0,0.0
0.00024328381637314469,0.9997567161836285,0.0,0.0
0.00023609539058789262,0.9997639046094138,0.0,0.0
0.0002291193160546498,0.9997708806839469,0.0,0.0
0.00022234932259927352,0.9997776506774023,0.0,0.0
0.00021577932502436545,0.9997842206749773,0.0,0.0
0.00020940341766187168,0.9997905965823398,0.0,0.0
0.00020321586908554403,0.9997967841309161,0.0,0.0
0.00019721111697860406,0.999802788883023,0.0,0.0
0.0001913837631520844,0.9998086162368495,0.0,0.0
0.00018572856870945387,0.9998142714312921,0.0,0.0
0.00018024044935325645,0.9998197595506483,0.0,0.0
0.00017491447082962065,0.9998250855291719,0.0,0.0
0.00016974584450661184,0.9998302541554949,0.0,0.0
0.00016472992308251918,0.9998352700769191,0.0,0.0
0.00015986219642027957,0.9998401378035813,0.0,0.0
0.00015513828750435168,0.9998448617124971,0.0,0.0
0.00015055394851645998,0.999849446051485,0.0,0.0
0.00014610505702673113,0.9998538949429746,0.0,0.0
0.00014178761229684744,0.9998582123877046,0.0,0.0
0.00013759773169193788,0.9998624022683095,0.0,0.0
0.00013353164719802393,0.9998664683528034,0.0,0.0
0.00012958570204192916,0.9998704142979595,0.0,0.0
0.00012575634741065055,0.9998742436525907,0.0,0.0
0.00012204013926727794,0.9998779598607341,0.0,0.0
0.00011843373526063175,0.9998815662647407,0.0,0.0
0.00011493389172587137,0.9998850661082754,0.0,0.0
0.00011153746077340724,0.9998884625392279,0.0,0.0
0.00010824138746352629,0.9998917586125377,0.0,0.0
0.00010504270706421664,0.9998949572929371,0.0,0.0
0.00010193854238974995,0.9998980614576115,0.0,0.0
9.892610121765158e-05,0.9999010738987836,0.0,0.0
9.600267378175747e-05,0.9999039973262195,0.0,0.0
9.316563033912354e-05,0.9999068343696622,0.0,0.0
9.041241880861912e-05,0.9999095875811927,0.0,0.0
8.774056247909879e-05,0.9999122594375223,0.0,0.0
8.514765778510858e-05,0.9999148523422163,0.0,0.0
8.263137214814217e-05,0.9999173686278533,0.0,0.0
8.01894418815208e-05,0.99991981055812,0.0,0.0
7.781967015702679e-05,0.9999221803298444,0.0,0.0
7.551992503147525e-05,0.9999244800749699,0.0,0.0
7.328813753146168e-05,0.99992671186247,0.0,0.0
7.112229979457461e-05,0.9999288777002069,0.0,0.0
6.902046326541283e-05,0.9999309795367359,0.0,0.0
6.698073694479486e-05,0.9999330192630567,0.0,0.0
6.500128569059584e-05,0.9999349987143108,0.0,0.0
6.308032856869292e-05,0.9999369196714327,0.0,0.0
6.121613725254439e-05,0.9999387838627488,0.0,0.0
5.9407034469971374e-05,0.9999405929655315,0.0,0.0
5.765139249575256e-05,0.9999423486075056,0.0,0.0
5.5947631688683435e-05,0.9999440523683127,0.0,0.0
5.429421907179081e-05,0.9999457057809296,0.0,0.0
5.268966695443199e-05,0.9999473103330471,0.0,0.0
5.113253159504507e-05,0.9999488674684064,0.0,0.0
4.962141190335328e-05,0.9999503785880981,0.0,0.0
4.8154948180861124e-05,0.9999518450518206,0.0,0.0
4.673182089851438e-05,0.9999532681791028,0.0,0.0
4.5350749510429156e-05,0.9999546492504909,0.0,0.0
4.40104913026272e-05,0.9999559895086988,0.0,0.0
4.270984027574612e-05,0.9999572901597257,0.0,0.0
4.144762606072311e-05,0.9999585523739407,0.0,0.0
4.022271286648066e-05,0.999959777287135,0.0,0.0
3.9033998458670815e-05,0.9999609660015427,0.0,0.0
3.7880413168562734e-05,0.9999621195868329,0.0,0.0
3.676091893118476e-05,0.9999632390810703,0.0,0.0
3.56745083518587e-05,0.9999643254916496,0.0,0.0
3.462020380028921e-05,0.9999653797962011,0.0,0.0
3.35970565313958e-05,0.9999664029434701,0.0,0.0
3.260414583209896e-05,0.9999673958541693,0.0,0.0
3.164057819329495e-05,0.9999683594218081,0.0,0.0
3.070548650627656e-05,0.9999692945134951,0.0,0.0
2.979802928287873e-05,0.9999702019707186,0.0,0.0
2.8917389898649348e-05,0.9999710826101028,0.0,0.0
2.8062775858366092e-05,0.9999719372241431,0.0,0.0
2.7233418083240057e-05,0.9999727665819182,0.0,0.0
2.6428570219166523e-05,0.9999735714297823,0.0,0.0
2.564750796540188e-05,0.999974352492036,0.0,0.0
2.488952842306408e-05,0.9999751104715784,0.0,0.0
2.4153949462871783e-05,0.9999758460505386,0.0,0.0
2.3440109111554494e-05,0.99997655989089,0.0,0.0
2.2747364956382773e-05,0.9999772526350452,0.0,0.0
2.2075093567283835e-05,0.9999779249064343,0.0,0.0
2.1422689936023585e-05,0.9999785773100656,0.0,0.0
2.0789566931951417e-05,0.9999792104330697,0.0,0.0
2.0175154773818987e-05,0.999979824845228,0.0,0.0
1.957890051719856e-05,0.9999804210994846,0.0,0.0
1.9000267557040482e-05,0.9999809997324448,0.0,0.0
1.8438735144922935e-05,0.9999815612648569,0.0,0.0
1.789379792056034e-05,0.9999821062020813,0.0,0.0
1.7364965457149423e-05,0.9999826350345447,0.0,0.0
1.685176182014458e-05,0.9999831482381816,0.0,0.0
1.6353725139065985e-05,0.9999836462748627,0.0,0.0
1.5870407191955774e-05,0.9999841295928098,0.0,0.0
1.5401373002108876e-05,0.9999845986269997,0.0,0.0
1.494620044671608e-05,0.9999850537995552,0.0,0.0
1.4504479877067696e-05,0.9999854955201247,0.0,0.0
1.4075813749976382e-05,0.9999859241862518,0.0,0.0
1.3659816270087986e-05,0.9999863401837317,0.0,0.0
1.3256113042758842e-05,0.9999867438869591,0.0,0.0
1.286434073718753e-05,0.9999871356592647,0.0,0.0
1.2484146759498325e-05,0.9999875158532423,0.0,0.0
1.2115188935482433e-05,0.9999878848110663,0.0,0.0
1.1757135202711837e-05,0.999988242864799,0.0,0.0
1.1409663311748984e-05,0.99998859033669,0.0,0.0
1.1072460536183672e-05,0.9999889275394654,0.0,0.0
1.074522339123646e-05,0.9999892547766105,0.0,0.0
1.0427657360675622e-05,0.999989572342641,0.0,0.0
1.0119476631802104e-05,0.9999898805233698,0.0,0.0
9.820403838264194e-06,0.9999901795961634,0.0,0.0
9.530169810470678e-06,0.9999904698301911,0.0,0.0
9.248513333378038e-06,0.9999907514866682,0.0,0.0
8.97518091143391e-06,0.9999910248190902,0.0,0.0
8.70992654046542e-06,0.9999912900734611,0.0,0.0
8.452511486307273e-06,0.9999915474885153,0.0,0.0
8.202704069970513e-06,0.9999917972959316,0.0,0.0
7.960279459158776e-06,0.9999920397205423,0.0,0.0
7.725019465944503e-06,0.9999922749805356,0.0,0.0
7.496712350423196e-06,0.9999925032876511,0.0,0.0
7.275152630169107e-06,0.9999927248473713,0.0,0.0
7.0601408953209825e-06,0.9999929398591061,0.0,0.0
6.851483629131562e-06,0.9999931485163723,0.0,0.0
6.648993033819429e-06,0.9999933510069677,0.0,0.0
6.4524868615665585e-06,0.9999935475131398,0.0,0.0
6.2617882505095795e-06,0.999993738211751,0.0,0.0
6.07672556557719e-06,0.9999939232744359,0.0,0.0
5.897132244030604e-06,0.9999941028677575,0.0,0.0
5.722846645568039e-06,0.9999942771533559,0.0,0.0
5.553711906858469e-06,0.9999944462880945,0.0,0.0
5.3895758003737214e-06,0.9999946104242011,0.0,0.0
5.230290597391988e-06,0.999994769709404,0.0,0.0
5.075712935049469e-06,0.9999949242870665,0.0,0.0
4.9257036873205796e-06,0.9999950742963142,0.0,0.0
4.780127839810626e-06,0.9999952198721617,0.0,0.0
4.638854368248335e-06,0.9999953611456333,0.0,0.0
4.501756120568907e-06,0.999995498243881,0.0,0.0
4.368709702481519e-06,0.9999956312902991,0.0,0.0
4.239595366418324e-06,0.9999957604046351,0.0,0.0
4.114296903765036e-06,0.9999958857030977,0.0,0.0
3.99270154027615e-06,0.9999960072984613,0.0,0.0
3.8746998345806804e-06,0.9999961253001669,0.0,0.0
3.760185579687139e-06,0.9999962398144219,0.0,0.0
3.649055707399099e-06,0.9999963509442941,0.0,0.0
3.5412101955553672e-06,0.9999964587898059,0.0,0.0
3.436551978011298e-06,0.9999965634480235,0.0,0.0
3.334986857280253e-06,0.9999966650131442,0.0,0.0
3.236423419756609e-06,0.9999967635765817,0.0,0.0
3.1407729534440334e-06,0.999996859227048,0.0,0.0
3.0479493681149996e-06,0.9999969520506333,0.0,0.0
2.957869117829705e-06,0.9999970421308837,0.0,0.0
2.870451125744675e-06,0.9999971295488757,0.0,0.0
2.785616711143392e-06,0.9999972143832904,0.0,0.0
2.7032895186232993e-06,0.9999972967104829,0.0,0.0
2.6233954493754483e-06,0.9999973766045521,0.0,0.0
2.545862594494969e-06,0.9999974541374069,0.0,0.0
2.470621170262338e-06,0.9999975293788311,0.0,0.0
2.3976034553372234e-06,0.999997602396546,0.0,0.0
2.326743729808376e-06,0.9999976732562716,0.0,0.0
2.2579782160447322e-06,0.9999977420217854,0.0,0.0
2.191245021294499e-06,0.9999978087549802,0.0,0.0
2.1264840819805648e-06,0.9999978735159195,0.0,0.0
2.063637109642115e-06,0.9999979363628918,0.0,0.0
2.0026475384738048e-06,0.999997997352463,0.0,0.0
1.9434604744152745e-06,0.999998056539527,0.0,0.0
1.886022645745205e-06,0.9999981139773557,0.0,0.0
1.830282355135446e-06,0.9999981697176463,0.0,0.0
1.7761894331220688e-06,0.9999982238105684,0.0,0.0
1.723695192951478e-06,0.9999982763048085,0.0,0.0
1.6727523867609466e-06,0.9999983272476147,0.0,0.0
1.6233151630541356e-06,0.9999983766848385,0.0,0.0
1.575339025433337e-06,0.999998424660976,0.0,0.0
1.528780792551298e-06,0.9999984712192089,0.0,0.0
1.4835985592465857e-06,0.9999985164014423,0.0,0.0
1.4397516588275202e-06,0.9999985602483428,0.0,0.0
1.3972006264707308e-06,0.999998602799375,0.0,0.0
1.3559071637013986e-06,0.9999986440928379,0.0,0.0
1.3158341039232186e-06,0.9999986841658977,0.0,0.0
1.27694537896706e-06,0.9999987230546226,0.0,0.0
1.2392059866282217e-06,0.9999987607940148,0.0,0.0
1.202581959163066e-06,0.9999987974180423,0.0,0.0
1.1670403327166807e-06,0.9999988329596688,0.0,0.0
1.132549117654055e-06,0.9999988674508838,0.0,0.0
1.0990772697680673e-06,0.9999989009227318,0.0,0.0
1.066594662338376e-06,0.9999989334053392,0.0,0.0
1.035072059016065e-06,0.9999989649279425,0.0,0.0
1.0044810875096387e-06,0.999998995518914,0.0,0.0
9.747942140486914e-07,0.9999990252057874,0.0,0.0
9.459847186022614e-07,0.9999990540152828,0.0,0.0
9.180266708295713e-07,0.9999990819733305,0.0,0.0
8.9089490674151e-07,0.9999991091050947,0.0,0.0
8.645650060518508e-07,0.9999991354349954,0.0,0.0
8.390132701978228e-07,0.9999991609867313,0.0,0.0
8.142167010102557e-07,0.9999991857833004,0.0,0.0
7.901529800140968e-07,0.9999992098470214,0.0,0.0
7.668004483406781e-07,0.9999992331995532,0.0,0.0
7.441380872336466e-07,0.9999992558619142,0.0,0.0
7.221454991310196e-07,0.9999992778545024,0.0,0.0
7.008028893063351e-07,0.9999992991971122,0.0,0.0
6.800910480523753e-07,0.9999993199089535,0.0,0.0
6.599913333914301e-07,0.9999993400086682,0.0,0.0
6.404856542965358e-07,0.9999993595143473,0.0,0.0
6.215564544085928e-07,0.999999378443547,0.0,0.0
6.031866962347044e-07,0.9999993968133052,0.0,0.0
5.85359845813515e-07,0.9999994146401556,0.0,0.0
5.680598578337482e-07,0.9999994319401436,0.0,0.0
5.512711611925499e-07,0.9999994487288403,0.0,0.0
5.349786449806389e-07,0.9999994650213566,0.0,0.0
5.191676448816516e-07,0.9999994808323567,0.0,0.0
5.038239299734392e-07,0.9999994961760715,0.0,0.0
4.889336899194401e-07,0.9999995110663116,0.0,0.0
4.744835225385973e-07,0.999999525516479,0.0,0.0
4.6046042174263484e-07,0.9999995395395797,0.0,0.0
4.4685176582983575e-07,0.9999995531482356,0.0,0.0
4.336453061247865e-07,0.9999995663546953,0.0,0.0
4.208291559538623e-07,0.9999995791708455,0.0,0.0
4.083917799465319e-07,0.9999995916082214,0.0,0.0
3.96321983652852e-07,0.9999996036780178,0.0,0.0
3.846089034678072e-07,0.9999996153910979,0.0,0.0
3.7324199685342674e-07,0.9999996267580045,0.0,0.0
3.622110328498777e-07,0.9999996377889684,0.0,0.0
3.515060828669946e-07,0.9999996484939184,0.0,0.0
3.4111751174795693e-07,0.9999996588824895,0.0,0.0
3.310359690970721e-07,0.9999996689640323,0.0,0.0
3.212523808638586e-07,0.9999996787476205,0.0,0.0
3.1175794117585333e-07,0.9999996882420602,0.0,0.0
3.0254410441279486e-07,0.9999996974558969,0.0,0.0
2.9360257751504644e-07,0.9999997063974239,0.0,0.0
2.84925312519338e-07,0.9999997150746889,0.0,0.0
2.7650449931510783e-07,0.999999723495502,0.0,0.0
2.683325586149246e-07,0.9999997316674427,0.0,0.0
2.6040213513266335e-07,0.9999997395978661,0.0,0.0
2.527060909632948e-07,0.9999997472939103,0.0,0.0
2.452374991583298e-07,0.9999997547625021,0.0,0.0
2.3798963749113684e-07,0.9999997620103638,0.0,0.0
2.3095598240652032e-07,0.9999997690440189,0.0,0.0
2.241302031491148e-07,0.999999775869798,0.0,0.0
2.1750615606530992e-07,0.9999997824938451,0.0,0.0
2.110778790735778e-07,0.9999997889221222,0.0,0.0
2.0483958629822567e-07,0.9999997951604149,0.0,0.0
1.9878566286174417e-07,0.9999998012143384,0.0,0.0
1.929106598310638e-07,0.9999998070893414,0.0,0.0
1.8720928931317106e-07,0.9999998127907119,0.0,0.0
1.8167641969567054e-07,0.9999998183235816,0.0,0.0
1.7630707102800827e-07,0.9999998236929302,0.0,0.0
1.710964105392001e-07,0.9999998289035906,0.0,0.0
1.6603974828803017e-07,0.9999998339602528,0.0,0.0
1.611325329418052e-07,0.9999998388674682,0.0,0.0
1.5637034767986425e-07,0.9999998436296536,0.0,0.0
1.517489062181577e-07,0.9999998482510949,0.0,0.0
1.4726404895131705e-07,0.9999998527359522,0.0,0.0
1.4291173920874323e-07,0.9999998570882619,0.0,0.0
1.3868805962134362e-07,0.9999998613119415,0.0,0.0
1.3458920859564778e-07,0.9999998654107926,0.0,0.0
1.3061149689212843e-07,0.9999998693885043,0.0,0.0
1.267513443046476e-07,0.9999998732486568,0.0,0.0
1.2300527643803992e-07,0.9999998769947247,0.0,0.0
1.19369921580932e-07,0.9999998806300796,0.0,0.0
1.1584200767098387e-07,0.9999998841579935,0.0,0.0
1.1241835934982049e-07,0.9999998875816418,0.0,0.0
1.0909589510500308e-07,0.9999998909041061,0.0,0.0
1.0587162449646751e-07,0.9999998941283766,0.0,0.0
1.027426454649336e-07,0.9999998972573557,0.0,0.0
9.97061417198626e-08,0.9999999002938595,0.0,0.0
9.675938020461203e-08,0.9999999032406212,0.0,0.0
9.389970863650623e-08,0.9999999061002928,0.0,0.0
9.112455311960859e-08,0.9999999088754482,0.0,0.0
8.843141582804675e-08,0.9999999115685856,0.0,0.0
8.581787275780572e-08,0.9999999141821285,0.0,0.0
8.328157154496551e-08,0.9999999167184298,0.0,0.0
8.082022934841912e-08,0.9999999191797719,0.0,0.0
7.84316307951657e-08,0.9999999215683705,0.0,0.0
7.611362598632927e-08,0.9999999238863754,0.0,0.0
7.386412856210836e-08,0.9999999261358729,0.0,0.0
7.168111382391479e-08,0.9999999283188876,0.0,0.0
6.956261691201169e-08,0.9999999304373846,0.0,0.0
6.75067310370101e-08,0.9999999324932705,0.0,0.0
6.551160576363282e-08,0.9999999344883957,0.0,0.0
6.357544534520048e-08,0.9999999364245562,0.0,0.0
6.169650710734096e-08,0.9999999383034944,0.0,0.0
5.987309987946721e-08,0.9999999401269016,0.0,0.0
5.810358247261192e-08,0.999999941896419,0.0,0.0
5.6386362202248825e-08,0.9999999436136393,0.0,0.0
5.4719893454771174e-08,0.999999945280108,0.0,0.0
5.31026762963371e-08,0.9999999468973252,0.0,0.0
5.153325512282971e-08,0.9999999484667463,0.0,0.0
5.001021734971685e-08,0.9999999499897843,0.0,0.0
4.853219214063129e-08,0.9999999514678095,0.0,0.0
4.7097849173526946e-08,0.9999999529021524,0.0,0.0
4.570589744330076e-08,0.9999999542941042,0.0,0.0
4.43550840998022e-08,0.9999999556449175,0.0,0.0
4.3044193320184916e-08,0.9999999569558083,0.0,0.0
4.1772045214585265e-08,0.9999999582279564,0.0,0.0
4.0537494764142905e-08,0.9999999594625067,0.0,0.0
3.933943079040765e-08,0.9999999606605708,0.0,0.0
3.8176774955204784e-08,0.9999999618232266,0.0,0.0
3.704848079005892e-08,0.9999999629515207,0.0,0.0
3.59535327543026e-08,0.9999999640464687,0.0,0.0
3.489094532102197e-08,0.9999999651090562,0.0,0.0
3.385976209001685e-08,0.9999999661402394,0.0,0.0
3.2859054926976705e-08,0.9999999671409466,0.0,0.0
3.188792312809786e-08,0.9999999681120785,0.0,0.0
3.094549260938987e-08,0.9999999690545089,0.0,0.0
3.003091511994163e-08,0.9999999699690865,0.0,0.0
2.914336747843882e-08,0.9999999708566341,0.0,0.0
2.8282050832245755e-08,0.9999999717179507,0.0,0.0
2.7446189938384554e-08,0.9999999725538116,0.0,0.0
2.6635032465764684e-08,0.999999973364969,0.0,0.0
2.5847848318034603e-08,0.9999999741521531,0.0,0.0
2.5083928976446226e-08,0.9999999749160725,0.0,0.0
2.434258686214063e-08,0.9999999756574145,0.0,0.0
2.3623154717281058e-08,0.9999999763768467,0.0,0.0
2.2924985004476176e-08,0.9999999770750165,0.0,0.0
2.224744932395307e-08,0.9999999777525521,0.0,0.0
2.1589937847955346e-08,0.9999999784100636,0.0,0.0
2.095185877185729e-08,0.9999999790481426,0.0,0.0
2.0332637781500064e-08,0.9999999796673635,0.0,0.0
1.9731717536270432e-08,0.9999999802682837,0.0,0.0
1.914855716745687e-08,0.9999999808514441,0.0,0.0
1.8582631791431455e-08,0.9999999814173696,0.0,0.0
1.803343203721937e-08,0.9999999819665694,0.0,0.0
1.7500463588030895e-08,0.9999999824995378,0.0,0.0
1.69832467363431e-08,0.9999999830167546,0.0,0.0
1.6481315952130908e-08,0.9999999835186855,0.0,0.0
1.5994219463858795e-08,0.9999999840057819,0.0,0.0
1.552151885185612e-08,0.9999999844784826,0.0,0.0
1.506278865370995e-08,0.9999999849372128,0.0,0.0
1.4617615981320363e-08,0.9999999853823854,0.0,0.0
1.4185600149273373e-08,0.9999999858144012,0.0,0.0
1.376635231419719e-08,0.999999986233649,0.0,0.0
1.3359495124777045e-08,0.9999999866405063,0.0,0.0
1.2964662382113656e-08,0.9999999870353389,0.0,0.0
1.2581498710119606e-08,0.9999999874185026,0.0,0.0
1.220965923565699e-08,0.9999999877903422,0.0,0.0
1.1848809278128406e-08,0.9999999881511922,0.0,0.0
1.1498624048241921e-08,0.9999999885013773,0.0,0.0
1.115878835567887e-08,0.999999988841213,0.0,0.0
1.0828996325401383e-08,0.999999989171005,0.0,0.0
1.0508951122344272e-08,0.9999999894910502,0.0,0.0
1.0198364684243521e-08,0.9999999898016366,0.0,0.0
9.896957462360867e-09,0.999999990103044,0.0,0.0
9.604458169871134e-09,0.9999999903955432,0.0,0.0
9.320603537685838e-09,0.9999999906793978,0.0,0.0
9.045138077493294e-09,0.9999999909548634,0.0,0.0
8.77781385180195e-09,0.9999999912221875,0.0,0.0
8.518390250779959e-09,0.9999999914816111,0.0,0.0
8.266633775690131e-09,0.9999999917333676,0.0,0.0
8.022317828725366e-09,0.9999999919776836,0.0,0.0
7.78522250905537e-09,0.999999992214779,0.0,0.0
7.555134414901098e-09,0.999999992444867,0.0,0.0
7.331846451458803e-09,0.999999992668155,0.0,0.0
7.115157644500756e-09,0.9999999928848438,0.0,0.0
6.904872959484918e-09,0.9999999930951284,0.0,0.0
6.700803126010715e-09,0.9999999932991983,0.0,0.0
6.5027644674629356e-09,0.9999999934972369,0.0,0.0
6.310578735690406e-09,0.9999999936894227,0.0,0.0
6.1240729505706504e-09,0.9999999938759285,0.0,0.0
5.943079244316132e-09,0.9999999940569222,0.0,0.0
5.767434710381933e-09,0.9999999942325668,0.0,0.0
5.596981256838896e-09,0.9999999944030203,0.0,0.0
5.431565464080234e-09,0.9999999945684361,0.0,0.0
5.2710384467335535e-09,0.9999999947289631,0.0,0.0
5.115255719653983e-09,0.9999999948847457,0.0,0.0
4.964077067877812e-09,0.9999999950359243,0.0,0.0
4.817366420419577e-09,0.9999999951826349,0.0,0.0
4.674991727799003e-09,0.9999999953250096,0.0,0.0
4.536824843187577e-09,0.9999999954631765,0.0,0.0
4.402741407067762e-09,0.9999999955972599,0.0,0.0
4.272620735301057e-09,0.9999999957273806,0.0,0.0
4.146345710504131e-09,0.9999999958536556,0.0,0.0
4.023802676635294e-09,0.9999999959761986,0.0,0.0
3.904881336696389e-09,0.99999999609512,0.0,0.0
3.7894746534580715e-09,0.9999999962105267,0.0,0.0
3.6774787531190772e-09,0.9999999963225226,0.0,0.0
3.5687928318128044e-09,0.9999999964312084,0.0,0.0
3.4633190648770403e-09,0.9999999965366823,0.0,0.0
3.3609625188051666e-09,0.9999999966390388,0.0,0.0
3.2616310657996067e-09,0.9999999967383703,0.0,0.0
3.1652353008505955e-09,0.999999996834766,0.0,0.0
3.0716884612656446e-09,0.9999999969283128,0.0,0.0
2.9809063485772674e-09,0.9999999970190949,0.0,0.0
2.8928072527586833e-09,0.9999999971071939,0.0,0.0
2.8073118786792837e-09,0.9999999971926893,0.0,0.0
2.7243432747336672e-09,0.9999999972756579,0.0,0.0
2.6438267635800083e-09,0.9999999973561745,0.0,0.0
2.565689874925411e-09,0.9999999974343113,0.0,0.0
2.489862280297761e-09,0.9999999975101389,0.0,0.0
2.4162757297453583e-09,0.9999999975837254,0.0,0.0
2.3448639904073553e-09,0.999999997655137,0.0,0.0
2.2755627868997202e-09,0.9999999977244383,0.0,0.0
2.208309743463052e-09,0.9999999977916914,0.0,0.0
2.143044327820194e-09,0.9999999978569568,0.0,0.0
2.079707796693099e-09,0.9999999979202933,0.0,0.0
2.0182431429299215e-09,0.999999997981758,0.0,0.0
1.958595044194732e-09,0.999999998041406,0.0,0.0
1.9007098131736843e-09,0.9999999980992912,0.0,0.0
1.8445353492528145e-09,0.9999999981554657,0.0,0.0
1.7900210916239717e-09,0.99999999820998,0.0,0.0
1.7371179737766818e-09,0.9999999982628832,0.0,0.0
1.6857783793349776e-09,0.9999999983142227,0.0,0.0
1.6359560991994492e-09,0.999999998364045,0.0,0.0
1.587606289955938e-09,0.9999999984123948,0.0,0.0
1.5406854335134378e-09,0.9999999984593156,0.0,0.0
1.4951512979348786e-09,0.9999999985048498,0.0,0.0
1.4509628994255342e-09,0.9999999985490382,0.0,0.0
1.4080804654448419e-09,0.9999999985919206,0.0,0.0
1.3664653989084336e-09,0.9999999986335356,0.0,0.0
1.3260802434481554e-09,0.9999999986739208,0.0,0.0
1.2868886496988102e-09,0.9999999987131123,0.0,0.0
1.2488553425812768e-09,0.9999999987511456,0.0,0.0
1.2119460895525582e-09,0.999999998788055,0.0,0.0
1.1761276697941848e-09,0.9999999988238735,0.0,0.0
1.141367844311235e-09,0.9999999988586333,0.0,0.0
1.1076353269150667e-09,0.9999999988923658,0.0,0.0
1.074899756063635e-09,0.9999999989251013,0.0,0.0
1.0431316675340574e-09,0.9999999989568694,0.0,0.0
1.0123024679028243e-09,0.9999999989876985,0.0,0.0
9.823844088097895e-10,0.9999999990176167,0.0,0.0
9.533505619827739e-10,0.9999999990466506,0.0,0.0
9.251747950003029e-10,0.9999999990748263,0.0,0.0
8.978317477706653e-10,0.9999999991021694,0.0,0.0
8.712968097061184e-10,0.9999999991287044,0.0,0.0
8.455460975716997e-10,0.9999999991544551,0.0,0.0
8.205564339887031e-10,0.9999999991794448,0.0,0.0
7.963053265734749e-10,0.9999999992036959,0.0,0.0
7.727709476927505e-10,0.9999999992272302,0.0,0.0
7.499321148173122e-10,0.999999999250069,0.0,0.0
7.277682714562829e-10,0.9999999992722328,0.0,0.0
7.062594686548982e-10,0.9999999992937417,0.0,0.0
6.853863470391001e-10,0.9999999993146149,0.0,0.0
6.651301193907952e-10,0.9999999993348712,0.0,0.0
6.454725537380899e-10,0.9999999993545288,0.0,0.0
6.263959569452858e-10,0.9999999993736054,0.0,0.0
6.078831587878635e-10,0.9999999993921181,0.0,0.0
5.899174964981224e-10,0.9999999994100839,0.0,0.0
5.724827997675653e-10,0.9999999994275186,0.0,0.0
5.55563376192529e-10,0.999999999444438,0.0,0.0
5.391439971499632e-10,0.9999999994608574,0.0,0.0
5.232098840906414e-10,0.9999999994767914,0.0,0.0
5.077466952374695e-10,0.9999999994922547,0.0,0.0
4.927405126769188e-10,0.9999999995072609,0.0,0.0
4.781778298319646e-10,0.9999999995218236,0.0,0.0
4.6404553930525566e-10,0.9999999995359559,0.0,0.0
4.5033092108157153e-10,0.9999999995496706,0.0,0.0
4.370216310789512e-10,0.9999999995629798,0.0,0.0
4.241056900381861e-10,0.9999999995758958,0.0,0.0
4.115714727406783e-10,0.9999999995884301,0.0,0.0
3.994076975449594e-10,0.9999999996005938,0.0,0.0
3.8760341623245207e-10,0.999999999612398,0.0,0.0
3.7614800415333426e-10,0.9999999996238534,0.0,0.0
3.650311506636377e-10,0.9999999996349703,0.0,0.0
3.5424284984497223e-10,0.9999999996457586,0.0,0.0
3.4377339149852427e-10,0.9999999996562281,0.0,0.0
3.3361335240522257e-10,0.9999999996663881,0.0,0.0
3.237535878442052e-10,0.9999999996762479,0.0,0.0
3.1418522336195347e-10,0.9999999996858162,0.0,0.0
3.0489964678468505e-10,0.9999999996951017,0.0,0.0
2.958885004668164e-10,0.9999999997041128,0.0,0.0
2.871436737685178e-10,0.9999999997128576,0.0,0.0
2.7865729575558993e-10,0.999999999721344,0.0,0.0
2.7042172811509215e-10,0.9999999997295796,0.0,0.0
2.624295582803453e-10,0.9999999997375718,0.0,0.0
2.546735927591217e-10,0.9999999997453278,0.0,0.0
2.471468506590162e-10,0.9999999997528546,0.0,0.0
2.3984255740417236e-10,0.9999999997601589,0.0,0.0
2.327541386377069e-10,0.9999999997672472,0.0,0.0
2.2587521430434473e-10,0.9999999997741261,0.0,0.0
2.1919959290793872e-10,0.9999999997808018,0.0,0.0
2.1272126593870536e-10,0.9999999997872802,0.0,0.0
2.0643440246516044e-10,0.999999999793567,0.0,0.0
2.003333438858872e-10,0.999999999799668,0.0,0.0
1.9441259883641315e-10,0.9999999998055888,0.0,0.0
1.8866683824661162e-10,0.9999999998113346,0.0,0.0
1.8309089054417883e-10,0.9999999998169105,0.0,0.0
1.776797369998699e-10,0.9999999998223217,0.0,0.0
1.7242850721030384e-10,0.9999999998275729,0.0,0.0
1.6733247471427175e-10,0.9999999998326689,0.0,0.0
1.623870527386029e-10,0.9999999998376142,0.0,0.0
1.575877900697592e-10,0.9999999998424136,0.0,0.0
1.5293036704744268e-10,0.999999999847071,0.0,0.0
1.484105916766097e-10,0.9999999998515908,0.0,0.0
1.4402439585439252e-10,0.999999999855977,0.0,0.0
1.3976783170853217e-10,0.9999999998602336,0.0,0.0
1.3563706804402694e-10,0.9999999998643644,0.0,0.0
1.3162838689479844e-10,0.9999999998683731,0.0,0.0
1.2773818017727109e-10,0.9999999998722633,0.0,0.0
1.239629464428535e-10,0.9999999998760386,0.0,0.0
1.2029928772639837e-10,0.9999999998797022,0.0,0.0
1.1674390648780456e-10,0.9999999998832577,0.0,0.0
1.1329360264400847e-10,0.999999999886708,0.0,0.0
1.0994527068869334e-10,0.9999999998900563,0.0,0.0
1.0669589689712393e-10,0.9999999998933056,0.0,0.0
1.035425566135909e-10,0.999999999896459,0.0,0.0
1.004824116190233e-10,0.9999999998995192,0.0,0.0
9.751270757639985e-11,0.9999999999024888,0.0,0.0
9.463077155165974e-11,0.9999999999053708,0.0,0.0
9.183400960788159e-11,0.9999999999081675,0.0,0.0
8.911990447056516e-11,0.9999999999108816,0.0,0.0
8.648601326191441e-11,0.9999999999135154,0.0,0.0
8.392996530208262e-11,0.9999999999160716,0.0,0.0
8.144945997540058e-11,0.999999999918552,0.0,0.0
7.904226465966715e-11,0.9999999999209592,0.0,0.0
7.670621271663862e-11,0.9999999999232954,0.0,0.0
7.443920154190816e-11,0.9999999999255624,0.0,0.0
7.223919067241981e-11,0.9999999999277623,0.0,0.0
7.010419994991414e-11,0.9999999999298974,0.0,0.0
6.80323077386521e-11,0.9999999999319694,0.0,0.0
6.602164919581324e-11,0.99999999993398,0.0,0.0
6.407041459301125e-11,0.9999999999359314,0.0,0.0
6.217684768741632e-11,0.999999999937825,0.0,0.0
6.033924414101806e-11,0.9999999999396626,0.0,0.0
5.855594998660626e-11,0.9999999999414458,0.0,0.0
5.682536013908875e-11,0.9999999999431765,0.0,0.0
5.514591695080657e-11,0.9999999999448559,0.0,0.0
5.3516108809545873e-11,0.9999999999464858,0.0,0.0
5.1934468777984966e-11,0.9999999999480674,0.0,0.0
5.039957327335168e-11,0.9999999999496023,0.0,0.0
4.891004078610286e-11,0.9999999999510919,0.0,0.0
4.746453063647246e-11,0.9999999999525374,0.0,0.0
4.606174176776936e-11,0.9999999999539402,0.0,0.0
4.4700411575338453e-11,0.9999999999553016,0.0,0.0
4.337931477013132e-11,0.9999999999566227,0.0,0.0
4.209726227586331e-11,0.9999999999579048,0.0,0.0
4.085310015876473e-11,0.9999999999591489,0.0,0.0
3.9645708588962513e-11,0.9999999999603563,0.0,0.0
3.8474000832557764e-11,0.999999999961528,0.0,0.0
3.733692227349192e-11,0.999999999962665,0.0,0.0
3.623344946432111e-11,0.9999999999637684,0.0,0.0
3.51625892050444e-11,0.9999999999648393,0.0,0.0
3.412337764915676e-11,0.9999999999658786,0.0,0.0
3.3114879436122145e-11,0.9999999999668872,0.0,0.0
3.2136186849485906e-11,0.9999999999678658,0.0,0.0
3.1186418999868697e-11,0.9999999999688156,0.0,0.0
3.0264721032106614e-11,0.9999999999697373,0.0,0.0
2.9370263355823826e-11,0.9999999999706317,0.0,0.0
2.8502240898745257e-11,0.9999999999714997,0.0,0.0
2.765987238207722e-11,0.9999999999723421,0.0,0.0
2.6842399617303756e-11,0.9999999999731596,0.0,0.0
2.6049086823765803e-11,0.9999999999739528,0.0,0.0
2.5279219966408956e-11,0.9999999999747226,0.0,0.0
2.4532106113103726e-11,0.9999999999754696,0.0,0.0
2.3807072810959842e-11,0.9999999999761947,0.0,0.0
2.310346748107329e-11,0.9999999999768983,0.0,0.0
2.2420656831161247e-11,0.999999999977581,0.0,0.0
2.1758026285556275e-11,0.9999999999782437,0.0,0.0
2.1114979432046768e-11,0.9999999999788868,0.0,0.0
2.0490937485065684e-11,0.9999999999795108,0.0,0.0
1.988533876474449e-11,0.9999999999801165,0.0,0.0
1.9297638191363372e-11,0.9999999999807042,0.0,0.0
1.8727306794742694e-11,0.9999999999812745,0.0,0.0
1.8173831238134133e-11,0.999999999981828,0.0,0.0
1.7636713356182976e-11,0.9999999999823652,0.0,0.0
1.711546970654566e-11,0.9999999999828865,0.0,0.0
1.660963113475906e-11,0.9999999999833924,0.0,0.0
1.6118742351969786e-11,0.9999999999838832,0.0,0.0
1.5642361525143502e-11,0.9999999999843595,0.0,0.0
1.5180059879385365e-11,0.9999999999848218,0.0,0.0
1.47314213120137e-11,0.9999999999852704,0.0,0.0
1.4296042018039484e-11,0.9999999999857059,0.0,0.0
1.3873530126714614e-11,0.9999999999861283,0.0,0.0
1.3463505348821788e-11,0.9999999999865383,0.0,0.0
1.306559863438854e-11,0.9999999999869362,0.0,0.0
1.2679451840517354e-11,0.9999999999873224,0.0,0.0
1.2304717409032894e-11,0.9999999999876971,0.0,0.0
1.1941058053656185e-11,0.9999999999880608,0.0,0.0
1.1588146456424203e-11,0.9999999999884136,0.0,0.0
1.1245664973081609e-11,0.9999999999887561,0.0,0.0
1.0913305347179488e-11,0.9999999999890885,0.0,0.0
1.0590768432623743e-11,0.999999999989411,0.0,0.0
1.0277763924423415e-11,0.9999999999897241,0.0,0.0
9.974010097396604e-12,0.9999999999900279,0.0,0.0
9.67923355259879e-12,0.9999999999903225,0.0,0.0
9.393168971245328e-12,0.9999999999906086,0.0,0.0
9.11555887590664e-12,0.9999999999908863,0.0,0.0
8.846153398761151e-12,0.9999999999911557,0.0,0.0
8.584710056697387e-12,0.9999999999914172,0.0,0.0
8.330993533062802e-12,0.9999999999916709,0.0,0.0
8.084775465862919e-12,0.9999999999919171,0.0,0.0
7.845834242220119e-12,0.999999999992156,0.0,0.0
7.613954798907096e-12,0.999999999992388,0.0,0.0
7.388928428775434e-12,0.9999999999926129,0.0,0.0
7.1705525929050896e-12,0.9999999999928313,0.0,0.0
6.958630738305701e-12,0.9999999999930432,0.0,0.0
6.752972121005621e-12,0.9999999999932488,0.0,0.0
6.553391634369476e-12,0.9999999999934484,0.0,0.0
6.359709642489703e-12,0.9999999999936421,0.0,0.0
6.171751818502102e-12,0.99999999999383,0.0,0.0
5.989348987679897e-12,0.9999999999940126,0.0,0.0
5.812336975165068e-12,0.9999999999941896,0.0,0.0
5.640556458199894e-12,0.9999999999943614,0.0,0.0
5.473852822725718e-12,0.9999999999945282,0.0,0.0
5.312076024219862e-12,0.9999999999946898,0.0,0.0
5.155080452645431e-12,0.9999999999948469,0.0,0.0
5.0027248013924486e-12,0.9999999999949992,0.0,0.0
4.854871940092374e-12,0.999999999995147,0.0,0.0
4.711388791191518e-12,0.9999999999952905,0.0,0.0
4.572146210172256e-12,0.9999999999954298,0.0,0.0
4.437018869314254e-12,0.9999999999955649,0.0,0.0
4.3058851448910575e-12,0.9999999999956961,0.0,0.0
4.17862700770053e-12,0.9999999999958233,0.0,0.0
4.055129916830607e-12,0.9999999999959468,0.0,0.0
3.935282716564742e-12,0.9999999999960666,0.0,0.0
3.818977536334265e-12,0.9999999999961828,0.0,0.0
3.706109693627584e-12,0.9999999999962956,0.0,0.0
3.596577599768864e-12,0.9999999999964052,0.0,0.0
3.4902826684813594e-12,0.9999999999965116,0.0,0.0
3.3871292271531167e-12,0.9999999999966147,0.0,0.0
3.2870244307251598e-12,0.9999999999967147,0.0,0.0
3.1898781781246775e-12,0.9999999999968119,0.0,0.0
3.0956030311679716e-12,0.9999999999969061,0.0,0.0
3.0041141358601946e-12,0.9999999999969976,0.0,0.0
2.915329146021025e-12,0.9999999999970864,0.0,0.0
2.8291681491675492e-12,0.9999999999971726,0.0,0.0
2.7455535945876314e-12,0.9999999999972562,0.0,0.0
2.664410223539041e-12,0.9999999999973374,0.0,0.0
2.585665001511505e-12,0.9999999999974161,0.0,0.0
2.5092470524907187e-12,0.9999999999974925,0.0,0.0
2.4350875951651504e-12,0.9999999999975667,0.0,0.0
2.363119881018218e-12,0.9999999999976386,0.0,0.0
2.2932791342501213e-12,0.9999999999977084,0.0,0.0
2.2255024934752474e-12,0.9999999999977761,0.0,0.0
2.1597289551426844e-12,0.999999999997842,0.0,0.0
2.0958993186289055e-12,0.9999999999979058,0.0,0.0
2.0339561329532157e-12,0.9999999999979677,0.0,0.0
1.9738436450679878e-12,0.9999999999980278,0.0,0.0
1.9155077496771606e-12,0.9999999999980862,0.0,0.0
1.8588959405378185e-12,0.9999999999981428,0.0,0.0
1.8039572632010307e-12,0.9999999999981978,0.0,0.0
1.7506422691494067e-12,0.9999999999982511,0.0,0.0
1.698902971290095e-12,0.9999999999983028,0.0,0.0
1.6486928007631599e-12,0.999999999998353,0.0,0.0
1.5999665650264648e-12,0.9999999999984017,0.0,0.0
1.552680407179335e-12,0.999999999998449,0.0,0.0
1.5067917664883861e-12,0.999999999998495,0.0,0.0
1.4622593400799924e-12,0.9999999999985394,0.0,0.0
1.4190430457649121e-12,0.9999999999985826,0.0,0.0
1.3771039859616136e-12,0.9999999999986245,0.0,0.0
1.336404412685825e-12,0.9999999999986652,0.0,0.0
1.2969076935748017e-12,0.9999999999987047,0.0,0.0
1.2585782789157281e-12,0.999999999998743,0.0,0.0
1.2213816696485756e-12,0.9999999999987803,0.0,0.0
1.1852843863146208e-12,0.9999999999988164,0.0,0.0
1.1502539389226736e-12,0.9999999999988515,0.0,0.0
1.1162587977058918e-12,0.9999999999988854,0.0,0.0
1.083268364742863e-12,0.9999999999989184,0.0,0.0
1.051252946417411e-12,0.9999999999989504,0.0,0.0
1.0201837266923363e-12,0.9999999999989815,0.0,0.0
9.900327411730383e-13,0.9999999999990117,0.0,0.0
9.607728519376728e-13,0.9999999999990409,0.0,0.0
9.323777231111908e-13,0.9999999999990693,0.0,0.0
9.048217971612744e-13,0.999999999999097,0.0,0.0
8.780802718948305e-13,0.9999999999991236,0.0,0.0
8.521290781343459e-13,0.9999999999991496,0.0,0.0
8.269448580540015e-13,0.9999999999991748,0.0,0.0
8.025049441560532e-13,0.9999999999991992,0.0,0.0
7.787873388685534e-13,0.999999999999223,0.0,0.0
7.557706947460527e-13,0.9999999999992459,0.0,0.0
7.334342952554579e-13,0.9999999999992683,0.0,0.0
7.117580361297533e-13,0.99999999999929,0.0,0.0
6.907224072728046e-13,0.9999999999993111,0.0,0.0
6.703084751989554e-13,0.9999999999993315,0.0,0.0
6.504978659916118e-13,0.9999999999993513,0.0,0.0
6.312727487654778e-13,0.9999999999993705,0.0,0.0
6.126158196175551e-13,0.999999999999389,0.0,0.0
5.945102860524627e-13,0.9999999999994071,0.0,0.0
5.769398518680574e-13,0.9999999999994248,0.0,0.0
5.598887024877524e-13,0.9999999999994418,0.0,0.0
5.433414907263308e-13,0.9999999999994583,0.0,0.0
5.272833229764432e-13,0.9999999999994743,0.0,0.0
5.11699745803356e-13,0.99999999999949,0.0,0.0
4.965767329358847e-13,0.9999999999995051,0.0,0.0
4.819006726418029e-13,0.9999999999995197,0.0,0.0
4.67658355476365e-13,0.9999999999995339,0.0,0.0
4.5383696239291457e-13,0.9999999999995477,0.0,0.0
4.404240532048765e-13,0.999999999999561,0.0,0.0
4.274075553887504e-13,0.9999999999995741,0.0,0.0
4.1477575321802374e-13,0.9999999999995868,0.0,0.0
4.025172772182282e-13,0.999999999999599,0.0,0.0
3.9062109393364483e-13,0.9999999999996109,0.0,0.0
3.790764959964492e-13,0.9999999999996224,0.0,0.0
3.67873092489358e-13,0.9999999999996336,0.0,0.0
3.57000799593102e-13,0.9999999999996446,0.0,0.0
3.4644983151030835e-13,0.999999999999655,0.0,0.0
3.362106916576222e-13,0.9999999999996654,0.0,0.0
3.262741641181411e-13,0.9999999999996753,0.0,0.0
3.1663130534646753e-13,0.9999999999996849,0.0,0.0
3.072734361189148e-13,0.9999999999996944,0.0,0.0
2.9819213372161954e-13,0.9999999999997035,0.0,0.0
2.89379224369531e-13,0.9999999999997122,0.0,0.0
2.808267758494529e-13,0.9999999999997208,0.0,0.0
2.725270903805161e-13,0.999999999999729,0.0,0.0
2.6447269768565656e-13,0.9999999999997371,0.0,0.0
2.566563482678614e-13,0.9999999999997449,0.0,0.0
2.4907100688513253e-13,0.9999999999997524,0.0,0.0
2.417098462182941e-13,0.9999999999997599,0.0,0.0
2.3456624072594454e-13,0.999999999999767,0.0,0.0
2.2763376068102177e-13,0.999999999999774,0.0,0.0
2.2090616638361542e-13,0.9999999999997806,0.0,0.0
2.1437740254481538e-13,0.9999999999997872,0.0,0.0
2.0804159283654327e-13,0.9999999999997935,0.0,0.0
2.0189303460246068e-13,0.9999999999997996,0.0,0.0
1.9592619372519332e-13,0.9999999999998056,0.0,0.0
1.9013569964525223e-13,0.9999999999998114,0.0,0.0
1.8451634052716753e-13,0.9999999999998171,0.0,0.0
1.790630585684848e-13,0.9999999999998225,0.0,0.0
1.7377094544740167e-13,0.9999999999998278,0.0,0.0
1.686352379049467e-13,0.9999999999998329,0.0,0.0
1.6365131345772502e-13,0.9999999999998379,0.0,0.0
1.5881468623737128e-13,0.9999999999998427,0.0,0.0
1.5412100295296527e-13,0.9999999999998473,0.0,0.0
1.495660389727764e-13,0.9999999999998519,0.0,0.0
1.4514569452180993e-13,0.9999999999998563,0.0,0.0
1.4085599099173288e-13,0.9999999999998606,0.0,0.0
1.3669306735985798e-13,0.9999999999998647,0.0,0.0
1.3265317671396262e-13,0.9999999999998687,0.0,0.0
1.28732682879815e-13,0.9999999999998727,0.0,0.0
1.2492805714837203e-13,0.9999999999998765,0.0,0.0
1.2123587509970284e-13,0.9999999999998802,0.0,0.0
1.1765281352077987e-13,0.9999999999998838,0.0,0.0
1.1417564741436284e-13,0.9999999999998872,0.0,0.0
1.1080124709628353e-13,0.9999999999998905,0.0,0.0
1.0752657537851886e-13,0.9999999999998939,0.0,0.0
1.0434868483551668e-13,0.999999999999897,0.0,0.0
1.0126471515131383e-13,0.9999999999999001,0.0,0.0
9.827189054505875e-14,0.9999999999999031,0.0,0.0
9.536751727262138e-14,0.999999999999906,0.0,0.0
9.254898120204166e-14,0.9999999999999087,0.0,0.0
8.981374546063427e-14,0.9999999999999115,0.0,0.0
8.71593481516321e-14,0.9999999999999142,0.0,0.0
8.458340013831291e-14,0.9999999999999167,0.0,0.0
8.20835828936151e-14,0.9999999999999193,0.0,0.0
7.965764641330685e-14,0.9999999999999217,0.0,0.0
7.730340719083052e-14,0.9999999999999241,0.0,0.0
7.501874625199927e-14,0.9999999999999264,0.0,0.0
7.280160724777742e-14,0.9999999999999286,0.0,0.0
7.064999460342737e-14,0.9999999999999308,0.0,0.0
6.856197172235784e-14,0.9999999999999329,0.0,0.0
6.653565924305609e-14,0.9999999999999349,0.0,0.0
6.456923334753582e-14,0.9999999999999369,0.0,0.0
6.26609241197778e-14,0.9999999999999387,0.0,0.0
6.080901395268614e-14,0.9999999999999406,0.0,0.0
5.90118360021258e-14,0.9999999999999425,0.0,0.0
5.726777268665053e-14,0.9999999999999442,0.0,0.0
5.557525423157034e-14,0.9999999999999458,0.0,0.0
5.393275725604831e-14,0.9999999999999476,0.0,0.0
5.2338803401955064e-14,0.9999999999999492,0.0,0.0
5.079195800324668e-14,0.9999999999999507,0.0,0.0
4.929082879466838e-14,0.9999999999999523,0.0,0.0
4.78340646586219e-14,0.9999999999999537,0.0,0.0
4.6420354409068397e-14,0.9999999999999551,0.0,0.0
4.504842561137261e-14,0.9999999999999565,0.0,0.0
4.3717043437025715e-14,0.9999999999999578,0.0,0.0
4.24250095522164e-14,0.999999999999959,0.0,0.0
4.117116103924954e-14,0.9999999999999604,0.0,0.0
3.9954369349841774e-14,0.9999999999999616,0.0,0.0
3.8773539289351885e-14,0.9999999999999628,0.0,0.0
3.762760803103173e-14,0.9999999999999639,0.0,0.0
3.651554415941041e-14,0.999999999999965,0.0,0.0
3.543634674195077e-14,0.9999999999999661,0.0,0.0
3.438904442814252e-14,0.9999999999999671,0.0,0.0
3.337269457522126e-14,0.9999999999999681,0.0,0.0
3.238638239972636e-14,0.9999999999999691,0.0,0.0
3.142922015413408e-14,0.9999999999999701,0.0,0.0
3.050034632782493e-14,0.9999999999999711,0.0,0.0
2.959892487166594e-14,0.999999999999972,0.0,0.0
2.872414444551003e-14,0.9999999999999729,0.0,0.0
2.78752176879351e-14,0.9999999999999737,0.0,0.0
2.705138050756564e-14,0.9999999999999746,0.0,0.0
2.6251891395338904e-14,0.9999999999999755,0.0,0.0
2.5476030757096712e-14,0.9999999999999761,0.0,0.0
2.472310026590215e-14,0.9999999999999768,0.0,0.0
2.39924222334982e-14,0.9999999999999776,0.0,0.0
2.328333900034254e-14,0.9999999999999782,0.0,0.0
2.259521234366962e-14,0.999999999999979,0.0,0.0
2.1927422903047068e-14,0.9999999999999797,0.0,0.0
2.12793696229095e-14,0.9999999999999803,0.0,0.0
2.065046921156796e-14,0.9999999999999809,0.0,0.0
2.004015561620802e-14,0.9999999999999816,0.0,0.0
1.944787951340406e-14,0.9999999999999821,0.0,0.0
1.8873107814691103e-14,0.9999999999999827,0.0,0.0
1.831532318674921e-14,0.9999999999999832,0.0,0.0
1.77740235857686e-14,0.9999999999999838,0.0,0.0
1.7248721805576305e-14,0.9999999999999843,0.0,0.0
1.673894503911777e-14,0.9999999999999849,0.0,0.0
1.6244234452898564e-14,0.9999999999999853,0.0,0.0
1.5764144774003293e-14,0.9999999999999858,0.0,0.0
1.5298243889319905e-14,0.9999999999999862,0.0,0.0
1.4846112456608738e-14,0.9999999999999867,0.0,0.0
1.4407343527066197e-14,0.9999999999999871,0.0,0.0
1.398154217904337e-14,0.9999999999999875,0.0,0.0
1.3568325162589887e-14,0.9999999999999879,0.0,0.0
1.3167320554503102e-14,0.9999999999999883,0.0,0.0
1.2778167423572112e-14,0.9999999999999888,0.0,0.0
1.2400515505715305e-14,0.9999999999999892,0.0,0.0
1.2034024888719044e-14,0.9999999999999897,0.0,0.0
1.167836570629374e-14,0.99999999999999,0.0,0.0
1.1333217841171927e-14,0.9999999999999903,0.0,0.0
1.0998270636981117e-14,0.9999999999999907,0.0,0.0
1.0673222618632095e-14,0.9999999999999909,0.0,0.0
1.0357781220971e-14,0.9999999999999912,0.0,0.0
1.005166252545093e-14,0.9999999999999915,0.0,0.0
9.754591004586102e-15,0.9999999999999918,0.0,0.0
9.466299273958512e-15,0.999999999999992,0.0,0.0
9.186527851553908e-15,0.9999999999999923,0.0,0.0
8.915024924210475e-15,0.9999999999999926,0.0,0.0
8.65154612096999e-15,0.9999999999999929,0.0,0.0
8.395854293127465e-15,0.9999999999999932,0.0,0.0
8.147719300781314e-15,0.9999999999999934,0.0,0.0
7.906917805691902e-15,0.9999999999999938,0.0,0.0
7.673233070262057e-15,0.999999999999994,0.0,0.0
7.446454762458614e-15,0.9999999999999943,0.0,0.0
7.22637876649938e-15,0.9999999999999946,0.0,0.0
7.012806999135159e-15,0.9999999999999949,0.0,0.0
6.8055472313614564e-15,0.999999999999995,0.0,0.0
6.604412915399404e-15,0.9999999999999951,0.0,0.0
6.409223016790169e-15,0.9999999999999953,0.0,0.0
6.219801851451721e-15,0.9999999999999954,0.0,0.0
6.035978927551305e-15,0.9999999999999956,0.0,0.0
5.857588792051279e-15,0.9999999999999958,0.0,0.0
5.684470881790222e-15,0.9999999999999959,0.0,0.0
5.516469378965246e-15,0.999999999999996,0.0,0.0
5.3534330708854594e-15,0.9999999999999961,0.0,0.0
5.195215213870342e-15,0.9999999999999963,0.0,0.0
5.041673401170525e-15,0.9999999999999964,0.0,0.0
4.8926694347921075e-15,0.9999999999999966,0.0,0.0
4.7480692011091384e-15,0.9999999999999968,0.0,0.0
4.607742550152295e-15,0.9999999999999969,0.0,0.0
4.4715631784651305e-15,0.999999999999997,0.0,0.0
4.33940851542244e-15,0.9999999999999971,0.0,0.0
4.211159612908426e-15,0.9999999999999973,0.0,0.0
4.0867010382553605e-15,0.9999999999999974,0.0,0.0
3.965920770346403e-15,0.9999999999999976,0.0,0.0
3.848710098789027e-15,0.9999999999999978,0.0,0.0
3.734963526068333e-15,0.9999999999999979,0.0,0.0
3.624578672592165e-15,0.999999999999998,0.0,0.0
3.51745618454257e-15,0.9999999999999981,0.0,0.0
3.413499644450653e-15,0.9999999999999983,0.0,0.0
3.3126154844143495e-15,0.9999999999999984,0.0,0.0
3.2147129018809982e-15,0.9999999999999986,0.0,0.0
3.119703777918917e-15,0.9999999999999987,0.0,0.0
3.0275025979044146e-15,0.9999999999999989,0.0,0.0
2.9380263745528614e-15,0.999999999999999,0.0,0.0
2.851194573224529e-15,0.9999999999999991,0.0,0.0
2.7669290394379815e-15,0.9999999999999993,0.0,0.0
2.6851539285257672e-15,0.9999999999999994,0.0,0.0
2.6057956373690975e-15,0.9999999999999996,0.0,0.0
2.5287827381500754e-15,0.9999999999999997,0.0,0.0
2.454045914061836e-15,0.9999999999999999,0.0,0.0
2.3815178969187453e-15,1.0,0.0,0.0
2.311133406610489e-15,1.0,0.0,0.0
2.242829092345572e-15,1.0,0.0,0.0
2.1765434756313268e-15,1.0,0.0,0.0
2.112216894939123e-15,1.0,0.0,0.0
2.0497914520049648e-15,1.0,0.0,0.0
1.9892109597171457e-15,1.0,0.0,0.0
1.930420891544055e-15,1.0,0.0,0.0
1.8733683324566215e-15,1.0,0.0,0.0
1.8180019313012134e-15,1.0,0.0,0.0
1.7642718545801369e-15,1.0,0.0,0.0
1.7121297415981233e-15,1.0,0.0,0.0
1.6615286609344403e-15,1.0,0.0,0.0
1.6124230682014456e-15,1.0,0.0,0.0
1.5647687650515645e-15,1.0,0.0,0.0
1.5185228593957936e-15,1.0,0.0,0.0
1.4736437267979273e-15,1.0,0.0,0.0
1.4300909730097538e-15,1.0,0.0,0.0
1.3878253976135074e-15,1.0,0.0,0.0
1.3468089587388462e-15,1.0,0.0,0.0
1.3070047388226015e-15,1.0,0.0,0.0
1.2683769113804787e-15,1.0,0.0,0.0
1.230890708760805e-15,1.0,0.0,0.0
1.1945123908512952e-15,1.0,0.0,0.0
1.1592092147106737e-15,1.0,0.0,0.0
1.1249494050978181e-15,1.0,0.0,0.0
1.091702125871897e-15,1.0,0.0,0.0
1.0594374522377627e-15,1.0,0.0,0.0
1.0281263438116158e-15,1.0,0.0,0.0
9.977406184826996e-16,1.0,0.0,0.0
9.682529270474985e-16,1.0,0.0,0.0
9.396367285936095e-16,1.0,0.0,0.0
9.118662666111293e-16,1.0,0.0,0.0
8.849165458100571e-16,1.0,0.0,0.0
8.5876330962284715e-16,1.0,0.0,0.0
8.333830183718604e-16,1.0,0.0,0.0
8.087528280820661e-16,1.0,0.0,0.0
7.8485056991992265e-16,1.0,0.0,0.0
7.616547302399311e-16,1.0,0.0,0.0
7.391444312209021e-16,1.0,0.0,0.0
7.172994120745085e-16,1.0,0.0,0.0
6.961000108092076e-16,1.0,0.0,0.0
6.755271465331223e-16,1.0,0.0,0.0
6.555623022799502e-16,1.0,0.0,0.0
6.361875083424451e-16,1.0,0.0,0.0
6.173853260984666e-16,1.0,0.0,0.0
5.991388323150443e-16,1.0,0.0,0.0
5.814316039163249e-16,1.0,0.0,0.0
5.642477032016965e-16,1.0,0.0,0.0
5.47571663500782e-16,1.0,0.0,0.0
5.313884752523917e-16,1.0,0.0,0.0
5.15683572494906e-16,1.0,0.0,0.0
5.004428197559258e-16,1.0,0.0,0.0
4.856524993293945e-16,1.0,0.0,0.0
4.712992989287358e-16,1.0,0.0,0.0
4.573702997048978e-16,1.0,0.0,0.0
4.4385296461851704e-16,1.0,0.0,0.0
4.3073512715573663e-16,1.0,0.0,0.0
4.1800498037752297e-16,1.0,0.0,0.0
4.0565106629262354e-16,1.0,0.0,0.0
3.9366226554460167e-16,1.0,0.0,0.0
3.820277874036652e-16,1.0,0.0,0.0
3.7073716005428147e-16,1.0,0.0,0.0
3.5978022116983636e-16,1.0,0.0,0.0
3.4914710876585486e-16,1.0,0.0,0.0
3.388282523235493e-16,1.0,0.0,0.0
3.2881436417570653e-16,1.0,0.0,0.0
3.190964311471604e-16,1.0,0.0,0.0
3.096657064423262e-16,1.0,0.0,0.0
3.005137017724941e-16,1.0,0.0,0.0
2.916321797157964e-16,1.0,0.0,0.0
2.830131463029719e-16,1.0,0.0,0.0
2.7464884382225443e-16,1.0,0.0,0.0
2.665317438369081e-16,1.0,0.0,0.0
2.5865454040912653e-16,1.0,0.0,0.0
2.5101014352419575e-16,1.0,0.0,0.0
2.4359167270900226e-16,1.0,0.0,0.0
2.36392450839143e-16,1.0,0.0,0.0
2.294059981290628e-16,1.0,0.0,0.0
2.226260262998098e-16,1.0,0.0,0.0
2.1604643291916043e-16,1.0,0.0,0.0
2.0966129590901823e-16,1.0,0.0,0.0
2.0346486821514387e-16,1.0,0.0,0.0
1.9745157263441871e-16,1.0,0.0,0.0
1.9161599679498537e-16,1.0,0.0,0.0
1.8595288828474788e-16,1.0,0.0,0.0
1.8045714992384625e-16,1.0,0.0,0.0
1.7512383517685076e-16,1.0,0.0,0.0
1.6994814370054593e-16,1.0,0.0,0.0
1.64925417023298e-16,1.0,0.0,0.0
1.6005113435211579e-16,1.0,0.0,0.0
1.5532090850363197e-16,1.0,0.0,0.0
1.5073048195534203e-16,1.0,0.0,0.0
1.4627572301354664e-16,1.0,0.0,0.0
1.4195262209454844e-16,1.0,0.0,0.0
1.3775728811575612e-16,1.0,0.0,0.0
1.3368594499344747e-16,1.0,0.0,0.0
1.2973492824403925e-16,1.0,0.0,0.0
1.2590068168580461e-16,1.0,0.0,0.0
1.2217975423806951e-16,1.0,0.0,0.0
1.185687968150072e-16,1.0,0.0,0.0
1.1506455931123495e-16,1.0,0.0,0.0
1.1166388767649995e-16,1.0,0.0,0.0
1.0836372107682104e-16,1.0,0.0,0.0
1.0516108913953172e-16,1.0,0.0,0.0
1.0205310927974418e-16,1.0,0.0,0.0
9.903698410582842e-17,1.0,0.0,0.0
9.610999890157093e-17,1.0,0.0,0.0
9.326951918274692e-17,1.0,0.0,0.0
9.05129883259067e-17,1.0,0.0,0.0
8.783792526724203e-17,1.0,0.0,0.0
8.524192226946131e-17,1.0,0.0,0.0
8.272264275466339e-17,1.0,0.0,0.0
8.027781920125989e-17,1.0,0.0,0.0
7.790525110305265e-17,1.0,0.0,0.0
7.56028029886297e-17,1.0,0.0,0.0
7.336840249929685e-17,1.0,0.0,0.0
7.120003852381496e-17,1.0,0.0,0.0
6.909575938826418e-17,1.0,0.0,0.0
6.705367109940561e-17,1.0,0.0,0.0
6.507193563995961e-17,1.0,0.0,0.0
6.314876931426626e-17,1.0,0.0,0.0
6.128244114283874e-17,1.0,0.0,0.0
5.94712713043651e-17,1.0,0.0,0.0
5.771362962375564e-17,1.0,0.0,0.0
5.600793410487536e-17,1.0,0.0,0.0
5.43526495066406e-17,1.0,0.0,0.0
5.2746285961198507e-17,1.0,0.0,0.0
5.118739763294542e-17,1.0,0.0,0.0
4.96745814171772e-17,1.0,0.0,0.0
4.820647567720036e-17,1.0,0.0,0.0
4.67817590187671e-17,1.0,0.0,0.0
4.539914910073131e-17,1.0,0.0,0.0
4.405740148085503e-17,1.0,0.0,0.0
4.27553084957264e-17,1.0,0.0,0.0
4.149169817378111e-17,1.0,0.0,0.0
4.026543318044891e-17,1.0,0.0,0.0
3.90754097944757e-17,1.0,0.0,0.0
3.7920556914499954e-17,1.0,0.0,0.0
3.679983509498916e-17,1.0,0.0,0.0
3.5712235610668736e-17,1.0,0.0,0.0
3.465677954860118e-17,1.0,0.0,0.0
3.363251692709835e-17,1.0,0.0,0.0
3.2638525840673874e-17,1.0,0.0,0.0
3.167391163026592e-17,1.0,0.0,0.0
3.073780607798375e-17,1.0,0.0,0.0
2.982936662565293e-17,1.0,0.0,0.0
2.8947775616456193e-17,1.0,0.0,0.0
2.809223955898707e-17,1.0,0.0,0.0
2.7261988413054073e-17,1.0,0.0,0.0
2.6456274896592573e-17,1.0,0.0,0.0
2.5674373813060507e-17,1.0,0.0,0.0
2.4915581398712524e-17,1.0,0.0,0.0
2.417921468916515e-17,1.0,0.0,0.0
2.346461090468271e-17,1.0,0.0,0.0
2.2771126853630882e-17,1.0,0.0,0.0
2.209813835356078e-17,1.0,0.0,0.0
2.144503966940264e-17,1.0,0.0,0.0
2.0811242968263366e-17,1.0,0.0,0.0
2.0196177790337278e-17,1.0,0.0,0.0
1.9599290535453754e-17,1.0,0.0,0.0
1.902004396479974e-17,1.0,0.0,0.0
1.845791671736855e-17,1.0,0.0,0.0
1.7912402840699774e-17,1.0,0.0,0.0
1.738301133548791e-17,1.0,0.0,0.0
1.6869265713649862e-17,1.0,0.0,0.0
1.6370703569453517e-17,1.0,0.0,0.0
1.588687616332135e-17,1.0,0.0,0.0
1.5417348017934537e-17,1.0,0.0,0.0
1.4961696526273988e-17,1.0,0.0,0.0
1.451951157124548e-17,1.0,0.0,0.0
1.4090395156546622e-17,1.0,0.0,0.0
1.36739610484433e-17,1.0,0.0,0.0
1.3269834428133267e-17,1.0,0.0,0.0
1.2877651554383914e-17,1.0,0.0,0.0
1.2497059436140614e-17,1.0,0.0,0.0
1.2127715514810953e-17,1.0,0.0,0.0
1.1769287355938872e-17,1.0,0.0,0.0
1.1421452349991225e-17,1.0,0.0,0.0
1.1083897421987425e-17,1.0,0.0,0.0
1.0756318749710836e-17,1.0,0.0,0.0
1.0438421490248266e-17,1.0,0.0,0.0
1.0129919514611449e-17,1.0,0.0,0.0
9.83053515020165e-18,1.0,0.0,0.0
9.539998930885576e-18,1.0,0.0,0.0
9.258049354457681e-18,1.0,0.0,0.0
8.984432647270529e-18,1.0,0.0,0.0
8.718902535821373e-18,1.0,0.0,0.0
8.461220025089401e-18,1.0,0.0,0.0
8.211153183424073e-18,1.0,0.0,0.0
7.968476933790987e-18,1.0,0.0,0.0
7.732972851187357e-18,1.0,0.0,0.0
7.504428966044775e-18,1.0,0.0,0.0
7.282639573442282e-18,1.0,0.0,0.0
7.067405047958067e-18,1.0,0.0,0.0
6.8585316639931106e-18,1.0,0.0,0.0
6.65583142140507e-18,1.0,0.0,0.0
6.459121876295464e-18,1.0,0.0,0.0
6.2682259767978535e-18,1.0,0.0,0.0
6.082971903719209e-18,1.0,0.0,0.0
5.903192915891041e-18,1.0,0.0,0.0
5.7287272000911005e-18,1.0,0.0,0.0
5.559417725400551e-18,1.0,0.0,0.0
5.395112101865549e-18,1.0,0.0,0.0
5.2356624433359975e-18,1.0,0.0,0.0
5.080925234358031e-18,1.0,0.0,0.0
4.9307612010004226e-18,1.0,0.0,0.0
4.785035185498647e-18,1.0,0.0,0.0
4.643616024603765e-18,1.0,0.0,0.0
4.506376431526653e-18,1.0,0.0,0.0
4.373192881371304e-18,1.0,0.0,0.0
4.243945499954075e-18,1.0,0.0,0.0
4.1185179559088435e-18,1.0,0.0,0.0
3.996797355980916e-18,1.0,0.0,0.0
3.878674143415489e-18,1.0,0.0,0.0
3.764041999349168e-18,1.0,0.0,0.0
3.65279774711582e-18,1.0,0.0,0.0
3.544841259380609e-18,1.0,0.0,0.0
3.440075368018638e-18,1.0,0.0,0.0
3.338405776657075e-18,1.0,0.0,0.0
3.2397409758020582e-18,1.0,0.0,0.0
3.1439921604739742e-18,1.0,0.0,0.0
3.0510731502769817e-18,1.0,0.0,0.0
2.9609003118308392e-18,1.0,0.0,0.0
2.87339248349522e-18,1.0,0.0,0.0
2.7884709023187574e-18,1.0,0.0,0.0
2.7060591331470707e-18,1.0,0.0,0.0
2.6260829998259715e-18,1.0,0.0,0.0
2.5484705184379162e-18,1.0,0.0,0.0
2.4731518325116226e-18,1.0,0.0,0.0
2.4000591501465323e-18,1.0,0.0,0.0
2.3291266829955227e-18,1.0,0.0,0.0
2.2602905870509567e-18,1.0,0.0,0.0
2.193488905180767e-18,1.0,0.0,0.0
2.1286615113628522e-18,1.0,0.0,0.0
2.065750056567605e-18,1.0,0.0,0.0
2.0046979162398423e-18,1.0,0.0,0.0
1.9454501393328863e-18,1.0,0.0,0.0
1.8879533988489147e-18,1.0,0.0,0.0
1.8321559438410616e-18,1.0,0.0,0.0
1.7780075528340742e-18,1.0,0.0,0.0
1.7254594886215943e-18,1.0,0.0,0.0
1.6744644543993852e-18,1.0,0.0,0.0
1.6249765511950139e-18,1.0,0.0,0.0
1.5769512365556794e-18,1.0,0.0,0.0
1.5303452844569988e-18,1.0,0.0,0.0
1.4851167463966677e-18,1.0,0.0,0.0
1.4412249136379775e-18,1.0,0.0,0.0
1.3986302805692049e-18,1.0,0.0,0.0
1.3572945091458941e-18,1.0,0.0,0.0
1.3171803943840315e-18,1.0,0.0,0.0
1.278251830873047e-18,1.0,0.0,0.0
1.240473780278509e-18,1.0,0.0,0.0
1.2038122398052579e-18,1.0,0.0,0.0
1.1682342115925963e-18,1.0,0.0,0.0
1.1337076730139875e-18,1.0,0.0,0.0
1.1002015478545296e-18,1.0,0.0,0.0
1.0676856783402651e-18,1.0,0.0,0.0
1.0361307979941494e-18,1.0,0.0,0.0
1.0055085052942459e-18,1.0,0.0,0.0
9.757912381104391e-19,1.0,0.0,0.0
9.469522488966583e-19,1.0,0.0,0.0
9.189655806162805e-19,1.0,0.0,0.0
8.918060433790449e-19,1.0,0.0,0.0
8.654491917684529e-19,1.0,0.0,0.0
8.398713028392424e-19,1.0,0.0,0.0
8.150493547651364e-19,1.0,0.0,0.0
7.909610061176459e-19,1.0,0.0,0.0
7.67584575757276e-19,1.0,0.0,0.0
7.44899023319037e-19,1.0,0.0,0.0
7.228839302746966e-19,1.0,0.0,0.0
7.015194815547258e-19,1.0,0.0,0.0
6.807864477133991e-19,1.0,0.0,0.0
6.606661676209961e-19,1.0,0.0,0.0
6.411405316675246e-19,1.0,0.0,0.0
6.221919654628496e-19,1.0,0.0,0.0
6.038034140185567e-19,1.0,0.0,0.0
5.859583263973105e-19,1.0,0.0,0.0
5.686406408158947e-19,1.0,0.0,0.0
5.518347701885229e-19,1.0,0.0,0.0
5.355255880974097e-19,1.0,0.0,0.0
5.196984151779734e-19,1.0,0.0,0.0
5.043390059064175e-19,1.0,0.0,0.0
4.894335357777977e-19,1.0,0.0,0.0
4.749685888630346e-19,1.0,0.0,0.0
4.609311457336719e-19,1.0,0.0,0.0
4.473085717435123e-19,1.0,0.0,0.0
4.34088605656583e-19,1.0,0.0,0.0
4.2125934861119594e-19,1.0,0.0,0.0
4.088092534101694e-19,1.0,0.0,0.0
3.967271141275708e-19,1.0,0.0,0.0
3.8500205602262765e-19,1.0,0.0,0.0
3.7362352575172625e-19,1.0,0.0,0.0
3.6258128186969087e-19,1.0,0.0,0.0
3.5186538561179136e-19,1.0,0.0,0.0
3.414661919481844e-19,1.0,0.0,0.0
3.3137434090273573e-19,1.0,0.0,0.0
3.2158074912840986e-19,1.0,0.0,0.0
3.1207660173164454e-19,1.0,0.0,0.0
3.0285334433835195e-19,1.0,0.0,0.0
2.939026753944045e-19,1.0,0.0,0.0
2.852165386936759e-19,1.0,0.0,0.0
2.767871161269118e-19,1.0,0.0,0.0
2.6860682064490416e-19,1.0,0.0,0.0
2.6066828942963456e-19,1.0,0.0,0.0
2.5296437726724116e-19,1.0,0.0,0.0
2.4548815011684424e-19,1.0,0.0,0.0
2.3823287886944102e-19,1.0,0.0,0.0
2.3119203329125377e-19,1.0,0.0,0.0
2.2435927614607854e-19,1.0,0.0,0.0
2.1772845749134483e-19,1.0,0.0,0.0
2.112936091427523e-19,1.0,0.0,0.0
2.0504893930250216e-19,1.0,0.0,0.0
1.9898882734628805e-19,1.0,0.0,0.0
1.931078187643551e-19,1.0,0.0,0.0
1.8740062025207286e-19,1.0,0.0,0.0
1.8186209494560391e-19,1.0,0.0,0.0
1.7648725779837979e-19,1.0,0.0,0.0
1.712712710942225e-19,1.0,0.0,0.0
1.6620944009307373e-19,1.0,0.0,0.0
1.612972088054116e-19,1.0,0.0,0.0
1.5653015589155283e-19,1.0,0.0,0.0
1.5190399068214871e-19,1.0,0.0,0.0
1.4741454931629284e-19,1.0,0.0,0.0
1.430577909937655e-19,1.0,0.0,0.0
1.3882979433804067e-19,1.0,0.0,0.0
1.3472675386678263e-19,1.0,0.0,0.0
1.3074497656665473e-19,1.0,0.0,0.0
1.2688087856935849e-19,1.0,0.0,0.0
1.2313098192591005e-19,1.0,0.0,0.0
1.1949191147625138e-19,1.0,0.0,0.0
1.1596039181137853e-19,1.0,0.0,0.0
1.1253324432525238e-19,1.0,0.0,0.0
1.092073843538387e-19,1.0,0.0,0.0
1.059798183987024e-19,1.0,0.0,0.0
1.0284764143265682e-19,1.0,0.0,0.0
9.980803428504326e-20,1.0,0.0,0.0
9.68582611042871e-20,1.0,0.0,0.0
9.399566689544676e-20,1.0,0.0,0.0
9.121767513053904e-20,1.0,0.0,0.0
8.852178542949005e-20,1.0,0.0,0.0
8.590557130962445e-20,1.0,0.0,0.0
8.336667800166719e-20,1.0,0.0,0.0
8.090282033029229e-20,1.0,0.0,0.0
7.851178065731085e-20,1.0,0.0,0.0
7.619140688564695e-20,1.0,0.0,0.0
7.393961052230508e-20,1.0,0.0,0.0
7.175436479858547e-20,1.0,0.0,0.0
6.963370284585549e-20,1.0,0.0,0.0
6.757571592523512e-20,1.0,0.0,0.0
6.557855170960317e-20,1.0,0.0,0.0
6.364041261637783e-20,1.0,0.0,0.0
6.175955418957102e-20,1.0,0.0,0.0
5.99342835296603e-20,1.0,0.0,0.0
5.816295776986501e-20,1.0,0.0,0.0
5.644398259745536e-20,1.0,0.0,0.0
5.477581081876328e-20,1.0,0.0,0.0
5.3156940966603757e-20,1.0,0.0,0.0
5.158591594885302e-20,1.0,0.0,0.0
5.0061321736967306e-20,1.0,0.0,0.0
4.858178609326172e-20,1.0,0.0,0.0
4.71459773358037e-20,1.0,0.0,0.0
4.575260313980942e-20,1.0,0.0,0.0
4.440040937446428e-20,1.0,0.0,0.0
4.3088178974120493e-20,1.0,0.0,0.0
4.181473084285589e-20,1.0,0.0,0.0
4.057891879140787e-20,1.0,0.0,0.0
3.9379630505525715e-20,1.0,0.0,0.0
3.8215786544812685e-20,1.0,0.0,0.0
3.7086339371156816e-20,1.0,0.0,0.0
3.599027240587591e-20,1.0,0.0,0.0
3.492659911472815e-20,1.0,0.0,0.0
3.389436211996463e-20,1.0,0.0,0.0
3.289263233862486e-20,1.0,0.0,0.0
3.1920508146299316e-20,1.0,0.0,0.0
3.097711456560666e-20,1.0,0.0,0.0
3.0061602478655057e-20,1.0,0.0,0.0
2.917314786277873e-20,1.0,0.0,0.0
2.8310951048861974e-20,1.0,0.0,0.0
2.747423600158298e-20,1.0,0.0,0.0
2.6662249620929662e-20,1.0,0.0,0.0
2.5874261064358818e-20,1.0,0.0,0.0
2.5109561088988535e-20,1.0,0.0,0.0
2.436746141323171e-20,1.0,0.0,0.0
2.3647294097296173e-20,1.0,0.0,0.0
2.294841094199381e-20,1.0,0.0,0.0
2.2270182905317525e-20,1.0,0.0,0.0
2.161199953626099e-20,1.0,0.0,0.0
2.0973268425371553e-20,1.0,0.0,0.0
2.0353414671541718e-20,1.0,0.0,0.0
1.9751880364559384e-20,1.0,0.0,0.0
1.916812408295098e-20,1.0,0.0,0.0
1.8601620406665592e-20,1.0,0.0,0.0
1.8051859444161482e-20,1.0,0.0,0.0
1.7518346373469265e-20,1.0,0.0,0.0
1.7000600996818758e-20,1.0,0.0,0.0
1.6498157308428562e-20,1.0,0.0,0.0
1.601056307506942e-20,1.0,0.0,0.0
1.5537379429023783e-20,1.0,0.0,0.0
1.5078180473075258e-20,1.0,0.0,0.0
1.4632552897172345e-20,1.0,0.0,0.0
1.4200095606421527e-20,1.0,0.0,0.0
1.3780419360074767e-20,1.0,0.0,0.0
1.3373146421186593e-20,1.0,0.0,0.0
1.2977910216625325e-20,1.0,0.0,0.0
1.2594355007132542e-20,1.0,0.0,0.0
1.2222135567133724e-20,1.0,0.0,0.0
1.1860916874011947e-20,1.0,0.0,0.0
1.1510373806564905e-20,1.0,0.0,0.0
1.1170190852373898e-20,1.0,0.0,0.0
1.0840061823821355e-20,1.0,0.0,0.0
1.0519689582501315e-20,1.0,0.0,0.0
1.0208785771774804e-20,1.0,0.0,0.0
9.907070557229404e-21,1.0,0.0,0.0
9.6142723748094e-21,1.0,0.0,0.0
9.330127686389786e-21,1.0,0.0,0.0
9.05438074257419e-21,1.0,0.0,0.0
8.786783352503129e-21,1.0,0.0,0.0
8.527094660465513e-21,1.0,0.0,0.0
8.275080929112231e-21,1.0,0.0,0.0
8.030515329076765e-21,1.0,0.0,0.0
7.793177734813458e-21,1.0,0.0,0.0
7.562854526469662e-21,1.0,0.0,0.0
7.339338397613456e-21,1.0,0.0,0.0
7.12242816864386e-21,1.0,0.0,0.0
6.911928605715625e-21,1.0,0.0,0.0
6.7076502450155926e-21,1.0,0.0,0.0
6.509409222232476e-21,1.0,0.0,0.0
6.317027107066568e-21,1.0,0.0,0.0
6.130330742630434e-21,1.0,0.0,0.0
5.949152089596026e-21,1.0,0.0,0.0
5.773328074947943e-21,1.0,0.0,0.0
5.602700445206717e-21,1.0,0.0,0.0
5.437115623989995e-21,1.0,0.0,0.0
5.276424573783435e-21,1.0,0.0,0.0
5.1204826617968815e-21,1.0,0.0,0.0
4.969149529785095e-21,1.0,0.0,0.0
4.8222889677158574e-21,1.0,0.0,0.0
4.679768791171752e-21,1.0,0.0,0.0
4.541460722375263e-21,1.0,0.0,0.0
4.407240274730123e-21,1.0,0.0,0.0
4.27698664077497e-21,1.0,0.0,0.0
4.150582583448486e-21,1.0,0.0,0.0
4.02791433056812e-21,1.0,0.0,0.0
3.908871472427453e-21,1.0,0.0,0.0
3.793346862420008e-21,1.0,0.0,0.0
3.681236520600072e-21,1.0,0.0,0.0
3.57243954009373e-21,1.0,0.0,0.0
3.466857996275864e-21,1.0,0.0,0.0
3.364396858631387e-21,1.0,0.0,0.0
3.2649639052213593e-21,1.0,0.0,0.0
3.1684696396770265e-21,1.0,0.0,0.0
3.0748272106470424e-21,1.0,0.0,0.0
2.9839523336253928e-21,1.0,0.0,0.0
2.8957632150896525e-21,1.0,0.0,0.0
2.810180478881294e-21,1.0,0.0,0.0
2.7271270947617878e-21,1.0,0.0,0.0
2.64652830908019e-21,1.0,0.0,0.0
2.5683115774898098e-21,1.0,0.0,0.0
2.492406499653403e-21,1.0,0.0,0.0
2.418744755878116e-21,1.0,0.0,0.0
2.347260045623152e-21,1.0,0.0,0.0
2.277888027824809e-21,1.0,0.0,0.0
2.210566262985182e-21,1.0,0.0,0.0
2.1452341569723975e-21,1.0,0.0,0.0
2.0818329064818096e-21,1.0,0.0,0.0
2.0203054461090535e-21,1.0,0.0,0.0
1.9605963969873323e-21,1.0,0.0,0.0
1.9026520169426986e-21,1.0,0.0,0.0
1.846420152122471e-21,1.0,0.0,0.0
1.7918501900532477e-21,1.0,0.0,0.0
1.7388930140862627e-21,1.0,0.0,0.0
1.6875009591890895e-21,1.0,0.0,0.0
1.637627769043893e-21,1.0,0.0,0.0
1.5892285544136225e-21,1.0,0.0,0.0
1.5422597527386689e-21,1.0,0.0,0.0
1.4966790889276204e-21,1.0,0.0,0.0
1.4524455373068282e-21,1.0,0.0,0.0
1.4095192846945305e-21,1.0,0.0,0.0
1.367861694566302e-21,1.0,0.0,0.0
1.3274352722795744e-21,1.0,0.0,0.0
1.288203631325928e-21,1.0,0.0,0.0
1.2501314605807787e-21,1.0,0.0,0.0
1.2131844925209807e-21,1.0,0.0,0.0
1.177329472381746e-21,1.0,0.0,0.0
1.1425341282251094e-21,1.0,0.0,0.0
1.1087671418930073e-21,1.0,0.0,0.0
1.0759981208188214e-21,1.0,0.0,0.0
1.0441975706720182e-21,1.0,0.0,0.0
1.0133368688112601e-21,1.0,0.0,0.0
9.83388238522097e-22,1.0,0.0,0.0
9.543247240160488e-22,1.0,0.0,0.0
9.261201661685758e-22,1.0,0.0,0.0
8.987491789741024e-22,1.0,0.0,0.0
8.721871266968969e-22,1.0,0.0,0.0
8.46410101697249e-22,1.0,0.0,0.0
8.213949029129786e-22,1.0,0.0,0.0
7.9711901497691495e-22,1.0,0.0,0.0
7.735605879515466e-22,1.0,0.0,0.0
7.506984176626024e-22,1.0,0.0,0.0
7.285119266138645e-22,1.0,0.0,0.0
7.069811454660325e-22,1.0,0.0,0.0
6.860866950629703e-22,1.0,0.0,0.0
6.658097689891578e-22,1.0,0.0,0.0
6.4613211664264735e-22,1.0,0.0,0.0
6.270360268082912e-22,1.0,0.0,0.0
6.085043117164515e-22,1.0,0.0,0.0
5.905202915728482e-22,1.0,0.0,0.0
5.730677795456183e-22,1.0,0.0,0.0
5.561310671960749e-22,1.0,0.0,0.0
5.39694910340052e-22,1.0,0.0,0.0
5.237445153271101e-22,1.0,0.0,0.0
5.082655257252524e-22,1.0,0.0,0.0
4.93244009399167e-22,1.0,0.0,0.0
4.786664459703646e-22,1.0,0.0,0.0
4.64519714647926e-22,1.0,0.0,0.0
4.507910824189043e-22,1.0,0.0,0.0
4.374681925877538e-22,1.0,0.0,0.0
4.2453905365447055e-22,1.0,0.0,0.0
4.1199202852143255e-22,1.0,0.0,0.0
3.9981582401922682e-22,1.0,0.0,0.0
3.8799948074203467e-22,1.0,0.0,0.0
3.765323631834267e-22,1.0,0.0,0.0
3.6540415016368936e-22,1.0,0.0,0.0
3.5460482554006667e-22,1.0,0.0,0.0
3.441246691915556e-22,1.0,0.0,0.0
3.339542482701414e-22,1.0,0.0,0.0
3.2408440871059737e-22,1.0,0.0,0.0
3.1450626699120885e-22,1.0,0.0,0.0
3.0521120213800366e-22,1.0,0.0,0.0
2.961908479652941e-22,1.0,0.0,0.0
2.87437085545545e-22,1.0,0.0,0.0
2.789420359017908e-22,1.0,0.0,0.0
2.7069805291602504e-22,1.0,0.0,0.0
2.626977164471777e-22,1.0,0.0,0.0
2.549338256524875e-22,1.0,0.0,0.0
2.4739939250625768e-22,1.0,0.0,0.0
2.4008763551016094e-22,1.0,0.0,0.0
2.329919735894336e-22,1.0,0.0,0.0
2.261060201694638e-22,1.0,0.0,0.0
2.1942357742744357e-22,1.0,0.0,0.0
2.129386307139099e-22,1.0,0.0,0.0
2.0664534313915444e-22,1.0,0.0,0.0
2.0053805031962865e-22,1.0,0.0,0.0
1.946112552796164e-22,1.0,0.0,0.0
1.8885962350358482e-22,1.0,0.0,0.0
1.832779781347604e-22,1.0,0.0,0.0
1.778612953156084e-22,1.0,0.0,0.0
1.7260469966602197e-22,1.0,0.0,0.0
1.6750345989515111e-22,1.0,0.0,0.0
1.6255298454292165e-22,1.0,0.0,0.0
1.577488178474111e-22,1.0,0.0,0.0
1.5308663573436239e-22,1.0,0.0,0.0
1.4856224192522514e-22,1.0,0.0,0.0
1.441715641602217e-22,1.0,0.0,0.0
1.3991065053303873e-22,1.0,0.0,0.0
1.357756659338445e-22,1.0,0.0,0.0
1.3176288859743142e-22,1.0,0.0,0.0
1.2786870675337612e-22,1.0,0.0,0.0
1.240896153752023e-22,1.0,0.0,0.0
1.2042221302562042e-22,1.0,0.0,0.0
1.168631987950044e-22,1.0,0.0,0.0
1.134093693303504e-22,1.0,0.0,0.0
1.1005761595204278e-22,1.0,0.0,0.0
1.0680492185583268e-22,1.0,0.0,0.0
1.0364835939751058e-22,1.0,0.0,0.0
1.0058508745782898e-22,1.0,0.0,0.0
9.761234888530328e-23,1.0,0.0,0.0
9.472746801458936e-23,1.0,0.0,0.0
9.192784825820424e-23,1.0,0.0,0.0
8.921096976942202e-23,1.0,0.0,0.0
8.657438717424187e-23,1.0,0.0,0.0
8.40157273703863e-23,1.0,0.0,0.0
8.153268739134902e-23,1.0,0.0,0.0
7.912303233356959e-23,1.0,0.0,0.0
7.678459334486944e-23,1.0,0.0,0.0
7.451526567233852e-23,1.0,0.0,0.0
7.23130067679156e-23,1.0,0.0,0.0
7.017583444995723e-23,1.0,0.0,0.0
6.810182511914037e-23,1.0,0.0,0.0
6.608911202709334e-23,1.0,0.0,0.0
6.413588359619614e-23,1.0,0.0,0.0
6.224038178903843e-23,1.0,0.0,0.0
6.040090052606718e-23,1.0,0.0,0.0
5.861578414999991e-23,1.0,0.0,0.0
5.688342593562146e-23,1.0,0.0,0.0
5.520226664362277e-23,1.0,0.0,0.0
5.357079311718031e-23,1.0,0.0,0.0
5.1987536920012874e-23,1.0,0.0,0.0
5.0451073014689725e-23,1.0,0.0,0.0
4.8960018480000794e-23,1.0,0.0,0.0
4.7513031266234237e-23,1.0,0.0,0.0
4.6108808987241126e-23,1.0,0.0,0.0
4.4746087748200013e-23,1.0,0.0,0.0
4.3423641008026295e-23,1.0,0.0,0.0
4.214027847540247e-23,1.0,0.0,0.0
4.089484503743558e-23,1.0,0.0,0.0
3.9686219719977713e-23,1.0,0.0,0.0
3.851331467867355e-23,1.0,0.0,0.0
3.737507421982706e-23,1.0,0.0,0.0
3.6270473850205936e-23,1.0,0.0,0.0
3.5198519354928523e-23,1.0,0.0,0.0
3.4158245902603315e-23,1.0,0.0,0.0
3.3148717176915625e-23,1.0,0.0,0.0
3.216902453387968e-23,1.0,0.0,0.0
3.121828618399771e-23,1.0,0.0,0.0
3.0295646398589905e-23,1.0,0.0,0.0
2.9400274739580846e-23,1.0,0.0,0.0
2.8531365312049177e-23,1.0,0.0,0.0
2.76881360388678e-23,1.0,0.0,0.0
2.6869827956781674e-23,1.0,0.0,0.0
2.6075704533289664e-23,1.0,0.0,0.0
2.530505100371558e-23,1.0,0.0,0.0
2.455717372787174e-23,1.0,0.0,0.0
2.3831399565735967e-23,1.0,0.0,0.0
2.312707527158016e-23,1.0,0.0,0.0
2.2443566906005035e-23,1.0,0.0,0.0
2.1780259265351892e-23,1.0,0.0,0.0
2.1136555327977798e-23,1.0,0.0,0.0
2.051187571689582e-23,1.0,0.0,0.0
1.9905658178296626e-23,1.0,0.0,0.0
1.931735707548212e-23,1.0,0.0,0.0
1.8746442897755588e-23,1.0,0.0,0.0
1.819240178382632e-23,1.0,0.0,0.0
1.7654735059299783e-23,1.0,0.0,0.0
1.7132958787837017e-23,1.0,0.0,0.0
1.6626603335579248e-23,1.0,0.0,0.0
1.6135212948445732e-23,1.0,0.0,0.0
1.565834534192433e-23,1.0,0.0,0.0
1.5195571302985583e-23,1.0,0.0,0.0
1.4746474303762028e-23,1.0,0.0,0.0
1.4310650126645002e-23,1.0,0.0,0.0
1.3887706500461514e-23,1.0,0.0,0.0
1.3477262747403718e-23,1.0,0.0,0.0
1.3078949440393192e-23,1.0,0.0,0.0
1.2692408070571634e-23,1.0,0.0,0.0
1.2317290724618697e-23,1.0,0.0,0.0
1.1953259771606516e-23,1.0,0.0,0.0
1.159998755910909e-23,1.0,0.0,0.0
1.125715611829298e-23,1.0,0.0,0.0
1.0924456877723908e-23,1.0,0.0,0.0
1.0601590385631636e-23,1.0,0.0,0.0
1.0288266040383162e-23,1.0,0.0,0.0
9.984201828921636e-24,1.0,0.0,0.0
9.689124072935582e-24,1.0,0.0,0.0
9.402767182529946e-24,1.0,0.0,0.0
9.124873417177257e-24,1.0,0.0,0.0
8.85519265373377e-24,1.0,0.0,0.0
8.593482161311748e-24,1.0,0.0,0.0
8.339506382805283e-24,1.0,0.0,0.0
8.093036722873004e-24,1.0,0.0,0.0
7.853851342186843e-24,1.0,0.0,0.0
7.621734957761666e-24,1.0,0.0,0.0
7.396478649186052e-24,1.0,0.0,0.0
7.177879670579838e-24,1.0,0.0,0.0
6.965741268109125e-24,1.0,0.0,0.0
6.75987250289456e-24,1.0,0.0,0.0
6.5600880791534605e-24,1.0,0.0,0.0
6.366208177421092e-24,1.0,0.0,0.0
6.1780582927010255e-24,1.0,0.0,0.0
5.9954690773988606e-24,1.0,0.0,0.0
5.818276188897957e-24,1.0,0.0,0.0
5.6463201416399935e-24,1.0,0.0,0.0
5.4794461635772e-24,1.0,0.0,0.0
5.317504056867065e-24,1.0,0.0,0.0
5.16034806268415e-24,1.0,0.0,0.0
5.007836730027298e-24,1.0,0.0,0.0
4.8598327884041964e-24,1.0,0.0,0.0
4.716203024278661e-24,1.0,0.0,0.0
4.5768181611694694e-24,1.0,0.0,0.0
4.441552743292799e-24,1.0,0.0,0.0
4.310285022643557e-24,1.0,0.0,0.0
4.1828968494139574e-24,1.0,0.0,0.0
4.0592735656507215e-24,1.0,0.0,0.0
3.93930390205518e-24,1.0,0.0,0.0
3.822879877833397e-24,1.0,0.0,0.0
3.709896703506166e-24,1.0,0.0,0.0
3.6002526865914066e-24,1.0,0.0,0.0
3.493849140074069e-24,1.0,0.0,0.0
3.3905902935811585e-24,1.0,0.0,0.0
3.290383207181937e-24,1.0,0.0,0.0
3.1931376877357114e-24,1.0,0.0,0.0
3.098766207711923e-24,1.0,0.0,0.0
3.00718382640946e-24,1.0,0.0,0.0
2.918308113504296e-24,1.0,0.0,0.0
2.8320590748566324e-24,1.0,0.0,0.0
2.7483590805107755e-24,1.0,0.0,0.0
2.667132794822939e-24,1.0,0.0,0.0
2.588307108654076e-24,1.0,0.0,0.0
2.511811073566724e-24,1.0,0.0,0.0
2.43757583796662e-24,1.0,0.0,0.0
2.36553458513162e-24,1.0,0.0,0.0
2.29562247307214e-24,1.0,0.0,0.0
2.2277765761689877e-24,1.0,0.0,0.0
2.161935828536061e-24,1.0,0.0,0.0
2.0980409690569265e-24,1.0,0.0,0.0
2.036034488045816e-24,1.0,0.0,0.0
1.97586057548503e-24,1.0,0.0,0.0
1.917465070792152e-24,1.0,0.0,0.0
1.8607954140718713e-24,1.0,0.0,0.0
1.8058005988085293e-24,1.0,0.0,0.0
1.7524311259568128e-24,1.0,0.0,0.0
1.700638959389273e-24,1.0,0.0,0.0
1.6503774826605674e-24,1.0,0.0,0.0
1.6016014570495156e-24,1.0,0.0,0.0
1.554266980841195e-24,1.0,0.0,0.0
1.5083314498124346e-24,1.0,0.0,0.0
1.4637535188851393e-24,1.0,0.0,0.0
1.4204930649129299e-24,1.0,0.0,0.0
1.3785111505676017e-24,1.0,0.0,0.0
1.3377699892929027e-24,1.0,0.0,0.0
1.2982329112940826e-24,1.0,0.0,0.0
1.2598643305326024e-24,1.0,0.0,0.0
1.2226297126962978e-24,1.0,0.0,0.0
1.1864955441161679e-24,1.0,0.0,0.0
1.1514293016018112e-24,1.0,0.0,0.0
1.1173994231683593e-24,1.0,0.0,0.0
1.0843752796285607e-24,1.0,0.0,0.0
1.0523271470244441e-24,1.0,0.0,0.0
1.0212261798737514e-24,1.0,0.0,0.0
9.910443852070562e-25,1.0,0.0,0.0
9.617545973722023e-25,1.0,0.0,0.0
9.333304535833833e-25,1.0,0.0,0.0
9.05746370192856e-25,1.0,0.0,0.0
8.789775196639312e-25,1.0,0.0,0.0
8.529998082245148e-25,1.0,0.0,0.0
8.277898541810869e-25,1.0,0.0,0.0
8.033249668735995e-25,1.0,0.0,0.0
7.795831262523513e-25,1.0,0.0,0.0
7.565429630584567e-25,1.0,0.0,0.0
7.341837395900706e-25,1.0,0.0,0.0
7.124853310370571e-25,1.0,0.0,0.0
6.914282073673023e-25,1.0,0.0,0.0
6.709934157483674e-25,1.0,0.0,0.0
6.511625634886601e-25,1.0,0.0,0.0
6.31917801482771e-25,1.0,0.0,0.0
6.1324180814607425e-25,1.0,0.0,0.0
5.951177738241322e-25,1.0,0.0,0.0
5.7752938566287165e-25,1.0,0.0,0.0
5.604608129259151e-25,1.0,0.0,0.0
5.438966927458485e-25,1.0,0.0,0.0
5.278221162966047e-25,1.0,0.0,0.0
5.122226153745131e-25,1.0,0.0,0.0
4.970841493759403e-25,1.0,0.0,0.0
4.823930926597991e-25,1.0,0.0,0.0
4.681362222835519e-25,1.0,0.0,0.0
4.543007061016702e-25,1.0,0.0,0.0
4.408740912158372e-25,1.0,0.0,0.0
4.278442927664994e-25,1.0,0.0,0.0
4.151995830556768e-25,1.0,0.0,0.0
4.029285809912437e-25,1.0,0.0,0.0
3.9102024184317763e-25,1.0,0.0,0.0
3.7946384730255656e-25,1.0,0.0,0.0
3.68248995834358e-25,1.0,0.0,0.0
3.573655933153751e-25,1.0,0.0,0.0
3.468038439488246e-25,1.0,0.0,0.0
3.3655424144746883e-25,1.0,0.0,0.0
3.266075604773152e-25,1.0,0.0,0.0
3.1695484835419354e-25,1.0,0.0,0.0
3.0758741698573565e-25,1.0,0.0,0.0
2.9849683505150603e-25,1.0,0.0,0.0
2.8967492041424445e-25,1.0,0.0,0.0
2.8111373275539025e-25,1.0,0.0,0.0
2.728055664282595e-25,1.0,0.0,0.0
2.647429435224434e-25,1.0,0.0,0.0
2.569186071331837e-25,1.0,0.0,0.0
2.49325514829669e-25,1.0,0.0,0.0
2.419568323163717e-25,1.0,0.0,0.0
2.348059272817206e-25,1.0,0.0,0.0
2.27866363428573e-25,1.0,0.0,0.0
2.21131894681113e-25,1.0,0.0,0.0
2.145964595629615e-25,1.0,0.0,0.0
2.0825417574143846e-25,1.0,0.0,0.0
2.0209933473306657e-25,1.0,0.0,0.0
1.961263967655507e-25,1.0,0.0,0.0
1.9032998579160913e-25,1.0,0.0,0.0
1.8470488465016803e-25,1.0,0.0,0.0
1.7924603037056448e-25,1.0,0.0,0.0
1.7394850961553115e-25,1.0,0.0,0.0
1.6880755425886112e-25,1.0,0.0,0.0
1.638185370937726e-25,1.0,0.0,0.0
1.589769676681103e-25,1.0,0.0,0.0
1.5427848824263579e-25,1.0,0.0,0.0
1.497188698687678e-25,1.0,0.0,0.0
1.4529400858224317e-25,1.0,0.0,0.0
1.4099992170927205e-25,1.0,0.0,0.0
1.3683274428186273e-25,1.0,0.0,0.0
1.3278872555908954e-25,1.0,0.0,0.0
1.2886422565117291e-25,1.0,0.0,0.0
1.2505571224333294e-25,1.0,0.0,0.0
1.2135975741646766e-25,1.0,0.0,0.0
1.1777303456179447e-25,1.0,0.0,0.0
1.1429231538667785e-25,1.0,0.0,0.0
1.1091446700894792e-25,1.0,0.0,0.0
1.0763644913709523e-25,1.0,0.0,0.0
1.044553113338031e-25,1.0,0.0,0.0
1.0136819036035498e-25,1.0,0.0,0.0
9.837230759952629e-26,1.0,0.0,0.0
9.546496655464147e-26,1.0,0.0,0.0
9.264355042254496e-26,1.0,0.0,0.0
8.990551973830167e-26,1.0,0.0,0.0
8.724841008950732e-26,1.0,0.0,0.0
8.466982989815081e-26,1.0,0.0,0.0
8.216745826803266e-26,1.0,0.0,0.0
7.973904289580181e-26,1.0,0.0,0.0
7.738239804373053e-26,1.0,0.0,0.0
7.509540257240303e-26,1.0,0.0,0.0
7.287599803154678e-26,1.0,0.0,0.0
7.072218680728836e-26,1.0,0.0,0.0
6.863203032416617e-26,1.0,0.0,0.0
6.660364730028161e-26,1.0,0.0,0.0
6.463521205401853e-26,1.0,0.0,0.0
6.272495286080646e-26,1.0,0.0,0.0
6.08711503584489e-26,1.0,0.0,0.0
5.907213599958145e-26,1.0,0.0,0.0
5.732629054986641e-26,1.0,0.0,0.0
5.563204263057268e-26,1.0,0.0,0.0
5.398786730422886e-26,1.0,0.0,0.0
5.239228470207655e-26,1.0,0.0,0.0
5.084385869208864e-26,1.0,0.0,0.0
4.934119558635353e-26,1.0,0.0,0.0
4.7882942886661994e-26,1.0,0.0,0.0
4.6467788067167465e-26,1.0,0.0,0.0
4.509445739302421e-26,1.0,0.0,0.0
4.376171477394002e-26,1.0,0.0,0.0
4.246836065161148e-26,1.0,0.0,0.0
4.1213230920040604e-26,1.0,0.0,0.0
3.9995195877760805e-26,1.0,0.0,0.0
3.881315921102938e-26,1.0,0.0,0.0
3.766605700707113e-26,1.0,0.0,0.0
3.655285679648507e-26,1.0,0.0,0.0
3.547255662395227e-26,1.0,0.0,0.0
3.4424184146408457e-26,1.0,0.0,0.0
3.340679575786964e-26,1.0,0.0,0.0
3.241947574012304e-26,1.0,0.0,0.0
3.146133543851888e-26,1.0,0.0,0.0
3.053151246212125e-26,1.0,0.0,0.0
2.962916990749803e-26,1.0,0.0,0.0
2.8753495605451365e-26,1.0,0.0,0.0
2.790370139001053e-26,1.0,0.0,0.0
2.707902238902938e-26,1.0,0.0,0.0
2.627871633574982e-26,1.0,0.0,0.0
2.5502062900711577e-26,1.0,0.0,0.0
2.474836304340712e-26,1.0,0.0,0.0
2.4016938383098e-26,1.0,0.0,0.0
2.33071305882264e-26,1.0,0.0,0.0
2.2618300783872318e-26,1.0,0.0,0.0
2.1949828976723013e-26,1.0,0.0,0.0
2.130111349703718e-26,1.0,0.0,0.0
2.0671570457101575e-26,1.0,0.0,0.0
2.006063322569267e-26,1.0,0.0,0.0
1.9467751918070306e-26,1.0,0.0,0.0
1.8892392901044328e-26,1.0,0.0,0.0
1.8334038312668675e-26,1.0,0.0,0.0
1.7792185596130698e-26,1.0,0.0,0.0
1.7266347047416116e-26,1.0,0.0,0.0
1.6756049376342473e-26,1.0,0.0,0.0
1.6260833280566024e-26,1.0,0.0,0.0
1.578025303217866e-26,1.0,0.0,0.0
1.5313876076522675e-26,1.0,0.0,0.0
1.4861282642862403e-26,1.0,0.0,0.0
1.4422065366562217e-26,1.0,0.0,0.0
1.399582892243086e-26,1.0,0.0,0.0
1.3582189668902103e-26,1.0,0.0,0.0
1.3180775302731438e-26,1.0,0.0,0.0
1.2791224523898027e-26,1.0,0.0,0.0
1.2413186710410312e-26,1.0,0.0,0.0
1.2046321602722541e-26,1.0,0.0,0.0
1.1690298997478232e-26,1.0,0.0,0.0
1.1344798450304853e-26,1.0,0.0,0.0
1.1009508987392266e-26,1.0,0.0,0.0
1.0684128825595309e-26,1.0,0.0,0.0
1.03683651008086e-26,1.0,0.0,0.0
1.0061933604369074e-26,1.0,0.0,0.0
9.764558527249007e-27,1.0,0.0,0.0
9.475972211809278e-27,1.0,0.0,0.0
9.19591491088942e-27,1.0,0.0,0.0
8.924134554017667e-27,1.0,0.0,0.0
8.660386520530493e-27,1.0,0.0,0.0
8.40443341939752e-27,1.0,0.0,0.0
8.156044875553564e-27,1.0,0.0,0.0
7.91499732254553e-27,1.0,0.0,0.0
7.681073801307518e-27,1.0,0.0,0.0
7.454063764883015e-27,1.0,0.0,0.0
7.233762888918432e-27,1.0,0.0,0.0
7.01997288775739e-27,1.0,0.0,0.0
6.812501335970249e-27,1.0,0.0,0.0
6.611161495158236e-27,1.0,0.0,0.0
6.415772145876283e-27,1.0,0.0,0.0
6.2261574245232915e-27,1.0,0.0,0.0
6.042146665053031e-27,1.0,0.0,0.0
5.863574245363172e-27,1.0,0.0,0.0
5.690279438224216e-27,1.0,0.0,0.0
5.5221062666141495e-27,1.0,0.0,0.0
5.358903363328589e-27,1.0,0.0,0.0
5.200523834740082e-27,1.0,0.0,0.0
5.046825128583936e-27,1.0,0.0,0.0
4.89766890565155e-27,1.0,0.0,0.0
4.7529209152757966e-27,1.0,0.0,0.0
4.6124508744963585e-27,1.0,0.0,0.0
4.4761323507962734e-27,1.0,0.0,0.0
4.343842648304132e-27,1.0,0.0,0.0
4.2154626973595164e-27,1.0,0.0,0.0
4.0908769473422705e-27,1.0,0.0,0.0
3.969973262669141e-27,1.0,0.0,0.0
3.852642821864183e-27,1.0,0.0,0.0
3.7387800196120935e-27,1.0,0.0,0.0
3.628282371706294e-27,1.0,0.0,0.0
3.52105042280623e-27,1.0,0.0,0.0
3.416987656920856e-27,1.0,0.0,0.0
3.316000410537722e-27,1.0,0.0,0.0
3.217997788319498e-27,1.0,0.0,0.0
3.1228915812920347e-27,1.0,0.0,0.0
3.03059618745033e-27,1.0,0.0,0.0
2.9410285347109505e-27,1.0,0.0,0.0
2.8541080061415487e-27,1.0,0.0,0.0
2.7697563674001836e-27,1.0,0.0,0.0
2.687897696319132e-27,1.0,0.0,0.0
2.6084583145698156e-27,1.0,0.0,0.0
2.5313667213473302e-27,1.0,0.0,0.0
2.456553529014897e-27,1.0,0.0,0.0
2.383951400650308e-27,1.0,0.0,0.0
2.3134949894381483e-27,1.0,0.0,0.0
2.2451208798532544e-27,1.0,0.0,0.0
2.178767530582461e-27,1.0,0.0,0.0
2.114375219133266e-27,1.0,0.0,0.0
2.0518859880795554e-27,1.0,0.0,0.0
1.9912435928960103e-27,1.0,0.0,0.0
1.9323934513342364e-27,1.0,0.0,0.0
1.8752825942950574e-27,1.0,0.0,0.0
1.8198596181527518e-27,1.0,0.0,0.0
1.7660746384883184e-27,1.0,0.0,0.0
1.7138792451901343e-27,1.0,0.0,0.0
1.6632264588815873e-27,1.0,0.0,0.0
1.6140706886364643e-27,1.0,0.0,0.0
1.5663676909440436e-27,1.0,0.0,0.0
1.5200745298869474e-27,1.0,0.0,0.0
1.4751495384959189e-27,1.0,0.0,0.0
1.4315522812467381e-27,1.0,0.0,0.0
1.389243517665521e-27,1.0,0.0,0.0
1.3481851670096441e-27,1.0,0.0,0.0
1.308340273992507e-27,1.0,0.0,0.0
1.2696729755212799e-27,1.0,0.0,0.0
1.232148468417699e-27,1.0,0.0,0.0
1.195732978092859e-27,1.0,0.0,0.0
1.1603937281478016e-27,1.0,0.0,0.0
1.1260989108725457e-27,1.0,0.0,0.0
1.0928176586170014e-27,1.0,0.0,0.0
1.0605200160080012e-27,1.0,0.0,0.0
1.0291769129874433e-27,1.0,0.0,0.0
9.987601386472767e-28,1.0,0.0,0.0
9.692423158377804e-28,1.0,0.0,0.0
9.40596876526281e-28,1.0,0.0,0.0
9.127980378841296e-28,1.0,0.0,0.0
8.85820779080417e-28,1.0,0.0,0.0
8.59640818761536e-28,1.0,0.0,0.0
8.342345931963257e-28,1.0,0.0,0.0
8.095792350671224e-28,1.0,0.0,0.0
7.856525528876303e-28,1.0,0.0,0.0
7.624330110290866e-28,1.0,0.0,0.0
7.3989971033674155e-28,1.0,0.0,0.0
7.180323693192095e-28,1.0,0.0,0.0
6.968113058937574e-28,1.0,0.0,0.0
6.762174196711019e-28,1.0,0.0,0.0
6.562321747637703e-28,1.0,0.0,0.0
6.368375831025503e-28,1.0,0.0,0.0
6.180161882460143e-28,1.0,0.0,0.0
5.997510496685439e-28,1.0,0.0,0.0
5.8202572751271285e-28,1.0,0.0,0.0
5.648242677923067e-28,1.0,0.0,0.0
5.48131188032658e-28,1.0,0.0,0.0
5.319314633353744e-28,1.0,0.0,0.0
5.162105128549159e-28,1.0,0.0,0.0
5.009541866748501e-28,1.0,0.0,0.0
4.86148753071972e-28,1.0,0.0,0.0
4.717808861568268e-28,1.0,0.0,0.0
4.578376538795098e-28,1.0,0.0,0.0
4.443065063899487e-28,1.0,0.0,0.0
4.311752647421915e-28,1.0,0.0,0.0
4.184321099325336e-28,1.0,0.0,0.0
4.060655722616163e-28,1.0,0.0,0.0
3.940645210109234e-28,1.0,0.0,0.0
3.8241815442438365e-28,1.0,0.0,0.0
3.7111598998606093e-28,1.0,0.0,0.0
3.601478549851825e-28,1.0,0.0,0.0
3.4950387736001306e-28,1.0,0.0,0.0
3.3917447681233245e-28,1.0,0.0,0.0
3.2915035618452095e-28,1.0,0.0,0.0
3.1942249309149006e-28,1.0,0.0,0.0
3.0998213179992674e-28,1.0,0.0,0.0
3.008207753475428e-28,1.0,0.0,0.0
2.9193017789523497e-28,1.0,0.0,0.0
2.8330233730527377e-28,1.0,0.0,0.0
2.7492948793883892e-28,1.0,0.0,0.0
2.6680409366642074e-28,1.0,0.0,0.0
2.5891884108479466e-28,1.0,0.0,0.0
2.51266632934465e-28,1.0,0.0,0.0
2.438405817116522e-28,1.0,0.0,0.0
2.366340034690748e-28,1.0,0.0,0.0
2.2964041179994565e-28,1.0,0.0,0.0
2.2285351199976805e-28,1.0,0.0,0.0
2.1626719540067693e-28,1.0,0.0,0.0
2.0987553387322547e-28,1.0,0.0,0.0
2.036727744906685e-28,1.0,0.0,0.0
1.9765333435094018e-28,1.0,0.0,0.0
1.9181179555166535e-28,1.0,0.0,0.0
1.8614290031368176e-28,1.0,0.0,0.0
1.8064154624868395e-28,1.0,0.0,0.0
1.7530278176672938e-28,1.0,0.0,0.0
1.7012180161947348e-28,1.0,0.0,0.0
1.6509394257512156e-28,1.0,0.0,0.0
1.602146792212057e-28,1.0,0.0,0.0
1.5547961989140799e-28,1.0,0.0,0.0
1.5088450271276456e-28,1.0,0.0,0.0
1.4642519176969213e-28,1.0,0.0,0.0
1.4209767338138499e-28,1.0,0.0,0.0
1.378980524892313e-28,1.0,0.0,0.0
1.3382254915099758e-28,1.0,0.0,0.0
1.2986749513862547e-28,1.0,0.0,0.0
1.260293306365789e-28,1.0,0.0,0.0
1.2230460103777005e-28,1.0,0.0,0.0
1.1868995383417955e-28,1.0,0.0,0.0
1.1518213559937324e-28,1.0,0.0,0.0
1.1177798906019865e-28,1.0,0.0,0.0
1.0847445025502611e-28,1.0,0.0,0.0
1.0526854577597666e-28,1.0,0.0,0.0
1.0215739009265398e-28,1.0,0.0,0.0
9.913818295497254e-29,1.0,0.0,0.0
9.620820687274348e-29,1.0,0.0,0.0
9.336482466974995e-29,1.0,0.0,0.0
9.060547711011067e-29,1.0,0.0,0.0
8.792768059479475e-29,1.0,0.0,0.0
8.532902492621512e-29,1.0,0.0,0.0
8.280717113888788e-29,1.0,0.0,0.0
8.035984939420564e-29,1.0,0.0,0.0
7.798485693742951e-29,1.0,0.0,0.0
7.568005611506117e-29,1.0,0.0,0.0
7.344337245081049e-29,1.0,0.0,0.0
7.127279277842683e-29,1.0,0.0,0.0
6.916636342971357e-29,1.0,0.0,0.0
6.712218847609487e-29,1.0,0.0,0.0
6.513842802215199e-29,1.0,0.0,0.0
6.321329654959324e-29,1.0,0.0,0.0
6.134506131016705e-29,1.0,0.0,0.0
5.953204076607153e-29,1.0,0.0,0.0
5.777260307645705e-29,1.0,0.0,0.0
5.606516462865925e-29,1.0,0.0,0.0
5.440818861284085e-29,1.0,0.0,0.0
5.2800183638759e-29,1.0,0.0,0.0
5.12397023934135e-29,1.0,0.0,0.0
4.972534033836732e-29,1.0,0.0,0.0
4.8255734445567277e-29,1.0,0.0,0.0
4.68295619705268e-29,1.0,0.0,0.0
4.544553926176658e-29,1.0,0.0,0.0
4.4102420605441655e-29,1.0,0.0,0.0
4.2798997104114826e-29,1.0,0.0,0.0
4.1534095588667413e-29,1.0,0.0,0.0
4.030657756236786e-29,1.0,0.0,0.0
3.9115338176147856e-29,1.0,0.0,0.0
3.795930523416356e-29,1.0,0.0,0.0
3.683743822874702e-29,1.0,0.0,0.0
3.574872740387906e-29,1.0,0.0,0.0
3.469219284634066e-29,1.0,0.0,0.0
3.3666883603724993e-29,1.0,0.0,0.0
3.2671876828516023e-29,1.0,0.0,0.0
3.170627694746349e-29,1.0,0.0,0.0
3.076921485550653e-29,1.0,0.0,0.0
2.985984713352046e-29,1.0,0.0,0.0
2.897735528918267e-29,1.0,0.0,0.0
2.812094502027426e-29,1.0,0.0,0.0
2.7289845499754463e-29,1.0,0.0,0.0
2.6483308681964256e-29,1.0,0.0,0.0
2.570060862933481e-29,1.0,0.0,0.0
2.4941040858994677e-29,1.0,0.0,0.0
2.4203921708687645e-29,1.0,0.0,0.0
2.3488587721430592e-29,1.0,0.0,0.0
2.2794395048357406e-29,1.0,0.0,0.0
2.212071886921156e-29,1.0,0.0,0.0
2.1466952829965708e-29,1.0,0.0,0.0
2.0832508497062146e-29,1.0,0.0,0.0
2.0216814827782882e-29,1.0,0.0,0.0
1.9619317656272675e-29,1.0,0.0,0.0
1.9039479194752334e-29,1.0,0.0,0.0
1.8476777549473446e-29,1.0,0.0,0.0
1.7930706250978777e-29,1.0,0.0,0.0
1.7400773798245562e-29,1.0,0.0,0.0
1.6886503216301428e-29,1.0,0.0,0.0
1.6387431626914734e-29,1.0,0.0,0.0
1.5903109831972898e-29,1.0,0.0,0.0
1.5433101909173812e-29,1.0,0.0,0.0
1.4976984819666324e-29,1.0,0.0,0.0
1.4534348027286732e-29,1.0,0.0,0.0
1.4104793129048534e-29,1.0,0.0,0.0
1.3687933496552838e-29,1.0,0.0,0.0
1.3283393927996723e-29,1.0,0.0,0.0
1.2890810310466288e-29,1.0,0.0,0.0
1.250982929221046e-29,1.0,0.0,0.0
1.2140107964600564e-29,1.0,0.0,0.0
1.1781313553489421e-29,1.0,0.0,0.0
1.143312311969215e-29,1.0,0.0,0.0
1.1095223268319115e-29,1.0,0.0,0.0
1.0767309866699364e-29,1.0,0.0,0.0
1.0449087770640705e-29,1.0,0.0,0.0
1.0140270558780016e-29,1.0,0.0,0.0
9.840580274784683e-30,1.0,0.0,0.0
9.549747177173145e-30,1.0,0.0,0.0
9.267509496529348e-30,1.0,0.0,0.0
8.993613199892615e-30,1.0,0.0,0.0
8.727811762110834e-30,1.0,0.0,0.0
8.469865943951177e-30,1.0,0.0,0.0
8.219543576768647e-30,1.0,0.0,0.0
7.976619353538634e-30,1.0,0.0,0.0
7.74087462606538e-30,1.0,0.0,0.0
7.51209720818385e-30,1.0,0.0,0.0
7.29008118477786e-30,1.0,0.0,0.0
7.074626726442584e-30,1.0,0.0,0.0
6.865539909624588e-30,1.0,0.0,0.0
6.66263254207756e-30,1.0,0.0,0.0
6.465721993476577e-30,1.0,0.0,0.0
6.274631031038491e-30,1.0,0.0,0.0
6.089187660000461e-30,1.0,0.0,0.0
5.909224968813061e-30,1.0,0.0,0.0
5.734580978908618e-30,1.0,0.0,0.0
5.565098498909571e-30,1.0,0.0,0.0
5.400624983145623e-30,1.0,0.0,0.0
5.241012394352339e-30,1.0,0.0,0.0
5.086117070427621e-30,1.0,0.0,0.0
4.935799595126119e-30,1.0,0.0,0.0
4.7899246725752e-30,1.0,0.0,0.0
4.648361005499534e-30,1.0,0.0,0.0
4.510981177044682e-30,1.0,0.0,0.0
4.37766153609333e-30,1.0,0.0,0.0
4.248282085970936e-30,1.0,0.0,0.0
4.122726376440629e-30,1.0,0.0,0.0
4.000881398890129e-30,1.0,0.0,0.0
3.882637484616378e-30,1.0,0.0,0.0
3.767888206116298e-30,1.0,0.0,0.0
3.656530281294861e-30,1.0,0.0,0.0
3.548463480504229e-30,1.0,0.0,0.0
3.44359053633031e-30,1.0,0.0,0.0
3.3418170560455166e-30,1.0,0.0,0.0
3.243051436648945e-30,1.0,0.0,0.0
3.1472047824174892e-30,1.0,0.0,0.0
3.0541908248936932e-30,1.0,0.0,0.0
2.9639258452383125e-30,1.0,0.0,0.0
2.8763285988777142e-30,1.0,0.0,0.0
2.791320242378273e-30,1.0,0.0,0.0
2.7088242624819626e-30,1.0,0.0,0.0
2.628766407239258e-30,1.0,0.0,0.0
2.5510746191773717e-30,1.0,0.0,0.0
2.4756789704436625e-30,1.0,0.0,0.0
2.4025115998658505e-30,1.0,0.0,0.0
2.3315066518723814e-30,1.0,0.0,0.0
2.2626002172179687e-30,1.0,0.0,0.0
2.1957302754609576e-30,1.0,0.0,0.0
2.1308366391407434e-30,1.0,0.0,0.0
2.0678608996049945e-30,1.0,0.0,0.0
2.006746374437924e-30,1.0,0.0,0.0
1.9474380564422888e-30,1.0,0.0,0.0
1.8898825641291997e-30,1.0,0.0,0.0
1.8340280936711795e-30,1.0,0.0,0.0
1.7798243722752227e-30,1.0,0.0,0.0
1.7272226129338874e-30,1.0,0.0,0.0
1.676175470513696e-30,1.0,0.0,0.0
1.626636999141321e-30,1.0,0.0,0.0
1.5785626108491977e-30,1.0,0.0,0.0
1.5319090354433433e-30,1.0,0.0,0.0
1.486634281557263e-30,1.0,0.0,0.0
1.4426975988568858e-30,1.0,0.0,0.0
1.400059441362514e-30,1.0,0.0,0.0
1.3586814318547717e-30,1.0,0.0,0.0
1.3185263273325182e-30,1.0,0.0,0.0
1.2795579854916328e-30,1.0,0.0,0.0
1.2417413321945023e-30,1.0,0.0,0.0
1.2050423299009298e-30,1.0,0.0,0.0
1.1694279470320515e-30,1.0,0.0,0.0
1.134866128239686e-30,1.0,0.0,0.0
1.101325765554358e-30,1.0,0.0,0.0
1.0687766703860261e-30,1.0,0.0,0.0
1.0371895463523151e-30,1.0,0.0,0.0
1.0065359629097927e-30,1.0,0.0,0.0
9.76788329764564e-31,1.0,0.0,0.0
9.479198720391433e-31,1.0,0.0,0.0
9.19904606173258e-31,1.0,0.0,0.0
8.92717316536891e-31,1.0,0.0,0.0
8.66333532734511e-31,1.0,0.0,0.0
8.407295075800656e-31,1.0,0.0,0.0
8.158821957229113e-31,1.0,0.0,0.0
7.917692329054426e-31,1.0,0.0,0.0
7.683689158337504e-31,1.0,0.0,0.0
7.456601826431928e-31,1.0,0.0,0.0
7.236225939412956e-31,1.0,0.0,0.0
7.022363144109201e-31,1.0,0.0,0.0
6.814820949571382e-31,1.0,0.0,0.0
6.613412553817481e-31,1.0,0.0,0.0
6.417956675698356e-31,1.0,0.0,0.0
6.228277391732467e-31,1.0,0.0,0.0
6.044203977762872e-31,1.0,0.0,0.0
5.865570755293963e-31,1.0,0.0,0.0
5.692216942369641e-31,1.0,0.0,0.0
5.523986508858699e-31,1.0,0.0,0.0
5.360728036017179e-31,1.0,0.0,0.0
5.202294580201281e-31,1.0,0.0,0.0
5.048543540608164e-31,1.0,0.0,0.0
4.899336530925605e-31,1.0,0.0,0.0
4.754539254774972e-31,1.0,0.0,0.0
4.6140213848354254e-31,1.0,0.0,0.0
4.4776564455405285e-31,1.0,0.0,0.0
4.345321699241705e-31,1.0,0.0,0.0
4.216898035736074e-31,1.0,0.0,0.0
4.0922698650592216e-31,1.0,0.0,0.0
3.971325013446436e-31,1.0,0.0,0.0
3.8539546223687527e-31,1.0,0.0,0.0
3.740053050552924e-31,1.0,0.0,0.0
3.6295177788971478e-31,1.0,0.0,0.0
3.522249318196957e-31,1.0,0.0,0.0
3.418151119598219e-31,1.0,0.0,0.0
3.317129487696654e-31,1.0,0.0,0.0
3.2190934962056435e-31,1.0,0.0,0.0
3.1239549061164396e-31,1.0,0.0,0.0
3.031628086277099e-31,1.0,0.0,0.0
2.942029936318671e-31,1.0,0.0,0.0
2.855079811859251e-31,1.0,0.0,0.0
2.7706994519186e-31,1.0,0.0,0.0
2.6888129084779786e-31,1.0,0.0,0.0
2.6093464781218016e-31,1.0,0.0,0.0
2.532228635699595e-31,1.0,0.0,0.0
2.4573899699485274e-31,1.0,0.0,0.0
2.384763121018595e-31,1.0,0.0,0.0
2.314282719844207e-31,1.0,0.0,0.0
2.2458853293076126e-31,1.0,0.0,0.0
2.179509387141221e-31,1.0,0.0,0.0
2.1150951505173976e-31,1.0,0.0,0.0
2.052584642275892e-31,1.0,0.0,0.0
1.991921598740481e-31,1.0,0.0,0.0
1.9330514190778593e-31,1.0,0.0,0.0
1.8759211161532084e-31,1.0,0.0,0.0
1.820479268838196e-31,1.0,0.0,0.0
1.7666759757284927e-31,1.0,0.0,0.0
1.714462810229139e-31,1.0,0.0,0.0
1.6637927769673418e-31,1.0,0.0,0.0
1.6146202694934668e-31,1.0,0.0,0.0
1.5669010292321562e-31,1.0,0.0,0.0
1.5205921056466242e-31,1.0,0.0,0.0
1.4756518175802745e-31,1.0,0.0,0.0
1.4320397157408472e-31,1.0,0.0,0.0
1.3897165462933248e-31,1.0,0.0,0.0
1.3486442155288324e-31,1.0,0.0,0.0
1.3087857555777279e-31,1.0,0.0,0.0
1.270105291136025e-31,1.0,0.0,0.0
1.2325680071751991e-31,1.0,0.0,0.0
1.1961401176063099e-31,1.0,0.0,0.0
1.1607888348702432e-31,1.0,0.0,0.0
1.1264823404266936e-31,1.0,0.0,0.0
1.0931897561153321e-31,1.0,0.0,0.0
1.0608811163633757e-31,1.0,0.0,0.0
1.029527341214552e-31,1.0,0.0,0.0
9.991002101551743e-32,1.0,0.0,0.0
9.695723367137753e-32,1.0,0.0,0.0
9.409171438114344e-32,1.0,0.0,0.0
9.13108839840613e-32,1.0,0.0,0.0
8.86122395450967e-32,1.0,0.0,0.0
8.599335210212422e-32,1.0,0.0,0.0
8.345186447969762e-32,1.0,0.0,0.0
8.098548916743282e-32,1.0,0.0,0.0
7.85920062610942e-32,1.0,0.0,0.0
7.626926146453089e-32,1.0,0.0,0.0
7.401516415066499e-32,1.0,0.0,0.0
7.182768547978595e-32,1.0,0.0,0.0
6.9704856573458e-32,1.0,0.0,0.0
6.764476674239666e-32,1.0,0.0,0.0
6.564556176671937e-32,1.0,0.0,0.0
6.370544222702258e-32,1.0,0.0,0.0
6.182266188478271e-32,1.0,0.0,0.0
5.999552611062374e-32,1.0,0.0,0.0
5.822239035903632e-32,1.0,0.0,0.0
5.650165868817585e-32,1.0,0.0,0.0
5.483178232340714e-32,1.0,0.0,0.0
5.321125826330266e-32,1.0,0.0,0.0
5.163862792683984e-32,1.0,0.0,0.0
5.011247584057974e-32,1.0,0.0,0.0
4.8631428364645395e-32,1.0,0.0,0.0
4.719415245635319e-32,1.0,0.0,0.0
4.579935447038454e-32,1.0,0.0,0.0
4.4445778994417776e-32,1.0,0.0,0.0
4.3132207719172296e-32,1.0,0.0,0.0
4.1857458341848027e-32,1.0,0.0,0.0
4.06203835019731e-32,1.0,0.0,0.0
3.9419869748701974e-32,1.0,0.0,0.0
3.825483653863456e-32,1.0,0.0,0.0
3.712423526325422e-32,1.0,0.0,0.0
3.6027048305109313e-32,1.0,0.0,0.0
3.4962288121888836e-32,1.0,0.0,0.0
3.392899635756769e-32,1.0,0.0,0.0
3.292624297982159e-32,1.0,0.0,0.0
3.195312544293515e-32,1.0,0.0,0.0
3.1008767875449913e-32,1.0,0.0,0.0
3.009232029182084e-32,1.0,0.0,0.0
2.9202957827372035e-32,1.0,0.0,0.0
2.8339879995862794e-32,1.0,0.0,0.0
2.750230996899602e-32,1.0,0.0,0.0
2.6689493877220283e-32,1.0,0.0,0.0
2.5900700131196395e-32,1.0,0.0,0.0
2.5135218763317583e-32,1.0,0.0,0.0
2.4392360788690746e-32,1.0,0.0,0.0
2.367145758500356e-32,1.0,0.0,0.0
2.2971860290719267e-32,1.0,0.0,0.0
2.229293922105749e-32,1.0,0.0,0.0
2.1634083301235445e-32,1.0,0.0,0.0
2.0994699516459394e-32,1.0,0.0,0.0
2.0374212378171302e-32,1.0,0.0,0.0
1.9772063406070308e-32,1.0,0.0,0.0
1.9187710625442743e-32,1.0,0.0,0.0
1.8620628079348328e-32,1.0,0.0,0.0
1.8070305355223426e-32,1.0,0.0,0.0
1.753624712547528e-32,1.0,0.0,0.0
1.701797270165376e-32,1.0,0.0,0.0
1.6515015601799314e-32,1.0,0.0,0.0
1.6026923130577713e-32,1.0,0.0,0.0
1.5553255971823707e-32,1.0,0.0,0.0
1.5093587793126833e-32,1.0,0.0,0.0
1.4647504862103454e-32,1.0,0.0,0.0
1.4214605674009706e-32,1.0,0.0,0.0
1.379450059036013e-32,1.0,0.0,0.0
1.3386811488226725e-32,1.0,0.0,0.0
1.2991171419902816e-32,1.0,0.0,0.0
1.2607224282625334e-32,1.0,0.0,0.0
1.2234624498058303e-32,1.0,0.0,0.0
1.1873036701249015e-32,1.0,0.0,0.0
1.152213543877694e-32,1.0,0.0,0.0
1.1181604875823677e-32,1.0,0.0,0.0
1.0851138511900311e-32,1.0,0.0,0.0
1.0530438904976278e-32,1.0,0.0,0.0
1.021921740376147e-32,1.0,0.0,0.0
9.917193887900588e-33,1.0,0.0,0.0
9.624096515845924e-33,1.0,0.0,0.0
9.339661480181613e-33,1.0,0.0,0.0
9.063632770179162e-33,1.0,0.0,0.0
8.795761941370506e-33,1.0,0.0,0.0
8.535807891931237e-33,1.0,0.0,0.0
8.283536645672672e-33,1.0,0.0,0.0
8.0387211414475e-33,1.0,0.0,0.0
7.801141028779429e-33,1.0,0.0,0.0
7.570582469532877e-33,1.0,0.0,0.0
7.346837945444227e-33,1.0,0.0,0.0
7.129706071341374e-33,1.0,0.0,0.0
6.918991413883497e-33,1.0,0.0,0.0
6.714504315657837e-33,1.0,0.0,0.0
6.516060724475248e-33,1.0,0.0,0.0
6.323482027710794e-33,1.0,0.0,0.0
6.1365948915403335e-33,1.0,0.0,0.0
5.9552311049283824e-33,1.0,0.0,0.0
5.7792274282268264e-33,1.0,0.0,0.0
5.6084254462482225e-33,1.0,0.0,0.0
5.4426714256814385e-33,1.0,0.0,0.0
5.281816176721297e-33,1.0,0.0,0.0
5.125714918787683e-33,1.0,0.0,0.0
4.974227150213251e-33,1.0,0.0,0.0
4.82721652178244e-33,1.0,0.0,0.0
4.684550714007978e-33,1.0,0.0,0.0
4.546101318034416e-33,1.0,0.0,0.0
4.411743720061488e-33,1.0,0.0,0.0
4.28135698918328e-33,1.0,0.0,0.0
4.154823768542262e-33,1.0,0.0,0.0
4.032030169700181e-33,1.0,0.0,0.0
3.912865670130795e-33,1.0,0.0,0.0
3.797223013742131e-33,1.0,0.0,0.0
3.684998114338766e-33,1.0,0.0,0.0
3.576089961937227e-33,1.0,0.0,0.0
3.47040053185019e-33,1.0,0.0,0.0
3.367834696457641e-33,1.0,0.0,0.0
3.268300139585605e-33,1.0,0.0,0.0
3.1717072734153515e-33,1.0,0.0,0.0
3.0779691578483183e-33,1.0,0.0,0.0
2.987001422254149e-33,1.0,0.0,0.0
2.8987221895314366e-33,1.0,0.0,0.0
2.8130520024128036e-33,1.0,0.0,0.0
2.7299137519479997e-33,1.0,0.0,0.0
2.6492326081006416e-33,1.0,0.0,0.0
2.570935952396132e-33,1.0,0.0,0.0
2.494953312560129e-33,1.0,0.0,0.0
2.421216299088745e-33,1.0,0.0,0.0
2.3496585436933764e-33,1.0,0.0,0.0
2.2802156395647664e-33,1.0,0.0,0.0
2.2128250834025277e-33,1.0,0.0,0.0
2.1474262191579542e-33,1.0,0.0,0.0
2.0839601834394853e-33,1.0,0.0,0.0
2.0223698525316793e-33,1.0,0.0,0.0
1.9625997909800145e-33,1.0,0.0,0.0
1.9045962016952384e-33,1.0,0.0,0.0
1.8483068775323584e-33,1.0,0.0,0.0
1.7936811543006853e-33,1.0,0.0,0.0
1.740669865162645e-33,1.0,0.0,0.0
1.6892252963803033e-33,1.0,0.0,0.0
1.6393011443697852e-33,1.0,0.0,0.0
1.5908524740249222e-33,1.0,0.0,0.0
1.5438356782726236e-33,1.0,0.0,0.0
1.4982084388235695e-33,1.0,0.0,0.0
1.453929688082893e-33,1.0,0.0,0.0
1.4109595721865742e-33,1.0,0.0,0.0
1.3692594151302716e-33,1.0,0.0,0.0
1.3287916839583091e-33,1.0,0.0,0.0
1.2895199549814826e-33,1.0,0.0,0.0
1.2514088809932809e-33,1.0,0.0,0.0
1.2144241594550147e-33,1.0,0.0,0.0
1.1785325016212169e-33,1.0,0.0,0.0
1.1437016025775246e-33,1.0,0.0,0.0
1.1099001121640761e-33,1.0,0.0,0.0
1.0770976067582518e-33,1.0,0.0,0.0
1.0452645618913595e-33,1.0,0.0,0.0
1.0143723256746203e-33,1.0,0.0,0.0
9.843930930105357e-34,1.0,0.0,0.0
9.552998805664228e-34,1.0,0.0,0.0
9.270665024875933e-34,1.0,0.0,0.0
8.996675468283183e-34,1.0,0.0,0.0
8.730783526793604e-34,1.0,0.0,0.0
8.472749879714926e-34,1.0,0.0,0.0
8.2223422793502e-34,1.0,0.0,0.0
7.979335341959196e-34,1.0,0.0,0.0
7.743510344897831e-34,1.0,0.0,0.0
7.514655029753023e-34,1.0,0.0,0.0
7.292563411295795e-34,1.0,0.0,0.0
7.077035592080668e-34,1.0,0.0,0.0
6.867877582524472e-34,1.0,0.0,0.0
6.6649011263026204e-34,1.0,0.0,0.0
6.467923530905723e-34,1.0,0.0,0.0
6.276767503203989e-34,1.0,0.0,0.0
6.09126098987145e-34,1.0,0.0,0.0
5.911237022526352e-34,1.0,0.0,0.0
5.736533567448347e-34,1.0,0.0,0.0
5.566993379737203e-34,1.0,0.0,0.0
5.4024638617817865e-34,1.0,0.0,0.0
5.242796925911912e-34,1.0,0.0,0.0
5.087848861109444e-34,1.0,0.0,0.0
4.937480203658684e-34,1.0,0.0,0.0
4.79155561161961e-34,1.0,0.0,0.0
4.649943743011e-34,1.0,0.0,0.0
4.5125171375937825e-34,1.0,0.0,0.0
4.379152102148221e-34,1.0,0.0,0.0
4.249728599141664e-34,1.0,0.0,0.0
4.124130138686672e-34,1.0,0.0,0.0
4.002243673692249e-34,1.0,0.0,0.0
3.8839594981138355e-34,1.0,0.0,0.0
3.769171148210463e-34,1.0,0.0,0.0
3.657775306720203e-34,1.0,0.0,0.0
3.5496717098676577e-34,1.0,0.0,0.0
3.444763057119794e-34,1.0,0.0,0.0
3.3429549236089003e-34,1.0,0.0,0.0
3.24415567514383e-34,1.0,0.0,0.0
3.1482763857330454e-34,1.0,0.0,0.0
3.0552307575452263e-34,1.0,0.0,0.0
2.964935043235394e-34,1.0,0.0,0.0
2.877307970566651e-34,1.0,0.0,0.0
2.7922706692596832e-34,1.0,0.0,0.0
2.709746600004183e-34,1.0,0.0,0.0
2.629661485568307e-34,1.0,0.0,0.0
2.5519432439441536e-34,1.0,0.0,0.0
2.4765219234690903e-34,1.0,0.0,0.0
2.4033296398645382e-34,1.0,0.0,0.0
2.332300515135537e-34,1.0,0.0,0.0
2.2633706182761064e-34,1.0,0.0,0.0
2.1964779077270234e-34,1.0,0.0,0.0
2.1315621755342344e-34,1.0,0.0,0.0
2.0685649931576314e-34,1.0,0.0,0.0
2.0074296588814226e-34,1.0,0.0,0.0
1.9481011467787622e-34,1.0,0.0,0.0
1.8905260571847032e-34,1.0,0.0,0.0
1.8346525686328922e-34,1.0,0.0,0.0
1.7804303912127557e-34,1.0,0.0,0.0
1.727810721305184e-34,1.0,0.0,0.0
1.6767461976559818e-34,1.0,0.0,0.0
1.6271908587475424e-34,1.0,0.0,0.0
1.5791001014303796e-34,1.0,0.0,0.0
1.532430640777284e-34,1.0,0.0,0.0
1.4871404711239657e-34,1.0,0.0,0.0
1.4431888282611234e-34,1.0,0.0,0.0
1.4005361527439032e-34,1.0,0.0,0.0
1.3591440542857287e-34,1.0,0.0,0.0
1.318975277204453e-34,1.0,0.0,0.0
1.2799936668897295e-34,1.0,0.0,0.0
1.2421641372614232e-34,1.0,0.0,0.0
1.2054526391897701e-34,1.0,0.0,0.0
1.1698261298488627e-34,1.0,0.0,0.0
1.1352525429758763e-34,1.0,0.0,0.0
1.101700760009269e-34,1.0,0.0,0.0
1.0691405820799757e-34,1.0,0.0,0.0
1.0375427028303878e-34,1.0,0.0,0.0
1.0068786820366532e-34,1.0,0.0,0.0
9.771209200105565e-35,1.0,0.0,0.0
9.482426327579357e-35,1.0,0.0,0.0
9.202178278712801e-35,1.0,0.0,0.0
8.930212811348101e-35,1.0,0.0,0.0
8.666285138209795e-35,1.0,0.0,0.0
8.410157706579696e-35,1.0,0.0,0.0
8.161599984483409e-35,1.0,0.0,0.0
7.920388253195993e-35,1.0,0.0,0.0
7.686305405880016e-35,1.0,0.0,0.0
7.459140752174743e-35,1.0,0.0,0.0
7.238689828560595e-35,1.0,0.0,0.0
7.024754214328182e-35,1.0,0.0,0.0
6.817141352986273e-35,1.0,0.0,0.0
6.615664378947961e-35,1.0,0.0,0.0
6.420141949339017e-35,1.0,0.0,0.0
6.230398080777068e-35,1.0,0.0,0.0
6.046261990974677e-35,1.0,0.0,0.0
5.867567945023758e-35,1.0,0.0,0.0
5.694155106222972e-35,1.0,0.0,0.0
5.52586739131384e-35,1.0,0.0,0.0
5.362553329995279e-35,1.0,0.0,0.0
5.204065928590109e-35,1.0,0.0,0.0
5.050262537740817e-35,1.0,0.0,0.0
4.901004724015517e-35,1.0,0.0,0.0
4.75615814530851e-35,1.0,0.0,0.0
4.615592429923327e-35,1.0,0.0,0.0
4.4791810592294025e-35,1.0,0.0,0.0
4.346801253786768e-35,1.0,0.0,0.0
4.2183338628362693e-35,1.0,0.0,0.0
4.093663257055843e-35,1.0,0.0,0.0
3.972677224486321e-35,1.0,0.0,0.0
3.8552668695330963e-35,1.0,0.0,0.0
3.7413265149527376e-35,1.0,0.0,0.0
3.6307536067363374e-35,1.0,0.0,0.0
3.523448621803983e-35,1.0,0.0,0.0
3.419314978427268e-35,1.0,0.0,0.0
3.31825894929922e-35,1.0,0.0,0.0
3.220189577173395e-35,1.0,0.0,0.0
3.125018592996222e-35,1.0,0.0,0.0
3.0326603364588927e-35,1.0,0.0,0.0
2.943031678897305e-35,1.0,0.0,0.0
2.8560519484706536e-35,1.0,0.0,0.0
2.771642857551331e-35,1.0,0.0,0.0
2.689728432260777e-35,1.0,0.0,0.0
2.61023494408786e-35,1.0,0.0,0.0
2.5330908435282447e-35,1.0,0.0,0.0
2.458226695685005e-35,1.0,0.0,0.0
2.3855751177725334e-35,1.0,0.0,0.0
2.3150707184674852e-35,1.0,0.0,0.0
2.246650039052175e-35,1.0,0.0,0.0
2.180251496297446e-35,1.0,0.0,0.0
2.1158153270336112e-35,1.0,0.0,0.0
2.0532835343595637e-35,1.0,0.0,0.0
1.9925998354416533e-35,1.0,0.0,0.0
1.9337096108553373e-35,1.0,0.0,0.0
1.8765598554240128e-35,1.0,0.0,0.0
1.821099130510779e-35,1.0,0.0,0.0
1.7672775177201938e-35,1.0,0.0,0.0
1.7150465739683485e-35,1.0,0.0,0.0
1.664359287880823e-35,1.0,0.0,0.0
1.6151700374792752e-35,1.0,0.0,0.0
1.5674345491185826e-35,1.0,0.0,0.0
1.5211098576375734e-35,1.0,0.0,0.0
1.4761542676874816e-35,1.0,0.0,0.0
1.4325273162033185e-35,1.0,0.0,0.0
1.3901897359843843e-35,1.0,0.0,0.0
1.3491034203511376e-35,1.0,0.0,0.0
1.3092313888466102e-35,1.0,0.0,0.0
1.2705377539515025e-35,1.0,0.0,0.0
1.232987688782992e-35,1.0,0.0,0.0
1.1965473957481895e-35,1.0,0.0,0.0
1.1611840761240242e-35,1.0,0.0,0.0
1.1268659005361793e-35,1.0,0.0,0.0
1.0935619803105069e-35,1.0,0.0,0.0
1.0612423396711368e-35,1.0,0.0,0.0
1.0298778887602552e-35,1.0,0.0,0.0
9.99440397455269e-36,1.0,0.0,0.0
9.699024699597908e-36,1.0,0.0,0.0
9.412375201455724e-36,1.0,0.0,0.0
9.134197476231963e-36,1.0,0.0,0.0
8.86424114519983e-36,1.0,0.0,0.0
8.60226322944216e-36,1.0,0.0,0.0
8.348027931153996e-36,1.0,0.0,0.0
8.101306421408649e-36,1.0,0.0,0.0
7.861876634196217e-36,1.0,0.0,0.0
7.629523066549202e-36,1.0,0.0,0.0
7.404036584575277e-36,1.0,0.0,0.0
7.185214235222682e-36,1.0,0.0,0.0
6.972859063608774e-36,1.0,0.0,0.0
6.766779935747342e-36,1.0,0.0,0.0
6.56679136651512e-36,1.0,0.0,0.0
6.372713352702657e-36,1.0,0.0,0.0
6.184371210999283e-36,1.0,0.0,0.0
6.001595420766332e-36,1.0,0.0,0.0
5.8242214714571396e-36,1.0,0.0,0.0
5.652089714546434e-36,1.0,0.0,0.0
5.485045219835899e-36,1.0,0.0,0.0
5.3229376360065345e-36,1.0,0.0,0.0
5.1656210552923244e-36,1.0,0.0,0.0
5.012953882153398e-36,1.0,0.0,0.0
4.864798705830489e-36,1.0,0.0,0.0
4.721022176665978e-36,1.0,0.0,0.0
4.581494886080202e-36,1.0,0.0,0.0
4.4460912500949966e-36,1.0,0.0,0.0
4.314689396299644e-36,1.0,0.0,0.0
4.187171054157473e-36,1.0,0.0,0.0
4.063421448554399e-36,1.0,0.0,0.0
3.943329196493573e-36,1.0,0.0,0.0
3.8267862068431634e-36,1.0,0.0,0.0
3.713687583047051e-36,1.0,0.0,0.0
3.603931528710844e-36,1.0,0.0,0.0
3.497419255978248e-36,1.0,0.0,0.0
3.394054896615339e-36,1.0,0.0,0.0
3.2937454157226735e-36,1.0,0.0,0.0
3.196400527997606e-36,1.0,0.0,0.0
3.101932616471418e-36,1.0,0.0,0.0
3.01025665364814e-36,1.0,0.0,0.0
2.9212901249740575e-36,1.0,0.0,0.0
2.8349529545690534e-36,1.0,0.0,0.0
2.7511674331529048e-36,1.0,0.0,0.0
2.669858148101688e-36,1.0,0.0,0.0
2.590951915571329e-36,1.0,0.0,0.0
2.5143777146272035e-36,1.0,0.0,0.0
2.440066623320502e-36,1.0,0.0,0.0
2.3679517566538245e-36,1.0,0.0,0.0
2.297968206380171e-36,1.0,0.0,0.0
2.2300529825811352e-36,1.0,0.0,0.0
2.1641449569717292e-36,1.0,0.0,0.0
2.100184807880801e-36,1.0,0.0,0.0
2.0381149668575253e-36,1.0,0.0,0.0
1.9778795668559147e-36,1.0,0.0,0.0
1.919424391950707e-36,1.0,0.0,0.0
1.862696828539373e-36,1.0,0.0,0.0
1.807645817986324e-36,1.0,0.0,0.0
1.7542218106666934e-36,1.0,0.0,0.0
1.7023767213683307e-36,1.0,0.0,0.0
1.6520638860118646e-36,1.0,0.0,0.0
1.603238019649883e-36,1.0,0.0,0.0
1.5558551757074236e-36,1.0,0.0,0.0
1.509872706427091e-36,1.0,0.0,0.0
1.4652492244831953e-36,1.0,0.0,0.0
1.4219445657303679e-36,1.0,0.0,0.0
1.3799197530531189e-36,1.0,0.0,0.0
1.3391369612838022e-36,1.0,0.0,0.0
1.2995594831574124e-36,1.0,0.0,0.0
1.2611516962725693e-36,1.0,0.0,0.0
1.2238790310289515e-36,1.0,0.0,0.0
1.1877079395123237e-36,1.0,0.0,0.0
1.1526058652991497e-36,1.0,0.0,0.0
1.1185412141536139e-36,1.0,0.0,0.0
1.0854833255906768e-36,1.0,0.0,0.0
1.0534024452795694e-36,1.0,0.0,0.0
1.0222696982628869e-36,1.0,0.0,0.0
9.920570629671785e-37,1.0,0.0,0.0
9.62737345981641e-37,1.0,0.0,0.0
9.34284157582212e-37,1.0,0.0,0.0
9.066718879790389e-37,1.0,0.0,0.0
8.798756842659386e-37,1.0,0.0,0.0
8.538714280511053e-37,1.0,0.0,0.0
8.286357137489295e-37,1.0,0.0,0.0
8.041458275133922e-37,1.0,0.0,0.0
7.803797267940692e-37,1.0,0.0,0.0
7.573160204963498e-37,1.0,0.0,0.0
7.3493394972800605e-37,1.0,0.0,0.0
7.132133691147905e-37,1.0,0.0,0.0
6.921347286682386e-37,1.0,0.0,0.0
6.716790561893602e-37,1.0,0.0,0.0
6.518279401923799e-37,1.0,0.0,0.0
6.325635133331572e-37,1.0,0.0,0.0
6.138684363273709e-37,1.0,0.0,0.0
5.957258823439933e-37,1.0,0.0,0.0
5.781195218600063e-37,1.0,0.0,0.0
5.6103350796272865e-37,1.0,0.0,0.0
5.4445246208652515e-37,1.0,0.0,0.0
5.2836146017105954e-37,1.0,0.0,0.0
5.127460192286333e-37,1.0,0.0,0.0
4.975920843085188e-37,1.0,0.0,0.0
4.8288601584655546e-37,1.0,0.0,0.0
4.686145773886215e-37,1.0,0.0,0.0
4.5476492367693145e-37,1.0,0.0,0.0
4.413245890884378e-37,1.0,0.0,0.0
4.282814764149285e-37,1.0,0.0,0.0
4.156238459747232e-37,1.0,0.0,0.0
4.033403050461681e-37,1.0,0.0,0.0
3.9141979761341635e-37,1.0,0.0,0.0
3.798515944152688e-37,1.0,0.0,0.0
3.686252832881141e-37,1.0,0.0,0.0
3.577307597942788e-37,1.0,0.0,0.0
3.4715821812735194e-37,1.0,0.0,0.0
3.3689814228629694e-37,1.0,0.0,0.0
3.2694129751040888e-37,1.0,0.0,0.0
3.172787219674063e-37,1.0,0.0,0.0
3.0790171868717744e-37,1.0,0.0,0.0
2.9880184773392025e-37,1.0,0.0,0.0
2.8997091860963047e-37,1.0,0.0,0.0
2.8140098288210063e-37,1.0,0.0,0.0
2.7308432703079477e-37,1.0,0.0,0.0
2.6501346550415916e-37,1.0,0.0,0.0
2.5718113398212096e-37,1.0,0.0,0.0
2.4958028283770965e-37,1.0,0.0,0.0
2.4220407079191713e-37,1.0,0.0,0.0
2.350458587560848e-37,1.0,0.0,0.0
2.280992038562758e-37,1.0,0.0,0.0
2.213578536342537e-37,1.0,0.0,0.0
2.148157404198477e-37,1.0,0.0,0.0
2.0846697586964055e-37,1.0,0.0,0.0
2.023058456670617e-37,1.0,0.0,0.0
1.963268043791168e-37,1.0,0.0,0.0
1.9052447046512386e-37,1.0,0.0,0.0
1.8489362143296321e-37,1.0,0.0,0.0
1.7942918913848243e-37,1.0,0.0,0.0
1.7412625522382426e-37,1.0,0.0,0.0
1.6898004669057286e-37,1.0,0.0,0.0
1.6398593160373287e-37,1.0,0.0,0.0
1.5913941492267554e-37,1.0,0.0,0.0
1.5443613445529857e-37,1.0,0.0,0.0
1.4987185693175899e-37,1.0,0.0,0.0
1.4544247419424447e-37,1.0,0.0,0.0
1.4114399949935418e-37,1.0,0.0,0.0
1.369725639297605e-37,1.0,0.0,0.0
1.3292441291192241e-37,1.0,0.0,0.0
1.2899590283671596e-37,1.0,0.0,0.0
1.2518349777993995e-37,1.0,0.0,0.0
1.2148376631974576e-37,1.0,0.0,0.0
1.1789337844812596e-37,1.0,0.0,0.0
1.1440910257368235e-37,1.0,0.0,0.0
1.1102780261297567e-37,1.0,0.0,0.0
1.077464351678388e-37,1.0,0.0,0.0
1.045620467861131e-37,1.0,0.0,0.0
1.01471771303342e-37,1.0,0.0,0.0
9.847282726302966e-38,1.0,0.0,0.0
9.556251541314236e-38,1.0,0.0,0.0
9.273821627659954e-38,1.0,0.0,0.0
8.999738779356757e-38,1.0,0.0,0.0
8.733756303343441e-38,1.0,0.0,0.0
8.475634797440553e-38,1.0,0.0,0.0
8.22514193487227e-38,1.0,0.0,0.0
7.982052255156627e-38,1.0,0.0,0.0
7.746146961175865e-38,1.0,0.0,0.0
7.517213722244252e-38,1.0,0.0,0.0
7.295046482996148e-38,1.0,0.0,0.0
7.079445277922257e-38,1.0,0.0,0.0
6.870216051387183e-38,1.0,0.0,0.0
6.667170482966251e-38,1.0,0.0,0.0
6.470125817944429e-38,1.0,0.0,0.0
6.278904702824737e-38,1.0,0.0,0.0
6.093335025698137e-38,1.0,0.0,0.0
5.913249761331198e-38,1.0,0.0,0.0
5.738486820832115e-38,1.0,0.0,0.0
5.568888905759763e-38,1.0,0.0,0.0
5.404303366544486e-38,1.0,0.0,0.0
5.244582065093185e-38,1.0,0.0,0.0
5.089581241455033e-38,1.0,0.0,0.0
4.939161384427818e-38,1.0,0.0,0.0
4.793187105988442e-38,1.0,0.0,0.0
4.651527019434572e-38,1.0,0.0,0.0
4.5140536211277295e-38,1.0,0.0,0.0
4.38064317573142e-38,1.0,0.0,0.0
4.251175604840972e-38,1.0,0.0,0.0
4.125534378904876e-38,1.0,0.0,0.0
4.0036064123403177e-38,1.0,0.0,0.0
3.885281961748522e-38,1.0,0.0,0.0
3.7704545271382915e-38,1.0,0.0,0.0
3.6590207560688227e-38,1.0,0.0,0.0
3.5508803506255374e-38,1.0,0.0,0.0
3.445935977145187e-38,1.0,0.0,0.0
3.344093178608989e-38,1.0,0.0,0.0
3.2452602896249346e-38,1.0,0.0,0.0
3.149348353922749e-38,1.0,0.0,0.0
3.056271044287246e-38,1.0,0.0,0.0
2.9659445848580065e-38,1.0,0.0,0.0
2.87828767572545e-38,1.0,0.0,0.0
2.793221419755432e-38,1.0,0.0,0.0
2.7106692515764926e-38,1.0,0.0,0.0
2.6305568686658623e-38,1.0,0.0,0.0
2.5528121644721714e-38,1.0,0.0,0.0
2.4773651635146895e-38,1.0,0.0,0.0
2.4041479584006687e-38,1.0,0.0,0.0
2.3330946487041095e-38,1.0,0.0,0.0
2.2641412816509285e-38,1.0,0.0,0.0
2.1972257945571443e-38,1.0,0.0,0.0
2.1322879589682758e-38,1.0,0.0,0.0
2.0692693264496665e-38,1.0,0.0,0.0
2.0081131759789497e-38,1.0,0.0,0.0
1.9487644628932995e-38,1.0,0.0,0.0
1.8911697693455202e-38,1.0,0.0,0.0
1.8352772562243776e-38,1.0,0.0,0.0
1.7810366164959015e-38,1.0,0.0,0.0
1.7283990299236589e-38,1.0,0.0,0.0
1.6773171191272472e-38,1.0,0.0,0.0
1.6277449069394537e-38,1.0,0.0,0.0
1.579637775023702e-38,1.0,0.0,0.0
1.532952423714539e-38,1.0,0.0,0.0
1.4876468330450118e-38,1.0,0.0,0.0
1.4436802249258637e-38,1.0,0.0,0.0
1.4010130264425e-38,1.0,0.0,0.0
1.3596068342366947e-38,1.0,0.0,0.0
1.319424379940977e-38,1.0,0.0,0.0
1.2804294966345844e-38,1.0,0.0,0.0
1.242587086290793e-38,1.0,0.0,0.0
1.205863088186326e-38,1.0,0.0,0.0
1.1702244482444025e-38,1.0,0.0,0.0
1.1356390892838383e-38,1.0,0.0,0.0
1.1020758821474183e-38,1.0,0.0,0.0
1.0695046176835535e-38,1.0,0.0,0.0
1.0378959795560059e-38,1.0,0.0,0.0
1.0072215178572071e-38,1.0,0.0,0.0
9.774536235014225e-39,1.0,0.0,0.0
9.485655033747097e-39,1.0,0.0,0.0
9.205311562193076e-39,1.0,0.0,0.0
8.933253492307506e-39,1.0,0.0,0.0
8.669235953466408e-39,1.0,0.0,0.0
8.413021312066398e-39,1.0,0.0,0.0
8.164378957638401e-39,1.0,0.0,0.0
7.923085095282666e-39,1.0,0.0,0.0
7.688922544238257e-39,1.0,0.0,0.0
7.461680542405704e-39,1.0,0.0,0.0
7.241154556646892e-39,1.0,0.0,0.0
7.027146098691438e-39,1.0,0.0,0.0
6.819462546483843e-39,1.0,0.0,0.0
6.617916970810647e-39,1.0,0.0,0.0
6.422327967051522e-39,1.0,0.0,0.0
6.232519491902866e-39,1.0,0.0,0.0
6.048320704926956e-39,1.0,0.0,0.0
5.8695658147840165e-39,1.0,0.0,0.0
5.6960939300088284e-39,1.0,0.0,0.0
5.5277489141975524e-39,1.0,0.0,0.0
5.364379245474427e-39,1.0,0.0,0.0
5.2058378801118534e-39,1.0,0.0,0.0
5.051982120181116e-39,1.0,0.0,0.0
4.9026734851146194e-39,1.0,0.0,0.0
4.757777587064029e-39,1.0,0.0,0.0
4.6171640099421386e-39,1.0,0.0,0.0
4.4807061920395895e-39,1.0,0.0,0.0
4.3482813121107893e-39,1.0,0.0,0.0
4.2197701788265054e-39,1.0,0.0,0.0
4.095057123493621e-39,1.0,0.0,0.0
3.9740298959455065e-39,1.0,0.0,0.0
3.856579563509294e-39,1.0,0.0,0.0
3.742600412959119e-39,1.0,0.0,0.0
3.631989855367083e-39,1.0,0.0,0.0
3.524648333766294e-39,1.0,0.0,0.0
3.4204792335428794e-39,1.0,0.0,0.0
3.3193887954763106e-39,1.0,0.0,0.0
3.2212860313497776e-39,1.0,0.0,0.0
3.126082642054654e-39,1.0,0.0,0.0
3.033692938115339e-39,1.0,0.0,0.0
2.944033762562946e-39,1.0,0.0,0.0
2.8570244160884187e-39,1.0,0.0,0.0
2.7725865844077074e-39,1.0,0.0,0.0
2.6906442677736273e-39,1.0,0.0,0.0
2.6111237125709554e-39,1.0,0.0,0.0
2.5339533449332022e-39,1.0,0.0,0.0
2.4590637063212994e-39,1.0,0.0,0.0
2.386387391006227e-39,1.0,0.0,0.0
2.3158589853993076e-39,1.0,0.0,0.0
2.2474150091755646e-39,1.0,0.0,0.0
2.180993858137142e-39,1.0,0.0,0.0
2.1165357487653705e-39,1.0,0.0,0.0
2.0539826644115658e-39,1.0,0.0,0.0
1.993278303078129e-39,1.0,0.0,0.0
1.934368026742949e-39,1.0,0.0,0.0
1.8771988121814955e-39,1.0,0.0,0.0
1.8217192032423374e-39,1.0,0.0,0.0
1.767879264533135e-39,1.0,0.0,0.0
1.7156305364754155e-39,1.0,0.0,0.0
1.6649259916876836e-39,1.0,0.0,0.0
1.615719992657602e-39,1.0,0.0,0.0
1.567968250665153e-39,1.0,0.0,0.0
1.521627785919798e-39,1.0,0.0,0.0
1.476656888875769e-39,1.0,0.0,0.0
1.4330150826906602e-39,1.0,0.0,0.0
1.390663086793538e-39,1.0,0.0,0.0
1.3495627815297775e-39,1.0,0.0,0.0
1.3096771738507995e-39,1.0,0.0,0.0
1.2709703640178306e-39,1.0,0.0,0.0
1.2334075132897155e-39,1.0,0.0,0.0
1.1969548125656982e-39,1.0,0.0,0.0
1.1615794519549503e-39,1.0,0.0,0.0
1.127249591245454e-39,1.0,0.0,0.0
1.093934331245664e-39,1.0,0.0,0.0
1.0616036859731477e-39,1.0,0.0,0.0
1.0302285556651789e-39,1.0,0.0,0.0
9.99780700586986e-40,1.0,0.0,0.0
9.702327156140866e-40,1.0,0.0,0.0
9.415580055658243e-40,1.0,0.0,0.0
9.137307612679117e-40,1.0,0.0,0.0
8.867259363224326e-40,1.0,0.0,0.0
8.605192245643915e-40,1.0,0.0,0.0
8.35087038184527e-40,1.0,0.0,0.0
8.1040648649869e-40,1.0,0.0,0.0
7.864553553446833e-40,1.0,0.0,0.0
7.632120870880172e-40,1.0,0.0,0.0
7.406557612185822e-40,1.0,0.0,0.0
7.187660755207796e-40,1.0,0.0,0.0
6.9752332780015575e-40,1.0,0.0,0.0
6.769083981500984e-40,1.0,0.0,0.0
6.569027317426297e-40,1.0,0.0,0.0
6.374883221278094e-40,1.0,0.0,0.0
6.18647695026714e-40,1.0,0.0,0.0
6.003638926034067e-40,1.0,0.0,0.0
5.826204582017407e-40,1.0,0.0,0.0
5.654014215332578e-40,1.0,0.0,0.0
5.486912843028511e-40,1.0,0.0,0.0
5.3247500625925326e-40,1.0,0.0,0.0
5.167379916577957e-40,1.0,0.0,0.0
5.014660761232525e-40,1.0,0.0,0.0
4.866455139009479e-40,1.0,0.0,0.0
4.722629654846485e-40,1.0,0.0,0.0
4.583054856101075e-40,1.0,0.0,0.0
4.447605116034537e-40,1.0,0.0,0.0
4.316158520739367e-40,1.0,0.0,0.0
4.1885967594085254e-40,1.0,0.0,0.0
4.064805017847727e-40,1.0,0.0,0.0
3.944671875134916e-40,1.0,0.0,0.0
3.8280892033339165e-40,1.0,0.0,0.0
3.714952070171995e-40,1.0,0.0,0.0
3.6051586445937292e-40,1.0,0.0,0.0
3.498610105106188e-40,1.0,0.0,0.0
3.3952105508329183e-40,1.0,0.0,0.0
3.2948669151966828e-40,1.0,0.0,0.0
3.197488882153261e-40,1.0,0.0,0.0
3.1029888049009124e-40,1.0,0.0,0.0
3.0112816269923405e-40,1.0,0.0,0.0
2.92228480577815e-40,1.0,0.0,0.0
2.835918238112892e-40,1.0,0.0,0.0
2.7521041882568255e-40,1.0,0.0,0.0
2.6707672179085052e-40,1.0,0.0,0.0
2.591834118305222e-40,1.0,0.0,0.0
2.5152338443301723e-40,1.0,0.0,0.0
2.440897450567058e-40,1.0,0.0,0.0
2.3687580292445627e-40,1.0,0.0,0.0
2.298750650014838e-40,1.0,0.0,0.0
2.2308123015118086e-40,1.0,0.0,0.0
2.164881834636693e-40,1.0,0.0,0.0
2.1008999075196846e-40,1.0,0.0,0.0
2.038808932108266e-40,1.0,0.0,0.0
1.9785530223340735e-40,1.0,0.0,0.0
1.9200779438116658e-40,1.0,0.0,0.0
1.8633310650239143e-40,1.0,0.0,0.0
1.8082613099500885e-40,1.0,0.0,0.0
1.7548191120939878e-40,1.0,0.0,0.0
1.7029563698707512e-40,1.0,0.0,0.0
1.6526264033121838e-40,1.0,0.0,0.0
1.6037839120516348e-40,1.0,0.0,0.0
1.5563849345506118e-40,1.0,0.0,0.0
1.5103868085304273e-40,1.0,0.0,0.0
1.4657481325732694e-40,1.0,0.0,0.0
1.422428728858132e-40,1.0,0.0,0.0
1.380389606998064e-40,1.0,0.0,0.0
1.3395929289461891e-40,1.0,0.0,0.0
1.3000019749389103e-40,1.0,0.0,0.0
1.261581110445645e-40,1.0,0.0,0.0
1.2242957540953417e-40,1.0,0.0,0.0
1.1881123465509126e-40,1.0,0.0,0.0
1.1529983203035654e-40,1.0,0.0,0.0
1.118922070359847e-40,1.0,0.0,0.0
1.0858529257950166e-40,1.0,0.0,0.0
1.0537611221471442e-40,1.0,0.0,0.0
1.0226177746270842e-40,1.0,0.0,0.0
9.92394852120218e-41,1.0,0.0,0.0
9.630651519565573e-41,1.0,0.0,0.0
9.34602275426506e-41,1.0,0.0,0.0
9.069806040202402e-41,1.0,0.0,0.0
8.801752763693195e-41,1.0,0.0,0.0
8.541621658697779e-41,1.0,0.0,0.0
8.289178589665528e-41,1.0,0.0,0.0
8.044196340797035e-41,1.0,0.0,0.0
7.806454411534576e-41,1.0,0.0,0.0
7.575738818096713e-41,1.0,0.0,0.0
7.351841900878458e-41,1.0,0.0,0.0
7.13456213754361e-41,1.0,0.0,0.0
6.92370396164105e-41,1.0,0.0,0.0
6.719077586581738e-41,1.0,0.0,0.0
6.520498834817977e-41,1.0,0.0,0.0
6.327788972071185e-41,1.0,0.0,0.0
6.140774546458985e-41,1.0,0.0,0.0
5.959287232376804e-41,1.0,0.0,0.0
5.783163678993468e-41,1.0,0.0,0.0
5.612245363224429e-41,1.0,0.0,0.0
5.446378447050294e-41,1.0,0.0,0.0
5.285413639052219e-41,1.0,0.0,0.0
5.12920606003956e-41,1.0,0.0,0.0
4.977615112648826e-41,1.0,0.0,0.0
4.830504354796556e-41,1.0,0.0,0.0
4.687741376872243e-41,1.0,0.0,0.0
4.549197682560744e-41,1.0,0.0,0.0
4.4147485731869245e-41,1.0,0.0,0.0
4.2842730354784357e-41,1.0,0.0,0.0
4.157653632645604e-41,1.0,0.0,0.0
4.034776398680389e-41,1.0,0.0,0.0
3.915530735779293e-41,1.0,0.0,0.0
3.7998093147978656e-41,1.0,0.0,0.0
3.687507978647237e-41,1.0,0.0,0.0
3.5785256485457017e-41,1.0,0.0,0.0
3.4727642330409986e-41,1.0,0.0,0.0
3.3701285397213815e-41,1.0,0.0,0.0
3.2705261895360243e-41,1.0,0.0,0.0
3.1738675336476407e-41,1.0,0.0,0.0
3.080065572742481e-41,1.0,0.0,0.0
2.989035878725076e-41,1.0,0.0,0.0
2.9006965187272567e-41,1.0,0.0,0.0
2.8149679813630397e-41,1.0,0.0,0.0
2.731773105163015e-41,1.0,0.0,0.0
2.651037009123817e-41,1.0,0.0,0.0
2.572687025310166e-41,1.0,0.0,0.0
2.496652633448824e-41,1.0,0.0,0.0
2.422865397455587e-41,1.0,0.0,0.0
2.3512589038381934e-41,1.0,0.0,0.0
2.2817687019196955e-41,1.0,0.0,0.0
2.2143322458285035e-41,1.0,0.0,0.0
2.1488888382028782e-41,1.0,0.0,0.0
2.0853795755592096e-41,1.0,0.0,0.0
2.0237472952749056e-41,1.0,0.0,0.0
1.9639365241381745e-41,1.0,0.0,0.0
1.9058934284183904e-41,1.0,0.0,0.0
1.8495657654121024e-41,1.0,0.0,0.0
1.7949028364210751e-41,1.0,0.0,0.0
1.7418554411200393e-41,1.0,0.0,0.0
1.6903758332730782e-41,1.0,0.0,0.0
1.6404176777587933e-41,1.0,0.0,0.0
1.5919360088655677e-41,1.0,0.0,0.0
1.5448871898193905e-41,1.0,0.0,0.0
1.4992288735078161e-41,1.0,0.0,0.0
1.4549199643647037e-41,1.0,0.0,0.0
1.411920581381436e-41,1.0,0.0,0.0
1.370192022211318e-41,1.0,0.0,0.0
1.3296967283348543e-41,1.0,0.0,0.0
1.2903982512545464e-41,1.0,0.0,0.0
1.252261219688785e-41,1.0,0.0,0.0
1.2152513077353088e-41,1.0,0.0,0.0
1.1793352039755772e-41,1.0,0.0,0.0
1.144480581492244e-41,1.0,0.0,0.0
1.110656068772751e-41,1.0,0.0,0.0
1.0778312214728491e-41,1.0,0.0,0.0
1.0459764950146335e-41,1.0,0.0,0.0
1.0150632179944302e-41,1.0,0.0,0.0
9.850635663765973e-42,1.0,0.0,0.0
9.559505384500156e-42,1.0,0.0,0.0
9.276979305247252e-42,1.0,0.0,0.0
9.002803133468374e-42,1.0,0.0,0.0
8.736730092104889e-42,1.0,0.0,0.0
8.478520697462415e-42,1.0,0.0,0.0
8.227942543659336e-42,1.0,0.0,0.0
7.984770093445818e-42,1.0,0.0,0.0
7.748784475205064e-42,1.0,0.0,0.0
7.519773285954092e-42,1.0,0.0,0.0
7.29753040016671e-42,1.0,0.0,0.0
7.081855784246633e-42,1.0,0.0,0.0
6.872555316483748e-42,1.0,0.0,0.0
6.669440612331472e-42,1.0,0.0,0.0
6.472328854847942e-42,1.0,0.0,0.0
6.281042630148438e-42,1.0,0.0,0.0
6.095409767720903e-42,1.0,0.0,0.0
5.915263185460876e-42,1.0,0.0,0.0
5.740440739286306e-42,1.0,0.0,0.0
5.570785077196944e-42,1.0,0.0,0.0
5.406143497646922e-42,1.0,0.0,0.0
5.24636781210306e-42,1.0,0.0,0.0
5.091314211665174e-42,1.0,0.0,0.0
4.94084313762837e-42,1.0,0.0,0.0
4.794819155870789e-42,1.0,0.0,0.0
4.653110834953752e-42,1.0,0.0,0.0
4.515590627824601e-42,1.0,0.0,0.0
4.3821347570157425e-42,1.0,0.0,0.0
4.252623103236569e-42,1.0,0.0,0.0
4.126939097257994e-42,1.0,0.0,0.0
4.004969614992277e-42,1.0,0.0,0.0
3.886604875673712e-42,1.0,0.0,0.0
3.7717383430485275e-42,1.0,0.0,0.0
3.660266629485069e-42,1.0,0.0,0.0
3.5520894029179515e-42,1.0,0.0,0.0
3.44710929654243e-42,1.0,0.0,0.0
3.345231821177705e-42,1.0,0.0,0.0
3.2463652802202826e-42,1.0,0.0,0.0
3.1504206871108405e-42,1.0,0.0,0.0
3.057311685240321e-42,1.0,0.0,0.0
2.9669544702231556e-42,1.0,0.0,0.0
2.879267714467659e-42,1.0,0.0,0.0
2.7941724939757098e-42,1.0,0.0,0.0
2.7115922173058266e-42,1.0,0.0,0.0
2.6314525566356987e-42,1.0,0.0,0.0
2.553681380862133e-42,1.0,0.0,0.0
2.47820869067819e-42,1.0,0.0,0.0
2.4049665555690847e-42,1.0,0.0,0.0
2.3338890526701397e-42,1.0,0.0,0.0
2.2649122074317554e-42,1.0,0.0,0.0
2.1979739360380008e-42,1.0,0.0,0.0
2.1330139895269858e-42,1.0,0.0,0.0
2.0699738995627327e-42,1.0,0.0,0.0
2.008796925809725e-42,1.0,0.0,0.0
1.9494280048627776e-42,1.0,0.0,0.0
1.891813700686256e-42,1.0,0.0,0.0
1.8359021565180364e-42,1.0,0.0,0.0
1.781643048194922e-42,1.0,0.0,0.0
1.728987538857498e-42,1.0,0.0,0.0
1.6778882349936635e-42,1.0,0.0,0.0
1.6282991437812712e-42,1.0,0.0,0.0
1.5801756316914836e-42,1.0,0.0,0.0
1.5334743843155852e-42,1.0,0.0,0.0
1.488153367379091e-42,1.0,0.0,0.0
1.4441717889080615e-42,1.0,0.0,0.0
1.401490062513576e-42,1.0,0.0,0.0
1.3600697717613083e-42,1.0,0.0,0.0
1.3198736355941436e-42,1.0,0.0,0.0
1.2808654747767117e-42,1.0,0.0,0.0
1.243010179331633e-42,1.0,0.0,0.0
1.20627367693817e-42,1.0,0.0,0.0
1.1706229022648375e-42,1.0,0.0,0.0
1.1360257672083743e-42,1.0,0.0,0.0
1.1024511320122842e-42,1.0,0.0,0.0
1.0698687772389528e-42,1.0,0.0,0.0
1.0382493765701154e-42,1.0,0.0,0.0
1.0075644704111904e-42,1.0,0.0,0.0
9.777864402757236e-43,1.0,0.0,0.0
9.488884839268872e-43,1.0,0.0,0.0
9.208445912536562e-43,1.0,0.0,0.0
8.93629520859955e-43,1.0,0.0,0.0
8.672187773456957e-43,1.0,0.0,0.0
8.415885892592661e-43,1.0,0.0,0.0
8.16715887701618e-43,1.0,0.0,0.0
7.925782855627018e-43,1.0,0.0,0.0
7.69154057371556e-43,1.0,0.0,0.0
7.464221197419178e-43,1.0,0.0,0.0
7.243620123957518e-43,1.0,0.0,0.0
7.029538797476195e-43,1.0,0.0,0.0
6.821784530333118e-43,1.0,0.0,0.0
6.620170329666617e-43,1.0,0.0,0.0
6.424514729089233e-43,1.0,0.0,0.0
6.234641625355737e-43,1.0,0.0,0.0
6.050380119858315e-43,1.0,0.0,0.0
5.871564364806291e-43,1.0,0.0,0.0
5.698033413951921e-43,1.0,0.0,0.0
5.529631077727907e-43,1.0,0.0,0.0
5.366205782666246e-43,1.0,0.0,0.0
5.207610434971881e-43,1.0,0.0,0.0
5.053702288128357e-43,1.0,0.0,0.0
4.90434281441632e-43,1.0,0.0,0.0
4.759397580229222e-43,1.0,0.0,0.0
4.618736125074006e-43,1.0,0.0,0.0
4.4822318441478505e-43,1.0,0.0,0.0
4.3497618743853075e-43,1.0,0.0,0.0
4.22120698387325e-43,1.0,0.0,0.0
4.096451464534104e-43,1.0,0.0,0.0
3.975383027980767e-43,1.0,0.0,0.0
3.857892704449487e-43,1.0,0.0,0.0
3.743874744719713e-43,1.0,0.0,0.0
3.633226524932667e-43,1.0,0.0,0.0
3.5258484542229396e-43,1.0,0.0,0.0
3.4216438850799932e-43,1.0,0.0,0.0
3.320519026358878e-43,1.0,0.0,0.0
3.2223828588618716e-43,1.0,0.0,0.0
3.12714705341506e-43,1.0,0.0,0.0
3.034725891366118e-43,1.0,0.0,0.0
2.9450361874317365e-43,1.0,0.0,0.0
2.8579972148252564e-43,1.0,0.0,0.0
2.773530632597109e-43,1.0,0.0,0.0
2.691560415122677e-43,1.0,0.0,0.0
2.6120127836740975e-43,1.0,0.0,0.0
2.534816140014433e-43,1.0,0.0,0.0
2.4599010019544213e-43,1.0,0.0,0.0
2.387199940813818e-43,1.0,0.0,0.0
2.316647520731034e-43,1.0,0.0,0.0
2.2481802397664425e-43,1.0,0.0,0.0
2.181736472746348e-43,1.0,0.0,0.0
2.117256415796172e-43,1.0,0.0,0.0
2.0546820325129284e-43,1.0,0.0,0.0
1.9939570017285438e-43,1.0,0.0,0.0
1.9350266668170063e-43,1.0,0.0,0.0
1.877837986499713e-43,1.0,0.0,0.0
1.8223394871047393e-43,1.0,0.0,0.0
1.7684812162370603e-43,1.0,0.0,0.0
1.716214697818023e-43,1.0,0.0,0.0
1.6654928884536063e-43,1.0,0.0,0.0
1.616270135092189e-43,1.0,0.0,0.0
1.568502133933724e-43,1.0,0.0,0.0
1.5221458905533268e-43,1.0,0.0,0.0
1.4771596812033923e-43,1.0,0.0,0.0
1.4335030152594059e-43,1.0,0.0,0.0
1.3911365987756484e-43,1.0,0.0,0.0
1.3500222991179937e-43,1.0,0.0,0.0
1.3101231106419634e-43,1.0,0.0,0.0
1.2714031213851505e-43,1.0,0.0,0.0
1.2338274807440283e-43,1.0,0.0,0.0
1.1973623681060564e-43,1.0,0.0,0.0
1.161974962408846e-43,1.0,0.0,0.0
1.1276334125989886e-43,1.0,0.0,0.0
1.0943068089639595e-43,1.0,0.0,0.0
1.0619651553112889e-43,1.0,0.0,0.0
1.0305793419699655e-43,1.0,0.0,0.0
1.000121119589767e-43,1.0,0.0,0.0
9.70563073714939e-44,1.0,0.0,0.0
9.418786001093345e-44,1.0,0.0,0.0
9.14041880810806e-44,1.0,0.0,0.0
8.870278608932964e-44,1.0,0.0,0.0
8.608122259157158e-44,1.0,0.0,0.0
8.353713800373024e-44,1.0,0.0,0.0
8.106824247797741e-44,1.0,0.0,0.0
7.867231384171522e-44,1.0,0.0,0.0
7.634719559747084e-44,1.0,0.0,0.0
7.409079498190324e-44,1.0,0.0,0.0
7.190108108217491e-44,1.0,0.0,0.0
6.977608300799325e-44,1.0,0.0,0.0
6.771388811767631e-44,1.0,0.0,0.0
6.571264029664617e-44,1.0,0.0,0.0
6.377053828680055e-44,1.0,0.0,0.0
6.188583406525896e-44,1.0,0.0,0.0
6.005683127102417e-44,1.0,0.0,0.0
5.828188367814275e-44,1.0,0.0,0.0
5.655939371399064e-44,1.0,0.0,0.0
5.488781102135005e-44,1.0,0.0,0.0
5.326563106298317e-44,1.0,0.0,0.0
5.169139376744729e-44,1.0,0.0,0.0
5.016368221493181e-44,1.0,0.0,0.0
4.868112136193488e-44,1.0,0.0,0.0
4.724237680363142e-44,1.0,0.0,0.0
4.584615357281871e-44,1.0,0.0,0.0
4.449119497435853e-44,1.0,0.0,0.0
4.317628145406668e-44,1.0,0.0,0.0
4.190022950103197e-44,1.0,0.0,0.0
4.0661890582376463e-44,1.0,0.0,0.0
3.946015010949842e-44,1.0,0.0,0.0
3.829392643486732e-44,1.0,0.0,0.0
3.7162169878468046e-44,1.0,0.0,0.0
3.6063861783018095e-44,1.0,0.0,0.0
3.4998013597107224e-44,1.0,0.0,0.0
3.3963665985434473e-44,1.0,0.0,0.0
3.295988796534168e-44,1.0,0.0,0.0
3.198577606886621e-44,1.0,0.0,0.0
3.1040453529558844e-44,1.0,0.0,0.0
3.01230694933348e-44,1.0,0.0,0.0
2.9232798252647633e-44,1.0,0.0,0.0
2.8368838503296703e-44,1.0,0.0,0.0
2.753041262319932e-44,1.0,0.0,0.0
2.67167659724784e-44,1.0,0.0,0.0
2.592716621423564e-44,1.0,0.0,0.0
2.5160902655398875e-44,1.0,0.0,0.0
2.4417285607050354e-44,1.0,0.0,0.0
2.369564576366017e-44,1.0,0.0,0.0
2.2995333600666123e-44,1.0,0.0,0.0
2.2315718789857744e-44,1.0,0.0,0.0
2.1656189632038402e-44,1.0,0.0,0.0
2.1016152506454722e-44,1.0,0.0,0.0
2.0395031336497855e-44,1.0,0.0,0.0
1.9792267071195636e-44,1.0,0.0,0.0
1.9207317182029e-44,1.0,0.0,0.0
1.8639655174619677e-44,1.0,0.0,0.0
1.8088770114849742e-44,1.0,0.0,0.0
1.7554166168986407e-44,1.0,0.0,0.0
1.7035362157398207e-44,1.0,0.0,0.0
1.6531891121460855e-44,1.0,0.0,0.0
1.6043299903262967e-44,1.0,0.0,0.0
1.5569148737733352e-44,1.0,0.0,0.0
1.5109010856822782e-44,1.0,0.0,0.0
1.466247210538393e-44,1.0,0.0,0.0
1.4229130568403794e-44,1.0,0.0,0.0
1.380859620925306e-44,1.0,0.0,0.0
1.3400490518626812e-44,1.0,0.0,0.0
1.3004446173860611e-44,1.0,0.0,0.0
1.2620106708315308e-44,1.0,0.0,0.0
1.2247126190533004e-44,1.0,0.0,0.0
1.1885168912875407e-44,1.0,0.0,0.0
1.153390908936428e-44,1.0,0.0,0.0
1.1193030562452097e-44,1.0,0.0,0.0
1.0862226518458888e-44,1.0,0.0,0.0
1.054119921141924e-44,1.0,0.0,0.0
1.0229659695090823e-44,1.0,0.0,0.0
9.927327562883276e-45,1.0,0.0,0.0
9.633930695473347e-45,1.0,0.0,0.0
9.349205015879142e-45,1.0,0.0,0.0
9.072894251773011e-45,1.0,0.0,0.0
8.804749704819167e-45,1.0,0.0,0.0
8.544530026828392e-45,1.0,0.0,0.0
8.29200100252838e-45,1.0,0.0,0.0
8.046935338754189e-45,1.0,0.0,0.0
7.809112459869046e-45,1.0,0.0,0.0
7.578318309231393e-45,1.0,0.0,0.0
7.354345156529456e-45,1.0,0.0,0.0
7.136991410809956e-45,1.0,0.0,0.0
6.926061439032632e-45,1.0,0.0,0.0
6.721365389987317e-45,1.0,0.0,0.0
6.522719023415019e-45,1.0,0.0,0.0
6.329943544179267e-45,1.0,0.0,0.0
6.142865441338415e-45,1.0,0.0,0.0
5.961316331974088e-45,1.0,0.0,0.0
5.785132809635186e-45,1.0,0.0,0.0
5.614156297261055e-45,1.0,0.0,0.0
5.448232904451428e-45,1.0,0.0,0.0
5.2872132889546787e-45,1.0,0.0,0.0
5.130952522249716e-45,1.0,0.0,0.0
4.9793099591005346e-45,1.0,0.0,0.0
4.8321491109660096e-45,1.0,0.0,0.0
4.689337523150997e-45,1.0,0.0,0.0
4.550746655588172e-45,1.0,0.0,0.0
4.416251767143291e-45,1.0,0.0,0.0
4.2857318033397516e-45,1.0,0.0,0.0
4.1590692874013956e-45,1.0,0.0,0.0
4.03615021451548e-45,1.0,0.0,0.0
3.9168639492206517e-45,1.0,0.0,0.0
3.801103125827568e-45,1.0,0.0,0.0
3.688763551782527e-45,1.0,0.0,0.0
3.5797441138871407e-45,1.0,0.0,0.0
3.4739466872896274e-45,1.0,0.0,0.0
3.371276047165827e-45,1.0,0.0,0.0
3.271639783010431e-45,1.0,0.0,0.0
3.174948215461292e-45,1.0,0.0,0.0
3.081114315581944e-45,1.0,0.0,0.0
2.9900536265296854e-45,1.0,0.0,0.0
2.901684187538724e-45,1.0,0.0,0.0
2.815926460149952e-45,1.0,0.0,0.0
2.732703256620968e-45,1.0,0.0,0.0
2.6519396704518985e-45,1.0,0.0,0.0
2.573563008964492e-45,1.0,0.0,0.0
2.4975027278738026e-45,1.0,0.0,0.0
2.4236903677935736e-45,1.0,0.0,0.0
2.3520594926181684e-45,1.0,0.0,0.0
2.2825456297255925e-45,1.0,0.0,0.0
2.2150862119477823e-45,1.0,0.0,0.0
2.1496205212559313e-45,1.0,0.0,0.0
2.0860896341101655e-45,1.0,0.0,0.0
2.0244363684243816e-45,1.0,0.0,0.0
1.9646052320985104e-45,1.0,0.0,0.0
1.9065423730718815e-45,1.0,0.0,0.0
1.8501955308527336e-45,1.0,0.0,0.0
1.7955139894802455e-45,1.0,0.0,0.0
1.742448531876749e-45,1.0,0.0,0.0
1.6909513955490356e-45,1.0,0.0,0.0
1.6409762295988912e-45,1.0,0.0,0.0
1.5924780530041584e-45,1.0,0.0,0.0
1.545413214132781e-45,1.0,0.0,0.0
1.49973935145339e-45,1.0,0.0,0.0
1.4554153554070636e-45,1.0,0.0,0.0
1.412401331405954e-45,1.0,0.0,0.0
1.3706585639254615e-45,1.0,0.0,0.0
1.330149481657653e-45,1.0,0.0,0.0
1.290837623694547e-45,1.0,0.0,0.0
1.2526876067108363e-45,1.0,0.0,0.0
1.2156650931165077e-45,1.0,0.0,0.0
1.1797367601506928e-45,1.0,0.0,0.0
1.1448702698889348e-45,1.0,0.0,0.0
1.1110342401368737e-45,1.0,0.0,0.0
1.0781982161841542e-45,1.0,0.0,0.0
1.0463326433931293e-45,1.0,0.0,0.0
1.0154088405976939e-45,1.0,0.0,0.0
9.853989742882978e-46,1.0,0.0,0.0
9.562760335599095e-46,1.0,0.0,0.0
9.280138058003792e-46,1.0,0.0,0.0
9.005868530973178e-46,1.0,0.0,0.0
8.739704893422595e-46,1.0,0.0,0.0
8.481407580114976e-46,1.0,0.0,0.0
8.230744106035974e-46,1.0,0.0,0.0
7.987488857141748e-46,1.0,0.0,0.0
7.751422887291101e-46,1.0,0.0,0.0
7.522333721179179e-46,1.0,0.0,0.0
7.300015163095351e-46,1.0,0.0,0.0
7.084267111333162e-46,1.0,0.0,0.0
6.874895378085281e-46,1.0,0.0,0.0
6.6717115146613785e-46,1.0,0.0,0.0
6.474532641871582e-46,1.0,0.0,0.0
6.283181285422865e-46,1.0,0.0,0.0
6.097485216180204e-46,1.0,0.0,0.0
5.917277295148733e-46,1.0,0.0,0.0
5.7423953230373675e-46,1.0,0.0,0.0
5.5726818942685024e-46,1.0,0.0,0.0
5.4079842553023576e-46,1.0,0.0,0.0
5.248154167148493e-46,1.0,0.0,0.0
5.093047771940705e-46,1.0,0.0,0.0
4.942525463455246e-46,1.0,0.0,0.0
4.7964517614557924e-46,1.0,0.0,0.0
4.654695189752094e-46,1.0,0.0,0.0
4.517128157862529e-46,1.0,0.0,0.0
4.383626846174056e-46,1.0,0.0,0.0
4.254071094496211e-46,1.0,0.0,0.0
4.128344293908822e-46,1.0,0.0,0.0
4.006333281806114e-46,1.0,0.0,0.0
3.887928240042723e-46,1.0,0.0,0.0
3.7730225960899586e-46,1.0,0.0,0.0
3.66151292711333e-46,1.0,0.0,0.0
3.553298866885021e-46,1.0,0.0,0.0
3.448283015447504e-46,1.0,0.0,0.0
3.3463708514470125e-46,1.0,0.0,0.0
3.247470647057938e-46,1.0,0.0,0.0
3.1514933854215987e-46,1.0,0.0,0.0
3.0583526805250578e-46,1.0,0.0,0.0
2.967964699447883e-46,1.0,0.0,0.0
2.880248086906859e-46,1.0,0.0,0.0
2.7951238920307435e-46,1.0,0.0,0.0
2.7125154972991525e-46,1.0,0.0,0.0
2.6323485495816227e-46,1.0,0.0,0.0
2.554550893214776e-46,1.0,0.0,0.0
2.4790525050573524e-46,1.0,0.0,0.0
2.4057854314646573e-46,1.0,0.0,0.0
2.334683727125693e-46,1.0,0.0,0.0
2.265683395707932e-46,1.0,0.0,0.0
2.1987223322562968e-46,1.0,0.0,0.0
2.133740267294507e-46,1.0,0.0,0.0
2.0706787125784853e-46,1.0,0.0,0.0
2.009480908452991e-46,1.0,0.0,0.0
1.950091772764098e-46,1.0,0.0,0.0
1.8924578512815387e-46,1.0,0.0,0.0
1.8365272695862908e-46,1.0,0.0,0.0
1.782249686380098e-46,1.0,0.0,0.0
1.7295762481749044e-46,1.0,0.0,0.0
1.6784595453214176e-46,1.0,0.0,0.0
1.6288535693372252e-46,1.0,0.0,0.0
1.5807136714960564e-46,1.0,0.0,0.0
1.5339965226409126e-46,1.0,0.0,0.0
1.4886600741849045e-46,1.0,0.0,0.0
1.4446635202646841e-46,1.0,0.0,0.0
1.4019672610124153e-46,1.0,0.0,0.0
1.360532866913219e-46,1.0,0.0,0.0
1.3203230442160165e-46,1.0,0.0,0.0
1.281301601366637e-46,1.0,0.0,0.0
1.243433416432976e-46,1.0,0.0,0.0
1.2066844054928854e-46,1.0,0.0,0.0
1.1710214919563445e-46,1.0,0.0,0.0
1.136412576794296e-46,1.0,0.0,0.0
1.1028265096473534e-46,1.0,0.0,0.0
1.0702330607883754e-46,1.0,0.0,0.0
1.038602893913671e-46,1.0,0.0,0.0
1.0079075397383473e-46,1.0,0.0,0.0
9.781193703720297e-47,1.0,0.0,0.0
9.492115744518982e-47,1.0,0.0,0.0
9.211581330106503e-47,1.0,0.0,0.0
8.93933796057674e-47,1.0,0.0,0.0
8.675140598523532e-47,1.0,0.0,0.0
8.418751448490463e-47,1.0,0.0,0.0
8.169939742938913e-47,1.0,0.0,0.0
7.9284815345416905e-47,1.0,0.0,0.0
7.69415949461533e-47,1.0,0.0,0.0
7.466762717509605e-47,1.0,0.0,0.0
7.246086530778208e-47,1.0,0.0,0.0
7.031932310959745e-47,1.0,0.0,0.0
6.8241073048032e-47,1.0,0.0,0.0
6.622424455777016e-47,1.0,0.0,0.0
6.42670223570558e-47,1.0,0.0,0.0
6.23676448138162e-47,1.0,0.0,0.0
6.052440236007428e-47,1.0,0.0,0.0
5.873563595322204e-47,1.0,0.0,0.0
5.699973558277025e-47,1.0,0.0,0.0
5.531513882123034e-47,1.0,0.0,0.0
5.368032941782422e-47,1.0,0.0,0.0
5.209383593375625e-47,1.0,0.0,0.0
5.055423041781902e-47,1.0,0.0,0.0
4.906012712114086e-47,1.0,0.0,0.0
4.761018124991839e-47,1.0,0.0,0.0
4.620308775501129e-47,1.0,0.0,0.0
4.483758015731003e-47,1.0,0.0,0.0
4.3512429407819137e-47,1.0,0.0,0.0
4.2226442781430243e-47,1.0,0.0,0.0
4.0978462803388905e-47,1.0,0.0,0.0
3.976736620748927e-47,1.0,0.0,0.0
3.859206292505864e-47,1.0,0.0,0.0
3.745149510382212e-47,1.0,0.0,0.0
3.6344636155764167e-47,1.0,0.0,0.0
3.5270489833130103e-47,1.0,0.0,0.0
3.422808933173589e-47,1.0,0.0,0.0
3.3216496420779113e-47,1.0,0.0,0.0
3.2234800598367954e-47,1.0,0.0,0.0
3.1282118272008006e-47,1.0,0.0,0.0
3.0357591963309436e-47,1.0,0.0,0.0
2.9460389536198537e-47,1.0,0.0,0.0
2.858970344793911e-47,1.0,0.0,0.0
2.774475002228948e-47,1.0,0.0,0.0
2.692476874414104e-47,1.0,0.0,0.0
2.612902157500327e-47,1.0,0.0,0.0
2.5356792288719315e-47,1.0,0.0,0.0
2.46073858268141e-47,1.0,0.0,0.0
2.388012767289479e-47,1.0,0.0,0.0
2.317436324554053e-47,1.0,0.0,0.0
2.2489457309134967e-47,1.0,0.0,0.0
2.1824793402111321e-47,1.0,0.0,0.0
2.1179773282095399e-47,1.0,0.0,0.0
2.0553816387447057e-47,1.0,0.0,0.0
1.9946359314715556e-47,1.0,0.0,0.0
1.9356855311538423e-47,1.0,0.0,0.0
1.8784773784527427e-47,1.0,0.0,0.0
1.8229599821698727e-47,1.0,0.0,0.0
1.7690833729017324e-47,1.0,0.0,0.0
1.7167990580638722e-47,1.0,0.0,0.0
1.6660599782442916e-47,1.0,0.0,0.0
1.616820464846795e-47,1.0,0.0,0.0
1.5690361989861713e-47,1.0,0.0,0.0
1.5226641715982062e-47,1.0,0.0,0.0
1.477662644728623e-47,1.0,0.0,0.0
1.4339911139661053e-47,1.0,0.0,0.0
1.391610271985594e-47,1.0,0.0,0.0
1.3504819731690424e-47,1.0,0.0,0.0
1.3105691992717847e-47,1.0,0.0,0.0
1.2718360261036172e-47,1.0,0.0,0.0
1.2342475911946037e-47,1.0,0.0,0.0
1.1977700624164992e-47,1.0,0.0,0.0
1.1623706075315502e-47,1.0,0.0,0.0
1.128017364641267e-47,1.0,0.0,0.0
1.0946794135085629e-47,1.0,0.0,0.0
1.0623267477274542e-47,1.0,0.0,0.0
1.0309302477152708e-47,1.0,0.0,0.0
1.0004616545030656e-47,1.0,0.0,0.0
9.708935443006356e-48,1.0,0.0,0.0
9.421993038132596e-48,1.0,0.0,0.0
9.143531062879371e-48,1.0,0.0,0.0
8.873298882675677e-48,1.0,0.0,0.0
8.611053270321476e-48,1.0,0.0,0.0
8.356558187066808e-48,1.0,0.0,0.0
8.10958457016098e-48,1.0,0.0,0.0
7.869910126680637e-48,1.0,0.0,0.0
7.637319133451121e-48,1.0,0.0,0.0
7.411602242881061e-48,1.0,0.0,0.0
7.192556294535408e-48,1.0,0.0,0.0
6.979984132277336e-48,1.0,0.0,0.0
6.77369442681441e-48,1.0,0.0,0.0
6.57350150348931e-48,1.0,0.0,0.0
6.379225175160111e-48,1.0,0.0,0.0
6.190690580019692e-48,1.0,0.0,0.0
6.007728024208307e-48,1.0,0.0,0.0
5.830172829077662e-48,1.0,0.0,0.0
5.65786518296902e-48,1.0,0.0,0.0
5.490649997371911e-48,1.0,0.0,0.0
5.328376767334021e-48,1.0,0.0,0.0
5.1708994359965634e-48,1.0,0.0,0.0
5.018076263133259e-48,1.0,0.0,0.0
4.8697696975745614e-48,1.0,0.0,0.0
4.7258462534023214e-48,1.0,0.0,0.0
4.586176389803453e-48,1.0,0.0,0.0
4.45063439447446e-48,1.0,0.0,0.0
4.3190982704718754e-48,1.0,0.0,0.0
4.1914496264067806e-48,1.0,0.0,0.0
4.0675735698845657e-48,1.0,0.0,0.0
3.947358604094021e-48,1.0,0.0,0.0
3.830696527452677e-48,1.0,0.0,0.0
3.7174823362180845e-48,1.0,0.0,0.0
3.607614129977356e-48,1.0,0.0,0.0
3.5009930199299174e-48,1.0,0.0,0.0
3.397523039880913e-48,1.0,0.0,0.0
3.297111059865155e-48,1.0,0.0,0.0
3.199666702323868e-48,1.0,0.0,0.0
3.105102260758789e-48,1.0,0.0,0.0
3.0133326207903947e-48,1.0,0.0,0.0
2.924275183549221e-48,1.0,0.0,0.0
2.8378497913313026e-48,1.0,0.0,0.0
2.753978655450832e-48,1.0,0.0,0.0
2.6725862862250904e-48,1.0,0.0,0.0
2.5935994250286383e-48,1.0,0.0,0.0
2.5169469783556102e-48,1.0,0.0,0.0
2.44255995383076e-48,1.0,0.0,0.0
2.370371398111667e-48,1.0,0.0,0.0
2.3003163366262103e-48,1.0,0.0,0.0
2.2323317150910674e-48,1.0,0.0,0.0
2.166356342758604e-48,1.0,0.0,0.0
2.1023308373410716e-48,1.0,0.0,0.0
2.0401975715625406e-48,1.0,0.0,0.0
1.9799006212904638e-48,1.0,0.0,0.0
1.9213857152001806e-48,1.0,0.0,0.0
1.8646001859270647e-48,1.0,0.0,0.0
1.8094929226623396e-48,1.0,0.0,0.0
1.7560143251499018e-48,1.0,0.0,0.0
1.7041162590427424e-48,1.0,0.0,0.0
1.6537520125787873e-48,1.0,0.0,0.0
1.604876254537158e-48,1.0,0.0,0.0
1.5574449934370132e-48,1.0,0.0,0.0
1.5114155379422472e-48,1.0,0.0,0.0
1.4667464584364075e-48,1.0,0.0,0.0
1.423397549733242e-48,1.0,0.0,0.0
1.381329794889318e-48,1.0,0.0,0.0
1.3405053300861421e-48,1.0,0.0,0.0
1.3008874105501662e-48,1.0,0.0,0.0
1.2624403774800115e-48,1.0,0.0,0.0
1.2251296259511411e-48,1.0,0.0,0.0
1.188921573769093e-48,1.0,0.0,0.0
1.1537836312432374e-48,1.0,0.0,0.0
1.1196841718538568e-48,1.0,0.0,0.0
1.0865925037861428e-48,1.0,0.0,0.0
1.0544788423054922e-48,1.0,0.0,0.0
1.0233142829492354e-48,1.0,0.0,0.0
9.930707755106693e-49,1.0,0.0,0.0
9.63721098791978e-49,1.0,0.0,0.0
9.352388361033175e-49,1.0,0.0,0.0
9.075983514860127e-49,1.0,0.0,0.0
8.807747666384635e-49,1.0,0.0,0.0
8.547439385239954e-49,1.0,0.0,0.0
8.29482437640496e-49,1.0,0.0,0.0
8.049675269322822e-49,1.0,0.0,0.0
7.811771413252161e-49,1.0,0.0,0.0
7.580898678666485e-49,1.0,0.0,0.0
7.356849264523166e-49,1.0,0.0,0.0
7.13942151122848e-49,1.0,0.0,0.0
6.928419719130354e-49,1.0,0.0,0.0
6.723653972375481e-49,1.0,0.0,0.0
6.524939967972232e-49,1.0,0.0,0.0
6.3320988499055204e-49,1.0,0.0,0.0
6.1449570481543234e-49,1.0,0.0,0.0
5.963346122466947e-49,1.0,0.0,0.0
5.787102610753429e-49,1.0,0.0,0.0
5.61606788195863e-49,1.0,0.0,0.0
5.450087993283575e-49,1.0,0.0,0.0
5.289013551626545e-49,1.0,0.0,0.0
5.132699579119206e-49,1.0,0.0,0.0
4.981005382636739e-49,1.0,0.0,0.0
4.833794427164533e-49,1.0,0.0,0.0
4.6909342129074615e-49,1.0,0.0,0.0
4.552296156031117e-49,1.0,0.0,0.0
4.417755472927691e-49,1.0,0.0,0.0
4.287191067902296e-49,1.0,0.0,0.0
4.160485424178677e-49,1.0,0.0,0.0
4.037524498126171e-49,1.0,0.0,0.0
3.918197616612753e-49,1.0,0.0,0.0
3.8023973773917415e-49,1.0,0.0,0.0
3.6900195524325284e-49,1.0,0.0,0.0
3.580962994108321e-49,1.0,0.0,0.0
3.475129544156448e-49,1.0,0.0,0.0
3.372423945329298e-49,1.0,0.0,0.0
3.2727537556563714e-49,1.0,0.0,0.0
3.1760292652402646e-49,1.0,0.0,0.0
3.082163415511709e-49,1.0,0.0,0.0
2.9910717208709835e-49,1.0,0.0,0.0
2.9026721926451723e-49,1.0,0.0,0.0
2.8168852652928273e-49,1.0,0.0,0.0
2.7336337247896078e-49,1.0,0.0,0.0
2.6528426391304516e-49,1.0,0.0,0.0
2.5744392908857097e-49,1.0,0.0,0.0
2.4983531117505545e-49,1.0,0.0,0.0
2.42451561902874e-49,1.0,0.0,0.0
2.3528603539935575e-49,1.0,0.0,0.0
2.2833228220704916e-49,1.0,0.0,0.0
2.2158404347877544e-49,1.0,0.0,0.0
2.1503524534424345e-49,1.0,0.0,0.0
2.0867999344315655e-49,1.0,0.0,0.0
2.0251256761989056e-49,1.0,0.0,0.0
1.9652741677496765e-49,1.0,0.0,0.0
1.907191538686922e-49,1.0,0.0,0.0
1.850825510724514e-49,1.0,0.0,0.0
1.796125350633167e-49,1.0,0.0,0.0
1.74304182457711e-49,1.0,0.0,0.0
1.6915271538003072e-49,1.0,0.0,0.0
1.6415349716223573e-49,1.0,0.0,0.0
1.5930202817053497e-49,1.0,0.0,0.0
1.5459394175541234e-49,1.0,0.0,0.0
1.5002500032134752e-49,1.0,0.0,0.0
1.45591091512694e-49,1.0,0.0,0.0
1.4128822451228144e-49,1.0,0.0,0.0
1.371125264494108e-49,1.0,0.0,0.0
1.3306023891400945e-49,1.0,0.0,0.0
1.2912771457380843e-49,1.0,0.0,0.0
1.2531141389149716e-49,1.0,0.0,0.0
1.2160790193890114e-49,1.0,0.0,0.0
1.1801384530531459e-49,1.0,0.0,0.0
1.1452600909720594e-49,1.0,0.0,0.0
1.1114125402659538e-49,1.0,0.0,0.0
1.0785653358548369e-49,1.0,0.0,0.0
1.0466889130378951e-49,1.0,0.0,0.0
1.0157545808832674e-49,1.0,0.0,0.0
9.8573449640427e-50,1.0,0.0,0.0
9.566016394988292e-50,1.0,0.0,0.0
9.283297886295666e-50,1.0,0.0,0.0
9.008934972226444e-50,1.0,0.0,0.0
8.742680707641333e-50,1.0,0.0,0.0
8.484295445732821e-50,1.0,0.0,0.0
8.233546622326881e-50,1.0,0.0,0.0
7.99020854655952e-50,1.0,0.0,0.0
7.754062197739765e-50,1.0,0.0,0.0
7.524895028216264e-50,1.0,0.0,0.0
7.302500772070054e-50,1.0,0.0,0.0
7.086679259461311e-50,1.0,0.0,0.0
6.877236236462987e-50,1.0,0.0,0.0
6.673983190219164e-50,1.0,0.0,0.0
6.476737179270764e-50,1.0,0.0,0.0
6.285320668895886e-50,1.0,0.0,0.0
6.099561371316575e-50,1.0,0.0,0.0
5.919292090628196e-50,1.0,0.0,0.0
5.744350572311833e-50,1.0,0.0,0.0
5.574579357194276e-50,1.0,0.0,0.0
5.4098256397241305e-50,1.0,0.0,0.0
5.24994113043652e-50,1.0,0.0,0.0
5.094781922482547e-50,1.0,0.0,0.0
4.944208362103426e-50,1.0,0.0,0.0
4.798084922932672e-50,1.0,0.0,0.0
4.656280084013225e-50,1.0,0.0,0.0
4.518666211419709e-50,1.0,0.0,0.0
4.38511944337929e-50,1.0,0.0,0.0
4.255519578787718e-50,1.0,0.0,0.0
4.129749969020222e-50,1.0,0.0,0.0
4.007697412939875e-50,1.0,0.0,0.0
3.889252055008931e-50,1.0,0.0,0.0
3.7743072864114265e-50,1.0,0.0,0.0
3.662759649098051e-50,1.0,0.0,0.0
3.554508742666921e-50,1.0,0.0,0.0
3.449457133996441e-50,1.0,0.0,0.0
3.3475102695489214e-50,1.0,0.0,0.0
3.248576390266009e-50,1.0,0.0,0.0
3.152566448979346e-50,1.0,0.0,0.0
3.0593940302621033e-50,1.0,0.0,0.0
2.968975272649271e-50,1.0,0.0,0.0
2.8812287931566733e-50,1.0,0.0,0.0
2.796075614030796e-50,1.0,0.0,0.0
2.7134390916634744e-50,1.0,0.0,0.0
2.6332448476074757e-50,1.0,0.0,0.0
2.5554207016308745e-50,1.0,0.0,0.0
2.4798966067499733e-50,1.0,0.0,0.0
2.4066045861822915e-50,1.0,0.0,0.0
2.3354786721628718e-50,1.0,0.0,0.0
2.2664548465688395e-50,1.0,0.0,0.0
2.1994709832987715e-50,1.0,0.0,0.0
2.1344667923550138e-50,1.0,0.0,0.0
2.0713837655786118e-50,1.0,0.0,0.0
2.0101651239880209e-50,1.0,0.0,0.0
1.9507557666741897e-50,1.0,0.0,0.0
1.8931022212060246e-50,1.0,0.0,0.0
1.837152595501591e-50,1.0,0.0,0.0
1.7828565311217394e-50,1.0,0.0,0.0
1.7301651579441098e-50,1.0,0.0,0.0
1.6790310501767246e-50,1.0,0.0,0.0
1.6294081836715747e-50,1.0,0.0,0.0
1.5812518944997795e-50,1.0,0.0,0.0
1.5345188387510372e-50,1.0,0.0,0.0
1.4891669535211805e-50,1.0,0.0,0.0
1.4451554190527232e-50,1.0,0.0,0.0
1.4024446219943251e-50,1.0,0.0,0.0
1.3609961197460998e-50,1.0,0.0,0.0
1.3207726058586828e-50,1.0,0.0,0.0
1.2817378764549079e-50,1.0,0.0,0.0
1.2438567976438745e-50,1.0,0.0,0.0
1.2070952738980755e-50,1.0,0.0,0.0
1.1714202173651202e-50,1.0,0.0,0.0
1.1367995180864353e-50,1.0,0.0,0.0
1.1032020150961334e-50,1.0,0.0,0.0
1.0705974683740426e-50,1.0,0.0,0.0
1.0389565316276466e-50,1.0,0.0,0.0
1.0082507258784403e-50,1.0,0.0,0.0
9.784524138289279e-51,1.0,0.0,0.0
9.495347749871898e-51,1.0,0.0,0.0
9.214717815266296e-51,1.0,0.0,0.0
8.942381748591735e-51,1.0,0.0,0.0
8.678094429008365e-51,1.0,0.0,0.0
8.421617980091924e-51,1.0,0.0,0.0
8.172721555728904e-51,1.0,0.0,0.0
7.931181132339466e-51,1.0,0.0,0.0
7.696779307241102e-51,1.0,0.0,0.0
7.469305102971548e-51,1.0,0.0,0.0
7.248553777394823e-51,1.0,0.0,0.0
7.034326639419496e-51,1.0,0.0,0.0
6.826430870163297e-51,1.0,0.0,0.0
6.624679349403098e-51,1.0,0.0,0.0
6.428890487154093e-51,1.0,0.0,0.0
6.238888060226551e-51,1.0,0.0,0.0
6.054501053613058e-51,1.0,0.0,0.0
5.875563506563461e-51,1.0,0.0,0.0
5.701914363208999e-51,1.0,0.0,0.0
5.533397327601148e-51,1.0,0.0,0.0
5.36986072303472e-51,1.0,0.0,0.0
5.21115735552859e-51,1.0,0.0,0.0
5.057144381341181e-51,1.0,0.0,0.0
4.907683178401455e-51,1.0,0.0,0.0
4.7626392215396973e-51,1.0,0.0,0.0
4.621881961405776e-51,1.0,0.0,0.0
4.485284706965925e-51,1.0,0.0,0.0
4.35272451147226e-51,1.0,0.0,0.0
4.224082061802405e-51,1.0,0.0,0.0
4.099241571069635e-51,1.0,0.0,0.0
3.97809067440686e-51,1.0,0.0,0.0
3.860520327830663e-51,1.0,0.0,0.0
3.746424710094353e-51,1.0,0.0,0.0
3.6357011274417034e-51,1.0,0.0,0.0
3.5282499211756403e-51,1.0,0.0,0.0
3.42397437795869e-51,1.0,0.0,0.0
3.3227806427644453e-51,1.0,0.0,0.0
3.22457763440171e-51,1.0,0.0,0.0
3.12927696353528e-51,1.0,0.0,0.0
3.036792853129574e-51,1.0,0.0,0.0
2.947042061243515e-51,1.0,0.0,0.0
2.859943806107163e-51,1.0,0.0,0.0
2.7754196934126726e-51,1.0,0.0,0.0
2.6933936457541226e-51,1.0,0.0,0.0
2.6137918341527174e-51,1.0,0.0,0.0
2.5365426116057252e-51,1.0,0.0,0.0
2.4615764485993372e-51,1.0,0.0,0.0
2.3888258705274132e-51,1.0,0.0,0.0
2.318225396959784e-51,1.0,0.0,0.0
2.249711482705443e-51,1.0,0.0,0.0
2.183222460617588e-51,1.0,0.0,0.0
2.1186984860890237e-51,1.0,0.0,0.0
2.0560814831879795e-51,1.0,0.0,0.0
1.9953150923858505e-51,1.0,0.0,0.0
1.936344619829817e-51,1.0,0.0,0.0
1.8791169881146876e-51,1.0,0.0,0.0
1.8235806885096503e-51,1.0,0.0,0.0
1.76968573459694e-51,1.0,0.0,0.0
1.7173836172806882e-51,1.0,0.0,0.0
1.6666272611254632e-51,1.0,0.0,0.0
1.617370981985201e-51,1.0,0.0,0.0
1.5695704458843902e-51,1.0,0.0,0.0
1.5231826291145025e-51,1.0,0.0,0.0
1.4781657795097513e-51,1.0,0.0,0.0
1.4344793788673255e-51,1.0,0.0,0.0
1.3920841064782702e-51,1.0,0.0,0.0
1.3509418037361968e-51,1.0,0.0,0.0
1.3110154397919613e-51,1.0,0.0,0.0
1.272269078223401e-51,1.0,0.0,0.0
1.2346678446901289e-51,1.0,0.0,0.0
1.1981778955442743e-51,1.0,0.0,0.0
1.162766387368915e-51,1.0,0.0,0.0
1.128401447416786e-51,1.0,0.0,0.0
1.0950521449226554e-51,1.0,0.0,0.0
1.0626884632635487e-51,1.0,0.0,0.0
1.031281272941762e-51,1.0,0.0,0.0
1.0008023053663475e-51,1.0,0.0,0.0
9.712241274094756e-52,1.0,0.0,0.0
9.425201167147666e-52,1.0,0.0,0.0
9.146644377353739e-52,1.0,0.0,0.0
8.876320184802485e-52,1.0,0.0,0.0
8.613985279476547e-52,1.0,0.0,0.0
8.35940354225626e-52,1.0,0.0,0.0
8.112345832396518e-52,1.0,0.0,0.0
7.872589781284626e-52,1.0,0.0,0.0
7.639919592293556e-52,1.0,0.0,0.0
7.414125846550402e-52,1.0,0.0,0.0
7.195005314445275e-52,1.0,0.0,0.0
6.982360772710931e-52,1.0,0.0,0.0
6.776000826908522e-52,1.0,0.0,0.0
6.575739739159682e-52,1.0,0.0,0.0
6.381397260969903e-52,1.0,0.0,0.0
6.192798470992726e-52,1.0,0.0,0.0
6.0097736175887194e-52,1.0,0.0,0.0
5.832157966037554e-52,1.0,0.0,0.0
5.659791650265628e-52,1.0,0.0,0.0
5.492519528955821e-52,1.0,0.0,0.0
5.33019104590983e-52,1.0,0.0,0.0
5.172660094537435e-52,1.0,0.0,0.0
5.019784886350708e-52,1.0,0.0,0.0
4.871427823344796e-52,1.0,0.0,0.0
4.727455374150441e-52,1.0,0.0,0.0
4.587737953846731e-52,1.0,0.0,0.0
4.4521498073259245e-52,1.0,0.0,0.0
4.320568896105367e-52,1.0,0.0,0.0
4.1928767884846204e-52,1.0,0.0,0.0
4.0689585529489435e-52,1.0,0.0,0.0
3.948702654723165e-52,1.0,0.0,0.0
3.832000855382864e-52,1.0,0.0,0.0
3.7187481154324796e-52,1.0,0.0,0.0
3.608842499762679e-52,1.0,0.0,0.0
3.5021850859018775e-52,1.0,0.0,0.0
3.3986798749793374e-52,1.0,0.0,0.0
3.2982337053197063e-52,1.0,0.0,0.0
3.200756168591223e-52,1.0,0.0,0.0
3.1061595284321142e-52,1.0,0.0,0.0
3.014358641481951e-52,1.0,0.0,0.0
2.9252708807468773e-52,1.0,0.0,0.0
2.838816061229736e-52,1.0,0.0,0.0
2.7549163677581636e-52,1.0,0.0,0.0
2.6734962849456825e-52,1.0,0.0,0.0
2.5944825292227548e-52,1.0,0.0,0.0
2.5178039828766264e-52,1.0,0.0,0.0
2.4433916300405836e-52,1.0,0.0,0.0
2.3711784945750166e-52,1.0,0.0,0.0
2.3010995797843732e-52,1.0,0.0,0.0
2.233091809915747e-52,1.0,0.0,0.0
2.1670939733864407e-52,1.0,0.0,0.0
2.1030466676894127e-52,1.0,0.0,0.0
2.040892245927011e-52,1.0,0.0,0.0
1.9805747649248744e-52,1.0,0.0,0.0
1.922039934879301e-52,1.0,0.0,0.0
1.865235070492758e-52,1.0,0.0,0.0
1.8101090435535636e-52,1.0,0.0,0.0
1.75661223691704e-52,1.0,0.0,0.0
1.7046964998467385e-52,1.0,0.0,0.0
1.654315104675525e-52,1.0,0.0,0.0
1.605422704747527e-52,1.0,0.0,0.0
1.5579752936030824e-52,1.0,0.0,0.0
1.5119301653699562e-52,1.0,0.0,0.0
1.4672458763251729e-52,1.0,0.0,0.0
1.4238822075928689e-52,1.0,0.0,0.0
1.3818001289445899e-52,1.0,0.0,0.0
1.3409617636694512e-52,1.0,0.0,0.0
1.301330354482542e-52,1.0,0.0,0.0
1.2628702304408871e-52,1.0,0.0,0.0
1.225546774837192e-52,1.0,0.0,0.0
1.18932639404247e-52,1.0,0.0,0.0
1.1541764872695076e-52,1.0,0.0,0.0
1.1200654172299574e-52,1.0,0.0,0.0
1.0869624816586424e-52,1.0,0.0,0.0
1.0548378856794459e-52,1.0,0.0,0.0
1.0236627149879113e-52,1.0,0.0,0.0
9.934089098264179e-53,1.0,0.0,0.0
9.640492397285036e-53,1.0,0.0,0.0
9.355572790096094e-53,1.0,0.0,0.0
9.079073829821782e-53,1.0,0.0,0.0
8.810746648737056e-53,1.0,0.0,0.0
8.550349734269655e-53,1.0,0.0,0.0
8.297648711622486e-53,1.0,0.0,0.0
8.052416132820483e-53,1.0,0.0,0.0
7.814431271992084e-53,1.0,0.0,0.0
7.58347992670105e-53,1.0,0.0,0.0
7.359354225149812e-53,1.0,0.0,0.0
7.141852439080826e-53,1.0,0.0,0.0
6.930778802207532e-53,1.0,0.0,0.0
6.725943334011474e-53,1.0,0.0,0.0
6.527161668747019e-53,1.0,0.0,0.0
6.3342548894997415e-53,1.0,0.0,0.0
6.147049367149124e-53,1.0,0.0,0.0
5.965376604090632e-53,1.0,0.0,0.0
5.789073082576495e-53,1.0,0.0,0.0
5.617980117538704e-53,1.0,0.0,0.0
5.451943713761735e-53,1.0,0.0,0.0
5.290814427276465e-53,1.0,0.0,0.0
5.134447230850509e-53,1.0,0.0,0.0
4.982701383453931e-53,1.0,0.0,0.0
4.8354403035828135e-53,1.0,0.0,0.0
4.692531446326686e-53,1.0,0.0,0.0
4.553846184069161e-53,1.0,0.0,0.0
4.419259690714397e-53,1.0,0.0,0.0
4.2886508293351925e-53,1.0,0.0,0.0
4.1619020431415715e-53,1.0,0.0,0.0
4.038899249671738e-53,1.0,0.0,0.0
3.919531738110164e-53,1.0,0.0,0.0
3.8036920696403834e-53,1.0,0.0,0.0
3.6912759807428043e-53,1.0,0.0,0.0
3.582182289350505e-53,1.0,0.0,0.0
3.476312803778548e-53,1.0,0.0,0.0
3.3735722343448323e-53,1.0,0.0,0.0
3.273868107602951e-53,1.0,0.0,0.0
3.177110683109848e-53,1.0,0.0,0.0
3.083212872653363e-53,1.0,0.0,0.0
2.992090161866964e-53,1.0,0.0,0.0
2.90366053416111e-53,1.0,0.0,0.0
2.8178443969027885e-53,1.0,0.0,0.0
2.734564509776773e-53,1.0,0.0,0.0
2.653745915264128e-53,1.0,0.0,0.0
2.575315871175379e-53,1.0,0.0,0.0
2.4992037851776366e-53,1.0,0.0,0.0
2.425341151256732e-53,1.0,0.0,0.0
2.3536614880571787e-53,1.0,0.0,0.0
2.284100279044468e-53,1.0,0.0,0.0
2.216594914435833e-53,1.0,0.0,0.0
2.1510846348472173e-53,1.0,0.0,0.0
2.0875104766057316e-53,1.0,0.0,0.0
2.025815218678366e-53,1.0,0.0,0.0
1.9659433311691998e-53,1.0,0.0,0.0
1.9078409253387472e-53,1.0,0.0,0.0
1.8514557051004543e-53,1.0,0.0,0.0
1.796736919950693e-53,1.0,0.0,0.0
1.7436353192898812e-53,1.0,0.0,0.0
1.6921031080936203e-53,1.0,0.0,0.0
1.6420939038939473e-53,1.0,0.0,0.0
1.5935626950319827e-53,1.0,0.0,0.0
1.5464658001444009e-53,1.0,0.0,0.0
1.5007608288472537e-53,1.0,0.0,0.0
1.4564066435817657e-53,1.0,0.0,0.0
1.4133633225877525e-53,1.0,0.0,0.0
1.3715921239713448e-53,1.0,0.0,0.0
1.331055450834668e-53,1.0,0.0,0.0
1.2917168174360964e-53,1.0,0.0,0.0
1.2535408163506239e-53,1.0,0.0,0.0
1.2164930866007918e-53,1.0,0.0,0.0
1.1805402827294904e-53,1.0,0.0,0.0
1.1456500447867962e-53,1.0,0.0,0.0
1.111790969203834e-53,1.0,0.0,0.0
1.0789325805274443e-53,1.0,0.0,0.0
1.0470453039902205e-53,1.0,0.0,0.0
1.0161004388912205e-53,1.0,0.0,0.0
9.860701327633998e-54,1.0,0.0,0.0
9.569273563045108e-54,1.0,0.0,0.0
9.286458790489075e-54,1.0,0.0,0.0
9.012002457583549e-54,1.0,0.0,0.0
8.745657535105979e-54,1.0,0.0,0.0
8.487184294650631e-54,1.0,0.0,0.0
8.236350092856848e-54,1.0,0.0,0.0
7.992929162014326e-54,1.0,0.0,0.0
7.756702406856933e-54,1.0,0.0,0.0
7.527457207362187e-54,1.0,0.0,0.0
7.304987227378882e-54,1.0,0.0,0.0
7.089092228910632e-54,1.0,0.0,0.0
6.879577891888155e-54,1.0,0.0,0.0
6.6762556392681e-54,1.0,0.0,0.0
6.478942467300978e-54,1.0,0.0,0.0
6.28746078081544e-54,1.0,0.0,0.0
6.101638233370631e-54,1.0,0.0,0.0
5.92130757213277e-54,1.0,0.0,0.0
5.746306487336303e-54,1.0,0.0,0.0
5.576477466194166e-54,1.0,0.0,0.0
5.411667651125646e-54,1.0,0.0,0.0
5.251728702174235e-54,1.0,0.0,0.0
5.0965166634916714e-54,1.0,0.0,0.0
4.945891833767944e-54,1.0,0.0,0.0
4.799718640490698e-54,1.0,0.0,0.0
4.65786551792082e-54,1.0,0.0,0.0
4.5202047886743906e-54,1.0,0.0,0.0
4.3866125488044256e-54,1.0,0.0,0.0
4.256968556278959e-54,1.0,0.0,0.0
4.131156122755101e-54,1.0,0.0,0.0
4.0090620085516543e-54,1.0,0.0,0.0
3.890576320725757e-54,1.0,0.0,0.0
3.7755924141618185e-54,1.0,0.0,0.0
3.6640067955837166e-54,1.0,0.0,0.0
3.555719030403867e-54,1.0,0.0,0.0
3.4506316523253136e-54,1.0,0.0,0.0
3.348650075615483e-54,1.0,0.0,0.0
3.249682509972645e-54,1.0,0.0,0.0
3.1536398779084436e-54,1.0,0.0,0.0
3.060435734572144e-54,1.0,0.0,0.0
2.9699861899444376e-54,1.0,0.0,0.0
2.882209833330759e-54,1.0,0.0,0.0
2.797027660086167e-54,1.0,0.0,0.0
2.714363000505834e-54,1.0,0.0,0.0
2.6341414508171354e-54,1.0,0.0,0.0
2.5562908062112344e-54,1.0,0.0,0.0
2.4807409958538792e-54,1.0,0.0,0.0
2.407424019816924e-54,1.0,0.0,0.0
2.3362738878738054e-54,1.0,0.0,0.0
2.267226560103883e-54,1.0,0.0,0.0
2.2002198892521893e-54,1.0,0.0,0.0
2.135193564792707e-54,1.0,0.0,0.0
2.0720890586448237e-54,1.0,0.0,0.0
2.010849572494111e-54,1.0,0.0,0.0
1.951419986670007e-54,1.0,0.0,0.0
1.893746810534393e-54,1.0,0.0,0.0
1.837778134336409e-54,1.0,0.0,0.0
1.7834635824901755e-54,1.0,0.0,0.0
1.7307542682333655e-54,1.0,0.0,0.0
1.679602749625819e-54,1.0,0.0,0.0
1.6299629868485955e-54,1.0,0.0,0.0
1.5817903007650296e-54,1.0,0.0,0.0
1.535041332706492e-54,1.0,0.0,0.0
1.4896740054466632e-54,1.0,0.0,0.0
1.4456474853291874e-54,1.0,0.0,0.0
1.4029221455146286e-54,1.0,0.0,0.0
1.361459530313639e-54,1.0,0.0,0.0
1.3212223205742438e-54,1.0,0.0,0.0
1.2821743000920855e-54,1.0,0.0,0.0
1.2442803230133966e-54,1.0,0.0,0.0
1.2075062822013581e-54,1.0,0.0,0.0
1.171819078537375e-54,1.0,0.0,0.0
1.137186591129636e-54,1.0,0.0,0.0
1.1035776484021428e-54,1.0,0.0,0.0
1.0709620000381873e-54,1.0,0.0,0.0
1.0393102897530262e-54,1.0,0.0,0.0
1.0085940288712427e-54,1.0,0.0,0.0
9.787855706850161e-55,1.0,0.0,0.0
9.498580855702188e-55,1.0,0.0,0.0
9.217855368379442e-55,1.0,0.0,0.0
8.94542657299729e-55,1.0,0.0,0.0
8.68104926525379e-55,1.0,0.0,0.0
8.424485487729258e-55,1.0,0.0,0.0
8.17550431570855e-55,1.0,0.0,0.0
7.933881649333212e-55,1.0,0.0,0.0
7.6994000118965e-55,1.0,0.0,0.0
7.471848354099655e-55,1.0,0.0,0.0
7.251021864093298e-55,1.0,0.0,0.0
7.03672178313294e-55,1.0,0.0,0.0
6.828755226682698e-55,1.0,0.0,0.0
6.626935010806193e-55,1.0,0.0,0.0
6.431079483688378e-55,1.0,0.0,0.0
6.2410123621366426e-55,1.0,0.0,0.0
6.0565625729140424e-55,1.0,0.0,0.0
5.877564098761841e-55,1.0,0.0,0.0
5.7038558289727724e-55,1.0,0.0,0.0
5.535281414380531e-55,1.0,0.0,0.0
5.3716891266349695e-55,1.0,0.0,0.0
5.212931721636344e-55,1.0,0.0,0.0
5.058866307005688e-55,1.0,0.0,0.0
4.909354213472027e-55,1.0,0.0,0.0
4.764260870060673e-55,1.0,0.0,0.0
4.62345568297027e-55,1.0,0.0,0.0
4.4868119180295545e-55,1.0,0.0,0.0
4.354206586628052e-55,1.0,0.0,0.0
4.225520335018026e-55,1.0,0.0,0.0
4.100637336888047e-55,1.0,0.0,0.0
3.9794451891114994e-55,1.0,0.0,0.0
3.861834810576179e-55,1.0,0.0,0.0
3.74770034400393e-55,1.0,0.0,0.0
3.636939060671953e-55,1.0,0.0,0.0
3.5294512679500166e-55,1.0,0.0,0.0
3.4251402195703685e-55,1.0,0.0,0.0
3.323912028549558e-55,1.0,0.0,0.0
3.2256755826838214e-55,1.0,0.0,0.0
3.130342462541943e-55,1.0,0.0,0.0
3.0378268618818053e-55,1.0,0.0,0.0
2.948045510418976e-55,1.0,0.0,0.0
2.860917598877834e-55,1.0,0.0,0.0
2.776364706257768e-55,1.0,0.0,0.0
2.6943107292489814e-55,1.0,0.0,0.0
2.6146818137343796e-55,1.0,0.0,0.0
2.5374062883158776e-55,1.0,0.0,0.0
2.4624145998053083e-55,1.0,0.0,0.0
2.3896392506218553e-55,1.0,0.0,0.0
2.3190147380396763e-55,1.0,0.0,0.0
2.2504774952310304e-55,1.0,0.0,0.0
2.1839658340518402e-55,1.0,0.0,0.0
2.119419889518202e-55,1.0,0.0,0.0
2.0567815659238573e-55,1.0,0.0,0.0
1.9959944845501385e-55,1.0,0.0,0.0
1.9370039329213154e-55,1.0,0.0,0.0
1.879756815559675e-55,1.0,0.0,0.0
1.824201606196009e-55,1.0,0.0,0.0
1.7702883013924936e-55,1.0,0.0,0.0
1.717968375536219e-55,1.0,0.0,0.0
1.6671947371628668e-55,1.0,0.0,0.0
1.6179216865712091e-55,1.0,0.0,0.0
1.5701048746902973e-55,1.0,0.0,0.0
1.5237012631623023e-55,1.0,0.0,0.0
1.4786690856050895e-55,1.0,0.0,0.0
1.4349678100196558e-55,1.0,0.0,0.0
1.3925581023085934e-55,1.0,0.0,0.0
1.35140179087275e-55,1.0,0.0,0.0
1.3114618322542117e-55,1.0,0.0,0.0
1.2727022777946915e-55,1.0,0.0,0.0
1.2350882412793102e-55,1.0,0.0,0.0
1.1985858675366489e-55,1.0,0.0,0.0
1.1631623019668102e-55,1.0,0.0,0.0
1.1287856609700597e-55,1.0,0.0,0.0
1.095425003249436e-55,1.0,0.0,0.0
1.0630503019614944e-55,1.0,0.0,0.0
1.0316324176901212e-55,1.0,0.0,0.0
1.0011430722190926e-55,1.0,0.0,0.0
9.715548230797722e-56,1.0,0.0,0.0
9.428410388510361e-56,1.0,0.0,0.0
9.149758751891984e-56,1.0,0.0,0.0
8.87934251566355e-56,1.0,0.0,0.0
8.616918286962181e-56,1.0,0.0,0.0
8.36224986627115e-56,1.0,0.0,0.0
8.115108034824372e-56,1.0,0.0,0.0
7.875270348294051e-56,1.0,0.0,0.0
7.64252093657577e-56,1.0,0.0,0.0
7.416650309490823e-56,1.0,0.0,0.0
7.197455168230925e-56,1.0,0.0,0.0
6.984738222375556e-56,1.0,0.0,0.0
6.778308012317273e-56,1.0,0.0,0.0
6.577978736935137e-56,1.0,0.0,0.0
6.383570086361169e-56,1.0,0.0,0.0
6.1949070796893e-56,1.0,0.0,0.0
6.011819907480735e-56,1.0,0.0,0.0
5.834143778924018e-56,1.0,0.0,0.0
5.661718773512161e-56,1.0,0.0,0.0
5.494389697103403e-56,1.0,0.0,0.0
5.332005942236013e-56,1.0,0.0,0.0
5.1744213525714e-56,1.0,0.0,0.0
5.021494091343549e-56,1.0,0.0,0.0
4.873086513696362e-56,1.0,0.0,0.0
4.729065042793993e-56,1.0,0.0,0.0
4.589300049592683e-56,1.0,0.0,0.0
4.453665736165873e-56,1.0,0.0,0.0
4.322040022477577e-56,1.0,0.0,0.0
4.194304436502114e-56,1.0,0.0,0.0
4.070344007591287e-56,1.0,0.0,0.0
3.9500471629930403e-56,1.0,0.0,0.0
3.833305627428454e-56,1.0,0.0,0.0
3.720014325636685e-56,1.0,0.0,0.0
3.610071287800139e-56,1.0,0.0,0.0
3.503377557764756e-56,1.0,0.0,0.0
3.3998371039727903e-56,1.0,0.0,0.0
3.2993567330279287e-56,1.0,0.0,0.0
3.2018460058149447e-56,1.0,0.0,0.0
3.1072171560983895e-56,1.0,0.0,0.0
3.015385011527059e-56,1.0,0.0,0.0
2.926266916973126e-56,1.0,0.0,0.0
2.8397826601369523e-56,1.0,0.0,0.0
2.7558543993505994e-56,1.0,0.0,0.0
2.6744065935150782e-56,1.0,0.0,0.0
2.5953659341082595e-56,1.0,0.0,0.0
2.518661279202257e-56,1.0,0.0,0.0
2.444223589430892e-56,1.0,0.0,0.0
2.3719858658496026e-56,1.0,0.0,0.0
2.3018830896318736e-56,1.0,0.0,0.0
2.2338521635479027e-56,1.0,0.0,0.0
2.167831855172837e-56,1.0,0.0,0.0
2.1037627417734564e-56,1.0,0.0,0.0
2.041587156823705e-56,1.0,0.0,0.0
1.9812491381009255e-56,1.0,0.0,0.0
1.9226943773160802e-56,1.0,0.0,0.0
1.8658701712326275e-56,1.0,0.0,0.0
1.810725374230051e-56,1.0,0.0,0.0
1.7572103522693506e-56,1.0,0.0,0.0
1.7052769382190555e-56,1.0,0.0,0.0
1.654878388501557e-56,1.0,0.0,0.0
1.6059693410207333e-56,1.0,0.0,0.0
1.5585057743330015e-56,1.0,0.0,0.0
1.5124449680250468e-56,1.0,0.0,0.0
1.4677454642625682e-56,1.0,0.0,0.0
1.4243670304754297e-56,1.0,0.0,0.0
1.3822706231456308e-56,1.0,0.0,0.0
1.3414183526655069e-56,1.0,0.0,0.0
1.3017734492345234e-56,1.0,0.0,0.0
1.2633002297639756e-56,1.0,0.0,0.0
1.2259640657597989e-56,1.0,0.0,0.0
1.1897313521545882e-56,1.0,0.0,0.0
1.1545694770607686e-56,1.0,0.0,0.0
1.1204467924176959e-56,1.0,0.0,0.0
1.0873325855062664e-56,1.0,0.0,0.0
1.0551970513053963e-56,1.0,0.0,0.0
1.0240112656654913e-56,1.0,0.0,0.0
9.937471592747606e-57,1.0,0.0,0.0
9.643774923949414e-57,1.0,0.0,0.0
9.358758303436954e-57,1.0,0.0,0.0
9.082165197016119e-57,1.0,0.0,0.0
8.813746652223982e-57,1.0,0.0,0.0
8.553261074254779e-57,1.0,0.0,0.0
8.300474008508277e-57,1.0,0.0,0.0
8.055157929564818e-57,1.0,0.0,0.0
7.817092036397074e-57,1.0,0.0,0.0
7.586062053634234e-57,1.0,0.0,0.0
7.361860038699693e-57,1.0,0.0,0.0
7.14428419464872e-57,1.0,0.0,0.0
6.933138688537566e-57,1.0,0.0,0.0
6.728233475160614e-57,1.0,0.0,0.0
6.529384125996861e-57,1.0,0.0,0.0
6.3364116632118e-57,1.0,0.0,0.0
6.149142398565301e-57,1.0,0.0,0.0
5.967407777080459e-57,1.0,0.0,0.0
5.791044225332747e-57,1.0,0.0,0.0
5.619893004222893e-57,1.0,0.0,0.0
5.453800066100976e-57,1.0,0.0,0.0
5.292615916113147e-57,1.0,0.0,0.0
5.136195477646168e-57,1.0,0.0,0.0
4.984397961748672e-57,1.0,0.0,0.0
4.837086740411602e-57,1.0,0.0,0.0
4.694129223593785e-57,1.0,0.0,0.0
4.555396739881944e-57,1.0,0.0,0.0
4.420764420677743e-57,1.0,0.0,0.0
4.290111087807622e-57,1.0,0.0,0.0
4.163319144454261e-57,1.0,0.0,0.0
4.040274469311509e-57,1.0,0.0,0.0
3.920866313867505e-57,1.0,0.0,0.0
3.804987202723546e-57,1.0,0.0,0.0
3.692532836858971e-57,1.0,0.0,0.0
3.5834019997550054e-57,1.0,0.0,0.0
3.4774964662930635e-57,1.0,0.0,0.0
3.374720914345511e-57,1.0,0.0,0.0
3.274982838979317e-57,1.0,0.0,0.0
3.1781924691953733e-57,1.0,0.0,0.0
3.084262687128534e-57,1.0,0.0,0.0
2.99310894963566e-57,1.0,0.0,0.0
2.9046492122010797e-57,1.0,0.0,0.0
2.818803855090994e-57,1.0,0.0,0.0
2.735495611690337e-57,1.0,0.0,0.0
2.654649498957612e-57,1.0,0.0,0.0
2.5761927499350894e-57,1.0,0.0,0.0
2.500054748253638e-57,1.0,0.0,0.0
2.4261669645732236e-57,1.0,0.0,0.0
2.3544628949018793e-57,1.0,0.0,0.0
2.2848780007376243e-57,1.0,0.0,0.0
2.2173496509794567e-57,1.0,0.0,0.0
2.151817065555135e-57,1.0,0.0,0.0
2.0882212607150116e-57,1.0,0.0,0.0
2.0265049959426773e-57,1.0,0.0,0.0
1.966612722434633e-57,1.0,0.0,0.0
1.908490533102618e-57,1.0,0.0,0.0
1.8520861140535923e-57,1.0,0.0,0.0
1.797348697503702e-57,1.0,0.0,0.0
1.7442290160838473e-57,1.0,0.0,0.0
1.6926792584957263e-57,1.0,0.0,0.0
1.6426530264784395e-57,1.0,0.0,0.0
1.594105293046922e-57,1.0,0.0,0.0
1.5469923619646204e-57,1.0,0.0,0.0
1.5012718284139292e-57,1.0,0.0,0.0
1.456902540828994e-57,1.0,0.0,0.0
1.4138445638565243e-57,1.0,0.0,0.0
1.3720591424112807e-57,1.0,0.0,0.0
1.3315086667938827e-57,1.0,0.0,0.0
1.2921566388395402e-57,1.0,0.0,0.0
1.2539676390672437e-57,1.0,0.0,0.0
1.2169072947998387e-57,1.0,0.0,0.0
1.180942249226298e-57,1.0,0.0,0.0
1.1460401313783403e-57,1.0,0.0,0.0
1.1121695269943734e-57,1.0,0.0,0.0
1.0792999502445399e-57,1.0,0.0,0.0
1.0474018162914108e-57,1.0,0.0,0.0
1.0164464146616378e-57,1.0,0.0,0.0
9.864058834045869e-58,1.0,0.0,0.0
9.572531840147045e-58,1.0,0.0,0.0
9.289620770950368e-58,1.0,0.0,0.0
9.015070987400018e-58,1.0,0.0,0.0
8.74863537616155e-58,1.0,0.0,0.0
8.490074127203226e-58,1.0,0.0,0.0
8.2391545179508e-58,1.0,0.0,0.0
7.995650703821487e-58,1.0,0.0,0.0
7.759343514948605e-58,1.0,0.0,0.0
7.5300202589139e-58,1.0,0.0,0.0
7.307474529310013e-58,1.0,0.0,0.0
7.091506019960786e-58,1.0,0.0,0.0
6.881920344632183e-58,1.0,0.0,0.0
6.678528862071563e-58,1.0,0.0,0.0
6.481148506217818e-58,1.0,0.0,0.0
6.289601621429566e-58,1.0,0.0,0.0
6.1037158025830806e-58,1.0,0.0,0.0
5.923323739896047e-58,1.0,0.0,0.0
5.7482630683374654e-58,1.0,0.0,0.0
5.578376221488164e-58,1.0,0.0,0.0
5.4135102897203896e-58,1.0,0.0,0.0
5.25351688256882e-58,1.0,0.0,0.0
5.098251995169135e-58,1.0,0.0,0.0
4.947575878643914e-58,1.0,0.0,0.0
4.801352914319218e-58,1.0,0.0,0.0
4.659451491658631e-58,1.0,0.0,0.0
4.521743889804894e-58,1.0,0.0,0.0
4.388106162622512e-58,1.0,0.0,0.0
4.2584180271378686e-58,1.0,0.0,0.0
4.1325627552764305e-58,1.0,0.0,0.0
4.010427068799606e-58,1.0,0.0,0.0
3.8919010373466824e-58,1.0,0.0,0.0
3.776877979490079e-58,1.0,0.0,0.0
3.665254366714872e-58,1.0,0.0,0.0
3.556929730236132e-58,1.0,0.0,0.0
3.451806570570247e-58,1.0,0.0,0.0
3.3497902697788e-58,1.0,0.0,0.0
3.250789006306044e-58,1.0,0.0,0.0
3.154713672333301e-58,1.0,0.0,0.0
3.0614777935759126e-58,1.0,0.0,0.0
2.9709974514505488e-58,1.0,0.0,0.0
2.8831912075428174e-58,1.0,0.0,0.0
2.7979800303071965e-58,1.0,0.0,0.0
2.7152872239333085e-58,1.0,0.0,0.0
2.635038359314515e-58,1.0,0.0,0.0
2.5571612070566993e-58,1.0,0.0,0.0
2.4815856724669324e-58,1.0,0.0,0.0
2.408243732463525e-58,1.0,0.0,0.0
2.337069374350658e-58,1.0,0.0,0.0
2.2679985364025028e-58,1.0,0.0,0.0
2.2009690502033455e-58,1.0,0.0,0.0
2.1359205846918164e-58,1.0,0.0,0.0
2.072794591858862e-58,1.0,0.0,0.0
2.0115342540505865e-58,1.0,0.0,0.0
1.9520844328285294e-58,1.0,0.0,0.0
1.8943916193413485e-58,1.0,0.0,0.0
1.8384038861632414e-58,1.0,0.0,0.0
1.7840708405557614e-58,1.0,0.0,0.0
1.7313435791109468e-58,1.0,0.0,0.0
1.680174643734958e-58,1.0,0.0,0.0
1.6305179789325874e-58,1.0,0.0,0.0
1.582328890354206e-58,1.0,0.0,0.0
1.5355640045678328e-58,1.0,0.0,0.0
1.4901812300201178e-58,1.0,0.0,0.0
1.4461397191511046e-58,1.0,0.0,0.0
1.403399831628669e-58,1.0,0.0,0.0
1.3619230986695438e-58,1.0,0.0,0.0
1.3216721884148193e-58,1.0,0.0,0.0
1.2826108723287498e-58,1.0,0.0,0.0
1.2447039925906267e-58,1.0,0.0,0.0
1.2079174304503668e-58,1.0,0.0,0.0
1.1722180755193348e-58,1.0,0.0,0.0
1.1375737959687587e-58,1.0,0.0,0.0
1.1039534096089156e-58,1.0,0.0,0.0
1.0713266558230565e-58,1.0,0.0,0.0
1.0396641683308085e-58,1.0,0.0,0.0
1.0089374487565413e-58,1.0,0.0,0.0
9.79118840978905e-59,1.0,0.0,0.0
9.501815062384549e-59,1.0,0.0,0.0
9.220993989809561e-59,1.0,0.0,0.0
8.948472434146283e-59,1.0,0.0,0.0
8.684005107602253e-59,1.0,0.0,0.0
8.427353971734793e-59,1.0,0.0,0.0
8.178288023200353e-59,1.0,0.0,0.0
7.9365830858359e-59,1.0,0.0,0.0
7.702021608885242e-59,1.0,0.0,0.0
7.474392471188674e-59,1.0,0.0,0.0
7.253490791159673e-59,1.0,0.0,0.0
7.039117742377659e-59,1.0,0.0,0.0
6.831080374630782e-59,1.0,0.0,0.0
6.6291914402477195e-59,1.0,0.0,0.0
6.433269225562129e-59,1.0,0.0,0.0
6.243137387358089e-59,1.0,0.0,0.0
6.058624794149302e-59,1.0,0.0,0.0
5.879565372149204e-59,1.0,0.0,0.0
5.705797955793351e-59,1.0,0.0,0.0
5.537166142679538e-59,1.0,0.0,0.0
5.373518152795073e-59,1.0,0.0,0.0
5.214706691904528e-59,1.0,0.0,0.0
5.060588818974987e-59,1.0,0.0,0.0
4.911025817519464e-59,1.0,0.0,0.0
4.7658830707427055e-59,1.0,0.0,0.0
4.625029940376994e-59,1.0,0.0,0.0
4.488339649098883e-59,1.0,0.0,0.0
4.355689166421053e-59,1.0,0.0,0.0
4.226959097956571e-59,1.0,0.0,0.0
4.1020335779558835e-59,1.0,0.0,0.0
3.9808001650198193e-59,1.0,0.0,0.0
3.863149740894747e-59,1.0,0.0,0.0
3.7489764122587764e-59,1.0,0.0,0.0
3.6381774154106284e-59,1.0,0.0,0.0
3.530653023775362e-59,1.0,0.0,0.0
3.4263064581437333e-59,1.0,0.0,0.0
3.325043799564367e-59,1.0,0.0,0.0
3.22677390481037e-59,1.0,0.0,0.0
3.1314083243442715e-59,1.0,0.0,0.0
3.03886122270747e-59,1.0,0.0,0.0
2.949049301262528e-59,1.0,0.0,0.0
2.8618917232187783e-59,1.0,0.0,0.0
2.7773100408737547e-59,1.0,0.0,0.0
2.695228125004965e-59,1.0,0.0,0.0
2.615572096348455e-59,1.0,0.0,0.0
2.5382702591024827e-59,1.0,0.0,0.0
2.4632530363964596e-59,1.0,0.0,0.0
2.39045290766707e-59,1.0,0.0,0.0
2.319804347885209e-59,1.0,0.0,0.0
2.2512437685790327e-59,1.0,0.0,0.0
2.1847094606000407e-59,1.0,0.0,0.0
2.120141538580681e-59,1.0,0.0,0.0
2.057481887033475e-59,1.0,0.0,0.0
1.996674108043158e-59,1.0,0.0,0.0
1.9376634705047477e-59,1.0,0.0,0.0
1.8803968608618573e-59,1.0,0.0,0.0
1.8248227353009095e-59,1.0,0.0,0.0
1.7708910733582259e-59,1.0,0.0,0.0
1.7185533328982342e-59,1.0,0.0,0.0
1.6677624064222683e-59,1.0,0.0,0.0
1.6184725786686427e-59,1.0,0.0,0.0
1.5706394854658296e-59,1.0,0.0,0.0
1.5242200738017125e-59,1.0,0.0,0.0
1.479172563072967e-59,1.0,0.0,0.0
1.4354564074797011e-59,1.0,0.0,0.0
1.3930322595314962e-59,1.0,0.0,0.0
1.3518619346320115e-59,1.0,0.0,0.0
1.31190837671027e-59,1.0,0.0,0.0
1.2731356248676942e-59,1.0,0.0,0.0
1.2355087810108692e-59,1.0,0.0,0.0
1.1989939784409047e-59,1.0,0.0,0.0
1.1635583513711198e-59,1.0,0.0,0.0
1.1291700053456164e-59,1.0,0.0,0.0
1.0957979885321172e-59,1.0,0.0,0.0
1.0634122638632267e-59,1.0,0.0,0.0
1.031983682001045e-59,1.0,0.0,0.0
1.0014839551007942e-59,1.0,0.0,0.0
9.718856313498513e-60,1.0,0.0,0.0
9.431620702592623e-60,1.0,0.0,0.0
9.152874186855047e-60,1.0,0.0,0.0
8.882365875609144e-60,1.0,0.0,0.0
8.619852293118302e-60,1.0,0.0,0.0
8.365097159441352e-60,1.0,0.0,0.0
8.117871177764671e-60,1.0,0.0,0.0
7.877951828019578e-60,1.0,0.0,0.0
7.645123166599248e-60,1.0,0.0,0.0
7.419175631994897e-60,1.0,0.0,0.0
7.199905856176281e-60,1.0,0.0,0.0
6.987116481546742e-60,1.0,0.0,0.0
6.780615983308049e-60,1.0,0.0,0.0
6.580218497075161e-60,1.0,0.0,0.0
6.385743651585728e-60,1.0,0.0,0.0
6.197016406353786e-60,1.0,0.0,0.0
6.013866894121507e-60,1.0,0.0,0.0
5.8361302679672e-60,1.0,0.0,0.0
5.663646552931961e-60,1.0,0.0,0.0
5.496260502031404e-60,1.0,0.0,0.0
5.333821456522908e-60,1.0,0.0,0.0
5.176183210302576e-60,1.0,0.0,0.0
5.023203878309872e-60,1.0,0.0,0.0
4.874745768821494e-60,1.0,0.0,0.0
4.7306752595195287e-60,1.0,0.0,0.0
4.590862677222349e-60,1.0,0.0,0.0
4.455182181169997e-60,1.0,0.0,0.0
4.323511649759007e-60,1.0,0.0,0.0
4.1957325706247227e-60,1.0,0.0,0.0
4.071729933972168e-60,1.0,0.0,0.0
3.9513921290594735e-60,1.0,0.0,0.0
3.8346108437406694e-60,1.0,0.0,0.0
3.721280966977451e-60,1.0,0.0,0.0
3.611300494232149e-60,1.0,0.0,0.0
3.5045704356567567e-60,1.0,0.0,0.0
3.4009947269953906e-60,1.0,0.0,0.0
3.3004801431199775e-60,1.0,0.0,0.0
3.2029362141213424e-60,1.0,0.0,0.0
3.1082751438801907e-60,1.0,0.0,0.0
3.01641173104467e-60,1.0,0.0,0.0
2.927263292343406e-60,1.0,0.0,0.0
2.840749588164979e-60,1.0,0.0,0.0
2.756792750336856e-60,1.0,0.0,0.0
2.6753172120387804e-60,1.0,0.0,0.0
2.596249639787536e-60,1.0,0.0,0.0
2.5195188674318606e-60,1.0,0.0,0.0
2.4450558320981073e-60,1.0,0.0,0.0
2.3727935120289982e-60,1.0,0.0,0.0
2.302666866259518e-60,1.0,0.0,0.0
2.234612776075658e-60,1.0,0.0,0.0
2.168569988203311e-60,1.0,0.0,0.0
2.1044790596761936e-60,1.0,0.0,0.0
2.0422823043331617e-60,1.0,0.0,0.0
1.9819237408967753e-60,1.0,0.0,0.0
1.9233490425863677e-60,1.0,0.0,0.0
1.866505488220279e-60,1.0,0.0,0.0
1.8113419147632327e-60,1.0,0.0,0.0
1.7578086712761524e-60,1.0,0.0,0.0
1.705857574226964e-60,1.0,0.0,0.0
1.6554418641221662e-60,1.0,0.0,0.0
1.6065161634201304e-60,1.0,0.0,0.0
1.5590364356882508e-60,1.0,0.0,0.0
1.5129599459671822e-60,1.0,0.0,0.0
1.4682452223064934e-60,1.0,0.0,0.0
1.4248520184371122e-60,1.0,0.0,0.0
1.3827412775469681e-60,1.0,0.0,0.0
1.3418750971272244e-60,1.0,0.0,0.0
1.3022166948574624e-60,1.0,0.0,0.0
1.2637303754991112e-60,1.0,0.0,0.0
1.2263814987673228e-60,1.0,0.0,0.0
1.1901364481523795e-60,1.0,0.0,0.0
1.1549626006625651e-60,1.0,0.0,0.0
1.1208282974612711e-60,1.0,0.0,0.0
1.087702815371907e-60,1.0,0.0,0.0
1.055556339224968e-60,1.0,0.0,0.0
1.0243599350223702e-60,1.0,0.0,0.0
9.940855238948993e-61,1.0,0.0,0.0
9.64705856829334e-61,1.0,0.0,0.0
9.361944901424942e-61,1.0,0.0,0.0
9.08525761680142e-61,1.0,0.0,0.0
8.816747677193107e-61,1.0,0.0,0.0
8.556173405532737e-61,1.0,0.0,0.0
8.303300267389771e-61,1.0,0.0,0.0
8.057900659873584e-61,1.0,0.0,0.0
7.819753706775497e-61,1.0,0.0,0.0
7.588645059765288e-61,1.0,0.0,0.0
7.364366705463225e-61,1.0,0.0,0.0
7.14671677821399e-61,1.0,0.0,0.0
6.935499378393955e-61,1.0,0.0,0.0
6.730524396088315e-61,1.0,0.0,0.0
6.531607339979321e-61,1.0,0.0,0.0
6.33856917129165e-61,1.0,0.0,0.0
6.1512361426454206e-61,1.0,0.0,0.0
5.9694396416718266e-61,1.0,0.0,0.0
5.7930160392506244e-61,1.0,0.0,0.0
5.621806542232883e-61,1.0,0.0,0.0
5.455657050516432e-61,1.0,0.0,0.0
5.2944180183453705e-61,1.0,0.0,0.0
5.13794431970879e-61,1.0,0.0,0.0
4.9860951177175774e-61,1.0,0.0,0.0
4.838733737841704e-61,1.0,0.0,0.0
4.695727544893925e-61,1.0,0.0,0.0
4.556947823649162e-61,1.0,0.0,0.0
4.422269662992112e-61,1.0,0.0,0.0
4.2915718434888126e-61,1.0,0.0,0.0
4.164736728280972e-61,1.0,0.0,0.0
4.041650157204857e-61,1.0,0.0,0.0
3.922201344039439e-61,1.0,0.0,0.0
3.806282776791321e-61,1.0,0.0,0.0
3.693790120926685e-61,1.0,0.0,0.0
3.584622125463174e-61,1.0,0.0,0.0
3.4786805318371694e-61,1.0,0.0,0.0
3.375869985464456e-61,1.0,0.0,0.0
3.276097949914658e-61,1.0,0.0,0.0
3.179274623622211e-61,1.0,0.0,0.0
3.085312859058887e-61,1.0,0.0,0.0
2.99412808429514e-61,1.0,0.0,0.0
2.9056382268796625e-61,1.0,0.0,0.0
2.8197636399686374e-61,1.0,0.0,0.0
2.736427030638207e-61,1.0,0.0,0.0
2.6555533903156224e-61,1.0,0.0,0.0
2.577069927266466e-61,1.0,0.0,0.0
2.500906001077179e-61,1.0,0.0,0.0
2.426993059073921e-61,1.0,0.0,0.0
2.3552645746205367e-61,1.0,0.0,0.0
2.285655987240094e-61,1.0,0.0,0.0
2.218104644506096e-61,1.0,0.0,0.0
2.1525497456510726e-61,1.0,0.0,0.0
2.0889322868417815e-61,1.0,0.0,0.0
2.027195008071781e-61,1.0,0.0,0.0
1.967282341623555e-61,1.0,0.0,0.0
1.9091403620538207e-61,1.0,0.0,0.0
1.8527167376569882e-61,1.0,0.0,0.0
1.7979606833630948e-61,1.0,0.0,0.0
1.7448229150278132e-61,1.0,0.0,0.0
1.693255605073397e-61,1.0,0.0,0.0
1.643212339440632e-61,1.0,0.0,0.0
1.5946480758130503e-61,1.0,0.0,0.0
1.5475191030758061e-61,1.0,0.0,0.0
1.501783001972722e-61,1.0,0.0,0.0
1.4573986069260955e-61,1.0,0.0,0.0
1.414325968984901e-61,1.0,0.0,0.0
1.3725263198680384e-61,1.0,0.0,0.0
1.3319620370702618e-61,1.0,0.0,0.0
1.2925966099993875e-61,1.0,0.0,0.0
1.2543946071142962e-61,1.0,0.0,0.0
1.2173216440341547e-61,1.0,0.0,0.0
1.1813443525901526e-61,1.0,0.0,0.0
1.146430350791899e-61,1.0,0.0,0.0
1.1125482136814443e-61,1.0,0.0,0.0
1.0796674450486982e-61,1.0,0.0,0.0
1.0477584499827828e-61,1.0,0.0,0.0
1.0167925082346143e-61,1.0,0.0,0.0
9.867417483667414e-62,1.0,0.0,0.0
9.575791226671705e-62,1.0,0.0,0.0
9.292783828045991e-62,1.0,0.0,0.0
9.01814056203146e-62,1.0,0.0,0.0
8.751614231153144e-62,1.0,0.0,0.0
8.49296494372551e-62,1.0,0.0,0.0
8.24195989793374e-62,1.0,0.0,0.0
7.998373172296405e-62,1.0,0.0,0.0
7.761985522320865e-62,1.0,0.0,0.0
7.532584183168445e-62,1.0,0.0,0.0
7.309962678151709e-62,1.0,0.0,0.0
7.093920632891515e-62,1.0,0.0,0.0
6.8842635949665435e-62,1.0,0.0,0.0
6.680802858893002e-62,1.0,0.0,0.0
6.483355296276945e-62,1.0,0.0,0.0
6.291743190986369e-62,1.0,0.0,0.0
6.105794079194695e-62,1.0,0.0,0.0
5.925340594151685e-62,1.0,0.0,0.0
5.750220315542075e-62,1.0,0.0,0.0
5.580275623296321e-62,1.0,0.0,0.0
5.415353555721912e-62,1.0,0.0,0.0
5.255305671827511e-62,1.0,0.0,0.0
5.099987917716052e-62,1.0,0.0,0.0
4.949260496926505e-62,1.0,0.0,0.0
4.802987744607632e-62,1.0,0.0,0.0
4.661038005410463e-62,1.0,0.0,0.0
4.523283514989591e-62,1.0,0.0,0.0
4.389600285006651e-62,1.0,0.0,0.0
4.2598679915324305e-62,1.0,0.0,0.0
4.133969866747231e-62,1.0,0.0,0.0
4.011792593841932e-62,1.0,0.0,0.0
3.893226205025232e-62,1.0,0.0,0.0
3.778163982545197e-62,1.0,0.0,0.0
3.6665023626360995e-62,1.0,0.0,0.0
3.5581408423040256e-62,1.0,0.0,0.0
3.452981888867405e-62,1.0,0.0,0.0
3.3509308521710118e-62,1.0,0.0,0.0
3.25189587939444e-62,1.0,0.0,0.0
3.155787832378363e-62,1.0,0.0,0.0
3.062520207394176e-62,1.0,0.0,0.0
2.972009057284802e-62,1.0,0.0,0.0
2.8841729159065837e-62,1.0,0.0,0.0
2.7989327248042583e-62,1.0,0.0,0.0
2.7162117620530104e-62,1.0,0.0,0.0
2.6359355732035614e-62,1.0,0.0,0.0
2.5580319042681426e-62,1.0,0.0,0.0
2.4824306366870267e-62,1.0,0.0,0.0
2.4090637242170936e-62,1.0,0.0,0.0
2.3378651316856205e-62,1.0,0.0,0.0
2.268770775554166e-62,1.0,0.0,0.0
2.201718466239064e-62,1.0,0.0,0.0
2.1366478521366e-62,1.0,0.0,0.0
2.073500365302494e-62,1.0,0.0,0.0
2.0122191687367986e-62,1.0,0.0,0.0
1.952749105226764e-62,1.0,0.0,0.0
1.8950366477016218e-62,1.0,0.0,0.0
1.8390298510546112e-62,1.0,0.0,0.0
1.7846783053888751e-62,1.0,0.0,0.0
1.7319330906451524e-62,1.0,0.0,0.0
1.680746732570422e-62,1.0,0.0,0.0
1.6310731599878717e-62,1.0,0.0,0.0
1.5828676633297292e-62,1.0,0.0,0.0
1.5360868543956344e-62,1.0,0.0,0.0
1.49068862730033e-62,1.0,0.0,0.0
1.4466321205755237e-62,1.0,0.0,0.0
1.4038776803918082e-62,1.0,0.0,0.0
1.3623868248675403e-62,1.0,0.0,0.0
1.3221222094325482e-62,1.0,0.0,0.0
1.2830475932154985e-62,1.0,0.0,0.0
1.2451278064246672e-62,1.0,0.0,0.0
1.2083287186927528e-62,1.0,0.0,0.0
1.172617208357242e-62,1.0,0.0,0.0
1.1379611326486788e-62,1.0,0.0,0.0
1.1043292987600016e-62,1.0,0.0,0.0
1.071691435770913e-62,1.0,0.0,0.0
1.0400181674020074e-62,1.0,0.0,0.0
1.009280985574138e-62,1.0,0.0,0.0
9.794522247492203e-63,1.0,0.0,0.0
9.505050370293821e-63,1.0,0.0,0.0
9.224133679920422e-63,1.0,0.0,0.0
8.951519332391726e-63,1.0,0.0,0.0
8.686961956396332e-63,1.0,0.0,0.0
8.430223432440983e-63,1.0,0.0,0.0
8.181072678526947e-63,1.0,0.0,0.0
7.939285442160625e-63,1.0,0.0,0.0
7.704644098511173e-63,1.0,0.0,0.0
7.476937454533463e-63,1.0,0.0,0.0
7.255960558880093e-63,1.0,0.0,0.0
7.04151451743134e-63,1.0,0.0,0.0
6.83340631427703e-63,1.0,0.0,0.0
6.631448637989193e-63,1.0,0.0,0.0
6.435459713029134e-63,1.0,0.0,0.0
6.24526313613718e-63,1.0,0.0,0.0
6.060687717557844e-63,1.0,0.0,0.0
5.881567326957491e-63,1.0,0.0,0.0
5.707740743895824e-63,1.0,0.0,0.0
5.539051512716605e-63,1.0,0.0,0.0
5.37534780172701e-63,1.0,0.0,0.0
5.216482266538857e-63,1.0,0.0,0.0
5.062311917448711e-63,1.0,0.0,0.0
4.9126979907375e-63,1.0,0.0,0.0
4.7675058237738064e-63,1.0,0.0,0.0
4.626604733808405e-63,1.0,0.0,0.0
4.489867900350974e-63,1.0,0.0,0.0
4.3571722510230925e-63,1.0,0.0,0.0
4.228398350784794e-63,1.0,0.0,0.0
4.103430294434969e-63,1.0,0.0,0.0
3.982155602288864e-63,1.0,0.0,0.0
3.864465118938769e-63,1.0,0.0,0.0
3.7502529150067907e-63,1.0,0.0,0.0
3.6394161918012586e-63,1.0,0.0,0.0
3.5318551887909647e-63,1.0,0.0,0.0
3.427473093813955e-63,1.0,0.0,0.0
3.326175955940047e-63,1.0,0.0,0.0
3.2278726009086553e-63,1.0,0.0,0.0
3.132474549065801e-63,1.0,0.0,0.0
3.039895935726452e-63,1.0,0.0,0.0
2.950053433890512e-63,1.0,0.0,0.0
2.8628661792428987e-63,1.0,0.0,0.0
2.7782556973701976e-63,1.0,0.0,0.0
2.6961458331284e-63,1.0,0.0,0.0
2.6164626820981286e-63,1.0,0.0,0.0
2.5391345240656753e-63,1.0,0.0,0.0
2.4640917584699665e-63,1.0,0.0,0.0
2.3912668417573627e-63,1.0,0.0,0.0
2.3205942265879008e-63,1.0,0.0,0.0
2.2520103028382639e-63,1.0,0.0,0.0
2.185453340348378e-63,1.0,0.0,0.0
2.120863433360102e-63,1.0,0.0,0.0
2.0581824465980018e-63,1.0,0.0,0.0
1.9973539629436787e-63,1.0,0.0,0.0
1.9383232326565562e-63,1.0,0.0,0.0
1.881037124095417e-63,1.0,0.0,0.0
1.825444075896342e-63,1.0,0.0,0.0
1.7714940505640013e-63,1.0,0.0,0.0
1.7191384894345316e-63,1.0,0.0,0.0
1.6683302689694627e-63,1.0,0.0,0.0
1.6190236583413513e-63,1.0,0.0,0.0
1.5711742782729502e-63,1.0,0.0,0.0
1.524739061092864e-63,1.0,0.0,0.0
1.4796762119717384e-63,1.0,0.0,0.0
1.4359451713040918e-63,1.0,0.0,0.0
1.3935065782019347e-63,1.0,0.0,0.0
1.3523222350673127e-63,1.0,0.0,0.0
1.3123550732118912e-63,1.0,0.0,0.0
1.2735691194926342e-63,1.0,0.0,0.0
1.2359294639335468e-63,1.0,0.0,0.0
1.1994022283043422e-63,1.0,0.0,0.0
1.1639545356277467e-63,1.0,0.0,0.0
1.1295544805880021e-63,1.0,0.0,0.0
1.0961711008139276e-63,1.0,0.0,0.0
1.0637743490106971e-63,1.0,0.0,0.0
1.0323350659152448e-63,1.0,0.0,0.0
1.0018249540509612e-63,1.0,0.0,0.0
9.722165522580542e-64,1.0,0.0,0.0
9.434832109766523e-64,1.0,0.0,0.0
9.155990682604012e-64,1.0,0.0,0.0
8.885390264989679e-64,1.0,0.0,0.0
8.622787298284963e-64,1.0,0.0,0.0
8.36794542209687e-64,1.0,0.0,0.0
8.120635261537666e-64,1.0,0.0,0.0
7.880634220771991e-64,1.0,0.0,0.0
7.64772628266559e-64,1.0,0.0,0.0
7.421701814355313e-64,1.0,0.0,0.0
7.202357378565383e-64,1.0,0.0,0.0
6.989495550500135e-64,1.0,0.0,0.0
6.782924740148354e-64,1.0,0.0,0.0
6.58245901983935e-64,1.0,0.0,0.0
6.387917956895499e-64,1.0,0.0,0.0
6.199126451230662e-64,1.0,0.0,0.0
6.0159145777482835e-64,1.0,0.0,0.0
5.8381174333973386e-64,1.0,0.0,0.0
5.6655749887484605e-64,1.0,0.0,0.0
5.4981319439566494e-64,1.0,0.0,0.0
5.335637588980935e-64,1.0,0.0,0.0
5.177945667935167e-64,1.0,0.0,0.0
5.0249142474478436e-64,1.0,0.0,0.0
4.8764055889125023e-64,1.0,0.0,0.0
4.732286024513676e-64,1.0,0.0,0.0
4.592425836916841e-64,1.0,0.0,0.0
4.456699142514054e-64,1.0,0.0,0.0
4.324983778120219e-64,1.0,0.0,0.0
4.1971611910179674e-64,1.0,0.0,0.0
4.0731163322522177e-64,1.0,0.0,0.0
3.952737553078345e-64,1.0,0.0,0.0
3.835916504470784e-64,1.0,0.0,0.0
3.7225480396015844e-64,1.0,0.0,0.0
3.612530119201176e-64,1.0,0.0,0.0
3.505763719716136e-64,1.0,0.0,0.0
3.402152744181311e-64,1.0,0.0,0.0
3.3016039357260595e-64,1.0,0.0,0.0
3.2040267936367766e-64,1.0,0.0,0.0
3.1093334919001424e-64,1.0,0.0,0.0
3.017438800153785e-64,1.0,0.0,0.0
2.9282600069731997e-64,1.0,0.0,0.0
2.8417168454258853e-64,1.0,0.0,0.0
2.75773142082569e-64,1.0,0.0,0.0
2.6762281406223322e-64,1.0,0.0,0.0
2.5971336463630094e-64,1.0,0.0,0.0
2.5203767476648345e-64,1.0,0.0,0.0
2.44588835813869e-64,1.0,0.0,0.0
2.373601433206812e-64,1.0,0.0,0.0
2.3034509097581498e-64,1.0,0.0,0.0
2.235373647587171e-64,1.0,0.0,0.0
2.1693083725634167e-64,1.0,0.0,0.0
2.1051956214806488e-64,1.0,0.0,0.0
2.0429776885359507e-64,1.0,0.0,0.0
1.9825985733906123e-64,1.0,0.0,0.0
1.9240039307660414e-64,1.0,0.0,0.0
1.867141021529349e-64,1.0,0.0,0.0
1.8119586652245694e-64,1.0,0.0,0.0
1.7584071940067948e-64,1.0,0.0,0.0
1.7064384079377638e-64,1.0,0.0,0.0
1.6560055316026634e-64,1.0,0.0,0.0
1.607063172009099e-64,1.0,0.0,0.0
1.5595672777303382e-64,1.0,0.0,0.0
1.5134750992560526e-64,1.0,0.0,0.0
1.4687451505148743e-64,1.0,0.0,0.0
1.4253371715341312e-64,1.0,0.0,0.0
1.3832120922031551e-64,1.0,0.0,0.0
1.342331997107545e-64,1.0,0.0,0.0
1.3026600914027351e-64,1.0,0.0,0.0
1.264160667696151e-64,1.0,0.0,0.0
1.2267990739081477e-64,1.0,0.0,0.0
1.190541682082798e-64,1.0,0.0,0.0
1.1553558581204639e-64,1.0,0.0,0.0
1.1212099324049027e-64,1.0,0.0,0.0
1.0880731712984771e-64,1.0,0.0,0.0
1.055915749479806e-64,1.0,0.0,0.0
1.0247087230989614e-64,1.0,0.0,0.0
9.944240037260525e-65,1.0,0.0,0.0
9.65034333069741e-65,1.0,0.0,0.0
9.365132584429401e-65,1.0,0.0,0.0
9.088351089536107e-65,1.0,0.0,0.0
8.819749723992262e-65,1.0,0.0,0.0
8.559086728441084e-65,1.0,0.0,0.0
8.306127488594549e-65,1.0,0.0,0.0
8.060644324064685e-65,1.0,0.0,0.0
7.82241628343586e-65,1.0,0.0,0.0
7.5912289453936045e-65,1.0,0.0,0.0
7.366874225730946e-65,1.0,0.0,0.0
7.149150190058586e-65,1.0,0.0,0.0
6.937860872050319e-65,1.0,0.0,0.0
6.732816097060113e-65,1.0,0.0,0.0
6.5338313109520924e-65,1.0,0.0,0.0
6.340727413989365e-65,1.0,0.0,0.0
6.153330599632167e-65,1.0,0.0,0.0
5.971472198100246e-65,1.0,0.0,0.0
5.794988524558679e-65,1.0,0.0,0.0
5.623720731790473e-65,1.0,0.0,0.0
5.457514667223345e-65,1.0,0.0,0.0
5.296220734182014e-65,1.0,0.0,0.0
5.139693757241081e-65,1.0,0.0,0.0
4.987792851557364e-65,1.0,0.0,0.0
4.840381296064021e-65,1.0,0.0,0.0
4.697326410412365e-65,1.0,0.0,0.0
4.558499435550599e-65,1.0,0.0,0.0
4.423775417831975e-65,1.0,0.0,0.0
4.29303309654808e-65,1.0,0.0,0.0
4.166154794786017e-65,1.0,0.0,0.0
4.043026313511238e-65,1.0,0.0,0.0
3.923536828780708e-65,1.0,0.0,0.0
3.807578791993877e-65,1.0,0.0,0.0
3.6950478330916776e-65,1.0,0.0,0.0
3.585842666616434e-65,1.0,0.0,0.0
3.4798650005481088e-65,1.0,0.0,0.0
3.3770194478348534e-65,1.0,0.0,0.0
3.2772134405382246e-65,1.0,0.0,0.0
3.1803571465157915e-65,1.0,0.0,0.0
3.0863633885661442e-65,1.0,0.0,0.0
2.9951475659635303e-65,1.0,0.0,0.0
2.9066275783114914e-65,1.0,0.0,0.0
2.8207237516469655e-65,1.0,0.0,0.0
2.7373587667283418e-65,1.0,0.0,0.0
2.656457589442927e-65,1.0,0.0,0.0
2.5779474032711804e-65,1.0,0.0,0.0
2.501757543746927e-65,1.0,0.0,0.0
2.4278194348545755e-65,1.0,0.0,0.0
2.3560665273060716e-65,1.0,0.0,0.0
2.28643423864205e-65,1.0,0.0,0.0
2.2188598951032587e-65,1.0,0.0,0.0
2.153282675219951e-65,1.0,0.0,0.0
2.0896435550684532e-65,1.0,0.0,0.0
2.0278852551456527e-65,1.0,0.0,0.0
1.967952188813578e-65,1.0,0.0,0.0
1.9097904122676735e-65,1.0,0.0,0.0
1.853347575983735e-65,1.0,0.0,0.0
1.7985728775998044e-65,1.0,0.0,0.0
1.7454170161906156e-65,1.0,0.0,0.0
1.6938321478934344e-65,1.0,0.0,0.0
1.643771842845353e-65,1.0,0.0,0.0
1.5951910433932798e-65,1.0,0.0,0.0
1.5480460235390109e-65,1.0,0.0,0.0
1.5022943495828803e-65,1.0,0.0,0.0
1.4578948419305673e-65,1.0,0.0,0.0
1.4148075380286812e-65,1.0,0.0,0.0
1.3729936563957672e-65,1.0,0.0,0.0
1.3324155617163543e-65,1.0,0.0,0.0
1.2930367309666335e-65,1.0,0.0,0.0
1.2548217205412698e-65,1.0,0.0,0.0
1.2177361343517659e-65,1.0,0.0,0.0
1.1817465928676611e-65,1.0,0.0,0.0
1.1468207030727013e-65,1.0,0.0,0.0
1.1129270293089378e-65,1.0,0.0,0.0
1.080035064982514e-65,1.0,0.0,0.0
1.0481152051056718e-65,1.0,0.0,0.0
1.0171387196502643e-65,1.0,0.0,0.0
9.870777276887925e-66,1.0,0.0,0.0
9.579051722996873e-66,1.0,0.0,0.0
9.295947962142558e-66,1.0,0.0,0.0
9.02121118183366e-66,1.0,0.0,0.0
8.754594100426035e-66,1.0,0.0,0.0
8.495856744552544e-66,1.0,0.0,0.0
8.244766233130831e-66,1.0,0.0,0.0
8.001096567754626e-66,1.0,0.0,0.0
7.764628429279931e-66,1.0,0.0,0.0
7.535148980422986e-66,1.0,0.0,0.0
7.312451674192354e-66,1.0,0.0,0.0
7.09633606798268e-66,1.0,0.0,0.0
6.886607643162829e-66,1.0,0.0,0.0
6.683077629995981e-66,1.0,0.0,0.0
6.485562837734136e-66,1.0,0.0,0.0
6.293885489734068e-66,1.0,0.0,0.0
6.107873063446358e-66,1.0,0.0,0.0
5.927358135133448e-66,1.0,0.0,0.0
5.752178229176983e-66,1.0,0.0,0.0
5.582175671838788e-66,1.0,0.0,0.0
5.417197449343857e-66,1.0,0.0,0.0
5.257095070157638e-66,1.0,0.0,0.0
5.101724431333623e-66,1.0,0.0,0.0
4.950945688810972e-66,1.0,0.0,0.0
4.804623131545426e-66,1.0,0.0,0.0
4.662625059360197e-66,1.0,0.0,0.0
4.5248236644069317e-66,1.0,0.0,0.0
4.3910949161300156e-66,1.0,0.0,0.0
4.261318449630705e-66,1.0,0.0,0.0
4.1353774573305915e-66,1.0,0.0,0.0
4.0131585838369036e-66,1.0,0.0,0.0
3.894551823914998e-66,1.0,0.0,0.0
3.779450423476226e-66,1.0,0.0,0.0
3.66775078349205e-66,1.0,0.0,0.0
3.5593523667479233e-66,1.0,0.0,0.0
3.4541576073530137e-66,1.0,0.0,0.0
3.3520718229243185e-66,1.0,0.0,0.0
3.2530031293661254e-66,1.0,0.0,0.0
3.15686235816813e-66,1.0,0.0,0.0
3.0635629761477544e-66,1.0,0.0,0.0
2.973021007564446e-66,1.0,0.0,0.0
2.885154958535842e-66,1.0,0.0,0.0
2.799885743687774e-66,1.0,0.0,0.0
2.7171366149720975e-66,1.0,0.0,0.0
2.6368330925882653e-66,1.0,0.0,0.0
2.5589028979464825e-66,1.0,0.0,0.0
2.483275888612096e-66,1.0,0.0,0.0
2.409883995172671e-66,1.0,0.0,0.0
2.338661159970925e-66,1.0,0.0,0.0
2.2695432776483783e-66,1.0,0.0,0.0
2.202468137446205e-66,1.0,0.0,0.0
2.1373753672113508e-66,1.0,0.0,0.0
2.0742063790575214e-66,1.0,0.0,0.0
2.0129043166321314e-66,1.0,0.0,0.0
1.9534140039417477e-66,1.0,0.0,0.0
1.8956818956899741e-66,1.0,0.0,0.0
1.8396560290830686e-66,1.0,0.0,0.0
1.785285977059924e-66,1.0,0.0,0.0
1.732522802904308e-66,1.0,0.0,0.0
1.6813190161985173e-66,1.0,0.0,0.0
1.631628530078795e-66,1.0,0.0,0.0
1.583406619754044e-66,1.0,0.0,0.0
1.5366098822504968e-66,1.0,0.0,0.0
1.491196197346108e-66,1.0,0.0,0.0
1.4471246896595142e-66,1.0,0.0,0.0
1.4043556918594304e-66,1.0,0.0,0.0
1.3628507089613754e-66,1.0,0.0,0.0
1.3225723836795878e-66,1.0,0.0,0.0
1.2834844628029473e-66,1.0,0.0,0.0
1.245551764564638e-66,1.0,0.0,0.0
1.2087401469761846e-66,1.0,0.0,0.0
1.173016477097357e-66,1.0,0.0,0.0
1.1383486012142894e-66,1.0,0.0,0.0
1.104705315898967e-66,1.0,0.0,0.0
1.0720563399240354e-66,1.0,0.0,0.0
1.040372287007652e-66,1.0,0.0,0.0
1.009624639363849e-66,1.0,0.0,0.0
9.797857220346017e-67,1.0,0.0,0.0
9.508286779804982e-67,1.0,0.0,0.0
9.227274439075914e-67,1.0,0.0,0.0
8.954567268086757e-67,1.0,0.0,0.0
8.689919811978733e-67,1.0,0.0,0.0
8.433093870180403e-67,1.0,0.0,0.0
8.183858282011073e-67,1.0,0.0,0.0
7.941988718620593e-67,1.0,0.0,0.0
7.70726748107824e-67,1.0,0.0,0.0
7.479483304428991e-67,1.0,0.0,0.0
7.258431167540805e-67,1.0,0.0,0.0
7.043912108571773e-67,1.0,0.0,0.0
6.835733045891023e-67,1.0,0.0,0.0
6.633706604292226e-67,1.0,0.0,0.0
6.437650946343269e-67,1.0,0.0,0.0
6.247389608720286e-67,1.0,0.0,0.0
6.062751343378763e-67,1.0,0.0,0.0
5.883569963418732e-67,1.0,0.0,0.0
5.7096841935053594e-67,1.0,0.0,0.0
5.5409375247102466e-67,1.0,0.0,0.0
5.377178073642839e-67,1.0,0.0,0.0
5.218258445745122e-67,1.0,0.0,0.0
5.0640356026265704e-67,1.0,0.0,0.0
4.9143707333199446e-67,1.0,0.0,0.0
4.769129129342053e-67,1.0,0.0,0.0
4.628180063447021e-67,1.0,0.0,0.0
4.491396671962953e-67,1.0,0.0,0.0
4.3586558406060617e-67,1.0,0.0,0.0
4.2298380936695044e-67,1.0,0.0,0.0
4.104827486487185e-67,1.0,0.0,0.0
3.9835115010757274e-67,1.0,0.0,0.0
3.865780944860698e-67,1.0,0.0,0.0
3.751529852395919e-67,1.0,0.0,0.0
3.640655389987416e-67,1.0,0.0,0.0
3.533057763136153e-67,1.0,0.0,0.0
3.428640126716245e-67,1.0,0.0,0.0
3.3273084978078145e-67,1.0,0.0,0.0
3.228971671106015e-67,1.0,0.0,0.0
3.133541136830106e-67,1.0,0.0,0.0
3.040931001058674e-67,1.0,0.0,0.0
2.951057908419307e-67,1.0,0.0,0.0
2.863840967063133e-67,1.0,0.0,0.0
2.7792016758566983e-67,1.0,0.0,0.0
2.697063853725648e-67,1.0,0.0,0.0
2.6173535710866184e-67,1.0,0.0,0.0
2.5399990833056216e-67,1.0,0.0,0.0
2.4649307661230348e-67,1.0,0.0,0.0
2.3920810529870646e-67,1.0,0.0,0.0
2.3213843742392938e-67,1.0,0.0,0.0
2.252777098097561e-67,1.0,0.0,0.0
2.186197473383064e-67,1.0,0.0,0.0
2.1215855739401292e-67,1.0,0.0,0.0
2.058883244698629e-67,1.0,0.0,0.0
1.9980340493304928e-67,1.0,0.0,0.0
1.9389832194532037e-67,1.0,0.0,0.0
1.8816776053345578e-67,1.0,0.0,0.0
1.826065628054317e-67,1.0,0.0,0.0
1.7720972330797004e-67,1.0,0.0,0.0
1.719723845212928e-67,1.0,0.0,0.0
1.6688983248702623e-67,1.0,0.0,0.0
1.6195749256532027e-67,1.0,0.0,0.0
1.5717092531736387e-67,1.0,0.0,0.0
1.5252582250959057e-67,1.0,0.0,0.0
1.480180032359774e-67,1.0,0.0,0.0
1.4364341015494733e-67,1.0,0.0,0.0
1.3939810583748802e-67,1.0,0.0,0.0
1.3527826922320006e-67,1.0,0.0,0.0
1.3128019218108457e-67,1.0,0.0,0.0
1.274002761719752e-67,1.0,0.0,0.0
1.2363502900960987e-67,1.0,0.0,0.0
1.1998106171742759e-67,1.0,0.0,0.0
1.164350854782607e-67,1.0,0.0,0.0
1.1299390867417759e-67,1.0,0.0,0.0
1.0965443401381102e-67,1.0,0.0,0.0
1.06413655744587e-67,1.0,0.0,0.0
1.0326865694734448e-67,1.0,0.0,0.0
1.0021660691091135e-67,1.0,0.0,0.0
9.725475858427331e-68,1.0,0.0,0.0
9.438044610404252e-68,1.0,0.0,0.0
9.159108239500064e-68,1.0,0.0,0.0
8.888415684155663e-68,1.0,0.0,0.0
8.625723302802313e-68,1.0,0.0,0.0
8.370794654567804e-68,1.0,0.0,0.0
8.1234002864637e-68,1.0,0.0,0.0
7.883317526862168e-68,1.0,0.0,0.0
7.650330285076486e-68,1.0,0.0,0.0
7.42422885686484e-68,1.0,0.0,0.0
7.204809735682352e-68,1.0,0.0,0.0
6.991875429511457e-68,1.0,0.0,0.0
6.785234283105756e-68,1.0,0.0,0.0
6.584700305487364e-68,1.0,0.0,0.0
6.390093002542473e-68,1.0,0.0,0.0
6.20123721456447e-68,1.0,0.0,0.0
6.017962958598381e-68,1.0,0.0,0.0
5.840105275444735e-68,1.0,0.0,0.0
5.667504081185156e-68,1.0,0.0,0.0
5.500004023096032e-68,1.0,0.0,0.0
5.337454339820576e-68,1.0,0.0,0.0
5.179708725673433e-68,1.0,0.0,0.0
5.026625198955687e-68,1.0,0.0,0.0
4.878065974161752e-68,1.0,0.0,0.0
4.733897337963114e-68,1.0,0.0,0.0
4.593989528857319e-68,1.0,0.0,0.0
4.458216620373852e-68,1.0,0.0,0.0
4.326456407731824e-68,1.0,0.0,0.0
4.198590297847417e-68,1.0,0.0,0.0
4.0745032025921085e-68,1.0,0.0,0.0
3.954083435205583e-68,1.0,0.0,0.0
3.837222609770116e-68,1.0,0.0,0.0
3.723815543655928e-68,1.0,0.0,0.0
3.6137601628497234e-68,1.0,0.0,0.0
3.506957410081187e-68,1.0,0.0,0.0
3.4033111556647553e-68,1.0,0.0,0.0
3.3027281109764123e-68,1.0,0.0,0.0
3.2051177444876335e-68,1.0,0.0,0.0
3.1103922002808975e-68,1.0,0.0,0.0
3.0184662189734326e-68,1.0,0.0,0.0
2.929257060978017e-68,1.0,0.0,0.0
2.842684432031768e-68,1.0,0.0,0.0
2.758670410925885e-68,1.0,0.0,0.0
2.6771393793713025e-68,1.0,0.0,0.0
2.5980179539371273e-68,1.0,0.0,0.0
2.521234920000599e-68,1.0,0.0,0.0
2.4467211676491196e-68,1.0,0.0,0.0
2.374409629476673e-68,1.0,0.0,0.0
2.3042352202186294e-68,1.0,0.0,0.0
2.2361347781706167e-68,1.0,0.0,0.0
2.170047008338722e-68,1.0,0.0,0.0
2.1059124272698617e-68,1.0,0.0,0.0
2.043673309512659e-68,1.0,0.0,0.0
1.983273635660641e-68,1.0,0.0,0.0
1.924659041930994e-68,1.0,0.0,0.0
1.867776771233487e-68,1.0,0.0,0.0
1.812575625685533e-68,1.0,0.0,0.0
1.759005920530637e-68,1.0,0.0,0.0
1.7070194394187642e-68,1.0,0.0,0.0
1.6565693910083684e-68,1.0,0.0,0.0
1.6076103668510286e-68,1.0,0.0,0.0
1.5600983005207799e-68,1.0,0.0,0.0
1.513990427951356e-68,1.0,0.0,0.0
1.4692452489456445e-68,1.0,0.0,0.0
1.4258224898227077e-68,1.0,0.0,0.0
1.3836830671687515e-68,1.0,0.0,0.0
1.342789052659416e-68,1.0,0.0,0.0
1.303103638921724e-68,1.0,0.0,0.0
1.2645911064049596e-68,1.0,0.0,0.0
1.227216791230664e-68,1.0,0.0,0.0
1.1909470539928042e-68,1.0,0.0,0.0
1.1557492494800368e-68,1.0,0.0,0.0
1.1215916972928161e-68,1.0,0.0,0.0
1.0884436533288954e-68,1.0,0.0,0.0
1.0562752821115597e-68,1.0,0.0,0.0
1.0250576299356845e-68,1.0,0.0,0.0
9.947625988074453e-69,1.0,0.0,0.0
9.653629211542282e-69,1.0,0.0,0.0
9.368321352819742e-69,1.0,0.0,0.0
9.091445615578677e-69,1.0,0.0,0.0
8.822752792969347e-69,1.0,0.0,0.0
8.562001043317441e-69,1.0,0.0,0.0
8.308955672450251e-69,1.0,0.0,0.0
8.063388922456074e-69,1.0,0.0,0.0
7.825079766686722e-69,1.0,0.0,0.0
7.593813710818621e-69,1.0,0.0,0.0
7.369382599793445e-69,1.0,0.0,0.0
7.151584430464514e-69,1.0,0.0,0.0
6.940223169780325e-69,1.0,0.0,0.0
6.735108578341585e-69,1.0,0.0,0.0
6.536056039172903e-69,1.0,0.0,0.0
6.34288639155506e-69,1.0,0.0,0.0
6.155425769768261e-69,1.0,0.0,0.0
5.973505446601265e-69,1.0,0.0,0.0
5.796961681485497e-69,1.0,0.0,0.0
5.625635573117491e-69,1.0,0.0,0.0
5.45937291643699e-69,1.0,0.0,0.0
5.298024063831989e-69,1.0,0.0,0.0
5.141443790445778e-69,1.0,0.0,0.0
4.989491163464777e-69,1.0,0.0,0.0
4.842029415269484e-69,1.0,0.0,0.0
4.698925820334395e-69,1.0,0.0,0.0
4.560051575766068e-69,1.0,0.0,0.0
4.4252816853718304e-69,1.0,0.0,0.0
4.2944948471547655e-69,1.0,0.0,0.0
4.167573344133731e-69,1.0,0.0,0.0
4.0444029383901313e-69,1.0,0.0,0.0
3.9248727682460795e-69,1.0,0.0,0.0
3.808875248481406e-69,1.0,0.0,0.0
3.6963059734997024e-69,1.0,0.0,0.0
3.5870636233562325e-69,1.0,0.0,0.0
3.481049872563148e-69,1.0,0.0,0.0
3.3781693015899134e-69,1.0,0.0,0.0
3.2783293109792885e-69,1.0,0.0,0.0
3.181440038001565e-69,1.0,0.0,0.0
3.087414275772049e-69,1.0,0.0,0.0
2.996167394758976e-69,1.0,0.0,0.0
2.9076172666112215e-69,1.0,0.0,0.0
2.821684190237243e-69,1.0,0.0,0.0
2.7382908200687177e-69,1.0,0.0,0.0
2.657362096444312e-69,1.0,0.0,0.0
2.5788251780509193e-69,1.0,0.0,0.0
2.5026093763615634e-69,1.0,0.0,0.0
2.428646092010952e-69,1.0,0.0,0.0
2.3568687530514197e-69,1.0,0.0,0.0
2.2872127550336823e-69,1.0,0.0,0.0
2.2196154028584696e-69,1.0,0.0,0.0
2.1540158543467087e-69,1.0,0.0,0.0
2.090355065477454e-69,1.0,0.0,0.0
2.028575737244284e-69,1.0,0.0,0.0
1.9686222640823291e-69,1.0,0.0,0.0
1.9104406838195093e-69,1.0,0.0,0.0
1.8539786291069387e-69,1.0,0.0,0.0
1.7991852802847764e-69,1.0,0.0,0.0
1.7460113196411033e-69,1.0,0.0,0.0
1.6944088870226523e-69,1.0,0.0,0.0
1.6443315367574415e-69,1.0,0.0,0.0
1.5957341958505332e-69,1.0,0.0,0.0
1.548573123415298e-69,1.0,0.0,0.0
1.5028058713036635e-69,1.0,0.0,0.0
1.4583912458999175e-69,1.0,0.0,0.0
1.4152892710436728e-69,1.0,0.0,0.0
1.3734611520486255e-69,1.0,0.0,0.0
1.3328692407847182e-69,1.0,0.0,0.0
1.293477001792283e-69,1.0,0.0,0.0
1.255248979397662e-69,1.0,0.0,0.0
1.2181507658007067e-69,1.0,0.0,0.0
1.182148970105438e-69,1.0,0.0,0.0
1.1472111882659845e-69,1.0,0.0,0.0
1.1133059739207551e-69,1.0,0.0,0.0
1.0804028100885907e-69,1.0,0.0,0.0
1.0484720817014223e-69,1.0,0.0,0.0
1.0174850489487104e-69,1.0,0.0,0.0
9.874138214096762e-70,1.0,0.0,0.0
9.582313329500404e-70,1.0,0.0,0.0
9.29911317360676e-70,1.0,0.0,0.0
9.024282847162467e-70,1.0,0.0,0.0
8.75757498432555e-70,1.0,0.0,0.0
8.498749530019456e-70,1.0,0.0,0.0
8.247573523867293e-70,1.0,0.0,0.0
8.003820890511763e-70,1.0,0.0,0.0
7.767272236132088e-70,1.0,0.0,0.0
7.53771465097476e-70,1.0,0.0,0.0
7.314941517720395e-70,1.0,0.0,0.0
7.098752325514204e-70,1.0,0.0,0.0
6.888952489492686e-70,1.0,0.0,0.0
6.685353175644121e-70,1.0,0.0,0.0
6.487771130845217e-70,1.0,0.0,0.0
6.296028517920928e-70,1.0,0.0,0.0
6.109952755578997e-70,1.0,0.0,0.0
5.929376363075142e-70,1.0,0.0,0.0
5.7541368094690897e-70,1.0,0.0,0.0
5.584076367335753e-70,1.0,0.0,0.0
5.419041970799906e-70,1.0,0.0,0.0
5.258885077766567e-70,1.0,0.0,0.0
5.103461536223086e-70,1.0,0.0,0.0
4.952631454492608e-70,1.0,0.0,0.0
4.8062590753221175e-70,1.0,0.0,0.0
4.664212653691754e-70,1.0,0.0,0.0
4.5263643382353975e-70,1.0,0.0,0.0
4.392590056165816e-70,1.0,0.0,0.0
4.2627694016007774e-70,1.0,0.0,0.0
4.136785527189635e-70,1.0,0.0,0.0
4.0145250389428206e-70,1.0,0.0,0.0
3.895877894169605e-70,1.0,0.0,0.0
3.7807373024322485e-70,1.0,0.0,0.0
3.6689996294273986e-70,1.0,0.0,0.0
3.560564303708224e-70,1.0,0.0,0.0
3.4553337261633245e-70,1.0,0.0,0.0
3.3532131821709435e-70,1.0,0.0,0.0
3.2541107563494176e-70,1.0,0.0,0.0
3.157937249827127e-70,1.0,0.0,0.0
3.064606099957493e-70,1.0,0.0,0.0
2.9740333024067557e-70,1.0,0.0,0.0
2.886137335544399e-70,1.0,0.0,0.0
2.8008390870681872e-70,1.0,0.0,0.0
2.7180617827977496e-70,1.0,0.0,0.0
2.6377309175726386e-70,1.0,0.0,0.0
2.5597741881926566e-70,1.0,0.0,0.0
2.4841214283400956e-70,1.0,0.0,0.0
2.4107045454253165e-70,1.0,0.0,0.0
2.3394574592988227e-70,1.0,0.0,0.0
2.270316042774665e-70,1.0,0.0,0.0
2.2032180639116477e-70,1.0,0.0,0.0
2.1381031300003805e-70,1.0,0.0,0.0
2.074912633205765e-70,1.0,0.0,0.0
2.0135896978159865e-70,1.0,0.0,0.0
1.9540791290505365e-70,1.0,0.0,0.0
1.896327363381183e-70,1.0,0.0,0.0
1.8402824203211824e-70,1.0,0.0,0.0
1.7858938556393318e-70,1.0,0.0,0.0
1.733112715956757e-70,1.0,0.0,0.0
1.681891494685567e-70,1.0,0.0,0.0
1.6321840892697204e-70,1.0,0.0,0.0
1.5839457596896113e-70,1.0,0.0,0.0
1.537133088193034e-70,1.0,0.0,0.0
1.4917039402162747e-70,1.0,0.0,0.0
1.4476174264601609e-70,1.0,0.0,0.0
1.4048338660869322e-70,1.0,0.0,0.0
1.3633147510048091e-70,1.0,0.0,0.0
1.3230227112081101e-70,1.0,0.0,0.0
1.2839214811417266e-70,1.0,0.0,0.0
1.2459758670596735e-70,1.0,0.0,0.0
1.2091517153483438e-70,1.0,0.0,0.0
1.1734158817859516e-70,1.0,0.0,0.0
1.1387362017104948e-70,1.0,0.0,0.0
1.1050814610693888e-70,1.0,0.0,0.0
1.0724213683247128e-70,1.0,0.0,0.0
1.0407265271887814e-70,1.0,0.0,0.0
1.0099684101655009e-70,1.0,0.0,0.0
9.801193328736985e-71,1.0,0.0,0.0
9.511524291293103e-71,1.0,0.0,0.0
9.230416267640025e-71,1.0,0.0,0.0
8.957616241584606e-71,1.0,0.0,0.0
8.692878674692241e-71,1.0,0.0,0.0
8.435965285285705e-71,1.0,0.0,0.0
8.186644833975558e-71,1.0,0.0,0.0
7.944692915529091e-71,1.0,0.0,0.0
7.709891756890472e-71,1.0,0.0,0.0
7.482030021170299e-71,1.0,0.0,0.0
7.260902617428135e-71,1.0,0.0,0.0
7.046310516076818e-71,1.0,0.0,0.0
6.8380605697424066e-71,1.0,0.0,0.0
6.6359653394184985e-71,1.0,0.0,0.0
6.4398429257584835e-71,1.0,0.0,0.0
6.249516805353854e-71,1.0,0.0,0.0
6.064815671851216e-71,1.0,0.0,0.0
5.8855732817650175e-71,1.0,0.0,0.0
5.711628304847192e-71,1.0,0.0,0.0
5.54282417887904e-71,1.0,0.0,0.0
5.379008968754676e-71,1.0,0.0,0.0
5.220035229729169e-71,1.0,0.0,0.0
5.065759874708327e-71,1.0,0.0,0.0
4.916044045460656e-71,1.0,0.0,0.0
4.7707529876355754e-71,1.0,0.0,0.0
4.629755929475413e-71,1.0,0.0,0.0
4.4929259641119945e-71,1.0,0.0,0.0
4.360139935341898e-71,1.0,0.0,0.0
4.231278326777558e-71,1.0,0.0,0.0
4.1062251542744546e-71,1.0,0.0,0.0
3.9848678615375485e-71,1.0,0.0,0.0
3.867097218813027e-71,1.0,0.0,0.0
3.752807224574149e-71,1.0,0.0,0.0
3.6418950101127165e-71,1.0,0.0,0.0
3.534260746950297e-71,1.0,0.0,0.0
3.4298075569858543e-71,1.0,0.0,0.0
3.3284414252989212e-71,1.0,0.0,0.0
3.2300711155298225e-71,1.0,0.0,0.0
3.1346080877607964e-71,1.0,0.0,0.0
3.0419664188240925e-71,1.0,0.0,0.0
2.9520627249653224e-71,1.0,0.0,0.0
2.8648160867924515e-71,1.0,0.0,0.0
2.7801479764428873e-71,1.0,0.0,0.0
2.6979821869031e-71,1.0,0.0,0.0
2.6182447634171713e-71,1.0,0.0,0.0
2.540863936922519e-71,1.0,0.0,0.0
2.4657700594529003e-71,1.0,0.0,0.0
2.392895541450539e-71,1.0,0.0,0.0
2.3221747909309634e-71,1.0,0.0,0.0
2.2535441544457937e-71,1.0,0.0,0.0
2.1869418597903405e-71,1.0,0.0,0.0
2.122307960404455e-71,1.0,0.0,0.0
2.059584281416575e-71,1.0,0.0,0.0
1.9987143672824182e-71,1.0,0.0,0.0
1.93964343097118e-71,1.0,0.0,0.0
1.882318304653508e-71,1.0,0.0,0.0
1.826687391846869e-71,1.0,0.0,0.0
1.77270062097523e-71,1.0,0.0,0.0
1.7203094003012636e-71,1.0,0.0,0.0
1.669466574190502e-71,1.0,0.0,0.0
1.6201263806680858e-71,1.0,0.0,0.0
1.5722444102298961e-71,1.0,0.0,0.0
1.5257775658710053e-71,1.0,0.0,0.0
1.4806840242954638e-71,1.0,0.0,0.0
1.4369231982725092e-71,1.0,0.0,0.0
1.3944557001053224e-71,1.0,0.0,0.0
1.3532433061794395e-71,1.0,0.0,0.0
1.3132489225589209e-71,1.0,0.0,0.0
1.2744365515993044e-71,1.0,0.0,0.0
1.2367712595472964e-71,1.0,0.0,0.0
1.2002191450980359e-71,1.0,0.0,0.0
1.1647473088816323e-71,1.0,0.0,0.0
1.1303238238515117e-71,1.0,0.0,0.0
1.0969177065479212e-71,1.0,0.0,0.0
1.0644988892107233e-71,1.0,0.0,0.0
1.0330381927163824e-71,1.0,0.0,0.0
1.0025073003147852e-71,1.0,0.0,0.0
9.728787321422532e-72,1.0,0.0,0.0
9.441258204878122e-72,1.0,0.0,0.0
9.162226857904517e-72,1.0,0.0,0.0
8.891442133457734e-72,1.0,0.0,0.0
8.628660307010631e-72,1.0,0.0,0.0
8.37364485718437e-72,1.0,0.0,0.0
8.126166252863228e-72,1.0,0.0,0.0
7.886001746601091e-72,1.0,0.0,0.0
7.652935174133729e-72,1.0,0.0,0.0
7.426756759816356e-72,1.0,0.0,0.0
7.207262927811404e-72,1.0,0.0,0.0
6.994256118856526e-72,1.0,0.0,0.0
6.787544612447925e-72,1.0,0.0,0.0
6.586942354278963e-72,1.0,0.0,0.0
6.392268788778731e-72,1.0,0.0,0.0
6.203348696599842e-72,1.0,0.0,0.0
6.020012036909199e-72,1.0,0.0,0.0
5.842093794339772e-72,1.0,0.0,0.0
5.669433830465623e-72,1.0,0.0,0.0
5.501876739666519e-72,1.0,0.0,0.0
5.339271709252385e-72,1.0,0.0,0.0
5.181472383721705e-72,1.0,0.0,0.0
5.028336733031694e-72,1.0,0.0,0.0
4.879726924761674e-72,1.0,0.0,0.0
4.735509200054589e-72,1.0,0.0,0.0
4.595553753225011e-72,1.0,0.0,0.0
4.459734614925262e-72,1.0,0.0,0.0
4.327929538764496e-72,1.0,0.0,0.0
4.2000198912787024e-72,1.0,0.0,0.0
4.075890545152577e-72,1.0,0.0,0.0
3.9554297755971716e-72,1.0,0.0,0.0
3.8385291597900395e-72,1.0,0.0,0.0
3.7250834792873845e-72,1.0,0.0,0.0
3.614990625320353e-72,1.0,0.0,0.0
3.5081515068902554e-72,1.0,0.0,0.0
3.404469961579981e-72,1.0,0.0,0.0
3.303852669001327e-72,1.0,0.0,0.0
3.206209066800355e-72,1.0,0.0,0.0
3.11145126914516e-72,1.0,0.0,0.0
3.0194939876226896e-72,1.0,0.0,0.0
2.930254454473417e-72,1.0,0.0,0.0
2.84365234809477e-72,1.0,0.0,0.0
2.75960972074627e-72,1.0,0.0,0.0
2.6780509283913023e-72,1.0,0.0,0.0
2.5989025626123805e-72,1.0,0.0,0.0
2.5220933845386144e-72,1.0,0.0,0.0
2.4475542607259194e-72,1.0,0.0,0.0
2.375218100932252e-72,1.0,0.0,0.0
2.3050197977318607e-72,1.0,0.0,0.0
2.2368961679142123e-72,1.0,0.0,0.0
2.1707858956148372e-72,1.0,0.0,0.0
2.1066294771269125e-72,1.0,0.0,0.0
2.0443691673439102e-72,1.0,0.0,0.0
1.9839489277851037e-72,1.0,0.0,0.0
1.9253143761571551e-72,1.0,0.0,0.0
1.8684127374063788e-72,1.0,0.0,0.0
1.8131927962176318e-72,1.0,0.0,0.0
1.7596048509170745e-72,1.0,0.0,0.0
1.7076006687373098e-72,1.0,0.0,0.0
1.6571334424046356e-72,1.0,0.0,0.0
1.6081577480093416e-72,1.0,0.0,0.0
1.5606295041211236e-72,1.0,0.0,0.0
1.5145059321128215e-72,1.0,0.0,0.0
1.469745517656768e-72,1.0,0.0,0.0
1.4263079733590922e-72,1.0,0.0,0.0
1.384154202498345e-72,1.0,0.0,0.0
1.3432462638358122e-72,1.0,0.0,0.0
1.303547337465838e-72,1.0,0.0,0.0
1.2650216916754265e-72,1.0,0.0,0.0
1.2276346507832872e-72,1.0,0.0,0.0
1.191352563929382e-72,1.0,0.0,0.0
1.1561427747868803e-72,1.0,0.0,0.0
1.1219735921692599e-72,1.0,0.0,0.0
1.0888142615061023e-72,1.0,0.0,0.0
1.0566349371619015e-72,1.0,0.0,0.0
1.0254066555729793e-72,1.0,0.0,0.0
9.951013091783222e-73,1.0,0.0,0.0
9.656916211208808e-73,1.0,0.0,0.0
9.371511206965559e-73,1.0,0.0,0.0
9.094541195287799e-73,1.0,0.0,0.0
8.825756884472431e-73,1.0,0.0,0.0
8.564916350499584e-73,1.0,0.0,0.0
8.311784819284671e-73,1.0,0.0,0.0
8.066134455365861e-73,1.0,0.0,0.0
7.827744156836788e-73,1.0,0.0,0.0
7.59639935633992e-73,1.0,0.0,0.0
7.371891827941451e-73,1.0,0.0,0.0
7.154019499713905e-73,1.0,0.0,0.0
6.942586271857769e-73,1.0,0.0,0.0
6.737401840198436e-73,1.0,0.0,0.0
6.538281524899603e-73,1.0,0.0,0.0
6.345046104238959e-73,1.0,0.0,0.0
6.157521653296534e-73,1.0,0.0,0.0
5.975539387410538e-73,1.0,0.0,0.0
5.798935510259767e-73,1.0,0.0,0.0
5.627551066435869e-73,1.0,0.0,0.0
5.4612317983727385e-73,1.0,0.0,0.0
5.299828007504304e-73,1.0,0.0,0.0
5.1431944195257137e-73,1.0,0.0,0.0
4.991190053636653e-73,1.0,0.0,0.0
4.8436780956491125e-73,1.0,0.0,0.0
4.700525774845386e-73,1.0,0.0,0.0
4.561604244475463e-73,1.0,0.0,0.0
4.4267884657862556e-73,1.0,0.0,0.0
4.295957095478287e-73,1.0,0.0,0.0
4.1689923764885256e-73,1.0,0.0,0.0
4.045780032001088e-73,1.0,0.0,0.0
3.926209162590388e-73,1.0,0.0,0.0
3.81017214640417e-73,1.0,0.0,0.0
3.697564542296578e-73,1.0,0.0,0.0
3.588284995824077e-73,1.0,0.0,0.0
3.482235148019613e-73,1.0,0.0,0.0
3.3793195468629035e-73,1.0,0.0,0.0
3.279445561367178e-73,1.0,0.0,0.0
3.18252329820504e-73,1.0,0.0,0.0
3.0884655207984006e-73,1.0,0.0,0.0
2.9971875707996757e-73,1.0,0.0,0.0
2.908607291893557e-73,1.0,0.0,0.0
2.8226449558507853e-73,1.0,0.0,0.0
2.73922319076736e-73,1.0,0.0,0.0
2.658266911424609e-73,1.0,0.0,0.0
2.579703251707419e-73,1.0,0.0,0.0
2.503461499019817e-73,1.0,0.0,0.0
2.4294730306388613e-73,1.0,0.0,0.0
2.3576712519495598e-73,1.0,0.0,0.0
2.2879915365052214e-73,1.0,0.0,0.0
2.220371167859292e-73,1.0,0.0,0.0
2.1547492831163213e-73,1.0,0.0,0.0
2.0910668181512483e-73,1.0,0.0,0.0
2.0292664544477024e-73,1.0,0.0,0.0
1.9692925675074704e-73,1.0,0.0,0.0
1.911091176784695e-73,1.0,0.0,0.0
1.854609897099739e-73,1.0,0.0,0.0
1.7997978914889888e-73,1.0,0.0,0.0
1.7466058254481565e-73,1.0,0.0,0.0
1.6949858225278954e-73,1.0,0.0,0.0
1.6448914212417663e-73,1.0,0.0,0.0
1.596277533247762e-73,1.0,0.0,0.0
1.5491004027657577e-73,1.0,0.0,0.0
1.503317567194356e-73,1.0,0.0,0.0
1.4588878188916782e-73,1.0,0.0,0.0
1.4157711680857082e-73,1.0,0.0,0.0
1.373928806880796e-73,1.0,0.0,0.0
1.3333230743279347e-73,1.0,0.0,0.0
1.2939174225273635e-73,1.0,0.0,0.0
1.2556763837329915e-73,1.0,0.0,0.0
1.2185655384290327e-73,1.0,0.0,0.0
1.1825514843501187e-73,1.0,0.0,0.0
1.1476018064170057e-73,1.0,0.0,0.0
1.1136850475608152e-73,1.0,0.0,0.0
1.0807706804095494e-73,1.0,0.0,0.0
1.0488290798113958e-73,1.0,0.0,0.0
1.0178314961700914e-73,1.0,0.0,0.0
9.877500295683455e-74,1.0,0.0,0.0
9.585576046560313e-74,1.0,0.0,0.0
9.302279462805435e-74,1.0,0.0,0.0
9.027355558373885e-74,1.0,0.0,0.0
8.760556883197174e-74,1.0,0.0,0.0
8.501643300461518e-74,1.0,0.0,0.0
8.250381770468489e-74,1.0,0.0,0.0
8.006546140883562e-74,1.0,0.0,0.0
7.769916943183752e-74,1.0,0.0,0.0
7.540281195121126e-74,1.0,0.0,0.0
7.317432209024408e-74,1.0,0.0,0.0
7.101169405766134e-74,1.0,0.0,0.0
6.8912981342278856e-74,1.0,0.0,0.0
6.68762949610116e-74,1.0,0.0,0.0
6.489980175866134e-74,1.0,0.0,0.0
6.2981722757953295e-74,1.0,0.0,0.0
6.1120331558336505e-74,1.0,0.0,0.0
5.9313952782106845e-74,1.0,0.0,0.0
5.756096056645397e-74,1.0,0.0,0.0
5.585977710007513e-74,1.0,0.0,0.0
5.420887120303844e-74,1.0,0.0,0.0
5.2606756948617636e-74,1.0,0.0,0.0
5.105199232585777e-74,1.0,0.0,0.0
4.9543177941667944e-74,1.0,0.0,0.0
4.807895576127318e-74,1.0,0.0,0.0
4.665800788589139e-74,1.0,0.0,0.0
4.5279055366535576e-74,1.0,0.0,0.0
4.394085705287342e-74,1.0,0.0,0.0
4.26422084761082e-74,1.0,0.0,0.0
4.138194076487559e-74,1.0,0.0,0.0
4.015891959318058e-74,1.0,0.0,0.0
3.897204415942746e-74,1.0,0.0,0.0
3.782024619562416e-74,1.0,0.0,0.0
3.670248900586889e-74,1.0,0.0,0.0
3.561776653325394e-74,1.0,0.0,0.0
3.4565102454346504e-74,1.0,0.0,0.0
3.3543549300431724e-74,1.0,0.0,0.0
3.2552187604726904e-74,1.0,0.0,0.0
3.159012507479934e-74,1.0,0.0,0.0
3.06564957894429e-74,1.0,0.0,0.0
2.9750459419290545e-74,1.0,0.0,0.0
2.8871200470461127e-74,1.0,0.0,0.0
2.80179275505599e-74,1.0,0.0,0.0
2.718987265637193e-74,1.0,0.0,0.0
2.6386290482607395e-74,1.0,0.0,0.0
2.5606457751076477e-74,1.0,0.0,0.0
2.4849672559690236e-74,1.0,0.0,0.0
2.411525375070132e-74,1.0,0.0,0.0
2.3402540297616034e-74,1.0,0.0,0.0
2.2710890710225875e-74,1.0,0.0,0.0
2.2039682457223065e-74,1.0,0.0,0.0
2.138831140588035e-74,1.0,0.0,0.0
2.0756191278290766e-74,1.0,0.0,0.0
2.014275312367798e-74,1.0,0.0,0.0
1.9547444806302156e-74,1.0,0.0,0.0
1.896973050850056e-74,1.0,0.0,0.0
1.840909024841549e-74,1.0,0.0,0.0
1.786501941197549e-74,1.0,0.0,0.0
1.7337028298708663e-74,1.0,0.0,0.0
1.6824641680979185e-74,1.0,0.0,0.0
1.632739837625034e-74,1.0,0.0,0.0
1.5844850831989146e-74,1.0,0.0,0.0
1.5376564722838838e-74,1.0,0.0,0.0
1.4922118559696756e-74,1.0,0.0,0.0
1.44811033103457e-74,1.0,0.0,0.0
1.4053122031297326e-74,1.0,0.0,0.0
1.3637789510516217e-74,1.0,0.0,0.0
1.3234731920703063e-74,1.0,0.0,0.0
1.2843586482824847e-74,1.0,0.0,0.0
1.2464001139589243e-74,1.0,0.0,0.0
1.209563423856929e-74,1.0,0.0,0.0
1.173815422469315e-74,1.0,0.0,0.0
1.1391239341822162e-74,1.0,0.0,0.0
1.1054577343148605e-74,1.0,0.0,0.0
1.0727865210152506e-74,1.0,0.0,0.0
1.0410808879864504e-74,1.0,0.0,0.0
1.0103122980189348e-74,1.0,0.0,0.0
9.804530573051743e-75,1.0,0.0,0.0
9.51476290513339e-75,1.0,0.0,0.0
9.233559165976874e-75,1.0,0.0,0.0
8.960666253238633e-75,1.0,0.0,0.0
8.695838544879777e-75,1.0,0.0,0.0
8.438837678089679e-75,1.0,0.0,0.0
8.189432334743349e-75,1.0,0.0,0.0
7.947398033199519e-75,1.0,0.0,0.0
7.712516926252008e-75,1.0,0.0,0.0
7.48457760505254e-75,1.0,0.0,0.0
7.263374908828508e-75,1.0,0.0,0.0
7.048709740224439e-75,1.0,0.0,0.0
6.840388886100929e-75,1.0,0.0,0.0
6.638224843629784e-75,1.0,0.0,0.0
6.442035651528815e-75,1.0,0.0,0.0
6.25164472628441e-75,1.0,0.0,0.0
6.066880703214448e-75,1.0,0.0,0.0
5.887577282228519e-75,1.0,0.0,0.0
5.71357307814663e-75,1.0,0.0,0.0
5.544711475441636e-75,1.0,0.0,0.0
5.380840487274709e-75,1.0,0.0,0.0
5.221812618696915e-75,1.0,0.0,0.0
5.067484733893813e-75,1.0,0.0,0.0
4.917717927353558e-75,1.0,0.0,0.0
4.772377398842567e-75,1.0,0.0,0.0
4.631332332076212e-75,1.0,0.0,0.0
4.494455776975332e-75,1.0,0.0,0.0
4.3616245354025963e-75,1.0,0.0,0.0
4.2327190502758683e-75,1.0,0.0,0.0
4.107623297958758e-75,1.0,0.0,0.0
3.986224683831522e-75,1.0,0.0,0.0
3.8684139409483067e-75,1.0,0.0,0.0
3.75408503168952e-75,1.0,0.0,0.0
3.643135052320822e-75,1.0,0.0,0.0
3.5354641403728146e-75,1.0,0.0,0.0
3.430975384758081e-75,1.0,0.0,0.0
3.329574738544668e-75,1.0,0.0,0.0
3.2311709343074966e-75,1.0,0.0,0.0
3.135675401981525e-75,1.0,0.0,0.0
3.0430021891427067e-75,1.0,0.0,0.0
2.9530678836450127e-75,1.0,0.0,0.0
2.865791538543867e-75,1.0,0.0,0.0
2.781094599238437e-75,1.0,0.0,0.0
2.6989008327671873e-75,1.0,0.0,0.0
2.6191362591930725e-75,1.0,0.0,0.0
2.5417290850165996e-75,1.0,0.0,0.0
2.466609638556833e-75,1.0,0.0,0.0
2.3937103072421806e-75,1.0,0.0,0.0
2.3229654767545143e-75,1.0,0.0,0.0
2.254311471971858e-75,1.0,0.0,0.0
2.187686499656478e-75,1.0,0.0,0.0
2.1230305928368e-75,1.0,0.0,0.0
2.0602855568330871e-75,1.0,0.0,0.0
1.9993949168783012e-75,1.0,0.0,0.0
1.940303867287e-75,1.0,0.0,0.0
1.8829592221265217e-75,1.0,0.0,0.0
1.827309367346057e-75,1.0,0.0,0.0
1.7733042143205192e-75,1.0,0.0,0.0
1.7208951547674006e-75,1.0,0.0,0.0
1.6700350169960388e-75,1.0,0.0,0.0
1.6206780234499112e-75,1.0,0.0,0.0
1.5727797495037442e-75,1.0,0.0,0.0
1.5262970834783523e-75,1.0,0.0,0.0
1.481188187837218e-75,1.0,0.0,0.0
1.4374124615298844e-75,1.0,0.0,0.0
1.3949305034482698e-75,1.0,0.0,0.0
1.3537040769630125e-75,1.0,0.0,0.0
1.3136960755079217e-75,1.0,0.0,0.0
1.2748704891815654e-75,1.0,0.0,0.0
1.2371923723359277e-75,1.0,0.0,0.0
1.2006278121229682e-75,1.0,0.0,0.0
1.1651438979707686e-75,1.0,0.0,0.0
1.130708691961798e-75,1.0,0.0,0.0
1.0972912000866313e-75,1.0,0.0,0.0
1.064861344347249e-75,1.0,0.0,0.0
1.0333899356848087e-75,1.0,0.0,0.0
1.0028486477075223e-75,1.0,0.0,0.0
9.732099911949923e-76,1.0,0.0,0.0
9.44447289356057e-76,1.0,0.0,0.0
9.165346538178796e-76,1.0,0.0,0.0
8.894469613246636e-76,1.0,0.0,0.0
8.631598311250288e-76,1.0,0.0,0.0
8.376496030276884e-76,1.0,0.0,0.0
8.128933161056807e-76,1.0,0.0,0.0
7.888686880299848e-76,1.0,0.0,0.0
7.655540950139209e-76,1.0,0.0,0.0
7.429285523502826e-76,1.0,0.0,0.0
7.209716955236849e-76,1.0,0.0,0.0
6.996637618811248e-76,1.0,0.0,0.0
6.789855728442611e-76,1.0,0.0,0.0
6.589185166473985e-76,1.0,0.0,0.0
6.394445315856429e-76,1.0,0.0,0.0
6.205460897581479e-76,1.0,0.0,0.0
6.022061812918213e-76,1.0,0.0,0.0
5.844082990312907e-76,1.0,0.0,0.0
5.671364236813506e-76,1.0,0.0,0.0
5.5037500938851434e-76,1.0,0.0,0.0
5.3410896974869805e-76,1.0,0.0,0.0
5.183236642284379e-76,1.0,0.0,0.0
5.030048849874222e-76,1.0,0.0,0.0
4.881388440904763e-76,1.0,0.0,0.0
4.7371216109749036e-76,1.0,0.0,0.0
4.5971185102012e-76,1.0,0.0,0.0
4.461253126344208e-76,1.0,0.0,0.0
4.329403171388961e-76,1.0,0.0,0.0
4.2014499714775035e-76,1.0,0.0,0.0
4.0772783600944075e-76,1.0,0.0,0.0
3.956776574409142e-76,1.0,0.0,0.0
3.8398361546819765e-76,1.0,0.0,0.0
3.726351846642899e-76,1.0,0.0,0.0
3.6162215067556657e-76,1.0,0.0,0.0
3.509346010281731e-76,1.0,0.0,0.0
3.4056291620612875e-76,1.0,0.0,0.0
3.3049776099311315e-76,1.0,0.0,0.0
3.207300760701416e-76,1.0,0.0,0.0
3.1125106986156665e-76,1.0,0.0,0.0
3.020522106220666e-76,1.0,0.0,0.0
2.9312521875749886e-76,1.0,0.0,0.0
2.8446205937270645e-76,1.0,0.0,0.0
2.760549350395703e-76,1.0,0.0,0.0
2.6789627877879738e-76,1.0,0.0,0.0
2.5997874724912884e-76,1.0,0.0,0.0
2.522952141378372e-76,1.0,0.0,0.0
2.4483876374656396e-76,1.0,0.0,0.0
2.3760268476672443e-76,1.0,0.0,0.0
2.3058046423887688e-76,1.0,0.0,0.0
2.2376578169061965e-76,1.0,0.0,0.0
2.1715250344773937e-76,1.0,0.0,0.0
2.1073467711349014e-76,1.0,0.0,0.0
2.0450652621103483e-76,1.0,0.0,0.0
1.9846244498422607e-76,1.0,0.0,0.0
1.925969933520473e-76,1.0,0.0,0.0
1.8690489201217272e-76,1.0,0.0,0.0
1.8138101768923905e-76,1.0,0.0,0.0
1.7602039852355178e-76,1.0,0.0,0.0
1.708182095960759e-76,1.0,0.0,0.0
1.657697685856833e-76,1.0,0.0,0.0
1.608705315547474e-76,1.0,0.0,0.0
1.5611608885929304e-76,1.0,0.0,0.0
1.5150216118001906e-76,1.0,0.0,0.0
1.4702459567062213e-76,1.0,0.0,0.0
1.4267936221995484e-76,1.0,0.0,0.0
1.3846254982465367e-76,1.0,0.0,0.0
1.3437036306897198e-76,1.0,0.0,0.0
1.303991187086498e-76,1.0,0.0,0.0
1.2654524235574527e-76,1.0,0.0,0.0
1.2280526526144434e-76,1.0,0.0,0.0
1.1917582119395268e-76,1.0,0.0,0.0
1.1565364340865997e-76,1.0,0.0,0.0
1.1223556170784919e-76,1.0,0.0,0.0
1.0891849958730477e-76,1.0,0.0,0.0
1.0569947146725112e-76,1.0,0.0,0.0
1.025755800051294e-76,1.0,0.0,0.0
9.954401348779364e-77,1.0,0.0,0.0
9.66020433007791e-77,1.0,0.0,0.0
9.374702147236518e-77,1.0,0.0,0.0
9.097637829022213e-77,1.0,0.0,0.0
8.828761998849653e-77,1.0,0.0,0.0
8.567832650325369e-77,1.0,0.0,0.0
8.31461492942568e-77,1.0,0.0,0.0
8.068880923112223e-77,1.0,0.0,0.0
7.830409454194833e-77,1.0,0.0,0.0
7.598985882257153e-77,1.0,0.0,0.0
7.374401910465757e-77,1.0,0.0,0.0
7.156455398088961e-77,1.0,0.0,0.0
6.94495017855651e-77,1.0,0.0,0.0
6.73969588289643e-77,1.0,0.0,0.0
6.540507768390104e-77,1.0,0.0,0.0
6.347206552291356e-77,1.0,0.0,0.0
6.1596182504598824e-77,1.0,0.0,0.0
5.9775740207637816e-77,1.0,0.0,0.0
5.8009100111102415e-77,1.0,0.0,0.0
5.6294672119675974e-77,1.0,0.0,0.0
5.463091313246019e-77,1.0,0.0,0.0
5.301632565408021e-77,1.0,0.0,0.0
5.1449456446837686e-77,1.0,0.0,0.0
4.992889522269877e-77,1.0,0.0,0.0
4.845327337393974e-77,1.0,0.0,0.0
4.7021262741307616e-77,1.0,0.0,0.0
4.563157441858726e-77,1.0,0.0,0.0
4.428295759249876e-77,1.0,0.0,0.0
4.2974198416881074e-77,1.0,0.0,0.0
4.1704118920148564e-77,1.0,0.0,0.0
4.047157594503705e-77,1.0,0.0,0.0
3.927546011968514e-77,1.0,0.0,0.0
3.811469485912468e-77,1.0,0.0,0.0
3.698823539628163e-77,1.0,0.0,0.0
3.589506784161517e-77,1.0,0.0,0.0
3.483420827054869e-77,1.0,0.0,0.0
3.3804701837871292e-77,1.0,0.0,0.0
3.2805621918312607e-77,1.0,0.0,0.0
3.183606927251758e-77,1.0,0.0,0.0
3.08951712376703e-77,1.0,0.0,0.0
2.99820809420386e-77,1.0,0.0,0.0
2.9095976542732352e-77,1.0,0.0,0.0
2.8236060485989374e-77,1.0,0.0,0.0
2.7401558789323243e-77,1.0,0.0,0.0
2.65917203448868e-77,1.0,0.0,0.0
2.5805816243424402e-77,1.0,0.0,0.0
2.5043139118204415e-77,1.0,0.0,0.0
2.4303002508341384e-77,1.0,0.0,0.0
2.3584740240934944e-77,1.0,0.0,0.0
2.2887705831469217e-77,1.0,0.0,0.0
2.2211271901933135e-77,1.0,0.0,0.0
2.155482961613788e-77,1.0,0.0,0.0
2.091778813172323e-77,1.0,0.0,0.0
2.0299574068359567e-77,1.0,0.0,0.0
1.969963099166686e-77,1.0,0.0,0.0
1.911741891238619e-77,1.0,0.0,0.0
1.855241380035296e-77,1.0,0.0,0.0
1.8004107112834393e-77,1.0,0.0,0.0
1.7472005336806744e-77,1.0,0.0,0.0
1.6955629544760268e-77,1.0,0.0,0.0
1.6454514963632146e-77,1.0,0.0,0.0
1.5968210556479359e-77,1.0,0.0,0.0
1.5496278616514996e-77,1.0,0.0,0.0
1.5038294373142608e-77,1.0,0.0,0.0
1.4593845609634e-77,1.0,0.0,0.0
1.416253229210636e-77,1.0,0.0,0.0
1.3743966209464766e-77,1.0,0.0,0.0
1.3337770623985998e-77,1.0,0.0,0.0
1.2943579932229163e-77,1.0,0.0,0.0
1.256103933596792e-77,1.0,0.0,0.0
1.2189804522848133e-77,1.0,0.0,0.0
1.182954135648352e-77,1.0,0.0,0.0
1.147992557571035e-77,1.0,0.0,0.0
1.1140642502730506e-77,1.0,0.0,0.0
1.0811386759880243e-77,1.0,0.0,0.0
1.0491861994769665e-77,1.0,0.0,0.0
1.0181780613545588e-77,1.0,0.0,0.0
9.88086352203765e-78,1.0,0.0,0.0
9.588839874554731e-78,1.0,0.0,0.0
9.30544683010555e-78,1.0,0.0,0.0
9.030429315824026e-78,1.0,0.0,0.0
8.763539797386495e-78,1.0,0.0,0.0
8.504538056214104e-78,1.0,0.0,0.0
8.253190973259883e-78,1.0,0.0,0.0
8.00927231918587e-78,1.0,0.0,0.0
7.7725625507414325e-78,1.0,0.0,0.0
7.542848613159531e-78,1.0,0.0,0.0
7.319923748393048e-78,1.0,0.0,0.0
7.103587309018593e-78,1.0,0.0,0.0
6.8936445776402745e-78,1.0,0.0,0.0
6.68990659163091e-78,1.0,0.0,0.0
6.492189973052901e-78,1.0,0.0,0.0
6.300316763605721e-78,1.0,0.0,0.0
6.114114264451427e-78,1.0,0.0,0.0
5.933414880774054e-78,1.0,0.0,0.0
5.758055970932968e-78,1.0,0.0,0.0
5.587879700074419e-78,1.0,0.0,0.0
5.42273289806951e-78,1.0,0.0,0.0
5.26246692165075e-78,1.0,0.0,0.0
5.106937520623081e-78,1.0,0.0,0.0
4.956004708028968e-78,1.0,0.0,0.0
4.809532634150685e-78,1.0,0.0,0.0
4.667389464236405e-78,1.0,0.0,0.0
4.529447259840025e-78,1.0,0.0,0.0
4.395581863667928e-78,1.0,0.0,0.0
4.2656727878290413e-78,1.0,0.0,0.0
4.139603105387604e-78,1.0,0.0,0.0
4.0172593451210307e-78,1.0,0.0,0.0
3.898531389388155e-78,1.0,0.0,0.0
3.783312375015917e-78,1.0,0.0,0.0
3.6714985971153014e-78,1.0,0.0,0.0
3.562989415739935e-78,1.0,0.0,0.0
3.457687165303342e-78,1.0,0.0,0.0
3.3554970666733263e-78,1.0,0.0,0.0
3.2563271418643553e-78,1.0,0.0,0.0
3.1600881312511663e-78,1.0,0.0,0.0
3.066693413229078e-78,1.0,0.0,0.0
2.9760589262487017e-78,1.0,0.0,0.0
2.8881030931548734e-78,1.0,0.0,0.0
2.802746747761707e-78,1.0,0.0,0.0
2.719913063597686e-78,1.0,0.0,0.0
2.639527484756654e-78,1.0,0.0,0.0
2.561517658792466e-78,1.0,0.0,0.0
2.4858133715969053e-78,1.0,0.0,0.0
2.412346484202246e-78,1.0,0.0,0.0
2.3410508714515846e-78,1.0,0.0,0.0
2.2718623624817357e-78,1.0,0.0,0.0
2.2047186829651238e-78,1.0,0.0,0.0
2.1395593990586867e-78,1.0,0.0,0.0
2.0763258630093364e-78,1.0,0.0,0.0
2.0149611603670246e-78,1.0,0.0,0.0
1.9554100587578967e-78,1.0,0.0,0.0
1.8976189581714257e-78,1.0,0.0,0.0
1.841535842716788e-78,1.0,0.0,0.0
1.7871102338050494e-78,1.0,0.0,0.0
1.7342931447150285e-78,1.0,0.0,0.0
1.6830370365019417e-78,1.0,0.0,0.0
1.6332957752091452e-78,1.0,0.0,0.0
1.585024590344459e-78,1.0,0.0,0.0
1.5381800345837036e-78,1.0,0.0,0.0
1.4927199446651757e-78,1.0,0.0,0.0
1.448603403439867e-78,1.0,0.0,0.0
1.4057907030432682e-78,1.0,0.0,0.0
1.364243309155612e-78,1.0,0.0,0.0
1.3239238263183843e-78,1.0,0.0,0.0
1.2847959642758867e-78,1.0,0.0,0.0
1.2468245053115588e-78,1.0,0.0,0.0
1.2099752725496553e-78,1.0,0.0,0.0
1.174215099193752e-78,1.0,0.0,0.0
1.1395117986743898e-78,1.0,0.0,0.0
1.1058341356789907e-78,1.0,0.0,0.0
1.0731517980379682e-78,1.0,0.0,0.0
1.0414353694417282e-78,1.0,0.0,0.0
1.0106563029640064e-78,1.0,0.0,0.0
9.807868953677069e-79,1.0,0.0,0.0
9.518002621701197e-79,1.0,0.0,0.0
9.236703134450717e-79,1.0,0.0,0.0
8.963717303402324e-79,1.0,0.0,0.0
8.69879942288438e-79,1.0,0.0,0.0
8.441711048925224e-79,1.0,0.0,0.0
8.192220784637512e-79,1.0,0.0,0.0
7.950104071945394e-79,1.0,0.0,0.0
7.715142989467096e-79,1.0,0.0,0.0
7.487126056370967e-79,1.0,0.0,0.0
7.265848042028456e-79,1.0,0.0,0.0
7.051109781292699e-79,1.0,0.0,0.0
6.842717995236438e-79,1.0,0.0,0.0
6.640485117187954e-79,1.0,0.0,0.0
6.444229123908396e-79,1.0,0.0,0.0
6.253773371758578e-79,1.0,0.0,0.0
6.068946437707789e-79,1.0,0.0,0.0
5.889581965041498e-79,1.0,0.0,0.0
5.71551851362907e-79,1.0,0.0,0.0
5.546599414616769e-79,1.0,0.0,0.0
5.3826726294152076e-79,1.0,0.0,0.0
5.2235906128543576e-79,1.0,0.0,0.0
5.0692101803829367e-79,1.0,0.0,0.0
4.919392379192653e-79,1.0,0.0,0.0
4.7740023631512965e-79,1.0,0.0,0.0
4.6329092714321214e-79,1.0,0.0,0.0
4.495986110730269e-79,1.0,0.0,0.0
4.3631096409602226e-79,1.0,0.0,0.0
4.234160264331414e-79,1.0,0.0,0.0
4.109021917702139e-79,1.0,0.0,0.0
3.987581968114901e-79,1.0,0.0,0.0
3.8697311114191405e-79,1.0,0.0,0.0
3.755363273890128e-79,1.0,0.0,0.0
3.6443755167554535e-79,1.0,0.0,0.0
3.536667943543178e-79,1.0,0.0,0.0
3.432143610168274e-79,1.0,0.0,0.0
3.3307084376764024e-79,1.0,0.0,0.0
3.232271127566505e-79,1.0,0.0,0.0
3.136743079615991e-79,1.0,0.0,0.0
3.0440383121345595e-79,1.0,0.0,0.0
2.954073384574872e-79,1.0,0.0,0.0
2.8667673224304307e-79,1.0,0.0,0.0
2.7820415443530577e-79,1.0,0.0,0.0
2.699819791424377e-79,1.0,0.0,0.0
2.6200280585176435e-79,1.0,0.0,0.0
2.542594527688131e-79,1.0,0.0,0.0
2.4674495035321373e-79,1.0,0.0,0.0
2.3945253504564173e-79,1.0,0.0,0.0
2.3237564318015835e-79,1.0,0.0,0.0
2.2550790507646832e-79,1.0,0.0,0.0
2.1884313930677767e-79,1.0,0.0,0.0
2.1237534713209146e-79,1.0,0.0,0.0
2.0609870710294404e-79,1.0,0.0,0.0
2.0000756981970142e-79,1.0,0.0,0.0
1.9409645284772055e-79,1.0,0.0,0.0
1.8836003578278786e-79,1.0,0.0,0.0
1.8279315546239666e-79,1.0,0.0,0.0
1.7739080131855224e-79,1.0,0.0,0.0
1.7214811086792263e-79,1.0,0.0,0.0
1.6706036533527536e-79,1.0,0.0,0.0
1.6212298540626126e-79,1.0,0.0,0.0
1.5733152710572268e-79,1.0,0.0,0.0
1.5268167779781564e-79,1.0,0.0,0.0
1.4816925230434674e-79,1.0,0.0,0.0
1.4379018913783018e-79,1.0,0.0,0.0
1.3954054684587505e-79,1.0,0.0,0.0
1.354165004636121e-79,1.0,0.0,0.0
1.3141433807096718e-79,1.0,0.0,0.0
1.2753045745168269e-79,1.0,0.0,0.0
1.2376136285107986e-79,1.0,0.0,0.0
1.2010366182964361e-79,1.0,0.0,0.0
1.1655406220959801e-79,1.0,0.0,0.0
1.1310936911172404e-79,1.0,0.0,0.0
1.0976648207975281e-79,1.0,0.0,0.0
1.0652239228974553e-79,1.0,0.0,0.0
1.0337417984194897e-79,1.0,0.0,0.0
1.0031901113268867e-79,1.0,0.0,0.0
9.735413630393426e-80,1.0,0.0,0.0
9.447688676824173e-80,1.0,0.0,0.0
9.168467280684466e-80,1.0,0.0,0.0
8.897498123873247e-80,1.0,0.0,0.0
8.634537315861797e-80,1.0,0.0,0.0
8.379348174175794e-80,1.0,0.0,0.0
8.131701011365116e-80,1.0,0.0,0.0
7.891372928269635e-80,1.0,0.0,0.0
7.658147613394927e-80,1.0,0.0,0.0
7.431815148217329e-80,1.0,0.0,0.0
7.212171818243101e-80,1.0,0.0,0.0
6.999019929651633e-80,1.0,0.0,0.0
6.792167631357666e-80,1.0,0.0,0.0
6.591428742332364e-80,1.0,0.0,0.0
6.396622584027822e-80,1.0,0.0,0.0
6.207573817754184e-80,1.0,0.0,0.0
6.024112286862984e-80,1.0,0.0,0.0
5.8460728635946814e-80,1.0,0.0,0.0
5.6732953004525316e-80,1.0,0.0,0.0
5.505624085969023e-80,1.0,0.0,0.0
5.342908304735065e-80,1.0,0.0,0.0
5.185001501565928e-80,1.0,0.0,0.0
5.031761549681698e-80,1.0,0.0,0.0
4.883050522783583e-80,1.0,0.0,0.0
4.7387345709109304e-80,1.0,0.0,0.0
4.598683799967236e-80,1.0,0.0,0.0
4.462772154806682e-80,1.0,0.0,0.0
4.3308773057760086e-80,1.0,0.0,0.0
4.202880538609561e-80,1.0,0.0,0.0
4.078666647578443e-80,1.0,0.0,0.0
3.958123831797585e-80,1.0,0.0,0.0
3.841143594597403e-80,1.0,0.0,0.0
3.72762064586947e-80,1.0,0.0,0.0
3.617452807298318e-80,1.0,0.0,0.0
3.5105409203940515e-80,1.0,0.0,0.0
3.406788757243022e-80,1.0,0.0,0.0
3.3061029338962034e-80,1.0,0.0,0.0
3.2083928263173423e-80,1.0,0.0,0.0
3.113570488815204e-80,1.0,0.0,0.0
3.021550574886519e-80,1.0,0.0,0.0
2.9322502603983674e-80,1.0,0.0,0.0
2.84558916904087e-80,1.0,0.0,0.0
2.761489299983086e-80,1.0,0.0,0.0
2.6798749576669996e-80,1.0,0.0,0.0
2.60067268367641e-80,1.0,0.0,0.0
2.523811190619399e-80,1.0,0.0,0.0
2.4492212979648657e-80,1.0,0.0,0.0
2.3768358697753814e-80,1.0,0.0,0.0
2.3065897542803158e-80,1.0,0.0,0.0
2.2384197252348423e-80,1.0,0.0,0.0
2.172264425012055e-80,1.0,0.0,0.0
2.1080643093769606e-80,1.0,0.0,0.0
2.0457615938926498e-80,1.0,0.0,0.0
1.985300201910403e-80,1.0,0.0,0.0
1.926625714096924e-80,1.0,0.0,0.0
1.869685319453264e-80,1.0,0.0,0.0
1.814427767781362e-80,1.0,0.0,0.0
1.760803323555405e-80,1.0,0.0,0.0
1.708763721156499e-80,1.0,0.0,0.0
1.6582621214303549e-80,1.0,0.0,0.0
1.609253069528888e-80,1.0,0.0,0.0
1.5616924539977875e-80,1.0,0.0,0.0
1.5155374670732304e-80,1.0,0.0,0.0
1.4707465661520041e-80,1.0,0.0,0.0
1.4272794364003613e-80,1.0,0.0,0.0
1.3850969544679476e-80,1.0,0.0,0.0
1.3441611532741471e-80,1.0,0.0,0.0
1.3044351878351451e-80,1.0,0.0,0.0
1.265883302100959e-80,1.0,0.0,0.0
1.2284707967725776e-80,1.0,0.0,0.0
1.1921639980702518e-80,1.0,0.0,0.0
1.1569302274248196e-80,1.0,0.0,0.0
1.122737772064788e-80,1.0,0.0,0.0
1.0895558564726992e-80,1.0,0.0,0.0
1.057354614685087e-80,1.0,0.0,0.0
1.0261050634110947e-80,1.0,0.0,0.0
9.957790759455574e-81,1.0,0.0,0.0
9.663493568530683e-81,1.0,0.0,0.0
9.377894174002452e-81,1.0,0.0,0.0
9.100735517140822e-81,1.0,0.0,0.0
8.831768136449307e-81,1.0,0.0,0.0
8.570749943132792e-81,1.0,0.0,0.0
8.3174460032012835e-81,1.0,0.0,0.0
8.071628326013474e-81,1.0,0.0,0.0
7.833075659069766e-81,1.0,0.0,0.0
7.601573288870092e-81,1.0,0.0,0.0
7.376912847657279e-81,1.0,0.0,0.0
7.158892125872001e-81,1.0,0.0,0.0
6.9473148901505255e-81,1.0,0.0,0.0
6.741990706701449e-81,1.0,0.0,0.0
6.542734769902428e-81,1.0,0.0,0.0
6.349367735962645e-81,1.0,0.0,0.0
6.161715561501298e-81,1.0,0.0,0.0
5.979609346896808e-81,1.0,0.0,0.0
5.8028851842657615e-81,1.0,0.0,0.0
5.631384009934754e-81,1.0,0.0,0.0
5.464951461272348e-81,1.0,0.0,0.0
5.303437737752286e-81,1.0,0.0,0.0
5.14669746612291e-81,1.0,0.0,0.0
4.99458956956142e-81,1.0,0.0,0.0
4.846977140695215e-81,1.0,0.0,0.0
4.703727318376017e-81,1.0,0.0,0.0
4.56471116809587e-81,1.0,0.0,0.0
4.429803565937382e-81,1.0,0.0,0.0
4.298883085953756e-81,1.0,0.0,0.0
4.17183189087724e-81,1.0,0.0,0.0
4.048535626057635e-81,1.0,0.0,0.0
3.9288833165353926e-81,1.0,0.0,0.0
3.812767267156659e-81,1.0,0.0,0.0
3.7000829656403726e-81,1.0,0.0,0.0
3.5907289885101543e-81,1.0,0.0,0.0
3.4846069098063347e-81,1.0,0.0,0.0
3.3816212124959466e-81,1.0,0.0,0.0
3.2816792025009513e-81,1.0,0.0,0.0
3.18469092526731e-81,1.0,0.0,0.0
3.090569084799816e-81,1.0,0.0,0.0
2.9992289650898063e-81,1.0,0.0,0.0
2.9105883538650373e-81,1.0,0.0,0.0
2.82456746859309e-81,1.0,0.0,0.0
2.7410888846717076e-81,1.0,0.0,0.0
2.6600774657414275e-81,1.0,0.0,0.0
2.581460296057787e-81,1.0,0.0,0.0
2.505166614862232e-81,1.0,0.0,0.0
2.4311277526926595e-81,1.0,0.0,0.0
2.3592770695762664e-81,1.0,0.0,0.0
2.2895498950490757e-81,1.0,0.0,0.0
2.221883469948157e-81,1.0,0.0,0.0
2.156216889924141e-81,1.0,0.0,0.0
2.092491050623198e-81,1.0,0.0,0.0
2.0306485944891277e-81,1.0,0.0,0.0
1.9706338591376887e-81,1.0,0.0,0.0
1.9123928272566967e-81,1.0,0.0,0.0
1.8558730779867965e-81,1.0,0.0,0.0
1.801023739739152e-81,1.0,0.0,0.0
1.7477954444075825e-81,1.0,0.0,0.0
1.696140282933935e-81,1.0,0.0,0.0
1.6460117621866987e-81,1.0,0.0,0.0
1.597364763114049e-81,1.0,0.0,0.0
1.5501555001336554e-81,1.0,0.0,0.0
1.5043414817227033e-81,1.0,0.0,0.0
1.4598814721726546e-81,1.0,0.0,0.0
1.4167354544743274e-81,1.0,0.0,0.0
1.3748645942998878e-81,1.0,0.0,0.0
1.3342312050493317e-81,1.0,0.0,0.0
1.2947987139300046e-81,1.0,0.0,0.0
1.256531629038617e-81,1.0,0.0,0.0
1.2193955074161377e-81,1.0,0.0,0.0
1.1833569240468057e-81,1.0,0.0,0.0
1.1483834417733606e-81,1.0,0.0,0.0
1.1144435821014109e-81,1.0,0.0,0.0
1.0815067968666657e-81,1.0,0.0,0.0
1.0495434407395244e-81,1.0,0.0,0.0
1.0185247445422792e-81,1.0,0.0,0.0
9.884227893549145e-82,1.0,0.0,0.0
9.592104813861939e-82,1.0,0.0,0.0
9.308615275874194e-82,1.0,0.0,0.0
9.033504119869136e-82,1.0,0.0,0.0
8.766523727239227e-82,1.0,0.0,0.0
8.507433797612712e-82,1.0,0.0,0.0
8.256001132567057e-82,1.0,0.0,0.0
8.011999425734642e-82,1.0,0.0,0.0
7.775209059111749e-82,1.0,0.0,0.0
7.545416905387536e-82,1.0,0.0,0.0
7.322416136115081e-82,1.0,0.0,0.0
7.106006035551812e-82,1.0,0.0,0.0
6.8959918200018e-82,1.0,0.0,0.0
6.69218446249728e-82,1.0,0.0,0.0
6.49440052266163e-82,1.0,0.0,0.0
6.302461981600644e-82,1.0,0.0,0.0
6.116196081673519e-82,1.0,0.0,0.0
5.935435170999318e-82,1.0,0.0,0.0
5.760016552558954e-82,1.0,0.0,0.0
5.58978233775691e-82,1.0,0.0,0.0
5.424579304310827e-82,1.0,0.0,0.0
5.264258758341124e-82,1.0,0.0,0.0
5.1086764005364636e-82,1.0,0.0,0.0
4.9576921962746376e-82,1.0,0.0,0.0
4.81117024958195e-82,1.0,0.0,0.0
4.668978680817676e-82,1.0,0.0,0.0
4.5309895079734806e-82,1.0,0.0,0.0
4.397078531480974e-82,1.0,0.0,0.0
4.2671252224237196e-82,1.0,0.0,0.0
4.141012614053074e-82,1.0,0.0,0.0
4.018627196510218e-82,1.0,0.0,0.0
3.899858814659625e-82,1.0,0.0,0.0
3.7846005689420023e-82,1.0,0.0,0.0
3.6727487191574754e-82,1.0,0.0,0.0
3.5642025910924045e-82,1.0,0.0,0.0
3.4588644859058013e-82,1.0,0.0,0.0
3.356639592193775e-82,1.0,0.0,0.0
3.25743590065287e-82,1.0,0.0,0.0
3.1611641212654866e-82,1.0,0.0,0.0
3.067737602932835e-82,1.0,0.0,0.0
2.9770722554831e-82,1.0,0.0,0.0
2.889086473984613e-82,1.0,0.0,0.0
2.8037010652959035e-82,1.0,0.0,0.0
2.720839176786527e-82,1.0,0.0,0.0
2.6404262271645114e-82,1.0,0.0,0.0
2.5623898393481632e-82,1.0,0.0,0.0
2.4866597753218048e-82,1.0,0.0,0.0
2.413167872916824e-82,1.0,0.0,0.0
2.3418479844611193e-82,1.0,0.0,0.0
2.2726359172417328e-82,1.0,0.0,0.0
2.205469375727074e-82,1.0,0.0,0.0
2.1402879054967396e-82,1.0,0.0,0.0
2.077032838828453e-82,1.0,0.0,0.0
2.015647241893156e-82,1.0,0.0,0.0
1.9560758635107194e-82,1.0,0.0,0.0
1.898265085420152e-82,1.0,0.0,0.0
1.8421628740195487e-82,1.0,0.0,0.0
1.7877187335323348e-82,1.0,0.0,0.0
1.7348836605576608e-82,1.0,0.0,0.0
1.683610099964033e-82,1.0,0.0,0.0
1.6338519020864867e-82,1.0,0.0,0.0
1.5855642811887733e-82,1.0,0.0,0.0
1.5387037751531742e-82,1.0,0.0,0.0
1.493228206361662e-82,1.0,0.0,0.0
1.4490966437331985e-82,1.0,0.0,0.0
1.4062693658829973e-82,1.0,0.0,0.0
1.3647078253705994e-82,1.0,0.0,0.0
1.324374614004573e-82,1.0,0.0,0.0
1.2852334291726181e-82,1.0,0.0,0.0
1.2472490411667643e-82,1.0,0.0,0.0
1.2103872614742563e-82,1.0,0.0,0.0
1.1746149120055855e-82,1.0,0.0,0.0
1.1398997952319696e-82,1.0,0.0,0.0
1.1062106652054044e-82,1.0,0.0,0.0
1.0735171994352012e-82,1.0,0.0,0.0
1.041789971595699e-82,1.0,0.0,0.0
1.0110004250405854e-82,1.0,0.0,0.0
9.811208470999879e-83,1.0,0.0,0.0
9.521243441371999e-83,1.0,0.0,0.0
9.239848173425936e-83,1.0,0.0,0.0
8.966769392429294e-83,1.0,0.0,0.0
8.70176130904921e-83,1.0,0.0,0.0
8.444585398125359e-83,1.0,0.0,0.0
8.19501018398122e-83,1.0,0.0,0.0
7.95281103208034e-83,1.0,0.0,0.0
7.717769946840094e-83,1.0,0.0,0.0
7.489675375420944e-83,1.0,0.0,0.0
7.26832201731461e-83,1.0,0.0,0.0
7.053510639559753e-83,1.0,0.0,0.0
6.845047897418869e-83,1.0,0.0,0.0
6.642746160354968e-83,1.0,0.0,0.0
6.4464233431514406e-83,1.0,0.0,0.0
6.255902742023059e-83,1.0,0.0,0.0
6.0710128755706555e-83,1.0,0.0,0.0
5.891587330436287e-83,1.0,0.0,0.0
5.71746461151998e-83,1.0,0.0,0.0
5.548487996623243e-83,1.0,0.0,0.0
5.3845053953885115e-83,1.0,0.0,0.0
5.2253692124075586e-83,1.0,0.0,0.0
5.070936214375671e-83,1.0,0.0,0.0
4.9210674011720024e-83,1.0,0.0,0.0
4.77562788075009e-83,1.0,0.0,0.0
4.634486747725902e-83,1.0,0.0,0.0
4.497516965554164e-83,1.0,0.0,0.0
4.364595252186892e-83,1.0,0.0,0.0
4.2356019691112246e-83,1.0,0.0,0.0
4.110421013666693e-83,1.0,0.0,0.0
3.98893971454499e-83,1.0,0.0,0.0
3.871048730378185e-83,1.0,0.0,0.0
3.7566419513241174e-83,1.0,0.0,0.0
3.645616403560375e-83,1.0,0.0,0.0
3.537872156600903e-83,1.0,0.0,0.0
3.433312233351828e-83,1.0,0.0,0.0
3.3318425228255186e-83,1.0,0.0,0.0
3.233371695434357e-83,1.0,0.0,0.0
3.1378111207879367e-83,1.0,0.0,0.0
3.045074787919735e-83,1.0,0.0,0.0
2.9550792278714356e-83,1.0,0.0,0.0
2.867743438565233e-83,1.0,0.0,0.0
2.782988811896498e-83,1.0,0.0,0.0
2.7007390629811756e-83,1.0,0.0,0.0
2.6209201614942417e-83,1.0,0.0,0.0
2.5434602650374154e-83,1.0,0.0,0.0
2.468289654476151e-83,1.0,0.0,0.0
2.3953406711877114e-83,1.0,0.0,0.0
2.3245476561638417e-83,1.0,0.0,0.0
2.2558468909132308e-83,1.0,0.0,0.0
2.189176540110568e-83,1.0,0.0,0.0
2.1244765959405787e-83,1.0,0.0,0.0
2.0616888240869382e-83,1.0,0.0,0.0
2.0007567113174585e-83,1.0,0.0,0.0
1.9416254146183655e-83,1.0,0.0,0.0
1.884241711831885e-83,1.0,0.0,0.0
1.8285539537527073e-83,1.0,0.0,0.0
1.774512017640219e-83,1.0,0.0,0.0
1.7220672621046515e-83,1.0,0.0,0.0
1.6711724833265496e-83,1.0,0.0,0.0
1.6217818725701465e-83,1.0,0.0,0.0
1.5738509749524104e-83,1.0,0.0,0.0
1.5273366494306497e-83,1.0,0.0,0.0
1.4821970299726634e-83,1.0,0.0,0.0
1.438391487874486e-83,1.0,0.0,0.0
1.3958805951918122e-83,1.0,0.0,0.0
1.3546260892521858e-83,1.0,0.0,0.0
1.3145908382160126e-83,1.0,0.0,0.0
1.2757388076553982e-83,1.0,0.0,0.0
1.2380350281207316e-83,1.0,0.0,0.0
1.2014455636658195e-83,1.0,0.0,0.0
1.1659374813032457e-83,1.0,0.0,0.0
1.131478821362459e-83,1.0,0.0,0.0
1.0980385687239124e-83,1.0,0.0,0.0
1.0655866249033633e-83,1.0,0.0,0.0
1.0340937809612054e-83,1.0,0.0,0.0
1.0035316912124525e-83,1.0,0.0,0.0
9.738728477137087e-84,1.0,0.0,0.0
9.450905555041625e-84,1.0,0.0,0.0
9.17158908578321e-84,1.0,0.0,0.0
8.900527665688562e-84,1.0,0.0,0.0
8.637477321185777e-84,1.0,0.0,0.0
8.382201289211653e-84,1.0,0.0,0.0
8.134469804108941e-84,1.0,0.0,0.0
7.894059890821759e-84,1.0,0.0,0.0
7.660755164202989e-84,1.0,0.0,0.0
7.434345634253038e-84,1.0,0.0,0.0
7.214627517114672e-84,1.0,0.0,0.0
7.001403051653785e-84,1.0,0.0,0.0
6.794480321461036e-84,1.0,0.0,0.0
6.593673082114127e-84,1.0,0.0,0.0
6.398800593545251e-84,1.0,0.0,0.0
6.209687457362839e-84,1.0,0.0,0.0
6.026163458981161e-84,1.0,0.0,0.0
5.848063414415719e-84,1.0,0.0,0.0
5.6752270216065095e-84,1.0,0.0,0.0
5.507498716135352e-84,1.0,0.0,0.0
5.344727531207411e-84,1.0,0.0,0.0
5.1867669617708965e-84,1.0,0.0,0.0
5.033474832652623e-84,1.0,0.0,0.0
4.884713170590767e-84,1.0,0.0,0.0
4.740348080049612e-84,1.0,0.0,0.0
4.6002496227045335e-84,1.0,0.0,0.0
4.464291700488737e-84,1.0,0.0,0.0
4.332351942096487e-84,1.0,0.0,0.0
4.204311592840674e-84,1.0,0.0,0.0
4.0800554077655813e-84,1.0,0.0,0.0
3.959471547918643e-84,1.0,0.0,0.0
3.842451479687846e-84,1.0,0.0,0.0
3.7288898771141487e-84,1.0,0.0,0.0
3.618684527091012e-84,1.0,0.0,0.0
3.5117362373657034e-84,1.0,0.0,0.0
3.407948747259577e-84,1.0,0.0,0.0
3.307228641026964e-84,1.0,0.0,0.0
3.209485263774699e-84,1.0,0.0,0.0
3.1146306398665977e-84,1.0,0.0,0.0
3.0225793937394446e-84,1.0,0.0,0.0
2.9332486730592264e-84,1.0,0.0,0.0
2.8465580741484405e-84,1.0,0.0,0.0
2.7624295696173553e-84,1.0,0.0,0.0
2.680787438134097e-84,1.0,0.0,0.0
2.601558196270339e-84,1.0,0.0,0.0
2.5246705323612566e-84,1.0,0.0,0.0
2.4500552423202163e-84,1.0,0.0,0.0
2.377645167350428e-84,1.0,0.0,0.0
2.3073751334974937e-84,1.0,0.0,0.0
2.239181892988453e-84,1.0,0.0,0.0
2.1730040673045144e-84,1.0,0.0,0.0
2.1087820919362505e-84,1.0,0.0,0.0
2.0464581627715163e-84,1.0,0.0,0.0
1.9859761840678485e-84,1.0,0.0,0.0
1.9272817179625114e-84,1.0,0.0,0.0
1.8703219354747463e-84,1.0,0.0,0.0
1.8150455689561233e-84,1.0,0.0,0.0
1.7614028659461978e-84,1.0,0.0,0.0
1.7093455443919378e-84,1.0,0.0,0.0
1.658826749190618e-84,1.0,0.0,0.0
1.6098010100170668e-84,1.0,0.0,0.0
1.5622242003973013e-84,1.0,0.0,0.0
1.5160534979917261e-84,1.0,0.0,0.0
1.4712473460521352e-84,1.0,0.0,0.0
1.4277654160178354e-84,1.0,0.0,0.0
1.385568571217219e-84,1.0,0.0,0.0
1.344618831642119e-84,1.0,0.0,0.0
1.3048793397632376e-84,1.0,0.0,0.0
1.2663143273558826e-84,1.0,0.0,0.0
1.2288890833061517e-84,1.0,0.0,0.0
1.1925699223685867e-84,1.0,0.0,0.0
1.1573241548471792e-84,1.0,0.0,0.0
1.1231200571724385e-84,1.0,0.0,0.0
1.0899268433480376e-84,1.0,0.0,0.0
1.057714637241339e-84,1.0,0.0,0.0
1.0264544456928588e-84,1.0,0.0,0.0
9.961181324204667e-85,1.0,0.0,0.0
9.66678392694833e-85,1.0,0.0,0.0
9.381087287633293e-85,1.0,0.0,0.0
9.103834260002631e-85,1.0,0.0,0.0
8.83477529761979e-85,1.0,0.0,0.0
8.573668229259952e-85,1.0,0.0,0.0
8.320278040939593e-85,1.0,0.0,0.0
8.074376664388027e-85,1.0,0.0,0.0
7.835742771770583e-85,1.0,0.0,0.0
7.604161576478608e-85,1.0,0.0,0.0
7.379424639807024e-85,1.0,0.0,0.0
7.161329683345428e-85,1.0,0.0,0.0
6.949680406913873e-85,1.0,0.0,0.0
6.74428631187945e-85,1.0,0.0,0.0
6.544962529694672e-85,1.0,0.0,0.0
6.351529655503297e-85,1.0,0.0,0.0
6.16381358666385e-85,1.0,0.0,0.0
5.981645366045502e-85,1.0,0.0,0.0
5.804861029955242e-85,1.0,0.0,0.0
5.633301460559489e-85,1.0,0.0,0.0
5.466812242667308e-85,1.0,0.0,0.0
5.30524352474631e-85,1.0,0.0,0.0
5.148449884046164e-85,1.0,0.0,0.0
4.996290195708305e-85,1.0,0.0,0.0
4.848627505744038e-85,1.0,0.0,0.0
4.705328907766704e-85,1.0,0.0,0.0
4.566265423366963e-85,1.0,0.0,0.0
4.4313118860235224e-85,1.0,0.0,0.0
4.3003468284448164e-85,1.0,0.0,0.0
4.1732523732402494e-85,1.0,0.0,0.0
4.0499141268225877e-85,1.0,0.0,0.0
3.9302210764460113e-85,1.0,0.0,0.0
3.8140654902871494e-85,1.0,0.0,0.0
3.7013428204791684e-85,1.0,0.0,0.0
3.5919516090116375e-85,1.0,0.0,0.0
3.4857933964114696e-85,1.0,0.0,0.0
3.382772633122754e-85,1.0,0.0,0.0
3.282796593505704e-85,1.0,0.0,0.0
3.1857752923773246e-85,1.0,0.0,0.0
3.091621404018675e-85,1.0,0.0,0.0
3.000250183575828e-85,1.0,0.0,0.0
2.91157939078378e-85,1.0,0.0,0.0
2.825529215944665e-85,1.0,0.0,0.0
2.7420222080936394e-85,1.0,0.0,0.0
2.6609832052877856e-85,1.0,0.0,0.0
2.582339266955291e-85,1.0,0.0,0.0
2.506019608244011e-85,1.0,0.0,0.0
2.4319555363103253e-85,1.0,0.0,0.0
2.360080388490941e-85,1.0,0.0,0.0
2.2903294723019987e-85,1.0,0.0,0.0
2.2226400072114693e-85,1.0,0.0,0.0
2.1569510681324383e-85,1.0,0.0,0.0
2.0932035305864167e-85,1.0,0.0,0.0
2.0313400174873198e-85,1.0,0.0,0.0
1.9713048474982162e-85,1.0,0.0,0.0
1.9130439849143687e-85,1.0,0.0,0.0
1.8565049910274516e-85,1.0,0.0,0.0
1.8016369769271745e-85,1.0,0.0,0.0
1.748390557697828e-85,1.0,0.0,0.0
1.696717807968529e-85,1.0,0.0,0.0
1.646572218777149e-85,1.0,0.0,0.0
1.597908655709112e-85,1.0,0.0,0.0
1.5506833182733742e-85,1.0,0.0,0.0
1.5048537004790256e-85,1.0,0.0,0.0
1.4603785525770307e-85,1.0,0.0,0.0
1.4172178439326692e-85,1.0,0.0,0.0
1.3753327269952634e-85,1.0,0.0,0.0
1.3346855023327614e-85,1.0,0.0,0.0
1.2952395846997035e-85,1.0,0.0,0.0
1.2569594701080322e-85,1.0,0.0,0.0
1.2198107038711066e-85,1.0,0.0,0.0
1.183759849592159e-85,1.0,0.0,0.0
1.1487744590692826e-85,1.0,0.0,0.0
1.1148230430898575e-85,1.0,0.0,0.0
1.0818750430881359e-85,1.0,0.0,0.0
1.0499008036404704e-85,1.0,0.0,0.0
1.0188715457734303e-85,1.0,0.0,0.0
9.887593410607843e-86,1.0,0.0,0.0
9.595370864860312e-86,1.0,0.0,0.0
9.311784800478563e-86,1.0,0.0,0.0
9.036579970865557e-86,1.0,0.0,0.0
8.769508673101183e-86,1.0,0.0,0.0
8.510330524992932e-86,1.0,0.0,0.0
8.258812248715684e-86,1.0,0.0,0.0
8.01472746084593e-86,1.0,0.0,0.0
7.77785646860141e-86,1.0,0.0,0.0
7.547986072102785e-86,1.0,0.0,0.0
7.324909372479354e-86,1.0,0.0,0.0
7.108425585646104e-86,1.0,0.0,0.0
6.89833986158449e-86,1.0,0.0,0.0
6.694463108964261e-86,1.0,0.0,0.0
6.496611824948508e-86,1.0,0.0,0.0
6.304607930028715e-86,1.0,0.0,0.0
6.1182786077411996e-86,1.0,0.0,0.0
5.937456149120615e-86,1.0,0.0,0.0
5.761977801750575e-86,1.0,0.0,0.0
5.5916856232754875e-86,1.0,0.0,0.0
5.426426339241782e-86,1.0,0.0,0.0
5.2660512051405495e-86,1.0,0.0,0.0
5.1104158725274515e-86,1.0,0.0,0.0
4.959380259099375e-86,1.0,0.0,0.0
4.8128084226109055e-86,1.0,0.0,0.0
4.670568438517136e-86,1.0,0.0,0.0
4.5325322812326666e-86,1.0,0.0,0.0
4.39857570889994e-86,1.0,0.0,0.0
4.268578151563187e-86,1.0,0.0,0.0
4.142422602647325e-86,1.0,0.0,0.0
4.019995513644148e-86,1.0,0.0,0.0
3.9011866919110005e-86,1.0,0.0,0.0
3.7858892014899674e-86,1.0,0.0,0.0
3.673999266858293e-86,1.0,0.0,0.0
3.565416179523405e-86,1.0,0.0,0.0
3.460042207378476e-86,1.0,0.0,0.0
3.3577825067369336e-86,1.0,0.0,0.0
3.258545036966737e-86,1.0,0.0,0.0
3.162240477647598e-86,1.0,0.0,0.0
3.0687821481765782e-86,1.0,0.0,0.0
2.9780859297496914e-86,1.0,0.0,0.0
2.890070189649304e-86,1.0,0.0,0.0
2.8046557077691827e-86,1.0,0.0,0.0
2.7217656053110485e-86,1.0,0.0,0.0
2.6413252755884724e-86,1.0,0.0,0.0
2.563262316875821e-86,1.0,0.0,0.0
2.4875064672418177e-86,1.0,0.0,0.0
2.4139895413090627e-86,1.0,0.0,0.0
2.3426453688825913e-86,1.0,0.0,0.0
2.273409735392232e-86,1.0,0.0,0.0
2.206220324095161e-86,1.0,0.0,0.0
2.1410166599866266e-86,1.0,0.0,0.0
2.077740055368364e-86,1.0,0.0,0.0
2.0163335570257062e-86,1.0,0.0,0.0
1.9567418949658476e-86,1.0,0.0,0.0
1.8989114326711185e-86,1.0,0.0,0.0
1.8427901188225008e-86,1.0,0.0,0.0
1.7883274404499278e-86,1.0,0.0,0.0
1.7354743774672015e-86,1.0,0.0,0.0
1.6841833585506073e-86,1.0,0.0,0.0
1.6344082183215116e-86,1.0,0.0,0.0
1.5861041557944058e-86,1.0,0.0,0.0
1.5392276940529953e-86,1.0,0.0,0.0
1.4937366411180406e-86,1.0,0.0,0.0
1.4495900519717292e-86,1.0,0.0,0.0
1.4067481917043948e-86,1.0,0.0,0.0
1.3651724997504187e-86,1.0,0.0,0.0
1.3248255551811168e-86,1.0,0.0,0.0
1.2856710430233789e-86,1.0,0.0,0.0
1.2476737215737422e-86,1.0,0.0,0.0
1.2107993906784792e-86,1.0,0.0,0.0
1.1750148609511516e-86,1.0,0.0,0.0
1.1402879238999225e-86,1.0,0.0,0.0
1.1065873229377397e-86,1.0,0.0,0.0
1.0738827252492984e-86,1.0,0.0,0.0
1.0421446944894601e-86,1.0,0.0,0.0
1.0113446642885548e-86,1.0,0.0,0.0
9.814549125407211e-87,1.0,0.0,0.0
9.524485364521396e-87,1.0,0.0,0.0
9.24299428326703e-87,1.0,0.0,0.0
8.96982252067327e-87,1.0,0.0,0.0
8.704724203717543e-87,1.0,0.0,0.0
8.447460726023215e-87,1.0,0.0,0.0
8.197800533097762e-87,1.0,0.0,0.0
7.955518913918091e-87,1.0,0.0,0.0
7.720397798675462e-87,1.0,0.0,0.0
7.492225562497933e-87,1.0,0.0,0.0
7.2707968349737015e-87,1.0,0.0,0.0
7.055912315303865e-87,1.0,0.0,0.0
6.847378592918256e-87,1.0,0.0,0.0
6.645007973392881e-87,1.0,0.0,0.0
6.448618309512261e-87,1.0,0.0,0.0
6.258032837324648e-87,1.0,0.0,0.0
6.073080017042545e-87,1.0,0.0,0.0
5.893593378645312e-87,1.0,0.0,0.0
5.719411372044916e-87,1.0,0.0,0.0
5.550377221679949e-87,1.0,0.0,0.0
5.386338785407039e-87,1.0,0.0,0.0
5.227148417562661e-87,1.0,0.0,0.0
5.072662836072065e-87,1.0,0.0,0.0
4.922742993485743e-87,1.0,0.0,0.0
4.777253951827345e-87,1.0,0.0,0.0
4.6360647611403845e-87,1.0,0.0,0.0
4.499048341624447e-87,1.0,0.0,0.0
4.366081369254788e-87,1.0,0.0,0.0
4.237044164782394e-87,1.0,0.0,0.0
4.111820586014573e-87,1.0,0.0,0.0
3.9902979232791503e-87,1.0,0.0,0.0
3.8723667979781514e-87,1.0,0.0,0.0
3.7579210641396857e-87,1.0,0.0,0.0
3.646857712879405e-87,1.0,0.0,0.0
3.5390767796855586e-87,1.0,0.0,0.0
3.434481254444183e-87,1.0,0.0,0.0
3.3329769941234547e-87,1.0,0.0,0.0
3.234472638038607e-87,1.0,0.0,0.0
3.138879525621147e-87,1.0,0.0,0.0
3.0461116166183604e-87,1.0,0.0,0.0
2.9560854136512805e-87,1.0,0.0,0.0
2.8687198870614063e-87,1.0,0.0,0.0
2.7839364019785467e-87,1.0,0.0,0.0
2.7016586475441252e-87,1.0,0.0,0.0
2.621812568226262e-87,1.0,0.0,0.0
2.544326297164793e-87,1.0,0.0,0.0
2.4691300914862486e-87,1.0,0.0,0.0
2.396156269530559e-87,1.0,0.0,0.0
2.325339149932992e-87,1.0,0.0,0.0
2.256614992506494e-87,1.0,0.0,0.0
2.1899219408712168e-87,1.0,0.0,0.0
2.125199966779604e-87,1.0,0.0,0.0
2.062390816086915e-87,1.0,0.0,0.0
2.0014379563185642e-87,1.0,0.0,0.0
1.9422865257870782e-87,1.0,0.0,0.0
1.8848832842128743e-87,1.0,0.0,0.0
1.8291765648044156e-87,1.0,0.0,0.0
1.7751162277546125e-87,1.0,0.0,0.0
1.7226536151116116e-87,1.0,0.0,0.0
1.6717415069833549e-87,1.0,0.0,0.0
1.6223340790364912e-87,1.0,0.0,0.0
1.5743868612513825e-87,1.0,0.0,0.0
1.527856697896085e-87,1.0,0.0,0.0
1.4827017086832788e-87,1.0,0.0,0.0
1.4388812510751814e-87,1.0,0.0,0.0
1.3963558837025224e-87,1.0,0.0,0.0
1.3550873308646474e-87,1.0,0.0,0.0
1.3150384480788055e-87,1.0,0.0,0.0
1.276173188647608e-87,1.0,0.0,0.0
1.2384565712145675e-87,1.0,0.0,0.0
1.2018546482785158e-87,1.0,0.0,0.0
1.1663344756385629e-87,1.0,0.0,0.0
1.1318640827420915e-87,1.0,0.0,0.0
1.0984124439091031e-87,1.0,0.0,0.0
1.0659494504070115e-87,1.0,0.0,0.0
1.0344458833507513e-87,1.0,0.0,0.0
1.0038733874038103e-87,1.0,0.0,0.0
9.742044452565111e-88,1.0,0.0,0.0
9.454123528585775e-88,1.0,0.0,0.0
9.174711953836855e-88,1.0,0.0,0.0
8.903558239043712e-88,1.0,0.0,0.0
8.640418327562985e-88,1.0,0.0,0.0
8.385055375715143e-88,1.0,0.0,0.0
8.137239539609189e-88,1.0,0.0,0.0
7.896747768267643e-88,1.0,0.0,0.0
7.663363602865615e-88,1.0,0.0,0.0
7.436876981903244e-88,1.0,0.0,0.0
7.217084052136182e-88,1.0,0.0,0.0
7.00378698509391e-88,1.0,0.0,0.0
6.796793799020762e-88,1.0,0.0,0.0
6.595918186079394e-88,1.0,0.0,0.0
6.400979344661149e-88,1.0,0.0,0.0
6.211801816652414e-88,1.0,0.0,0.0
6.028215329510471e-88,1.0,0.0,0.0
5.850054643006722e-88,1.0,0.0,0.0
5.677159400499324e-88,1.0,0.0,0.0
5.509373984601397e-88,1.0,0.0,0.0
5.346547377114867e-88,1.0,0.0,0.0
5.188533023103899e-88,1.0,0.0,0.0
5.035188698985564e-88,1.0,0.0,0.0
4.886376384519014e-88,1.0,0.0,0.0
4.7419621385779496e-88,1.0,0.0,0.0
4.60181597859457e-88,1.0,0.0,0.0
4.465811763566486e-88,1.0,0.0,0.0
4.333827080521307e-88,1.0,0.0,0.0
4.2057431343367045e-88,1.0,0.0,0.0
4.081444640816781e-88,1.0,0.0,0.0
3.9608197229285184e-88,1.0,0.0,0.0
3.843759810104893e-88,1.0,0.0,0.0
3.7301595405240416e-88,1.0,0.0,0.0
3.6199166662765085e-88,1.0,0.0,0.0
3.5129319613352265e-88,1.0,0.0,0.0
3.409109132245398e-88,1.0,0.0,0.0
3.3083547314538843e-88,1.0,0.0,0.0
3.210578073200103e-88,1.0,0.0,0.0
3.1156911518927207e-88,1.0,0.0,0.0
3.0236085628986833e-88,1.0,0.0,0.0
2.9342474256732834e-88,1.0,0.0,0.0
2.847527309162073e-88,1.0,0.0,0.0
2.763370159407489e-88,1.0,0.0,0.0
2.681700229295023e-88,1.0,0.0,0.0
2.602444010375706e-88,1.0,0.0,0.0
2.5255301667035424e-88,1.0,0.0,0.0
2.4508894706283458e-88,1.0,0.0,0.0
2.3784547404861798e-88,1.0,0.0,0.0
2.3081607801313285e-88,1.0,0.0,0.0
2.2399443202553633e-88,1.0,0.0,0.0
2.173743961440497e-88,1.0,0.0,0.0
2.1095001188959626e-88,1.0,0.0,0.0
2.047154968827681e-88,1.0,0.0,0.0
1.9866523963929432e-88,1.0,0.0,0.0
1.9279379451932664e-88,1.0,0.0,0.0
1.870958768259958e-88,1.0,0.0,0.0
1.8156635804882774e-88,1.0,0.0,0.0
1.7620026124773822e-88,1.0,0.0,0.0
1.7099275657345076e-88,1.0,0.0,0.0
1.6593915692030624e-88,1.0,0.0,0.0
1.610349137075516e-88,1.0,0.0,0.0
1.562756127853101e-88,1.0,0.0,0.0
1.516569704615486e-88,1.0,0.0,0.0
1.4717482964646553e-88,1.0,0.0,0.0
1.4282515611082955e-88,1.0,0.0,0.0
1.3860403485490105e-88,1.0,0.0,0.0
1.3450766658466804e-88,1.0,0.0,0.0
1.3053236429222522e-88,1.0,0.0,0.0
1.2667454993721796e-88,1.0,0.0,0.0
1.2293075122636451e-88,1.0,0.0,0.0
1.1929759848815777e-88,1.0,0.0,0.0
1.1577182163993345e-88,1.0,0.0,0.0
1.1235024724457503e-88,1.0,0.0,0.0
1.0902979565420608e-88,1.0,0.0,0.0
1.0580747823829945e-88,1.0,0.0,0.0
1.0268039469370802e-88,1.0,0.0,0.0
9.964573043419615e-89,1.0,0.0,0.0
9.67007540571221e-89,1.0,0.0,0.0
9.384281488499133e-89,1.0,0.0,0.0
9.106934057966786e-89,1.0,0.0,0.0
8.837783482709632e-89,1.0,0.0,0.0
8.576587509045082e-89,1.0,0.0,0.0
8.323111042968837e-89,1.0,0.0,0.0
8.07712593855441e-89,1.0,0.0,0.0
7.838410792606405e-89,1.0,0.0,0.0
7.606750745382684e-89,1.0,0.0,0.0
7.381937287206107e-89,1.0,0.0,0.0
7.16376807079176e-89,1.0,0.0,0.0
6.952046729120716e-89,1.0,0.0,0.0
6.746582698696495e-89,1.0,0.0,0.0
6.547191048025036e-89,1.0,0.0,0.0
6.353692311163878e-89,1.0,0.0,0.0
6.165912326190701e-89,1.0,0.0,0.0
5.9836820784458384e-89,1.0,0.0,0.0
5.806837548407681e-89,1.0,0.0,0.0
5.635219564064033e-89,1.0,0.0,0.0
5.468673657646563e-89,1.0,0.0,0.0
5.307049926599383e-89,1.0,0.0,0.0
5.150202898656636e-89,1.0,0.0,0.0
4.997991400907637e-89,1.0,0.0,0.0
4.850278432731723e-89,1.0,0.0,0.0
4.7069310424884494e-89,1.0,0.0,0.0
4.5678202078521474e-89,1.0,0.0,0.0
4.4328207196831125e-89,1.0,0.0,0.0
4.301811069330937e-89,1.0,0.0,0.0
4.1746733392685196e-89,1.0,0.0,0.0
4.051293096958333e-89,1.0,0.0,0.0
3.93155929185542e-89,1.0,0.0,0.0
3.815364155454405e-89,1.0,0.0,0.0
3.7026031042905686e-89,1.0,0.0,0.0
3.593174645807668e-89,1.0,0.0,0.0
3.486980287007789e-89,1.0,0.0,0.0
3.383924445801002e-89,1.0,0.0,0.0
3.283914364975027e-89,1.0,0.0,0.0
3.186860028707482e-89,1.0,0.0,0.0
3.0926740815455725e-89,1.0,0.0,0.0
3.0012717497802844e-89,1.0,0.0,0.0
2.9125707651443246e-89,1.0,0.0,0.0
2.8264912907651298e-89,1.0,0.0,0.0
2.7429558493062928e-89,1.0,0.0,0.0
2.6618892532327303e-89,1.0,0.0,0.0
2.5832185371368255e-89,1.0,0.0,0.0
2.506872892064641e-89,1.0,0.0,0.0
2.432783601783077e-89,1.0,0.0,0.0
2.360883980930625e-89,1.0,0.0,0.0
2.291109314996045e-89,1.0,0.0,0.0
2.2233968020709338e-89,1.0,0.0,0.0
2.1576854963237706e-89,1.0,0.0,0.0
2.0939162531445552e-89,1.0,0.0,0.0
2.0320316759106683e-89,1.0,0.0,0.0
1.9719760643260354e-89,1.0,0.0,0.0
1.9136953642871037e-89,1.0,0.0,0.0
1.8571371192304992e-89,1.0,0.0,0.0
1.8022504229185792e-89,1.0,0.0,0.0
1.748985873620384e-89,1.0,0.0,0.0
1.6972955296467435e-89,1.0,0.0,0.0
1.647132866199523e-89,1.0,0.0,0.0
1.5984527334961635e-89,1.0,0.0,0.0
1.551211316131831e-89,1.0,0.0,0.0
1.5053660936425946e-89,1.0,0.0,0.0
1.4608758022341404e-89,1.0,0.0,0.0
1.4177003976415696e-89,1.0,0.0,0.0
1.3758010190868604e-89,1.0,0.0,0.0
1.3351399543015422e-89,1.0,0.0,0.0
1.2956806055831107e-89,1.0,0.0,0.0
1.2573874568546251e-89,1.0,0.0,0.0
1.2202260416978417e-89,1.0,0.0,0.0
1.1841629123311118e-89,1.0,0.0,0.0
1.1491656095041203e-89,1.0,0.0,0.0
1.11520263328237e-89,1.0,0.0,0.0
1.0822434146951151e-89,1.0,0.0,0.0
1.0502582882212236e-89,1.0,0.0,0.0
1.0192184650882067e-89,1.0,0.0,0.0
9.890960073603806e-90,1.0,0.0,0.0
9.598638027928383e-90,1.0,0.0,0.0
9.314955404286008e-90,1.0,0.0,0.0
9.039656869169781e-90,1.0,0.0,0.0
8.772494635318323e-90,1.0,0.0,0.0
8.513228238690502e-90,1.0,0.0,0.0
8.261624322031576e-90,1.0,0.0,0.0
8.017456424835916e-90,1.0,0.0,0.0
7.780504779517257e-90,1.0,0.0,0.0
7.550556113603051e-90,1.0,0.0,0.0
7.327403457774837e-90,1.0,0.0,0.0
7.110845959581898e-90,1.0,0.0,0.0
6.9006887026604865e-90,1.0,0.0,0.0
6.696742531295951e-90,1.0,0.0,0.0
6.498823880169825e-90,1.0,0.0,0.0
6.3067546091386525e-90,1.0,0.0,0.0
6.120361842895833e-90,1.0,0.0,0.0
5.93947781537218e-90,1.0,0.0,0.0
5.763939718735138e-90,1.0,0.0,0.0
5.593589556850746e-90,1.0,0.0,0.0
5.428274003076449e-90,1.0,0.0,0.0
5.267844262256774e-90,1.0,0.0,0.0
5.112155936797649e-90,1.0,0.0,0.0
4.961068896698827e-90,1.0,0.0,0.0
4.814447153427416e-90,1.0,0.0,0.0
4.6721587375190365e-90,1.0,0.0,0.0
4.534075579796388e-90,1.0,0.0,0.0
4.400073396098347e-90,1.0,0.0,0.0
4.270031575415835e-90,1.0,0.0,0.0
4.143833071333773e-90,1.0,0.0,0.0
4.021364296681406e-90,1.0,0.0,0.0
3.9025150212961803e-90,1.0,0.0,0.0
3.7871782728091644e-90,1.0,0.0,0.0
3.675250240362693e-90,1.0,0.0,0.0
3.5666301811735893e-90,1.0,0.0,0.0
3.461220329857863e-90,1.0,0.0,0.0
3.358925810435265e-90,1.0,0.0,0.0
3.2596545509345023e-90,1.0,0.0,0.0
3.163317200522249e-90,1.0,0.0,0.0
3.06982704908137e-90,1.0,0.0,0.0
2.9790999491659575e-90,1.0,0.0,0.0
2.8910542402629554e-90,1.0,0.0,0.0
2.805610675292185e-90,1.0,0.0,0.0
2.722692349278622e-90,1.0,0.0,0.0
2.6422246301327336e-90,1.0,0.0,0.0
2.564135091476557e-90,1.0,0.0,0.0
2.4883534474550725e-90,1.0,0.0,0.0
2.41481148947419e-90,1.0,0.0,0.0
2.343443024808413e-90,1.0,0.0,0.0
2.2741838170229147e-90,1.0,0.0,0.0
2.206971528156415e-90,1.0,0.0,0.0
2.1417456626128055e-90,1.0,0.0,0.0
2.0784475127110314e-90,1.0,0.0,0.0
2.017020105844217e-90,1.0,0.0,0.0
1.9574081532004723e-90,1.0,0.0,0.0
1.899557999999234e-90,1.0,0.0,0.0
1.8434175771983393e-90,1.0,0.0,0.0
1.7889363546283742e-90,1.0,0.0,0.0
1.7360652955121116e-90,1.0,0.0,0.0
1.6847568123281026e-90,1.0,0.0,0.0
1.634964723978694e-90,1.0,0.0,0.0
1.5866442142239252e-90,1.0,0.0,0.0
1.5397517913438865e-90,1.0,0.0,0.0
1.4942452489932364e-90,1.0,0.0,0.0
1.450083628212643e-90,1.0,0.0,0.0
1.4072271805629547e-90,1.0,0.0,0.0
1.3656373323489242e-90,1.0,0.0,0.0
1.325276649900278e-90,1.0,0.0,0.0
1.2861088058788868e-90,1.0,0.0,0.0
1.2480985465817117e-90,1.0,0.0,0.0
1.2112116602100882e-90,1.0,0.0,0.0
1.1754149460768027e-90,1.0,0.0,0.0
1.1406761847232304e-90,1.0,0.0,0.0
1.1069641089196489e-90,1.0,0.0,0.0
1.0742483755226217e-90,1.0,0.0,0.0
1.0424995381641211e-90,1.0,0.0,0.0
1.011689020747809e-90,1.0,0.0,0.0
9.817890917286224e-91,1.0,0.0,0.0
9.527728391525106e-91,1.0,0.0,0.0
9.246141464338611e-91,1.0,0.0,0.0
8.97287668848809e-91,1.0,0.0,0.0
8.707688107232757e-91,1.0,0.0,0.0
8.45033703295202e-91,1.0,0.0,0.0
8.200591832310514e-91,1.0,0.0,0.0
7.958227717772468e-91,1.0,0.0,0.0
7.723026545277747e-91,1.0,0.0,0.0
7.49477661789748e-91,1.0,0.0,0.0
7.27327249529254e-91,1.0,0.0,0.0
7.058314808803364e-91,1.0,0.0,0.0
6.84971008200471e-91,1.0,0.0,0.0
6.647270556563818e-91,1.0,0.0,0.0
6.450814023245233e-91,1.0,0.0,0.0
6.260163657910206e-91,1.0,0.0,0.0
6.075147862363022e-91,1.0,0.0,0.0
5.895600109901054e-91,1.0,0.0,0.0
5.721358795429487e-91,1.0,0.0,0.0
5.552267090005825e-91,1.0,0.0,0.0
5.388172799683263e-91,1.0,0.0,0.0
5.228928228525856e-91,1.0,0.0,0.0
5.074390045672217e-91,1.0,0.0,0.0
4.924419156328061e-91,1.0,0.0,0.0
4.7788805765715097e-91,1.0,0.0,0.0
4.6376433118584465e-91,1.0,0.0,0.0
4.500580239118587e-91,1.0,0.0,0.0
4.3675679923361406e-91,1.0,0.0,0.0
4.2384868515120615e-91,1.0,0.0,0.0
4.11322063490798e-91,1.0,0.0,0.0
3.9916565944747876e-91,1.0,0.0,0.0
3.8736853143717925e-91,1.0,0.0,0.0
3.7592006124850707e-91,1.0,0.0,0.0
3.6480994448564015e-91,1.0,0.0,0.0
3.5402818129367495e-91,1.0,0.0,0.0
3.4356506735808216e-91,1.0,0.0,0.0
3.3341118517016876e-91,1.0,0.0,0.0
3.235573955506845e-91,1.0,0.0,0.0
3.139948294239439e-91,1.0,0.0,0.0
3.0471487983505943e-91,1.0,0.0,0.0
2.9570919420310136e-91,1.0,0.0,0.0
2.869696668032111e-91,1.0,0.0,0.0
2.7848843147090184e-91,1.0,0.0,0.0
2.7025785452197963e-91,1.0,0.0,0.0
2.6227052788171236e-91,1.0,0.0,0.0
2.5451926241706265e-91,1.0,0.0,0.0
2.4699708146598264e-91,1.0,0.0,0.0
2.3969721455794775e-91,1.0,0.0,0.0
2.326130913200759e-91,1.0,0.0,0.0
2.2573833556334855e-91,1.0,0.0,0.0
2.190667595436104e-91,1.0,0.0,0.0
2.1259235839218192e-91,1.0,0.0,0.0
2.0630930471107227e-91,1.0,0.0,0.0
2.002119433279279e-91,1.0,0.0,0.0
1.9429478620599574e-91,1.0,0.0,0.0
1.8855250750451967e-91,1.0,0.0,0.0
1.8297993878512445e-91,1.0,0.0,0.0
1.7757206435987245e-91,1.0,0.0,0.0
1.723240167768058e-91,1.0,0.0,0.0
1.6723107243891124e-91,1.0,0.0,0.0
1.6228864735256413e-91,1.0,0.0,0.0
1.574922930016246e-91,1.0,0.0,0.0
1.5283769234347298e-91,1.0,0.0,0.0
1.4832065592337994e-91,1.0,0.0,0.0
1.4393711810371453e-91,1.0,0.0,0.0
1.3968313340459605e-91,1.0,0.0,0.0
1.3555487295269567e-91,1.0,0.0,0.0
1.3154862103499216e-91,1.0,0.0,0.0
1.2766077175437945e-91,1.0,0.0,0.0
1.238878257841157e-91,1.0,0.0,0.0
1.2022638721819316e-91,1.0,0.0,0.0
1.1667316051479365e-91,1.0,0.0,0.0
1.1322494753007835e-91,1.0,0.0,0.0
1.0987864463964262e-91,1.0,0.0,0.0
1.0663123994504455e-91,1.0,0.0,0.0
1.034798105628931e-91,1.0,0.0,0.0
1.0042151999405567e-91,1.0,0.0,0.0
9.745361557061764e-92,1.0,0.0,0.0
9.457342597829534e-92,1.0,0.0,0.0
9.177835885207294e-92,1.0,0.0,0.0
8.906589844289895e-92,1.0,0.0,0.0
8.643360335334237e-92,1.0,0.0,0.0
8.387910434017012e-92,1.0,0.0,0.0
8.140010218186833e-92,1.0,0.0,0.0
7.899436560918775e-92,1.0,0.0,0.0
7.665972929685085e-92,1.0,0.0,0.0
7.439409191461294e-92,1.0,0.0,0.0
7.219541423592311e-92,1.0,0.0,0.0
7.006171730248275e-92,1.0,0.0,0.0
6.799108064304949e-92,1.0,0.0,0.0
6.598164054488346e-92,1.0,0.0,0.0
6.403158837628005e-92,1.0,0.0,0.0
6.21391689586794e-92,1.0,0.0,0.0
6.030267898688705e-92,1.0,0.0,0.0
5.8520465495984515e-92,1.0,0.0,0.0
5.679092437354915e-92,1.0,0.0,0.0
5.511249891584479e-92,1.0,0.0,0.0
5.34836784266833e-92,1.0,0.0,0.0
5.190299685769603e-92,1.0,0.0,0.0
5.03690314887914e-92,1.0,0.0,0.0
4.888040164761072e-92,1.0,0.0,0.0
4.743576746682996e-92,1.0,0.0,0.0
4.6033828678188685e-92,1.0,0.0,0.0
4.467332344216088e-92,1.0,0.0,0.0
4.3353027212214205e-92,1.0,0.0,0.0
4.2071751632635485e-92,1.0,0.0,0.0
4.0828343468930376e-92,1.0,0.0,0.0
3.962168356983447e-92,1.0,0.0,0.0
3.845068586000161e-92,1.0,0.0,0.0
3.731429636246284e-92,1.0,0.0,0.0
3.621149224997594e-92,1.0,0.0,0.0
3.514128092441188e-92,1.0,0.0,0.0
3.410269912334958e-92,1.0,0.0,0.0
3.3094812053074645e-92,1.0,0.0,0.0
3.211671254720196e-92,1.0,0.0,0.0
3.116752025016473e-92,1.0,0.0,0.0
3.0246380824835045e-92,1.0,0.0,0.0
2.935246518356281e-92,1.0,0.0,0.0
2.8484968741940898e-92,1.0,0.0,0.0
2.7643110694624904e-92,1.0,0.0,0.0
2.68261333125556e-92,1.0,0.0,0.0
2.6033301260951675e-92,1.0,0.0,0.0
2.5263900937458798e-92,1.0,0.0,0.0
2.4517239829859327e-92,1.0,0.0,0.0
2.3792645892764593e-92,1.0,0.0,0.0
2.3089466942728676e-92,1.0,0.0,0.0
2.2407070071239315e-92,1.0,0.0,0.0
2.1744841075057484e-92,1.0,0.0,0.0
2.1102183903393083e-92,1.0,0.0,0.0
2.0478520121418958e-92,1.0,0.0,0.0
1.9873288389640532e-92,1.0,0.0,0.0
1.9285943958652386e-92,1.0,0.0,0.0
1.8715958178827e-92,1.0,0.0,0.0
1.8162818024494447e-92,1.0,0.0,0.0
1.7626025632184634e-92,1.0,0.0,0.0
1.7105097852516598e-92,1.0,0.0,0.0
1.659956581533145e-92,1.0,0.0,0.0
1.6108974507677584e-92,1.0,0.0,0.0
1.5632882364268315e-92,1.0,0.0,0.0
1.5170860870043328e-92,1.0,0.0,0.0
1.4722494174476186e-92,1.0,0.0,0.0
1.428737871728081e-92,1.0,0.0,0.0
1.3865122865179966e-92,1.0,0.0,0.0
1.3455346559408901e-92,1.0,0.0,0.0
1.3057680973636798e-92,1.0,0.0,0.0
1.2671768181998182e-92,1.0,0.0,0.0
1.2297260836935493e-92,1.0,0.0,0.0
1.1933821856562836e-92,1.0,0.0,0.0
1.1581124121269536e-92,1.0,0.0,0.0
1.1238850179290416e-92,1.0,0.0,0.0
1.090669196097777e-92,1.0,0.0,0.0
1.0584350501517908e-92,1.0,0.0,0.0
1.0271535671842626e-92,1.0,0.0,0.0
9.96796591749348e-93,1.0,0.0,0.0
9.67336800520377e-93,1.0,0.0,0.0
9.387476776970143e-93,1.0,0.0,0.0
9.110034911392521e-93,1.0,0.0,0.0
8.840792692067449e-93,1.0,0.0,0.0
8.579507782826495e-93,1.0,0.0,0.0
8.325945009617337e-93,1.0,0.0,0.0
8.079876148831245e-93,1.0,0.0,0.0
7.841079721886432e-93,1.0,0.0,0.0
7.60934079588238e-93,1.0,0.0,0.0
7.384450790145726e-93,1.0,0.0,0.0
7.166207288493578e-93,1.0,0.0,0.0
6.954413857045291e-93,1.0,0.0,0.0
6.748879867418714e-93,1.0,0.0,0.0
6.5494203251517825e-93,1.0,0.0,0.0
6.355855703195021e-93,1.0,0.0,0.0
6.168011780325073e-93,1.0,0.0,0.0
5.985719484333854e-93,1.0,0.0,0.0
5.808814739852141e-93,1.0,0.0,0.0
5.637138320670678e-93,1.0,0.0,0.0
5.4705357064258355e-93,1.0,0.0,0.0
5.308856943520854e-93,1.0,0.0,0.0
5.151956510157489e-93,1.0,0.0,0.0
4.999693185356572e-93,1.0,0.0,0.0
4.8519299218495964e-93,1.0,0.0,0.0
4.708533722726927e-93,1.0,0.0,0.0
4.569375521731608e-93,1.0,0.0,0.0
4.434330067091015e-93,1.0,0.0,0.0
4.303275808781813e-93,1.0,0.0,0.0
4.1760947891267305e-93,1.0,0.0,0.0
4.052672536624683e-93,1.0,0.0,0.0
3.932897962918707e-93,1.0,0.0,0.0
3.8166632628089326e-93,1.0,0.0,0.0
3.7038638172206316e-93,1.0,0.0,0.0
3.594398099039988e-93,1.0,0.0,0.0
3.4881675817328464e-93,1.0,0.0,0.0
3.385076650664179e-93,1.0,0.0,0.0
3.2850325170384616e-93,1.0,0.0,0.0
3.1879451343834958e-93,1.0,0.0,0.0
3.0937271175025066e-93,1.0,0.0,0.0
3.0022936638215693e-93,1.0,0.0,0.0
2.9135624770615654e-93,1.0,0.0,0.0
2.8274536931659834e-93,1.0,0.0,0.0
2.7438898084178713e-93,1.0,0.0,0.0
2.6627956096812663e-93,1.0,0.0,0.0
2.584098106704293e-93,1.0,0.0,0.0
2.5077264664230116e-93,1.0,0.0,0.0
2.433611949206881e-93,1.0,0.0,0.0
2.3616878469884497e-93,1.0,0.0,0.0
2.2918894232215943e-93,1.0,0.0,0.0
2.2241538546142596e-93,1.0,0.0,0.0
2.158420174583255e-93,1.0,0.0,0.0
2.094629218380215e-93,1.0,0.0,0.0
2.0327235698393332e-93,1.0,0.0,0.0
1.972647509698937e-93,1.0,0.0,0.0
1.9143469654503932e-93,1.0,0.0,0.0
1.8577694626691997e-93,1.0,0.0,0.0
1.8028640777844623e-93,1.0,0.0,0.0
1.7495813922442439e-93,1.0,0.0,0.0
1.6978734480355333e-93,1.0,0.0,0.0
1.647693704518796e-93,1.0,0.0,0.0
1.5989969965382578e-93,1.0,0.0,0.0
1.5517394937702164e-93,1.0,0.0,0.0
1.5058786612727925e-93,1.0,0.0,0.0
1.4613732212016104e-93,1.0,0.0,0.0
1.4181831156569535e-93,1.0,0.0,0.0
1.3762694706289504e-93,1.0,0.0,0.0
1.3355945610083416e-93,1.0,0.0,0.0
1.2961217766313372e-93,1.0,0.0,0.0
1.2578155893279963e-93,1.0,0.0,0.0
1.2206415209444783e-93,1.0,0.0,0.0
1.184566112310376e-93,1.0,0.0,0.0
1.1495568931232053e-93,1.0,0.0,0.0
1.1155823527229407e-93,1.0,0.0,0.0
1.082611911730295e-93,1.0,0.0,0.0
1.050615894523214e-93,1.0,0.0,0.0
1.0195655025268142e-93,1.0,0.0,0.0
9.89432788292721e-94,1.0,0.0,0.0
9.601906303444806e-94,1.0,0.0,0.0
9.318127087663984e-94,1.0,0.0,0.0
9.042734815138409e-94,1.0,0.0,0.0
8.7754816142367e-94,1.0,0.0,0.0
8.516126939041246e-94,1.0,0.0,0.0
8.264437352840637e-94,1.0,0.0,0.0
8.020186318020868e-94,1.0,0.0,0.0
7.783153992166209e-94,1.0,0.0,0.0
7.55312703018618e-94,1.0,0.0,0.0
7.329898392290579e-94,1.0,0.0,0.0
7.113267157639698e-94,1.0,0.0,0.0
6.903038343502002e-94,1.0,0.0,0.0
6.699022729756516e-94,1.0,0.0,0.0
6.501036688581944e-94,1.0,0.0,0.0
6.308902019179236e-94,1.0,0.0,0.0
6.122445787378847e-94,1.0,0.0,0.0
5.941500169988304e-94,1.0,0.0,0.0
5.765902303740015e-94,1.0,0.0,0.0
5.595494138703334e-94,1.0,0.0,0.0
5.430122296028953e-94,1.0,0.0,0.0
5.269637929897593e-94,1.0,0.0,0.0
5.113896593548715e-94,1.0,0.0,0.0
4.962758109268689e-94,1.0,0.0,0.0
4.816086442221394e-94,1.0,0.0,0.0
4.6737495780076795e-94,1.0,0.0,0.0
4.5356194038434996e-94,1.0,0.0,0.0
4.4015715932497616e-94,1.0,0.0,0.0
4.271485494150103e-94,1.0,0.0,0.0
4.145244020275879e-94,1.0,0.0,0.0
4.022733545780621e-94,1.0,0.0,0.0
3.903843802969105e-94,1.0,0.0,0.0
3.788467783048983e-94,1.0,0.0,0.0
3.6765016398156496e-94,1.0,0.0,0.0
3.5678445961836485e-94,1.0,0.0,0.0
3.462398853480494e-94,1.0,0.0,0.0
3.360069503421266e-94,1.0,0.0,0.0
3.2607644426847477e-94,1.0,0.0,0.0
3.1643942900142215e-94,1.0,0.0,0.0
3.0708723057683033e-94,1.0,0.0,0.0
2.9801143138494145e-94,1.0,0.0,0.0
2.8920386259396097e-94,1.0,0.0,0.0
2.8065659679755813e-94,1.0,0.0,0.0
2.7236194087966484e-94,1.0,0.0,0.0
2.643124290901523e-94,1.0,0.0,0.0
2.5650081632515186e-94,1.0,0.0,0.0
2.4892007160597275e-94,1.0,0.0,0.0
2.415633717507464e-94,1.0,0.0,0.0
2.344240952331028e-94,1.0,0.0,0.0
2.2749581622234929e-94,1.0,0.0,0.0
2.2077229879978968e-94,1.0,0.0,0.0
2.1424749134597636e-94,1.0,0.0,0.0
2.0791552109384457e-94,1.0,0.0,0.0
2.0177068884282538e-94,1.0,0.0,0.0
1.9580746382918085e-94,1.0,0.0,0.0
1.9002047874794323e-94,1.0,0.0,0.0
1.844045249219783e-94,1.0,0.0,0.0
1.789545476138244e-94,1.0,0.0,0.0
1.7366564147608763e-94,1.0,0.0,0.0
1.68533046136298e-94,1.0,0.0,0.0
1.635521419122531e-94,1.0,0.0,0.0
1.587184456539922e-94,1.0,0.0,0.0
1.5402760670865883e-94,1.0,0.0,0.0
1.494754030046195e-94,1.0,0.0,0.0
1.4505773725131432e-94,1.0,0.0,0.0
1.40770633251419e-94,1.0,0.0,0.0
1.366102323219988e-94,1.0,0.0,0.0
1.3257278982143361e-94,1.0,0.0,0.0
1.2865467177898773e-94,1.0,0.0,0.0
1.2485235162399082e-94,1.0,0.0,0.0
1.2116240701168645e-94,1.0,0.0,0.0
1.1758151674289078e-94,1.0,0.0,0.0
1.141064577746892e-94,1.0,0.0,0.0
1.107341023194801e-94,1.0,0.0,0.0
1.0746141502975499e-94,1.0,0.0,0.0
1.0428545026608084e-94,1.0,0.0,0.0
1.012033494458259e-94,1.0,0.0,0.0
9.821233847024229e-95,1.0,0.0,0.0
9.530972522758994e-95,1.0,0.0,0.0
9.249289717005436e-95,1.0,0.0,0.0
8.975931896227727e-95,1.0,0.0,0.0
8.710653019938366e-95,1.0,0.0,0.0
8.453214319245137e-95,1.0,0.0,0.0
8.20338408194299e-95,1.0,0.0,0.0
7.960937443957418e-95,1.0,0.0,0.0
7.725656186951618e-95,1.0,0.0,0.0
7.497328541915253e-95,1.0,0.0,0.0
7.275748998558057e-95,1.0,0.0,0.0
7.0607181203367e-95,1.0,0.0,0.0
6.852042364948446e-95,1.0,0.0,0.0
6.649533910130007e-95,1.0,0.0,0.0
6.45301048460484e-95,1.0,0.0,0.0
6.26229520402669e-95,1.0,0.0,0.0
6.077216411771746e-95,1.0,0.0,0.0
5.8976075244360916e-95,1.0,0.0,0.0
5.7233068818994e-95,1.0,0.0,0.0
5.5541576018199116e-95,1.0,0.0,0.0
5.390007438429744e-95,1.0,0.0,0.0
5.230708645503423e-95,1.0,0.0,0.0
5.0761178433763086e-95,1.0,0.0,0.0
4.92609588989322e-95,1.0,0.0,0.0
4.7805077551711074e-95,1.0,0.0,0.0
4.6392224000630394e-95,1.0,0.0,0.0
4.502112658214132e-95,1.0,0.0,0.0
4.3690551216032446e-95,1.0,0.0,0.0
4.239930029467432e-95,1.0,0.0,0.0
4.1146211605091755e-95,1.0,0.0,0.0
3.993015728289371e-95,1.0,0.0,0.0
3.8750042797119236e-95,1.0,0.0,0.0
3.760480596508572e-95,1.0,0.0,0.0
3.6493415996352795e-95,1.0,0.0,0.0
3.541487256494137e-95,1.0,0.0,0.0
3.436820490897276e-95,1.0,0.0,0.0
3.3352470956917445e-95,1.0,0.0,0.0
3.236675647966712e-95,1.0,0.0,0.0
3.141017426766683e-95,1.0,0.0,0.0
3.048186333236645e-95,1.0,0.0,0.0
2.9580988131272914e-95,1.0,0.0,0.0
2.870673781590556e-95,1.0,0.0,0.0
2.785832550197778e-95,1.0,0.0,0.0
2.7034987561148066e-95,1.0,0.0,0.0
2.6235982933702944e-95,1.0,0.0,0.0
2.5460592461553243e-95,1.0,0.0,0.0
2.470811824094326e-95,1.0,0.0,0.0
2.3977882994290292e-95,1.0,0.0,0.0
2.3269229460589095e-95,1.0,0.0,0.0
2.258151980383261e-95,1.0,0.0,0.0
2.1914135038916534e-95,1.0,0.0,0.0
2.1266474474510932e-95,1.0,0.0,0.0
2.063795517239751e-95,1.0,0.0,0.0
2.0028011422785872e-95,1.0,0.0,0.0
1.9436094235136536e-95,1.0,0.0,0.0
1.8861670844032373e-95,1.0,0.0,0.0
1.8304224229653808e-95,1.0,0.0,0.0
1.7763252652426074e-95,1.0,0.0,0.0
1.7238269201419726e-95,1.0,0.0,0.0
1.6728801356097952e-95,1.0,0.0,0.0
1.62343905610162e-95,1.0,0.0,0.0
1.5754591813091327e-95,1.0,0.0,0.0
1.5288973261068793e-95,1.0,0.0,0.0
1.4837115816827383e-95,1.0,0.0,0.0
1.4398612778171617e-95,1.0,0.0,0.0
1.3973069462772326e-95,1.0,0.0,0.0
1.3560102852925913e-95,1.0,0.0,0.0
1.3159341250812586e-95,1.0,0.0,0.0
1.2770423943943213e-95,1.0,0.0,0.0
1.2393000880493751e-95,1.0,0.0,0.0
1.2026732354234979e-95,1.0,0.0,0.0
1.1671288698773957e-95,1.0,0.0,0.0
1.1326349990832035e-95,1.0,0.0,0.0
1.0991605762292302e-95,1.0,0.0,0.0
1.0666754720757329e-95,1.0,0.0,0.0
1.0351504478365677e-95,1.0,0.0,0.0
1.0045571288623096e-95,1.0,0.0,0.0
9.748679791011517e-96,1.0,0.0,0.0
9.46056276314601e-96,1.0,0.0,0.0
9.180960880256604e-96,1.0,0.0,0.0
8.90962248177849e-96,1.0,0.0,0.0
8.646303344840525e-96,1.0,0.0,0.0
8.390766464448176e-96,1.0,0.0,0.0
8.14278184016301e-96,1.0,0.0,0.0
7.9021262690868e-96,1.0,0.0,0.0
7.668583144963835e-96,1.0,0.0,0.0
7.441942263220682e-96,1.0,0.0,0.0
7.221999631767878e-96,1.0,0.0,0.0
7.0085572873932825e-96,1.0,0.0,0.0
6.8014231175818255e-96,1.0,0.0,0.0
6.600410687601284e-96,1.0,0.0,0.0
6.405339072698433e-96,1.0,0.0,0.0
6.216032695254561e-96,1.0,0.0,0.0
6.0323211667537625e-96,1.0,0.0,0.0
5.854039134421778e-96,1.0,0.0,0.0
5.681026132397331e-96,1.0,0.0,0.0
5.513126437302025e-96,1.0,0.0,0.0
5.3501889280788e-96,1.0,0.0,0.0
5.192066949972771e-96,1.0,0.0,0.0
5.0386181825320606e-96,1.0,0.0,0.0
4.889704511509781e-96,1.0,0.0,0.0
4.745191904551892e-96,1.0,0.0,0.0
4.60495029055904e-96,1.0,0.0,0.0
4.468853442613785e-96,1.0,0.0,0.0
4.33677886436786e-96,1.0,0.0,0.0
4.208607679787187e-96,1.0,0.0,0.0
4.084224526155425e-96,1.0,0.0,0.0
3.963517450239743e-96,1.0,0.0,0.0
3.846377807525346e-96,1.0,0.0,0.0
3.732700164428089e-96,1.0,0.0,0.0
3.6223822033971296e-96,1.0,0.0,0.0
3.5153246308222288e-96,1.0,0.0,0.0
3.411431087662799e-96,1.0,0.0,0.0
3.310608062718268e-96,1.0,0.0,0.0
3.2127648084616834e-96,1.0,0.0,0.0
3.1178132593608147e-96,1.0,0.0,0.0
3.0256679526132332e-96,1.0,0.0,0.0
2.9362459512240185e-96,1.0,0.0,0.0
2.8494667693568695e-96,1.0,0.0,0.0
2.765252299891415e-96,1.0,0.0,0.0
2.6835267441215393e-96,1.0,0.0,0.0
2.6042165435314267e-96,1.0,0.0,0.0
2.5272503135879355e-96,1.0,0.0,0.0
2.452558779489699e-96,1.0,0.0,0.0
2.380074713815129e-96,1.0,0.0,0.0
2.3097328760132013e-96,1.0,0.0,0.0
2.241469953682554e-96,1.0,0.0,0.0
2.1752245055860537e-96,1.0,0.0,0.0
2.110936906349538e-96,1.0,0.0,0.0
2.048549292794951e-96,1.0,0.0,0.0
1.9880055118595813e-96,1.0,0.0,0.0
1.929251070054513e-96,1.0,0.0,0.0
1.8722330844168108e-96,1.0,0.0,0.0
1.8169002349112808e-96,1.0,0.0,0.0
1.7632027182389785e-96,1.0,0.0,0.0
1.711092203010876e-96,1.0,0.0,0.0
1.6605217862463528e-96,1.0,0.0,0.0
1.6114459511573454e-96,1.0,0.0,0.0
1.5638205261801666e-96,1.0,0.0,0.0
1.5176026452181175e-96,1.0,0.0,0.0
1.4727507090591079e-96,1.0,0.0,0.0
1.4292243479335568e-96,1.0,0.0,0.0
1.3869843851788762e-96,1.0,0.0,0.0
1.3459928019778302e-96,1.0,0.0,0.0
1.3062127031390334e-96,1.0,0.0,0.0
1.2676082838887897e-96,1.0,0.0,0.0
1.230144797644378e-96,1.0,0.0,0.0
1.1937885247397841e-96,1.0,0.0,0.0
1.1585067420757248e-96,1.0,0.0,0.0
1.1242676936666505e-96,1.0,0.0,0.0
1.0910405620582141e-96,1.0,0.0,0.0
1.0587954405894836e-96,1.0,0.0,0.0
1.0275033064749277e-96,1.0,0.0,0.0
9.97135994681951e-97,1.0,0.0,0.0
9.676661725804631e-97,1.0,0.0,0.0
9.390673153416672e-97,1.0,0.0,0.0
9.113136820639237e-97,1.0,0.0,0.0
8.843802926042023e-97,1.0,0.0,0.0
8.582429050942663e-97,1.0,0.0,0.0
8.328779941213558e-97,1.0,0.0,0.0
8.082627295537285e-97,1.0,0.0,0.0
7.84374955992e-97,1.0,0.0,0.0
7.611931728277892e-97,1.0,0.0,0.0
7.3869651489172e-97,1.0,0.0,0.0
7.1686473367336e-97,1.0,0.0,0.0
6.956781790961955e-97,1.0,0.0,0.0
6.751177818312355e-97,1.0,0.0,0.0
6.551650361333294e-97,1.0,0.0,0.0
6.358019831847469e-97,1.0,0.0,0.0
6.170111949310302e-97,1.0,0.0,0.0
5.987757583945688e-97,1.0,0.0,0.0
5.810792604517784e-97,1.0,0.0,0.0
5.639057730601814e-97,1.0,0.0,0.0
5.472398389220941e-97,1.0,0.0,0.0
5.310664575720156e-97,1.0,0.0,0.0
5.153710718751964e-97,1.0,0.0,0.0
5.001395549252346e-97,1.0,0.0,0.0
4.853581973289068e-97,1.0,0.0,0.0
4.710136948667887e-97,1.0,0.0,0.0
4.570931365185604e-97,1.0,0.0,0.0
4.43583992842216e-97,1.0,0.0,0.0
4.3047410469672045e-97,1.0,0.0,0.0
4.177516722979623e-97,1.0,0.0,0.0
4.054052445981511e-97,1.0,0.0,0.0
3.9342370897910203e-97,1.0,0.0,0.0
3.817962812501293e-97,1.0,0.0,0.0
3.7051249594154683e-97,1.0,0.0,0.0
3.5956219688503915e-97,1.0,0.0,0.0
3.489355280724245e-97,1.0,0.0,0.0
3.3862292478458207e-97,1.0,0.0,0.0
3.2861510498255985e-97,1.0,0.0,0.0
3.189030609531126e-97,1.0,0.0,0.0
3.094780512011521e-97,1.0,0.0,0.0
3.0033159258181194e-97,1.0,0.0,0.0
2.91455452665044e-97,1.0,0.0,0.0
2.828416423258765e-97,1.0,0.0,0.0
2.744824085536618e-97,1.0,0.0,0.0
2.6637022747384386e-97,1.0,0.0,0.0
2.5849779757596336e-97,1.0,0.0,0.0
2.508580331418052e-97,1.0,0.0,0.0
2.4344405786777437e-97,1.0,0.0,0.0
2.362491986757582e-97,1.0,0.0,0.0
2.2926697970690595e-97,1.0,0.0,0.0
2.2249111649291874e-97,1.0,0.0,0.0
2.1591551029960397e-97,1.0,0.0,0.0
2.095342426376028e-97,1.0,0.0,0.0
2.033415699353505e-97,1.0,0.0,0.0
1.9733191836947417e-97,1.0,0.0,0.0
1.9149987884797577e-97,1.0,0.0,0.0
1.8584020214168416e-97,1.0,0.0,0.0
1.8034779415959457e-97,1.0,0.0,0.0
1.750177113638429e-97,1.0,0.0,0.0
1.6984515632018795e-97,1.0,0.0,0.0
1.64825473379997e-97,1.0,0.0,0.0
1.5995414448984758e-97,1.0,0.0,0.0
1.5522678512497475e-97,1.0,0.0,0.0
1.5063914034290269e-97,1.0,0.0,0.0
1.4618708095370936e-97,1.0,0.0,0.0
1.4186659980347696e-97,1.0,0.0,0.0
1.3767380816758282e-97,1.0,0.0,0.0
1.3360493225058502e-97,1.0,0.0,0.0
1.2965630978955158e-97,1.0,0.0,0.0
1.2582438675777673e-97,1.0,0.0,0.0
1.2210571416591705e-97,1.0,0.0,0.0
1.1849694495766832e-97,1.0,0.0,0.0
1.149948309971888e-97,1.0,0.0,0.0
1.1159622014555793e-97,1.0,0.0,0.0
1.0829805342363848e-97,1.0,0.0,0.0
1.0509736225878886e-97,1.0,0.0,0.0
1.0199126581294746e-97,1.0,0.0,0.0
9.897696838968393e-98,1.0,0.0,0.0
9.60517569178837e-98,1.0,0.0,0.0
9.321299850980089e-98,1.0,0.0,0.0
9.045813809128168e-98,1.0,0.0,0.0
8.778469610202506e-98,1.0,0.0,0.0
8.519026626381125e-98,1.0,0.0,0.0
8.267251341468893e-98,1.0,0.0,0.0
8.022917140717183e-98,1.0,0.0,0.0
7.785804106855311e-98,1.0,0.0,0.0
7.555698822150144e-98,1.0,0.0,0.0
7.332394176315744e-98,1.0,0.0,0.0
7.115689180100123e-98,1.0,0.0,0.0
6.905388784381364e-98,1.0,0.0,0.0
6.701303704610238e-98,1.0,0.0,0.0
6.503250250441334e-98,1.0,0.0,0.0
6.311050160399362e-98,1.0,0.0,0.0
6.124530441431782e-98,1.0,0.0,0.0
5.943523213203388e-98,1.0,0.0,0.0
5.767865556992677e-98,1.0,0.0,0.0
5.5973993690539997e-98,1.0,0.0,0.0
5.4319712183135215e-98,1.0,0.0,0.0
5.271432208270903e-98,1.0,0.0,0.0
5.115637842982398e-98,1.0,0.0,0.0
4.9644478970047516e-98,1.0,0.0,0.0
4.817726289182841e-98,1.0,0.0,0.0
4.6753409601674495e-98,1.0,0.0,0.0
4.5371637535529384e-98,1.0,0.0,0.0
4.4030703005278344e-98,1.0,0.0,0.0
4.272939907934507e-98,1.0,0.0,0.0
4.1466554496371785e-98,1.0,0.0,0.0
4.024103261100498e-98,1.0,0.0,0.0
3.9051730370837884e-98,1.0,0.0,0.0
3.789757732358885e-98,1.0,0.0,0.0
3.677753465362208e-98,1.0,0.0,0.0
3.56905942469434e-98,1.0,0.0,0.0
3.463577778382967e-98,1.0,0.0,0.0
3.361213585827498e-98,1.0,0.0,0.0
3.2618747123461176e-98,1.0,0.0,0.0
3.165471746248356e-98,1.0,0.0,0.0
3.0719179183585295e-98,1.0,0.0,0.0
2.9811290239176324e-98,1.0,0.0,0.0
2.893023346793363e-98,1.0,0.0,0.0
2.8075215859300966e-98,1.0,0.0,0.0
2.7245467839725793e-98,1.0,0.0,0.0
2.6440242579991157e-98,1.0,0.0,0.0
2.5658815323019e-98,1.0,0.0,0.0
2.4900482731539848e-98,1.0,0.0,0.0
2.4164562255041846e-98,1.0,0.0,0.0
2.345039151542919e-98,1.0,0.0,0.0
2.275732771083715e-98,1.0,0.0,0.0
2.2084747037067027e-98,1.0,0.0,0.0
2.143204412612024e-98,1.0,0.0,0.0
2.079863150132631e-98,1.0,0.0,0.0
2.0183939048574175e-98,1.0,0.0,0.0
1.958741350317103e-98,1.0,0.0,0.0
1.9008517951866767e-98,1.0,0.0,0.0
1.8446731349595802e-98,1.0,0.0,0.0
1.7901548050501355e-98,1.0,0.0,0.0
1.737247735282006e-98,1.0,0.0,0.0
1.685904305721725e-98,1.0,0.0,0.0
1.6360783038175428e-98,1.0,0.0,0.0
1.58772488280501e-98,1.0,0.0,0.0
1.540800521341864e-98,1.0,0.0,0.0
1.4952629843358834e-98,1.0,0.0,0.0
1.4510712849304543e-98,1.0,0.0,0.0
1.4081856476136331e-98,1.0,0.0,0.0
1.3665674724175017e-98,1.0,0.0,0.0
1.3261793001755908e-98,1.0,0.0,0.0
1.2869847788071026e-98,1.0,0.0,0.0
1.2489486305975843e-98,1.0,0.0,0.0
1.2120366204466043e-98,1.0,0.0,0.0
1.176215525053851e-98,1.0,0.0,0.0
1.1414531030159212e-98,1.0,0.0,0.0
1.1077180658068794e-98,1.0,0.0,0.0
1.0749800496164745e-98,1.0,0.0,0.0
1.0432095880206612e-98,1.0,0.0,0.0
1.012378085459828e-98,1.0,0.0,0.0
9.824577915008659e-99,1.0,0.0,0.0
9.53421775859904e-99,1.0,0.0,0.0
9.252439041632373e-99,1.0,0.0,0.0
8.978988144246266e-99,1.0,0.0,0.0
8.713618942177991e-99,1.0,0.0,0.0
8.45609258523603e-99,1.0,0.0,0.0
8.206177282318797e-99,1.0,0.0,0.0
7.96364809278699e-99,1.0,0.0,0.0
7.72828672400184e-99,1.0,0.0,0.0
7.499881334847004e-99,1.0,0.0,0.0
7.2782263450572635e-99,1.0,0.0,0.0
7.063122250182408e-99,1.0,0.0,0.0
6.8543754420197674e-99,1.0,0.0,0.0
6.651798034353765e-99,1.0,0.0,0.0
6.45520769384564e-99,1.0,0.0,0.0
6.264427475921139e-99,1.0,0.0,0.0
6.079285665508455e-99,1.0,0.0,0.0
5.899615622483076e-99,1.0,0.0,0.0
5.7252556316804275e-99,1.0,0.0,0.0
5.5560487573413056e-99,1.0,0.0,0.0
5.391842701859107e-99,1.0,0.0,0.0
5.232489668701704e-99,1.0,0.0,0.0
5.077846229384585e-99,1.0,0.0,0.0
4.927773194375548e-99,1.0,0.0,0.0
4.782135487814721e-99,1.0,0.0,0.0
4.640802025937174e-99,1.0,0.0,0.0
4.503645599088682e-99,1.0,0.0,0.0
4.370542757228454e-99,1.0,0.0,0.0
4.241373698815764e-99,1.0,0.0,0.0
4.116022162980475e-99,1.0,0.0,0.0
3.994375324880417e-99,1.0,0.0,0.0
3.8763236941514055e-99,1.0,0.0,0.0
3.761761016358533e-99,1.0,0.0,0.0
3.6505841773599985e-99,1.0,0.0,0.0
3.542693110497428e-99,1.0,0.0,0.0
3.4379907065291246e-99,1.0,0.0,0.0
3.336382726225196e-99,1.0,0.0,0.0
3.2377777155458904e-99,1.0,0.0,0.0
3.1420869233267874e-99,1.0,0.0,0.0
3.0492242213967595e-99,1.0,0.0,0.0
2.9591060270568066e-99,1.0,0.0,0.0
2.8716512278499847e-99,1.0,0.0,0.0
2.7867811085547218e-99,1.0,0.0,0.0
2.7044192803358036e-99,1.0,0.0,0.0
2.62449161198927e-99,1.0,0.0,0.0
2.5469261632193253e-99,1.0,0.0,0.0
2.4716531198872174e-99,1.0,0.0,0.0
2.3986047311738037e-99,1.0,0.0,0.0
2.327715248599237e-99,1.0,0.0,0.0
2.2589208668449008e-99,1.0,0.0,0.0
2.1921596663243123e-99,1.0,0.0,0.0
2.127371557451319e-99,1.0,0.0,0.0
2.064498226555414e-99,1.0,0.0,0.0
2.003483083395497e-99,1.0,0.0,0.0
1.944271210224839e-99,1.0,0.0,0.0
1.8868093123614024e-99,1.0,0.0,0.0
1.8310456702190317e-99,1.0,0.0,0.0
1.7769300927563348e-99,1.0,0.0,0.0
1.7244138723013584e-99,1.0,0.0,0.0
1.673449740711396e-99,1.0,0.0,0.0
1.6239918268284697e-99,1.0,0.0,0.0
1.575995615192192e-99,1.0,0.0,0.0
1.5294179059728463e-99,1.0,0.0,0.0
1.4842167760886262e-99,1.0,0.0,0.0
1.4403515414720312e-99,1.0,0.0,0.0
1.3977827204514604e-99,1.0,0.0,0.0
1.3564719982150447e-99,1.0,0.0,0.0
1.3163821923247282e-99,1.0,0.0,0.0
1.277477219249566e-99,1.0,0.0,0.0
1.2397220618881108e-99,1.0,0.0,0.0
1.2030827380506582e-99,1.0,0.0,0.0
1.1675262698729826e-99,1.0,0.0,0.0
1.133020654134033e-99,1.0,0.0,0.0
1.099534833450876e-99,1.0,0.0,0.0
1.0670386683249526e-99,1.0,0.0,0.0
1.0355029100144979e-99,1.0,0.0,0.0
1.0048991742086974e-99,1.0,0.0,0.0
9.751999154798937e-100,1.0,0.0,0.0
9.463784024908401e-100,1.0,0.0,0.0
9.184086939346957e-100,1.0,0.0,0.0
8.912656151860962e-100,1.0,0.0,0.0
8.649247356422933e-100,1.0,0.0,0.0
8.39362346733963e-100,1.0,0.0,0.0
8.145554405858931e-100,1.0,0.0,0.0
7.904816893083435e-100,1.0,0.0,0.0
7.671194249004371e-100,1.0,0.0,0.0
7.444476197474978e-100,1.0,0.0,0.0
7.224458676947775e-100,1.0,0.0,0.0
7.010943656805403e-100,1.0,0.0,0.0
6.803738959119695e-100,1.0,0.0,0.0
6.602658085678583e-100,1.0,0.0,0.0
6.407520050125106e-100,1.0,0.0,0.0
6.218149215057485e-100,1.0,0.0,0.0
6.034375133943604e-100,1.0,0.0,0.0
5.85603239770763e-100,1.0,0.0,0.0
5.682960485850673e-100,1.0,0.0,0.0
5.515003621971515e-100,1.0,0.0,0.0
5.352010633557331e-100,1.0,0.0,0.0
5.193834815918219e-100,1.0,0.0,0.0
5.04033380014309e-100,1.0,0.0,0.0
4.891369424958026e-100,1.0,0.0,0.0
4.746807612371823e-100,1.0,0.0,0.0
4.606518246996736e-100,1.0,0.0,0.0
4.4703750589358623e-100,1.0,0.0,0.0
4.3382555101317006e-100,1.0,0.0,0.0
4.2100406840736366e-100,1.0,0.0,0.0
4.0856151787650556e-100,1.0,0.0,0.0
3.9648670028537565e-100,1.0,0.0,0.0
3.8476874748321764e-100,1.0,0.0,0.0
3.7339711252167005e-100,1.0,0.0,0.0
3.6236156016180095e-100,1.0,0.0,0.0
3.5165215766170163e-100,1.0,0.0,0.0
3.412592658363492e-100,1.0,0.0,0.0
3.31173530381689e-100,1.0,0.0,0.0
3.2138587345513004e-100,1.0,0.0,0.0
3.1188748550487363e-100,1.0,0.0,0.0
3.0266981734072247e-100,1.0,0.0,0.0
2.9372457243923245e-100,1.0,0.0,0.0
2.8504369947628146e-100,1.0,0.0,0.0
2.766193850803346e-100,1.0,0.0,0.0
2.684440467998821e-100,1.0,0.0,0.0
2.6051032627872155e-100,1.0,0.0,0.0
2.528110826329406e-100,1.0,0.0,0.0
2.453393860236394e-100,1.0,0.0,0.0
2.38088511419608e-100,1.0,0.0,0.0
2.310519325443444e-100,1.0,0.0,0.0
2.2422331600196532e-100,1.0,0.0,0.0
2.1759651557672215e-100,1.0,0.0,0.0
2.1116556670099232e-100,1.0,0.0,0.0
2.0492468108676573e-100,1.0,0.0,0.0
1.988682415157949e-100,1.0,0.0,0.0
1.929907967837195e-100,1.0,0.0,0.0
1.8728705679361444e-100,1.0,0.0,0.0
1.8175188779454573e-100,1.0,0.0,0.0
1.7638030776084802e-100,1.0,0.0,0.0
1.7116748190796544e-100,1.0,0.0,0.0
1.6610871834081899e-100,1.0,0.0,0.0
1.6119946383078448e-100,1.0,0.0,0.0
1.5643529971747948e-100,1.0,0.0,0.0
1.518119379316706e-100,1.0,0.0,0.0
1.4732521713572191e-100,1.0,0.0,0.0
1.4297109897811031e-100,1.0,0.0,0.0
1.3874566445863633e-100,1.0,0.0,0.0
1.3464511040105975e-100,1.0,0.0,0.0
1.306657460299841e-100,1.0,0.0,0.0
1.2680398964890987e-100,1.0,0.0,0.0
1.230563654164658e-100,1.0,0.0,0.0
1.194195002179172e-100,1.0,0.0,0.0
1.158901206291349e-100,1.0,0.0,0.0
1.124650499702927e-100,1.0,0.0,0.0
1.0914120544664113e-100,1.0,0.0,0.0
1.0591559537378405e-100,1.0,0.0,0.0
1.027853164849609e-100,1.0,0.0,0.0
9.974755131791056e-101,1.0,0.0,0.0
9.679956567896522e-101,1.0,0.0,0.0
9.393870618209158e-101,1.0,0.0,0.0
9.11623978606643e-101,1.0,0.0,0.0
8.846814184982222e-101,1.0,0.0,0.0
8.585351313732143e-101,1.0,0.0,0.0
8.331615838086053e-101,1.0,0.0,0.0
8.085379378991374e-101,1.0,0.0,0.0
7.846420307016527e-101,1.0,0.0,0.0
7.614523542869492e-101,1.0,0.0,0.0
7.389480363811925e-101,1.0,0.0,0.0
7.171088215794607e-101,1.0,0.0,0.0
6.959150531145133e-101,1.0,0.0,0.0
6.753476551643735e-101,1.0,0.0,0.0
6.553881156828015e-101,1.0,0.0,0.0
6.36018469737203e-101,1.0,0.0,0.0
6.172212833389782e-101,1.0,0.0,0.0
5.989796377517546e-101,1.0,0.0,0.0
5.812771142633832e-101,1.0,0.0,0.0
5.640977794079886e-101,1.0,0.0,0.0
5.474261706247752e-101,1.0,0.0,0.0
5.312472823406785e-101,1.0,0.0,0.0
5.1554655246433674e-101,1.0,0.0,0.0
5.003098492792256e-101,1.0,0.0,0.0
4.8552345872416015e-101,1.0,0.0,0.0
4.711740720497137e-101,1.0,0.0,0.0
4.572487738394453e-101,1.0,0.0,0.0
4.4373503038515355e-101,1.0,0.0,0.0
4.306206784056929e-101,1.0,0.0,0.0
4.1789391409919967e-101,1.0,0.0,0.0
4.0554328251887444e-101,1.0,0.0,0.0
3.935576672627561e-101,1.0,0.0,0.0
3.819262804682103e-101,1.0,0.0,0.0
3.706386531021245e-101,1.0,0.0,0.0
3.596846255380723e-101,1.0,0.0,0.0
3.490543384119634e-101,1.0,0.0,0.0
3.38738223747951e-101,1.0,0.0,0.0
3.287269963466072e-101,1.0,0.0,0.0
3.1901164542761754e-101,1.0,0.0,0.0
3.095834265194701e-101,1.0,0.0,0.0
3.0043385358884107e-101,1.0,0.0,0.0
2.9155469140259225e-101,1.0,0.0,0.0
2.8293794811550515e-101,1.0,0.0,0.0
2.7457586807708122e-101,1.0,0.0,0.0
2.6646092485093266e-101,1.0,0.0,0.0
2.5858581444048197e-101,1.0,0.0,0.0
2.5094344871487202e-101,1.0,0.0,0.0
2.435269490291697e-101,1.0,0.0,0.0
2.3632964003312166e-101,1.0,0.0,0.0
2.2934504366288812e-101,1.0,0.0,0.0
2.2256687331034852e-101,1.0,0.0,0.0
2.159890281647298e-101,1.0,0.0,0.0
2.09605587721465e-101,1.0,0.0,0.0
2.0341080645333957e-101,1.0,0.0,0.0
1.9739910863912906e-101,1.0,0.0,0.0
1.9156508334507383e-101,1.0,0.0,0.0
1.859034795546734e-101,1.0,0.0,0.0
1.8040920144241724e-101,1.0,0.0,0.0
1.7507730378719786e-101,1.0,0.0,0.0
1.6990298752127814e-101,1.0,0.0,0.0
1.6488159541080634e-101,1.0,0.0,0.0
1.600086078639915e-101,1.0,0.0,0.0
1.5527963886316565e-101,1.0,0.0,0.0
1.5069043201707205e-101,1.0,0.0,0.0
1.4623685672982557e-101,1.0,0.0,0.0
1.4191490448309784e-101,1.0,0.0,0.0
1.3772068522818016e-101,1.0,0.0,0.0
1.3365042388467702e-101,1.0,0.0,0.0
1.2970045694267915e-101,1.0,0.0,0.0
1.2586722916535715e-101,1.0,0.0,0.0
1.2214729038900858e-101,1.0,0.0,0.0
1.1853729241767767e-101,1.0,0.0,0.0
1.1503398600955305e-101,1.0,0.0,0.0
1.1163421795243075e-101,1.0,0.0,0.0
1.0833492822561047e-101,1.0,0.0,0.0
1.051331472456705e-101,1.0,0.0,0.0
1.0202599319364207e-101,1.0,0.0,0.0
9.901066942117783e-102,1.0,0.0,0.0
9.608446193337973e-102,1.0,0.0,0.0
9.324473694602025e-102,1.0,0.0,0.0
9.048893851495897e-102,1.0,0.0,0.0
8.78145862356203e-102,1.0,0.0,0.0
8.521927301046193e-102,1.0,0.0,0.0
8.270066288242471e-102,1.0,0.0,0.0
8.025648893241346e-102,1.0,0.0,0.0
7.788455123891694e-102,1.0,0.0,0.0
7.558271489792998e-102,1.0,0.0,0.0
7.334890810139573e-102,1.0,0.0,0.0
7.118112027243868e-102,1.0,0.0,0.0
6.90774002557097e-102,1.0,0.0,0.0
6.703585456121459e-102,1.0,0.0,0.0
6.505464566004527e-102,1.0,0.0,0.0
6.3131990330479756e-102,1.0,0.0,0.0
6.126615805296227e-102,1.0,0.0,0.0
5.945546945251883e-102,1.0,0.0,0.0
5.769829478720646e-102,1.0,0.0,0.0
5.599305248123541e-102,1.0,0.0,0.0
5.433820770144426e-102,1.0,0.0,0.0
5.273227097584644e-102,1.0,0.0,0.0
5.117379685300493e-102,1.0,0.0,0.0
4.966138260102843e-102,1.0,0.0,0.0
4.8193666945018e-102,1.0,0.0,0.0
4.676932884182772e-102,1.0,0.0,0.0
4.538708629103677e-102,1.0,0.0,0.0
4.404569518106249e-102,1.0,0.0,0.0
4.274394816937599e-102,1.0,0.0,0.0
4.148067359581242e-102,1.0,0.0,0.0
4.025473442799772e-102,1.0,0.0,0.0
3.906502723794274e-102,1.0,0.0,0.0
3.791048120888364e-102,1.0,0.0,0.0
3.679005717147443e-102,1.0,0.0,0.0
3.5702746668464517e-102,1.0,0.0,0.0
3.464757104701908e-102,1.0,0.0,0.0
3.3623580577865476e-102,1.0,0.0,0.0
3.2629853600472794e-102,1.0,0.0,0.0
3.166549569349518e-102,1.0,0.0,0.0
3.0729638869732256e-102,1.0,0.0,0.0
2.9821440794882065e-102,1.0,0.0,0.0
2.8940084029383347e-102,1.0,0.0,0.0
2.8084775292664776e-102,1.0,0.0,0.0
2.725474474913888e-102,1.0,0.0,0.0
2.644924531529809e-102,1.0,0.0,0.0
2.5667551987289142e-102,1.0,0.0,0.0
2.4908961188360682e-102,1.0,0.0,0.0
2.4172790135596716e-102,1.0,0.0,0.0
2.3458376225365893e-102,1.0,0.0,0.0
2.276507643693351e-102,1.0,0.0,0.0
2.209226675369949e-102,1.0,0.0,0.0
2.1439341601541285e-102,1.0,0.0,0.0
2.080571330375631e-102,1.0,0.0,0.0
2.0190811552113266e-102,1.0,0.0,0.0
1.9594082893536225e-102,1.0,0.0,0.0
1.901499023195951e-102,1.0,0.0,0.0
1.845301234490498e-102,1.0,0.0,0.0
1.790764341434665e-102,1.0,0.0,0.0
1.7378392571440308e-102,1.0,0.0,0.0
1.6864783454708424e-102,1.0,0.0,0.0
1.6366353781282686e-102,1.0,0.0,0.0
1.5882654930818206e-102,1.0,0.0,0.0
1.5413251541704945e-102,1.0,0.0,0.0
1.4957721119212867e-102,1.0,0.0,0.0
1.4515653655218178e-102,1.0,0.0,0.0
1.408665125916834e-102,1.0,0.0,0.0
1.3670327799953731e-102,1.0,0.0,0.0
1.3266308558363562e-102,1.0,0.0,0.0
1.287422988981332e-102,1.0,0.0,0.0
1.2493738897040092e-102,1.0,0.0,0.0
1.2124493112471208e-102,1.0,0.0,0.0
1.176616018998032e-102,1.0,0.0,0.0
1.1418417605753452e-102,1.0,0.0,0.0
1.1080952367995806e-102,1.0,0.0,0.0
1.0753460735218018e-102,1.0,0.0,0.0
1.0435647942848315e-102,1.0,0.0,0.0
1.0127227937924523e-102,1.0,0.0,0.0
9.827923121627075e-103,1.0,0.0,0.0
9.537464099421354e-103,1.0,0.0,0.0
9.255589438584419e-103,1.0,0.0,0.0
8.982045432897917e-103,1.0,0.0,0.0
8.71658587429537e-103,1.0,0.0,0.0
8.45897183125828e-103,1.0,0.0,0.0
8.208971433761656e-103,1.0,0.0,0.0
7.966359664575333e-103,1.0,0.0,0.0
7.730918156733279e-103,1.0,0.0,0.0
7.502434996988594e-103,1.0,0.0,0.0
7.280704535077275e-103,1.0,0.0,0.0
7.065527198619112e-103,1.0,0.0,0.0
6.856709313489067e-103,1.0,0.0,0.0
6.654062929497494e-103,1.0,0.0,0.0
6.457405651222284e-103,1.0,0.0,0.0
6.266560473840675e-103,1.0,0.0,0.0
6.081355623812967e-103,1.0,0.0,0.0
5.901624404274739e-103,1.0,0.0,0.0
5.727205044998425e-103,1.0,0.0,0.0
5.557940556789189e-103,1.0,0.0,0.0
5.393678590184056e-103,1.0,0.0,0.0
5.234271298327114e-103,1.0,0.0,0.0
5.079575203897361e-103,1.0,0.0,0.0
4.92945106996944e-103,1.0,0.0,0.0
4.783763774691002e-103,1.0,0.0,0.0
4.642382189663924e-103,1.0,0.0,0.0
4.5051790619199e-103,1.0,0.0,0.0
4.3720308993841816e-103,1.0,0.0,0.0
4.2428178597243746e-103,1.0,0.0,0.0
4.1174236424842535e-103,1.0,0.0,0.0
3.9957353844055004e-103,1.0,0.0,0.0
3.8776435578431577e-103,1.0,0.0,0.0
3.7630418721833524e-103,1.0,0.0,0.0
3.6518271781745724e-103,1.0,0.0,0.0
3.5438993750863796e-103,1.0,0.0,0.0
3.4391613206119934e-103,1.0,0.0,0.0
3.3375187434336603e-103,1.0,0.0,0.0
3.238880158372108e-103,1.0,0.0,0.0
3.1431567840437046e-103,1.0,0.0,0.0
3.050262462951227e-103,1.0,0.0,0.0
2.960113583936293e-103,1.0,0.0,0.0
2.872629006923681e-103,1.0,0.0,0.0
2.787729989889784e-103,1.0,0.0,0.0
2.705340117989474e-103,1.0,0.0,0.0
2.6253852347775827e-103,1.0,0.0,0.0
2.5477933754631003e-103,1.0,0.0,0.0
2.4724947021360025e-103,1.0,0.0,0.0
2.3994214409084204e-103,1.0,0.0,0.0
2.328507820913566e-103,1.0,0.0,0.0
2.259690015107515e-103,1.0,0.0,0.0
2.1929060828205577e-103,1.0,0.0,0.0
2.1280959140064178e-103,1.0,0.0,0.0
2.0652011751391522e-103,1.0,0.0,0.0
2.004165256709042e-103,1.0,0.0,0.0
1.944933222270212e-103,1.0,0.0,0.0
1.8874517589941232e-103,1.0,0.0,0.0
1.8316691296844282e-103,1.0,0.0,0.0
1.7775351262100028e-103,1.0,0.0,0.0
1.72500102431424e-103,1.0,0.0,0.0
1.6740195397599291e-103,1.0,0.0,0.0
1.6245447857702536e-103,1.0,0.0,0.0
1.576532231727593e-103,1.0,0.0,0.0
1.5299386630929627e-103,1.0,0.0,0.0
1.4847221425100116e-103,1.0,0.0,0.0
1.4408419720585719e-103,1.0,0.0,0.0
1.3982586566237833e-103,1.0,0.0,0.0
1.3569338683478253e-103,1.0,0.0,0.0
1.3168304121322576e-103,1.0,0.0,0.0
1.277912192159921e-103,1.0,0.0,0.0
1.2401441794062673e-103,1.0,0.0,0.0
1.2034923801108708e-103,1.0,0.0,0.0
1.1679238051807519e-103,1.0,0.0,0.0
1.1334064404979658e-103,1.0,0.0,0.0
1.099909218104736e-103,1.0,0.0,0.0
1.0674019882401956e-103,1.0,0.0,0.0
1.0358554922035678e-103,1.0,0.0,0.0
1.0052413360193603e-103,1.0,0.0,0.0
9.755319648808712e-104,1.0,0.0,0.0
9.467006383490033e-104,1.0,0.0,0.0
9.187214062840643e-104,1.0,0.0,0.0
8.915690854888892e-104,1.0,0.0,0.0
8.652192370422646e-104,1.0,0.0,0.0
8.396481443022482e-104,1.0,0.0,0.0
8.148327915595924e-104,1.0,0.0,0.0
7.907508433220511e-104,1.0,0.0,0.0
7.673806242109305e-104,1.0,0.0,0.0
7.447010994517847e-104,1.0,0.0,0.0
7.22691855941699e-104,1.0,0.0,0.0
7.013330838761203e-104,1.0,0.0,0.0
6.80605558918695e-104,1.0,0.0,0.0
6.6049062489807e-104,1.0,0.0,0.0
6.409701770160785e-104,1.0,0.0,0.0
6.220266455522003e-104,1.0,0.0,0.0
6.036429800496271e-104,1.0,0.0,0.0
5.85802633968701e-104,1.0,0.0,0.0
5.684895497939119e-104,1.0,0.0,0.0
5.5168814458105005e-104,1.0,0.0,0.0
5.353832959315043e-104,1.0,0.0,0.0
5.195603283810829e-104,1.0,0.0,0.0
5.042050001911053e-104,1.0,0.0,0.0
4.89303490529876e-104,1.0,0.0,0.0
4.748423870330036e-104,1.0,0.0,0.0
4.6080867373136725e-104,1.0,0.0,0.0
4.4718971933586626e-104,1.0,0.0,0.0
4.339732658684074e-104,1.0,0.0,0.0
4.2114741762889726e-104,1.0,0.0,0.0
4.0870063048830936e-104,1.0,0.0,0.0
3.9662170149818894e-104,1.0,0.0,0.0
3.8489975880724316e-104,1.0,0.0,0.0
3.7352425187594135e-104,1.0,0.0,0.0
3.624849419803173e-104,1.0,0.0,0.0
3.517718929964268e-104,1.0,0.0,0.0
3.413754624571653e-104,1.0,0.0,0.0
3.312862928733969e-104,1.0,0.0,0.0
3.2149530331158247e-104,1.0,0.0,0.0
3.1199368122032675e-104,1.0,0.0,0.0
3.027728744984874e-104,1.0,0.0,0.0
2.9382458379770633e-104,1.0,0.0,0.0
2.851407550524367e-104,1.0,0.0,0.0
2.767135722307399e-104,1.0,0.0,0.0
2.6853545029932957e-104,1.0,0.0,0.0
2.605990283965295e-104,1.0,0.0,0.0
2.5289716320700147e-104,1.0,0.0,0.0
2.4542292253227943e-104,1.0,0.0,0.0
2.381695790513228e-104,1.0,0.0,0.0
2.311306042654738e-104,1.0,0.0,0.0
2.2429966262236775e-104,1.0,0.0,0.0
2.1767060581350862e-104,1.0,0.0,0.0
2.1123746724037624e-104,1.0,0.0,0.0
2.0499445664408503e-104,1.0,0.0,0.0
1.9893595489376033e-104,1.0,0.0,0.0
1.9305650892894116e-104,1.0,0.0,0.0
1.8735082685145795e-104,1.0,0.0,0.0
1.8181377316236694e-104,1.0,0.0,0.0
1.764403641396546e-104,1.0,0.0,0.0
1.7122576335255148e-104,1.0,0.0,0.0
1.66165277308418e-104,1.0,0.0,0.0
1.6125435122828447e-104,1.0,0.0,0.0
1.5648856494724248e-104,1.0,0.0,0.0
1.5186362893599826e-104,1.0,0.0,0.0
1.4737538044000678e-104,1.0,0.0,0.0
1.430197797327117e-104,1.0,0.0,0.0
1.3879290647951884e-104,1.0,0.0,0.0
1.346909562092305e-104,1.0,0.0,0.0
1.3071023688976456e-104,1.0,0.0,0.0
1.2684716560507651e-104,1.0,0.0,0.0
1.2309826533029311e-104,1.0,0.0,0.0
1.1946016180215542e-104,1.0,0.0,0.0
1.1592958048195409e-104,1.0,0.0,0.0
1.1250334360822352e-104,1.0,0.0,0.0
1.0917836733654213e-104,1.0,0.0,0.0
1.059516589638642e-104,1.0,0.0,0.0
1.0282031423488516e-104,1.0,0.0,0.0
9.978151472801586e-105,1.0,0.0,0.0
9.683252531861285e-105,1.0,0.0,0.0
9.397069171718162e-105,1.0,0.0,0.0
9.119343808033702e-105,1.0,0.0,0.0
8.849826469237023e-105,1.0,0.0,0.0
8.588274571533602e-105,1.0,0.0,0.0
8.334452700563478e-105,1.0,0.0,0.0
8.088132399512453e-105,1.0,0.0,0.0
7.84909196348553e-105,1.0,0.0,0.0
7.617116239957552e-105,1.0,0.0,0.0
7.391996435121399e-105,1.0,0.0,0.0
7.173529925959484e-105,1.0,0.0,0.0
6.961520077869349e-105,1.0,0.0,0.0
6.7557760676792616e-105,1.0,0.0,0.0
6.556112711894477e-105,1.0,0.0,0.0
6.362350300019595e-105,1.0,0.0,0.0
6.1743144328069884e-105,1.0,0.0,0.0
5.9918358652857065e-105,1.0,0.0,0.0
5.81475035442958e-105,1.0,0.0,0.0
5.642898511327417e-105,1.0,0.0,0.0
5.476125657722215e-105,1.0,0.0,0.0
5.314281686790305e-105,1.0,0.0,0.0
5.157220928035068e-105,1.0,0.0,0.0
5.004802016173662e-105,1.0,0.0,0.0
4.8568877638987255e-105,1.0,0.0,0.0
4.713345038400542e-105,1.0,0.0,0.0
4.574044641538529e-105,1.0,0.0,0.0
4.438861193554186e-105,1.0,0.0,0.0
4.3076730202208534e-105,1.0,0.0,0.0
4.180362043328701e-105,1.0,0.0,0.0
4.056813674406362e-105,1.0,0.0,0.0
3.9369167115835806e-105,1.0,0.0,0.0
3.8205632395020224e-105,1.0,0.0,0.0
3.707648532184169e-105,1.0,0.0,0.0
3.59807095877287e-105,1.0,0.0,0.0
3.491731892056712e-105,1.0,0.0,0.0
3.3885356196988734e-105,1.0,0.0,0.0
3.2883892580895604e-105,1.0,0.0,0.0
3.1912026687444898e-105,1.0,0.0,0.0
3.0968883771741705e-105,1.0,0.0,0.0
3.0053614941509593e-105,1.0,0.0,0.0
2.916539639303025e-105,1.0,0.0,0.0
2.8303428669664566e-105,1.0,0.0,0.0
2.746693594228768e-105,1.0,0.0,0.0
2.665516531099043e-105,1.0,0.0,0.0
2.5867386127418592e-105,1.0,0.0,0.0
2.5102889337140084e-105,1.0,0.0,0.0
2.4360986841448092e-105,1.0,0.0,0.0
2.3641010878025823e-105,1.0,0.0,0.0
2.2942313419915327e-105,1.0,0.0,0.0
2.2264265592249517e-105,1.0,0.0,0.0
2.1606257106222344e-105,1.0,0.0,0.0
2.0967695709787675e-105,1.0,0.0,0.0
2.0348006654592485e-105,1.0,0.0,0.0
1.9746632178664558e-105,1.0,0.0,0.0
1.9163031004389052e-105,1.0,0.0,0.0
1.8596677851322133e-105,1.0,0.0,0.0
1.804706296340311e-105,1.0,0.0,0.0
1.7513691650139584e-105,1.0,0.0,0.0
1.6996083841352628e-105,1.0,0.0,0.0
1.64937736550812e-105,1.0,0.0,0.0
1.6006308978256966e-105,1.0,0.0,0.0
1.5533251059771998e-105,1.0,0.0,0.0
1.507417411557319e-105,1.0,0.0,0.0
1.462866494542786e-105,1.0,0.0,0.0
1.4196322561015653e-105,1.0,0.0,0.0
1.3776757825012002e-105,1.0,0.0,0.0
1.3369593100838262e-105,1.0,0.0,0.0
1.2974461912763304e-105,1.0,0.0,0.0
1.259100861605063e-105,1.0,0.0,0.0
1.2218888076854102e-105,1.0,0.0,0.0
1.185776536157419e-105,1.0,0.0,0.0
1.1507315435395128e-105,1.0,0.0,0.0
1.1167222869731638e-105,1.0,0.0,0.0
1.0837181558321927e-105,1.0,0.0,0.0
1.0516894441711379e-105,1.0,0.0,0.0
1.0206073239879009e-105,1.0,0.0,0.0
9.904438192765975e-106,1.0,0.0,0.0
9.611717808472662e-106,1.0,0.0,0.0
9.327648618897633e-106,1.0,0.0,0.0
9.051974942598565e-106,1.0,0.0,0.0
8.784448654661691e-106,1.0,0.0,0.0
8.524828963372633e-106,1.0,0.0,0.0
8.272882193487615e-106,1.0,0.0,0.0
8.028381575909958e-106,1.0,0.0,0.0
7.791107043582605e-106,1.0,0.0,0.0
7.560845033412907e-106,1.0,0.0,0.0
7.337388294051425e-106,1.0,0.0,0.0
7.120535699351737e-106,1.0,0.0,0.0
6.910092067343326e-106,1.0,0.0,0.0
6.705867984554635e-106,1.0,0.0,0.0
6.507679635528159e-106,1.0,0.0,0.0
6.31534863737413e-106,1.0,0.0,0.0
6.128701879213874e-106,1.0,0.0,0.0
5.947571366368336e-106,1.0,0.0,0.0
5.771794069151536e-106,1.0,0.0,0.0
5.601211776132847e-106,1.0,0.0,0.0
5.435670951736027e-106,1.0,0.0,0.0
5.275022598046838e-106,1.0,0.0,0.0
5.119122120704876e-106,1.0,0.0,0.0
4.967829198758875e-106,1.0,0.0,0.0
4.821007658368391e-106,1.0,0.0,0.0
4.67852535023815e-106,1.0,0.0,0.0
4.540254030674768e-106,1.0,0.0,0.0
4.406069246158764e-106,1.0,0.0,0.0
4.275850221328002e-106,1.0,0.0,0.0
4.1494797502717084e-106,1.0,0.0,0.0
4.026844091037245e-106,1.0,0.0,0.0
3.907832863254673e-106,1.0,0.0,0.0
3.7923389487869716e-106,1.0,0.0,0.0
3.6802583953164864e-106,1.0,0.0,0.0
3.571490322780826e-106,1.0,0.0,0.0
3.465936832573998e-106,1.0,0.0,0.0
3.363502919431058e-106,1.0,0.0,0.0
3.264096385916956e-106,1.0,0.0,0.0
3.1676277594426266e-106,1.0,0.0,0.0
3.0740102117336167e-106,1.0,0.0,0.0
2.98315948067878e-106,1.0,0.0,0.0
2.894993794488692e-106,1.0,0.0,0.0
2.8094337980955163e-106,1.0,0.0,0.0
2.7264024817280927e-106,1.0,0.0,0.0
2.6458251115979436e-106,1.0,0.0,0.0
2.56762916263382e-106,1.0,0.0,0.0
2.4917442532042424e-106,1.0,0.0,0.0
2.418102081769286e-106,1.0,0.0,0.0
2.346636365404581e-106,1.0,0.0,0.0
2.277282780142209e-106,1.0,0.0,0.0
2.2099789030747894e-106,1.0,0.0,0.0
2.1446641561706534e-106,1.0,0.0,0.0
2.0812797517495231e-106,1.0,0.0,0.0
2.0197686395696336e-106,1.0,0.0,0.0
1.9600754554786642e-106,1.0,0.0,0.0
1.9021464715822666e-106,1.0,0.0,0.0
1.845929547885332e-106,1.0,0.0,0.0
1.791374085362477e-106,1.0,0.0,0.0
1.7384309804155073e-106,1.0,0.0,0.0
1.687052580676863e-106,1.0,0.0,0.0
1.6371926421192732e-106,1.0,0.0,0.0
1.5888062874330107e-106,1.0,0.0,0.0
1.541849965633284e-106,1.0,0.0,0.0
1.4962814128614116e-106,1.0,0.0,0.0
1.4520596143444967e-106,1.0,0.0,0.0
1.4091447674793644e-106,1.0,0.0,0.0
1.3674982460075314e-106,1.0,0.0,0.0
1.3270825652489675e-106,1.0,0.0,0.0
1.2878613483633535e-106,1.0,0.0,0.0
1.249799293608469e-106,1.0,0.0,0.0
1.2128621425662439e-106,1.0,0.0,0.0
1.1770166493078673e-106,1.0,0.0,0.0
1.1422305504702099e-106,1.0,0.0,0.0
1.108472536216619e-106,1.0,0.0,0.0
1.0757122220559531e-106,1.0,0.0,0.0
1.043920121494488e-106,1.0,0.0,0.0
1.0130676194960832e-106,1.0,0.0,0.0
9.831269467267183e-107,1.0,0.0,0.0
9.54071154560218e-107,1.0,0.0,0.0
9.258740908226695e-107,1.0,0.0,0.0
8.985103762537014e-107,1.0,0.0,0.0
8.719553816634365e-107,1.0,0.0,0.0
8.461852057645586e-107,1.0,0.0,0.0
8.211766536595406e-107,1.0,0.0,0.0
7.969072159636717e-107,1.0,0.0,0.0
7.73355048545092e-107,1.0,0.0,0.0
7.504989528635991e-107,1.0,0.0,0.0
7.283183568905315e-107,1.0,0.0,0.0
7.067932965925548e-107,1.0,0.0,0.0
6.859043979626838e-107,1.0,0.0,0.0
6.656328595823692e-107,1.0,0.0,0.0
6.45960435698951e-107,1.0,0.0,0.0
6.268694198032511e-107,1.0,0.0,0.0
6.083426286925188e-107,1.0,0.0,0.0
5.903633870043894e-107,1.0,0.0,0.0
5.729155122079325e-107,1.0,0.0,0.0
5.559833000382818e-107,1.0,0.0,0.0
5.395515103617367e-107,1.0,0.0,0.0
5.236053534586142e-107,1.0,0.0,0.0
5.081304767115022e-107,1.0,0.0,0.0
4.9311295168693574e-107,1.0,0.0,0.0
4.7853926159886634e-107,1.0,0.0,0.0
4.643962891426427e-107,1.0,0.0,0.0
4.506713046885512e-107,1.0,0.0,0.0
4.3735195482429e-107,1.0,0.0,0.0
4.24426251236064e-107,1.0,0.0,0.0
4.118825599182937e-107,1.0,0.0,0.0
3.997095907022248e-107,1.0,0.0,0.0
3.878963870940146e-107,1.0,0.0,0.0
3.7643231641314765e-107,1.0,0.0,0.0
3.6530706022230597e-107,1.0,0.0,0.0
3.5451060504007916e-107,1.0,0.0,0.0
3.440332333281551e-107,1.0,0.0,0.0
3.3386551474487976e-107,1.0,0.0,0.0
3.239982976573133e-107,1.0,0.0,0.0
3.144227009041428e-107,1.0,0.0,0.0
3.0513010580203745e-107,1.0,0.0,0.0
2.961121483882522e-107,1.0,0.0,0.0
2.873607118924966e-107,1.0,0.0,0.0
2.788679194312938e-107,1.0,0.0,0.0
2.7062612691825392e-107,1.0,0.0,0.0
2.6262791618388018e-107,1.0,0.0,0.0
2.5486608829871587e-107,1.0,0.0,0.0
2.4733365709382196e-107,1.0,0.0,0.0
2.400238428727535e-107,1.0,0.0,0.0
2.3293006630937543e-107,1.0,0.0,0.0
2.2604594252602474e-107,1.0,0.0,0.0
2.193652753466899e-107,1.0,0.0,0.0
2.1288205172003418e-107,1.0,0.0,0.0
2.0659043630724365e-107,1.0,0.0,0.0
2.0048476622982845e-107,1.0,0.0,0.0
1.9455954597264985e-107,1.0,0.0,0.0
1.8880944243758586e-107,1.0,0.0,0.0
1.8322928014338292e-107,1.0,0.0,0.0
1.7781403656737353e-107,1.0,0.0,0.0
1.7255883762486683e-107,1.0,0.0,0.0
1.6745895328214348e-107,1.0,0.0,0.0
1.6250979329910602e-107,1.0,0.0,0.0
1.577069030977531e-107,1.0,0.0,0.0
1.5304595975275855e-107,1.0,0.0,0.0
1.485227681005468e-107,1.0,0.0,0.0
1.4413325696336262e-107,1.0,0.0,0.0
1.398734754849363e-107,1.0,0.0,0.0
1.3573958957444656e-107,1.0,0.0,0.0
1.3172787845557974e-107,1.0,0.0,0.0
1.2783473131758021e-107,1.0,0.0,0.0
1.2405664406527697e-107,1.0,0.0,0.0
1.2039021616516148e-107,1.0,0.0,0.0
1.16832147584678e-107,1.0,0.0,0.0
1.1337923582197162e-107,1.0,0.0,0.0
1.1002837302342037e-107,1.0,0.0,0.0
1.0677654318635728e-107,1.0,0.0,0.0
1.0362081944446441e-107,1.0,0.0,0.0
1.0055836143339565e-107,1.0,0.0,0.0
9.758641273425704e-108,1.0,0.0,0.0
9.470229839264388e-108,1.0,0.0,0.0
9.190342251100106e-108,1.0,0.0,0.0
8.91872659121402e-108,1.0,0.0,0.0
8.655138387181006e-108,1.0,0.0,0.0
8.399340391827987e-108,1.0,0.0,0.0
8.151102369695444e-108,1.0,0.0,0.0
7.910200889809985e-108,1.0,0.0,0.0
7.676419124581377e-108,1.0,0.0,0.0
7.449546654643082e-108,1.0,0.0,0.0
7.229379279460631e-108,1.0,0.0,0.0
7.015718833537364e-108,1.0,0.0,0.0
6.808373008052095e-108,1.0,0.0,0.0
6.607155177768208e-108,1.0,0.0,0.0
6.411884233058345e-108,1.0,0.0,0.0
6.222384416893515e-108,1.0,0.0,0.0
6.03848516664991e-108,1.0,0.0,0.0
5.860020960591029e-108,1.0,0.0,0.0
5.68683116888695e-108,1.0,0.0,0.0
5.518759909036632e-108,1.0,0.0,0.0
5.355655905563156e-108,1.0,0.0,0.0
5.197372353855577e-108,1.0,0.0,0.0
5.043766788034869e-108,1.0,0.0,0.0
4.894700952725022e-108,1.0,0.0,0.0
4.7500406786138674e-108,1.0,0.0,0.0
4.609655761691646e-108,1.0,0.0,0.0
4.473419846058613e-108,1.0,0.0,0.0
4.341210310196193e-108,1.0,0.0,0.0
4.2129081565993475e-108,1.0,0.0,0.0
4.0883979046707824e-108,1.0,0.0,0.0
3.967567486780619e-108,1.0,0.0,0.0
3.8503081473979634e-108,1.0,0.0,0.0
3.736514345203591e-108,1.0,0.0,0.0
3.62608365809563e-108,1.0,0.0,0.0
3.518916691002766e-108,1.0,0.0,0.0
3.414916986421964e-108,1.0,0.0,0.0
3.3139909376002038e-108,1.0,0.0,0.0
3.2160477042820927e-108,1.0,0.0,0.0
3.1209991309474976e-108,1.0,0.0,0.0
3.0287596674656304e-108,1.0,0.0,0.0
2.939246292094156e-108,1.0,0.0,0.0
2.8523784367540215e-108,1.0,0.0,0.0
2.768077914512747e-108,1.0,0.0,0.0
2.6862688492109095e-108,1.0,0.0,0.0
2.6068776071684794e-108,1.0,0.0,0.0
2.5298327309095377e-108,1.0,0.0,0.0
2.4550648748457266e-108,1.0,0.0,0.0
2.382506742860538e-108,1.0,0.0,0.0
2.312093027738269e-108,1.0,0.0,0.0
2.2437603523831178e-108,1.0,0.0,0.0
2.1774472127755227e-108,1.0,0.0,0.0
2.113093922614392e-108,1.0,0.0,0.0
2.050642559595405e-108,1.0,0.0,0.0
1.990036913277029e-108,1.0,0.0,0.0
1.9312224344873287e-108,1.0,0.0,0.0
1.87414618622603e-108,1.0,0.0,0.0
1.8187567960176467e-108,1.0,0.0,0.0
1.765004409672785e-108,1.0,0.0,0.0
1.7128406464160098e-108,1.0,0.0,0.0
1.6622185553398795e-108,1.0,0.0,0.0
1.6130925731459632e-108,1.0,0.0,0.0
1.5654184831347952e-108,1.0,0.0,0.0
1.5191533754078615e-108,1.0,0.0,0.0
1.4742556082457964e-108,1.0,0.0,0.0
1.4306847706280227e-108,1.0,0.0,0.0
1.3884016458601077e-108,1.0,0.0,0.0
1.3473681762760908e-108,1.0,0.0,0.0
1.3075474289840149e-108,1.0,0.0,0.0
1.2689035626238325e-108,1.0,0.0,0.0
1.2314017951077617e-108,1.0,0.0,0.0
1.19500837231406e-108,1.0,0.0,0.0
1.1596905377060366e-108,1.0,0.0,0.0
1.1254165028489593e-108,1.0,0.0,0.0
1.0921554187983168e-108,1.0,0.0,0.0
1.0598773483336874e-108,1.0,0.0,0.0
1.0285532390132198e-108,1.0,0.0,0.0
9.981548970244755e-109,1.0,0.0,0.0
9.686549618080933e-109,1.0,0.0,0.0
9.40026881431441e-109,1.0,0.0,0.0
9.122448886900827e-109,1.0,0.0,0.0
8.852839779155567e-109,1.0,0.0,0.0
8.591198824685856e-109,1.0,0.0,0.0
8.337290528974638e-109,1.0,0.0,0.0
8.090886357419612e-109,1.0,0.0,0.0
7.851764529636668e-109,1.0,0.0,0.0
7.619709819842574e-109,1.0,0.0,0.0
7.394513363137243e-109,1.0,0.0,0.0
7.175972467511229e-109,1.0,0.0,0.0
6.963890431409239e-109,1.0,0.0,0.0
6.758076366685456e-109,1.0,0.0,0.0
6.558345026791329e-109,1.0,0.0,0.0
6.364516640041168e-109,1.0,0.0,0.0
6.176416747805509e-109,1.0,0.0,0.0
5.993876047486556e-109,1.0,0.0,0.0
5.816730240134431e-109,1.0,0.0,0.0
5.644819882567023e-109,1.0,0.0,0.0
5.477990243860367e-109,1.0,0.0,0.0
5.316091166080366e-109,1.0,0.0,0.0
5.158976929130521e-109,1.0,0.0,0.0
5.006506119594004e-109,1.0,0.0,0.0
4.858541503452044e-109,1.0,0.0,0.0
4.714949902564046e-109,1.0,0.0,0.0
4.575602074798277e-109,1.0,0.0,0.0
4.440372597705221e-109,1.0,0.0,0.0
4.309139755628917e-109,1.0,0.0,0.0
4.1817854301546492e-109,1.0,0.0,0.0
4.058194993794402e-109,1.0,0.0,0.0
3.938257206814386e-109,1.0,0.0,0.0
3.821864117111771e-109,1.0,0.0,0.0
3.708910963050505e-109,1.0,0.0,0.0
3.599296079168774e-109,1.0,0.0,0.0
3.4929208046732226e-109,1.0,0.0,0.0
3.389689394637585e-109,1.0,0.0,0.0
3.2895089338257856e-109,1.0,0.0,0.0
3.1922892530619578e-109,1.0,0.0,0.0
3.0979428480721006e-109,1.0,0.0,0.0
3.006384800724325e-109,1.0,0.0,0.0
2.917532702596805e-109,1.0,0.0,0.0
2.8313065808046366e-109,1.0,0.0,0.0
2.747628826018843e-109,1.0,0.0,0.0
2.666424122612742e-109,1.0,0.0,0.0
2.5876193808727973e-109,1.0,0.0,0.0
2.5111436712129466e-109,1.0,0.0,0.0
2.436928160333182e-109,1.0,0.0,0.0
2.3649060492649406e-109,1.0,0.0,0.0
2.295012513247519e-109,1.0,0.0,0.0
2.2271846433814174e-109,1.0,0.0,0.0
2.161361390006083e-109,1.0,0.0,0.0
2.0974835077510953e-109,1.0,0.0,0.0
2.035493502211334e-109,1.0,0.0,0.0
1.9753355781981346e-109,1.0,0.0,0.0
1.9169555895198538e-109,1.0,0.0,0.0
1.8603009902466402e-109,1.0,0.0,0.0
1.8053207874155544e-109,1.0,0.0,0.0
1.751965495133458e-109,1.0,0.0,0.0
1.7001870900363715e-109,1.0,0.0,0.0
1.649938968065206e-109,1.0,0.0,0.0
1.601175902518963e-109,1.0,0.0,0.0
1.5538540033476532e-109,1.0,0.0,0.0
1.5079306776482876e-109,1.0,0.0,0.0
1.4633645913283918e-109,1.0,0.0,0.0
1.4201156319025318e-109,1.0,0.0,0.0
1.3781448723883708e-109,1.0,0.0,0.0
1.3374145362697582e-109,1.0,0.0,0.0
1.2978879634953143e-109,1.0,0.0,0.0
1.2595295774819108e-109,1.0,0.0,0.0
1.222304853093345e-109,1.0,0.0,0.0
1.1861802855653865e-109,1.0,0.0,0.0
1.1511233603492289e-109,1.0,0.0,0.0
1.1171025238462012e-109,1.0,0.0,0.0
1.0840871550073989e-109,1.0,0.0,0.0
1.052047537772674e-109,1.0,0.0,0.0
1.020954834324176e-109,1.0,0.0,0.0
9.907810591303677e-110,1.0,0.0,0.0
9.6149905375716e-110,1.0,0.0,0.0
9.330824624234871e-110,1.0,0.0,0.0
9.055057082793253e-110,1.0,0.0,0.0
8.787439703848017e-110,1.0,0.0,0.0
8.52773161369673e-110,1.0,0.0,0.0
8.275699057530672e-110,1.0,0.0,0.0
8.031115189039725e-110,1.0,0.0,0.0
7.793759866235388e-110,1.0,0.0,0.0
7.56341945330813e-110,1.0,0.0,0.0
7.339886628340741e-110,1.0,0.0,0.0
7.122960196704618e-110,1.0,0.0,0.0
6.912444909971018e-110,1.0,0.0,0.0
6.708151290174294e-110,1.0,0.0,0.0
6.509895459268945e-110,1.0,0.0,0.0
6.317498973626952e-110,1.0,0.0,0.0
6.130788663426484e-110,1.0,0.0,0.0
5.949596476787363e-110,1.0,0.0,0.0
5.773759328513033e-110,1.0,0.0,0.0
5.603118953302872e-110,1.0,0.0,0.0
5.437521763302746e-110,1.0,0.0,0.0
5.2768187098655754e-110,1.0,0.0,0.0
5.120865149397484e-110,1.0,0.0,0.0
4.969520713168815e-110,1.0,0.0,0.0
4.8226491809727914e-110,1.0,0.0,0.0
4.6801183585181407e-110,1.0,0.0,0.0
4.5417999584453114e-110,1.0,0.0,0.0
4.407569484859188e-110,1.0,0.0,0.0
4.277306121274387e-110,1.0,0.0,0.0
4.1508926218722645e-110,1.0,0.0,0.0
4.0282152059717666e-110,1.0,0.0,0.0
3.9091634556191375e-110,1.0,0.0,0.0
3.793630216204309e-110,1.0,0.0,0.0
3.681511500014518e-110,1.0,0.0,0.0
3.572706392638352e-110,1.0,0.0,0.0
3.467116962135963e-110,1.0,0.0,0.0
3.364648170893713e-110,1.0,0.0,0.0
3.26520779008391e-110,1.0,0.0,0.0
3.168706316652638e-110,1.0,0.0,0.0
3.075056892760966e-110,1.0,0.0,0.0
2.984175227607032e-110,1.0,0.0,0.0
2.8959795215586344e-110,1.0,0.0,0.0
2.810390392528039e-110,1.0,0.0,0.0
2.727330804522744e-110,1.0,0.0,0.0
2.6467259983078913e-110,1.0,0.0,0.0
2.5685034241179032e-110,1.0,0.0,0.0
2.4925926763568012e-110,1.0,0.0,0.0
2.418925430228417e-110,1.0,0.0,0.0
2.3474353802394643e-110,1.0,0.0,0.0
2.278058180520121e-110,1.0,0.0,0.0
2.210731386908403e-110,1.0,0.0,0.0
2.145394400746203e-110,1.0,0.0,0.0
2.0819884143364104e-110,1.0,0.0,0.0
2.020456358012014e-110,1.0,0.0,0.0
1.96074284876955e-110,1.0,0.0,0.0
1.9027941404206614e-110,1.0,0.0,0.0
1.8465580752169013e-110,1.0,0.0,0.0
1.7919840369042385e-110,1.0,0.0,0.0
1.7390229051650132e-110,1.0,0.0,0.0
1.687627011406337e-110,1.0,0.0,0.0
1.6377500958551402e-110,1.0,0.0,0.0
1.5893472659212552e-110,1.0,0.0,0.0
1.5423749557910555e-110,1.0,0.0,0.0
1.4967908872152836e-110,1.0,0.0,0.0
1.452554031455772e-110,1.0,0.0,0.0
1.409624572356811e-110,1.0,0.0,0.0
1.3679638705079207e-110,1.0,0.0,0.0
1.327534428465775e-110,1.0,0.0,0.0
1.2882998570039702e-110,1.0,0.0,0.0
1.2502248423602666e-110,1.0,0.0,0.0
1.2132751144518184e-110,1.0,0.0,0.0
1.1774174160297873e-110,1.0,0.0,0.0
1.1426194727455727e-110,1.0,0.0,0.0
1.1088499641017209e-110,1.0,0.0,0.0
1.0760784952613628e-110,1.0,0.0,0.0
1.0442755696908101e-110,1.0,0.0,0.0
1.0134125626106835e-110,1.0,0.0,0.0
9.834616952316801e-111,1.0,0.0,0.0
9.543960097517876e-111,1.0,0.0,0.0
9.261893450924436e-111,1.0,0.0,0.0
8.988163133517996e-111,1.0,0.0,0.0
8.722522769538943e-111,1.0,0.0,0.0
8.464733264731749e-111,1.0,0.0,0.0
8.214562591143983e-111,1.0,0.0,0.0
7.971785578285506e-111,1.0,0.0,0.0
7.736183710459829e-111,1.0,0.0,0.0
7.507544930085244e-111,1.0,0.0,0.0
7.285663446828682e-111,1.0,0.0,0.0
7.070339552380525e-111,1.0,0.0,0.0
6.861379440703655e-111,1.0,0.0,0.0
6.658595033594934e-111,1.0,0.0,0.0
6.4618038114021354e-111,1.0,0.0,0.0
6.27082864874393e-111,1.0,0.0,0.0
6.085497655085093e-111,1.0,0.0,0.0
5.905644020023427e-111,1.0,0.0,0.0
5.731105863149131e-111,1.0,0.0,0.0
5.561726088341512e-111,1.0,0.0,0.0
5.397352242371878e-111,1.0,0.0,0.0
5.237836377685337e-111,1.0,0.0,0.0
5.083034919238014e-111,1.0,0.0,0.0
4.9328085352698224e-111,1.0,0.0,0.0
4.787022011896478e-111,1.0,0.0,0.0
4.645544131407876e-111,1.0,0.0,0.0
4.508247554163297e-111,1.0,0.0,0.0
4.375008703977132e-111,1.0,0.0,0.0
4.245707656891984e-111,1.0,0.0,0.0
4.120228033239003e-111,1.0,0.0,0.0
3.9984568928883374e-111,1.0,0.0,0.0
3.880284633595389e-111,1.0,0.0,0.0
3.7656048923514004e-111,1.0,0.0,0.0
3.654314449649566e-111,1.0,0.0,0.0
3.54631313658051e-111,1.0,0.0,0.0
3.44150374467351e-111,1.0,0.0,0.0
3.339791938402308e-111,1.0,0.0,0.0
3.2410861702767748e-111,1.0,0.0,0.0
3.145297598443988e-111,1.0,0.0,0.0
3.052340006724569e-111,1.0,0.0,0.0
2.962129727012303e-111,1.0,0.0,0.0
2.8745855639671963e-111,1.0,0.0,0.0
2.7896287219341905e-111,1.0,0.0,0.0
2.7071827340217557e-111,1.0,0.0,0.0
2.627173393276527e-111,1.0,0.0,0.0
2.549528685892038e-111,1.0,0.0,0.0
2.4741787263914348e-111,1.0,0.0,0.0
2.4010556947258314e-111,1.0,0.0,0.0
2.3300937752316867e-111,1.0,0.0,0.0
2.2612290973922663e-111,1.0,0.0,0.0
2.194399678349869e-111,1.0,0.0,0.0
2.1295453671170667e-111,1.0,0.0,0.0
2.0666077904367615e-111,1.0,0.0,0.0
2.005530300242311e-111,1.0,0.0,0.0
1.9462579226704474e-111,1.0,0.0,0.0
1.888737308581089e-111,1.0,0.0,0.0
1.832916685539513e-111,1.0,0.0,0.0
1.7787458112176737e-111,1.0,0.0,0.0
1.726175928172712e-111,1.0,0.0,0.0
1.675159719961969e-111,1.0,0.0,0.0
1.6256512685549938e-111,1.0,0.0,0.0
1.5776060130042154e-111,1.0,0.0,0.0
1.5309807093370853e-111,1.0,0.0,0.0
1.4857333916335813e-111,1.0,0.0,0.0
1.4418233342540486e-111,1.0,0.0,0.0
1.3992110151833748e-111,1.0,0.0,0.0
1.3578580804585095e-111,1.0,0.0,0.0
1.3177273096473087e-111,1.0,0.0,0.0
1.2787825823476341e-111,1.0,0.0,0.0
1.240988845676553e-111,1.0,0.0,0.0
1.2043120827203787e-111,1.0,0.0,0.0
1.1687192819171521e-111,1.0,0.0,0.0
1.1341784073440074e-111,1.0,0.0,0.0
1.1006583698826803e-111,1.0,0.0,0.0
1.0681289992372026e-111,1.0,0.0,0.0
1.0365610167786004e-111,1.0,0.0,0.0
1.0059260091921516e-111,1.0,0.0,0.0
9.76196402903485e-112,1.0,0.0,0.0
9.473454392605025e-112,1.0,0.0,0.0
9.193471504487866e-112,1.0,0.0,0.0
8.921763361188142e-112,1.0,0.0,0.0
8.65808540703942e-112,1.0,0.0,0.0
8.402200314087455e-112,1.0,0.0,0.0
8.153877768479019e-112,1.0,0.0,0.0
7.9128942631638805e-112,1.0,0.0,0.0
7.679032896723385e-112,1.0,0.0,0.0
7.452083178144535e-112,1.0,0.0,0.0
7.231840837363869e-112,1.0,0.0,0.0
7.018107641410628e-112,1.0,0.0,0.0
6.81069121598369e-112,1.0,0.0,0.0
6.609404872301729e-112,1.0,0.0,0.0
6.414067439070702e-112,1.0,0.0,0.0
6.224503099417464e-112,1.0,0.0,0.0
6.040541232642709e-112,1.0,0.0,0.0
5.862016260650838e-112,1.0,0.0,0.0
5.688767498918481e-112,1.0,0.0,0.0
5.520639011867598e-112,1.0,0.0,0.0
5.357479472512924e-112,1.0,0.0,0.0
5.199142026257473e-112,1.0,0.0,0.0
5.04548415871349e-112,1.0,0.0,0.0
4.896367567429883e-112,1.0,0.0,0.0
4.751658037410681e-112,1.0,0.0,0.0
4.611225320312485e-112,1.0,0.0,0.0
4.474943017212165e-112,1.0,0.0,0.0
4.3426884648392945e-112,1.0,0.0,0.0
4.214342625170937e-112,1.0,0.0,0.0
4.0897899782893864e-112,1.0,0.0,0.0
3.968918418406445e-112,1.0,0.0,0.0
3.8516191529606486e-112,1.0,0.0,0.0
3.737786604696619e-112,1.0,0.0,0.0
3.627318316638411e-112,1.0,0.0,0.0
3.520114859871314e-112,1.0,0.0,0.0
3.4160797440491234e-112,1.0,0.0,0.0
3.315119330546315e-112,1.0,0.0,0.0
3.217142748176961e-112,1.0,0.0,0.0
3.1220618114045326e-112,1.0,0.0,0.0
3.0297909409689636e-112,1.0,0.0,0.0
2.9402470868595404e-112,1.0,0.0,0.0
2.8533496535642898e-112,1.0,0.0,0.0
2.7690204275285744e-112,1.0,0.0,0.0
2.6871835067576212e-112,1.0,0.0,0.0
2.6077652324995963e-112,1.0,0.0,0.0
2.5306941229477637e-112,1.0,0.0,0.0
2.4559008089020303e-112,1.0,0.0,0.0
2.3833179713319874e-112,1.0,0.0,0.0
2.312880280785238e-112,1.0,0.0,0.0
2.24452433858648e-112,1.0,0.0,0.0
2.178188619774422e-112,1.0,0.0,0.0
2.1138134177251652e-112,1.0,0.0,0.0
2.0513407904122097e-112,1.0,0.0,0.0
1.990714508254724e-112,1.0,0.0,0.0
1.9318800035071243e-112,1.0,0.0,0.0
1.874784321144423e-112,1.0,0.0,0.0
1.819376071199131e-112,1.0,0.0,0.0
1.7656053825068187e-112,1.0,0.0,0.0
1.7134238578187026e-112,1.0,0.0,0.0
1.662784530240855e-112,1.0,0.0,0.0
1.6136418209608295e-112,1.0,0.0,0.0
1.565951498223654e-112,1.0,0.0,0.0
1.5196706375202663e-112,1.0,0.0,0.0
1.4747575829525576e-112,1.0,0.0,0.0
1.4311719097402545e-112,1.0,0.0,0.0
1.388874387835888e-112,1.0,0.0,0.0
1.3478269466151027e-112,1.0,0.0,0.0
1.307992640610526e-112,1.0,0.0,0.0
1.269335616258354e-112,1.0,0.0,0.0
1.2318210796277235e-112,1.0,0.0,0.0
1.1954152651038272e-112,1.0,0.0,0.0
1.1600854049965815e-112,1.0,0.0,0.0
1.1257997000474924e-112,1.0,0.0,0.0
1.0925272908081788e-112,1.0,0.0,0.0
1.0602382298647844e-112,1.0,0.0,0.0
1.0289034548832859e-112,1.0,0.0,0.0
9.984947624514295e-113,1.0,0.0,0.0
9.689847826937568e-113,1.0,0.0,0.0
9.403469546368707e-113,1.0,0.0,0.0
9.12555502302765e-113,1.0,0.0,0.0
8.855854115087061e-113,1.0,0.0,0.0
8.594124073527797e-113,1.0,0.0,0.0
8.340129323648406e-113,1.0,0.0,0.0
8.093641253032004e-113,1.0,0.0,0.0
7.854438005779663e-113,1.0,0.0,0.0
7.62230428282513e-113,1.0,0.0,0.0
7.397031148151144e-113,1.0,0.0,0.0
7.178415840732912e-113,1.0,0.0,0.0
6.966261592039506e-113,1.0,0.0,0.0
6.760377448928903e-113,1.0,0.0,0.0
6.560578101777273e-113,1.0,0.0,0.0
6.366683717687808e-113,1.0,0.0,0.0
6.178519778628978e-113,1.0,0.0,0.0
5.995916924356531e-113,1.0,0.0,0.0
5.818710799977833e-113,1.0,0.0,0.0
5.646741908021377e-113,1.0,0.0,0.0
5.4798554648783e-113,1.0,0.0,0.0
5.317901261486676e-113,1.0,0.0,0.0
5.1607335281332353e-113,1.0,0.0,0.0
5.0082108032507783e-113,1.0,0.0,0.0
4.860195806093218e-113,1.0,0.0,0.0
4.716555313173644e-113,1.0,0.0,0.0
4.5771600383541953e-113,1.0,0.0,0.0
4.441884516479808e-113,1.0,0.0,0.0
4.3106069904511075e-113,1.0,0.0,0.0
4.1832093016348065e-113,1.0,0.0,0.0
4.059576783512954e-113,1.0,0.0,0.0
3.9395981584753374e-113,1.0,0.0,0.0
3.8231654376621157e-113,1.0,0.0,0.0
3.710173823766564e-113,1.0,0.0,0.0
3.6005216167104213e-113,1.0,0.0,0.0
3.494110122106958e-113,1.0,0.0,0.0
3.3908435624293644e-113,1.0,0.0,0.0
3.290628990804516e-113,1.0,0.0,0.0
3.193376207354512e-113,1.0,0.0,0.0
3.0989976780107006e-113,1.0,0.0,0.0
3.007408455727105e-113,1.0,0.0,0.0
2.9185261040223534e-113,1.0,0.0,0.0
2.832270622781281e-113,1.0,0.0,0.0
2.748564376249425e-113,1.0,0.0,0.0
2.667332023155609e-113,1.0,0.0,0.0
2.5885004488997124e-113,1.0,0.0,0.0
2.511998699744596e-113,1.0,0.0,0.0
2.4377579189529504e-113,1.0,0.0,0.0
2.3657112848115854e-113,1.0,0.0,0.0
2.295793950487377e-113,1.0,0.0,0.0
2.2279429856607435e-113,1.0,0.0,0.0
2.162097319884109e-113,1.0,0.0,0.0
2.0981976876143788e-113,1.0,0.0,0.0
2.0361865748699516e-113,1.0,0.0,0.0
1.9760081674642545e-113,1.0,0.0,0.0
1.917608300769208e-113,1.0,0.0,0.0
1.8609344109634045e-113,1.0,0.0,0.0
1.805935487721123e-113,1.0,0.0,0.0
1.7525620282995915e-113,1.0,0.0,0.0
1.70076599298318e-113,1.0,0.0,0.0
1.6505007618444108e-113,1.0,0.0,0.0
1.6017210927828807e-113,1.0,0.0,0.0
1.554383080804316e-113,1.0,0.0,0.0
1.508444118503114e-113,1.0,0.0,0.0
1.4638628577128026e-113,1.0,0.0,0.0
1.420599172289901e-113,1.0,0.0,0.0
1.3786141219976812e-113,1.0,0.0,0.0
1.3378699174573275e-113,1.0,0.0,0.0
1.2983298861349446e-113,1.0,0.0,0.0
1.259958439333803e-113,1.0,0.0,0.0
1.2227210401621095e-113,1.0,0.0,0.0
1.1865841724474736e-113,1.0,0.0,0.0
1.1515153105700905e-113,1.0,0.0,0.0
1.1174828901874885e-113,1.0,0.0,0.0
1.0844562798244899e-113,1.0,0.0,0.0
1.0524057533028165e-113,1.0,0.0,0.0
1.0213024629855227e-113,1.0,0.0,0.0
9.911184138121753e-114,1.0,0.0,0.0
9.618264381014098e-114,1.0,0.0,0.0
9.33400171098184e-114,1.0,0.0,0.0
9.058140272437185e-114,1.0,0.0,0.0
8.790431771467674e-114,1.0,0.0,0.0
8.530635252354905e-114,1.0,0.0,0.0
8.278516880698122e-114,1.0,0.0,0.0
8.033849732947474e-114,1.0,0.0,0.0
7.796413592157506e-114,1.0,0.0,0.0
7.565994749777047e-114,1.0,0.0,0.0
7.342385813297084e-114,1.0,0.0,0.0
7.125385519583516e-114,1.0,0.0,0.0
6.914798553726747e-114,1.0,0.0,0.0
6.710435373245081e-114,1.0,0.0,0.0
6.512112037483703e-114,1.0,0.0,0.0
6.319650042055672e-114,1.0,0.0,0.0
6.1328761581759264e-114,1.0,0.0,0.0
5.9516222767436854e-114,1.0,0.0,0.0
5.775725257032917e-114,1.0,0.0,0.0
5.605026779854665e-114,1.0,0.0,0.0
5.439373205059104e-114,1.0,0.0,0.0
5.27861543324903e-114,1.0,0.0,0.0
5.122608771580342e-114,1.0,0.0,0.0
4.971212803528717e-114,1.0,0.0,0.0
4.8242912625052604e-114,1.0,0.0,0.0
4.6817119092073784e-114,1.0,0.0,0.0
4.543346412594486e-114,1.0,0.0,0.0
4.4090702343814044e-114,1.0,0.0,0.0
4.2787625169454995e-114,1.0,0.0,0.0
4.152305974546669e-114,1.0,0.0,0.0
4.0295867877622555e-114,1.0,0.0,0.0
3.91049450104189e-114,1.0,0.0,0.0
3.794921923290037e-114,1.0,0.0,0.0
3.682765031386777e-114,1.0,0.0,0.0
3.573922876559976e-114,1.0,0.0,0.0
3.4682974935245814e-114,1.0,0.0,0.0
3.365793812307249e-114,1.0,0.0,0.0
3.266319572676956e-114,1.0,0.0,0.0
3.1697852411045608e-114,1.0,0.0,0.0
3.0761039301765878e-114,1.0,0.0,0.0
2.9851913203906915e-114,1.0,0.0,0.0
2.8969655842624118e-114,1.0,0.0,0.0
2.811347312674917e-114,1.0,0.0,0.0
2.728259443405438e-114,1.0,0.0,0.0
2.6476271917640682e-114,1.0,0.0,0.0
2.5693779832824948e-114,1.0,0.0,0.0
2.4934413883920795e-114,1.0,0.0,0.0
2.4197490590324923e-114,1.0,0.0,0.0
2.3482346671338473e-114,1.0,0.0,0.0
2.27883384491696e-114,1.0,0.0,0.0
2.2114841269580043e-114,1.0,0.0,0.0
2.146124893965413e-114,1.0,0.0,0.0
2.0826973182184276e-114,1.0,0.0,0.0
2.0211443106181755e-114,1.0,0.0,0.0
1.961410469303631e-114,1.0,0.0,0.0
1.9034420297862e-114,1.0,0.0,0.0
1.8471868165580524e-114,1.0,0.0,0.0
1.7925941961306423e-114,1.0,0.0,0.0
1.7396150314611534e-114,1.0,0.0,0.0
1.688201637725842e-114,1.0,0.0,0.0
1.638307739400479e-114,1.0,0.0,0.0
1.5898884286092537e-114,1.0,0.0,0.0
1.5429001247046561e-114,1.0,0.0,0.0
1.4973005350419516e-114,1.0,0.0,0.0
1.4530486169129474e-114,1.0,0.0,0.0
1.4101045406047845e-114,1.0,0.0,0.0
1.3684296535505087e-114,1.0,0.0,0.0
1.3279864455391508e-114,1.0,0.0,0.0
1.2887385149540065e-114,1.0,0.0,0.0
1.2506505360087231e-114,1.0,0.0,0.0
1.213688226951709e-114,1.0,0.0,0.0
1.1778183192102424e-114,1.0,0.0,0.0
1.1430085274465115e-114,1.0,0.0,0.0
1.1092275204986315e-114,1.0,0.0,0.0
1.0764448931804835e-114,1.0,0.0,0.0
1.044631138914996e-114,1.0,0.0,0.0
1.0137576231762336e-114,1.0,0.0,0.0
9.837965577163914e-115,1.0,0.0,0.0
9.547209755544962e-115,1.0,0.0,0.0
9.265047067043037e-115,1.0,0.0,0.0
8.991223546195453e-115,1.0,0.0,0.0
8.725492733353213e-115,1.0,0.0,0.0
8.467615452850705e-115,1.0,0.0,0.0
8.217359597731451e-115,1.0,0.0,0.0
7.974499920836183e-115,1.0,0.0,0.0
7.738817832065202e-115,1.0,0.0,0.0
7.510101201632532e-115,1.0,0.0,0.0
7.2881441691347995e-115,1.0,0.0,0.0
7.072746958262971e-115,1.0,0.0,0.0
6.863715696990198e-115,1.0,0.0,0.0
6.660862243073905e-115,1.0,0.0,0.0
6.464004014715078e-115,1.0,0.0,0.0
6.272963826222317e-115,1.0,0.0,0.0
6.087569728532758e-115,1.0,0.0,0.0
5.907654854446315e-115,1.0,0.0,0.0
5.733057268433933e-115,1.0,0.0,0.0
5.563619820884685e-115,1.0,0.0,0.0
5.3991900066605175e-115,1.0,0.0,0.0
5.239619827831333e-115,1.0,0.0,0.0
5.08476566046686e-115,1.0,0.0,0.0
4.934488125365434e-115,1.0,0.0,0.0
4.788651962603296e-115,1.0,0.0,0.0
4.647125909791541e-115,1.0,0.0,0.0
4.509782583931106e-115,1.0,0.0,0.0
4.376498366759476e-115,1.0,0.0,0.0
4.247153293485903e-115,1.0,0.0,0.0
4.121630944814997e-115,1.0,0.0,0.0
3.999818342161507e-115,1.0,0.0,0.0
3.881605845961964e-115,1.0,0.0,0.0
3.766887056991678e-115,1.0,0.0,0.0
3.655558720598256e-115,1.0,0.0,0.0
3.547520633765441e-115,1.0,0.0,0.0
3.442675554923642e-115,1.0,0.0,0.0
3.3409291164259507e-115,1.0,0.0,0.0
3.242189739610898e-115,1.0,0.0,0.0
3.1463685523754707e-115,1.0,0.0,0.0
3.053379309184229e-115,1.0,0.0,0.0
2.963138313442495e-115,1.0,0.0,0.0
2.875564342163777e-115,1.0,0.0,0.0
2.790578572863594e-115,1.0,0.0,0.0
2.7081045126139237e-115,1.0,0.0,0.0
2.6280679291944026e-115,1.0,0.0,0.0
2.5503967842783193e-115,1.0,0.0,0.0
2.475021168593257e-115,1.0,0.0,0.0
2.4018732389980323e-115,1.0,0.0,0.0
2.330887157419287e-115,1.0,0.0,0.0
2.26199903159278e-115,1.0,0.0,0.0
2.195146857556039e-115,1.0,0.0,0.0
2.130270463840605e-115,1.0,0.0,0.0
2.067311457313656e-115,1.0,0.0,0.0
2.0062131706202412e-115,1.0,0.0,0.0
1.9469206111788398e-115,1.0,0.0,0.0
1.8893804116843255e-115,1.0,0.0,0.0
1.83354078207379e-115,1.0,0.0,0.0
1.7793514629119916e-115,1.0,0.0,0.0
1.7267636801544709e-115,1.0,0.0,0.0
1.6757301012476198e-115,1.0,0.0,0.0
1.626204792526188e-115,1.0,0.0,0.0
1.5781431778698844e-115,1.0,0.0,0.0
1.5315019985818612e-115,1.0,0.0,0.0
1.4862392744529662e-115,1.0,0.0,0.0
1.4423142659767214e-115,1.0,0.0,0.0
1.3996874376810188e-115,1.0,0.0,0.0
1.358320422543526e-115,1.0,0.0,0.0
1.3181759874587776e-115,1.0,0.0,0.0
1.2792179997258667e-115,1.0,0.0,0.0
1.2414113945265762e-115,1.0,0.0,0.0
1.2047221433646751e-115,1.0,0.0,0.0
1.169117223437976e-115,1.0,0.0,0.0
1.1345645879155847e-115,1.0,0.0,0.0
1.1010331370935885e-115,1.0,0.0,0.0
1.0684926904032245e-115,1.0,0.0,0.0
1.0369139592463307e-115,1.0,0.0,0.0
1.006268520633631e-115,1.0,0.0,0.0
9.76528791602127e-116,1.0,0.0,0.0
9.476680043885686e-116,1.0,0.0,0.0
9.196601823366617e-116,1.0,0.0,0.0
8.924801165163241e-116,1.0,0.0,0.0
8.661033430339463e-116,1.0,0.0,0.0
8.405061210132374e-116,1.0,0.0,0.0
8.156654112268333e-116,1.0,0.0,0.0
7.915588553594374e-116,1.0,0.0,0.0
7.681647558838282e-116,1.0,0.0,0.0
7.454620565316202e-116,1.0,0.0,0.0
7.234303233412007e-116,1.0,0.0,0.0
7.020497262657866e-116,1.0,0.0,0.0
6.813010213250426e-116,1.0,0.0,0.0
6.611655332842012e-116,1.0,0.0,0.0
6.416251388450901e-116,1.0,0.0,0.0
6.226622503339413e-116,1.0,0.0,0.0
6.042597998712978e-116,1.0,0.0,0.0
5.864012240097697e-116,1.0,0.0,0.0
5.690704488258143e-116,1.0,0.0,0.0
5.522518754521194e-116,1.0,0.0,0.0
5.359303660375706e-116,1.0,0.0,0.0
5.200912301221631e-116,1.0,0.0,0.0
5.0472021141459663e-116,1.0,0.0,0.0
4.898034749606511e-116,1.0,0.0,0.0
4.7532759469079375e-116,1.0,0.0,0.0
4.6127954133581104e-116,1.0,0.0,0.0
4.476466706995863e-116,1.0,0.0,0.0
4.3441671227847057e-116,1.0,0.0,0.0
4.215777582170006e-116,1.0,0.0,0.0
4.0911825259002556e-116,1.0,0.0,0.0
3.9702698100159466e-116,1.0,0.0,0.0
3.852930604912436e-116,1.0,0.0,0.0
3.739059297385959e-116,1.0,0.0,0.0
3.6285533955746175e-116,1.0,0.0,0.0
3.521313436708784e-116,1.0,0.0,0.0
3.417242897587903e-116,1.0,0.0,0.0
3.3162481077030895e-116,1.0,0.0,0.0
3.2182381649273524e-116,1.0,0.0,0.0
3.1231248536975447e-116,1.0,0.0,0.0
3.0308225656144047e-116,1.0,0.0,0.0
2.941248222389215e-116,1.0,0.0,0.0
2.8543212010677403e-116,1.0,0.0,0.0
2.769963261464125e-116,1.0,0.0,0.0
2.6880984757394433e-116,1.0,0.0,0.0
2.6086531600615257e-116,1.0,0.0,0.0
2.5315558082845313e-116,1.0,0.0,0.0
2.456737027588595e-116,1.0,0.0,0.0
2.3841294760216025e-116,1.0,0.0,0.0
2.3136678018868918e-116,1.0,0.0,0.0
2.245288584922314e-116,1.0,0.0,0.0
2.178930279217717e-116,1.0,0.0,0.0
2.1145331578194736e-116,1.0,0.0,0.0
2.0520392589721923e-116,1.0,0.0,0.0
1.9913923339492234e-116,1.0,0.0,0.0
1.9325377964250126e-116,1.0,0.0,0.0
1.87542267334372e-116,1.0,0.0,0.0
1.8199955572398982e-116,1.0,0.0,0.0
1.766206559968302e-116,1.0,0.0,0.0
1.71400726780119e-116,1.0,0.0,0.0
1.6633506978527051e-116,1.0,0.0,0.0
1.6141912557911036e-116,1.0,0.0,0.0
1.5664846948007802e-116,1.0,0.0,0.0
1.520188075757149e-116,1.0,0.0,0.0
1.475259728578532e-116,1.0,0.0,0.0
1.4316592147202736e-116,1.0,0.0,0.0
1.389347290777322e-116,1.0,0.0,0.0
1.3482858731625143e-116,1.0,0.0,0.0
1.308438003828781e-116,1.0,0.0,0.0
1.269767817004406e-116,1.0,0.0,0.0
1.232240506911413e-116,1.0,0.0,0.0
1.1958222964380168e-116,1.0,0.0,0.0
1.160480406736942e-116,1.0,0.0,0.0
1.1261830277222487e-116,1.0,0.0,0.0
1.0928992894381089e-116,1.0,0.0,0.0
1.0605992342737612e-116,1.0,0.0,0.0
1.0292537899996415e-116,1.0,0.0,0.0
9.988347436004126e-117,1.0,0.0,0.0
9.693147158813469e-117,1.0,0.0,0.0
9.406671368252033e-117,1.0,0.0,0.0
9.128662216774187e-117,1.0,0.0,0.0
8.858869477380884e-117,1.0,0.0,0.0
8.597050318398476e-117,1.0,0.0,0.0
8.342969084913817e-117,1.0,0.0,0.0
8.096397086668938e-117,1.0,0.0,0.0
7.857112392224382e-117,1.0,0.0,0.0
7.62489962920593e-117,1.0,0.0,0.0
7.399549790454926e-117,1.0,0.0,0.0
7.18086004590773e-117,1.0,0.0,0.0
6.968633560034978e-117,1.0,0.0,0.0
6.762679314676306e-117,1.0,0.0,0.0
6.562811937111132e-117,1.0,0.0,0.0
6.368851533210683e-117,1.0,0.0,0.0
6.1806235255211484e-117,1.0,0.0,0.0
5.997958496132178e-117,1.0,0.0,0.0
5.8206920341893385e-117,1.0,0.0,0.0
5.6486645879132465e-117,1.0,0.0,0.0
5.481721320992194e-117,1.0,0.0,0.0
5.319711973219026e-117,1.0,0.0,0.0
5.162490725246803e-117,1.0,0.0,0.0
5.0099160673415586e-117,1.0,0.0,0.0
4.86185067201398e-117,1.0,0.0,0.0
4.7181612704154026e-117,1.0,0.0,0.0
4.5787185323868534e-117,1.0,0.0,0.0
4.4433969500531766e-117,1.0,0.0,0.0
4.312074724857477e-117,1.0,0.0,0.0
4.184633657934198e-117,1.0,0.0,0.0
4.060959043722168e-117,1.0,0.0,0.0
3.940939566721849e-117,1.0,0.0,0.0
3.824467201303878e-117,1.0,0.0,0.0
3.7114371144787106e-117,1.0,0.0,0.0
3.601747571539852e-117,1.0,0.0,0.0
3.495299844495758e-117,1.0,0.0,0.0
3.391998123207978e-117,1.0,0.0,0.0
3.291749429155565e-117,1.0,0.0,0.0
3.19446353174813e-117,1.0,0.0,0.0
3.1000528671122244e-117,1.0,0.0,0.0
3.0084324592779404e-117,1.0,0.0,0.0
2.9195198436948056e-117,1.0,0.0,0.0
2.8332349930081224e-117,1.0,0.0,0.0
2.7495002450289448e-117,1.0,0.0,0.0
2.6682402328328703e-117,1.0,0.0,0.0
2.589381816924719e-117,1.0,0.0,0.0
2.5128540194080534e-117,1.0,0.0,0.0
2.4385879601002814e-117,1.0,0.0,0.0
2.3665167945358415e-117,1.0,0.0,0.0
2.296575653801674e-117,1.0,0.0,0.0
2.2287015861508208e-117,1.0,0.0,0.0
2.162833500341605e-117,1.0,0.0,0.0
2.0989121106513897e-117,1.0,0.0,0.0
2.036879883515427e-117,1.0,0.0,0.0
1.9766809857427665e-117,1.0,0.0,0.0
1.9182612342626152e-117,1.0,0.0,0.0
1.8615680473559174e-117,1.0,0.0,0.0
1.8065503973282583e-117,1.0,0.0,0.0
1.7531587645814964e-117,1.0,0.0,0.0
1.7013450930427807e-117,1.0,0.0,0.0
1.6510627469108448e-117,1.0,0.0,0.0
1.602266468680636e-117,1.0,0.0,0.0
1.5549123384085073e-117,1.0,0.0,0.0
1.5089577341813046e-117,1.0,0.0,0.0
1.4643612937537666e-117,1.0,0.0,0.0
1.4210828773197147e-117,1.0,0.0,0.0
1.3790835313835162e-117,1.0,0.0,0.0
1.3383254536993112e-117,1.0,0.0,0.0
1.298771959246439e-117,1.0,0.0,0.0
1.2603874472104438e-117,1.0,0.0,0.0
1.223137368939939e-117,1.0,0.0,0.0
1.1869881968504897e-117,1.0,0.0,0.0
1.1519073942475236e-117,1.0,0.0,0.0
1.1178633860411097e-117,1.0,0.0,0.0
1.0848255303262468e-117,1.0,0.0,0.0
1.0527640908030814e-117,1.0,0.0,0.0
1.0216502100122299e-117,1.0,0.0,0.0
9.91455883361118e-118,1.0,0.0,0.0
9.62153933917958e-118,1.0,0.0,0.0
9.33717987950675e-118,1.0,0.0,0.0
9.061224511887687e-118,1.0,0.0,0.0
8.793424857867431e-118,1.0,0.0,0.0
8.533539879683678e-118,1.0,0.0,0.0
8.281335663316537e-118,1.0,0.0,0.0
8.036585207950127e-118,1.0,0.0,0.0
7.799068221656515e-118,1.0,0.0,0.0
7.568570923118121e-118,1.0,0.0,0.0
7.344885849210095e-118,1.0,0.0,0.0
7.127811668269513e-118,1.0,0.0,0.0
6.917152998883285e-118,1.0,0.0,0.0
6.712720234031703e-118,1.0,0.0,0.0
6.514329370429321e-118,1.0,0.0,0.0
6.321801842909584e-118,1.0,0.0,0.0
6.134964363704125e-118,1.0,0.0,0.0
5.953648766472079e-118,1.0,0.0,0.0
5.777691854939026e-118,1.0,0.0,0.0
5.60693525600933e-118,1.0,0.0,0.0
5.441225277219668e-118,1.0,0.0,0.0
5.280412768405432e-118,1.0,0.0,0.0
5.1243529874555245e-118,1.0,0.0,0.0
4.9729054700346835e-118,1.0,0.0,0.0
4.8259339031561035e-118,1.0,0.0,0.0
4.683306002490546e-118,1.0,0.0,0.0
4.544893393301517e-118,1.0,0.0,0.0
4.410571494899339e-118,1.0,0.0,0.0
4.280219408510124e-118,1.0,0.0,0.0
4.153719808458717e-118,1.0,0.0,0.0
4.030958836567667e-118,1.0,0.0,0.0
3.9118259996771886e-118,1.0,0.0,0.0
3.7962140701938568e-118,1.0,0.0,0.0
3.6840189895785373e-118,1.0,0.0,0.0
3.5751397746866797e-118,1.0,0.0,0.0
3.4694784268766698e-118,1.0,0.0,0.0
3.36693984380444e-118,1.0,0.0,0.0
3.2674317338249414e-118,1.0,0.0,0.0
3.1708645329234334e-118,1.0,0.0,0.0
3.0771513241018256e-118,1.0,0.0,0.0
2.9862077591475154e-118,1.0,0.0,0.0
2.897951982714302e-118,1.0,0.0,0.0
2.8123045586470515e-118,1.0,0.0,0.0
2.729188398483796e-118,1.0,0.0,0.0
2.6485286920709157e-118,1.0,0.0,0.0
2.5702528402289494e-118,1.0,0.0,0.0
2.494290389408436e-118,1.0,0.0,0.0
2.420572968276965e-118,1.0,0.0,0.0
2.349034226180361e-118,1.0,0.0,0.0
2.279609773422619e-118,1.0,0.0,0.0
2.21223712331083e-118,1.0,0.0,0.0
2.1468556359129426e-118,1.0,0.0,0.0
2.0834064634777316e-118,1.0,0.0,0.0
2.021832497467847e-118,1.0,0.0,0.0
1.9620783171582801e-118,1.0,0.0,0.0
1.904090139753969e-118,1.0,0.0,0.0
1.8478157719816526e-118,1.0,0.0,0.0
1.793204563112403e-118,1.0,0.0,0.0
1.7402073593725516e-118,1.0,0.0,0.0
1.6887764597019739e-118,1.0,0.0,0.0
1.6388655728199173e-118,1.0,0.0,0.0
1.5904297755597243e-118,1.0,0.0,0.0
1.5434254724349492e-118,1.0,0.0,0.0
1.4978103564004804e-118,1.0,0.0,0.0
1.453543370773342e-118,1.0,0.0,0.0
1.4105846722789098e-118,1.0,0.0,0.0
1.3688955951892757e-118,1.0,0.0,0.0
1.3284386165214806e-118,1.0,0.0,0.0
1.2891773222643e-118,1.0,0.0,0.0
1.2510763746031743e-118,1.0,0.0,0.0
1.2141014801137926e-118,1.0,0.0,0.0
1.1782193588956943e-118,1.0,0.0,0.0
1.143397714618115e-118,1.0,0.0,0.0
1.1096052054511065e-118,1.0,0.0,0.0
1.0768114158557774e-118,1.0,0.0,0.0
1.0449868292082533e-118,1.0,0.0,0.0
1.0141028012327234e-118,1.0,0.0,0.0
9.841315342196605e-119,1.0,0.0,0.0
9.550460520060049e-119,1.0,0.0,0.0
9.268201756947976e-119,1.0,0.0,0.0
8.994285000924068e-119,1.0,0.0,0.0
8.728463708421375e-119,1.0,0.0,0.0
8.470498622336486e-119,1.0,0.0,0.0
8.220157556681971e-119,1.0,0.0,0.0
7.977215187603331e-119,1.0,0.0,0.0
7.741452850572321e-119,1.0,0.0,0.0
7.512658343574115e-119,1.0,0.0,0.0
7.290625736111173e-119,1.0,0.0,0.0
7.075155183851894e-119,1.0,0.0,0.0
6.866052748757231e-119,1.0,0.0,0.0
6.663130224523367e-119,1.0,0.0,0.0
6.466204967183336e-119,1.0,0.0,0.0
6.275099730715134e-119,1.0,0.0,0.0
6.08964250750833e-119,1.0,0.0,0.0
5.909666373545609e-119,1.0,0.0,0.0
5.735009338159895e-119,1.0,0.0,0.0
5.565514198231814e-119,1.0,0.0,0.0
5.401028396696277e-119,1.0,0.0,0.0
5.241403885230825e-119,1.0,0.0,0.0
5.086496991002152e-119,1.0,0.0,0.0
4.936168287350852e-119,1.0,0.0,0.0
4.790282468298021e-119,1.0,0.0,0.0
4.64870822676074e-119,1.0,0.0,0.0
4.5113181363668423e-119,1.0,0.0,0.0
4.377988536762575e-119,1.0,0.0,0.0
4.248599422309939e-119,1.0,0.0,0.0
4.12303433407351e-119,1.0,0.0,0.0
4.0011802549995434e-119,1.0,0.0,0.0
3.882927508192993e-119,1.0,0.0,0.0
3.768169658200906e-119,1.0,0.0,0.0
3.656803415213333e-119,1.0,0.0,0.0
3.5487285420955257e-119,1.0,0.0,0.0
3.443847764167752e-119,1.0,0.0,0.0
3.342066681651518e-119,1.0,0.0,0.0
3.2432936847033984e-119,1.0,0.0,0.0
3.147439870959994e-119,1.0,0.0,0.0
3.0544189655198023e-119,1.0,0.0,0.0
2.9641472432899875e-119,1.0,0.0,0.0
2.876543453628143e-119,1.0,0.0,0.0
2.7915287472112315e-119,1.0,0.0,0.0
2.7090266050658725e-119,1.0,0.0,0.0
2.628962769696101e-119,1.0,0.0,0.0
2.551265178246611e-119,1.0,0.0,0.0
2.4758638976413213e-119,1.0,0.0,0.0
2.4026910616388873e-119,1.0,0.0,0.0
2.331680809748504e-119,1.0,0.0,0.0
2.2627692279510193e-119,1.0,0.0,0.0
2.1958942911720024e-119,1.0,0.0,0.0
2.1309958074549916e-119,1.0,0.0,0.0
2.0680153637846717e-119,1.0,0.0,0.0
2.0068962735112163e-119,1.0,0.0,0.0
1.9475835253284784e-119,1.0,0.0,0.0
1.8900237337601016e-119,1.0,0.0,0.0
1.83416509110899e-119,1.0,0.0,0.0
1.779957320826881e-119,1.0,0.0,0.0
1.7273516322620622e-119,1.0,0.0,0.0
1.6763006767444908e-119,1.0,0.0,0.0
1.6267585049687936e-119,1.0,0.0,0.0
1.5786805256367928e-119,1.0,0.0,0.0
1.532023465322328e-119,1.0,0.0,0.0
1.4867453295222513e-119,1.0,0.0,0.0
1.4428053648585407e-119,1.0,0.0,0.0
1.40016402239751e-119,1.0,0.0,0.0
1.3587829220530985e-119,1.0,0.0,0.0
1.3186248180422038e-119,1.0,0.0,0.0
1.279653565360963e-119,1.0,0.0,0.0
1.2418340872518103e-119,1.0,0.0,0.0
1.2051323436320272e-119,1.0,0.0,0.0
1.169515300455371e-119,1.0,0.0,0.0
1.134950899979204e-119,1.0,0.0,0.0
1.1014080319103616e-119,1.0,0.0,0.0
1.0688565054037878e-119,1.0,0.0,0.0
1.0372670218887386e-119,1.0,0.0,0.0
1.0066111486980899e-119,1.0,0.0,0.0
9.768612934770184e-120,1.0,0.0,0.0
9.479906793480206e-120,1.0,0.0,0.0
9.19973320809915e-120,1.0,0.0,0.0
8.92784000349138e-120,1.0,0.0,0.0
8.663982457422794e-120,1.0,0.0,0.0
8.4079230802943e-120,1.0,0.0,0.0
8.159431401385147e-120,1.0,0.0,0.0
7.918283761413719e-120,1.0,0.0,0.0
7.684263111229094e-120,1.0,0.0,0.0
7.457158816452154e-120,1.0,0.0,0.0
7.236766467890428e-120,1.0,0.0,0.0
7.022887697556029e-120,1.0,0.0,0.0
6.815330000121069e-120,1.0,0.0,0.0
6.613906559649879e-120,1.0,0.0,0.0
6.418436081452051e-120,1.0,0.0,0.0
6.228742628904996e-120,1.0,0.0,0.0
6.044655465099086e-120,1.0,0.0,0.0
5.8660088991629364e-120,1.0,0.0,0.0
5.692642137130426e-120,1.0,0.0,0.0
5.5243991372152766e-120,1.0,0.0,0.0
5.361128469362919e-120,1.0,0.0,0.0
5.202683178953218e-120,1.0,0.0,0.0
5.048920654531403e-120,1.0,0.0,0.0
4.899702499448127e-120,1.0,0.0,0.0
4.7548944072931466e-120,1.0,0.0,0.0
4.614366041010488e-120,1.0,0.0,0.0
4.477990915586297e-120,1.0,0.0,0.0
4.3456462842037954e-120,1.0,0.0,0.0
4.2172130277628566e-120,1.0,0.0,0.0
4.092575547664779e-120,1.0,0.0,0.0
3.971621661765745e-120,1.0,0.0,0.0
3.8542425034053206e-120,1.0,0.0,0.0
3.7403324234191125e-120,1.0,0.0,0.0
3.6297888950473914e-120,1.0,0.0,0.0
3.5225124216540884e-120,1.0,0.0,0.0
3.418406447173107e-120,1.0,0.0,0.0
3.3173772692013475e-120,1.0,0.0,0.0
3.2193339546602194e-120,1.0,0.0,0.0
3.1241882579497346e-120,1.0,0.0,0.0
3.031854541521513e-120,1.0,0.0,0.0
2.942249698799206e-120,1.0,0.0,0.0
2.8552930793769722e-120,1.0,0.0,0.0
2.7709064164286674e-120,1.0,0.0,0.0
2.6890137562624174e-120,1.0,0.0,0.0
2.609541389957174e-120,1.0,0.0,0.0
2.5324177870197067e-120,1.0,0.0,0.0
2.4575735310023332e-120,1.0,0.0,0.0
2.3849412570234314e-120,1.0,0.0,0.0
2.3144555911344997e-120,1.0,0.0,0.0
2.2460530914791914e-120,1.0,0.0,0.0
2.1796721911913614e-120,1.0,0.0,0.0
2.1152531429807327e-120,1.0,0.0,0.0
2.0527379653563024e-120,1.0,0.0,0.0
1.9920703904390856e-120,1.0,0.0,0.0
1.9331958133172294e-120,1.0,0.0,0.0
1.876061242897904e-120,1.0,0.0,0.0
1.8206152542117446e-120,1.0,0.0,0.0
1.7668079421269087e-120,1.0,0.0,0.0
1.714590876431087e-120,1.0,0.0,0.0
1.6639170582410465e-120,1.0,0.0,0.0
1.614740877700462e-120,1.0,0.0,0.0
1.5670180729279683e-120,1.0,0.0,0.0
1.5207056901784787e-120,1.0,0.0,0.0
1.4757620451819159e-120,1.0,0.0,0.0
1.4321466856245559e-120,1.0,0.0,0.0
1.3898203547392157e-120,1.0,0.0,0.0
1.3487449559715125e-120,1.0,0.0,0.0
1.3088835186903947e-120,1.0,0.0,0.0
1.2702001649120783e-120,1.0,0.0,0.0
1.2326600770074398e-120,1.0,0.0,0.0
1.1962294663638012e-120,1.0,0.0,0.0
1.1608755429728968e-120,1.0,0.0,0.0
1.126566485917654e-120,1.0,0.0,0.0
1.0932714147312196e-120,1.0,0.0,0.0
1.060960361602456e-120,1.0,0.0,0.0
1.0296042444028884e-120,1.0,0.0,0.0
9.991748405108263e-121,1.0,0.0,0.0
9.696447614091e-121,1.0,0.0,0.0
9.409874280335455e-121,1.0,0.0,0.0
9.131770468500538e-121,1.0,0.0,0.0
8.861885866386491e-121,1.0,0.0,0.0
8.599977559637019e-121,1.0,0.0,0.0
8.345809813099969e-121,1.0,0.0,0.0
8.099153858649788e-121,1.0,0.0,0.0
7.859787689280766e-121,1.0,0.0,0.0
7.627495859285751e-121,1.0,0.0,0.0
7.4020692903404754e-121,1.0,0.0,0.0
7.1833050833189465e-121,1.0,0.0,0.0
6.971006335670544e-121,1.0,0.0,0.0
6.764981964194433e-121,1.0,0.0,0.0
6.565046533051789e-121,1.0,0.0,0.0
6.37102008686103e-121,1.0,0.0,0.0
6.182727988725823e-121,1.0,0.0,0.0
6.0000007630500956e-121,1.0,0.0,0.0
5.822673942998557e-121,1.0,0.0,0.0
5.650587922465452e-121,1.0,0.0,0.0
5.48358781241829e-121,1.0,0.0,0.0
5.3215233014872625e-121,1.0,0.0,0.0
5.164248520674869e-121,1.0,0.0,0.0
5.011621912063972e-121,1.0,0.0,0.0
4.863506101406116e-121,1.0,0.0,0.0
4.71976777447544e-121,1.0,0.0,0.0
4.580277557076868e-121,1.0,0.0,0.0
4.444909898600607e-121,1.0,0.0,0.0
4.313542959018125e-121,1.0,0.0,0.0
4.186058499217898e-121,1.0,0.0,0.0
4.062341774582237e-121,1.0,0.0,0.0
3.942281431709382e-121,1.0,0.0,0.0
3.825769408187925e-121,1.0,0.0,0.0
3.7127008353333527e-121,1.0,0.0,0.0
3.6029739437991463e-121,1.0,0.0,0.0
3.496489971977505e-121,1.0,0.0,0.0
3.3931530771072323e-121,1.0,0.0,0.0
3.292870249008783e-121,1.0,0.0,0.0
3.195551226368824e-121,1.0,0.0,0.0
3.1011084154989605e-121,1.0,0.0,0.0
3.0094568114955058e-121,1.0,0.0,0.0
2.9205139217293293e-121,1.0,0.0,0.0
2.8341996915969247e-121,1.0,0.0,0.0
2.750436432465863e-121,1.0,0.0,0.0
2.66914875174978e-121,1.0,0.0,0.0
2.5902634850499616e-121,1.0,0.0,0.0
2.5137096303024453e-121,1.0,0.0,0.0
2.4394182838713714e-121,1.0,0.0,0.0
2.367322578531062e-121,1.0,0.0,0.0
2.297357623281003e-121,1.0,0.0,0.0
2.2294604449395643e-121,1.0,0.0,0.0
2.163569931463888e-121,1.0,0.0,0.0
2.099626776944924e-121,1.0,0.0,0.0
2.037573428228109e-121,1.0,0.0,0.0
1.9773540331116445e-121,1.0,0.0,0.0
1.918914390075745e-121,1.0,0.0,0.0
1.8622018994976119e-121,1.0,0.0,0.0
1.807165516308224e-121,1.0,0.0,0.0
1.7537557040483284e-121,1.0,0.0,0.0
1.7019243902822873e-121,1.0,0.0,0.0
1.6516249233296373e-121,1.0,0.0,0.0
1.6028120302754327e-121,1.0,0.0,0.0
1.5554417762215635e-121,1.0,0.0,0.0
1.5094715247423832e-121,1.0,0.0,0.0
1.4648598995090484e-121,1.0,0.0,0.0
1.4215667470480297e-121,1.0,0.0,0.0
1.3795531006002766e-121,1.0,0.0,0.0
1.3387811450485028e-121,1.0,0.0,0.0
1.2992141828810303e-121,1.0,0.0,0.0
1.2608166011615516e-121,1.0,0.0,0.0
1.2235538394750828e-121,1.0,0.0,0.0
1.1873923588212587e-121,1.0,0.0,0.0
1.1522996114269678e-121,1.0,0.0,0.0
1.1182440114511615e-121,1.0,0.0,0.0
1.0851949065554635e-121,1.0,0.0,0.0
1.0531225503149982e-121,1.0,0.0,0.0
1.0219980754445995e-121,1.0,0.0,0.0
9.917934678163072e-122,1.0,0.0,0.0
9.624815412447597e-122,1.0,0.0,0.0
9.340359130177935e-122,1.0,0.0,0.0
9.064309801502213e-122,1.0,0.0,0.0
8.796418963394171e-122,1.0,0.0,0.0
8.536445496019678e-122,1.0,0.0,0.0
8.284155405712601e-122,1.0,0.0,0.0
8.039321614364712e-122,1.0,0.0,0.0
7.801723755040074e-122,1.0,0.0,0.0
7.571147973629918e-122,1.0,0.0,0.0
7.347386736369517e-122,1.0,0.0,0.0
7.130238643043787e-122,1.0,0.0,0.0
6.919508245713503e-122,1.0,0.0,0.0
6.715005872798967e-122,1.0,0.0,0.0
6.516547458362778e-122,1.0,0.0,0.0
6.323954376438071e-122,1.0,0.0,0.0
6.137053280253092e-122,1.0,0.0,0.0
5.955675946207401e-122,1.0,0.0,0.0
5.779659122459277e-122,1.0,0.0,0.0
5.60884438198805e-122,1.0,0.0,0.0
5.443077979999083e-122,1.0,0.0,0.0
5.282210715543081e-122,1.0,0.0,0.0
5.126097797225175e-122,1.0,0.0,0.0
4.974598712882884e-122,1.0,0.0,0.0
4.8275771031156936e-122,1.0,0.0,0.0
4.6849006385523874e-122,1.0,0.0,0.0
4.546440900745688e-122,1.0,0.0,0.0
4.41207326658698e-122,1.0,0.0,0.0
4.2816767961371075e-122,1.0,0.0,0.0
4.155134123772265e-122,1.0,0.0,0.0
4.0323313525470146e-122,1.0,0.0,0.0
3.913157951679347e-122,1.0,0.0,0.0
3.79750665706552e-122,1.0,0.0,0.0
3.6852733747351275e-122,1.0,0.0,0.0
3.576357087159494e-122,1.0,0.0,0.0
3.4706597623290905e-122,1.0,0.0,0.0
3.3680862655181026e-122,1.0,0.0,0.0
3.268544273656759e-122,1.0,0.0,0.0
3.1719441922343403e-122,1.0,0.0,0.0
3.0781990746580666e-122,1.0,0.0,0.0
2.987224543995304e-122,1.0,0.0,0.0
2.8989387170286225e-122,1.0,0.0,0.0
2.813262130555382e-122,1.0,0.0,0.0
2.73011766986548e-122,1.0,0.0,0.0
2.649430499332912e-122,1.0,0.0,0.0
2.5711279950586567e-122,1.0,0.0,0.0
2.4951396795042654e-122,1.0,0.0,0.0
2.421397158057321e-122,1.0,0.0,0.0
2.3498340574716699e-122,1.0,0.0,0.0
2.2803859661270228e-122,1.0,0.0,0.0
2.212990376054148e-122,1.0,0.0,0.0
2.1475866266734809e-122,1.0,0.0,0.0
2.084115850196508e-122,1.0,0.0,0.0
2.0225209186407852e-122,1.0,0.0,0.0
1.962746392410897e-122,1.0,0.0,0.0
1.90473847039908e-122,1.0,0.0,0.0
1.8484449415605937e-122,1.0,0.0,0.0
1.7938151379202577e-122,1.0,0.0,0.0
1.7407998889678545e-122,1.0,0.0,0.0
1.6893514774013504e-122,1.0,0.0,0.0
1.6394235961781046e-122,1.0,0.0,0.0
1.5909713068354053e-122,1.0,0.0,0.0
1.5439509990428198e-122,1.0,0.0,0.0
1.498320351349955e-122,1.0,0.0,0.0
1.4540382930942947e-122,1.0,0.0,0.0
1.4110649674348316e-122,1.0,0.0,0.0
1.3693616954782217e-122,1.0,0.0,0.0
1.3288909414651677e-122,1.0,0.0,0.0
1.2896162789857046e-122,1.0,0.0,0.0
1.251502358192971e-122,1.0,0.0,0.0
1.2145148739859616e-122,1.0,0.0,0.0
1.1786205351326205e-122,1.0,0.0,0.0
1.1437870343054865e-122,1.0,0.0,0.0
1.1099830190029174e-122,1.0,0.0,0.0
1.0771780633297226e-122,1.0,0.0,0.0
1.045342640611804e-122,1.0,0.0,0.0
1.0144480968201565e-122,1.0,0.0,0.0
9.844666247803084e-123,1.0,0.0,0.0
9.553712391439874e-123,1.0,0.0,0.0
9.271357521004858e-123,1.0,0.0,0.0
8.997347498058637e-123,1.0,0.0,0.0
8.731435695087741e-123,1.0,0.0,0.0
8.473382773523224e-123,1.0,0.0,0.0
8.2229564683198e-123,1.0,0.0,0.0
7.979931378901623e-123,1.0,0.0,0.0
7.744088766286558e-123,1.0,0.0,0.0
7.515216356206338e-123,1.0,0.0,0.0
7.29310814804539e-123,1.0,0.0,0.0
7.077564229426383e-123,1.0,0.0,0.0
6.868390596275593e-123,1.0,0.0,0.0
6.665398978206148e-123,1.0,0.0,0.0
6.468406669061971e-123,1.0,0.0,0.0
6.277236362469904e-123,1.0,0.0,0.0
6.091715992252015e-123,1.0,0.0,0.0
5.9116785775544175e-123,1.0,0.0,0.0
5.736962072553237e-123,1.0,0.0,0.0
5.567409220602432e-123,1.0,0.0,0.0
5.4028674126921986e-123,1.0,0.0,0.0
5.243188550090562e-123,1.0,0.0,0.0
5.088228911044524e-123,1.0,0.0,0.0
4.9378490214207846e-123,1.0,0.0,0.0
4.791913529169608e-123,1.0,0.0,0.0
4.650291082498847e-123,1.0,0.0,0.0
4.512854211648459e-123,1.0,0.0,0.0
4.379479214159124e-123,1.0,0.0,0.0
4.2500460435316814e-123,1.0,0.0,0.0
4.1244382011771784e-123,1.0,0.0,0.0
4.002542631560277e-123,1.0,0.0,0.0
3.884249620441642e-123,1.0,0.0,0.0
3.769452696127725e-123,1.0,0.0,0.0
3.658048533639046e-123,1.0,0.0,0.0
3.549936861710749e-123,1.0,0.0,0.0
3.445020372541688e-123,1.0,0.0,0.0
3.343204634210842e-123,1.0,0.0,0.0
3.244398005682214e-123,1.0,0.0,0.0
3.148511554321712e-123,1.0,0.0,0.0
3.0554589758517755e-123,1.0,0.0,0.0
2.9651565166717047e-123,1.0,0.0,0.0
2.877522898473763e-123,1.0,0.0,0.0
2.7924792450872182e-123,1.0,0.0,0.0
2.7099490114844627e-123,1.0,0.0,0.0
2.6298579148853243e-123,1.0,0.0,0.0
2.5521338678975505e-123,1.0,0.0,0.0
2.4767069136332903e-123,1.0,0.0,0.0
2.4035091627431736e-123,1.0,0.0,0.0
2.3324747323113146e-123,1.0,0.0,0.0
2.263539686556242e-123,1.0,0.0,0.0
2.19664197928438e-123,1.0,0.0,0.0
2.1317213980442867e-123,1.0,0.0,0.0
2.0687195099313836e-123,1.0,0.0,0.0
2.0075796089944e-123,1.0,0.0,0.0
1.948246665196187e-123,1.0,0.0,0.0
1.8906672748829713e-123,1.0,0.0,0.0
1.834789612717463e-123,1.0,0.0,0.0
1.7805633850325543e-123,1.0,0.0,0.0
1.7279397845636238e-123,1.0,0.0,0.0
1.676871446518706e-123,1.0,0.0,0.0
1.6273124059469803e-123,1.0,0.0,0.0
1.579218056367214e-123,1.0,0.0,0.0
1.5325451096189185e-123,1.0,0.0,0.0
1.4872515569000836e-123,1.0,0.0,0.0
1.4432966309564201e-123,1.0,0.0,0.0
1.40064076938808e-123,1.0,0.0,0.0
1.3592455790408261e-123,1.0,0.0,0.0
1.3190738014496023e-123,1.0,0.0,0.0
1.2800892793034009e-123,1.0,0.0,0.0
1.2422569239012417e-123,1.0,0.0,0.0
1.2055426835699734e-123,1.0,0.0,0.0
1.1699135130154701e-123,1.0,0.0,0.0
1.1353373435796356e-123,1.0,0.0,0.0
1.1017830543764467e-123,1.0,0.0,0.0
1.0692204442810562e-123,1.0,0.0,0.0
1.0376202047467417e-123,1.0,0.0,0.0
1.006953893425236e-123,1.0,0.0,0.0
9.771939085666937e-124,1.0,0.0,0.0
9.483134641762539e-124,1.0,0.0,0.0
9.20286565904836e-124,1.0,0.0,0.0
8.930879876524732e-124,1.0,0.0,0.0
8.666932488631179e-124,1.0,0.0,0.0
8.4107859249049e-124,1.0,0.0,0.0
8.162209636151323e-124,1.0,0.0,0.0
7.920979886934265e-124,1.0,0.0,0.0
7.686879554198936e-124,1.0,0.0,0.0
7.459697931846549e-124,1.0,0.0,0.0
7.239230541084595e-124,1.0,0.0,0.0
7.025278946382142e-124,1.0,0.0,0.0
6.817650576864455e-124,1.0,0.0,0.0
6.616158552986221e-124,1.0,0.0,0.0
6.420621518327341e-124,1.0,0.0,0.0
6.230863476359912e-124,1.0,0.0,0.0
6.046713632039475e-124,1.0,0.0,0.0
5.86800623807795e-124,1.0,0.0,0.0
5.694580445759886e-124,1.0,0.0,0.0
5.526280160167766e-124,1.0,0.0,0.0
5.362953899686043e-124,1.0,0.0,0.0
5.204454659657466e-124,1.0,0.0,0.0
5.050639780068964e-124,1.0,0.0,0.0
4.901370817148009e-124,1.0,0.0,0.0
4.756513418753873e-124,1.0,0.0,0.0
4.615937203451639e-124,1.0,0.0,0.0
4.479515643160109e-124,1.0,0.0,0.0
4.347125949267986e-124,1.0,0.0,0.0
4.218648962115846e-124,1.0,0.0,0.0
4.093969043744396e-124,1.0,0.0,0.0
3.972973973812508e-124,1.0,0.0,0.0
3.8555548485913375e-124,1.0,0.0,0.0
3.741605982943621e-124,1.0,0.0,0.0
3.6310248151999156e-124,1.0,0.0,0.0
3.523711814846177e-124,1.0,0.0,0.0
3.4195703929395796e-124,1.0,0.0,0.0
3.3185068151719476e-124,1.0,0.0,0.0
3.2204301175025533e-124,1.0,0.0,0.0
3.1252520242843407e-124,1.0,0.0,0.0
3.0328868688098852e-124,1.0,0.0,0.0
2.943251516205575e-124,1.0,0.0,0.0
2.8562652886046165e-124,1.0,0.0,0.0
2.7718498925315048e-124,1.0,0.0,0.0
2.689929348432616e-124,1.0,0.0,0.0
2.6104299222894795e-124,1.0,0.0,0.0
2.533280059253185e-124,1.0,0.0,0.0
2.458410319240189e-124,1.0,0.0,0.0
2.385753314431553e-124,1.0,0.0,0.0
2.31524364861936e-124,1.0,0.0,0.0
2.2468178583457125e-124,1.0,0.0,0.0
2.180414355781337e-124,1.0,0.0,0.0
2.115973373292382e-124,1.0,0.0,0.0
2.0534369096455134e-124,1.0,0.0,0.0
1.9927486778028907e-124,1.0,0.0,0.0
1.933854054260033e-124,1.0,0.0,0.0
1.8767000298809793e-124,1.0,0.0,0.0
1.821235162186488e-124,1.0,0.0,0.0
1.7674095290523344e-124,1.0,0.0,0.0
1.7151746837760287e-124,1.0,0.0,0.0
1.6644836114715156e-124,1.0,0.0,0.0
1.6152906867526025e-124,1.0,0.0,0.0
1.5675516326670334e-124,1.0,0.0,0.0
1.5212234808442432e-124,1.0,0.0,0.0
1.4762645328209246e-124,1.0,0.0,0.0
1.4326343225095965e-124,1.0,0.0,0.0
1.390293579776395e-124,1.0,0.0,0.0
1.3492041950953016e-124,1.0,0.0,0.0
1.309329185246999e-124,1.0,0.0,0.0
1.2706326600314768e-124,1.0,0.0,0.0
1.2330797899644286e-124,1.0,0.0,0.0
1.1966367749283678e-124,1.0,0.0,0.0
1.1612708137502387e-124,1.0,0.0,0.0
1.126950074678147e-124,1.0,0.0,0.0
1.093643666730637e-124,1.0,0.0,0.0
1.06132161189272e-124,1.0,0.0,0.0
1.0299548181336411e-124,1.0,0.0,0.0
9.995150532220855e-125,1.0,0.0,0.0
9.699749193152664e-125,1.0,0.0,0.0
9.413078282990169e-125,1.0,0.0,0.0
9.134879778566927e-125,1.0,0.0,0.0
8.864903282453463e-125,1.0,0.0,0.0
8.602905797582679e-125,1.0,0.0,0.0
8.348651508536092e-125,1.0,0.0,0.0
8.10191156929405e-125,1.0,0.0,0.0
7.862463897258864e-125,1.0,0.0,0.0
7.630092973365484e-125,1.0,0.0,0.0
7.404589648099791e-125,1.0,0.0,0.0
7.185750953249926e-125,1.0,0.0,0.0
6.973379919221195e-125,1.0,0.0,0.0
6.767285397750145e-125,1.0,0.0,0.0
6.567281889858221e-125,1.0,0.0,0.0
6.373189378890169e-125,1.0,0.0,0.0
6.184833168486901e-125,1.0,0.0,0.0
6.002043725346975e-125,1.0,0.0,0.0
5.824656526635184e-125,1.0,0.0,0.0
5.652511911900901e-125,1.0,0.0,0.0
5.485454939372903e-125,1.0,0.0,0.0
5.323335246501311e-125,1.0,0.0,0.0
5.166006914621152e-125,1.0,0.0,0.0
5.013328337615714e-125,1.0,0.0,0.0
4.865162094461482e-125,1.0,0.0,0.0
4.721374825539941e-125,1.0,0.0,0.0
4.5818371126049214e-125,1.0,0.0,0.0
4.4464233622974414e-125,1.0,0.0,0.0
4.3150116931032105e-125,1.0,0.0,0.0
4.187483825651036e-125,1.0,0.0,0.0
4.0637249762534114e-125,1.0,0.0,0.0
3.9436237535934476e-125,1.0,0.0,0.0
3.827072058465172e-125,1.0,0.0,0.0
3.713964986476945e-125,1.0,0.0,0.0
3.6042007336304305e-125,1.0,0.0,0.0
3.4976805046901245e-125,1.0,0.0,0.0
3.394308424260977e-125,1.0,0.0,0.0
3.2939914504940653e-125,1.0,0.0,0.0
3.19663929134265e-125,1.0,0.0,0.0
3.10216432329324e-125,1.0,0.0,0.0
3.010481512498516e-125,1.0,0.0,0.0
2.9215083382411296e-125,1.0,0.0,0.0
2.835164718659488e-125,1.0,0.0,0.0
2.7513729386686754e-125,1.0,0.0,0.0
2.670057580011629e-125,1.0,0.0,0.0
2.5911454533776187e-125,1.0,0.0,0.0
2.5145655325269287e-125,1.0,0.0,0.0
2.440248890362449e-125,1.0,0.0,0.0
2.368128636890632e-125,1.0,0.0,0.0
2.2981398590159892e-125,1.0,0.0,0.0
2.230219562114921e-125,1.0,0.0,0.0
2.1643066133363061e-125,1.0,0.0,0.0
2.1003416865778063e-125,1.0,0.0,0.0
2.0382672090883744e-125,1.0,0.0,0.0
1.9780273096488902e-125,1.0,0.0,0.0
1.9195677682842936e-125,1.0,0.0,0.0
1.862835967461948e-125,1.0,0.0,0.0
1.8077808447323077e-125,1.0,0.0,0.0
1.75435284676927e-125,1.0,0.0,0.0
1.702503884768836e-125,1.0,0.0,0.0
1.6521872911659417e-125,1.0,0.0,0.0
1.6033577776304992e-125,1.0,0.0,0.0
1.5559713943048435e-125,1.0,0.0,0.0
1.5099854902458957e-125,1.0,0.0,0.0
1.4653586750364337e-125,1.0,0.0,0.0
1.4220507815309247e-125,1.0,0.0,0.0
1.3800228297023828e-125,1.0,0.0,0.0
1.3392369915577144e-125,1.0,0.0,0.0
1.2996565570899702e-125,1.0,0.0,0.0
1.2612459012368636e-125,1.0,0.0,0.0
1.2239704518158077e-125,1.0,0.0,0.0
1.1877966584066203e-125,1.0,0.0,0.0
1.1526919621538792e-125,1.0,0.0,0.0
1.118624766461756e-125,1.0,0.0,0.0
1.0855644085549479e-125,1.0,0.0,0.0
1.0534811318801094e-125,1.0,0.0,0.0
1.0223460593229469e-125,1.0,0.0,0.0
9.921311672168664e-126,1.0,0.0,0.0
9.628092601197823e-126,1.0,0.0,0.0
9.343539463363848e-126,1.0,0.0,0.0
9.067396141638317e-126,1.0,0.0,0.0
8.799414088394887e-126,1.0,0.0,0.0
8.539352101699647e-126,1.0,0.0,0.0
8.286976108213097e-126,1.0,0.0,0.0
8.042058952508357e-126,1.0,0.0,0.0
7.804380192615939e-126,1.0,0.0,0.0
7.573725901611102e-126,1.0,0.0,0.0
7.349888475065186e-126,1.0,0.0,0.0
7.132666444187608e-126,1.0,0.0,0.0
6.921864294490358e-126,1.0,0.0,0.0
6.717292289811762e-126,1.0,0.0,0.0
6.518766301541136e-126,1.0,0.0,0.0
6.3261076428906e-126,1.0,0.0,0.0
6.139142908064923e-126,1.0,0.0,0.0
5.957703816184591e-126,1.0,0.0,0.0
5.781627059821668e-126,1.0,0.0,0.0
5.610754158012082e-126,1.0,0.0,0.0
5.4449313136120666e-126,1.0,0.0,0.0
5.2840092748703505e-126,1.0,0.0,0.0
5.127843201091508e-126,1.0,0.0,0.0
4.976292532269557e-126,1.0,0.0,0.0
4.82922086257447e-126,1.0,0.0,0.0
4.6864958175777166e-126,1.0,0.0,0.0
4.5479889351063494e-126,1.0,0.0,0.0
4.413575549618375e-126,1.0,0.0,0.0
4.283134679995354e-126,1.0,0.0,0.0
4.1565489206512266e-126,1.0,0.0,0.0
4.033704335859366e-126,1.0,0.0,0.0
3.914490357202731e-126,1.0,0.0,0.0
3.798799684054832e-126,1.0,0.0,0.0
3.686528187001923e-126,1.0,0.0,0.0
3.577574814119501e-126,1.0,0.0,0.0
3.4718415000187565e-126,1.0,0.0,0.0
3.3692330775811027e-126,1.0,0.0,0.0
3.269657192301349e-126,1.0,0.0,0.0
3.173024219162409e-126,1.0,0.0,0.0
3.07924718196674e-126,1.0,0.0,0.0
2.9882416750518966e-126,1.0,0.0,0.0
2.8999257873197323e-126,1.0,0.0,0.0
2.8142200285108864e-126,1.0,0.0,0.0
2.7310472576581874e-126,1.0,0.0,0.0
2.6503326136545732e-126,1.0,0.0,0.0
2.572003447873045e-126,1.0,0.0,0.0
2.4959892587779975e-126,1.0,0.0,0.0
2.4222216284690807e-126,1.0,0.0,0.0
2.350634161100471e-126,1.0,0.0,0.0
2.2811624231201302e-126,1.0,0.0,0.0
2.2137438852752582e-126,1.0,0.0,0.0
2.1483178663317467e-126,1.0,0.0,0.0
2.084825478456973e-126,1.0,0.0,0.0
2.0232095742167763e-126,1.0,0.0,0.0
1.9634146951389096e-126,1.0,0.0,0.0
1.9053870217966727e-126,1.0,0.0,0.0
1.849074325367795e-126,1.0,0.0,0.0
1.794425920624971e-126,1.0,0.0,0.0
1.741392620315735e-126,1.0,0.0,0.0
1.6899266908906144e-126,1.0,0.0,0.0
1.6399818095397136e-126,1.0,0.0,0.0
1.5915130224990584e-126,1.0,0.0,0.0
1.5444767045891744e-126,1.0,0.0,0.0
1.4988305199494824e-126,1.0,0.0,0.0
1.4545333839331655e-126,1.0,0.0,0.0
1.4115454261282143e-126,1.0,0.0,0.0
1.3698279544713662e-126,1.0,0.0,0.0
1.3293434204226356e-126,1.0,0.0,0.0
1.2900553851690953e-126,1.0,0.0,0.0
1.2519284868274845e-126,1.0,0.0,0.0
1.2149284086161279e-126,1.0,0.0,0.0
1.1790218479675164e-126,1.0,0.0,0.0
1.1441764865537477e-126,1.0,0.0,0.0
1.1103609611978515e-126,1.0,0.0,0.0
1.0775448356448122e-126,1.0,0.0,0.0
1.0456985731668858e-126,1.0,0.0,0.0
1.0147935099785519e-126,1.0,0.0,0.0
9.848018294371716e-127,1.0,0.0,0.0
9.556965370061325e-127,1.0,0.0,0.0
9.274514359579429e-127,1.0,0.0,0.0
9.0004110379541e-127,1.0,0.0,0.0
8.734408693696757e-127,1.0,0.0,0.0
8.47626790674519e-127,1.0,0.0,0.0
8.22575633296933e-127,1.0,0.0,0.0
7.982648495045864e-127,1.0,0.0,0.0
7.746725579513418e-127,1.0,0.0,0.0
7.517775239825677e-127,1.0,0.0,0.0
7.295591405225164e-127,1.0,0.0,0.0
7.079974095265646e-127,1.0,0.0,0.0
6.870729239816244e-127,1.0,0.0,0.0
6.6676685043852054e-127,1.0,0.0,0.0
6.470609120606166e-127,1.0,0.0,0.0
6.279373721734269e-127,1.0,0.0,0.0
6.093790183004136e-127,1.0,0.0,0.0
5.913691466705959e-127,1.0,0.0,0.0
5.738915471840286e-127,1.0,0.0,0.0
5.5693048882161786e-127,1.0,0.0,0.0
5.404707054861434e-127,1.0,0.0,0.0
5.244973822617395e-127,1.0,0.0,0.0
5.089961420794715e-127,1.0,0.0,0.0
4.939530327770035e-127,1.0,0.0,0.0
4.793545145407105e-127,1.0,0.0,0.0
4.65187447718932e-127,1.0,0.0,0.0
4.514390809953991e-127,1.0,0.0,0.0
4.380970399121895e-127,1.0,0.0,0.0
4.251493157318798e-127,1.0,0.0,0.0
4.125842546288714e-127,1.0,0.0,0.0
4.0039054720016104e-127,1.0,0.0,0.0
3.885572182861148e-127,1.0,0.0,0.0
3.7707361709208395e-127,1.0,0.0,0.0
3.659294076019705e-127,1.0,0.0,0.0
3.551145592751156e-127,1.0,0.0,0.0
3.4461933801813558e-127,1.0,0.0,0.0
3.3443429742358126e-127,1.0,0.0,0.0
3.2455027026753352e-127,1.0,0.0,0.0
3.149583602584833e-127,1.0,0.0,0.0
3.0564993403006863e-127,1.0,0.0,0.0
2.9661661337046227e-127,1.0,0.0,0.0
2.8785026768141562e-127,1.0,0.0,0.0
2.7934300666017174e-127,1.0,0.0,0.0
2.710871731976602e-127,1.0,0.0,0.0
2.6307533648658205e-127,1.0,0.0,0.0
2.5530028533318195e-127,1.0,0.0,0.0
2.4775502166668707e-127,1.0,0.0,0.0
2.4043275424057094e-127,1.0,0.0,0.0
2.3332689251997342e-127,1.0,0.0,0.0
2.2643104074977447e-127,1.0,0.0,0.0
2.197389921979829e-127,1.0,0.0,0.0
2.1324472356925857e-127,1.0,0.0,0.0
2.0694238958354035e-127,1.0,0.0,0.0
2.0082631771489925e-127,1.0,0.0,0.0
1.9489100308588247e-127,1.0,0.0,0.0
1.891311035127521e-127,1.0,0.0,0.0
1.8354143469715922e-127,1.0,0.0,0.0
1.7811696555992543e-127,1.0,0.0,0.0
1.728528137127322e-127,1.0,0.0,0.0
1.6774424106364172e-127,1.0,0.0,0.0
1.6278664955249445e-127,1.0,0.0,0.0
1.5797557701234468e-127,1.0,0.0,0.0
1.5330669315320904e-127,1.0,0.0,0.0
1.4877579566451343e-127,1.0,0.0,0.0
1.4437880643272967e-127,1.0,0.0,0.0
1.4011176787079825e-127,1.0,0.0,0.0
1.359708393560329e-127,1.0,0.0,0.0
1.3195229377330085e-127,1.0,0.0,0.0
1.2805251416036775e-127,1.0,0.0,0.0
1.242679904523875e-127,1.0,0.0,0.0
1.205953163226071e-127,1.0,0.0,0.0
1.1703118611644254e-127,1.0,0.0,0.0
1.1357239187616668e-127,1.0,0.0,0.0
1.1021582045353072e-127,1.0,0.0,0.0
1.0695845070772078e-127,1.0,0.0,0.0
1.0379735078612717e-127,1.0,0.0,0.0
1.0072967548547917e-127,1.0,0.0,0.0
9.775266369097013e-128,1.0,0.0,0.0
9.486363589106775e-128,1.0,0.0,0.0
9.20599917657729e-128,1.0,0.0,0.0
8.933920784615609e-128,1.0,0.0,0.0
8.669883524306514e-128,1.0,0.0,0.0
8.413649744295966e-128,1.0,0.0,0.0
8.16498881688885e-128,1.0,0.0,0.0
7.923676930468481e-128,1.0,0.0,0.0
7.689496888051046e-128,1.0,0.0,0.0
7.462237911793661e-128,1.0,0.0,0.0
7.241695453280086e-128,1.0,0.0,0.0
7.027671009413341e-128,1.0,0.0,0.0
6.819971943749532e-128,1.0,0.0,0.0
6.61841131311204e-128,1.0,0.0,0.0
6.422807699330052e-128,1.0,0.0,0.0
6.232985045949962e-128,1.0,0.0,0.0
6.048772499772678e-128,1.0,0.0,0.0
5.870004257074218e-128,1.0,0.0,0.0
5.696519414371162e-128,1.0,0.0,0.0
5.52816182359666e-128,1.0,0.0,0.0
5.364779951556634e-128,1.0,0.0,0.0
5.206226743539678e-128,1.0,0.0,0.0
5.052359490957887e-128,1.0,0.0,0.0
4.903039702899505e-128,1.0,0.0,0.0
4.758132981477751e-128,1.0,0.0,0.0
4.617508900863654e-128,1.0,0.0,0.0
4.4810408898940047e-128,1.0,0.0,0.0
4.3486061181487624e-128,1.0,0.0,0.0
4.220085385395392e-128,1.0,0.0,0.0
4.0953630143006057e-128,1.0,0.0,0.0
3.97432674631296e-128,1.0,0.0,0.0
3.8568676406225814e-128,1.0,0.0,0.0
3.7428799761070844e-128,1.0,0.0,0.0
3.6322611561754267e-128,1.0,0.0,0.0
3.5249116164240537e-128,1.0,0.0,0.0
3.4207347350222157e-128,1.0,0.0,0.0
3.319636745745799e-128,1.0,0.0,0.0
3.221526653581395e-128,1.0,0.0,0.0
3.1263161528246483e-128,1.0,0.0,0.0
3.033919547599162e-128,1.0,0.0,0.0
2.944253674724427e-128,1.0,0.0,0.0
2.857237828863346e-128,1.0,0.0,0.0
2.772793689881981e-128,1.0,0.0,0.0
2.6908452523561505e-128,1.0,0.0,0.0
2.6113187571614183e-128,1.0,0.0,0.0
2.534142625084899e-128,1.0,0.0,0.0
2.459247392399141e-128,1.0,0.0,0.0
2.3865656483400804e-128,1.0,0.0,0.0
2.316031974432804e-128,1.0,0.0,0.0
2.2475828856105087e-128,1.0,0.0,0.0
2.181156773073655e-128,1.0,0.0,0.0
2.116693848837891e-128,1.0,0.0,0.0
2.054136091920829e-128,1.0,0.0,0.0
1.993427196119248e-128,1.0,0.0,0.0
1.9345125193297092e-128,1.0,0.0,0.0
1.8773390343669768e-128,1.0,0.0,0.0
1.8218552812359704e-128,1.0,0.0,0.0
1.7680113208142975e-128,1.0,0.0,0.0
1.7157586899036736e-128,1.0,0.0,0.0
1.6650503576097713e-128,1.0,0.0,0.0
1.615840683011243e-128,1.0,0.0,0.0
1.5680853740798104e-128,1.0,0.0,0.0
1.52174144781445e-128,1.0,0.0,0.0
1.4767671915537916e-128,1.0,0.0,0.0
1.433122125431908e-128,1.0,0.0,0.0
1.3907669659437022e-128,1.0,0.0,0.0
1.3496635905871043e-128,1.0,0.0,0.0
1.3097750035502437e-128,1.0,0.0,0.0
1.2710653024127244e-128,1.0,0.0,0.0
1.2334996458310216e-128,1.0,0.0,0.0
1.1970442221789217e-128,1.0,0.0,0.0
1.161666219114777e-128,1.0,0.0,0.0
1.1273337940481843e-128,1.0,0.0,0.0
1.0940160454795028e-128,1.0,0.0,0.0
1.0616829851864202e-128,1.0,0.0,0.0
1.0303055112325289e-128,1.0,0.0,0.0
9.998553817736182e-129,1.0,0.0,0.0
9.70305189638109e-129,1.0,0.0,0.0
9.416283376587497e-129,1.0,0.0,0.0
9.137990147333706e-129,1.0,0.0,0.0
8.8679217259315e-129,1.0,0.0,0.0
8.605835032574815e-129,1.0,0.0,0.0
8.351494171551514e-129,1.0,0.0,0.0
8.104670218921323e-129,1.0,0.0,0.0
7.865141016468834e-129,1.0,0.0,0.0
7.632690971746114e-129,1.0,0.0,0.0
7.407110864024964e-129,1.0,0.0,0.0
7.188197655984129e-129,1.0,0.0,0.0
6.975754310962018e-129,1.0,0.0,0.0
6.769589615610398e-129,1.0,0.0,0.0
6.569518007789491e-129,1.0,0.0,0.0
6.375359409549509e-129,1.0,0.0,0.0
6.186939065048358e-129,1.0,0.0,0.0
6.00408738325958e-129,1.0,0.0,0.0
5.826639785328984e-129,1.0,0.0,0.0
5.6544365564425706e-129,1.0,0.0,0.0
5.4873227020724224e-129,1.0,0.0,0.0
5.325147808471164e-129,1.0,0.0,0.0
5.1677659072894414e-129,1.0,0.0,0.0
5.015035344194555e-129,1.0,0.0,0.0
4.866818651372e-129,1.0,0.0,0.0
4.722982423795156e-129,1.0,0.0,0.0
4.583397199151759e-129,1.0,0.0,0.0
4.447937341319083e-129,1.0,0.0,0.0
4.3164809272829535e-129,1.0,0.0,0.0
4.188909637398801e-129,1.0,0.0,0.0
4.065108648895998e-129,1.0,0.0,0.0
3.944966532529619e-129,1.0,0.0,0.0
3.8283751522865925e-129,1.0,0.0,0.0
3.715229568056e-129,1.0,0.0,0.0
3.605427941175887e-129,1.0,0.0,0.0
3.4988714427715966e-129,1.0,0.0,0.0
3.395464164803115e-129,1.0,0.0,0.0
3.295113033741357e-129,1.0,0.0,0.0
3.197727726795713e-129,1.0,0.0,0.0
3.10322059061744e-129,1.0,0.0,0.0
3.0115065624057317e-129,1.0,0.0,0.0
2.922503093345458e-129,1.0,0.0,0.0
2.836130074307659e-129,1.0,0.0,0.0
2.7523097637459233e-129,1.0,0.0,0.0
2.6709667177237492e-129,1.0,0.0,0.0
2.592027722009909e-129,1.0,0.0,0.0
2.515421726180703e-129,1.0,0.0,0.0
2.4410797796697783e-129,1.0,0.0,0.0
2.3689349697079705e-129,1.0,0.0,0.0
2.2989223610972916e-129,1.0,0.0,0.0
2.2309789377648715e-129,1.0,0.0,0.0
2.1650435460442386e-129,1.0,0.0,0.0
2.101056839632894e-129,1.0,0.0,0.0
2.038961226176632e-129,1.0,0.0,0.0
1.978700815432536e-129,1.0,0.0,0.0
1.9202213689639878e-129,1.0,0.0,0.0
1.863470251322413e-129,1.0,0.0,0.0
1.8083963826718256e-129,1.0,0.0,0.0
1.754950192813529e-129,1.0,0.0,0.0
1.7030835765695904e-129,1.0,0.0,0.0
1.652749850484935e-129,1.0,0.0,0.0
1.6039037108090855e-129,1.0,0.0,0.0
1.5565011927197287e-129,1.0,0.0,0.0
1.5104996307514088e-129,1.0,0.0,0.0
1.4658576203937288e-129,1.0,0.0,0.0
1.4225349808244969e-129,1.0,0.0,0.0
1.3804927187442749e-129,1.0,0.0,0.0
1.3396929932797765e-129,1.0,0.0,0.0
1.3000990819245278e-129,1.0,0.0,0.0
1.2616753474861333e-129,1.0,0.0,0.0
1.2243872060103973e-129,1.0,0.0,0.0
1.1882010956534312e-129,1.0,0.0,0.0
1.1530844464737289e-129,1.0,0.0,0.0
1.119005651117021e-129,1.0,0.0,0.0
1.0859340363675238e-129,1.0,0.0,0.0
1.0538398355399735e-129,1.0,0.0,0.0
1.0226941616876018e-129,1.0,0.0,0.0
9.924689816019336e-130,1.0,0.0,0.0
9.631370905810074e-130,1.0,0.0,0.0
9.346720879433077e-130,1.0,0.0,0.0
9.070483532653702e-130,1.0,0.0,0.0
8.802410233216707e-130,1.0,0.0,0.0
8.54225969706045e-130,1.0,0.0,0.0
8.289797771144942e-130,1.0,0.0,0.0
8.044797222698313e-130,1.0,0.0,0.0
7.807037534691983e-130,1.0,0.0,0.0
7.576304707360446e-130,1.0,0.0,0.0
7.352391065587045e-130,1.0,0.0,0.0
7.135095071982352e-130,1.0,0.0,0.0
6.924221145486908e-130,1.0,0.0,0.0
6.7195794853350785e-130,1.0,0.0,0.0
6.52098590022155e-130,1.0,0.0,0.0
6.328261642516727e-130,1.0,0.0,0.0
6.141233247381798e-130,1.0,0.0,0.0
5.959732376638674e-130,1.0,0.0,0.0
5.783595667254274e-130,1.0,0.0,0.0
5.612664584302761e-130,1.0,0.0,0.0
5.446785278273415e-130,1.0,0.0,0.0
5.285808446595687e-130,1.0,0.0,0.0
5.12958919925681e-130,1.0,0.0,0.0
4.97798692839101e-130,1.0,0.0,0.0
4.830865181722937e-130,1.0,0.0,0.0
4.688091539751406e-130,1.0,0.0,0.0
4.549537496562912e-130,1.0,0.0,0.0
4.415078344167634e-130,1.0,0.0,0.0
4.284593060253826e-130,1.0,0.0,0.0
4.15796419925957e-130,1.0,0.0,0.0
4.035077786663845e-130,1.0,0.0,0.0
3.915823216401763e-130,1.0,0.0,0.0
3.800093151311651e-130,1.0,0.0,0.0
3.687783426524355e-130,1.0,0.0,0.0
3.5787929557078313e-130,1.0,0.0,0.0
3.4730236400826266e-130,1.0,0.0,0.0
3.370380280126353e-130,1.0,0.0,0.0
3.270770489887693e-130,1.0,0.0,0.0
3.1741046138328114e-130,1.0,0.0,0.0
3.0802956461493205e-130,1.0,0.0,0.0
2.9892591524351785e-130,1.0,0.0,0.0
2.9009131937020293e-130,1.0,0.0,0.0
2.8151782526245826e-130,1.0,0.0,0.0
2.7319771619696557e-130,1.0,0.0,0.0
2.6512350351404525e-130,1.0,0.0,0.0
2.5728791987735764e-130,1.0,0.0,0.0
2.4968391273280957e-130,1.0,0.0,0.0
2.423046379607798e-130,1.0,0.0,0.0
2.3514345371594943e-130,1.0,0.0,0.0
2.28193914449193e-130,1.0,0.0,0.0
2.2144976510614895e-130,1.0,0.0,0.0
2.1490493549724884e-130,1.0,0.0,0.0
2.0855353483413693e-130,1.0,0.0,0.0
2.0238984642756325e-130,1.0,0.0,0.0
1.9640832254197715e-130,1.0,0.0,0.0
1.9060357940219116e-130,1.0,0.0,0.0
1.849703923476199e-130,1.0,0.0,0.0
1.7950369112973292e-130,1.0,0.0,0.0
1.741985553484888e-130,1.0,0.0,0.0
1.6905021002364312e-130,1.0,0.0,0.0
1.6405402129694395e-130,1.0,0.0,0.0
1.5920549226134665e-130,1.0,0.0,0.0
1.5450025891349403e-130,1.0,0.0,0.0
1.499340862258189e-130,1.0,0.0,0.0
1.4550286433473335e-130,1.0,0.0,0.0
1.4120260484147414e-130,1.0,0.0,0.0
1.3702943722227472e-130,1.0,0.0,0.0
1.3297960534463253e-130,1.0,0.0,0.0
1.2904946408653627e-130,1.0,0.0,0.0
1.2523547605561016e-130,1.0,0.0,0.0
1.2153420840522193e-130,1.0,0.0,0.0
1.1794232974468936e-130,1.0,0.0,0.0
1.1445660714080356e-130,1.0,0.0,0.0
1.1107390320797116e-130,1.0,0.0,0.0
1.0779117328435542e-130,1.0,0.0,0.0
1.0460546269147504e-130,1.0,0.0,0.0
1.015139040747942e-130,1.0,0.0,0.0
9.851371482290996e-131,1.0,0.0,0.0
9.560219456301414e-131,1.0,0.0,0.0
9.27767227303756e-131,1.0,0.0,0.0
9.003475620965511e-131,1.0,0.0,0.0
8.737382704592988e-131,1.0,0.0,0.0
8.479154022336761e-131,1.0,0.0,0.0
8.228557150955057e-131,1.0,0.0,0.0
7.985366536350959e-131,1.0,0.0,0.0
7.749363290558496e-131,1.0,0.0,0.0
7.520334994728696e-131,1.0,0.0,0.0
7.298075507938293e-131,1.0,0.0,0.0
7.082384781648979e-131,1.0,0.0,0.0
6.873068679650221e-131,1.0,0.0,0.0
6.669938803323567e-131,1.0,0.0,0.0
6.472812322071175e-131,1.0,0.0,0.0
6.281511808755939e-131,1.0,0.0,0.0
6.095865080005085e-131,1.0,0.0,0.0
5.91570504123352e-131,1.0,0.0,0.0
5.740869536247429e-131,1.0,0.0,0.0
5.571201201292751e-131,1.0,0.0,0.0
5.406547323417185e-131,1.0,0.0,0.0
5.246759703018225e-131,1.0,0.0,0.0
5.091694520453513e-131,1.0,0.0,0.0
4.941212206593459e-131,1.0,0.0,0.0
4.795177317199604e-131,1.0,0.0,0.0
4.653458411015664e-131,1.0,0.0,0.0
4.515927931461522e-131,1.0,0.0,0.0
4.38246209182371e-131,1.0,0.0,0.0
4.2529407638390017e-131,1.0,0.0,0.0
4.1272473695708727e-131,1.0,0.0,0.0
4.0052687764814887e-131,1.0,0.0,0.0
3.886895195604788e-131,1.0,0.0,0.0
3.7720200827289993e-131,1.0,0.0,0.0
3.6605400424996627e-131,1.0,0.0,0.0
3.5523547353568325e-131,1.0,0.0,0.0
3.4473667872227017e-131,1.0,0.0,0.0
3.3454817018583576e-131,1.0,0.0,0.0
3.2466077758107923e-131,1.0,0.0,0.0
3.1506560158736044e-131,1.0,0.0,0.0
3.057540058987108e-131,1.0,0.0,0.0
2.9671760945057504e-131,1.0,0.0,0.0
2.8794827887628737e-131,1.0,0.0,0.0
2.7943812118649254e-131,1.0,0.0,0.0
2.7117947666492295e-131,1.0,0.0,0.0
2.6316491197413683e-131,1.0,0.0,0.0
2.55387213465013e-131,1.0,0.0,0.0
2.478393806839797e-131,1.0,0.0,0.0
2.4051462007213414e-131,1.0,0.0,0.0
2.3340633885058066e-131,1.0,0.0,0.0
2.2650813908648514e-131,1.0,0.0,0.0
2.198138119345033e-131,1.0,0.0,0.0
2.1331733204840116e-131,1.0,0.0,0.0
2.0701285215783665e-131,1.0,0.0,0.0
2.0089469780542162e-131,1.0,0.0,0.0
1.9495736223932735e-131,1.0,0.0,0.0
1.8919550145683613e-131,1.0,0.0,0.0
1.8360392939437824e-131,1.0,0.0,0.0
1.7817761325972474e-131,1.0,0.0,0.0
1.7291166900213464e-131,1.0,0.0,0.0
1.678013569163799e-131,1.0,0.0,0.0
1.6284207737669052e-131,1.0,0.0,0.0
1.5802936669678124e-131,1.0,0.0,0.0
1.5335889311223236e-131,1.0,0.0,0.0
1.4882645288160955e-131,1.0,0.0,0.0
1.4442796650281279e-131,1.0,0.0,0.0
1.4015947504124927e-131,1.0,0.0,0.0
1.3601713656652494e-131,1.0,0.0,0.0
1.3199722269444795e-131,1.0,0.0,0.0
1.2809611523123114e-131,1.0,0.0,0.0
1.243103029168736e-131,1.0,0.0,0.0
1.206363782647896e-131,1.0,0.0,0.0
1.1707103449484063e-131,1.0,0.0,0.0
1.136110625570103e-131,1.0,0.0,0.0
1.1025334824304249e-131,1.0,0.0,0.0
1.06994869383444e-131,1.0,0.0,0.0
1.0383269312732785e-131,1.0,0.0,0.0
1.0076397330264964e-131,1.0,0.0,0.0
9.778594785446057e-132,1.0,0.0,0.0
9.489593635887166e-132,1.0,0.0,0.0
9.209133761049124e-132,1.0,0.0,0.0
8.936962728116462e-132,1.0,0.0,0.0
8.672835564790835e-132,1.0,0.0,0.0
8.416514538799424e-132,1.0,0.0,0.0
8.167768943919842e-132,1.0,0.0,0.0
7.926374892328964e-132,1.0,0.0,0.0
7.692115113088781e-132,1.0,0.0,0.0
7.464778756587883e-132,1.0,0.0,0.0
7.244161204762589e-132,1.0,0.0,0.0
7.030063886926874e-132,1.0,0.0,0.0
6.822294101045349e-132,1.0,0.0,0.0
6.620664840288431e-132,1.0,0.0,0.0
6.424994624713565e-132,1.0,0.0,0.0
6.235107337921037e-132,1.0,0.0,0.0
6.050832068537321e-132,1.0,0.0,0.0
5.872002956383318e-132,1.0,0.0,0.0
5.698459043188986e-132,1.0,0.0,0.0
5.5300441277200504e-132,1.0,0.0,0.0
5.3666066251863375e-132,1.0,0.0,0.0
5.2079994308052415e-132,1.0,0.0,0.0
5.054079787397488e-132,1.0,0.0,0.0
4.9047091568960424e-132,1.0,0.0,0.0
4.7597530956524924e-132,1.0,0.0,0.0
4.619081133428698e-132,1.0,0.0,0.0
4.4825666559647676e-132,1.0,0.0,0.0
4.3500867910176813e-132,1.0,0.0,0.0
4.221522297767978e-132,1.0,0.0,0.0
4.0967574594949714e-132,1.0,0.0,0.0
3.9756799794238917e-132,1.0,0.0,0.0
3.8581808796512076e-132,1.0,0.0,0.0
3.7441544030571604e-132,1.0,0.0,0.0
3.633497918117218e-132,1.0,0.0,0.0
3.5261118265267774e-132,1.0,0.0,0.0
3.421899473555966e-132,1.0,0.0,0.0
3.320767061053864e-132,1.0,0.0,0.0
3.2226235630238356e-132,1.0,0.0,0.0
3.1273806436939925e-132,1.0,0.0,0.0
3.034952578009035e-132,1.0,0.0,0.0
2.945256174471917e-132,1.0,0.0,0.0
2.8582107002658825e-132,1.0,0.0,0.0
2.7737378085894856e-132,1.0,0.0,0.0
2.6917614681391786e-132,1.0,0.0,0.0
2.6122078946760087e-132,1.0,0.0,0.0
2.5350054846148227e-132,1.0,0.0,0.0
2.460084750576209e-132,1.0,0.0,0.0
2.3873782588431648e-132,1.0,0.0,0.0
2.316820568666201e-132,1.0,0.0,0.0
2.24834817336225e-132,1.0,0.0,0.0
2.1818994431543658e-132,1.0,0.0,0.0
2.117414569700766e-132,1.0,0.0,0.0
2.054835512263287e-132,1.0,0.0,0.0
1.9941059454667998e-132,1.0,0.0,0.0
1.9351712086025768e-132,1.0,0.0,0.0
1.8779782564299604e-132,1.0,0.0,0.0
1.8224756114320673e-132,1.0,0.0,0.0
1.7686133174825503e-132,1.0,0.0,0.0
1.7163428948817116e-132,1.0,0.0,0.0
1.6656172967215026e-132,1.0,0.0,0.0
1.616390866540131e-132,1.0,0.0,0.0
1.5686192972281623e-132,1.0,0.0,0.0
1.522259591149134e-132,1.0,0.0,0.0
1.477270021438778e-132,1.0,0.0,0.0
1.433610094448029e-132,1.0,0.0,0.0
1.3912405132960052e-132,1.0,0.0,0.0
1.3501231425001658e-132,1.0,0.0,0.0
1.3102209736518007e-132,1.0,0.0,0.0
1.2714980921059664e-132,1.0,0.0,0.0
1.2339196446558812e-132,1.0,0.0,0.0
1.1974518081626869e-132,1.0,0.0,0.0
1.1620617591123412e-132,1.0,0.0,0.0
1.12771764407224e-132,1.0,0.0,0.0
1.0943885510209775e-132,1.0,0.0,0.0
1.0620444815254416e-132,1.0,0.0,0.0
1.0306563237401993e-132,1.0,0.0,0.0
1.0001958262048705e-132,1.0,0.0,0.0
9.706355724159079e-133,1.0,0.0,0.0
9.419489561498926e-133,1.0,0.0,0.0
9.14110157516138e-133,1.0,0.0,0.0
8.87094119717045e-133,1.0,0.0,0.0
8.608765264952942e-133,1.0,0.0,0.0
8.354337802475717e-133,1.0,0.0,0.0
8.10742980785135e-133,1.0,0.0,0.0
7.867819047220962e-133,1.0,0.0,0.0
7.635289854728763e-133,1.0,0.0,0.0
7.409632938408214e-133,1.0,0.0,0.0
7.19064519180514e-133,1.0,0.0,0.0
6.97812951116821e-133,1.0,0.0,0.0
6.77189461804226e-133,1.0,0.0,0.0
6.571754887104774e-133,1.0,0.0,0.0
6.377530179090563e-133,1.0,0.0,0.0
6.1890456786542744e-133,1.0,0.0,0.0
6.0061317370247785e-133,1.0,0.0,0.0
5.828623719309826e-133,1.0,0.0,0.0
5.656361856313534e-133,1.0,0.0,0.0
5.489191100733328e-133,1.0,0.0,0.0
5.326960987606904e-133,1.0,0.0,0.0
5.16952549888361e-133,1.0,0.0,0.0
5.01674293199834e-133,1.0,0.0,0.0
4.868475772329669e-133,1.0,0.0,0.0
4.724590569427409e-133,1.0,0.0,0.0
4.584957816898199e-133,1.0,0.0,0.0
4.449451835841007e-133,1.0,0.0,0.0
4.3179506617276435e-133,1.0,0.0,0.0
4.1903359346264485e-133,1.0,0.0,0.0
4.066492792670369e-133,1.0,0.0,0.0
3.946309768673524e-133,1.0,0.0,0.0
3.829678689803218e-133,1.0,0.0,0.0
3.716494580217084e-133,1.0,0.0,0.0
3.60665556657775e-133,1.0,0.0,0.0
3.5000627863599534e-133,1.0,0.0,0.0
3.3966202988675972e-133,1.0,0.0,0.0
3.29623499888065e-133,1.0,0.0,0.0
3.198816532854163e-133,1.0,0.0,0.0
3.1042772175939823e-133,1.0,0.0,0.0
3.012531961335957e-133,1.0,0.0,0.0
2.9234981871576074e-133,1.0,0.0,0.0
2.8370957586533217e-133,1.0,0.0,0.0
2.753246907806184e-133,1.0,0.0,0.0
2.6718761649915094e-133,1.0,0.0,0.0
2.5929102910490884e-133,1.0,0.0,0.0
2.5162782113630002e-133,1.0,0.0,0.0
2.441910951889662e-133,1.0,0.0,0.0
2.3697415770765337e-133,1.0,0.0,0.0
2.2997051296156036e-133,1.0,0.0,0.0
2.231738571977427e-133,1.0,0.0,0.0
2.1657807296730968e-133,1.0,0.0,0.0
2.101772236193073e-133,1.0,0.0,0.0
2.039655479573318e-133,1.0,0.0,0.0
1.9793745505406406e-133,1.0,0.0,0.0
1.9208751921905786e-133,1.0,0.0,0.0
1.8641047511525197e-133,1.0,0.0,0.0
1.809012130198118e-133,1.0,0.0,0.0
1.755547742250337e-133,1.0,0.0,0.0
1.7036634657517359e-133,1.0,0.0,0.0
1.6533126013518184e-133,1.0,0.0,0.0
1.6044498298744662e-133,1.0,0.0,0.0
1.5570311715276233e-133,1.0,0.0,0.0
1.5110139463185121e-133,1.0,0.0,0.0
1.4663567356387624e-133,1.0,0.0,0.0
1.4230193449848664e-133,1.0,0.0,0.0
1.380962767780414e-133,1.0,0.0,0.0
1.3401491502675411e-133,1.0,0.0,0.0
1.3005417574359927e-133,1.0,0.0,0.0
1.262104939959135e-133,1.0,0.0,0.0
1.2248041021071545e-133,1.0,0.0,0.0
1.188605670608567e-133,1.0,0.0,0.0
1.1534770644320074e-133,1.0,0.0,0.0
1.1193866654611025e-133,1.0,0.0,0.0
1.0863037900360324e-133,1.0,0.0,0.0
1.0541986613361654e-133,1.0,0.0,0.0
1.0230423825789106e-133,1.0,0.0,0.0
9.928069110106626e-134,1.0,0.0,0.0
9.634650326664313e-134,1.0,0.0,0.0
9.34990337875436e-134,1.0,0.0,0.0
9.073571974906204e-134,1.0,0.0,0.0
8.805407398206892e-134,1.0,0.0,0.0
8.545168282439088e-134,1.0,0.0,0.0
8.292620394835172e-134,1.0,0.0,0.0
8.047536425251954e-134,1.0,0.0,0.0
7.8096957815762e-134,1.0,0.0,0.0
7.578884391176838e-134,1.0,0.0,0.0
7.354894508225151e-134,1.0,0.0,0.0
7.137524526709501e-134,1.0,0.0,0.0
6.926578798976317e-134,1.0,0.0,0.0
6.721867459634006e-134,1.0,0.0,0.0
6.523206254661279e-134,1.0,0.0,0.0
6.330416375566104e-134,1.0,0.0,0.0
6.143324298445988e-134,1.0,0.0,0.0
5.961761627804761e-134,1.0,0.0,0.0
5.7855649449852595e-134,1.0,0.0,0.0
5.61457566108151e-134,1.0,0.0,0.0
5.448639874198004e-134,1.0,0.0,0.0
5.287608230927615e-134,1.0,0.0,0.0
5.131335791923443e-134,1.0,0.0,0.0
4.9796819014436245e-134,1.0,0.0,0.0
4.832510060751673e-134,1.0,0.0,0.0
4.689687805258402e-134,1.0,0.0,0.0
4.551086585294856e-134,1.0,0.0,0.0
4.416581650408931e-134,1.0,0.0,0.0
4.2860519370815514e-134,1.0,0.0,0.0
4.1593799597613274e-134,1.0,0.0,0.0
4.036451705119635e-134,1.0,0.0,0.0
3.917156529430922e-134,1.0,0.0,0.0
3.801387058985889e-134,1.0,0.0,0.0
3.6890390934479037e-134,1.0,0.0,0.0
3.580011512065667e-134,1.0,0.0,0.0
3.4742061826577105e-134,1.0,0.0,0.0
3.3715278732868115e-134,1.0,0.0,0.0
3.271884166544822e-134,1.0,0.0,0.0
3.1751853763707635e-134,1.0,0.0,0.0
3.0813444673273203e-134,1.0,0.0,0.0
2.9902769762630706e-134,1.0,0.0,0.0
2.901900936289952e-134,1.0,0.0,0.0
2.816136803007527e-134,1.0,0.0,0.0
2.732907382907658e-134,1.0,0.0,0.0
2.6521377638951377e-134,1.0,0.0,0.0
2.573755247861748e-134,1.0,0.0,0.0
2.497689285253058e-134,1.0,0.0,0.0
2.4238714115690595e-134,1.0,0.0,0.0
2.352235185741502e-134,1.0,0.0,0.0
2.282716130332442e-134,1.0,0.0,0.0
2.215251673500202e-134,1.0,0.0,0.0
2.149781092680484e-134,1.0,0.0,0.0
2.0862454599319706e-134,1.0,0.0,0.0
2.0245875888971953e-134,1.0,0.0,0.0
1.9647519833309642e-134,1.0,0.0,0.0
1.9066847871499886e-134,1.0,0.0,0.0
1.8503337359587757e-134,1.0,0.0,0.0
1.7956481100081457e-134,1.0,0.0,0.0
1.7425786885440337e-134,1.0,0.0,0.0
1.6910777055054898e-134,1.0,0.0,0.0
1.6410988065320004e-134,1.0,0.0,0.0
1.5925970072414351e-134,1.0,0.0,0.0
1.5455286527410672e-134,1.0,0.0,0.0
1.4998513783352232e-134,1.0,0.0,0.0
1.4555240713941989e-134,1.0,0.0,0.0
1.4125068343501164e-134,1.0,0.0,0.0
1.3707609487864216e-134,1.0,0.0,0.0
1.3302488405886953e-134,1.0,0.0,0.0
1.290934046125415e-134,1.0,0.0,0.0
1.2527811794282255e-134,1.0,0.0,0.0
1.215755900342179e-134,1.0,0.0,0.0
1.1798248836172776e-134,1.0,0.0,0.0
1.1449557889135006e-134,1.0,0.0,0.0
1.1111172316923146e-134,1.0,0.0,0.0
1.0782787549684707e-134,1.0,0.0,0.0
1.0464108018966631e-134,1.0,0.0,0.0
1.0154846891683728e-134,1.0,0.0,0.0
9.854725811949543e-135,1.0,0.0,0.0
9.563474650537277e-135,1.0,0.0,0.0
9.280831261745242e-135,1.0,0.0,0.0
9.006541247448047e-135,1.0,0.0,0.0
8.740357728121112e-135,1.0,0.0,0.0
8.482041120632429e-135,1.0,0.0,0.0
8.231358922601586e-135,1.0,0.0,0.0
7.988085503131922e-135,1.0,0.0,0.0
7.752001899727496e-135,1.0,0.0,0.0
7.522895621212063e-135,1.0,0.0,0.0
7.300560456472678e-135,1.0,0.0,0.0
7.084796288855773e-135,1.0,0.0,0.0
6.875408916048658e-135,1.0,0.0,0.0
6.67220987528435e-135,1.0,0.0,0.0
6.475016273712341e-135,1.0,0.0,0.0
6.283650623782709e-135,1.0,0.0,0.0
6.097940683495332e-135,1.0,0.0,0.0
5.917719301370467e-135,1.0,0.0,0.0
5.74282426600114e-135,1.0,0.0,0.0
5.573098160051929e-135,1.0,0.0,0.0
5.4083882185727366e-135,1.0,0.0,0.0
5.248546191500031e-135,1.0,0.0,0.0
5.093428210221777e-135,1.0,0.0,0.0
4.942894658085979e-135,1.0,0.0,0.0
4.796810044736272e-135,1.0,0.0,0.0
4.6550428841614523e-135,1.0,0.0,0.0
4.5174655763492004e-135,1.0,0.0,0.0
4.3839542924374515e-135,1.0,0.0,0.0
4.254388863260067e-135,1.0,0.0,0.0
4.128652671186471e-135,1.0,0.0,0.0
4.006632545157918e-135,1.0,0.0,0.0
3.888218658825897e-135,1.0,0.0,0.0
3.773304431701007e-135,1.0,0.0,0.0
3.661786433223324e-135,1.0,0.0,0.0
3.5535642896679175e-135,1.0,0.0,0.0
3.4485405938017224e-135,1.0,0.0,0.0
3.346620817210454e-135,1.0,0.0,0.0
3.2477132252166606e-135,1.0,0.0,0.0
3.151728794312316e-135,1.0,0.0,0.0
3.0585811320316596e-135,1.0,0.0,0.0
2.968186399192143e-135,1.0,0.0,0.0
2.88046323443351e-135,1.0,0.0,0.0
2.795332680987079e-135,1.0,0.0,0.0
2.7127181156093244e-135,1.0,0.0,0.0
2.632545179615785e-135,1.0,0.0,0.0
2.55474171195323e-135,1.0,0.0,0.0
2.479237684249841e-135,1.0,0.0,0.0
2.4059651377849512e-135,1.0,0.0,0.0
2.3348581223216093e-135,1.0,0.0,0.0
2.265852636746917e-135,1.0,0.0,0.0
2.198886571466707e-135,1.0,0.0,0.0
2.133899652502716e-135,1.0,0.0,0.0
2.0708333872419374e-135,1.0,0.0,0.0
2.0096310117893222e-135,1.0,0.0,0.0
1.9502374398764417e-135,1.0,0.0,0.0
1.8925992132801268e-135,1.0,0.0,0.0
1.8366644537064626e-135,1.0,0.0,0.0
1.7823828160968203e-135,1.0,0.0,0.0
1.7297054433139068e-135,1.0,0.0,0.0
1.678584922167045e-135,1.0,0.0,0.0
1.6289752407371e-135,1.0,0.0,0.0
1.5808317469626498e-135,1.0,0.0,0.0
1.5341111084501135e-135,1.0,0.0,0.0
1.4887712734716745e-135,1.0,0.0,0.0
1.4447714331158863e-135,1.0,0.0,0.0
1.4020719845568988e-135,1.0,0.0,0.0
1.3606344954092414e-135,1.0,0.0,0.0
1.3204216691360831e-135,1.0,0.0,0.0
1.2813973114798321e-135,1.0,0.0,0.0
1.2435262978848607e-135,1.0,0.0,0.0
1.2067745418830351e-135,1.0,0.0,0.0
1.1711089644135938e-135,1.0,0.0,0.0
1.1364974640497598e-135,1.0,0.0,0.0
1.1029088881052906e-135,1.0,0.0,0.0
1.0703130045949578e-135,1.0,0.0,0.0
1.0386804750237201e-135,1.0,0.0,0.0
1.0079828279800976e-135,1.0,0.0,0.0
9.781924335099802e-136,1.0,0.0,0.0
9.492824782478042e-136,1.0,0.0,0.0
9.21226941282713e-136,1.0,0.0,0.0
8.940005707379824e-136,1.0,0.0,0.0
8.67578861042626e-136,1.0,0.0,0.0
8.419380308747281e-136,1.0,0.0,0.0
8.170550017566496e-136,1.0,0.0,0.0
7.929073772828389e-136,1.0,0.0,0.0
7.694734229615573e-136,1.0,0.0,0.0
7.46732046652368e-136,1.0,0.0,0.0
7.246627795817871e-136,1.0,0.0,0.0
7.03245757920006e-136,1.0,0.0,0.0
6.824617049021034e-136,1.0,0.0,0.0
6.622919134776567e-136,1.0,0.0,0.0
6.4271822947313336e-136,1.0,0.0,0.0
6.2372303525190995e-136,1.0,0.0,0.0
6.052892338572098e-136,1.0,0.0,0.0
5.874002336236885e-136,1.0,0.0,0.0
5.700399332438151e-136,1.0,0.0,0.0
5.5319270727560855e-136,1.0,0.0,0.0
5.3684339207868545e-136,1.0,0.0,0.0
5.209772721659604e-136,1.0,0.0,0.0
5.055800669587145e-136,1.0,0.0,0.0
4.906379179331104e-136,1.0,0.0,0.0
4.7613737614658604e-136,1.0,0.0,0.0
4.6206539013289825e-136,1.0,0.0,0.0
4.4840929415492245e-136,1.0,0.0,0.0
4.3515679680463445e-136,1.0,0.0,0.0
4.222959699400138e-136,1.0,0.0,0.0
4.098152379489107e-136,1.0,0.0,0.0
3.977033673302138e-136,1.0,0.0,0.0
3.8594945658294166e-136,1.0,0.0,0.0
3.745429263941553e-136,1.0,0.0,0.0
3.63473510116863e-136,1.0,0.0,0.0
3.5273124452934514e-136,1.0,0.0,0.0
3.423064608675821e-136,1.0,0.0,0.0
3.321897761227142e-136,1.0,0.0,0.0
3.223720845957004e-136,1.0,0.0,0.0
3.1284454970157462e-136,1.0,0.0,0.0
3.0359859601592304e-136,1.0,0.0,0.0
2.9462590155642305e-136,1.0,0.0,0.0
2.8591839029249792e-136,1.0,0.0,0.0
2.7746822487634394e-136,1.0,0.0,0.0
2.692677995887886e-136,1.0,0.0,0.0
2.6130973349363e-136,1.0,0.0,0.0
2.53586863794296e-136,1.0,0.0,0.0
2.4609223938684415e-136,1.0,0.0,0.0
2.3881911460349874e-136,1.0,0.0,0.0
2.3176094314109477e-136,1.0,0.0,0.0
2.2491137216896313e-136,1.0,0.0,0.0
2.182642366109543e-136,1.0,0.0,0.0
2.1181355359645386e-136,1.0,0.0,0.0
2.0555351707539486e-136,1.0,0.0,0.0
1.9947849259242134e-136,1.0,0.0,0.0
1.9358301221549773e-136,1.0,0.0,0.0
1.8786176961440145e-136,1.0,0.0,0.0
1.8230961528466735e-136,1.0,0.0,0.0
1.7692155191268618e-136,1.0,0.0,0.0
1.7169272987778507e-136,1.0,0.0,0.0
1.6661844288724171e-136,1.0,0.0,0.0
1.6169412374030316e-136,1.0,0.0,0.0
1.5691534021739705e-136,1.0,0.0,0.0
1.5227779109083473e-136,1.0,0.0,0.0
1.4777730225341612e-136,1.0,0.0,0.0
1.4340982296145148e-136,1.0,0.0,0.0
1.391714221888188e-136,1.0,0.0,0.0
1.3505828508877485e-136,1.0,0.0,0.0
1.3106670956033577e-136,1.0,0.0,0.0
1.2719310291613626e-136,1.0,0.0,0.0
1.2343397864876853e-136,1.0,0.0,0.0
1.1978595329269029e-136,1.0,0.0,0.0
1.162457433788774e-136,1.0,0.0,0.0
1.128101624794802e-136,1.0,0.0,0.0
1.0947611833982339e-136,1.0,0.0,0.0
1.0624061009516807e-136,1.0,0.0,0.0
1.0310072556973102e-136,1.0,0.0,0.0
1.000536386555299e-136,1.0,0.0,0.0
9.709660676869533e-137,1.0,0.0,0.0
9.422696838096042e-137,1.0,0.0,0.0
9.14421406241055e-137,1.0,0.0,0.0
8.873961696520262e-137,1.0,0.0,0.0
8.611696495056662e-137,1.0,0.0,0.0
8.357182401638267e-137,1.0,0.0,0.0
8.110190336403955e-137,1.0,0.0,0.0
7.870497989825627e-137,1.0,0.0,0.0
7.637889622614633e-137,1.0,0.0,0.0
7.412155871541844e-137,1.0,0.0,0.0
7.193093560996621e-137,1.0,0.0,0.0
6.980505520115053e-137,1.0,0.0,0.0
6.774200405312874e-137,1.0,0.0,0.0
6.573992528063319e-137,1.0,0.0,0.0
6.379701687764918e-137,1.0,0.0,0.0
6.191153009548802e-137,1.0,0.0,0.0
6.008176786879505e-137,1.0,0.0,0.0
5.830608328807641e-137,1.0,0.0,0.0
5.658287811736927e-137,1.0,0.0,0.0
5.491060135572161e-137,1.0,0.0,0.0
5.328774784118673e-137,1.0,0.0,0.0
5.171285689607587e-137,1.0,0.0,0.0
5.018451101224971e-137,1.0,0.0,0.0
4.870133457526542e-137,1.0,0.0,0.0
4.726199262623078e-137,1.0,0.0,0.0
4.58651896602511e-137,1.0,0.0,0.0
4.450966846038735e-137,1.0,0.0,0.0
4.319420896607614e-137,1.0,0.0,0.0
4.19176271749928e-137,1.0,0.0,0.0
4.0678774077369393e-137,1.0,0.0,0.0
3.9476534621808403e-137,1.0,0.0,0.0
3.830982671166121e-137,1.0,0.0,0.0
3.717760023106807e-137,1.0,0.0,0.0
3.607883609978298e-137,1.0,0.0,0.0
3.501254535593266e-137,1.0,0.0,0.0
3.397776826588416e-137,1.0,0.0,0.0
3.2973573460419766e-137,1.0,0.0,0.0
3.1999057096441893e-137,1.0,0.0,0.0
3.1053342043453277e-137,1.0,0.0,0.0
3.013557709408033e-137,1.0,0.0,0.0
2.9244936197929056e-137,1.0,0.0,0.0
2.8380617718083957e-137,1.0,0.0,0.0
2.7541843709580693e-137,1.0,0.0,0.0
2.672785921920312e-137,1.0,0.0,0.0
2.593793160597443e-137,1.0,0.0,0.0
2.517134988173085e-137,1.0,0.0,0.0
2.442742407118429e-137,1.0,0.0,0.0
2.370548459089804e-137,1.0,0.0,0.0
2.300488164661645e-137,1.0,0.0,0.0
2.232498464840628e-137,1.0,0.0,0.0
2.1665181643083187e-137,1.0,0.0,0.0
2.1024878763412566e-137,1.0,0.0,0.0
2.0403499693588947e-137,1.0,0.0,0.0
1.9800485150512886e-137,1.0,0.0,0.0
1.9215292380398426e-137,1.0,0.0,0.0
1.8647394670258062e-137,1.0,0.0,0.0
1.8096280873825487e-137,1.0,0.0,0.0
1.7561454951489492e-137,1.0,0.0,0.0
1.7042435523824802e-137,1.0,0.0,0.0
1.653875543831812e-137,1.0,0.0,0.0
1.6049961348899343e-137,1.0,0.0,0.0
1.5575613307899493e-137,1.0,0.0,0.0
1.5115284370068127e-137,1.0,0.0,0.0
1.4668560208293798e-137,1.0,0.0,0.0
1.4235038740681684e-137,1.0,0.0,0.0
1.3814329768652764e-137,1.0,0.0,0.0
1.3406054625738745e-137,1.0,0.0,0.0
1.3009845836756692e-137,1.0,0.0,0.0
1.2625346787056564e-137,1.0,0.0,0.0
1.2252211401543955e-137,1.0,0.0,0.0
1.1890103833189158e-137,1.0,0.0,0.0
1.1538698160742175e-137,1.0,0.0,0.0
1.1197678095381582e-137,1.0,0.0,0.0
1.0866736696033262e-137,1.0,0.0,0.0
1.0545576093102711e-137,1.0,0.0,0.0
1.02339072203723e-137,1.0,0.0,0.0
9.931449554822176e-138,1.0,0.0,0.0
9.637930864140607e-138,1.0,0.0,0.0
9.353086961696531e-138,1.0,0.0,0.0
9.076661468753756e-138,1.0,0.0,0.0
8.808405583712798e-138,1.0,0.0,0.0
8.548077858172646e-138,1.0,0.0,0.0
8.295443979610911e-138,1.0,0.0,0.0
8.050276560486735e-138,1.0,0.0,0.0
7.812354933576665e-138,1.0,0.0,0.0
7.581464953359251e-138,1.0,0.0,0.0
7.357398803269637e-138,1.0,0.0,0.0
7.139954808650615e-138,1.0,0.0,0.0
6.928937255231823e-138,1.0,0.0,0.0
6.724156212973707e-138,1.0,0.0,0.0
6.525427365117648e-138,1.0,0.0,0.0
6.332571842288452e-138,1.0,0.0,0.0
6.145416061499838e-138,1.0,0.0,0.0
5.963791569918033e-138,1.0,0.0,0.0
5.787534893242855e-138,1.0,0.0,0.0
5.616487388569812e-138,1.0,0.0,0.0
5.450495101600774e-138,1.0,0.0,0.0
5.2894086280747236e-138,1.0,0.0,0.0
5.1330829792938305e-138,1.0,0.0,0.0
4.981377451623841e-138,1.0,0.0,0.0
4.834155499851313e-138,1.0,0.0,0.0
4.691284614283706e-138,1.0,0.0,0.0
4.552636201481714e-138,1.0,0.0,0.0
4.4180854685164944e-138,1.0,0.0,0.0
4.287511310647608e-138,1.0,0.0,0.0
4.1607962023205804e-138,1.0,0.0,0.0
4.0378260913859686e-138,1.0,0.0,0.0
3.9184902964447323e-138,1.0,0.0,0.0
3.802681407227504e-138,1.0,0.0,0.0
3.6902951879180955e-138,1.0,0.0,0.0
3.5812304833342335e-138,1.0,0.0,0.0
3.4753891278810604e-138,1.0,0.0,0.0
3.372675857195483e-138,1.0,0.0,0.0
3.272998222401809e-138,1.0,0.0,0.0
3.176266506901525e-138,1.0,0.0,0.0
3.082393645622298e-138,1.0,0.0,0.0
2.991295146653539e-138,1.0,0.0,0.0
2.9028890151979785e-138,1.0,0.0,0.0
2.817095679770814e-138,1.0,0.0,0.0
2.7338379205800066e-138,1.0,0.0,0.0
2.6530408000232548e-138,1.0,0.0,0.0
2.5746315952390946e-138,1.0,0.0,0.0
2.4985397326514172e-138,1.0,0.0,0.0
2.4246967244484867e-138,1.0,0.0,0.0
2.3530361069392884e-138,1.0,0.0,0.0
2.2834933807317202e-138,1.0,0.0,0.0
2.2160059526787858e-138,1.0,0.0,0.0
2.1505130795405415e-138,1.0,0.0,0.0
2.086955813311077e-138,1.0,0.0,0.0
2.0252769481613334e-138,1.0,0.0,0.0
1.9654209689499964e-138,1.0,0.0,0.0
1.907334001256121e-138,1.0,0.0,0.0
1.8509637628885194e-138,1.0,0.0,0.0
1.796259516828258e-138,1.0,0.0,0.0
1.743172025561916e-138,1.0,0.0,0.0
1.6916535067645022e-138,1.0,0.0,0.0
1.6416575902921363e-138,1.0,0.0,0.0
1.5931392764457913e-138,1.0,0.0,0.0
1.5460548954685245e-138,1.0,0.0,0.0
1.500362068239753e-138,1.0,0.0,0.0
1.456019668131181e-138,1.0,0.0,0.0
1.4129877839900618e-138,1.0,0.0,0.0
1.371227684216465e-138,1.0,0.0,0.0
1.3307017819022239e-138,1.0,0.0,0.0
1.2913736010001798e-138,1.0,0.0,0.0
1.253207743493279e-138,1.0,0.0,0.0
1.2161698575339682e-138,1.0,0.0,0.0
1.1802266065252133e-138,1.0,0.0,0.0
1.145345639115312e-138,1.0,0.0,0.0
1.1114955600794938e-138,1.0,0.0,0.0
1.0786459020620995e-138,1.0,0.0,0.0
1.0467670981539044e-138,1.0,0.0,0.0
1.0158304552799043e-138,1.0,0.0,0.0
9.858081283736122e-139,1.0,0.0,0.0
9.566730953146187e-139,1.0,0.0,0.0
9.283991326068597e-139,1.0,0.0,0.0
9.009607917757011e-139,1.0,0.0,0.0
8.743333764625928e-139,1.0,0.0,0.0
8.484929201966806e-139,1.0,0.0,0.0
8.23416164823364e-139,1.0,0.0,0.0
7.990805395703874e-139,1.0,0.0,0.0
7.754641407326226e-139,1.0,0.0,0.0
7.52545711957255e-139,1.0,0.0,0.0
7.303046251116322e-139,1.0,0.0,0.0
7.087208617165517e-139,1.0,0.0,0.0
6.87774994928279e-139,1.0,0.0,0.0
6.674481720530772e-139,1.0,0.0,0.0
6.477220975785104e-139,1.0,0.0,0.0
6.285790167062471e-139,1.0,0.0,0.0
6.100016993715442e-139,1.0,0.0,0.0
5.919734247350252e-139,1.0,0.0,0.0
5.744779661327969e-139,1.0,0.0,0.0
5.574995764713565e-139,1.0,0.0,0.0
5.410229740541445e-139,1.0,0.0,0.0
5.2503332882698674e-139,1.0,0.0,0.0
5.095162490300444e-139,1.0,0.0,0.0
4.944577682442594e-139,1.0,0.0,0.0
4.798443328206341e-139,1.0,0.0,0.0
4.6566278968103285e-139,1.0,0.0,0.0
4.5190037447952384e-139,1.0,0.0,0.0
4.385447001136064e-139,1.0,0.0,0.0
4.255837455749825e-139,1.0,0.0,0.0
4.130058451298381e-139,1.0,0.0,0.0
4.007996778188956e-139,1.0,0.0,0.0
3.889542572677861e-139,1.0,0.0,0.0
3.774589217985715e-139,1.0,0.0,0.0
3.663033248335143e-139,1.0,0.0,0.0
3.5547742558245936e-139,1.0,0.0,0.0
3.449714800054457e-139,1.0,0.0,0.0
3.347760320424122e-139,1.0,0.0,0.0
3.2488190510210584e-139,1.0,0.0,0.0
3.1528019380252992e-139,1.0,0.0,0.0
3.059622559554996e-139,1.0,0.0,0.0
2.9691970478808895e-139,1.0,0.0,0.0
2.8814440139396943e-139,1.0,0.0,0.0
2.7962844740784488e-139,1.0,0.0,0.0
2.7136417789638985e-139,1.0,0.0,0.0
2.63344154459292e-139,1.0,0.0,0.0
2.5556115853419004e-139,1.0,0.0,0.0
2.4800818489948046e-139,1.0,0.0,0.0
2.40678435369145e-139,1.0,0.0,0.0
2.335653126739248e-139,1.0,0.0,0.0
2.2666241452333257e-139,1.0,0.0,0.0
2.1996352784315922e-139,1.0,0.0,0.0
2.1346262318328764e-139,1.0,0.0,0.0
2.0715384929078073e-139,1.0,0.0,0.0
2.0103152784335875e-139,1.0,0.0,0.0
1.9509014833852626e-139,1.0,0.0,0.0
1.8932436313374783e-139,1.0,0.0,0.0
1.837289826332087e-139,1.0,0.0,0.0
1.782989706168287e-139,1.0,0.0,0.0
1.730294397073239e-139,1.0,0.0,0.0
1.6791564697123737e-139,1.0,0.0,0.0
1.62952989649979e-139,1.0,0.0,0.0
1.5813700101703212e-139,1.0,0.0,0.0
1.5346334635759803e-139,1.0,0.0,0.0
1.4892781906706033e-139,1.0,0.0,0.0
1.445263368647568e-139,1.0,0.0,0.0
1.4025493811965121e-139,1.0,0.0,0.0
1.3610977828459815e-139,1.0,0.0,0.0
1.3208712643599103e-139,1.0,0.0,0.0
1.2818336191567903e-139,1.0,0.0,0.0
1.2439497107213057e-139,1.0,0.0,0.0
1.2071854409790955e-139,1.0,0.0,0.0
1.1715077196061876e-139,1.0,0.0,0.0
1.136884434245472e-139,1.0,0.0,0.0
1.103284421603414e-139,1.0,0.0,0.0
1.0706774394009851e-139,1.0,0.0,0.0
1.0390341391535722e-139,1.0,0.0,0.0
1.0083260397553602e-139,1.0,0.0,0.0
9.785255018444143e-140,1.0,0.0,0.0
9.496057029253892e-140,1.0,0.0,0.0
9.215406132274733e-140,1.0,0.0,0.0
8.943049722758376e-140,1.0,0.0,0.0
8.678742661555043e-140,1.0,0.0,0.0
8.422247054471678e-140,1.0,0.0,0.0
8.173332038151133e-140,1.0,0.0,0.0
7.931773572279552e-140,1.0,0.0,0.0
7.697354237934973e-140,1.0,0.0,0.0
7.46986304189563e-140,1.0,0.0,0.0
7.249095226731803e-140,1.0,0.0,0.0
7.034852086510322e-140,1.0,0.0,0.0
6.8269407879458105e-140,1.0,0.0,0.0
6.6251741968377175e-140,1.0,0.0,0.0
6.429370709636905e-140,1.0,0.0,0.0
6.239354089990204e-140,1.0,0.0,0.0
6.054953310115789e-140,1.0,0.0,0.0
5.876002396866647e-140,1.0,0.0,0.0
5.702340282343533e-140,1.0,0.0,0.0
5.533810658922994e-140,1.0,0.0,0.0
5.370261838569964e-140,1.0,0.0,0.0
5.211546616308285e-140,1.0,0.0,0.0
5.0575221377263e-140,1.0,0.0,0.0
4.908049770398241e-140,1.0,0.0,0.0
4.762994979105686e-140,1.0,0.0,0.0
4.622227204746787e-140,1.0,0.0,0.0
4.485619746824266e-140,1.0,0.0,0.0
4.353049649406415e-140,1.0,0.0,0.0
4.224397590458459e-140,1.0,0.0,0.0
4.0995477744446735e-140,1.0,0.0,0.0
3.9783878281045856e-140,1.0,0.0,0.0
3.860808699309458e-140,1.0,0.0,0.0
3.7467045589080098e-140,1.0,0.0,0.0
3.6359727054730417e-140,1.0,0.0,0.0
3.5285134728632177e-140,1.0,0.0,0.0
3.424230140516812e-140,1.0,0.0,0.0
3.323028846396675e-140,1.0,0.0,0.0
3.2248185025080677e-140,1.0,0.0,0.0
3.1295107129133174e-140,1.0,0.0,0.0
3.0370196941695074e-140,1.0,0.0,0.0
2.947262198117589e-140,1.0,0.0,0.0
2.8601574369534226e-140,1.0,0.0,0.0
2.7756270105132958e-140,1.0,0.0,0.0
2.6935948357084923e-140,1.0,0.0,0.0
2.6139870780453717e-140,1.0,0.0,0.0
2.5367320851693435e-140,1.0,0.0,0.0
2.461760322372914e-140,1.0,0.0,0.0
2.389004310009754e-140,1.0,0.0,0.0
2.3183985627584665e-140,1.0,0.0,0.0
2.2498795306813727e-140,1.0,0.0,0.0
2.1833855420252845e-140,1.0,0.0,0.0
2.11885674771276e-140,1.0,0.0,0.0
2.0562350674738987e-140,1.0,0.0,0.0
1.995464137570175e-140,1.0,0.0,0.0
1.9364892600632721e-140,1.0,0.0,0.0
1.8792573535832448e-140,1.0,0.0,0.0
1.8237169055517043e-140,1.0,0.0,0.0
1.769817925817022e-140,1.0,0.0,0.0
1.717511901659818e-140,1.0,0.0,0.0
1.6667517541282395e-140,1.0,0.0,0.0
1.6174917956637281e-140,1.0,0.0,0.0
1.5696876889791325e-140,1.0,0.0,0.0
1.523296407152158e-140,1.0,0.0,0.0
1.4782761948982333e-140,1.0,0.0,0.0
1.434586530987935e-140,1.0,0.0,0.0
1.3921880917751475e-140,1.0,0.0,0.0
1.3510427158031269e-140,1.0,0.0,0.0
1.3111133694566151e-140,1.0,0.0,0.0
1.2723641136290858e-140,1.0,0.0,0.0
1.2347600713751238e-140,1.0,0.0,0.0
1.19826739651882e-140,1.0,0.0,0.0
1.1628532431899292e-140,1.0,0.0,0.0
1.1284857362603694e-140,1.0,0.0,0.0
1.0951339426544557e-140,1.0,0.0,0.0
1.0627678435070452e-140,1.0,0.0,0.0
1.031358307144531e-140,1.0,0.0,0.0
1.000877062864371e-140,1.0,0.0,0.0
9.712966754895468e-141,1.0,0.0,0.0
9.425905206750537e-141,1.0,0.0,0.0
9.147327609441929e-141,1.0,0.0,0.0
8.876983224330984e-141,1.0,0.0,0.0
8.614628723225678e-141,1.0,0.0,0.0
8.360027969368825e-141,1.0,0.0,0.0
8.112951804899059e-141,1.0,0.0,0.0
7.873177844593293e-141,1.0,0.0,0.0
7.640490275705014e-141,1.0,0.0,0.0
7.414679663718237e-141,1.0,0.0,0.0
7.195542763842315e-141,1.0,0.0,0.0
6.982882338077906e-141,1.0,0.0,0.0
6.776506977689461e-141,1.0,0.0,0.0
6.576230930924449e-141,1.0,0.0,0.0
6.381873935824235e-141,1.0,0.0,0.0
6.193261057976164e-141,1.0,0.0,0.0
6.010222533060768e-141,1.0,0.0,0.0
5.832593614052434e-141,1.0,0.0,0.0
5.660214422935956e-141,1.0,0.0,0.0
5.492929806805532e-141,1.0,0.0,0.0
5.330589198216679e-141,1.0,0.0,0.0
5.1730464796653695e-141,1.0,0.0,0.0
5.020159852072418e-141,1.0,0.0,0.0
4.871791707154739e-141,1.0,0.0,0.0
4.7278085035686046e-141,1.0,0.0,0.0
4.5880806467134235e-141,1.0,0.0,0.0
4.4524823720878536e-141,1.0,0.0,0.0
4.3208916320932637e-141,1.0,0.0,0.0
4.193189986182656e-141,1.0,0.0,0.0
4.069262494256182e-141,1.0,0.0,0.0
3.9489976132072966e-141,1.0,0.0,0.0
3.832287096526431e-141,1.0,0.0,0.0
3.71902589687183e-141,1.0,0.0,0.0
3.609112071519855e-141,1.0,0.0,0.0
3.502446690609654e-141,1.0,0.0,0.0
3.3989337480996074e-141,1.0,0.0,0.0
3.298480075355411e-141,1.0,0.0,0.0
3.200995257292022e-141,1.0,0.0,0.0
3.106391550993975e-141,1.0,0.0,0.0
3.014583806740839e-141,1.0,0.0,0.0
2.92548939136672e-141,1.0,0.0,0.0
2.839028113884839e-141,1.0,0.0,0.0
2.7551221533102286e-141,1.0,0.0,0.0
2.673695988615594e-141,1.0,0.0,0.0
2.5946763307572943e-141,1.0,0.0,0.0
2.5179920567102538e-141,1.0,0.0,0.0
2.4435741454524426e-141,1.0,0.0,0.0
2.3713556158412957e-141,1.0,0.0,0.0
2.3012714663261664e-141,1.0,0.0,0.0
2.2332586164425415e-141,1.0,0.0,0.0
2.1672558500353686e-141,1.0,0.0,0.0
2.1032037601603834e-141,1.0,0.0,0.0
2.0410446956138503e-141,1.0,0.0,0.0
1.980722709042589e-141,1.0,0.0,0.0
1.9221835065875812e-141,1.0,0.0,0.0
1.8653743990158317e-141,1.0,0.0,0.0
1.8102442542965044e-141,1.0,0.0,0.0
1.756743451578642e-141,1.0,0.0,0.0
1.7048238365290524e-141,1.0,0.0,0.0
1.654438677990159e-141,1.0,0.0,0.0
1.6055426259188042e-141,1.0,0.0,0.0
1.5580916705681505e-141,1.0,0.0,0.0
1.512043102875938e-141,1.0,0.0,0.0
1.4673554760234458e-141,1.0,0.0,0.0
1.4239885681305583e-141,1.0,0.0,0.0
1.381903346053358e-141,1.0,0.0,0.0
1.341061930251662e-141,1.0,0.0,0.0
1.3014275606948792e-141,1.0,0.0,0.0
1.2629645637755027e-141,1.0,0.0,0.0
1.2256383202004535e-141,1.0,0.0,0.0
1.1894152338313826e-141,1.0,0.0,0.0
1.154262701445877e-141,1.0,0.0,0.0
1.120149083392361e-141,1.0,0.0,0.0
1.0870436751122731e-141,1.0,0.0,0.0
1.0549166795038915e-141,1.0,0.0,0.0
1.0237391801029316e-141,1.0,0.0,0.0
9.93483115055777e-142,1.0,0.0,0.0
9.641212518619161e-142,1.0,0.0,0.0
9.356271628628553e-142,1.0,0.0,0.0
9.079752014554418e-142,1.0,0.0,0.0
8.8114047900819e-142,1.0,0.0,0.0
8.550988424598337e-142,1.0,0.0,0.0
8.298268525799404e-142,1.0,0.0,0.0
8.053017628720228e-142,1.0,0.0,0.0
7.81501499100156e-142,1.0,0.0,0.0
7.584046394206761e-142,1.0,0.0,0.0
7.359903951010743e-142,1.0,0.0,0.0
7.142385918087355e-142,1.0,0.0,0.0
6.931296514526767e-142,1.0,0.0,0.0
6.726445745619443e-142,1.0,0.0,0.0
6.527649231848077e-142,1.0,0.0,0.0
6.334728042933584e-142,1.0,0.0,0.0
6.147508536785775e-142,1.0,0.0,0.0
5.965822203213753e-142,1.0,0.0,0.0
5.789505512255371e-142,1.0,0.0,0.0
5.618399766989231e-142,1.0,0.0,0.0
5.4523509606967396e-142,1.0,0.0,0.0
5.291209638245673e-142,1.0,0.0,0.0
5.1348307615704665e-142,1.0,0.0,0.0
4.983073579128171e-142,1.0,0.0,0.0
4.83580149921256e-142,1.0,0.0,0.0
4.692881967012383e-142,1.0,0.0,0.0
4.554186345303081e-142,1.0,0.0,0.0
4.419589798664611e-142,1.0,0.0,0.0
4.2889711811211335e-142,1.0,0.0,0.0
4.162212927101467e-142,1.0,0.0,0.0
4.039200945622132e-142,1.0,0.0,0.0
3.919824517597775e-142,1.0,0.0,0.0
3.803976196186509e-142,1.0,0.0,0.0
3.691551710080511e-142,1.0,0.0,0.0
3.5824498696548075e-142,1.0,0.0,0.0
3.4765724758897775e-142,1.0,0.0,0.0
3.373824231985414e-142,1.0,0.0,0.0
3.2741126575877688e-142,1.0,0.0,0.0
3.177348005550393e-142,1.0,0.0,0.0
3.0834431811558492e-142,1.0,0.0,0.0
2.9923136637245864e-142,1.0,0.0,0.0
2.903877430540624e-142,1.0,0.0,0.0
2.8180548830255744e-142,1.0,0.0,0.0
2.7347687750945474e-142,1.0,0.0,0.0
2.653944143629462e-142,1.0,0.0,0.0
2.5755082410071798e-142,1.0,0.0,0.0
2.4993904696217365e-142,1.0,0.0,0.0
2.425522318341729e-142,1.0,0.0,0.0
2.353837300845677e-142,1.0,0.0,0.0
2.2842708957798422e-142,1.0,0.0,0.0
2.2167604886846595e-142,1.0,0.0,0.0
2.1512453156374953e-142,1.0,0.0,0.0
2.0876664085610166e-142,1.0,0.0,0.0
2.0259665421479413e-142,1.0,0.0,0.0
1.966090182354401e-142,1.0,0.0,0.0
1.9079834364155514e-142,1.0,0.0,0.0
1.851594004338449e-142,1.0,0.0,0.0
1.796871131828526e-142,1.0,0.0,0.0
1.7437655646073004e-142,1.0,0.0,0.0
1.6922295040802016e-142,1.0,0.0,0.0
1.642216564314609e-142,1.0,0.0,0.0
1.593681730289382e-142,1.0,0.0,0.0
1.546581317378303e-142,1.0,0.0,0.0
1.5008729320309652e-142,1.0,0.0,0.0
1.4565154336157174e-142,1.0,0.0,0.0
1.4134688973903176e-142,1.0,0.0,0.0
1.3716945785669708e-142,1.0,0.0,0.0
1.3311548774394054e-142,1.0,0.0,0.0
1.2918133055405996e-142,1.0,0.0,0.0
1.2536344528006989e-142,1.0,0.0,0.0
1.2165839556755635e-142,1.0,0.0,0.0
1.1806284662172586e-142,1.0,0.0,0.0
1.1457356220586514e-142,1.0,0.0,0.0
1.1118740172850961e-142,1.0,0.0,0.0
1.0790131741669918e-142,1.0,0.0,0.0
1.047123515727768e-142,1.0,0.0,0.0
1.0161763391226104e-142,1.0,0.0,0.0
9.861437898039627e-143,1.0,0.0,0.0
9.569988364505543e-143,1.0,0.0,0.0
9.287152466373872e-143,1.0,0.0,0.0
9.012675632247822e-143,1.0,0.0,0.0
8.746310814452355e-143,1.0,0.0,0.0
8.487818266674612e-143,1.0,0.0,0.0
8.236965328176045e-143,1.0,0.0,0.0
7.993526214382046e-143,1.0,0.0,0.0
7.757281813660602e-143,1.0,0.0,0.0
7.5280194901070305e-143,1.0,0.0,0.0
7.30553289215732e-143,1.0,0.0,0.0
7.0896217668577915e-143,1.0,0.0,0.0
6.880091779623928e-143,1.0,0.0,0.0
6.67675433932613e-143,1.0,0.0,0.0
6.479426428544975e-143,1.0,0.0,0.0
6.287930438843184e-143,1.0,0.0,0.0
6.102094010906046e-143,1.0,0.0,0.0
5.921749879406396e-143,1.0,0.0,0.0
5.746735722454539e-143,1.0,0.0,0.0
5.576894015497586e-143,1.0,0.0,0.0
5.412071889536736e-143,1.0,0.0,0.0
5.2521209935348485e-143,1.0,0.0,0.0
5.096897360890506e-143,1.0,0.0,0.0
4.946261279858354e-143,1.0,0.0,0.0
4.800077167799099e-143,1.0,0.0,0.0
4.658213449145985e-143,1.0,0.0,0.0
4.520542436977904e-143,1.0,0.0,0.0
4.386940218092547e-143,1.0,0.0,0.0
4.257286541476163e-143,1.0,0.0,0.0
4.131464710069527e-143,1.0,0.0,0.0
4.0093614757327104e-143,1.0,0.0,0.0
3.890866937314118e-143,1.0,0.0,0.0
3.775874441732027e-143,1.0,0.0,0.0
3.6642804879796204e-143,1.0,0.0,0.0
3.555984633967093e-143,1.0,0.0,0.0
3.4508894061169945e-143,1.0,0.0,0.0
3.348900211631427e-143,1.0,0.0,0.0
3.249925253352148e-143,1.0,0.0,0.0
3.153875447136929e-143,1.0,0.0,0.0
3.060664341677817e-143,1.0,0.0,0.0
2.9702080406891214e-143,1.0,0.0,0.0
2.8824251273950962e-143,1.0,0.0,0.0
2.7972365912493457e-143,1.0,0.0,0.0
2.714565756820002e-143,1.0,0.0,0.0
2.6343382147766594e-143,1.0,0.0,0.0
2.5564817549169575e-143,1.0,0.0,0.0
2.480926301172523e-143,1.0,0.0,0.0
2.4076038485357825e-143,1.0,0.0,0.0
2.3364484018508615e-143,1.0,0.0,0.0
2.267395916413494e-143,1.0,0.0,0.0
2.2003842403264634e-143,1.0,0.0,0.0
2.135353058558703e-143,1.0,0.0,0.0
2.0722438386576957e-143,1.0,0.0,0.0
2.0109997780663163e-143,1.0,0.0,0.0
1.951565752996698e-143,1.0,0.0,0.0
1.8938882688151013e-143,1.0,0.0,0.0
1.8379154118931342e-143,1.0,0.0,0.0
1.7835968028819837e-143,1.0,0.0,0.0
1.7308835513676003e-143,1.0,0.0,0.0
1.6797282118660263e-143,1.0,0.0,0.0
1.630084741119259e-143,1.0,0.0,0.0
1.58190845665321e-143,1.0,0.0,0.0
1.5351559965604632e-143,1.0,0.0,0.0
1.4897852804716317e-143,1.0,0.0,0.0
1.4457554716801863e-143,1.0,0.0,0.0
1.403026940386661e-143,1.0,0.0,0.0
1.3615612280291628e-143,1.0,0.0,0.0
1.3213210126680664e-143,1.0,0.0,0.0
1.2822700753937523e-143,1.0,0.0,0.0
1.2443732677271428e-143,1.0,0.0,0.0
1.2075964799836986e-143,1.0,0.0,0.0
1.1719066105724015e-143,1.0,0.0,0.0
1.1372715362020875e-143,1.0,0.0,0.0
1.1036600829683173e-143,1.0,0.0,0.0
1.0710419982947582e-143,1.0,0.0,0.0
1.0393879237038233e-143,1.0,0.0,0.0
1.0086693683920609e-143,1.0,0.0,0.0
9.78858683586509e-144,1.0,0.0,0.0
9.499290376589322e-144,1.0,0.0,0.0
9.218543919755463e-144,1.0,0.0,0.0
8.946094774604907e-144,1.0,0.0,0.0
8.681697718519544e-144,1.0,0.0,0.0
8.425114776304856e-144,1.0,0.0,0.0
8.176115005996178e-144,1.0,0.0,0.0
7.934474290995346e-144,1.0,0.0,0.0
7.699975138350631e-144,1.0,0.0,0.0
7.472406482998409e-144,1.0,0.0,0.0
7.251563497790351e-144,1.0,0.0,0.0
7.037247409135175e-144,1.0,0.0,0.0
6.829265318088988e-144,1.0,0.0,0.0
6.627430026733232e-144,1.0,0.0,0.0
6.431559869683907e-144,1.0,0.0,0.0
6.24147855058048e-144,1.0,0.0,0.0
6.05701498340725e-144,1.0,0.0,0.0
5.878003138504395e-144,1.0,0.0,0.0
5.704281893130073e-144,1.0,0.0,0.0
5.535694886439074e-144,1.0,0.0,0.0
5.372090378747514e-144,1.0,0.0,0.0
5.21332111495687e-144,1.0,0.0,0.0
5.0592441920144657e-144,1.0,0.0,0.0
4.9097209302910655e-144,1.0,0.0,0.0
4.7646167487598595e-144,1.0,0.0,0.0
4.6238010438644513e-144,1.0,0.0,0.0
4.4871470719668444e-144,1.0,0.0,0.0
4.3545318352696137e-144,1.0,0.0,0.0
4.2258359711095875e-144,1.0,0.0,0.0
4.100943644523393e-144,1.0,0.0,0.0
3.979742443988175e-144,1.0,0.0,0.0
3.8621232802436333e-144,1.0,0.0,0.0
3.747980288104334e-144,1.0,0.0,0.0
3.6372107311738895e-144,1.0,0.0,0.0
3.529714909375273e-144,1.0,0.0,0.0
3.4253960692140194e-144,1.0,0.0,0.0
3.324160316693551e-144,1.0,0.0,0.0
3.225916532804242e-144,1.0,0.0,0.0
3.1305762915101624e-144,1.0,0.0,0.0
3.038053780159675e-144,1.0,0.0,0.0
2.9482657222482605e-144,1.0,0.0,0.0
2.861131302464043e-144,1.0,0.0,0.0
2.7765720939485505e-144,1.0,0.0,0.0
2.6945119877072565e-144,1.0,0.0,0.0
2.614877124106342e-144,1.0,0.0,0.0
2.5375958263940441e-144,1.0,0.0,0.0
2.4625985361867405e-144,1.0,0.0,0.0
2.38981775086171e-144,1.0,0.0,0.0
2.3191879628002165e-144,1.0,0.0,0.0
2.2506456004262313e-144,1.0,0.0,0.0
2.1841289709877234e-144,1.0,0.0,0.0
2.1195782050290195e-144,1.0,0.0,0.0
2.0569352025042537e-144,1.0,0.0,0.0
1.9961435804834048e-144,1.0,0.0,0.0
1.937148622403854e-144,1.0,0.0,0.0
1.879897228821785e-144,1.0,0.0,0.0
1.8243378696191032e-144,1.0,0.0,0.0
1.7704205376228484e-144,1.0,0.0,0.0
1.718096703595367e-144,1.0,0.0,0.0
1.6673192725547215e-144,1.0,0.0,0.0
1.6180425413860285e-144,1.0,0.0,0.0
1.5702221577055708e-144,1.0,0.0,0.0
1.5238150799406594e-144,1.0,0.0,0.0
1.478779538589312e-144,1.0,0.0,0.0
1.4350749986248836e-144,1.0,0.0,0.0
1.392662123011806e-144,1.0,0.0,0.0
1.3515027372996e-144,1.0,0.0,0.0
1.3115597952632965e-144,1.0,0.0,0.0
1.2727973455593304e-144,1.0,0.0,0.0
1.2351804993669076e-144,1.0,0.0,0.0
1.1986753989857101e-144,1.0,0.0,0.0
1.1632491873616815e-144,1.0,0.0,0.0
1.1288699785134608e-144,1.0,0.0,0.0
1.0955068288328465e-144,1.0,0.0,0.0
1.0631297092334615e-144,1.0,0.0,0.0
1.0317094781225489e-144,1.0,0.0,0.0
1.0012178551715708e-144,1.0,0.0,0.0
9.716273958620052e-145,1.0,0.0,0.0
9.429114667834261e-145,1.0,0.0,0.0
9.150442216616375e-145,1.0,0.0,0.0
8.88000578095281e-145,1.0,0.0,0.0
8.617561949799835e-145,1.0,0.0,0.0
8.362874505997192e-145,1.0,0.0,0.0
8.115714213656713e-145,1.0,0.0,0.0
7.87585861183455e-145,1.0,0.0,0.0
7.643091814301313e-145,1.0,0.0,0.0
7.417204315229894e-145,1.0,0.0,0.0
7.197992800626078e-145,1.0,0.0,0.0
6.985259965332232e-145,1.0,0.0,0.0
6.778814335439343e-145,1.0,0.0,0.0
6.578470095947585e-145,1.0,0.0,0.0
6.384046923520268e-145,1.0,0.0,0.0
6.195369824180672e-145,1.0,0.0,0.0
6.012268975805656e-145,1.0,0.0,0.0
5.834579575274286e-145,1.0,0.0,0.0
5.6621416901339025e-145,1.0,0.0,0.0
5.494800114650122e-145,1.0,0.0,0.0
5.332404230111199e-145,1.0,0.0,0.0
5.1748078692610206e-145,1.0,0.0,0.0
5.0218691847387114e-145,1.0,0.0,0.0
4.8734505214064355e-145,1.0,0.0,0.0
4.729418292450484e-145,1.0,0.0,0.0
4.589642859144124e-145,1.0,0.0,0.0
4.4539984141639955e-145,1.0,0.0,0.0
4.3223628683550325e-145,1.0,0.0,0.0
4.19461774084198e-145,1.0,0.0,0.0
4.070648052388614e-145,1.0,0.0,0.0
3.950342221908667e-145,1.0,0.0,0.0
3.8335919660353174e-145,1.0,0.0,0.0
3.720292201658855e-145,1.0,0.0,0.0
3.610340951344791e-145,1.0,0.0,0.0
3.503639251547278e-145,1.0,0.0,0.0
3.400091063535249e-145,1.0,0.0,0.0
3.29960318695107e-145,1.0,0.0,0.0
3.2020851759239318e-145,1.0,0.0,0.0
3.1074492576624627e-145,1.0,0.0,0.0
3.01561025345329e-145,1.0,0.0,0.0
2.9264855019944505e-145,1.0,0.0,0.0
2.839994784994641e-145,1.0,0.0,0.0
2.7560602549713413e-145,1.0,0.0,0.0
2.6746063651828244e-145,1.0,0.0,0.0
2.5955598016309934e-145,1.0,0.0,0.0
2.5188494170738335e-145,1.0,0.0,0.0
2.4444061669880927e-145,1.0,0.0,0.0
2.3721630474245514e-145,1.0,0.0,0.0
2.3020550346999455e-145,1.0,0.0,0.0
2.2340190268712633e-145,1.0,0.0,0.0
2.1679937869397388e-145,1.0,0.0,0.0
2.103919887733419e-145,1.0,0.0,0.0
2.0417396584186975e-145,1.0,0.0,0.0
1.9813971325926756e-145,1.0,0.0,0.0
1.9228379979096186e-145,1.0,0.0,0.0
1.866009547196181e-145,1.0,0.0,0.0
1.810860631011394e-145,1.0,0.0,0.0
1.7573416116087137e-145,1.0,0.0,0.0
1.7054043182587033e-145,1.0,0.0,0.0
1.655002003892122e-145,1.0,0.0,0.0
1.60608930302441e-145,1.0,0.0,0.0
1.5586221909236892e-145,1.0,0.0,0.0
1.512557943985534e-145,1.0,0.0,0.0
1.467855101278844e-145,1.0,0.0,0.0
1.424473427228208e-145,1.0,0.0,0.0
1.38237387539917e-145,1.0,0.0,0.0
1.3415185533538038e-145,1.0,0.0,0.0
1.3018706885449598e-145,1.0,0.0,0.0
1.2633945952184935e-145,1.0,0.0,0.0
1.2260556422936761e-145,1.0,0.0,0.0
1.1898202221928856e-145,1.0,0.0,0.0
1.1546557205925185e-145,1.0,0.0,0.0
1.1205304870678974e-145,1.0,0.0,0.0
1.0874138066057531e-145,1.0,0.0,0.0
1.0552758719586393e-145,1.0,0.0,0.0
1.0240877568163983e-145,1.0,0.0,0.0
9.9382138977053e-146,1.0,0.0,0.0
9.644495290480287e-146,1.0,0.0,0.0
9.359457379919503e-146,1.0,0.0,0.0
9.082843612666358e-146,1.0,0.0,0.0
8.814405017661783e-146,1.0,0.0,0.0
8.553899982053466e-146,1.0,0.0,0.0
8.301094033727992e-146,1.0,0.0,0.0
8.0557596302701e-146,1.0,0.0,0.0
7.81767595415917e-146,1.0,0.0,0.0
7.586628714018536e-146,1.0,0.0,0.0
7.3624099517387955e-146,1.0,0.0,0.0
7.144817855301468e-146,1.0,0.0,0.0
6.933656577134563e-146,1.0,0.0,0.0
6.728736057836549e-146,1.0,0.0,0.0
6.529871855110061e-146,1.0,0.0,0.0
6.3368849777513845e-146,1.0,0.0,0.0
6.1496017245462985e-146,1.0,0.0,0.0
5.967853527927253e-146,1.0,0.0,0.0
5.791476802251184e-146,1.0,0.0,0.0
5.620312796561393e-146,1.0,0.0,0.0
5.454207451700976e-146,1.0,0.0,0.0
5.293011261649181e-146,1.0,0.0,0.0
5.136579138955901e-146,1.0,0.0,0.0
4.984770284153175e-146,1.0,0.0,0.0
4.837448059026167e-146,1.0,0.0,0.0
4.69447986362955e-146,1.0,0.0,0.0
4.555737016938606e-146,1.0,0.0,0.0
4.421094641027618e-146,1.0,0.0,0.0
4.290431548671311e-146,1.0,0.0,0.0
4.16363013426817e-146,1.0,0.0,0.0
4.0405762679874585e-146,1.0,0.0,0.0
3.9211591930446717e-146,1.0,0.0,0.0
3.8052714260129556e-146,1.0,0.0,0.0
3.692808660080766e-146,1.0,0.0,0.0
3.5836696711687016e-146,1.0,0.0,0.0
3.4777562268209973e-146,1.0,0.0,0.0
3.374972997789689e-146,1.0,0.0,0.0
3.2752274722318523e-146,1.0,0.0,0.0
3.1784298724427033e-146,1.0,0.0,0.0
3.0844930740496035e-146,1.0,0.0,0.0
2.9933325275942455e-146,1.0,0.0,0.0
2.9048661824324343e-146,1.0,0.0,0.0
2.8190144128829683e-146,1.0,0.0,0.0
2.735699946559155e-146,1.0,0.0,0.0
2.6548477948184455e-146,1.0,0.0,0.0
2.5763851852675973e-146,1.0,0.0,0.0
2.500241496262606e-146,1.0,0.0,0.0
2.426348193344463e-146,1.0,0.0,0.0
2.3546387675535155e-146,1.0,0.0,0.0
2.285048675566914e-146,1.0,0.0,0.0
2.2175152816052642e-146,1.0,0.0,0.0
2.151977801056202e-146,1.0,0.0,0.0
2.0883772457641377e-146,1.0,0.0,0.0
2.0266563709369332e-146,1.0,0.0,0.0
1.9667596236217302e-146,1.0,0.0,0.0
1.9086330927035392e-146,1.0,0.0,0.0
1.8522244603815995e-146,1.0,0.0,0.0
1.797482955079827e-146,1.0,0.0,0.0
1.74435930574897e-146,1.0,0.0,0.0
1.6928056975193384e-146,1.0,0.0,0.0
1.6427757286641955e-146,1.0,0.0,0.0
1.5942243688350704e-146,1.0,0.0,0.0
1.5471079185314069e-146,1.0,0.0,0.0
1.5013839697680626e-146,1.0,0.0,0.0
1.4570113679052615e-146,1.0,0.0,0.0
1.4139501746066391e-146,1.0,0.0,0.0
1.3721616318920457e-146,1.0,0.0,0.0
1.3316081272527473e-146,1.0,0.0,0.0
1.2922531597976302e-146,1.0,0.0,0.0
1.2540613073999351e-146,1.0,0.0,0.0
1.216998194814953e-146,1.0,0.0,0.0
1.1810304627399834e-146,1.0,0.0,0.0
1.1461257377887127e-146,1.0,0.0,0.0
1.1122526033529798e-146,1.0,0.0,0.0
1.0793805713257095e-146,1.0,0.0,0.0
1.0474800546595583e-146,1.0,0.0,0.0
1.016522340736574e-146,1.0,0.0,0.0
9.86479565524904e-147,1.0,0.0,0.0
9.573246884992835e-147,1.0,0.0,0.0
9.290314683027397e-147,1.0,0.0,0.0
9.015744391275985e-147,1.0,0.0,0.0
8.749288877945392e-147,1.0,0.0,0.0
8.490708315090655e-147,1.0,0.0,0.0
8.239769962753713e-147,1.0,0.0,0.0
7.996247959481744e-147,1.0,0.0,0.0
7.759923119036611e-147,1.0,0.0,0.0
7.53058273311245e-147,1.0,0.0,0.0
7.308020379883845e-147,1.0,0.0,0.0
7.092035738212255e-147,1.0,0.0,0.0
6.882434407343467e-147,1.0,0.0,0.0
6.679027731933795e-147,1.0,0.0,0.0
6.481632632247543e-147,1.0,0.0,0.0
6.290071439372885e-147,1.0,0.0,0.0
6.104171735307851e-147,1.0,0.0,0.0
5.92376619777249e-147,1.0,0.0,0.0
5.748692449607532e-147,1.0,0.0,0.0
5.578792912623977e-147,1.0,0.0,0.0
5.413914665772091e-147,1.0,0.0,0.0
5.25390930750215e-147,1.0,0.0,0.0
5.098632822193018e-147,1.0,0.0,0.0
4.947945450528371e-147,1.0,0.0,0.0
4.8017115637038894e-147,1.0,0.0,0.0
4.6597995413521684e-147,1.0,0.0,0.0
4.5220816530755105e-147,1.0,0.0,0.0
4.388433943479946e-147,1.0,0.0,0.0
4.258736120607014e-147,1.0,0.0,0.0
4.1328714476628776e-147,1.0,0.0,0.0
4.010726637947337e-147,1.0,0.0,0.0
3.892191752888146e-147,1.0,0.0,0.0
3.777160103088885e-147,1.0,0.0,0.0
3.665528152301298e-147,1.0,0.0,0.0
3.557195424235685e-147,1.0,0.0,0.0
3.452064412125457e-147,1.0,0.0,0.0
3.3500404909644686e-147,1.0,0.0,0.0
3.251031832338126e-147,1.0,0.0,0.0
3.154949321771613e-147,1.0,0.0,0.0
3.061706478520854e-147,1.0,0.0,0.0
2.971219377734003e-147,1.0,0.0,0.0
2.8834065749134176e-147,1.0,0.0,0.0
2.798189032610111e-147,1.0,0.0,0.0
2.7154900492847153e-147,1.0,0.0,0.0
2.6352351902709196e-147,1.0,0.0,0.0
2.5573522207792454e-147,1.0,0.0,0.0
2.4817710408808624e-147,1.0,0.0,0.0
2.4084236224129216e-147,1.0,0.0,0.0
2.337243947748616e-147,1.0,0.0,0.0
2.2681679503768628e-147,1.0,0.0,0.0
2.201133457238118e-147,1.0,0.0,0.0
2.1360801327644283e-147,1.0,0.0,0.0
2.0729494245733466e-147,1.0,0.0,0.0
2.0116845107668363e-147,1.0,0.0,0.0
1.9522302487877303e-147,1.0,0.0,0.0
1.894533125787704e-147,1.0,0.0,0.0
1.8385412104621044e-147,1.0,0.0,0.0
1.7842041063082677e-147,1.0,0.0,0.0
1.7314729062652687e-147,1.0,0.0,0.0
1.6803001486942624e-147,1.0,0.0,0.0
1.6306397746598078e-147,1.0,0.0,0.0
1.582447086473717e-147,1.0,0.0,0.0
1.5356787074641188e-147,1.0,0.0,0.0
1.4902925429335268e-147,1.0,0.0,0.0
1.446247742270771e-147,1.0,0.0,0.0
1.4035046621826908e-147,1.0,0.0,0.0
1.3620248310124948e-147,1.0,0.0,0.0
1.321770914112674e-147,1.0,0.0,0.0
1.2827066802412995e-147,1.0,0.0,0.0
1.2447969689514584e-147,1.0,0.0,0.0
1.2080076589444802e-147,1.0,0.0,0.0
1.1723056373584641e-147,1.0,0.0,0.0
1.1376587699644685e-147,1.0,0.0,0.0
1.1040358722435372e-147,1.0,0.0,0.0
1.0714066813185262e-147,1.0,0.0,0.0
1.0397418287154732e-147,1.0,0.0,0.0
1.0090128139299885e-147,1.0,0.0,0.0
9.79191978774877e-148,1.0,0.0,0.0
9.502524824859043e-148,1.0,0.0,0.0
9.22168277563296e-148,1.0,0.0,0.0
8.949140863272309e-148,1.0,0.0,0.0
8.684653781662231e-148,1.0,0.0,0.0
8.427983474579161e-148,1.0,0.0,0.0
8.178898921424155e-148,1.0,0.0,0.0
7.937175929288763e-148,1.0,0.0,0.0
7.702596931166286e-148,1.0,0.0,0.0
7.474950790126778e-148,1.0,0.0,0.0
7.254032609279567e-148,1.0,0.0,0.0
7.039643547352214e-148,1.0,0.0,0.0
6.831590639719962e-148,1.0,0.0,0.0
6.629686624724544e-148,1.0,0.0,0.0
6.433749775126045e-148,1.0,0.0,0.0
6.243603734536137e-148,1.0,0.0,0.0
6.059077358685415e-148,1.0,0.0,0.0
5.880004561382008e-148,1.0,0.0,0.0
5.7062241650227976e-148,1.0,0.0,0.0
5.5375797555226964e-148,1.0,0.0,0.0
5.3739195415314175e-148,1.0,0.0,0.0
5.215096217811012e-148,1.0,0.0,0.0
5.0609668326512145e-148,1.0,0.0,0.0
4.911392659203254e-148,1.0,0.0,0.0
4.766239070616334e-148,1.0,0.0,0.0
4.6253754188643725e-148,1.0,0.0,0.0
4.488674917153966e-148,1.0,0.0,0.0
4.3560145258077176e-148,1.0,0.0,0.0
4.2272748415202234e-148,1.0,0.0,0.0
4.10233998988704e-148,1.0,0.0,0.0
3.981097521109898e-148,1.0,0.0,0.0
3.863438308784297e-148,1.0,0.0,0.0
3.749256451678374e-148,1.0,0.0,0.0
3.6384491784146506e-148,1.0,0.0,0.0
3.530916754968855e-148,1.0,0.0,0.0
3.4265623949025686e-148,1.0,0.0,0.0
3.325292172248901e-148,1.0,0.0,0.0
3.2270149369727816e-148,1.0,0.0,0.0
3.131642232929774e-148,1.0,0.0,0.0
3.0390882182495764e-148,1.0,0.0,0.0
2.949269588072547e-148,1.0,0.0,0.0
2.8621054995697053e-148,1.0,0.0,0.0
2.777517499178733e-148,1.0,0.0,0.0
2.695429451990471e-148,1.0,0.0,0.0
2.6157674732223625e-148,1.0,0.0,0.0
2.5384598617171644e-148,1.0,0.0,0.0
2.463437035407065e-148,1.0,0.0,0.0
2.3906314686851267e-148,1.0,0.0,0.0
2.319977631627684e-148,1.0,0.0,0.0
2.2514119310129888e-148,1.0,0.0,0.0
2.184872653083018e-148,1.0,0.0,0.0
2.120299907996928e-148,1.0,0.0,0.0
2.057635575926155e-148,1.0,0.0,0.0
1.996823254742646e-148,1.0,0.0,0.0
1.9378082092531392e-148,1.0,0.0,0.0
1.8805373219337947e-148,1.0,0.0,0.0
1.824959045120837e-148,1.0,0.0,0.0
1.7710233546141807e-148,1.0,0.0,0.0
1.718681704652274e-148,1.0,0.0,0.0
1.667886984217636e-148,1.0,0.0,0.0
1.6185934746337615e-148,1.0,0.0,0.0
1.5707568084152277e-148,1.0,0.0,0.0
1.5243339293339623e-148,1.0,0.0,0.0
1.4792830536657317e-148,1.0,0.0,0.0
1.435563632581971e-148,1.0,0.0,0.0
1.3931363156530997e-148,1.0,0.0,0.0
1.3519629154304809e-148,1.0,0.0,0.0
1.3120063730751389e-148,1.0,0.0,0.0
1.2732307250023048e-148,1.0,0.0,0.0
1.2356010705117612e-148,1.0,0.0,0.0
1.1990835403748574e-148,1.0,0.0,0.0
1.1636452663499182e-148,1.0,0.0,0.0
1.1292543515986073e-148,1.0,0.0,0.0
1.0958798419766206e-148,1.0,0.0,0.0
1.0634916981728673e-148,1.0,0.0,0.0
1.0320607686720622e-148,1.0,0.0,0.0
1.0015587635163947e-148,1.0,0.0,0.0
9.719582288426577e-149,1.0,0.0,0.0
9.432325221719177e-149,1.0,0.0,0.0
9.153557884294853e-149,1.0,0.0,0.0
8.883029366736039e-149,1.0,0.0,0.0
8.62049617511908e-149,1.0,0.0,0.0
8.365722011853268e-149,1.0,0.0,0.0
8.118477562997069e-149,1.0,0.0,0.0
7.87854029186009e-149,1.0,0.0,0.0
7.645694238705046e-149,1.0,0.0,0.0
7.419729826369418e-149,1.0,0.0,0.0
7.200443671631864e-149,1.0,0.0,0.0
6.987638402153595e-149,1.0,0.0,0.0
6.781122478829942e-149,1.0,0.0,0.0
6.580710023392246e-149,1.0,0.0,0.0
6.386220651104863e-149,1.0,0.0,0.0
6.197479308406731e-149,1.0,0.0,0.0
6.0143161153513505e-149,1.0,0.0,0.0
5.836566212703368e-149,1.0,0.0,0.0
5.664069613554135e-149,1.0,0.0,0.0
5.496671059322699e-149,1.0,0.0,0.0
5.334219880012594e-149,1.0,0.0,0.0
5.1765698585986835e-149,1.0,0.0,0.0
5.023579099421962e-149,1.0,0.0,0.0
4.87510990047389e-149,1.0,0.0,0.0
4.731028629455293e-149,1.0,0.0,0.0
4.591205603498273e-149,1.0,0.0,0.0
4.455514972442872e-149,1.0,0.0,0.0
4.32383460556344e-149,1.0,0.0,0.0
4.196045981642734e-149,1.0,0.0,0.0
4.072034082294825e-149,1.0,0.0,0.0
3.951687288440793e-149,1.0,0.0,0.0
3.8348972798440155e-149,1.0,0.0,0.0
3.7215589376146493e-149,1.0,0.0,0.0
3.6115702495955313e-149,1.0,0.0,0.0
3.5048322185443557e-149,1.0,0.0,0.0
3.401248773029474e-149,1.0,0.0,0.0
3.3007266809591206e-149,1.0,0.0,0.0
3.2031754656662396e-149,1.0,0.0,0.0
3.108507324473379e-149,1.0,0.0,0.0
3.0166370496643525e-149,1.0,0.0,0.0
2.9274819517915477e-149,1.0,0.0,0.0
2.8409617852498403e-149,1.0,0.0,0.0
2.756998676050134e-149,1.0,0.0,0.0
2.6755170517275157e-149,1.0,0.0,0.0
2.5964435733209355e-149,1.0,0.0,0.0
2.5197070693631927e-149,1.0,0.0,0.0
2.4452384718218116e-149,1.0,0.0,0.0
2.3729707539331527e-149,1.0,0.0,0.0
2.302838869873798e-149,1.0,0.0,0.0
2.2347796962149248e-149,1.0,0.0,0.0
2.1687319751069554e-149,1.0,0.0,0.0
2.104636259143361e-149,1.0,0.0,0.0
2.0424348578539825e-149,1.0,0.0,0.0
1.9820717857797136e-149,1.0,0.0,0.0
1.9234927120818099e-149,1.0,0.0,0.0
1.8666449116404668e-149,1.0,0.0,0.0
1.8114772175986543e-149,1.0,0.0,0.0
1.757939975308491e-149,1.0,0.0,0.0
1.7059849976387103e-149,1.0,0.0,0.0
1.6555655216029909e-149,1.0,0.0,0.0
1.6066361662701116e-149,1.0,0.0,0.0
1.5591528919180523e-149,1.0,0.0,0.0
1.5130729603952702e-149,1.0,0.0,0.0
1.4683548966534806e-149,1.0,0.0,0.0
1.4249584514173133e-149,1.0,0.0,0.0
1.3828445649572477e-149,1.0,0.0,0.0
1.341975331933223e-149,1.0,0.0,0.0
1.3023139672772699e-149,1.0,0.0,0.0
1.26382477308447e-149,1.0,0.0,0.0
1.2264731064824313e-149,1.0,0.0,0.0
1.1902253484503636e-149,1.0,0.0,0.0
1.1550488735596928e-149,1.0,0.0,0.0
1.1209120206089723e-149,1.0,0.0,0.0
1.0877840641266652e-149,1.0,0.0,0.0
1.0556351867161458e-149,1.0,0.0,0.0
1.024436452218031e-149,1.0,0.0,0.0
9.941597796656834e-150,1.0,0.0,0.0
9.647779180104466e-150,1.0,0.0,0.0
9.362644215938616e-150,1.0,0.0,0.0
9.0859362634479e-150,1.0,0.0,0.0
8.817406266800178e-150,1.0,0.0,0.0
8.556812530875494e-150,1.0,0.0,0.0
8.303920503724156e-150,1.0,0.0,0.0
8.058502565454157e-150,1.0,0.0,0.0
7.820337823357904e-150,1.0,0.0,0.0
7.589211913093875e-150,1.0,0.0,0.0
7.364916805744244e-150,1.0,0.0,0.0
7.147250620574818e-150,1.0,0.0,0.0
6.936017443328748e-150,1.0,0.0,0.0
6.731027149890478e-150,1.0,0.0,0.0
6.532095235161205e-150,1.0,0.0,0.0
6.339042646991848e-150,1.0,0.0,0.0
6.151695625024017e-150,1.0,0.0,0.0
5.969885544293972e-150,1.0,0.0,0.0
5.793448763458773e-150,1.0,0.0,0.0
5.622226477508026e-150,1.0,0.0,0.0
5.456064574828659e-150,1.0,0.0,0.0
5.294813498494064e-150,1.0,0.0,0.0
5.138328111652776e-150,1.0,0.0,0.0
4.986467566895509e-150,1.0,0.0,0.0
4.839095179482976e-150,1.0,0.0,0.0
4.696078304320408e-150,1.0,0.0,0.0
4.5572882165680133e-150,1.0,0.0,0.0
4.4225999957799314e-150,1.0,0.0,0.0
4.2918924134674036e-150,1.0,0.0,0.0
4.16504782398495e-150,1.0,0.0,0.0
4.0419520586413506e-150,1.0,0.0,0.0
3.922494322940117e-150,1.0,0.0,0.0
3.806567096856967e-150,1.0,0.0,0.0
3.694066038064547e-150,1.0,0.0,0.0
3.5848898880172974e-150,1.0,0.0,0.0
3.478940380811924e-150,1.0,0.0,0.0
3.3761221547414554e-150,1.0,0.0,0.0
3.276342666463272e-150,1.0,0.0,0.0
3.1795121077038485e-150,1.0,0.0,0.0
3.0855433244252487e-150,1.0,0.0,0.0
2.9943517383806095e-150,1.0,0.0,0.0
2.905855270988011e-150,1.0,0.0,0.0
2.8199742694542113e-150,1.0,0.0,0.0
2.736631435081759e-150,1.0,0.0,0.0
2.6557517536949456e-150,1.0,0.0,0.0
2.57726242812199e-150,1.0,0.0,0.0
2.501092812672666e-150,1.0,0.0,0.0
2.4271743495524136e-150,1.0,0.0,0.0
2.355440507155701e-150,1.0,0.0,0.0
2.2858267201830852e-150,1.0,0.0,0.0
2.218270331528086e-150,1.0,0.0,0.0
2.1527105358815627e-150,1.0,0.0,0.0
2.0890883250028317e-150,1.0,0.0,0.0
2.0273464346082667e-150,1.0,0.0,0.0
1.9674292928295788e-150,1.0,0.0,0.0
1.9092829701953855e-150,1.0,0.0,0.0
1.852855131091046e-150,1.0,0.0,0.0
1.7980949866530765e-150,1.0,0.0,0.0
1.744953249055744e-150,1.0,0.0,0.0
1.693382087148698e-150,1.0,0.0,0.0
1.6433350834057074e-150,1.0,0.0,0.0
1.5947671921457527e-150,1.0,0.0,0.0
1.5476346989888736e-150,1.0,0.0,0.0
1.5018951815102782e-150,1.0,0.0,0.0
1.457507471057295e-150,1.0,0.0,0.0
1.4144316156948093e-150,1.0,0.0,0.0
1.3726288442458243e-150,1.0,0.0,0.0
1.3320615313947846e-150,1.0,0.0,0.0
1.292693163822254e-150,1.0,0.0,0.0
1.2544883073404634e-150,1.0,0.0,0.0
1.2174125750001501e-150,1.0,0.0,0.0
1.1814325961399825e-150,1.0,0.0,0.0
1.1465159863507136e-150,1.0,0.0,0.0
1.1126313183270258e-150,1.0,0.0,0.0
1.0797480935808367e-150,1.0,0.0,0.0
1.0478367149906001e-150,1.0,0.0,0.0
1.0168684601618996e-150,1.0,0.0,0.0
9.868154555753553e-151,1.0,0.0,0.0
9.57650651498575e-151,1.0,0.0,0.0
9.2934779763957e-151,1.0,0.0,0.0
9.018814195197193e-151,1.0,0.0,0.0
8.752267955450217e-151,1.0,0.0,0.0
8.493599347549907e-151,1.0,0.0,0.0
8.24257555229172e-151,1.0,0.0,0.0
7.99897063131844e-151,1.0,0.0,0.0
7.762565323760397e-151,1.0,0.0,0.0
7.5331468488859e-151,1.0,0.0,0.0
7.310508714584209e-151,1.0,0.0,0.0
7.094450531508698e-151,1.0,0.0,0.0
6.884777832712931e-151,1.0,0.0,0.0
6.681301898617268e-151,1.0,0.0,0.0
6.483839587148523e-151,1.0,0.0,0.0
6.292213168899729e-151,1.0,0.0,0.0
6.106250167161676e-151,1.0,0.0,0.0
5.9257832026822394e-151,1.0,0.0,0.0
5.75064984301375e-151,1.0,0.0,0.0
5.5806924563128326e-151,1.0,0.0,0.0
5.415758069461106e-151,1.0,0.0,0.0
5.255698230379052e-151,1.0,0.0,0.0
5.10036887440913e-151,1.0,0.0,0.0
4.949630194647855e-151,1.0,0.0,0.0
4.8033465161101545e-151,1.0,0.0,0.0
4.661386173612721e-151,1.0,0.0,0.0
4.5236213932664674e-151,1.0,0.0,0.0
4.3899281774713956e-151,1.0,0.0,0.0
4.260186193310393e-151,1.0,0.0,0.0
4.1342786642414853e-151,1.0,0.0,0.0
4.012092264991065e-151,1.0,0.0,0.0
3.8935170195535006e-151,1.0,0.0,0.0
3.778446202205306e-151,1.0,0.0,0.0
3.666776241444788e-151,1.0,0.0,0.0
3.558406626770706e-151,1.0,0.0,0.0
3.453239818216035e-151,1.0,0.0,0.0
3.351181158555413e-151,1.0,0.0,0.0
3.2521387881072517e-151,1.0,0.0,0.0
3.15602356205382e-151,1.0,0.0,0.0
3.0627489702048956e-151,1.0,0.0,0.0
2.972231059132753e-151,1.0,0.0,0.0
2.884388356608412e-151,1.0,0.0,0.0
2.7991417982711357e-151,1.0,0.0,0.0
2.716414656465167e-151,1.0,0.0,0.0
2.636132471179662e-151,1.0,0.0,0.0
2.5582229830296533e-151,1.0,0.0,0.0
2.482616068217729e-151,1.0,0.0,0.0
2.4092436754178803e-151,1.0,0.0,0.0
2.3380397645247163e-151,1.0,0.0,0.0
2.268940247212913e-151,1.0,0.0,0.0
2.2018829292533924e-151,1.0,0.0,0.0
2.1368074545343216e-151,1.0,0.0,0.0
2.073655250736539e-151,1.0,0.0,0.0
2.0123694766145104e-151,1.0,0.0,0.0
1.9528949708353766e-151,1.0,0.0,0.0
1.895178202330028e-151,1.0,0.0,0.0
1.8391672221115296e-151,1.0,0.0,0.0
1.784811616517528e-151,1.0,0.0,0.0
1.7320624618345527e-151,1.0,0.0,0.0
1.6808722802633716e-151,1.0,0.0,0.0
1.6311949971857672e-151,1.0,0.0,0.0
1.5829858996942714e-151,1.0,0.0,0.0
1.536201596347531e-151,1.0,0.0,0.0
1.490799978115082e-151,1.0,0.0,0.0
1.4467401804763791e-151,1.0,0.0,0.0
1.403982546639971e-151,1.0,0.0,0.0
1.362488591849711e-151,1.0,0.0,0.0
1.3222209687458785e-151,1.0,0.0,0.0
1.2831434337500361e-151,1.0,0.0,0.0
1.2452208144433614e-151,1.0,0.0,0.0
1.2084189779090977e-151,1.0,0.0,0.0
1.1727048000106236e-151,1.0,0.0,0.0
1.1380461355774967e-151,1.0,0.0,0.0
1.1044117894726288e-151,1.0,0.0,0.0
1.0717714885145578e-151,1.0,0.0,0.0
1.040095854229542e-151,1.0,0.0,0.0
1.0093563764089504e-151,1.0,0.0,0.0
9.795253874481497e-152,1.0,0.0,0.0
9.505760374437952e-152,1.0,0.0,0.0
9.224822700271038e-152,1.0,0.0,0.0
8.952187989113644e-152,1.0,0.0,0.0
8.68761085132573e-152,1.0,0.0,0.0
8.43085314962709e-152,1.0,0.0,0.0
8.18168378475773e-152,1.0,0.0,0.0
7.939878487472935e-152,1.0,0.0,0.0
7.705219616685815e-152,1.0,0.0,0.0
7.477495963575637e-152,1.0,0.0,0.0
7.2565025614856294e-152,1.0,0.0,0.0
7.042040501439164e-152,1.0,0.0,0.0
6.833916753108248e-152,1.0,0.0,0.0
6.6319439910732e-152,1.0,0.0,0.0
6.435940426217136e-152,1.0,0.0,0.0
6.245729642103491e-152,1.0,0.0,0.0
6.061140436189319e-152,1.0,0.0,0.0
5.882006665731451e-152,1.0,0.0,0.0
5.708167098246816e-152,1.0,0.0,0.0
5.53946526639232e-152,1.0,0.0,0.0
5.375749327133682e-152,1.0,0.0,0.0
5.216871925076449e-152,1.0,0.0,0.0
5.062690059836205e-152,1.0,0.0,0.0
4.913064957328566e-152,1.0,0.0,0.0
4.767861944863141e-152,1.0,0.0,0.0
4.626950329929024e-152,1.0,0.0,0.0
4.49020328256271e-152,1.0,0.0,0.0
4.357497721192572e-152,1.0,0.0,0.0
4.228714201857134e-152,1.0,0.0,0.0
4.103736810697451e-152,1.0,0.0,0.0
3.982453059626811e-152,1.0,0.0,0.0
3.864753785083861e-152,1.0,0.0,0.0
3.75053304977804e-152,1.0,0.0,0.0
3.6396880473388652e-152,1.0,0.0,0.0
3.5321190097832603e-152,1.0,0.0,0.0
3.427729117717638e-152,1.0,0.0,0.0
3.32642441319391e-152,1.0,0.0,0.0
3.228113715140994e-152,1.0,0.0,0.0
3.132708537295697e-152,1.0,0.0,0.0
3.0401230085591047e-152,1.0,0.0,0.0
2.9502737957067963e-152,1.0,0.0,0.0
2.8630800283833204e-152,1.0,0.0,0.0
2.7784632263134164e-152,1.0,0.0,0.0
2.6963472286644705e-152,1.0,0.0,0.0
2.6166581254966254e-152,1.0,0.0,0.0
2.539324191238847e-152,1.0,0.0,0.0
2.46427582013107e-152,1.0,0.0,0.0
2.391445463574315e-152,1.0,0.0,0.0
2.3207675693323925e-152,1.0,0.0,0.0
2.2521785225304634e-152,1.0,0.0,0.0
2.185616588397362e-152,1.0,0.0,0.0
2.121021856700132e-152,1.0,0.0,0.0
2.0583361878207757e-152,1.0,0.0,0.0
1.997503160426673e-152,1.0,0.0,0.0
1.9384680206875746e-152,1.0,0.0,0.0
1.8811776329934595e-152,1.0,0.0,0.0
1.8255804321288994e-152,1.0,0.0,0.0
1.7716263768608854e-152,1.0,0.0,0.0
1.7192669048983406e-152,1.0,0.0,0.0
1.6684548891827807e-152,1.0,0.0,0.0
1.6191445954707808e-152,1.0,0.0,0.0
1.5712916411700698e-152,1.0,0.0,0.0
1.5248529553922017e-152,1.0,0.0,0.0
1.4797867401858504e-152,1.0,0.0,0.0
1.43605243291583e-152,1.0,0.0,0.0
1.3936106697539888e-152,1.0,0.0,0.0
1.3524232502491048e-152,1.0,0.0,0.0
1.3124531029439023e-152,1.0,0.0,0.0
1.2736642520082391e-152,1.0,0.0,0.0
1.2360217848584301e-152,1.0,0.0,0.0
1.1994918207335669e-152,1.0,0.0,0.0
1.1640414802005458e-152,1.0,0.0,0.0
1.1296388555603585e-152,1.0,0.0,0.0
1.0962529821290114e-152,1.0,0.0,0.0
1.0638538103672176e-152,1.0,0.0,0.0
1.032412178833786e-152,1.0,0.0,0.0
1.0018997879383538e-152,1.0,0.0,0.0
9.722891744698476e-153,1.0,0.0,0.0
9.435536868777381e-153,1.0,0.0,0.0
9.156674612838469e-153,1.0,0.0,0.0
8.886053982031102e-153,1.0,0.0,0.0
8.623431399523486e-153,1.0,0.0,0.0
8.368570487267079e-153,1.0,0.0,0.0
8.121241853240398e-153,1.0,0.0,0.0
7.881222884980716e-153,1.0,0.0,0.0
7.648297549217825e-153,1.0,0.0,0.0
7.42225619742951e-153,1.0,0.0,0.0
7.202895377143726e-153,1.0,0.0,0.0
6.990017648817651e-153,1.0,0.0,0.0
6.783431408128766e-153,1.0,0.0,0.0
6.582950713518034e-153,1.0,0.0,0.0
6.388395118829953e-153,1.0,0.0,0.0
6.199589510898827e-153,1.0,0.0,0.0
6.016363951935115e-153,1.0,0.0,0.0
5.838553526569931e-153,1.0,0.0,0.0
5.665998193420102e-153,1.0,0.0,0.0
5.498542641040107e-153,1.0,0.0,0.0
5.3360361481313e-153,1.0,0.0,0.0
5.178332447882574e-153,1.0,0.0,0.0
5.025289596320349e-153,1.0,0.0,0.0
4.876769844549423e-153,1.0,0.0,0.0
4.7326395147696693e-153,1.0,0.0,0.0
4.592768879956993e-153,1.0,0.0,0.0
4.4570320471002543e-153,1.0,0.0,0.0
4.3253068438890614e-153,1.0,0.0,0.0
4.197474708750448e-153,1.0,0.0,0.0
4.073420584135454e-153,1.0,0.0,0.0
3.9530328129595675e-153,1.0,0.0,0.0
3.8362030381038114e-153,1.0,0.0,0.0
3.722826104886025e-153,1.0,0.0,0.0
3.612799966414552e-153,1.0,0.0,0.0
3.506025591739152e-153,1.0,0.0,0.0
3.402406876716461e-153,1.0,0.0,0.0
3.3018505575097764e-153,1.0,0.0,0.0
3.20426612664531e-153,1.0,0.0,0.0
3.1095657515493533e-153,1.0,0.0,0.0
3.017664195493032e-153,1.0,0.0,0.0
2.9284787408734994e-153,1.0,0.0,0.0
2.841929114762511e-153,1.0,0.0,0.0
2.75793741665537e-153,1.0,0.0,0.0
2.676428048355217e-153,1.0,0.0,0.0
2.5973276459295494e-153,1.0,0.0,0.0
2.520565013677732e-153,1.0,0.0,0.0
2.4460710600500625e-153,1.0,0.0,0.0
2.3737787354607115e-153,1.0,0.0,0.0
2.30362297193857e-153,1.0,0.0,0.0
2.235540624561687e-153,1.0,0.0,0.0
2.1694704146225745e-153,1.0,0.0,0.0
2.1053528744732381e-153,1.0,0.0,0.0
2.0431302940002783e-153,1.0,0.0,0.0
1.9827466686818945e-153,1.0,0.0,0.0
1.9241476491800357e-153,1.0,0.0,0.0
1.8672804924223273e-153,1.0,0.0,0.0
1.8120940141297482e-153,1.0,0.0,0.0
1.7585385427473236e-153,1.0,0.0,0.0
1.7065658747363735e-153,1.0,0.0,0.0
1.6561292311880756e-153,1.0,0.0,0.0
1.6071832157192895e-153,1.0,0.0,0.0
1.5596837736127474e-153,1.0,0.0,0.0
1.513588152164837e-153,1.0,0.0,0.0
1.4688548622052812e-153,1.0,0.0,0.0
1.4254436407540867e-153,1.0,0.0,0.0
1.3833154147821428e-153,1.0,0.0,0.0
1.3424322660428594e-153,1.0,0.0,0.0
1.3027573969431845e-153,1.0,0.0,0.0
1.2642550974232893e-153,1.0,0.0,0.0
1.2268907128151024e-153,1.0,0.0,0.0
1.19063061265077e-153,1.0,0.0,0.0
1.1554421603929659e-153,1.0,0.0,0.0
1.121293684059805e-153,1.0,0.0,0.0
1.0881544477179213e-153,1.0,0.0,0.0
1.0559946238180545e-153,1.0,0.0,0.0
1.0247852663482424e-153,1.0,0.0,0.0
9.944982847804561e-154,1.0,0.0,0.0
9.651064187872292e-154,1.0,0.0,0.0
9.365832137055237e-154,1.0,0.0,0.0
9.089029967257471e-154,1.0,0.0,0.0
8.820408537844923e-154,1.0,0.0,0.0
8.559726071401974e-154,1.0,0.0,0.0
8.306747936115478e-154,1.0,0.0,0.0
8.061246434590296e-154,1.0,0.0,0.0
7.823000598906266e-154,1.0,0.0,0.0
7.59179599173216e-154,1.0,0.0,0.0
7.367424513317627e-154,1.0,0.0,0.0
7.149684214189359e-154,1.0,0.0,0.0
6.938379113382941e-154,1.0,0.0,0.0
6.73331902204676e-154,1.0,0.0,0.0
6.534319372259197e-154,1.0,0.0,0.0
6.341201050905041e-154,1.0,0.0,0.0
6.153790238461604e-154,1.0,0.0,0.0
5.971918252549412e-154,1.0,0.0,0.0
5.7954213961066804e-154,1.0,0.0,0.0
5.624140810050918e-154,1.0,0.0,0.0
5.45792233029502e-154,1.0,0.0,0.0
5.296616348989194e-154,1.0,0.0,0.0
5.140077679863795e-154,1.0,0.0,0.0
4.9881654275518824e-154,1.0,0.0,0.0
4.8407428607738834e-154,1.0,0.0,0.0
4.6976772892702134e-154,1.0,0.0,0.0
4.558839944371085e-154,1.0,0.0,0.0
4.4241058630960184e-154,1.0,0.0,0.0
4.2933537756787195e-154,1.0,0.0,0.0
4.166465996416113e-154,1.0,0.0,0.0
4.04332831774326e-154,1.0,0.0,0.0
3.923829907438848e-154,1.0,0.0,0.0
3.807863208868706e-154,1.0,0.0,0.0
3.6953238441775795e-154,1.0,0.0,0.0
3.586110520342013e-154,1.0,0.0,0.0
3.480124937999795e-154,1.0,0.0,0.0
3.377271702973897e-154,1.0,0.0,0.0
3.277458240411275e-154,1.0,0.0,0.0
3.1805947114592555e-154,1.0,0.0,0.0
3.0865939324045044e-154,1.0,0.0,0.0
2.9953712962018004e-154,1.0,0.0,0.0
2.906844696321986e-154,1.0,0.0,0.0
2.820934452850546e-154,1.0,0.0,0.0
2.7375632407703123e-154,1.0,0.0,0.0
2.6566560203637257e-154,1.0,0.0,0.0
2.5781399696720265e-154,1.0,0.0,0.0
2.5019444189505785e-154,1.0,0.0,0.0
2.4280007870613276e-154,1.0,0.0,0.0
2.35624251974515e-154,1.0,0.0,0.0
2.286605029718527e-154,1.0,0.0,0.0
2.2190256385406306e-154,1.0,0.0,0.0
2.153443520198497e-154,1.0,0.0,0.0
2.089799646359509e-154,1.0,0.0,0.0
2.0280367332419153e-154,1.0,0.0,0.0
1.968099190055557e-154,1.0,0.0,0.0
1.9099330689664078e-154,1.0,0.0,0.0
1.853486016539881e-154,1.0,0.0,0.0
1.798707226619206e-154,1.0,0.0,0.0
1.7455473945964577e-154,1.0,0.0,0.0
1.6939586730350814e-154,1.0,0.0,0.0
1.643894628603971e-154,1.0,0.0,0.0
1.595310200284339e-154,1.0,0.0,0.0
1.5481616588117548e-154,1.0,0.0,0.0
1.5024065673168586e-154,1.0,0.0,0.0
1.4580037431293143e-154,1.0,0.0,0.0
1.4149132207106253e-154,1.0,0.0,0.0
1.3730962156824543e-154,1.0,0.0,0.0
1.3325150899180644e-154,1.0,0.0,0.0
1.2931333176654652e-154,1.0,0.0,0.0
1.2549154526717707e-154,1.0,0.0,0.0
1.2178270962791794e-154,1.0,0.0,0.0
1.1818348664638609e-154,1.0,0.0,0.0
1.1469063677898816e-154,1.0,0.0,0.0
1.1130101622511254e-154,1.0,0.0,0.0
1.0801157409749674e-154,1.0,0.0,0.0
1.0481934967622289e-154,1.0,0.0,0.0
1.0172146974387002e-154,1.0,0.0,0.0
9.871514599942442e-155,1.0,0.0,0.0
9.579767254862061e-155,1.0,0.0,0.0
9.296642346845384e-155,1.0,0.0,0.0
9.021885044367222e-155,1.0,0.0,0.0
8.755248047312092e-155,1.0,0.0,0.0
8.496491364387428e-155,1.0,0.0,0.0
8.245382097115222e-155,1.0,0.0,0.0
8.001694230207675e-155,1.0,0.0,0.0
7.765208428138184e-155,1.0,0.0,0.0
7.535711837724557e-155,1.0,0.0,0.0
7.312997896546802e-155,1.0,0.0,0.0
7.096866147026989e-155,1.0,0.0,0.0
6.887122056003912e-155,1.0,0.0,0.0
6.683576839640114e-155,1.0,0.0,0.0
6.486047293503688e-155,1.0,0.0,0.0
6.29435562767193e-155,1.0,0.0,0.0
6.108329306708403e-155,1.0,0.0,0.0
5.927800894369404e-155,1.0,0.0,0.0
5.752607902900043e-155,1.0,0.0,0.0
5.5825926467843e-155,1.0,0.0,0.0
5.417602100817415e-155,1.0,0.0,0.0
5.257487762372878e-155,1.0,0.0,0.0
5.1021055177400405e-155,1.0,0.0,0.0
4.951315512412053e-155,1.0,0.0,0.0
4.8049820252073696e-155,1.0,0.0,0.0
4.662973346111521e-155,1.0,0.0,0.0
4.525161657729219e-155,1.0,0.0,0.0
4.391422920240067e-155,1.0,0.0,0.0
4.261636759754355e-155,1.0,0.0,0.0
4.135686359968435e-155,1.0,0.0,0.0
4.013458357022163e-155,1.0,0.0,0.0
3.89484273746377e-155,1.0,0.0,0.0
3.77973273923034e-155,1.0,0.0,0.0
3.6680247555547366e-155,1.0,0.0,0.0
3.5596182417125295e-155,1.0,0.0,0.0
3.4544156245249522e-155,1.0,0.0,0.0
3.352322214536457e-155,1.0,0.0,0.0
3.253246120787814e-155,1.0,0.0,0.0
3.1570981681080472e-155,1.0,0.0,0.0
3.063791816850761e-155,1.0,0.0,0.0
2.973243085002619e-155,1.0,0.0,0.0
2.885370472593863e-155,1.0,0.0,0.0
2.800094888342841e-155,1.0,0.0,0.0
2.717339578468515e-155,1.0,0.0,0.0
2.637030057606878e-155,1.0,0.0,0.0
2.5590940417691e-155,1.0,0.0,0.0
2.483461383281059e-155,1.0,0.0,0.0
2.410064007645701e-155,1.0,0.0,0.0
2.3388358522713965e-155,1.0,0.0,0.0
2.2697128070111515e-155,1.0,0.0,0.0
2.202632656459148e-155,1.0,0.0,0.0
2.137535023952678e-155,1.0,0.0,0.0
2.074361317229076e-155,1.0,0.0,0.0
2.0130546756887234e-155,1.0,0.0,0.0
1.9535599192166767e-155,1.0,0.0,0.0
1.8958234985168348e-155,1.0,0.0,0.0
1.8397934469139618e-155,1.0,0.0,0.0
1.7854193335801719e-155,1.0,0.0,0.0
1.732652218143779e-155,1.0,0.0,0.0
1.681444606639661e-155,1.0,0.0,0.0
1.6317504087614848e-155,1.0,0.0,0.0
1.5835248963773196e-155,1.0,0.0,0.0
1.5367246632713014e-155,1.0,0.0,0.0
1.491307586075107e-155,1.0,0.0,0.0
1.4472327863540813e-155,1.0,0.0,0.0
1.404460593813886e-155,1.0,0.0,0.0
1.3629525105945585e-155,1.0,0.0,0.0
1.322671176619839e-155,1.0,0.0,0.0
1.2835803359705802e-155,1.0,0.0,0.0
1.2456448042519743e-155,1.0,0.0,0.0
1.2088304369252215e-155,1.0,0.0,0.0
1.1731040985751422e-155,1.0,0.0,0.0
1.1384336330860665e-155,1.0,0.0,0.0
1.1047878346991594e-155,1.0,0.0,0.0
1.0721364199251324e-155,1.0,0.0,0.0
1.0404500002870592e-155,1.0,0.0,0.0
1.0097000558687628e-155,1.0,0.0,0.0
9.798589096449665e-156,1.0,0.0,0.0
9.508997025701026e-156,1.0,0.0,0.0
9.227963694033594e-156,1.0,0.0,0.0
8.955236152482053e-156,1.0,0.0,0.0
8.690568927852742e-156,1.0,0.0,0.0
8.433723801781219e-156,1.0,0.0,0.0
8.184469596319654e-156,1.0,0.0,0.0
7.942581965861075e-156,1.0,0.0,0.0
7.707843195213175e-156,1.0,0.0,0.0
7.480042003639955e-156,1.0,0.0,0.0
7.258973354694796e-156,1.0,0.0,0.0
7.04443827167382e-156,1.0,0.0,0.0
6.836243658523428e-156,1.0,0.0,0.0
6.63420212604082e-156,1.0,0.0,0.0
6.438131823211068e-156,1.0,0.0,0.0
6.247856273528926e-156,1.0,0.0,0.0
6.063204216158063e-156,1.0,0.0,0.0
5.884009451784763e-156,1.0,0.0,0.0
5.710110693027309e-156,1.0,0.0,0.0
5.54135141926647e-156,1.0,0.0,0.0
5.377579735766369e-156,1.0,0.0,0.0
5.218648236958978e-156,1.0,0.0,0.0
5.064413873769152e-156,1.0,0.0,0.0
4.91473782486081e-156,1.0,0.0,0.0
4.769485371688362e-156,1.0,0.0,0.0
4.62852577724093e-156,1.0,0.0,0.0
4.491732168370208e-156,1.0,0.0,0.0
4.3589814215960716e-156,1.0,0.0,0.0
4.230154052287134e-156,1.0,0.0,0.0
4.1051341071165126e-156,1.0,0.0,0.0
3.9838090596960137e-156,1.0,0.0,0.0
3.8660697092947833e-156,1.0,0.0,0.0
3.751810082551284e-156,1.0,0.0,0.0
3.640927338090112e-156,1.0,0.0,0.0
3.5333216739578255e-156,1.0,0.0,0.0
3.4288962377944454e-156,1.0,0.0,0.0
3.327557039659797e-156,1.0,0.0,0.0
3.2292128674362216e-156,1.0,0.0,0.0
3.133775204731512e-156,1.0,0.0,0.0
3.0411581512081876e-156,1.0,0.0,0.0
2.951278345267393e-156,1.0,0.0,0.0
2.8640548890178317e-156,1.0,0.0,0.0
2.779409275462207e-156,1.0,0.0,0.0
2.6972653178356223e-156,1.0,0.0,0.0
2.6175490810323534e-156,1.0,0.0,0.0
2.5401888150592643e-156,1.0,0.0,0.0
2.4651148904559683e-156,1.0,0.0,0.0
2.392259735623615e-156,1.0,0.0,0.0
2.3215577760058928e-156,1.0,0.0,0.0
2.2529453750675014e-156,1.0,0.0,0.0
2.1863607770169753e-156,1.0,0.0,0.0
2.1217440512223036e-156,1.0,0.0,0.0
2.0590370382693157e-156,1.0,0.0,0.0
1.9981832976142852e-156,1.0,0.0,0.0
1.9391280567836303e-156,1.0,0.0,0.0
1.8818181620749901e-156,1.0,0.0,0.0
1.8262020307153079e-156,1.0,0.0,0.0
1.7722296044328509e-156,1.0,0.0,0.0
1.719852304401389e-156,1.0,0.0,0.0
1.6690229875159738e-156,1.0,0.0,0.0
1.6196959039609588e-156,1.0,0.0,0.0
1.5718266560320814e-156,1.0,0.0,0.0
1.5253721581755307e-156,1.0,0.0,0.0
1.4802905982080425e-156,1.0,0.0,0.0
1.4365413996831105e-156,1.0,0.0,0.0
1.3940851853694483e-156,1.0,0.0,0.0
1.3528837418088217e-156,1.0,0.0,0.0
1.3128999849213594e-156,1.0,0.0,0.0
1.2740979266273754e-156,1.0,0.0,0.0
1.2364426424556717e-156,1.0,0.0,0.0
1.1999002401091546e-156,1.0,0.0,0.0
1.1644378289594817e-156,1.0,0.0,0.0
1.1300234904432754e-156,1.0,0.0,0.0
1.0966262493332625e-156,1.0,0.0,0.0
1.0642160458584784e-156,1.0,0.0,0.0
1.0327637086484455e-156,1.0,0.0,0.0
1.0022409284769702e-156,1.0,0.0,0.0
9.72620232781929e-157,1.0,0.0,0.0
9.438749609381083e-157,1.0,0.0,0.0
9.159792402608429e-157,1.0,0.0,0.0
8.889079627188531e-157,1.0,0.0,0.0
8.626367623353225e-157,1.0,0.0,0.0
8.37141993256874e-157,1.0,0.0,0.0
8.12400708470706e-157,1.0,0.0,0.0
7.883906391507325e-157,1.0,0.0,0.0
7.650901746141362e-157,1.0,0.0,0.0
7.424783428702962e-157,1.0,0.0,0.0
7.205347917445799e-157,1.0,0.0,0.0
6.99239770560014e-157,1.0,0.0,0.0
6.785741123603404e-157,1.0,0.0,0.0
6.585192166584629e-157,1.0,0.0,0.0
6.39057032694754e-157,1.0,0.0,0.0
6.201700431901516e-157,1.0,0.0,0.0
6.018412485794273e-157,1.0,0.0,0.0
5.840541517104288e-157,1.0,0.0,0.0
5.667927429955305e-157,1.0,0.0,0.0
5.5004148600192417e-157,1.0,0.0,0.0
5.337853034677804e-157,1.0,0.0,0.0
5.1800956373169585e-157,1.0,0.0,0.0
5.0270006756321026e-157,1.0,0.0,0.0
4.878430353825406e-157,1.0,0.0,0.0
4.734250948580298e-157,1.0,0.0,0.0
4.5943326887014514e-157,1.0,0.0,0.0
4.458549638311952e-157,1.0,0.0,0.0
4.326779583502512e-157,1.0,0.0,0.0
4.198903922330698e-157,1.0,0.0,0.0
4.074807558071182e-157,1.0,0.0,0.0
3.954378795620922e-157,1.0,0.0,0.0
3.8375092409660285e-157,1.0,0.0,0.0
3.724093703619835e-157,1.0,0.0,0.0
3.6140301019443654e-157,1.0,0.0,0.0
3.5072193712699665e-157,1.0,0.0,0.0
3.4035653747304216e-157,1.0,0.0,0.0
3.302974816733283e-157,1.0,0.0,0.0
3.205357158987539e-157,1.0,0.0,0.0
3.110624539013046e-157,1.0,0.0,0.0
3.018691691058363e-157,1.0,0.0,0.0
2.929475869355823e-157,1.0,0.0,0.0
2.842896773644757e-157,1.0,0.0,0.0
2.7588764768958394e-157,1.0,0.0,0.0
2.6773393551715023e-157,1.0,0.0,0.0
2.5982120195592895e-157,1.0,0.0,0.0
2.52142325011688e-157,1.0,0.0,0.0
2.4469039317693353e-157,1.0,0.0,0.0
2.3745869921008663e-157,1.0,0.0,0.0
2.304407340985132e-157,1.0,0.0,0.0
2.2363018119997347e-157,1.0,0.0,0.0
2.170209105572175e-157,1.0,0.0,0.0
2.1060697338060994e-157,1.0,0.0,0.0
2.0438259669381804e-157,1.0,0.0,0.0
1.9834217813774325e-157,1.0,0.0,0.0
1.924802809280198e-157,1.0,0.0,0.0
1.8679162896154212e-157,1.0,0.0,0.0
1.812711020676157e-157,1.0,0.0,0.0
1.7591373139945807e-157,1.0,0.0,0.0
1.707146949619012e-157,1.0,0.0,0.0
1.6566931327127065e-157,1.0,0.0,0.0
1.6077304514353423e-157,1.0,0.0,0.0
1.5602148360692992e-157,1.0,0.0,0.0
1.5141035193539397e-157,1.0,0.0,0.0
1.4693549979921873e-157,1.0,0.0,0.0
1.4259289952947586e-157,1.0,0.0,0.0
1.3837864249284233e-157,1.0,0.0,0.0
1.342889355735668e-157,1.0,0.0,0.0
1.3032009775940938e-157,1.0,0.0,0.0
1.264685568284822e-157,1.0,0.0,0.0
1.2273084613400862e-157,1.0,0.0,0.0
1.1910360148410712e-157,1.0,0.0,0.0
1.1558355811379163e-157,1.0,0.0,0.0
1.1216754774646265e-157,1.0,0.0,0.0
1.0885249574224454e-157,1.0,0.0,0.0
1.056354183306021e-157,1.0,0.0,0.0
1.025134199247457e-157,1.0,0.0,0.0
9.948369051540772e-158,1.0,0.0,0.0
9.654350314164465e-158,1.0,0.0,0.0
9.369021143638814e-158,1.0,0.0,0.0
9.092124724453605e-158,1.0,0.0,0.0
8.82341183114395e-158,1.0,0.0,0.0
8.562640603970556e-158,1.0,0.0,0.0
8.309576331229627e-158,1.0,0.0,0.0
8.063991237996503e-158,1.0,0.0,0.0
7.82566428111284e-158,1.0,0.0,0.0
7.59438095023286e-158,1.0,0.0,0.0
7.36993307474956e-158,1.0,0.0,0.0
7.152118636427115e-158,1.0,0.0,0.0
6.9407415875708336e-158,1.0,0.0,0.0
6.735611674571e-158,1.0,0.0,0.0
6.536544266661785e-158,1.0,0.0,0.0
6.3433601897410975e-158,1.0,0.0,0.0
6.155885565101801e-158,1.0,0.0,0.0
5.9739516529291374e-158,1.0,0.0,0.0
5.797394700423511e-158,1.0,0.0,0.0
5.626055794411915e-158,1.0,0.0,0.0
5.459780718315352e-158,1.0,0.0,0.0
5.2984198133435e-158,1.0,0.0,0.0
5.141827843791707e-158,1.0,0.0,0.0
4.989863866319055e-158,1.0,0.0,0.0
4.842391103089834e-158,1.0,0.0,0.0
4.6992768186642645e-158,1.0,0.0,0.0
4.560392200527645e-158,1.0,0.0,0.0
4.425612243150387e-158,1.0,0.0,0.0
4.294815635474612e-158,1.0,0.0,0.0
4.1678846517260055e-158,1.0,0.0,0.0
4.0447050454526765e-158,1.0,0.0,0.0
3.9251659466956405e-158,1.0,0.0,0.0
3.8091597621983755e-158,1.0,0.0,0.0
3.6965820785656255e-158,1.0,0.0,0.0
3.5873315682843027e-158,1.0,0.0,0.0
3.481309898521885e-158,1.0,0.0,0.0
3.378421642620229e-158,1.0,0.0,0.0
3.2785741942051397e-158,1.0,0.0,0.0
3.181677683834383e-158,1.0,0.0,0.0
3.0876448981091216e-158,1.0,0.0,0.0
2.996391201175971e-158,1.0,0.0,0.0
2.907834458549019e-158,1.0,0.0,0.0
2.821894963183245e-158,1.0,0.0,0.0
2.7384953637328e-158,1.0,0.0,0.0
2.6575605949295778e-158,1.0,0.0,0.0
2.5790178100194015e-158,1.0,0.0,0.0
2.502796315195034e-158,1.0,0.0,0.0
2.4288275059669777e-158,1.0,0.0,0.0
2.357044805414805e-158,1.0,0.0,0.0
2.2873836042634352e-158,1.0,0.0,0.0
2.2197812027304284e-158,1.0,0.0,0.0
2.1541767540919473e-158,1.0,0.0,0.0
2.0905112099166025e-158,1.0,0.0,0.0
2.0287272669178757e-158,1.0,0.0,0.0
1.9687693153772965e-158,1.0,0.0,0.0
1.9105833890919428e-158,1.0,0.0,0.0
1.8541171168012144e-158,1.0,0.0,0.0
1.7993196750491655e-158,1.0,0.0,0.0
1.746141742439964e-158,1.0,0.0,0.0
1.694535455245306e-158,1.0,0.0,0.0
1.6444543643238303e-158,1.0,0.0,0.0
1.5958533933137565e-158,1.0,0.0,0.0
1.548688798061117e-158,1.0,0.0,0.0
1.5029181272470666e-158,1.0,0.0,0.0
1.45850018417883e-158,1.0,0.0,0.0
1.415394989709898e-158,1.0,0.0,0.0
1.3735637462560978e-158,1.0,0.0,0.0
1.3329688028751484e-158,1.0,0.0,0.0
1.293573621378272e-158,1.0,0.0,0.0
1.2553427434433576e-158,1.0,0.0,0.0
1.2182417587000785e-158,1.0,0.0,0.0
1.1822372737582364e-158,1.0,0.0,0.0
1.1472968821514566e-158,1.0,0.0,0.0
1.113389135169181e-158,1.0,0.0,0.0
1.0804835135507068e-158,1.0,0.0,0.0
1.048550400015791e-158,1.0,0.0,0.0
1.0175610526071003e-158,1.0,0.0,0.0
9.874875788205092e-159,1.0,0.0,0.0
9.583029104999644e-159,1.0,0.0,0.0
9.299807794743163e-159,1.0,0.0,0.0
9.02495693914194e-159,1.0,0.0,0.0
8.758229153876366e-159,1.0,0.0,0.0
8.499384365938362e-159,1.0,0.0,0.0
8.248189597549458e-159,1.0,0.0,0.0
8.004418756465081e-159,1.0,0.0,0.0
7.767852432476268e-159,1.0,0.0,0.0
7.538277699925668e-159,1.0,0.0,0.0
7.315487926060087e-159,1.0,0.0,0.0
7.099282585047061e-159,1.0,0.0,0.0
6.889467077488075e-159,1.0,0.0,0.0
6.685852555265967e-159,1.0,0.0,0.0
6.488255751568882e-159,1.0,0.0,0.0
6.296498815937771e-159,1.0,0.0,0.0
6.110409154188973e-159,1.0,0.0,0.0
5.929819273067804e-159,1.0,0.0,0.0
5.754566629493322e-159,1.0,0.0,0.0
5.584493484258585e-159,1.0,0.0,0.0
5.41944676005472e-159,1.0,0.0,0.0
5.259277903691012e-159,1.0,0.0,0.0
5.103842752387005e-159,1.0,0.0,0.0
4.953001404016275e-159,1.0,0.0,0.0
4.806618091185074e-159,1.0,0.0,0.0
4.664561059032506e-159,1.0,0.0,0.0
4.5267024466422647e-159,1.0,0.0,0.0
4.392918171959183e-159,1.0,0.0,0.0
4.263087820107004e-159,1.0,0.0,0.0
4.1370945350068654e-159,1.0,0.0,0.0
4.0148249141989454e-159,1.0,0.0,0.0
3.8961689067725936e-159,1.0,0.0,0.0
3.781019714313083e-159,1.0,0.0,0.0
3.669273694775833e-159,1.0,0.0,0.0
3.560830269201567e-159,1.0,0.0,0.0
3.4555918311884715e-159,1.0,0.0,0.0
3.353463659039836e-159,1.0,0.0,0.0
3.2543538305081416e-159,1.0,0.0,0.0
3.1581731400588305e-159,1.0,0.0,0.0
3.064835018579306e-159,1.0,0.0,0.0
2.974255455460885e-159,1.0,0.0,0.0
2.886352922983588e-159,1.0,0.0,0.0
2.801048302935681e-159,1.0,0.0,0.0
2.718264815401949e-159,1.0,0.0,0.0
2.6379279496565894e-159,1.0,0.0,0.0
2.5599653970985324e-159,1.0,0.0,0.0
2.4843069861688155e-159,1.0,0.0,0.0
2.41088461919145e-159,1.0,0.0,0.0
2.339632211080912e-159,1.0,0.0,0.0
2.2704856298611084e-159,1.0,0.0,0.0
2.2033826389422683e-159,1.0,0.0,0.0
2.138262841103813e-159,1.0,0.0,0.0
2.0750676241327814e-159,1.0,0.0,0.0
2.0137401080688815e-159,1.0,0.0,0.0
1.9542250940086882e-159,1.0,0.0,0.0
1.8964690144229054e-159,1.0,0.0,0.0
1.840419884941973e-159,1.0,0.0,0.0
1.7860272575666266e-159,1.0,0.0,0.0
1.7332421752612936e-159,1.0,0.0,0.0
1.682017127889457e-159,1.0,0.0,0.0
1.632306009451326e-159,1.0,0.0,0.0
1.5840640765853243e-159,1.0,0.0,0.0
1.5372479082960458e-159,1.0,0.0,0.0
1.4918153668724274e-159,1.0,0.0,0.0
1.4477255599609648e-159,1.0,0.0,0.0
1.4049388037598361e-159,1.0,0.0,0.0
1.3634165873008005e-159,1.0,0.0,0.0
1.323121537786729e-159,1.0,0.0,0.0
1.284017386953563e-159,1.0,0.0,0.0
1.2460689384264306e-159,1.0,0.0,0.0
1.2092420360405335e-159,1.0,0.0,0.0
1.1735035330982923e-159,1.0,0.0,0.0
1.138821262535083e-159,1.0,0.0,0.0
1.1051640079667076e-159,1.0,0.0,0.0
1.0725014755925407e-159,1.0,0.0,0.0
1.0408042669290658e-159,1.0,0.0,0.0
1.0100438523492547e-159,1.0,0.0,0.0
9.801925454039786e-160,1.0,0.0,0.0
9.512234779023351e-160,1.0,0.0,0.0
9.23110575728463e-160,1.0,0.0,0.0
8.95828535373078e-160,1.0,0.0,0.0
8.693528011586075e-160,1.0,0.0,0.0
8.436595431374224e-160,1.0,0.0,0.0
8.18725635643277e-160,1.0,0.0,0.0
7.94528636476648e-160,1.0,0.0,0.0
7.710467667052404e-160,1.0,0.0,0.0
7.482588910614788e-160,1.0,0.0,0.0
7.261444989193398e-160,1.0,0.0,0.0
7.04683685833405e-160,1.0,0.0,0.0
6.838571356235161e-160,1.0,0.0,0.0
6.636461029889092e-160,1.0,0.0,0.0
6.440323966361795e-160,1.0,0.0,0.0
6.249983629058889e-160,1.0,0.0,0.0
6.065268698830816e-160,1.0,0.0,0.0
5.886012919774038e-160,1.0,0.0,0.0
5.712054949589513e-160,1.0,0.0,0.0
5.5432382143637236e-160,1.0,0.0,0.0
5.3794107676416e-160,1.0,0.0,0.0
5.22042515366445e-160,1.0,0.0,0.0
5.066138274649823e-160,1.0,0.0,0.0
4.916411261993852e-160,1.0,0.0,0.0
4.771109351280135e-160,1.0,0.0,0.0
4.630101760982667e-160,1.0,0.0,0.0
4.493261574753639e-160,1.0,0.0,0.0
4.3604656271901607e-160,1.0,0.0,0.0
4.2315943929770836e-160,1.0,0.0,0.0
4.1065318793061537e-160,1.0,0.0,0.0
3.985165521474651e-160,1.0,0.0,0.0
3.8673860815695647e-160,1.0,0.0,0.0
3.753087550146097e-160,1.0,0.0,0.0
3.642167050812009e-160,1.0,0.0,0.0
3.534524747631924e-160,1.0,0.0,0.0
3.4300637552682466e-160,1.0,0.0,0.0
3.328690051777823e-160,1.0,0.0,0.0
3.2303123939858446e-160,1.0,0.0,0.0
3.1348422353608334e-160,1.0,0.0,0.0
3.042193646316787e-160,1.0,0.0,0.0
2.9522832368707534e-160,1.0,0.0,0.0
2.8650300815862157e-160,1.0,0.0,0.0
2.7803556467347414e-160,1.0,0.0,0.0
2.6981837196103227e-160,1.0,0.0,0.0
2.6184403399328e-160,1.0,0.0,0.0
2.5410537332786172e-160,1.0,0.0,0.0
2.4659542464789978e-160,1.0,0.0,0.0
2.39307428492739e-160,1.0,0.0,0.0
2.3223482517397606e-160,1.0,0.0,0.0
2.2537124887129716e-160,1.0,0.0,0.0
2.1871052190281003e-160,1.0,0.0,0.0
2.1224664916471357e-160,1.0,0.0,0.0
2.0597381273529942e-160,1.0,0.0,0.0
1.998863666384302e-160,1.0,0.0,0.0
1.939788317617796e-160,1.0,0.0,0.0
1.8824589092526166e-160,1.0,0.0,0.0
1.8268238409520983e-160,1.0,0.0,0.0
1.772833037399984e-160,1.0,0.0,0.0
1.7204379032292613e-160,1.0,0.0,0.0
1.6695912792830512e-160,1.0,0.0,0.0
1.620247400168186e-160,1.0,0.0,0.0
1.572361853063265e-160,1.0,0.0,0.0
1.5258915377441196e-160,1.0,0.0,0.0
1.4807946277907003e-160,1.0,0.0,0.0
1.4370305329404787e-160,1.0,0.0,0.0
1.39455986255447e-160,1.0,0.0,0.0
1.3533443901629993e-160,1.0,0.0,0.0
1.3133470190593002e-160,1.0,0.0,0.0
1.2745317489099741e-160,1.0,0.0,0.0
1.2368636433522608e-160,1.0,0.0,0.0
1.2003087985489544e-160,1.0,0.0,0.0
1.1648343126726614e-160,1.0,0.0,0.0
1.1304082562919353e-160,1.0,0.0,0.0
1.096999643632634e-160,1.0,0.0,0.0
1.0645784046886311e-160,1.0,0.0,0.0
1.0331153581567821e-160,1.0,0.0,0.0
1.0025821851717808e-160,1.0,0.0,0.0
9.729514038172702e-161,1.0,0.0,0.0
9.441963443902625e-161,1.0,0.0,0.0
9.16291125396607e-161,1.0,0.0,0.0
8.892106302558986e-161,1.0,0.0,0.0
8.629304846948593e-161,1.0,0.0,0.0
8.37427034808849e-161,1.0,0.0,0.0
8.126773257717534e-161,1.0,0.0,0.0
7.886590811750917e-161,1.0,0.0,0.0
7.653506829777464e-161,1.0,0.0,0.0
7.427311520482663e-161,1.0,0.0,0.0
7.207801292822321e-161,1.0,0.0,0.0
6.994778572776896e-161,1.0,0.0,0.0
6.7880516255215385e-161,1.0,0.0,0.0
6.587434382851805e-161,1.0,0.0,0.0
6.392746275709722e-161,1.0,0.0,0.0
6.203812071659446e-161,1.0,0.0,0.0
6.0204617171662446e-161,1.0,0.0,0.0
5.8425301845368375e-161,1.0,0.0,0.0
5.669857323383337e-161,1.0,0.0,0.0
5.502287716477089e-161,1.0,0.0,0.0
5.339670539862677e-161,1.0,0.0,0.0
5.181859427106186e-161,1.0,0.0,0.0
5.028712337555532e-161,1.0,0.0,0.0
4.880091428494288e-161,1.0,0.0,0.0
4.735862931073939e-161,1.0,0.0,0.0
4.595897029912889e-161,1.0,0.0,0.0
4.460067746253853e-161,1.0,0.0,0.0
4.32825282457448e-161,1.0,0.0,0.0
4.200333622549127e-161,1.0,0.0,0.0
4.0761950042627584e-161,1.0,0.0,0.0
3.955725236580856e-161,1.0,0.0,0.0
3.8388158885820536e-161,1.0,0.0,0.0
3.725361733962992e-161,1.0,0.0,0.0
3.615260656327541e-161,1.0,0.0,0.0
3.508413557275156e-161,1.0,0.0,0.0
3.404724267205625e-161,1.0,0.0,0.0
3.3040994587599405e-161,1.0,0.0,0.0
3.2064485628193767e-161,1.0,0.0,0.0
3.1116836869871703e-161,1.0,0.0,0.0
3.0197195364794324e-161,1.0,0.0,0.0
2.930473337354085e-161,1.0,0.0,0.0
2.843864762008729e-161,1.0,0.0,0.0
2.7598158568803775e-161,1.0,0.0,0.0
2.6782509722819914e-161,1.0,0.0,0.0
2.5990966943126537e-161,1.0,0.0,0.0
2.522281778780104e-161,1.0,0.0,0.0
2.4477370870761577e-161,1.0,0.0,0.0
2.375395523947292e-161,1.0,0.0,0.0
2.305191977104391e-161,1.0,0.0,0.0
2.2370632586172884e-161,1.0,0.0,0.0
2.170948048041369e-161,1.0,0.0,0.0
2.1067868372250266e-161,1.0,0.0,0.0
2.0445218767483153e-161,1.0,0.0,0.0
1.9840971239445705e-161,1.0,0.0,0.0
1.9254581924582287e-161,1.0,0.0,0.0
1.868552303293436e-161,1.0,0.0,0.0
1.8133282373093905e-161,1.0,0.0,0.0
1.7597362891196581e-161,1.0,0.0,0.0
1.7077282223539709e-161,1.0,0.0,0.0
1.6572572262422381e-161,1.0,0.0,0.0
1.6082778734816932e-161,1.0,0.0,0.0
1.5607460793492566e-161,1.0,0.0,0.0
1.5146190620223091e-161,1.0,0.0,0.0
1.469855304072164e-161,1.0,0.0,0.0
1.42641451509558e-161,1.0,0.0,0.0
1.3842575954506774e-161,1.0,0.0,0.0
1.3433466010646244e-161,1.0,0.0,0.0
1.3036447092814076e-161,1.0,0.0,0.0
1.2651161857189593e-161,1.0,0.0,0.0
1.2277263521057995e-161,1.0,0.0,0.0
1.191441555068253e-161,1.0,0.0,0.0
1.156229135840141e-161,1.0,0.0,0.0
1.1220574008676867e-161,1.0,0.0,0.0
1.08889559328318e-161,1.0,0.0,0.0
1.0567138652217186e-161,1.0,0.0,0.0
1.0254832509561161e-161,1.0,0.0,0.0
9.951756408257934e-162,1.0,0.0,0.0
9.657637559361854e-162,1.0,0.0,0.0
9.37221123605896e-162,1.0,0.0,0.0
9.095220535394985e-162,1.0,0.0,0.0
8.826416147045347e-162,1.0,0.0,0.0
8.565556128919041e-162,1.0,0.0,0.0
8.312405689394422e-162,1.0,0.0,0.0
8.066736975990906e-162,1.0,0.0,0.0
7.828328870286357e-162,1.0,0.0,0.0
7.596966788895578e-162,1.0,0.0,0.0
7.372442490330792e-162,1.0,0.0,0.0
7.154553887570245e-162,1.0,0.0,0.0
6.943104866166243e-162,1.0,0.0,0.0
6.737905107728924e-162,1.0,0.0,0.0
6.538769918626846e-162,1.0,0.0,0.0
6.345520063750274e-162,1.0,0.0,0.0
6.157981605187467e-162,1.0,0.0,0.0
5.975985745668833e-162,1.0,0.0,0.0
5.799368676637982e-162,1.0,0.0,0.0
5.627971430812977e-162,1.0,0.0,0.0
5.461639739105051e-162,1.0,0.0,0.0
5.300223891766012e-162,1.0,0.0,0.0
5.14357860363937e-162,1.0,0.0,0.0
4.991562883393888e-162,1.0,0.0,0.0
4.844039906621871e-162,1.0,0.0,0.0
4.700876892687962e-162,1.0,0.0,0.0
4.56194498521761e-162,1.0,0.0,0.0
4.4271191361176395e-162,1.0,0.0,0.0
4.2962779930245216e-162,1.0,0.0,0.0
4.169303790079061e-162,1.0,0.0,0.0
4.0460822419291717e-162,1.0,0.0,0.0
3.9265024408653516e-162,1.0,0.0,0.0
3.810456756996254e-162,1.0,0.0,0.0
3.697840741374524e-162,1.0,0.0,0.0
3.588553031985696e-162,1.0,0.0,0.0
3.4824952625155395e-162,1.0,0.0,0.0
3.379571973813739e-162,1.0,0.0,0.0
3.279690527974215e-162,1.0,0.0,0.0
3.182761024954756e-162,1.0,0.0,0.0
3.0886962216609157e-162,1.0,0.0,0.0
2.9974114534213353e-162,1.0,0.0,0.0
2.9088245577838307e-162,1.0,0.0,0.0
2.822855800563637e-162,1.0,0.0,0.0
2.7394278040772627e-162,1.0,0.0,0.0
2.65846547749735e-162,1.0,0.0,0.0
2.5798959492658637e-162,1.0,0.0,0.0
2.5036485015047744e-162,1.0,0.0,0.0
2.4296545063651887e-162,1.0,0.0,0.0
2.357847364257658e-162,1.0,0.0,0.0
2.288162443908054e-162,1.0,0.0,0.0
2.2205370241850556e-162,1.0,0.0,0.0
2.1549102376469032e-162,1.0,0.0,0.0
2.0912230157565881e-162,1.0,0.0,0.0
2.0294180357161867e-162,1.0,0.0,0.0
1.9694396688724713e-162,1.0,0.0,0.0
1.911233930647369e-162,1.0,0.0,0.0
1.8547484319481964e-162,1.0,0.0,0.0
1.7999323320139428e-162,1.0,0.0,0.0
1.746736292655153e-162,1.0,0.0,0.0
1.6951124338462262e-162,1.0,0.0,0.0
1.6450142906301626e-162,1.0,0.0,0.0
1.5963967712969656e-162,1.0,0.0,0.0
1.5492161167980605e-162,1.0,0.0,0.0
1.503429861360196e-162,1.0,0.0,0.0
1.458996794263384e-162,1.0,0.0,0.0
1.4158769227484687e-162,1.0,0.0,0.0
1.374031436020945e-162,1.0,0.0,0.0
1.333422670318625e-162,1.0,0.0,0.0
1.294014075011708e-162,1.0,0.0,0.0
1.2557701797047497e-162,1.0,0.0,0.0
1.2186565623109092e-162,1.0,0.0,0.0
1.1826398180697505e-162,1.0,0.0,0.0
1.1476875294807017e-162,1.0,0.0,0.0
1.1137682371251185e-162,1.0,0.0,0.0
1.0808514113506822e-162,1.0,0.0,0.0
1.0489074247926536e-162,1.0,0.0,0.0
1.0179075257072447e-162,1.0,0.0,0.0
9.87823812093109e-163,1.0,0.0,0.0
9.586292065776567e-163,1.0,0.0,0.0
9.302974320455932e-163,1.0,0.0,0.0
9.0280298798774e-163,1.0,0.0,0.0
8.761211275488571e-163,1.0,0.0,0.0
8.502278352538024e-163,1.0,0.0,0.0
8.250998053919833e-163,1.0,0.0,0.0
8.007144210406443e-163,1.0,0.0,0.0
7.770497337081103e-163,1.0,0.0,0.0
7.540844435786624e-163,1.0,0.0,0.0
7.31797880341267e-163,1.0,0.0,0.0
7.101699845848995e-163,1.0,0.0,0.0
6.891812897437221e-163,1.0,0.0,0.0
6.688129045758597e-163,1.0,0.0,0.0
6.49046496160008e-163,1.0,0.0,0.0
6.298642733945663e-163,1.0,0.0,0.0
6.112489709844458e-163,1.0,0.0,0.0
5.931838339011387e-163,1.0,0.0,0.0
5.75652602302062e-163,1.0,0.0,0.0
5.58639496895601e-163,1.0,0.0,0.0
5.4212920473868295e-163,1.0,0.0,0.0
5.261068654540942e-163,1.0,0.0,0.0
5.105580578551379e-163,1.0,0.0,0.0
4.9546878696559265e-163,1.0,0.0,0.0
4.808254714232896e-163,1.0,0.0,0.0
4.6661493125596966e-163,1.0,0.0,0.0
4.52824376018419e-163,1.0,0.0,0.0
4.394413932802053e-163,1.0,0.0,0.0
4.264539374536525e-163,1.0,0.0,0.0
4.138503189519989e-163,1.0,0.0,0.0
4.0161919366798034e-163,1.0,0.0,0.0
3.897495527633678e-163,1.0,0.0,0.0
3.782307127602703e-163,1.0,0.0,0.0
3.670523059252834e-163,1.0,0.0,0.0
3.5620427093783e-163,1.0,0.0,0.0
3.45676843834292e-163,1.0,0.0,0.0
3.354605492197849e-163,1.0,0.0,0.0
3.255461917396623e-163,1.0,0.0,0.0
3.159248478030764e-163,1.0,0.0,0.0
3.0658785755114405e-163,1.0,0.0,0.0
2.9752681706248896e-163,1.0,0.0,0.0
2.887335707891457e-163,1.0,0.0,0.0
2.8020020421601585e-163,1.0,0.0,0.0
2.7191903673727053e-163,1.0,0.0,0.0
2.6388261474328637e-163,1.0,0.0,0.0
2.5608370491189415e-163,1.0,0.0,0.0
2.485152876979006e-163,1.0,0.0,0.0
2.4117055101502396e-163,1.0,0.0,0.0
2.3404288410455653e-163,1.0,0.0,0.0
2.2712587158523577e-163,1.0,0.0,0.0
2.204132876789681e-163,1.0,0.0,0.0
2.138990906072085e-163,1.0,0.0,0.0
2.0757741715295206e-163,1.0,0.0,0.0
2.0144257738344298e-163,1.0,0.0,0.0
1.9548904952885098e-163,1.0,0.0,0.0
1.89711475012306e-163,1.0,0.0,0.0
1.8410465362681707e-163,1.0,0.0,0.0
1.786635388547354e-163,1.0,0.0,0.0
1.7338323332554755e-163,1.0,0.0,0.0
1.6825898440791176e-163,1.0,0.0,0.0
1.6328617993196886e-163,1.0,0.0,0.0
1.5846034403807806e-163,1.0,0.0,0.0
1.537771331482413e-163,1.0,0.0,0.0
1.492323320565898e-163,1.0,0.0,0.0
1.4482185013541453e-163,1.0,0.0,0.0
1.405417176533249e-163,1.0,0.0,0.0
1.3638808220222267e-163,1.0,0.0,0.0
1.3235720522987485e-163,1.0,0.0,0.0
1.284454586749642e-163,1.0,0.0,0.0
1.246493217015892e-163,1.0,0.0,0.0
1.209653775302742e-163,1.0,0.0,0.0
1.1739031036263719e-163,1.0,0.0,0.0
1.1392090239694759e-163,1.0,0.0,0.0
1.1055403093188747e-163,1.0,0.0,0.0
1.0728666555590955e-163,1.0,0.0,0.0
1.041158654196624e-163,1.0,0.0,0.0
1.0103877658902742e-163,1.0,0.0,0.0
9.805262947638573e-164,1.0,0.0,0.0
9.515473634780213e-164,1.0,0.0,0.0
9.234248890388336e-164,1.0,0.0,0.0
8.961335593213255e-164,1.0,0.0,0.0
8.69648810286871e-164,1.0,0.0,0.0
8.43946803873895e-164,1.0,0.0,0.0
8.190044065420088e-164,1.0,0.0,0.0
7.947991684502616e-164,1.0,0.0,0.0
7.713093032507702e-164,1.0,0.0,0.0
7.485136684795345e-164,1.0,0.0,0.0
7.263917465267922e-164,1.0,0.0,0.0
7.049236261697877e-164,1.0,0.0,0.0
6.84089984651325e-164,1.0,0.0,0.0
6.638720702879844e-164,1.0,0.0,0.0
6.442516855923406e-164,1.0,0.0,0.0
6.252111708939961e-164,1.0,0.0,0.0
6.067333884446865e-164,1.0,0.0,0.0
5.888017069931498e-164,1.0,0.0,0.0
5.713999868158784e-164,1.0,0.0,0.0
5.545125651902781e-164,1.0,0.0,0.0
5.381242422971611e-164,1.0,0.0,0.0
5.222202675398828e-164,1.0,0.0,0.0
5.0678632626780935e-164,1.0,0.0,0.0
4.918085268921658e-164,1.0,0.0,0.0
4.772733883826691e-164,1.0,0.0,0.0
4.631678281336903e-164,1.0,0.0,0.0
4.494791501890274e-164,1.0,0.0,0.0
4.36195033814687e-164,1.0,0.0,0.0
4.233035224093933e-164,1.0,0.0,0.0
4.107930127428388e-164,1.0,0.0,0.0
3.9865224451199474e-164,1.0,0.0,0.0
3.868702902060782e-164,1.0,0.0,0.0
3.75436545271055e-164,1.0,0.0,0.0
3.64340718564825e-164,1.0,0.0,0.0
3.535728230945001e-164,1.0,0.0,0.0
3.431231670274365e-164,1.0,0.0,0.0
3.3298234496793103e-164,1.0,0.0,0.0
3.2314122949173043e-164,1.0,0.0,0.0
3.1359096293073357e-164,1.0,0.0,0.0
3.0432294940049222e-164,1.0,0.0,0.0
2.953288470633349e-164,1.0,0.0,0.0
2.8660056062015017e-164,1.0,0.0,0.0
2.7813023402407084e-164,1.0,0.0,0.0
2.6991024340950182e-164,1.0,0.0,0.0
2.619331902301264e-164,1.0,0.0,0.0
2.5419189459971534e-164,1.0,0.0,0.0
2.4667938882974447e-164,1.0,0.0,0.0
2.393889111580052e-164,1.0,0.0,0.0
2.3231389966256166e-164,1.0,0.0,0.0
2.254479863555786e-164,1.0,0.0,0.0
2.1878499145170217e-164,1.0,0.0,0.0
2.1231891780583634e-164,1.0,0.0,0.0
2.0604394551530723e-164,1.0,0.0,0.0
1.9995442668155823e-164,1.0,0.0,0.0
1.9404488032666e-164,1.0,0.0,0.0
1.8830998746006046e-164,1.0,0.0,0.0
1.827445862911342e-164,1.0,0.0,0.0
1.7734366758322267e-164,1.0,0.0,0.0
1.7210237014498309e-164,1.0,0.0,0.0
1.6701597645498818e-164,1.0,0.0,0.0
1.6207990841563843e-164,1.0,0.0,0.0
1.5728972323256536e-164,1.0,0.0,0.0
1.5264110941581667e-164,1.0,0.0,0.0
1.4812988289922434e-164,1.0,0.0,0.0
1.4375198327446277e-164,1.0,0.0,0.0
1.395034701364071e-164,1.0,0.0,0.0
1.3538051953650277e-164,1.0,0.0,0.0
1.3137942054095374e-164,1.0,0.0,0.0
1.2749657189063155e-164,1.0,0.0,0.0
1.237284787596992e-164,1.0,0.0,0.0
1.2007174961003183e-164,1.0,0.0,0.0
1.1652309313860369e-164,1.0,0.0,0.0
1.1307931531509322e-164,1.0,0.0,0.0
1.097373165070402e-164,1.0,0.0,0.0
1.064940886899673e-164,1.0,0.0,0.0
1.0334671273995516e-164,1.0,0.0,0.0
1.002923558062337e-164,1.0,0.0,0.0
9.732826876142537e-165,1.0,0.0,0.0
9.44517837271449e-165,1.0,0.0,0.0
9.16603116727287e-165,1.0,0.0,0.0
8.895134008493256e-165,1.0,0.0,0.0
8.632243070650014e-165,1.0,0.0,0.0
8.377121734156693e-165,1.0,0.0,0.0
8.129540372592417e-165,1.0,0.0,0.0
7.889276146022622e-165,1.0,0.0,0.0
7.656112800428066e-165,1.0,0.0,0.0
7.429840473061621e-165,1.0,0.0,0.0
7.210255503557638e-165,1.0,0.0,0.0
6.997160250623866e-165,1.0,0.0,0.0
6.790362914150962e-165,1.0,0.0,0.0
6.589677362579437e-165,1.0,0.0,0.0
6.394922965368693e-165,1.0,0.0,0.0
6.205924430417355e-165,1.0,0.0,0.0
6.022511646288535e-165,1.0,0.0,0.0
5.844519529098068e-165,1.0,0.0,0.0
5.671787873927874e-165,1.0,0.0,0.0
5.5041612106307135e-165,1.0,0.0,0.0
5.341488663896569e-165,1.0,0.0,0.0
5.183623817454681e-165,1.0,0.0,0.0
5.030424582289019e-165,1.0,0.0,0.0
4.881753068748588e-165,1.0,0.0,0.0
4.737475462437425e-165,1.0,0.0,0.0
4.597461903772614e-165,1.0,0.0,0.0
4.461586371101905e-165,1.0,0.0,0.0
4.329726567275714e-165,1.0,0.0,0.0
4.2017638095714357e-165,1.0,0.0,0.0
4.0775829228709856e-165,1.0,0.0,0.0
3.9570721359954188e-165,1.0,0.0,0.0
3.840122981103327e-165,1.0,0.0,0.0
3.7266301960624593e-165,1.0,0.0,0.0
3.6164916297067003e-165,1.0,0.0,0.0
3.5096081498931265e-165,1.0,0.0,0.0
3.405883554276385e-165,1.0,0.0,0.0
3.3052244837200935e-165,1.0,0.0,0.0
3.207540338267314e-165,1.0,0.0,0.0
3.112743195594479e-165,1.0,0.0,0.0
3.020747731875365e-165,1.0,0.0,0.0
2.93147114498389e-165,1.0,0.0,0.0
2.844833079966615e-165,1.0,0.0,0.0
2.760755556717858e-165,1.0,0.0,0.0
2.6791628997923404e-165,1.0,0.0,0.0
2.5999816702921753e-165,1.0,0.0,0.0
2.523140599766907e-165,1.0,0.0,0.0
2.4485705260670907e-165,1.0,0.0,0.0
2.376204331093696e-165,1.0,0.0,0.0
2.3059768803872835e-165,1.0,0.0,0.0
2.237824964502597e-165,1.0,0.0,0.0
2.1716872421157975e-165,1.0,0.0,0.0
2.1075041848131306e-165,1.0,0.0,0.0
2.045218023511337e-165,1.0,0.0,0.0
1.9847726964615796e-165,1.0,0.0,0.0
1.9261137987900845e-165,1.0,0.0,0.0
1.8691885335300836e-165,1.0,0.0,0.0
1.8139456641009818e-165,1.0,0.0,0.0
1.7603354681919754e-165,1.0,0.0,0.0
1.7083096930086178e-165,1.0,0.0,0.0
1.657821511842047e-165,1.0,0.0,0.0
1.608825481921787e-165,1.0,0.0,0.0
1.5612775035141899e-165,1.0,0.0,0.0
1.5151347802296957e-165,1.0,0.0,0.0
1.4703557805031958e-165,1.0,0.0,0.0
1.4269002002128218e-165,1.0,0.0,0.0
1.3847289264035138e-165,1.0,0.0,0.0
1.3438040020827224e-165,1.0,0.0,0.0
1.3040885920565538e-165,1.0,0.0,0.0
1.2655469497756081e-165,1.0,0.0,0.0
1.2281443851606746e-165,1.0,0.0,0.0
1.1918472333793165e-165,1.0,0.0,0.0
1.1566228245452515e-165,1.0,0.0,0.0
1.1224394543132493e-165,1.0,0.0,0.0
1.08926635534308e-165,1.0,0.0,0.0
1.0570736696068324e-165,1.0,0.0,0.0
1.0258324215146736e-165,1.0,0.0,0.0
9.955144918348625e-166,1.0,0.0,0.0
9.660925923845431e-166,1.0,0.0,0.0
9.375402414685391e-166,1.0,0.0,0.0
9.098317400440403e-166,1.0,0.0,0.0
8.8294214858973e-166,1.0,0.0,0.0
8.568472646585323e-166,1.0,0.0,0.0
8.315236010937769e-166,1.0,0.0,0.0
8.069483648891724e-166,1.0,0.0,0.0
7.830994366735628e-166,1.0,0.0,0.0
7.599553508019999e-166,1.0,0.0,0.0
7.374952760352152e-166,1.0,0.0,0.0
7.15698996790098e-166,1.0,0.0,0.0
6.945468949443062e-166,1.0,0.0,0.0
6.740199321786324e-166,1.0,0.0,0.0
6.540996328412318e-166,1.0,0.0,0.0
6.347680673182882e-166,1.0,0.0,0.0
6.160078358961521e-166,1.0,0.0,0.0
5.978020531004238e-166,1.0,0.0,0.0
5.801343324978866e-166,1.0,0.0,0.0
5.629887719476116e-166,1.0,0.0,0.0
5.463499392879568e-166,1.0,0.0,0.0
5.302028584465814e-166,1.0,0.0,0.0
5.1453299596096835e-166,1.0,0.0,0.0
4.993262478973285e-166,1.0,0.0,0.0
4.845689271561077e-166,1.0,0.0,0.0
4.7024775115267384e-166,1.0,0.0,0.0
4.563498298620938e-166,1.0,0.0,0.0
4.428626542172413e-166,1.0,0.0,0.0
4.297740848497924e-166,1.0,0.0,0.0
4.170723411639746e-166,1.0,0.0,0.0
4.047459907332354e-166,1.0,0.0,0.0
3.9278393901028717e-166,1.0,0.0,0.0
3.8117541934126565e-166,1.0,0.0,0.0
3.699099832750146e-166,1.0,0.0,0.0
3.589774911587751e-166,1.0,0.0,0.0
3.483681030118134e-166,1.0,0.0,0.0
3.3807226966877425e-166,1.0,0.0,0.0
3.280807241847876e-166,1.0,0.0,0.0
3.183844734945927e-166,1.0,0.0,0.0
3.089747903181727e-166,1.0,0.0,0.0
2.9984320530561346e-166,1.0,0.0,0.0
2.909814994141169e-166,1.0,0.0,0.0
2.82381696510308e-166,1.0,0.0,0.0
2.740360561911764e-166,1.0,0.0,0.0
2.6593706681719113e-166,1.0,0.0,0.0
2.5807743875131847e-166,1.0,0.0,0.0
2.5045009779785618e-166,1.0,0.0,0.0
2.4304817883518027e-166,1.0,0.0,0.0
2.3586501963667195e-166,1.0,0.0,0.0
2.2889415487426435e-166,1.0,0.0,0.0
2.221293102992106e-166,1.0,0.0,0.0
2.1556439709483683e-166,1.0,0.0,0.0
2.0919350639619588e-166,1.0,0.0,0.0
2.0301090397169033e-166,1.0,0.0,0.0
1.9701102506187704e-166,1.0,0.0,0.0
1.911884693708079e-166,1.0,0.0,0.0
1.8553799620539918e-166,1.0,0.0,0.0
1.800545197584541e-166,1.0,0.0,0.0
1.747331045310929e-166,1.0,0.0,0.0
1.69568960890471e-166,1.0,0.0,0.0
1.64557440758786e-166,1.0,0.0,0.0
1.596940334296941e-166,1.0,0.0,0.0
1.5497436150836983e-166,1.0,0.0,0.0
1.5039417697155542e-166,1.0,0.0,0.0
1.4594935734405305e-166,1.0,0.0,0.0
1.4163590198821903e-166,1.0,0.0,0.0
1.3744992850311993e-166,1.0,0.0,0.0
1.3338766923010955e-166,1.0,0.0,0.0
1.2944546786168212e-166,1.0,0.0,0.0
1.2561977615054858e-166,1.0,0.0,0.0
1.2190715071597462e-166,1.0,0.0,0.0
1.183042499445057e-166,1.0,0.0,0.0
1.1480783098228924e-166,1.0,0.0,0.0
1.1141474681628746e-166,1.0,0.0,0.0
1.0812194344175321e-166,1.0,0.0,0.0
1.0492645711341951e-166,1.0,0.0,0.0
1.0182541167792888e-166,1.0,0.0,0.0
9.881601598510117e-167,1.0,0.0,0.0
9.589556137571004e-167,1.0,0.0,0.0
9.306141924350681e-167,1.0,0.0,0.0
9.031103866929747e-167,1.0,0.0,0.0
8.764194412494329e-167,1.0,0.0,0.0
8.505173324521826e-167,1.0,0.0,0.0
8.253807466551846e-167,1.0,0.0,0.0
8.00987059234764e-167,1.0,0.0,0.0
7.773143142259235e-167,1.0,0.0,0.0
7.543412045604915e-167,1.0,0.0,0.0
7.320470528893241e-167,1.0,0.0,0.0
7.104117929712946e-167,1.0,0.0,0.0
6.894159516123225e-167,1.0,0.0,0.0
6.690406311381844e-167,1.0,0.0,0.0
6.4926749238533235e-167,1.0,0.0,0.0
6.300787381944079e-167,1.0,0.0,0.0
6.114570973915987e-167,1.0,0.0,0.0
5.933858092434158e-167,1.0,0.0,0.0
5.758486083709023e-167,1.0,0.0,0.0
5.58829710109695e-167,1.0,0.0,0.0
5.4231379630276076e-167,1.0,0.0,0.0
5.262860015130215e-167,1.0,0.0,0.0
5.1073189964345745e-167,1.0,0.0,0.0
4.9563749095264645e-167,1.0,0.0,0.0
4.809891894540518e-167,1.0,0.0,0.0
4.6677381068771716e-167,1.0,0.0,0.0
4.529785598533632e-167,1.0,0.0,0.0
4.395910202942033e-167,1.0,0.0,0.0
4.2659914232111526e-167,1.0,0.0,0.0
4.139912323671069e-167,1.0,0.0,0.0
4.017559424623173e-167,1.0,0.0,0.0
3.898822600200778e-167,1.0,0.0,0.0
3.783594979248407e-167,1.0,0.0,0.0
3.67177284913054e-167,1.0,0.0,0.0
3.5632555623832454e-167,1.0,0.0,0.0
3.457945446124665e-167,1.0,0.0,0.0
3.355747714142832e-167,1.0,0.0,0.0
3.256570381581683e-167,1.0,0.0,0.0
3.1603241821484775e-167,1.0,0.0,0.0
3.0669224877681113e-167,1.0,0.0,0.0
2.9762812306120026e-167,1.0,0.0,0.0
2.888318827431372e-167,1.0,0.0,0.0
2.8029561061268117e-167,1.0,0.0,0.0
2.7201162344880555e-167,1.0,0.0,0.0
2.6397246510398013e-167,1.0,0.0,0.0
2.5617089979313522e-167,1.0,0.0,0.0
2.485999055809669e-167,1.0,0.0,0.0
2.41252668061721e-167,1.0,0.0,0.0
2.3412257422576844e-167,1.0,0.0,0.0
2.2720320650744983e-167,1.0,0.0,0.0
2.2048833700883363e-167,1.0,0.0,0.0
2.1397192189418744e-167,1.0,0.0,0.0
2.0764809595011804e-167,1.0,0.0,0.0
2.0151116730648353e-167,1.0,0.0,0.0
1.9555561231332593e-167,1.0,0.0,0.0
1.8977607056921368e-167,1.0,0.0,0.0
1.8416734009651822e-167,1.0,0.0,0.0
1.7872437265928338e-167,1.0,0.0,0.0
1.7344226921947218e-167,1.0,0.0,0.0
1.6831627552750187e-167,1.0,0.0,0.0
1.6334177784309862e-167,1.0,0.0,0.0
1.5851429878261975e-167,1.0,0.0,0.0
1.5382949328910639e-167,1.0,0.0,0.0
1.4928314472143889e-167,1.0,0.0,0.0
1.4487116105907525e-167,1.0,0.0,0.0
1.405895712189565e-167,1.0,0.0,0.0
1.3643452148126388e-167,1.0,0.0,0.0
1.3240227202081097e-167,1.0,0.0,0.0
1.2848919354094859e-167,1.0,0.0,0.0
1.246917640069529e-167,1.0,0.0,0.0
1.2100656547595644e-167,1.0,0.0,0.0
1.1743028102056887e-167,1.0,0.0,0.0
1.1395969174341845e-167,1.0,0.0,0.0
1.1059167387992718e-167,1.0,0.0,0.0
1.0732319598671188e-167,1.0,0.0,0.0
1.0415131621308046e-167,1.0,0.0,0.0
1.010731796531679e-167,1.0,0.0,0.0
9.808601577632816e-168,1.0,0.0,0.0
9.518713593346971e-168,1.0,0.0,0.0
9.237393093708981e-168,1.0,0.0,0.0
8.964386871282977e-168,1.0,0.0,0.0
8.6994492020437e-168,1.0,0.0,0.0
8.44234162420831e-168,1.0,0.0,0.0
8.192832723604675e-168,1.0,0.0,0.0
7.950697925383006e-168,1.0,0.0,0.0
7.715719291883329e-168,1.0,0.0,0.0
7.487685326476889e-168,1.0,0.0,0.0
7.266390783204909e-168,1.0,0.0,0.0
7.051636482043368e-168,1.0,0.0,0.0
6.843229129627549e-168,1.0,0.0,0.0
6.640981145274954e-168,1.0,0.0,0.0
6.444710492150039e-168,1.0,0.0,0.0
6.25424051341877e-168,1.0,0.0,0.0
6.069399773245551e-168,1.0,0.0,0.0
5.890021902489408e-168,1.0,0.0,0.0
5.715945448960523e-168,1.0,0.0,0.0
5.547013732102378e-168,1.0,0.0,0.0
5.383074701968672e-168,1.0,0.0,0.0
5.223980802368109e-168,1.0,0.0,0.0
5.069588838053874e-168,1.0,0.0,0.0
4.919759845838233e-168,1.0,0.0,0.0
4.774358969516303e-168,1.0,0.0,0.0
4.633255338486348e-168,1.0,0.0,0.0
4.496321949957421e-168,1.0,0.0,0.0
4.36343555463827e-168,1.0,0.0,0.0
4.2344765458046633e-168,1.0,0.0,0.0
4.1093288516452625e-168,1.0,0.0,0.0
3.9878798307891614e-168,1.0,0.0,0.0
3.8700201709210473e-168,1.0,0.0,0.0
3.755643790392742e-168,1.0,0.0,0.0
3.6446477427425576e-168,1.0,0.0,0.0
3.536932124036534e-168,1.0,0.0,0.0
3.432399982948155e-168,1.0,0.0,0.0
3.330957233495614e-168,1.0,0.0,0.0
3.2325125703580744e-168,1.0,0.0,0.0
3.1369773866947256e-168,1.0,0.0,0.0
3.0442656943926432e-168,1.0,0.0,0.0
2.954294046671683e-168,1.0,0.0,0.0
2.8669814629767486e-168,1.0,0.0,0.0
2.782249356089827e-168,1.0,0.0,0.0
2.700021461396186e-168,1.0,0.0,0.0
2.620223768241077e-168,1.0,0.0,0.0
2.542784453315148e-168,1.0,0.0,0.0
2.467633816008621e-168,1.0,0.0,0.0
2.394704215676035e-168,1.0,0.0,0.0
2.323930010755105e-168,1.0,0.0,0.0
2.255247499684881e-168,1.0,0.0,0.0
2.188594863570047e-168,1.0,0.0,0.0
2.1239121105397427e-168,1.0,0.0,0.0
2.0611410217508296e-168,1.0,0.0,0.0
2.0002250989870043e-168,1.0,0.0,0.0
1.94110951380659e-168,1.0,0.0,0.0
1.883741058193239e-168,1.0,0.0,0.0
1.8280680966651276e-168,1.0,0.0,0.0
1.7740405197995365e-168,1.0,0.0,0.0
1.7216096991309887e-168,1.0,0.0,0.0
1.6707284433823494e-168,1.0,0.0,0.0
1.6213509559894905e-168,1.0,0.0,0.0
1.573432793881294e-168,1.0,0.0,0.0
1.526930827477886e-168,1.0,0.0,0.0
1.4818032018711063e-168,1.0,0.0,0.0
1.4380092991522647e-168,1.0,0.0,0.0
1.3955097018532829e-168,1.0,0.0,0.0
1.3542661574683126e-168,1.0,0.0,0.0
1.3142415440238982e-168,1.0,0.0,0.0
1.275399836666696e-168,1.0,0.0,0.0
1.2377060752386746e-168,1.0,0.0,0.0
1.2011263328106131e-168,1.0,0.0,0.0
1.1656276851455754e-168,1.0,0.0,0.0
1.131178181064875e-168,1.0,0.0,0.0
1.0977468136898568e-168,1.0,0.0,0.0
1.0653034925336148e-168,1.0,0.0,0.0
1.0338190164175229e-168,1.0,0.0,0.0
1.003265047188203e-168,1.0,0.0,0.0
9.736140842112746e-169,1.0,0.0,0.0
9.448394396189279e-169,1.0,0.0,0.0
9.169152142890415e-169,1.0,0.0,0.0
8.898162745342245e-169,1.0,0.0,0.0
8.63518229479802e-169,1.0,0.0,0.0
8.379974091103814e-169,1.0,0.0,0.0
8.132308429652412e-169,1.0,0.0,0.0
7.89196239463366e-169,1.0,0.0,0.0
7.65871965839519e-169,1.0,0.0,0.0
7.432370286732938e-169,1.0,0.0,0.0
7.212710549936188e-169,1.0,0.0,0.0
6.99954273941708e-169,1.0,0.0,0.0
6.792674989759546e-169,1.0,0.0,0.0
6.591921106027478e-169,1.0,0.0,0.0
6.397100396176726e-169,1.0,0.0,0.0
6.20803750842006e-169,1.0,0.0,0.0
6.024562273398725e-169,1.0,0.0,0.0
5.846509551018539e-169,1.0,0.0,0.0
5.673719081812659e-169,1.0,0.0,0.0
5.506035342697246e-169,1.0,0.0,0.0
5.343307406990193e-169,1.0,0.0,0.0
5.1853888085669265e-169,1.0,0.0,0.0
5.032137410031008e-169,1.0,0.0,0.0
4.883415274780884e-169,1.0,0.0,0.0
4.7390885428576387e-169,1.0,0.0,0.0
4.59902731046199e-169,1.0,0.0,0.0
4.4631055130321136e-169,1.0,0.0,0.0
4.331200811777017e-169,1.0,0.0,0.0
4.2031944835633805e-169,1.0,0.0,0.0
4.0789713140567206e-169,1.0,0.0,0.0
3.958419494020713e-169,1.0,0.0,0.0
3.8414305186813357e-169,1.0,0.0,0.0
3.727899090065248e-169,1.0,0.0,0.0
3.617723022224509e-169,1.0,0.0,0.0
3.510803149262327e-169,1.0,0.0,0.0
3.40704323607706e-169,1.0,0.0,0.0
3.3063498917441296e-169,1.0,0.0,0.0
3.2086324854578867e-169,1.0,0.0,0.0
3.113803064957768e-169,1.0,0.0,0.0
3.0217762773653274e-169,1.0,0.0,0.0
2.932469292360883e-169,1.0,0.0,0.0
2.845801727630642e-169,1.0,0.0,0.0
2.76169557651719e-169,1.0,0.0,0.0
2.680075137808238e-169,1.0,0.0,0.0
2.6008669476004207e-169,1.0,0.0,0.0
2.5239997131768238e-169,1.0,0.0,0.0
2.4494042488387298e-169,1.0,0.0,0.0
2.377013413633819e-169,1.0,0.0,0.0
2.3067620509247808e-169,1.0,0.0,0.0
2.2385869297439434e-169,1.0,0.0,0.0
2.172426687881135e-169,1.0,0.0,0.0
2.1082217766535525e-169,1.0,0.0,0.0
2.0459144073079304e-169,1.0,0.0,0.0
1.9854484990067593e-169,1.0,0.0,0.0
1.926769628351751e-169,1.0,0.0,0.0
1.8698249803991045e-169,1.0,0.0,0.0
1.814563301122492e-169,1.0,0.0,0.0
1.760934851280979e-169,1.0,0.0,0.0
1.7088913616503464e-169,1.0,0.0,0.0
1.6583859895775347e-169,1.0,0.0,0.0
1.6093732768190925e-169,1.0,0.0,0.0
1.5618091086256908e-169,1.0,0.0,0.0
1.5156506740358704e-169,1.0,0.0,0.0
1.4708564273432874e-169,1.0,0.0,0.0
1.4273860507027747e-169,1.0,0.0,0.0
1.3852004178415588e-169,1.0,0.0,0.0
1.3442615588429745e-169,1.0,0.0,0.0
1.3045326259709774e-169,1.0,0.0,0.0
1.2659778605046943e-169,1.0,0.0,0.0
1.2285625605531612e-169,1.0,0.0,0.0
1.1922530498212791e-169,1.0,0.0,0.0
1.1570166472988765e-169,1.0,0.0,0.0
1.1228216378455937e-169,1.0,0.0,0.0
1.0896372436451164e-169,1.0,0.0,0.0
1.0574335965030638e-169,1.0,0.0,0.0
1.0261817109635978e-169,1.0,0.0,0.0
9.958534582205569e-170,1.0,0.0,0.0
9.664215407996315e-170,1.0,0.0,0.0
9.378594679887959e-170,1.0,0.0,0.0
9.101415319948782e-170,1.0,0.0,0.0
8.832427848048122e-170,1.0,0.0,0.0
8.571390157307422e-170,1.0,0.0,0.0
8.318067296187699e-170,1.0,0.0,0.0
8.072231257017291e-170,1.0,0.0,0.0
7.833660770769578e-170,1.0,0.0,0.0
7.60214110790592e-170,1.0,0.0,0.0
7.377463885104577e-170,1.0,0.0,0.0
7.15942687770166e-170,1.0,0.0,0.0
6.947833837675283e-170,1.0,0.0,0.0
6.7424943170091e-170,1.0,0.0,0.0
6.543223496276238e-170,1.0,0.0,0.0
6.349842018289336e-170,1.0,0.0,0.0
6.162175826666972e-170,1.0,0.0,0.0
5.980056009171177e-170,1.0,0.0,0.0
5.8033186456750176e-170,1.0,0.0,0.0
5.631804660623419e-170,1.0,0.0,0.0
5.465359679854431e-170,1.0,0.0,0.0
5.303833891652063e-170,1.0,0.0,0.0
5.147081911905626e-170,1.0,0.0,0.0
4.994962653254225e-170,1.0,0.0,0.0
4.8473391980986124e-170,1.0,0.0,0.0
4.704078675366105e-170,1.0,0.0,0.0
4.565052140917653e-170,1.0,0.0,0.0
4.4301344614894114e-170,1.0,0.0,0.0
4.299204202064361e-170,1.0,0.0,0.0
4.172143516572592e-170,1.0,0.0,0.0
4.04883804182189e-170,1.0,0.0,0.0
3.929176794563149e-170,1.0,0.0,0.0
3.813052071597949e-170,1.0,0.0,0.0
3.700359352838415e-170,1.0,0.0,0.0
3.59099720723208e-170,1.0,0.0,0.0
3.484867201467095e-170,1.0,0.0,0.0
3.3818738113756036e-170,1.0,0.0,0.0
3.281924335955545e-170,1.0,0.0,0.0
3.184928813933493e-170,1.0,0.0,0.0
3.0907999427934426e-170,1.0,0.0,0.0
2.999453000198652e-170,1.0,0.0,0.0
2.91080576773582e-170,1.0,0.0,0.0
2.824778456912966e-170,1.0,0.0,0.0
2.7412936373444048e-170,1.0,0.0,0.0
2.6602761670581696e-170,1.0,0.0,0.0
2.5816531248631698e-170,1.0,0.0,0.0
2.505353744715194e-170,1.0,0.0,0.0
2.4313093520226978e-170,1.0,0.0,0.0
2.3594533018350336e-170,1.0,0.0,0.0
2.289720918857499e-170,1.0,0.0,0.0
2.222049439239206e-170,1.0,0.0,0.0
2.1563779540813796e-170,1.0,0.0,0.0
2.0926473546152375e-170,1.0,0.0,0.0
2.0308002790001096e-170,1.0,0.0,0.0
1.97078106069391e-170,1.0,0.0,0.0
1.912535678349493e-170,1.0,0.0,0.0
1.8560117071917918e-170,1.0,0.0,0.0
1.801158271831987e-170,1.0,0.0,0.0
1.7479260004762202e-170,1.0,0.0,0.0
1.6962669804876483e-170,1.0,0.0,0.0
1.6461347152618367e-170,1.0,0.0,0.0
1.5974840823766775e-170,1.0,0.0,0.0
1.5502712929791636e-170,1.0,0.0,0.0
1.5044538523724671e-170,1.0,0.0,0.0
1.4599905217678425e-170,1.0,0.0,0.0
1.4168412811669347e-170,1.0,0.0,0.0
1.3749672933410797e-170,1.0,0.0,0.0
1.334330868875177e-170,1.0,0.0,0.0
1.2948954322446724e-170,1.0,0.0,0.0
1.2566254888951183e-170,1.0,0.0,0.0
1.2194865932946777e-170,1.0,0.0,0.0
1.1834453179308225e-170,1.0,0.0,0.0
1.1484692232233156e-170,1.0,0.0,0.0
1.1145268283263986e-170,1.0,0.0,0.0
1.0815875827939064e-170,1.0,0.0,0.0
1.0496218390818048e-170,1.0,0.0,0.0
1.0186008258633987e-170,1.0,0.0,0.0
9.884966221331969e-171,1.0,0.0,0.0
9.592821320761221e-171,1.0,0.0,0.0
9.309310606794504e-171,1.0,0.0,0.0
9.034178900655228e-171,1.0,0.0,0.0
8.767178565239351e-171,1.0,0.0,0.0
8.50806928222526e-171,1.0,0.0,0.0
8.256617835771073e-171,1.0,0.0,0.0
8.012597902604629e-171,1.0,0.0,0.0
7.77578984831728e-171,1.0,0.0,0.0
7.545980529678093e-171,1.0,0.0,0.0
7.322963102790565e-171,1.0,0.0,0.0
7.106536836919145e-171,1.0,0.0,0.0
6.896506933818037e-171,1.0,0.0,0.0
6.692684352399621e-171,1.0,0.0,0.0
6.494885638584723e-171,1.0,0.0,0.0
6.302932760181561e-171,1.0,0.0,0.0
6.116652946644755e-171,1.0,0.0,0.0
5.93587853357018e-171,1.0,0.0,0.0
5.76044681178568e-171,1.0,0.0,0.0
5.59019988090184e-171,1.0,0.0,0.0
5.424984507190972e-171,1.0,0.0,0.0
5.264651985666423e-171,1.0,0.0,0.0
5.10905800623805e-171,1.0,0.0,0.0
4.9580625238233955e-171,1.0,0.0,0.0
4.811529632297667e-171,1.0,0.0,0.0
4.669327442169051e-171,1.0,0.0,0.0
4.5313279618692665e-171,1.0,0.0,0.0
4.39740698255252e-171,1.0,0.0,0.0
4.267443966299157e-171,1.0,0.0,0.0
4.141321937623403e-171,1.0,0.0,0.0
4.018927378187527e-171,1.0,0.0,0.0
3.900150124627683e-171,1.0,0.0,0.0
3.784883269399441e-171,1.0,0.0,0.0
3.6730230645537854e-171,1.0,0.0,0.0
3.564468828356959e-171,1.0,0.0,0.0
3.4591228546701065e-171,1.0,0.0,0.0
3.356890325007155e-171,1.0,0.0,0.0
3.2576792231917795e-171,1.0,0.0,0.0
3.161400252536632e-171,1.0,0.0,0.0
3.0679667554702963e-171,1.0,0.0,0.0
2.9772946355396277e-171,1.0,0.0,0.0
2.8893022817172657e-171,1.0,0.0,0.0
2.8039104949462044e-171,1.0,0.0,0.0
2.721042416855296e-171,1.0,0.0,0.0
2.640623460581528e-171,1.0,0.0,0.0
2.562581243636813e-171,1.0,0.0,0.0
2.486845522758866e-171,1.0,0.0,0.0
2.4133481306875255e-171,1.0,0.0,0.0
2.3420229148096206e-171,1.0,0.0,0.0
2.272805677617153e-171,1.0,0.0,0.0
2.2056341189252084e-171,1.0,0.0,0.0
2.140447779797585e-171,1.0,0.0,0.0
2.07718798812967e-171,1.0,0.0,0.0
2.015797805839586e-171,1.0,0.0,0.0
1.9562219776200757e-171,1.0,0.0,0.0
1.898406881204995e-171,1.0,0.0,0.0
1.842300479105654e-171,1.0,0.0,0.0
1.7878522717735673e-171,1.0,0.0,0.0
1.7350132521474495e-171,1.0,0.0,0.0
1.683735861543555e-171,1.0,0.0,0.0
1.6339739468496514e-171,1.0,0.0,0.0
1.585682718984104e-171,1.0,0.0,0.0
1.5388187125826802e-171,1.0,0.0,0.0
1.4933397468767869e-171,1.0,0.0,0.0
1.4492048877279334e-171,1.0,0.0,0.0
1.4063744107842431e-171,1.0,0.0,0.0
1.3648097657258567e-171,1.0,0.0,0.0
1.3244735415670413e-171,1.0,0.0,0.0
1.2853294329837804e-171,1.0,0.0,0.0
1.2473422076365295e-171,1.0,0.0,0.0
1.2104776744587352e-171,1.0,0.0,0.0
1.174702652882566e-171,1.0,0.0,0.0
1.1399849429741628e-171,1.0,0.0,0.0
1.1062932964515246e-171,1.0,0.0,0.0
1.073597388558947e-171,1.0,0.0,0.0
1.0418677907726932e-171,1.0,0.0,0.0
1.0110759443133396e-171,1.0,0.0,0.0
9.811941344409442e-172,1.0,0.0,0.0
9.521954655099114e-172,1.0,0.0,0.0
9.240538367610955e-172,1.0,0.0,0.0
8.967439188293568e-172,1.0,0.0,0.0
8.702411309454219e-172,1.0,0.0,0.0
8.445216188115336e-172,1.0,0.0,0.0
8.195622331309727e-172,1.0,0.0,0.0
7.953405087721288e-172,1.0,0.0,0.0
7.718346445483652e-172,1.0,0.0,0.0
7.490234835954797e-172,1.0,0.0,0.0
7.268864943290998e-172,1.0,0.0,0.0
7.054037519648695e-172,1.0,0.0,0.0
6.845559205848003e-172,1.0,0.0,0.0
6.643242357336392e-172,1.0,0.0,0.0
6.446904875295924e-172,1.0,0.0,0.0
6.25637004274203e-172,1.0,0.0,0.0
6.0714663654663e-172,1.0,0.0,0.0
5.892027417680116e-172,1.0,0.0,0.0
5.717891692220214e-172,1.0,0.0,0.0
5.548902455181337e-172,1.0,0.0,0.0
5.384907604845138e-172,1.0,0.0,0.0
5.225759534778375e-172,1.0,0.0,0.0
5.071315000977151e-172,1.0,0.0,0.0
4.921434992937653e-172,1.0,0.0,0.0
4.775984608537308e-172,1.0,0.0,0.0
4.634832932613773e-172,1.0,0.0,0.0
4.497852919132451e-172,1.0,0.0,0.0
4.3649212768364865e-172,1.0,0.0,0.0
4.235918358276316e-172,1.0,0.0,0.0
4.110728052118883e-172,1.0,0.0,0.0
3.9892376786396074e-172,1.0,0.0,0.0
3.871337888303025e-172,1.0,0.0,0.0
3.756922563340827e-172,1.0,0.0,0.0
3.6458887222387066e-172,1.0,0.0,0.0
3.538136427046047e-172,1.0,0.0,0.0
3.433568693425019e-172,1.0,0.0,0.0
3.332091403358133e-172,1.0,0.0,0.0
3.23361322043567e-172,1.0,0.0,0.0
3.13804550764675e-172,1.0,0.0,0.0
3.04530224760004e-172,1.0,0.0,0.0
2.9552999651022955e-172,1.0,0.0,0.0
2.8679576520250534e-172,1.0,0.0,0.0
2.7831966943918504e-172,1.0,0.0,0.0
2.7009408016203343e-172,1.0,0.0,0.0
2.6211159378555983e-172,1.0,0.0,0.0
2.543650255332908e-172,1.0,0.0,0.0
2.4684740297098676e-172,1.0,0.0,0.0
2.395519597309806e-172,1.0,0.0,0.0
2.3247212942198997e-172,1.0,0.0,0.0
2.2560153971892214e-172,1.0,0.0,0.0
2.1893400662735124e-172,1.0,0.0,0.0
2.1246352891750592e-172,1.0,0.0,0.0
2.0618428272275757e-172,1.0,0.0,0.0
2.000906162977474e-172,1.0,0.0,0.0
1.941770449314339e-172,1.0,0.0,0.0
1.8843824601048313e-172,1.0,0.0,0.0
1.828690542285571e-172,1.0,0.0,0.0
1.774644569371898e-172,1.0,0.0,0.0
1.7221958963406504e-172,1.0,0.0,0.0
1.671297315846362e-172,1.0,0.0,0.0
1.621903015731465e-172,1.0,0.0,0.0
1.5739685377922562e-172,1.0,0.0,0.0
1.5274507377635132e-172,1.0,0.0,0.0
1.482307746485744e-172,1.0,0.0,0.0
1.4384989322201173e-172,1.0,0.0,0.0
1.3959848640771567e-172,1.0,0.0,0.0
1.3547272765262777e-172,1.0,0.0,0.0
1.3146890349542272e-172,1.0,0.0,0.0
1.2758341022414276e-172,1.0,0.0,0.0
1.2381275063261344e-172,1.0,0.0,0.0
1.201535308727222e-172,1.0,0.0,0.0
1.16602457399726e-172,1.0,0.0,0.0
1.1315633400783873e-172,1.0,0.0,0.0
1.0981205895343033e-172,1.0,0.0,0.0
1.0656662216324817e-172,1.0,0.0,0.0
1.0341710252514796e-172,1.0,0.0,0.0
1.0036066525889568e-172,1.0,0.0,0.0
9.73945593646741e-173,1.0,0.0,0.0
9.451611514699723e-173,1.0,0.0,0.0
9.172274181180419e-173,1.0,0.0,0.0
8.901192513456975e-173,1.0,0.0,0.0
8.638122519733258e-173,1.0,0.0,0.0
8.382827419260437e-173,1.0,0.0,0.0
8.13507742921833e-173,1.0,0.0,0.0
7.89464955789536e-173,1.0,0.0,0.0
7.661327403980965e-173,1.0,0.0,0.0
7.434900961789808e-173,1.0,0.0,0.0
7.2151664322425e-173,1.0,0.0,0.0
7.001926039432655e-173,1.0,0.0,0.0
6.794987852615248e-173,1.0,0.0,0.0
6.59416561345597e-173,1.0,0.0,0.0
6.399278568386175e-173,1.0,0.0,0.0
6.210151305912458e-173,1.0,0.0,0.0
6.026613598734474e-173,1.0,0.0,0.0
5.848500250528885e-173,1.0,0.0,0.0
5.675650947261512e-173,1.0,0.0,0.0
5.507910112893892e-173,1.0,0.0,0.0
5.3451267693543356e-173,1.0,0.0,0.0
5.187154400647482e-173,1.0,0.0,0.0
5.033850820980006e-173,1.0,0.0,0.0
4.8850780467838185e-173,1.0,0.0,0.0
4.7407021725215296e-173,1.0,0.0,0.0
4.60059325016244e-173,1.0,0.0,0.0
4.464625172220537e-173,1.0,0.0,0.0
4.332675558249244e-173,1.0,0.0,0.0
4.204625644690767e-173,1.0,0.0,0.0
4.080360177980869e-173,1.0,0.0,0.0
3.95976731081289e-173,1.0,0.0,0.0
3.842738501467617e-173,1.0,0.0,0.0
3.729168416118417e-173,1.0,0.0,0.0
3.618954834023679e-173,1.0,0.0,0.0
3.511998555521252e-173,1.0,0.0,0.0
3.40820331274205e-173,1.0,0.0,0.0
3.307475682962477e-173,1.0,0.0,0.0
3.2097250045176666e-173,1.0,0.0,0.0
3.114863295199868e-173,1.0,0.0,0.0
3.02280517306852e-173,1.0,0.0,0.0
2.9334677796007406e-173,1.0,0.0,0.0
2.846770705113068e-173,1.0,0.0,0.0
2.762635916387315e-173,1.0,0.0,0.0
2.6809876864354086e-173,1.0,0.0,0.0
2.6017525263399877e-173,1.0,0.0,0.0
2.52485911910942e-173,1.0,0.0,0.0
2.4502382554876964e-173,1.0,0.0,0.0
2.3778227716614263e-173,1.0,0.0,0.0
2.3075474888078774e-173,1.0,0.0,0.0
2.2393491544296328e-173,1.0,0.0,0.0
2.173166385423076e-173,1.0,0.0,0.0
2.1089396128294553e-173,1.0,0.0,0.0
2.046611028218799e-173,1.0,0.0,0.0
1.9861245316584287e-173,1.0,0.0,0.0
1.9274256812192325e-173,1.0,0.0,0.0
1.8704616439742554e-173,1.0,0.0,0.0
1.815181148445499e-173,1.0,0.0,0.0
1.76153443845613e-173,1.0,0.0,0.0
1.7094732283465655e-173,1.0,0.0,0.0
1.6589506595141185e-173,1.0,0.0,0.0
1.6099212582370932e-173,1.0,0.0,0.0
1.5623408947453675e-173,1.0,0.0,0.0
1.5161667435006208e-173,1.0,0.0,0.0
1.4713572446504592e-173,1.0,0.0,0.0
1.4278720666217442e-173,1.0,0.0,0.0
1.3856720698194541e-173,1.0,0.0,0.0
1.3447192713984076e-173,1.0,0.0,0.0
1.3049768110761386e-173,1.0,0.0,0.0
1.2664089179561562e-173,1.0,0.0,0.0
1.228980878331722e-173,1.0,0.0,0.0
1.1926590044411717e-173,1.0,0.0,0.0
1.1574106041466565e-173,1.0,0.0,0.0
1.123203951509012e-173,1.0,0.0,0.0
1.0900082582322723e-173,1.0,0.0,0.0
1.0577936459521253e-173,1.0,0.0,0.0
1.0265311193433688e-173,1.0,0.0,0.0
9.961925400221604e-174,1.0,0.0,0.0
9.667506012195738e-174,1.0,0.0,0.0
9.381788032036627e-174,1.0,0.0,0.0
9.104514294279146e-174,1.0,0.0,0.0
8.835435233846231e-174,1.0,0.0,0.0
8.574308661423461e-174,1.0,0.0,0.0
8.32089954547234e-174,1.0,0.0,0.0
8.074979800686036e-174,1.0,0.0,0.0
7.83632808269723e-174,1.0,0.0,0.0
7.604729588853227e-174,1.0,0.0,0.0
7.379975864879088e-174,1.0,0.0,0.0
7.161864617254704e-174,1.0,0.0,0.0
6.9501995311369815e-174,1.0,0.0,0.0
6.744790093663228e-174,1.0,0.0,0.0
6.545451422476723e-174,1.0,0.0,0.0
6.35200409932012e-174,1.0,0.0,0.0
6.164274008546902e-174,1.0,0.0,0.0
5.98209218040555e-174,1.0,0.0,0.0
5.805294638955365e-174,1.0,0.0,0.0
5.633722254477053e-174,1.0,0.0,0.0
5.467220600245237e-174,1.0,0.0,0.0
5.3056398135339855e-174,1.0,0.0,0.0
5.148834460730239e-174,1.0,0.0,0.0
4.99666340643375e-174,1.0,0.0,0.0
4.848989686425694e-174,1.0,0.0,0.0
4.705680384391628e-174,1.0,0.0,0.0
4.566606512287839e-174,1.0,0.0,0.0
4.431642894243397e-174,1.0,0.0,0.0
4.300668053893429e-174,1.0,0.0,0.0
4.173564105042183e-174,1.0,0.0,0.0
4.050216645557502e-174,1.0,0.0,0.0
3.9305146544011845e-174,1.0,0.0,0.0
3.814350391702554e-174,1.0,0.0,0.0
3.7016193017853064e-174,1.0,0.0,0.0
3.592219919060344e-174,1.0,0.0,0.0
3.486053776699897e-174,1.0,0.0,0.0
3.3830253180107353e-174,1.0,0.0,0.0
3.2830418104266915e-174,1.0,0.0,0.0
3.186013262043097e-174,1.0,0.0,0.0
3.0918523406179917e-174,1.0,0.0,0.0
3.000474294967214e-174,1.0,0.0,0.0
2.911796878682613e-174,1.0,0.0,0.0
2.8257402761047323e-174,1.0,0.0,0.0
2.742227030483329e-174,1.0,0.0,0.0
2.661181974261072e-174,1.0,0.0,0.0
2.5825321614176646e-174,1.0,0.0,0.0
2.5062068018135068e-174,1.0,0.0,0.0
2.432137197473789e-174,1.0,0.0,0.0
2.3602566807556805e-174,1.0,0.0,0.0
2.2905005543429495e-174,1.0,0.0,0.0
2.2228060330140144e-174,1.0,0.0,0.0
2.1571121871310054e-174,1.0,0.0,0.0
2.0933598877989785e-174,1.0,0.0,0.0
2.0314917536459194e-174,1.0,0.0,0.0
1.971452099175638e-174,1.0,0.0,0.0
1.91318688464706e-174,1.0,0.0,0.0
1.8566436674348157e-174,1.0,0.0,0.0
1.8017715548273373e-174,1.0,0.0,0.0
1.7485211582199826e-174,1.0,0.0,0.0
1.6968445486619592e-174,1.0,0.0,0.0
1.6466952137170329e-174,1.0,0.0,0.0
1.5980280155991963e-174,1.0,0.0,0.0
1.5507991505456153e-174,1.0,0.0,0.0
1.5049661093902863e-174,1.0,0.0,0.0
1.4604876393029172e-174,1.0,0.0,0.0
1.417323706658597e-174,1.0,0.0,0.0
1.3754354610048306e-174,1.0,0.0,0.0
1.3347852000935103e-174,1.0,0.0,0.0
1.295336335946347e-174,1.0,0.0,0.0
1.257053361923222e-174,1.0,0.0,0.0
1.219901820763813e-174,1.0,0.0,0.0
1.1838482735737353e-174,1.0,0.0,0.0
1.1488602697272795e-174,1.0,0.0,0.0
1.1149063176596588e-174,1.0,0.0,0.0
1.0819558565224746e-174,1.0,0.0,0.0
1.0499792286768913e-174,1.0,0.0,0.0
1.0189476529997592e-174,1.0,0.0,0.0
9.88833198978661e-175,1.0,0.0,0.0
9.596087615725667e-175,1.0,0.0,0.0
9.312480368154659e-175,1.0,0.0,0.0
9.037254981410245e-175,1.0,0.0,0.0
8.770163734069512e-175,1.0,0.0,0.0
8.51096622598398e-175,1.0,0.0,0.0
8.259429161903247e-175,1.0,0.0,0.0
8.015326141493512e-175,1.0,0.0,0.0
7.778437455562e-175,1.0,0.0,0.0
7.548549888303856e-175,1.0,0.0,0.0
7.325456525393538e-175,1.0,0.0,0.0
7.108956567747953e-175,1.0,0.0,0.0
6.89885515079373e-175,1.0,0.0,0.0
6.694963169075958e-175,1.0,0.0,0.0
6.497097106050509e-175,1.0,0.0,0.0
6.305078868906767e-175,1.0,0.0,0.0
6.118735628272074e-175,1.0,0.0,0.0
5.937899662653634e-175,1.0,0.0,0.0
5.762408207477851e-175,1.0,0.0,0.0
5.592103308591224e-175,1.0,0.0,0.0
5.426831680090952e-175,1.0,0.0,0.0
5.266444566357273e-175,1.0,0.0,0.0
5.11079760816337e-175,1.0,0.0,0.0
4.959750712742326e-175,1.0,0.0,0.0
4.813167927694169e-175,1.0,0.0,0.0
4.670917318619549e-175,1.0,0.0,0.0
4.5328708503698675e-175,1.0,0.0,0.0
4.3989042718070023e-175,1.0,0.0,0.0
4.2688970039689014e-175,1.0,0.0,0.0
4.142732031540376e-175,1.0,0.0,0.0
4.0202957975314227e-175,1.0,0.0,0.0
3.9014781010682636e-175,1.0,0.0,0.0
3.7861719982051273e-175,1.0,0.0,0.0
3.6742737056674786e-175,1.0,0.0,0.0
3.565682507440067e-175,1.0,0.0,0.0
3.4603006641157146e-175,1.0,0.0,0.0
3.358033324923254e-175,1.0,0.0,0.0
3.258788442355434e-175,1.0,0.0,0.0
3.16247668931995e-175,1.0,0.0,0.0
3.069011378739032e-175,1.0,0.0,0.0
2.9783083855252235e-175,1.0,0.0,0.0
2.890286070863126e-175,1.0,0.0,0.0
2.804865208728957e-175,1.0,0.0,0.0
2.721968914581778e-175,1.0,0.0,0.0
2.641522576162222e-175,1.0,0.0,0.0
2.563453786336422e-175,1.0,0.0,0.0
2.4876922779247077e-175,1.0,0.0,0.0
2.4141698604563965e-175,1.0,0.0,0.0
2.3428203587937706e-175,1.0,0.0,0.0
2.2735795535699876e-175,1.0,0.0,0.0
2.2063851233873132e-175,1.0,0.0,0.0
2.1411765887236608e-175,1.0,0.0,0.0
2.0778952574969373e-175,1.0,0.0,0.0
2.0164841722382088e-175,1.0,0.0,0.0
1.9568880588261355e-175,1.0,0.0,0.0
1.8990532767365306e-175,1.0,0.0,0.0
1.842927770762269e-175,1.0,0.0,0.0
1.7884610241600878e-175,1.0,0.0,0.0
1.735604013182108e-175,1.0,0.0,0.0
1.684309162951153e-175,1.0,0.0,0.0
1.634530304640147e-175,1.0,0.0,0.0
1.5862226339170576e-175,1.0,0.0,0.0
1.53934267061797e-175,1.0,0.0,0.0
1.4938482196120063e-175,1.0,0.0,0.0
1.4496983328228606e-175,1.0,0.0,0.0
1.4068532723727662e-175,1.0,0.0,0.0
1.365274474815723e-175,1.0,0.0,0.0
1.3249245164277954e-175,1.0,0.0,0.0
1.2857670795232325e-175,1.0,0.0,0.0
1.247766919766102e-175,1.0,0.0,0.0
1.2108898344480081e-175,1.0,0.0,0.0
1.1751026317033464e-175,1.0,0.0,0.0
1.1403731006343836e-175,1.0,0.0,0.0
1.1066699823192768e-175,1.0,0.0,0.0
1.0739629416769337e-175,1.0,0.0,0.0
1.0422225401633921e-175,1.0,0.0,0.0
1.0114202092751439e-175,1.0,0.0,0.0
9.815282248355537e-176,1.0,0.0,0.0
9.52519682041229e-176,1.0,0.0,0.0
9.243684712458806e-176,1.0,0.0,0.0
8.970492544598802e-176,1.0,0.0,0.0
8.70537442544358e-176,1.0,0.0,0.0
8.448091730793194e-176,1.0,0.0,0.0
8.198412888858562e-176,1.0,0.0,0.0
7.956113171831227e-176,1.0,0.0,0.0
7.72097449361316e-176,1.0,0.0,0.0
7.492785213524561e-176,1.0,0.0,0.0
7.27133994581295e-176,1.0,0.0,0.0
7.056439374792145e-176,1.0,0.0,0.0
6.847890075444678e-176,1.0,0.0,0.0
6.645504339326238e-176,1.0,0.0,0.0
6.449100005615392e-176,1.0,0.0,0.0
6.258500297156558e-176,1.0,0.0,0.0
6.0735336613486294e-176,1.0,0.0,0.0
5.894033615736062e-176,1.0,0.0,0.0
5.7198385981634246e-176,1.0,0.0,0.0
5.550791821358557e-176,1.0,0.0,0.0
5.386741131813439e-176,1.0,0.0,0.0
5.227538872835772e-176,1.0,0.0,0.0
5.073041751647984e-176,1.0,0.0,0.0
4.9231107104140635e-176,1.0,0.0,0.0
4.777610801078117e-176,1.0,0.0,0.0
4.6364110639020184e-176,1.0,0.0,0.0
4.499384409592799e-176,1.0,0.0,0.0
4.3664075049137126e-176,1.0,0.0,0.0
4.237360661675994e-176,1.0,0.0,0.0
4.112127729011413e-176,1.0,0.0,0.0
3.990595988828656e-176,1.0,0.0,0.0
3.872656054359434e-176,1.0,0.0,0.0
3.75820177170301e-176,1.0,0.0,0.0
3.647130124280523e-176,1.0,0.0,0.0
3.5393411401131164e-176,1.0,0.0,0.0
3.434737801840407e-176,1.0,0.0,0.0
3.333225959398315e-176,1.0,0.0,0.0
3.234714245277654e-176,1.0,0.0,0.0
3.1391139922872015e-176,1.0,0.0,0.0
3.0463391537472468e-176,1.0,0.0,0.0
2.9563062260417702e-176,1.0,0.0,0.0
2.8689341734595538e-176,1.0,0.0,0.0
2.784144355256572e-176,1.0,0.0,0.0
2.7018604548740134e-176,1.0,0.0,0.0
2.62200841124823e-176,1.0,0.0,0.0
2.544516352150778e-176,1.0,0.0,0.0
2.4693145294985645e-176,1.0,0.0,0.0
2.3963352565758645e-176,1.0,0.0,0.0
2.3255128471117078e-176,1.0,0.0,0.0
2.2567835561578033e-176,1.0,0.0,0.0
2.1900855227137827e-176,1.0,0.0,0.0
2.1253587140481246e-176,1.0,0.0,0.0
2.0625448716646457e-176,1.0,0.0,0.0
2.0015874588659222e-176,1.0,0.0,0.0
1.9424316098664463e-176,1.0,0.0,0.0
1.885024080409715e-176,1.0,0.0,0.0
1.829313199844809e-176,1.0,0.0,0.0
1.775248824619316e-176,1.0,0.0,0.0
1.722782293146752e-176,1.0,0.0,0.0
1.671866382007849e-176,1.0,0.0,0.0
1.6224552634462884e-176,1.0,0.0,0.0
1.5745044641206301e-176,1.0,0.0,0.0
1.5279708250753027e-176,1.0,0.0,0.0
1.48281246289463e-176,1.0,0.0,0.0
1.4389887320049313e-176,1.0,0.0,0.0
1.3964601880907611e-176,1.0,0.0,0.0
1.3551885525923641e-176,1.0,0.0,0.0
1.3151366782523867e-176,1.0,0.0,0.0
1.2762685156808396e-176,1.0,0.0,0.0
1.2385490809082127e-176,1.0,0.0,0.0
1.2019444238975422e-176,1.0,0.0,0.0
1.1664215979870866e-176,1.0,0.0,0.0
1.131948630236106e-176,1.0,0.0,0.0
1.0984944926470594e-176,1.0,0.0,0.0
1.066029074238311e-176,1.0,0.0,0.0
1.0345231539422162e-176,1.0,0.0,0.0
1.0039483743041873e-176,1.0,0.0,0.0
9.742772159590719e-177,1.0,0.0,0.0
9.454829728618656e-177,1.0,0.0,0.0
9.1753972825047e-177,1.0,0.0,0.0
8.904223313188573e-177,1.0,0.0,0.0
8.64106374579648e-177,1.0,0.0,0.0
8.385681718957239e-177,1.0,0.0,0.0
8.137847371611073e-177,1.0,0.0,0.0
7.897337636119143e-177,1.0,0.0,0.0
7.663936037487605e-177,1.0,0.0,0.0
7.437432498525518e-177,1.0,0.0,0.0
7.217623150761193e-177,1.0,0.0,0.0
7.004310150946802e-177,1.0,0.0,0.0
6.797301502986112e-177,1.0,0.0,0.0
6.596410885125035e-177,1.0,0.0,0.0
6.401457482249475e-177,1.0,0.0,0.0
6.212265823139522e-177,1.0,0.0,0.0
6.028665622533517e-177,1.0,0.0,0.0
5.850491627859815e-177,1.0,0.0,0.0
5.677583470498324e-177,1.0,0.0,0.0
5.509785521437924e-177,1.0,0.0,0.0
5.346946751199849e-177,1.0,0.0,0.0
5.188920593900965e-177,1.0,0.0,0.0
5.0355648153345895e-177,1.0,0.0,0.0
4.886741384950096e-177,1.0,0.0,0.0
4.74231635161611e-177,1.0,0.0,0.0
4.602159723055449e-177,1.0,0.0,0.0
4.466145348843297e-177,1.0,0.0,0.0
4.3341508068633135e-177,1.0,0.0,0.0
4.206057293119462e-177,1.0,0.0,0.0
4.081749514804396e-177,1.0,0.0,0.0
3.961115586528156e-177,1.0,0.0,0.0
3.84404692961376e-177,1.0,0.0,0.0
3.730438174369074e-177,1.0,0.0,0.0
3.6201870652469713e-177,1.0,0.0,0.0
3.5131943688084432e-177,1.0,0.0,0.0
3.4093637844058037e-177,1.0,0.0,0.0
3.30860185750561e-177,1.0,0.0,0.0
3.2108178955732737e-177,1.0,0.0,0.0
3.1159238864436576e-177,1.0,0.0,0.0
3.023834419104189e-177,1.0,0.0,0.0
2.9344666068191863e-177,1.0,0.0,0.0
2.847740012526197e-177,1.0,0.0,0.0
2.7635765764372165e-177,1.0,0.0,0.0
2.681900545779612e-177,1.0,0.0,0.0
2.602638406613512e-177,1.0,0.0,0.0
2.525718817664299e-177,1.0,0.0,0.0
2.45107254611065e-177,1.0,0.0,0.0
2.3786324052703208e-177,1.0,0.0,0.0
2.308333194127603e-177,1.0,0.0,0.0
2.2401116386480037e-177,1.0,0.0,0.0
2.1739063348273492e-177,1.0,0.0,0.0
2.1096576934240332e-177,1.0,0.0,0.0
2.04730788632468e-177,1.0,0.0,0.0
1.986800794494938e-177,1.0,0.0,0.0
1.9280819574685646e-177,1.0,0.0,0.0
1.871098524329326e-177,1.0,0.0,0.0
1.81579920614161e-177,1.0,0.0,0.0
1.7621342297869212e-177,1.0,0.0,0.0
1.7100552931647136e-177,1.0,0.0,0.0
1.6595155217172433e-177,1.0,0.0,0.0
1.6104694262392997e-177,1.0,0.0,0.0
1.5628728619348535e-177,1.0,0.0,0.0
1.516682988683759e-177,1.0,0.0,0.0
1.4718582324827556e-177,1.0,0.0,0.0
1.4283582480260591e-177,1.0,0.0,0.0
1.386143882391864e-177,1.0,0.0,0.0
1.3451771398020695e-177,1.0,0.0,0.0
1.3054211474235177e-177,1.0,0.0,0.0
1.2668401221799532e-177,1.0,0.0,0.0
1.22939933854484e-177,1.0,0.0,0.0
1.1930650972860442e-177,1.0,0.0,0.0
1.1578046951342509e-177,1.0,0.0,0.0
1.123586395347814e-177,1.0,0.0,0.0
1.0903793991475478e-177,1.0,0.0,0.0
1.0581538179957464e-177,1.0,0.0,0.0
1.0268806466944825e-177,1.0,0.0,0.0
9.965317372789724e-178,1.0,0.0,0.0
9.67079773682507e-178,1.0,0.0,0.0
9.384982471501497e-178,1.0,0.0,0.0
9.107614323790664e-178,1.0,0.0,0.0
8.838443643640177e-178,1.0,0.0,0.0
8.577228159271686e-178,1.0,0.0,0.0
8.323732759119942e-178,1.0,0.0,0.0
8.077729280216512e-178,1.0,0.0,0.0
7.838996302827716e-178,1.0,0.0,0.0
7.607318951161921e-178,1.0,0.0,0.0
7.382488699966821e-178,1.0,0.0,0.0
7.164303186842644e-178,1.0,0.0,0.0
6.952566030102336e-178,1.0,0.0,0.0
6.74708665201478e-178,1.0,0.0,0.0
6.547680107271982e-178,1.0,0.0,0.0
6.354166916525817e-178,1.0,0.0,0.0
6.166372904844489e-178,1.0,0.0,0.0
5.984129044943348e-178,1.0,0.0,0.0
5.807271305048925e-178,1.0,0.0,0.0
5.635640501259263e-178,1.0,0.0,0.0
5.469082154267664e-178,1.0,0.0,0.0
5.307446350320882e-178,1.0,0.0,0.0
5.150587606286637e-178,1.0,0.0,0.0
4.998364738708971e-178,1.0,0.0,0.0
4.8506407367336074e-178,1.0,0.0,0.0
4.707282638788939e-178,1.0,0.0,0.0
4.5681614129116394e-178,1.0,0.0,0.0
4.43315184060919e-178,1.0,0.0,0.0
4.302132404154781e-178,1.0,0.0,0.0
4.174985177213157e-178,1.0,0.0,0.0
4.0515957186989606e-178,1.0,0.0,0.0
3.9318529697720277e-178,1.0,0.0,0.0
3.8156491538769383e-178,1.0,0.0,0.0
3.702879679736841e-178,1.0,0.0,0.0
3.5934430472142476e-178,1.0,0.0,0.0
3.487240755954057e-178,1.0,0.0,0.0
3.3841772167265884e-178,1.0,0.0,0.0
3.2841596653908233e-178,1.0,0.0,0.0
3.187098079400419e-178,1.0,0.0,0.0
3.0929050967773394e-178,1.0,0.0,0.0
3.0014959374801806e-178,1.0,0.0,0.0
2.912788327096411e-178,1.0,0.0,0.0
2.826702422789846e-178,1.0,0.0,0.0
2.74316074143671e-178,1.0,0.0,0.0
2.6620880898855936e-178,1.0,0.0,0.0
2.583411497278543e-178,1.0,0.0,0.0
2.507060149372362e-178,1.0,0.0,0.0
2.432965324801017e-178,1.0,0.0,0.0
2.361060333221765e-178,1.0,0.0,0.0
2.2912804552893483e-178,1.0,0.0,0.0
2.2235628844042144e-178,1.0,0.0,0.0
2.1578466701823375e-178,1.0,0.0,0.0
2.0940726635957587e-178,1.0,0.0,0.0
2.0321834637344703e-178,1.0,0.0,0.0
1.9721233661417218e-178,1.0,0.0,0.0
1.91383831267625e-178,1.0,0.0,0.0
1.8572758428563026e-178,1.0,0.0,0.0
1.802385046641666e-178,1.0,0.0,0.0
1.7491165186111902e-178,1.0,0.0,0.0
1.6974223134945782e-178,1.0,0.0,0.0
1.6472559030184059e-178,1.0,0.0,0.0
1.598572134027535e-178,1.0,0.0,0.0
1.5513271878442276e-178,1.0,0.0,0.0
1.505478540828378e-178,1.0,0.0,0.0
1.4609849261033666e-178,1.0,0.0,0.0
1.4178062964130858e-178,1.0,0.0,0.0
1.3759037880767077e-178,1.0,0.0,0.0
1.3352396860087476e-178,1.0,0.0,0.0
1.2957773897729415e-178,1.0,0.0,0.0
1.2574813806393839e-178,1.0,0.0,0.0
1.2203171896152738e-178,1.0,0.0,0.0
1.1842513664204943e-178,1.0,0.0,0.0
1.1492514493801035e-178,1.0,0.0,0.0
1.1152859362066357e-178,1.0,0.0,0.0
1.0823242556459171e-178,1.0,0.0,0.0
1.0503367399608735e-178,1.0,0.0,0.0
1.0192945982285647e-178,1.0,0.0,0.0
9.891698904264113e-179,1.0,0.0,0.0
9.599355022842876e-179,1.0,0.0,0.0
9.3156512087985e-179,1.0,0.0,0.0
9.040332109551293e-179,1.0,0.0,0.0
8.773149919330767e-179,1.0,0.0,0.0
8.513864156133715e-179,1.0,0.0,0.0
8.262241445274175e-179,1.0,0.0,0.0
8.018055309330469e-179,1.0,0.0,0.0
7.781085964300228e-179,1.0,0.0,0.0
7.551120121779968e-179,1.0,0.0,0.0
7.327950796991126e-179,1.0,0.0,0.0
7.11137712247979e-179,1.0,0.0,0.0
6.901204167322439e-179,1.0,0.0,0.0
6.697242761674948e-179,1.0,0.0,0.0
6.499309326506969e-179,1.0,0.0,0.0
6.307225708368409e-179,1.0,0.0,0.0
6.120819019039303e-179,1.0,0.0,0.0
5.939921479918748e-179,1.0,0.0,0.0
5.7643702710128396e-179,1.0,0.0,0.0
5.5940073843856874e-179,1.0,0.0,0.0
5.4286794819416095e-179,1.0,0.0,0.0
5.268237757410499e-179,1.0,0.0,0.0
5.112537802412135e-179,1.0,0.0,0.0
4.961439476478896e-179,1.0,0.0,0.0
4.814806780919883e-179,1.0,0.0,0.0
4.672507736412915e-179,1.0,0.0,0.0
4.534414264214235e-179,1.0,0.0,0.0
4.400402070878997e-179,1.0,0.0,0.0
4.270350536388774e-179,1.0,0.0,0.0
4.144142605585403e-179,1.0,0.0,0.0
4.021664682813442e-179,1.0,0.0,0.0
3.902806529676416e-179,1.0,0.0,0.0
3.7874611658148145e-179,1.0,0.0,0.0
3.675524772616555e-179,1.0,0.0,0.0
3.56689659977322e-179,1.0,0.0,0.0
3.4614788745979824e-179,1.0,0.0,0.0
3.359176714023588e-179,1.0,0.0,0.0
3.259898039201192e-179,1.0,0.0,0.0
3.163553492623179e-179,1.0,0.0,0.0
3.0700563576953775e-179,1.0,0.0,0.0
2.9793224806862717e-179,1.0,0.0,0.0
2.891270194982963e-179,1.0,0.0,0.0
2.805820247585708e-179,1.0,0.0,0.0
2.7228957277748695e-179,1.0,0.0,0.0
2.6424219978860777e-179,1.0,0.0,0.0
2.5643266261312965e-179,1.0,0.0,0.0
2.4885393214053226e-179,1.0,0.0,0.0
2.414991870019051e-179,1.0,0.0,0.0
2.3436180743025485e-179,1.0,0.0,0.0
2.2743536930226842e-179,1.0,0.0,0.0
2.2071363835616822e-179,1.0,0.0,0.0
2.1419056458045613e-179,1.0,0.0,0.0
2.078602767684946e-179,1.0,0.0,0.0
2.0171707723402452e-179,1.0,0.0,0.0
1.9575543668286288e-179,1.0,0.0,0.0
1.8996998923616518e-179,1.0,0.0,0.0
1.8435552760077207e-179,1.0,0.0,0.0
1.789069983822941e-179,1.0,0.0,0.0
1.7361949753671578e-179,1.0,0.0,0.0
1.6848826595642497e-179,1.0,0.0,0.0
1.635086851866948e-179,1.0,0.0,0.0
1.5867627326876272e-179,1.0,0.0,0.0
1.5398668070576531e-179,1.0,0.0,0.0
1.4943568654789725e-179,1.0,0.0,0.0
1.4501919459327184e-179,1.0,0.0,0.0
1.4073322970106281e-179,1.0,0.0,0.0
1.3657393421360926e-179,1.0,0.0,0.0
1.3253756448426343e-179,1.0,0.0,0.0
1.2862048750785607e-179,1.0,0.0,0.0
1.248191776507466e-179,1.0,0.0,0.0
1.2113021347751484e-179,1.0,0.0,0.0
1.1755027467143833e-179,1.0,0.0,0.0
1.1407613904598308e-179,1.0,0.0,0.0
1.1070467964461829e-179,1.0,0.0,0.0
1.0743286192634433e-179,1.0,0.0,0.0
1.0425774103440128e-179,1.0,0.0,0.0
1.0117645914569883e-179,1.0,0.0,0.0
9.818624289858278e-180,1.0,0.0,0.0
9.52844008966223e-180,1.0,0.0,0.0
9.246832128617162e-180,1.0,0.0,0.0
8.97354694055253e-180,1.0,0.0,0.0
8.70833855035518e-180,1.0,0.0,0.0
8.450968252575133e-180,1.0,0.0,0.0
8.201204396574581e-180,1.0,0.0,0.0
7.958822178026665e-180,1.0,0.0,0.0
7.723603436576424e-180,1.0,0.0,0.0
7.4953364594817425e-180,1.0,0.0,0.0
7.273815791057595e-180,1.0,0.0,0.0
7.058842047752067e-180,1.0,0.0,0.0
6.850221738687697e-180,1.0,0.0,0.0
6.647767091506636e-180,1.0,0.0,0.0
6.4512958833628415e-180,1.0,0.0,0.0
6.260631276909231e-180,1.0,0.0,0.0
6.075601661132123e-180,1.0,0.0,0.0
5.89604049688975e-180,1.0,0.0,0.0
5.721786167015788e-180,1.0,0.0,0.0
5.552681830853003e-180,1.0,0.0,0.0
5.388575283086069e-180,1.0,0.0,0.0
5.229318816746518e-180,1.0,0.0,0.0
5.074769090266493e-180,1.0,0.0,0.0
4.924786998461669e-180,1.0,0.0,0.0
4.779237547327195e-180,1.0,0.0,0.0
4.637989732533981e-180,1.0,0.0,0.0
4.500916421515958e-180,1.0,0.0,0.0
4.367894239042194e-180,1.0,0.0,0.0
4.238803456170852e-180,1.0,0.0,0.0
4.113527882485068e-180,1.0,0.0,0.0
3.9919547615137285e-180,1.0,0.0,0.0
3.873974669243045e-180,1.0,0.0,0.0
3.7594814156275457e-180,1.0,0.0,0.0
3.648371949011879e-180,1.0,0.0,0.0
3.540546263377361e-180,1.0,0.0,0.0
3.435907308329811e-180,1.0,0.0,0.0
3.3343609017476495e-180,1.0,0.0,0.0
3.235815645011629e-180,1.0,0.0,0.0
3.1401828407399107e-180,1.0,0.0,0.0
3.047376412954434e-180,1.0,0.0,0.0
2.957312829606726e-180,1.0,0.0,0.0
2.8699110273934217e-180,1.0,0.0,0.0
2.78509233879382e-180,1.0,0.0,0.0
2.7027804212638046e-180,1.0,0.0,0.0
2.6229011885224026e-180,1.0,0.0,0.0
2.5453827438691323e-180,1.0,0.0,0.0
2.47015531547212e-180,1.0,0.0,0.0
2.3971511935687414e-180,1.0,0.0,0.0
2.3263046695222665e-180,1.0,0.0,0.0
2.2575519766796534e-180,1.0,0.0,0.0
2.1908312329772536e-180,1.0,0.0,0.0
2.1260823852427815e-180,1.0,0.0,0.0
2.0632471551434043e-180,1.0,0.0,0.0
2.00226898673131e-180,1.0,0.0,0.0
1.9430929955395376e-180,1.0,0.0,0.0
1.8856659191822532e-180,1.0,0.0,0.0
1.829936069415006e-180,1.0,0.0,0.0
1.7758532856118227e-180,1.0,0.0,0.0
1.7233688896172565e-180,1.0,0.0,0.0
1.6724356419327632e-180,1.0,0.0,0.0
1.6230076991979644e-180,1.0,0.0,0.0
1.575040572928528e-180,1.0,0.0,0.0
1.5284910894735312e-180,1.0,0.0,0.0
1.48331735115626e-180,1.0,0.0,0.0
1.439478698563473e-180,1.0,0.0,0.0
1.396935673949185e-180,1.0,0.0,0.0
1.355649985720033e-180,1.0,0.0,0.0
1.3155844739702572e-180,1.0,0.0,0.0
1.2767030770352792e-180,1.0,0.0,0.0
1.238970799033769e-180,1.0,0.0,0.0
1.20235367836899e-180,1.0,0.0,0.0
1.1668187571610702e-180,1.0,0.0,0.0
1.1323340515826865e-180,1.0,0.0,0.0
1.0988685230714602e-180,1.0,0.0,0.0
1.0663920503931574e-180,1.0,0.0,0.0
1.0348754025305446e-180,1.0,0.0,0.0
1.0042902123735003e-180,1.0,0.0,0.0
9.746089511867025e-181,1.0,0.0,0.0
9.458049038319071e-181,1.0,0.0,0.0
9.178521447225226e-181,1.0,0.0,0.0
8.907255144888306e-181,1.0,0.0,0.0
8.644005973328567e-181,1.0,0.0,0.0
8.388536990525028e-181,1.0,0.0,0.0
8.14061825715168e-181,1.0,0.0,0.0
7.900026629616557e-181,1.0,0.0,0.0
7.666545559217453e-181,1.0,0.0,0.0
7.439964897233474e-181,1.0,0.0,0.0
7.220080705777003e-181,1.0,0.0,0.0
7.006695074235841e-181,1.0,0.0,0.0
6.799615941140296e-181,1.0,0.0,0.0
6.598656921294903e-181,1.0,0.0,0.0
6.403637138019164e-181,1.0,0.0,0.0
6.21438106034633e-181,1.0,0.0,0.0
6.030718345033684e-181,1.0,0.0,0.0
5.852483683242131e-181,1.0,0.0,0.0
5.679516651747076e-181,1.0,0.0,0.0
5.511661568546703e-181,1.0,0.0,0.0
5.348767352737668e-181,1.0,0.0,0.0
5.19068738853208e-181,1.0,0.0,0.0
5.037279393293408e-181,1.0,0.0,0.0
4.888405289472498e-181,1.0,0.0,0.0
4.7439310803284614e-181,1.0,0.0,0.0
4.603726729322568e-181,1.0,0.0,0.0
4.467666043076581e-181,1.0,0.0,0.0
4.335626557790203e-181,1.0,0.0,0.0
4.2074894290153887e-181,1.0,0.0,0.0
4.0831393246883217e-181,1.0,0.0,0.0
3.962464321322773e-181,1.0,0.0,0.0
3.8453558032714095e-181,1.0,0.0,0.0
3.7317083649643834e-181,1.0,0.0,0.0
3.6214197160372004e-181,1.0,0.0,0.0
3.5143905892624943e-181,1.0,0.0,0.0
3.4105246512028185e-181,1.0,0.0,0.0
3.309728415504051e-181,1.0,0.0,0.0
3.211911158751371e-181,1.0,0.0,0.0
3.116984838812055e-181,1.0,0.0,0.0
3.024864015591622e-181,1.0,0.0,0.0
2.9354657741319806e-181,1.0,0.0,0.0
2.8487096499823664e-181,1.0,0.0,0.0
2.764517556775913e-181,1.0,0.0,0.0
2.682813715946647e-181,1.0,0.0,0.0
2.603524588523665e-181,1.0,0.0,0.0
2.526578808941097e-181,1.0,0.0,0.0
2.451907120804282e-181,1.0,0.0,0.0
2.3794423145543372e-181,1.0,0.0,0.0
2.3091191669750194e-181,1.0,0.0,0.0
2.2408743824874282e-181,1.0,0.0,0.0
2.1746465361797137e-181,1.0,0.0,0.0
2.110376018520511e-181,1.0,0.0,0.0
2.0480049817063372e-181,1.0,0.0,0.0
1.9874772875946656e-181,1.0,0.0,0.0
1.9287384571758074e-181,1.0,0.0,0.0
1.871735621538128e-181,1.0,0.0,0.0
1.8164174742824565e-181,1.0,0.0,0.0
1.7627342253428655e-181,1.0,0.0,0.0
1.7106375561722497e-181,1.0,0.0,0.0
1.6600805762523745e-181,1.0,0.0,0.0
1.6110177808892434e-181,1.0,0.0,0.0
1.5634050102558023e-181,1.0,0.0,0.0
1.5171994096451164e-181,1.0,0.0,0.0
1.47235939089824e-181,1.0,0.0,0.0
1.428844594972067e-181,1.0,0.0,0.0
1.3866158556134702e-181,1.0,0.0,0.0
1.345635164107027e-181,1.0,0.0,0.0
1.3058656350646128e-181,1.0,0.0,0.0
1.2672714732260608e-181,1.0,0.0,0.0
1.2298179412410134e-181,1.0,0.0,0.0
1.1934713284029614e-181,1.0,0.0,0.0
1.1581989203073335e-181,1.0,0.0,0.0
1.1239689694063238e-181,1.0,0.0,0.0
1.0907506664339574e-181,1.0,0.0,0.0
1.05851411267567e-181,1.0,0.0,0.0
1.0272302930574481e-181,1.0,0.0,0.0
9.968710500303042e-182,1.0,0.0,0.0
9.674090582265816e-182,1.0,0.0,0.0
9.388177998652799e-182,1.0,0.0,0.0
9.110715408842622e-182,1.0,0.0,0.0
8.841453077778628e-182,1.0,0.0,0.0
8.580148651190462e-182,1.0,0.0,0.0
8.32656693745887e-182,1.0,0.0,0.0
8.080479695927376e-182,1.0,0.0,0.0
7.84166543147028e-182,1.0,0.0,0.0
7.6099091951321e-182,1.0,0.0,0.0
7.385002390659003e-182,1.0,0.0,0.0
7.166742586748103e-182,1.0,0.0,0.0
6.954933334845618e-182,1.0,0.0,0.0
6.749383992329924e-182,1.0,0.0,0.0
6.549909550920319e-182,1.0,0.0,0.0
6.356330470157091e-182,1.0,0.0,0.0
6.168472515802987e-182,1.0,0.0,0.0
5.986166603020635e-182,1.0,0.0,0.0
5.8092486441847844e-182,1.0,0.0,0.0
5.6375594011923664e-182,1.0,0.0,0.0
5.470944342137457e-182,1.0,0.0,0.0
5.309253502222127e-182,1.0,0.0,0.0
5.152341348778009e-182,1.0,0.0,0.0
5.00006665027707e-182,1.0,0.0,0.0
4.852292349213706e-182,1.0,0.0,0.0
4.708885438743736e-182,1.0,0.0,0.0
4.569716842969268e-182,1.0,0.0,0.0
4.4346613007616755e-182,1.0,0.0,0.0
4.303597253018134e-182,1.0,0.0,0.0
4.176406733250217e-182,1.0,0.0,0.0
4.0529752614061e-182,1.0,0.0,0.0
3.9331917408307885e-182,1.0,0.0,0.0
3.816948358271626e-182,1.0,0.0,0.0
3.704140486839094e-182,1.0,0.0,0.0
3.59466659183555e-182,1.0,0.0,0.0
3.488428139367144e-182,1.0,0.0,0.0
3.3853295076566674e-182,1.0,0.0,0.0
3.285277900977499e-182,1.0,0.0,0.0
3.1881832661311886e-182,1.0,0.0,0.0
3.0939582113934996e-182,1.0,0.0,0.0
3.0025179278559603e-182,1.0,0.0,0.0
2.9137801130921215e-182,1.0,0.0,0.0
2.8276648970798193e-182,1.0,0.0,0.0
2.7440947703127638e-182,1.0,0.0,0.0
2.6629945140367536e-182,1.0,0.0,0.0
2.584291132547719e-182,1.0,0.0,0.0
2.5079137874906632e-182,1.0,0.0,0.0
2.4337937341003607e-182,1.0,0.0,0.0
2.36186425932643e-182,1.0,0.0,0.0
2.292060621787086e-182,1.0,0.0,0.0
2.2243199934975255e-182,1.0,0.0,0.0
2.1585814033205025e-182,1.0,0.0,0.0
2.0947856820881895e-182,1.0,0.0,0.0
2.0328754093459306e-182,1.0,0.0,0.0
1.9727948616699615e-182,1.0,0.0,0.0
1.9144899625125634e-182,1.0,0.0,0.0
1.857908233529522e-182,1.0,0.0,0.0
1.8029987473460766e-182,1.0,0.0,0.0
1.7497120817188448e-182,1.0,0.0,0.0
1.6980002750524678e-182,1.0,0.0,0.0
1.647816783230939e-182,1.0,0.0,0.0
1.5991164377247567e-182,1.0,0.0,0.0
1.5518554049362e-182,1.0,0.0,0.0
1.505991146746133e-182,1.0,0.0,0.0
1.4614823822268258e-182,1.0,0.0,0.0
1.4182890504863335e-182,1.0,0.0,0.0
1.3763722746109906e-182,1.0,0.0,0.0
1.3356943266735644e-182,1.0,0.0,0.0
1.2962185937755739e-182,1.0,0.0,0.0
1.2579095450932114e-182,1.0,0.0,0.0
1.2207326998972012e-182,1.0,0.0,0.0
1.1846545965178181e-182,1.0,0.0,0.0
1.1496427622271248e-182,1.0,0.0,0.0
1.1156656840113265e-182,1.0,0.0,0.0
1.0826927802069307e-182,1.0,0.0,0.0
1.0506943729751863e-182,1.0,0.0,0.0
1.0196416615900262e-182,1.0,0.0,0.0
9.8950669651547e-183,1.0,0.0,0.0
9.602623542491545e-183,1.0,0.0,0.0
9.318823129093524e-183,1.0,0.0,0.0
9.04341028543501e-183,1.0,0.0,0.0
8.776137121369218e-183,1.0,0.0,0.0
8.516763073010338e-183,1.0,0.0,0.0
8.265054686209809e-183,1.0,0.0,0.0
8.020785406431816e-183,1.0,0.0,0.0
7.783735374838936e-183,1.0,0.0,0.0
7.553691230404326e-183,1.0,0.0,0.0
7.330445917872422e-183,1.0,0.0,0.0
7.11379850139521e-183,1.0,0.0,0.0
6.903553983676426e-183,1.0,0.0,0.0
6.699523130460807e-183,1.0,0.0,0.0
6.501522300210509e-183,1.0,0.0,0.0
6.3093732788153145e-183,1.0,0.0,0.0
6.122903119187916e-183,1.0,0.0,0.0
5.9419439855998565e-183,1.0,0.0,0.0
5.766333002618056e-183,1.0,0.0,0.0
5.5959121085059195e-183,1.0,0.0,0.0
5.430527912957115e-183,1.0,0.0,0.0
5.2700315590339415e-183,1.0,0.0,0.0
5.114278589186038e-183,1.0,0.0,0.0
4.963128815228841e-183,1.0,0.0,0.0
4.816446192164758e-183,1.0,0.0,0.0
4.674098695733483e-183,1.0,0.0,0.0
4.535958203581259e-183,1.0,0.0,0.0
4.401900379942106e-183,1.0,0.0,0.0
4.271804563727245e-183,1.0,0.0,0.0
4.145553659921972e-183,1.0,0.0,0.0
4.023034034192244e-183,1.0,0.0,0.0
3.904135410606108e-183,1.0,0.0,0.0
3.78875077237792e-183,1.0,0.0,0.0
3.676776265546015e-183,1.0,0.0,0.0
3.5681111054971346e-183,1.0,0.0,0.0
3.462657486253469e-183,1.0,0.0,0.0
3.3603204924406812e-183,1.0,0.0,0.0
3.2610080138576595e-183,1.0,0.0,0.0
3.164630662571124e-183,1.0,0.0,0.0
3.0711016924604506e-183,1.0,0.0,0.0
2.9803369211403103e-183,1.0,0.0,0.0
2.89225465419084e-183,1.0,0.0,0.0
2.8067756116271513e-183,1.0,0.0,0.0
2.7238228565419935e-183,1.0,0.0,0.0
2.6433217258573448e-183,1.0,0.0,0.0
2.565199763122602e-183,1.0,0.0,0.0
2.4893866532988872e-183,1.0,0.0,0.0
2.4158141594707646e-183,1.0,0.0,0.0
2.344416061428414e-183,1.0,0.0,0.0
2.2751280960649697e-183,1.0,0.0,0.0
2.207887899535391e-183,1.0,0.0,0.0
2.1426349511247885e-183,1.0,0.0,0.0
2.0793105187757008e-183,1.0,0.0,0.0
2.0178576062252744e-183,1.0,0.0,0.0
1.958220901704784e-183,1.0,0.0,0.0
1.900346728155305e-183,1.0,0.0,0.0
1.8441829949147413e-183,1.0,0.0,0.0
1.7896791508327095e-183,1.0,0.0,0.0
1.7367861387710956e-183,1.0,0.0,0.0
1.6854563514493172e-183,1.0,0.0,0.0
1.6356435885945604e-183,1.0,0.0,0.0
1.5873030153584135e-183,1.0,0.0,0.0
1.5403911219624802e-183,1.0,0.0,0.0
1.4948656845366404e-183,1.0,0.0,0.0
1.450685727114719e-183,1.0,0.0,0.0
1.4078114847533503e-183,1.0,0.0,0.0
1.366204367740845e-183,1.0,0.0,0.0
1.3258269268638456e-183,1.0,0.0,0.0
1.2866428197005066e-183,1.0,0.0,0.0
1.2486167779098631e-183,1.0,0.0,0.0
1.2117145754879425e-183,1.0,0.0,0.0
1.1759029979620509e-183,1.0,0.0,0.0
1.1411498124955076e-183,1.0,0.0,0.0
1.1074237388759153e-183,1.0,0.0,0.0
1.0746944213608584e-183,1.0,0.0,0.0
1.0429324013556854e-183,1.0,0.0,0.0
1.0121090908987875e-183,1.0,0.0,0.0
9.82196746930501e-184,1.0,0.0,0.0
9.531684463224838e-184,1.0,0.0,0.0
9.24998061645081e-184,1.0,0.0,0.0
8.976602376508759e-184,1.0,0.0,0.0
8.711303684532562e-184,1.0,0.0,0.0
8.453845753794544e-184,1.0,0.0,0.0
8.203996854781318e-184,1.0,0.0,0.0
7.961532106621577e-184,1.0,0.0,0.0
7.726233274678138e-184,1.0,0.0,0.0
7.497888574122036e-184,1.0,0.0,0.0
7.276292479311887e-184,1.0,0.0,0.0
7.061245538806934e-184,1.0,0.0,0.0
6.852554195847303e-184,1.0,0.0,0.0
6.650030614139837e-184,1.0,0.0,0.0
6.453492508792775e-184,1.0,0.0,0.0
6.262762982247032e-184,1.0,0.0,0.0
6.077670365056463e-184,1.0,0.0,0.0
5.898048061373775e-184,1.0,0.0,0.0
5.723734399003026e-184,1.0,0.0,0.0
5.554572483883728e-184,1.0,0.0,0.0
5.390410058875608e-184,1.0,0.0,0.0
5.231099366716908e-184,1.0,0.0,0.0
5.076497017032877e-184,1.0,0.0,0.0
4.926463857274753e-184,1.0,0.0,0.0
4.780864847473081e-184,1.0,0.0,0.0
4.639568938692627e-184,1.0,0.0,0.0
4.502448955079488e-184,1.0,0.0,0.0
4.369381479394243e-184,1.0,0.0,0.0
4.240246741928111e-184,1.0,0.0,0.0
4.114928512702124e-184,1.0,0.0,0.0
3.9933139968523067e-184,1.0,0.0,0.0
3.875293733106683e-184,1.0,0.0,0.0
3.760761495262745e-184,1.0,0.0,0.0
3.649614196576703e-184,1.0,0.0,0.0
3.5417517969784556e-184,1.0,0.0,0.0
3.4370772130287793e-184,1.0,0.0,0.0
3.3354962305376765e-184,1.0,0.0,0.0
3.2369174197652484e-184,1.0,0.0,0.0
3.141252053128759e-184,1.0,0.0,0.0
3.048414025341822e-184,1.0,0.0,0.0
2.958319775913831e-184,1.0,0.0,0.0
2.8708882139398775e-184,1.0,0.0,0.0
2.786040645113469e-184,1.0,0.0,0.0
2.7037007008963346e-184,1.0,0.0,0.0
2.6237942697815923e-184,1.0,0.0,0.0
2.546249430588389e-184,1.0,0.0,0.0
2.4709963877279826e-184,1.0,0.0,0.0
2.397967408383004e-184,1.0,0.0,0.0
2.3270967615433487e-184,1.0,0.0,0.0
2.2583206588438313e-184,1.0,0.0,0.0
2.1915771971503536e-184,1.0,0.0,0.0
2.1268063028429038e-184,1.0,0.0,0.0
2.063949677745246e-184,1.0,0.0,0.0
2.0029507466526257e-184,1.0,0.0,0.0
1.9437546064102686e-184,1.0,0.0,0.0
1.8863079764968342e-184,1.0,0.0,0.0
1.8305591510683527e-184,1.0,0.0,0.0
1.7764579524194745e-184,1.0,0.0,0.0
1.723955685820149e-184,1.0,0.0,0.0
1.6730050956870818e-184,1.0,0.0,0.0
1.62356032305052e-184,1.0,0.0,0.0
1.5755768642780843e-184,1.0,0.0,0.0
1.5290115310184966e-184,1.0,0.0,0.0
1.4838224113291497e-184,1.0,0.0,0.0
1.4399688319525287e-184,1.0,0.0,0.0
1.3974113217075358e-184,1.0,0.0,0.0
1.3561115759627626e-184,1.0,0.0,0.0
1.3160324221597368e-184,1.0,0.0,0.0
1.277137786355111e-184,1.0,0.0,0.0
1.2393926607516793e-184,1.0,0.0,0.0
1.2027630721889961e-184,1.0,0.0,0.0
1.1672160515652401e-184,1.0,0.0,0.0
1.1327196041627969e-184,1.0,0.0,0.0
1.0992426808508542e-184,1.0,0.0,0.0
1.066755150139088e-184,1.0,0.0,0.0
1.0352277710572887e-184,1.0,0.0,0.0
1.0046321668365134e-184,1.0,0.0,0.0
9.749407993680794e-185,1.0,0.0,0.0
9.461269444174075e-185,1.0,0.0,0.0
9.181646675704075e-185,1.0,0.0,0.0
8.910288008907555e-185,1.0,0.0,0.0
8.646949202670517e-185,1.0,0.0,0.0
8.391393234294727e-185,1.0,0.0,0.0
8.143390086161286e-185,1.0,0.0,0.0
7.902716538699246e-185,1.0,0.0,0.0
7.669155969472943e-185,1.0,0.0,0.0
7.442498158207168e-185,1.0,0.0,0.0
7.222539097574747e-185,1.0,0.0,0.0
7.009080809576169e-185,1.0,0.0,0.0
6.801931167346027e-185,1.0,0.0,0.0
6.600903722225876e-185,1.0,0.0,0.0
6.405817535947852e-185,1.0,0.0,0.0
6.216497017778023e-185,1.0,0.0,0.0
6.032771766472877e-185,1.0,0.0,0.0
5.8544764169067017e-185,1.0,0.0,0.0
5.681450491231811e-185,1.0,0.0,0.0
5.513538254437655e-185,1.0,0.0,0.0
5.350588574178793e-185,1.0,0.0,0.0
5.192454784745591e-185,1.0,0.0,0.0
5.0389945550551756e-185,1.0,0.0,0.0
4.890069760543864e-185,1.0,0.0,0.0
4.745546358845725e-185,1.0,0.0,0.0
4.6052942691454086e-185,1.0,0.0,0.0
4.4691872550966325e-185,1.0,0.0,0.0
4.337102811200949e-185,1.0,0.0,0.0
4.20892205254453e-185,1.0,0.0,0.0
4.084529607793722e-185,1.0,0.0,0.0
3.963813515353056e-185,1.0,0.0,0.0
3.8466651225922606e-185,1.0,0.0,0.0
3.732978988051555e-185,1.0,0.0,0.0
3.622652786537226e-185,1.0,0.0,0.0
3.5155872170220434e-185,1.0,0.0,0.0
3.411685913267634e-185,1.0,0.0,0.0
3.3108553570883655e-185,1.0,0.0,0.0
3.2130047941786656e-185,1.0,0.0,0.0
3.118046152428024e-185,1.0,0.0,0.0
3.0258939626501474e-185,1.0,0.0,0.0
2.9364652816549252e-185,1.0,0.0,0.0
2.8496796175939583e-185,1.0,0.0,0.0
2.7654588575124646e-185,1.0,0.0,0.0
2.683727197042349e-185,1.0,0.0,0.0
2.6044110721731536e-185,1.0,0.0,0.0
2.5274390930394858e-185,1.0,0.0,0.0
2.45274197966532e-185,1.0,0.0,0.0
2.380252499607343e-185,1.0,0.0,0.0
2.30990540744122e-185,1.0,0.0,0.0
2.2416373860363056e-185,1.0,0.0,0.0
2.1753869895659578e-185,1.0,0.0,0.0
2.1110945882021414e-185,1.0,0.0,0.0
2.0487023144445637e-185,1.0,0.0,0.0
1.9881540110360152e-185,1.0,0.0,0.0
1.929395180417049e-185,1.0,0.0,0.0
1.8723729356745008e-185,1.0,0.0,0.0
1.8170359529396953e-185,1.0,0.0,0.0
1.7633344251935023e-185,1.0,0.0,0.0
1.711220017436658e-185,1.0,0.0,0.0
1.6606458231850017e-185,1.0,0.0,0.0
1.6115663222504773e-185,1.0,0.0,0.0
1.563937339769889e-185,1.0,0.0,0.0
1.517716006444545e-185,1.0,0.0,0.0
1.4728607199549948e-185,1.0,0.0,0.0
1.4293311075161344e-185,1.0,0.0,0.0
1.3870879895389737e-185,1.0,0.0,0.0
1.3460933443663638e-185,1.0,0.0,0.0
1.3063102740509384e-185,1.0,0.0,0.0
1.2677029711444719e-185,1.0,0.0,0.0
1.230236686468758e-185,1.0,0.0,0.0
1.1938776978390052e-185,1.0,0.0,0.0
1.1585932797115944e-185,1.0,0.0,0.0
1.1243516737288812e-185,1.0,0.0,0.0
1.09112206013453e-185,1.0,0.0,0.0
1.0588745300336536e-185,1.0,0.0,0.0
1.0275800584727892e-185,1.0,0.0,0.0
9.972104783154822e-186,1.0,0.0,0.0
9.67738454889961e-186,1.0,0.0,0.0
9.391374613860886e-186,1.0,0.0,0.0
9.113817549794427e-186,1.0,0.0,0.0
8.844463536610369e-186,1.0,0.0,0.0
8.583070137518263e-186,1.0,0.0,0.0
8.329402080817596e-186,1.0,0.0,0.0
8.083231048137394e-186,1.0,0.0,0.0
7.844335468934264e-186,1.0,0.0,0.0
7.612500321063968e-186,1.0,0.0,0.0
7.38751693724697e-186,1.0,0.0,0.0
7.169182817253801e-186,1.0,0.0,0.0
6.9573014456411926e-186,1.0,0.0,0.0
6.7516821148749136e-186,1.0,0.0,0.0
6.552139753680115e-186,1.0,0.0,0.0
6.358494760464693e-186,1.0,0.0,0.0
6.170572841665736e-186,1.0,0.0,0.0
5.98820485487356e-186,1.0,0.0,0.0
5.8112266565921135e-186,1.0,0.0,0.0
5.639478954498762e-186,1.0,0.0,0.0
5.472807164070443e-186,1.0,0.0,0.0
5.311061269447165e-186,1.0,0.0,0.0
5.154095688407607e-186,1.0,0.0,0.0
5.0017691413352936e-186,1.0,0.0,0.0
4.853944524057408e-186,1.0,0.0,0.0
4.710488784441781e-186,1.0,0.0,0.0
4.571272802640993e-186,1.0,0.0,0.0
4.436171274875797e-186,1.0,0.0,0.0
4.30506260065326e-186,1.0,0.0,0.0
4.177828773318117e-186,1.0,0.0,0.0
4.054355273838807e-186,1.0,0.0,0.0
3.934530967732629e-186,1.0,0.0,0.0
3.818248005037195e-186,1.0,0.0,0.0
3.705401723238194e-186,1.0,0.0,0.0
3.5958905530660588e-186,1.0,0.0,0.0
3.489615927076774e-186,1.0,0.0,0.0
3.386482190934521e-186,1.0,0.0,0.0
3.286396517316321e-186,1.0,0.0,0.0
3.189268822361178e-186,1.0,0.0,0.0
3.0950116845885275e-186,1.0,0.0,0.0
3.0035402662130006e-186,1.0,0.0,0.0
2.914772236784692e-186,1.0,0.0,0.0
2.828627699086202e-186,1.0,0.0,0.0
2.745029117219744e-186,1.0,0.0,0.0
2.6639012468196056e-186,1.0,0.0,0.0
2.585171067327143e-186,1.0,0.0,0.0
2.5087677162673463e-186,1.0,0.0,0.0
2.4346224254678337e-186,1.0,0.0,0.0
2.3626684591628515e-186,1.0,0.0,0.0
2.2928410539265836e-186,1.0,0.0,0.0
2.225077360381696e-186,1.0,0.0,0.0
2.159316386630656e-186,1.0,0.0,0.0
2.0954989433589084e-186,1.0,0.0,0.0
2.033567590560497e-186,1.0,0.0,0.0
1.973466585838183e-186,1.0,0.0,0.0
1.9151418342315257e-186,1.0,0.0,0.0
1.8585408395277666e-186,1.0,0.0,0.0
1.8036126570116968e-186,1.0,0.0,0.0
1.7503078476119717e-186,1.0,0.0,0.0
1.6985784334026134e-186,1.0,0.0,0.0
1.648377854419638e-186,1.0,0.0,0.0
1.5996609267539453e-186,1.0,0.0,0.0
1.5523838018827522e-186,1.0,0.0,0.0
1.5065039272029617e-186,1.0,0.0,0.0
1.4619800077309493e-186,1.0,0.0,0.0
1.4187719689342902e-186,1.0,0.0,0.0
1.3768409206619755e-186,1.0,0.0,0.0
1.3361491221406524e-186,1.0,0.0,0.0
1.2966599480053793e-186,1.0,0.0,0.0
1.2583378553343274e-186,1.0,0.0,0.0
1.2211483516577516e-186,1.0,0.0,0.0
1.1850579639124395e-186,1.0,0.0,0.0
1.1500342083136956e-186,1.0,0.0,0.0
1.1160455611177432e-186,1.0,0.0,0.0
1.0830614302482265e-186,1.0,0.0,0.0
1.0510521277612785e-186,1.0,0.0,0.0
1.019988843124367e-186,1.0,0.0,0.0
9.898436172848716e-187,1.0,0.0,0.0
9.605893175050479e-187,1.0,0.0,0.0
9.321996129407344e-187,1.0,0.0,0.0
9.046489509418144e-187,1.0,0.0,0.0
8.779125340531066e-187,1.0,0.0,0.0
8.51966297694982e-187,1.0,0.0,0.0
8.267868885036182e-187,1.0,0.0,0.0
8.023516433113954e-187,1.0,0.0,0.0
7.786385687485168e-187,1.0,0.0,0.0
7.556263214474903e-187,1.0,0.0,0.0
7.332941888326589e-187,1.0,0.0,0.0
7.116220704774829e-187,1.0,0.0,0.0
6.905904600128011e-187,1.0,0.0,0.0
6.701804275697807e-187,1.0,0.0,0.0
6.503736027417591e-187,1.0,0.0,0.0
6.311521580496369e-187,1.0,0.0,0.0
6.124987928959443e-187,1.0,0.0,0.0
5.943967179931354e-187,1.0,0.0,0.0
5.768296402520964e-187,1.0,0.0,0.0
5.597817481172663e-187,1.0,0.0,0.0
5.432376973351686e-187,1.0,0.0,0.0
5.271825971435485e-187,1.0,0.0,0.0
5.116019968686822e-187,1.0,0.0,0.0
4.964818729187941e-187,1.0,0.0,0.0
4.818086161618789e-187,1.0,0.0,0.0
4.675690196765634e-187,1.0,0.0,0.0
4.537502668649868e-187,1.0,0.0,0.0
4.403399199169971e-187,1.0,0.0,0.0
4.2732590861528253e-187,1.0,0.0,0.0
4.1469651947136155e-187,1.0,0.0,0.0
4.0244038518265275e-187,1.0,0.0,0.0
3.90546474401135e-187,1.0,0.0,0.0
3.790040818043902e-187,1.0,0.0,0.0
3.678028184600901e-187,1.0,0.0,0.0
3.569326024752565e-187,1.0,0.0,0.0
3.463836499218769e-187,1.0,0.0,0.0
3.36146466030709e-187,1.0,0.0,0.0
3.262118366453476e-187,1.0,0.0,0.0
3.165708199288622e-187,1.0,0.0,0.0
3.072147383155398e-187,1.0,0.0,0.0
2.981351707004906e-187,1.0,0.0,0.0
2.8932394486008493e-187,1.0,0.0,0.0
2.807731300964007e-187,1.0,0.0,0.0
2.724750300990598e-187,1.0,0.0,0.0
2.6442217601802937e-187,1.0,0.0,0.0
2.5660731974115293e-187,1.0,0.0,0.0
2.4902342737036006e-187,1.0,0.0,0.0
2.416636728906834e-187,1.0,0.0,0.0
2.3452143202638467e-187,1.0,0.0,0.0
2.2759027627865926e-187,1.0,0.0,0.0
2.2086396713955346e-187,1.0,0.0,0.0
2.143364504768864e-187,1.0,0.0,0.0
2.0800185108512249e-187,1.0,0.0,0.0
2.018544673972897e-187,1.0,0.0,0.0
1.9588876635318478e-187,1.0,0.0,0.0
1.9009937841924543e-187,1.0,0.0,0.0
1.8448109275560786e-187,1.0,0.0,0.0
1.790288525259991e-187,1.0,0.0,0.0
1.7373775034624326e-187,1.0,0.0,0.0
1.686030238672843e-187,1.0,0.0,0.0
1.636200514887507e-187,1.0,0.0,0.0
1.5878434819920316e-187,1.0,0.0,0.0
1.5409156153932157e-187,1.0,0.0,0.0
1.4953746768439787e-187,1.0,0.0,0.0
1.4511796764260885e-187,1.0,0.0,0.0
1.4082908356564678e-187,1.0,0.0,0.0
1.3666695516838745e-187,1.0,0.0,0.0
1.3262783625437306e-187,1.0,0.0,0.0
1.2870809134398268e-187,1.0,0.0,0.0
1.2490419240225502e-187,1.0,0.0,0.0
1.2121271566341907e-187,1.0,0.0,0.0
1.1763033854927368e-187,1.0,0.0,0.0
1.1415383667864311e-187,1.0,0.0,0.0
1.1078008096521614e-187,1.0,0.0,0.0
1.0750603480115739e-187,1.0,0.0,0.0
1.0432875132395525e-187,1.0,0.0,0.0
1.0124537076404676e-187,1.0,0.0,0.0
9.825311787083201e-188,1.0,0.0,0.0
9.534929941476123e-188,1.0,0.0,0.0
9.253130176324653e-188,1.0,0.0,0.0
8.979658852821609e-188,1.0,0.0,0.0
8.714269828319379e-188,1.0,0.0,0.0
8.456724234784922e-188,1.0,0.0,0.0
8.206790263802412e-188,1.0,0.0,0.0
7.964242957930036e-188,1.0,0.0,0.0
7.728864008223092e-188,1.0,0.0,0.0
7.500441557741223e-188,1.0,0.0,0.0
7.278770010862863e-188,1.0,0.0,0.0
7.063649848235305e-188,1.0,0.0,0.0
6.854887447193817e-188,1.0,0.0,0.0
6.652294907488179e-188,1.0,0.0,0.0
6.455689882159772e-188,1.0,0.0,0.0
6.264895413417016e-188,1.0,0.0,0.0
6.079739773361402e-188,1.0,0.0,0.0
5.900056309420811e-188,1.0,0.0,0.0
5.7256832943509336e-188,1.0,0.0,0.0
5.55646378066985e-188,1.0,0.0,0.0
5.392245459394696e-188,1.0,0.0,0.0
5.232880522953299e-188,1.0,0.0,0.0
5.078225532147394e-188,1.0,0.0,0.0
4.928141287047655e-188,1.0,0.0,0.0
4.7824927017043736e-188,1.0,0.0,0.0
4.6411486825609806e-188,1.0,0.0,0.0
4.503982010461e-188,1.0,0.0,0.0
4.3708692261422236e-188,1.0,0.0,0.0
4.2416905191150396e-188,1.0,0.0,0.0
4.116329619824909e-188,1.0,0.0,0.0
3.994673695001919e-188,1.0,0.0,0.0
3.876613246103222e-188,1.0,0.0,0.0
3.7620420107569614e-188,1.0,0.0,0.0
3.650856867118963e-188,1.0,0.0,0.0
3.5429577410561145e-188,1.0,0.0,0.0
3.438247516072895e-188,1.0,0.0,0.0
3.336631945899972e-188,1.0,0.0,0.0
3.238019569666199e-188,1.0,0.0,0.0
3.1423216295776604e-188,1.0,0.0,0.0
3.049451991029662e-188,1.0,0.0,0.0
2.9593270650797806e-188,1.0,0.0,0.0
2.8718657332121686e-188,1.0,0.0,0.0
2.786989274325418e-188,1.0,0.0,0.0
2.704621293878255e-188,1.0,0.0,0.0
2.6246876551292992e-188,1.0,0.0,0.0
2.5471164124089888e-188,1.0,0.0,0.0
2.4718377463636264e-188,1.0,0.0,0.0
2.3987839011132463e-188,1.0,0.0,0.0
2.3278891232667516e-188,1.0,0.0,0.0
2.2590896027394222e-188,1.0,0.0,0.0
2.1923234153195343e-188,1.0,0.0,0.0
2.1275304669323883e-188,1.0,0.0,0.0
2.0646524395515884e-188,1.0,0.0,0.0
2.0036327387088808e-188,1.0,0.0,0.0
1.9444164425553142e-188,1.0,0.0,0.0
1.886950252427868e-188,1.0,0.0,0.0
1.8311824448770595e-188,1.0,0.0,0.0
1.777062825112348e-188,1.0,0.0,0.0
1.7245426818234353e-188,1.0,0.0,0.0
1.6735747433368e-188,1.0,0.0,0.0
1.6241131350680004e-188,1.0,0.0,0.0
1.5761133382314512e-188,1.0,0.0,0.0
1.5295321497705152e-188,1.0,0.0,0.0
1.4843276434718324e-188,1.0,0.0,0.0
1.440459132228902e-188,1.0,0.0,0.0
1.3978871314209387e-188,1.0,0.0,0.0
1.3565733233740493e-188,1.0,0.0,0.0
1.3164805228727407e-188,1.0,0.0,0.0
1.277572643690716e-188,1.0,0.0,0.0
1.2398146661108355e-188,1.0,0.0,0.0
1.2031726054050076e-188,1.0,0.0,0.0
1.1676134812456407e-188,1.0,0.0,0.0
1.1331052880211215e-188,1.0,0.0,0.0
1.0996169660286046e-188,1.0,0.0,0.0
1.0671183735181848e-188,1.0,0.0,0.0
1.0355802595632868e-188,1.0,0.0,0.0
1.0049742377328573e-188,1.0,0.0,0.0
9.752727605416621e-189,1.0,0.0,0.0
9.464490946556892e-189,1.0,0.0,0.0
9.184772968303446e-189,1.0,0.0,0.0
8.91332190559781e-189,1.0,0.0,0.0
8.649893434163434e-189,1.0,0.0,0.0
8.394250450597353e-189,1.0,0.0,0.0
8.146162858961127e-189,1.0,0.0,0.0
7.905407363678957e-189,1.0,0.0,0.0
7.671767268556605e-189,1.0,0.0,0.0
7.445032281740194e-189,1.0,0.0,0.0
7.224998326439342e-189,1.0,0.0,0.0
7.011467357244285e-189,1.0,0.0,0.0
6.8042471818716325e-189,1.0,0.0,0.0
6.60315128817835e-189,1.0,0.0,0.0
6.407998676288239e-189,1.0,0.0,0.0
6.218613695679833e-189,1.0,0.0,0.0
6.034825887089076e-189,1.0,0.0,0.0
5.8564698290844754e-189,1.0,0.0,0.0
5.683384989176655e-189,1.0,0.0,0.0
5.515415579328278e-189,1.0,0.0,0.0
5.352410415734296e-189,1.0,0.0,0.0
5.194222782746328e-189,1.0,0.0,0.0
5.0407103008186704e-189,1.0,0.0,0.0
4.891734798357097e-189,1.0,0.0,0.0
4.7471621873551025e-189,1.0,0.0,0.0
4.60686234270564e-189,1.0,0.0,0.0
4.47070898507975e-189,1.0,0.0,0.0
4.338579567266638e-189,1.0,0.0,0.0
4.210355163872917e-189,1.0,0.0,0.0
4.085920364281722e-189,1.0,0.0,0.0
3.96516316877537e-189,1.0,0.0,0.0
3.847974887728055e-189,1.0,0.0,0.0
3.734250043777849e-189,1.0,0.0,0.0
3.623886276889955e-189,1.0,0.0,0.0
3.516784252225773e-189,1.0,0.0,0.0
3.4128475707348348e-189,1.0,0.0,0.0
3.3119826823891574e-189,1.0,0.0,0.0
3.2140988019819025e-189,1.0,0.0,0.0
3.119107827414563e-189,1.0,0.0,0.0
3.0269242603991283e-189,1.0,0.0,0.0
2.937465129503856e-189,1.0,0.0,0.0
2.8506499154733827e-189,1.0,0.0,0.0
2.7664004787559593e-189,1.0,0.0,0.0
2.684640989172582e-189,1.0,0.0,0.0
2.6052978576647145e-189,1.0,0.0,0.0
2.5282996700591654e-189,1.0,0.0,0.0
2.4535771227905155e-189,1.0,0.0,0.0
2.381062960523231e-189,1.0,0.0,0.0
2.3106919156173224e-189,1.0,0.0,0.0
2.2424006493830624e-189,1.0,0.0,0.0
2.1761276950718928e-189,1.0,0.0,0.0
2.1118134025522e-189,1.0,0.0,0.0
2.049399884620173e-189,1.0,0.0,0.0
1.9888309648974124e-189,1.0,0.0,0.0
1.9300521272683967e-189,1.0,0.0,0.0
1.873010466812302e-189,1.0,0.0,0.0
1.817654642185001e-189,1.0,0.0,0.0
1.763934829408389e-189,1.0,0.0,0.0
1.7118026770254393e-189,1.0,0.0,0.0
1.6612112625806312e-189,1.0,0.0,0.0
1.6121150503865721e-189,1.0,0.0,0.0
1.564469850538805e-189,1.0,0.0,0.0
1.5182327791419132e-189,1.0,0.0,0.0
1.4733622197111198e-189,1.0,0.0,0.0
1.4298177857146422e-189,1.0,0.0,0.0
1.3875602842230892e-189,1.0,0.0,0.0
1.3465516806331774e-189,1.0,0.0,0.0
1.3067550644340235e-189,1.0,0.0,0.0
1.2681346159851916e-189,1.0,0.0,0.0
1.2306555742766005e-189,1.0,0.0,0.0
1.1942842056412681e-189,1.0,0.0,0.0
1.1589877733927353e-189,1.0,0.0,0.0
1.124734508359837e-189,1.0,0.0,0.0
1.091493580292306e-189,1.0,0.0,0.0
1.0592350701114653e-189,1.0,0.0,0.0
1.0279299429810396e-189,1.0,0.0,0.0
9.97550022173842e-190,1.0,0.0,0.0
9.680679637108185e-190,1.0,0.0,0.0
9.39457231749621e-190,1.0,0.0,0.0
9.116920747005582e-190,1.0,0.0,0.0
8.847475020484281e-190,1.0,0.0,0.0
8.585992618593661e-190,1.0,0.0,0.0
8.332238189524686e-190,1.0,0.0,0.0
8.085983337165418e-190,1.0,0.0,0.0
7.8470064155291e-190,1.0,0.0,0.0
7.615092329257811e-190,1.0,0.0,0.0
7.390032340022127e-190,1.0,0.0,0.0
7.171623878642534e-190,1.0,0.0,0.0
6.959670362763499e-190,1.0,0.0,0.0
6.75398101991608e-190,1.0,0.0,0.0
6.554370715809829e-190,1.0,0.0,0.0
6.36065978769944e-190,1.0,0.0,0.0
6.172673882676145e-190,1.0,0.0,0.0
5.990243800738337e-190,1.0,0.0,0.0
5.813205342500144e-190,1.0,0.0,0.0
5.641399161400904e-190,1.0,0.0,0.0
5.474670620282502e-190,1.0,0.0,0.0
5.312869652205497e-190,1.0,0.0,0.0
5.15585062537874e-190,1.0,0.0,0.0
5.003472212080943e-190,1.0,0.0,0.0
4.855597261456184e-190,1.0,0.0,0.0
4.712092676068885e-190,1.0,0.0,0.0
4.572829292107136e-190,1.0,0.0,0.0
4.4376817631265437e-190,1.0,0.0,0.0
4.30652844722998e-190,1.0,0.0,0.0
4.179251297581656e-190,1.0,0.0,0.0
4.0557357561570105e-190,1.0,0.0,0.0
3.93587065063275e-190,1.0,0.0,0.0
3.819548094324259e-190,1.0,0.0,0.0
3.7066633890803007e-190,1.0,0.0,0.0
3.5971149310476165e-190,1.0,0.0,0.0
3.4908041192205985e-190,1.0,0.0,0.0
3.387635266693732e-190,1.0,0.0,0.0
3.2875155145369227e-190,1.0,0.0,0.0
3.19035474821619e-190,1.0,0.0,0.0
3.096065516484507e-190,1.0,0.0,0.0
3.0045629526697766e-190,1.0,0.0,0.0
2.915764698289097e-190,1.0,0.0,0.0
2.8295908289205707e-190,1.0,0.0,0.0
2.745963782265928e-190,1.0,0.0,0.0
2.6648082883392276e-190,1.0,0.0,0.0
2.5860513017187857e-190,1.0,0.0,0.0
2.509621935801369e-190,1.0,0.0,0.0
2.4354513989994683e-190,1.0,0.0,0.0
2.363472932824223e-190,1.0,0.0,0.0
2.293621751798281e-190,1.0,0.0,0.0
2.2258349851444928e-190,1.0,0.0,0.0
2.1600516201979705e-190,1.0,0.0,0.0
2.096212447490572e-190,1.0,0.0,0.0
2.034260007458382e-190,1.0,0.0,0.0
1.9741385387242285e-190,1.0,0.0,0.0
1.915793927908679e-190,1.0,0.0,0.0
1.8591736609243472e-190,1.0,0.0,0.0
1.8042267757096694e-190,1.0,0.0,0.0
1.7509038163596118e-190,1.0,0.0,0.0
1.6991567886120154e-190,1.0,0.0,0.0
1.648939116649523e-190,1.0,0.0,0.0
1.6002056011781999e-190,1.0,0.0,0.0
1.5529123787451178e-190,1.0,0.0,0.0
1.5070168822582882e-190,1.0,0.0,0.0
1.4624778026734052e-190,1.0,0.0,0.0
1.41925505181292e-190,1.0,0.0,0.0
1.377309726283973e-190,1.0,0.0,0.0
1.3366040724627166e-190,1.0,0.0,0.0
1.2971014525135046e-190,1.0,0.0,0.0
1.258766311412368e-190,1.0,0.0,0.0
1.2215641449450943e-190,1.0,0.0,0.0
1.1854614686511044e-190,1.0,0.0,0.0
1.1504257876851798e-190,1.0,0.0,0.0
1.1164255675699084e-190,1.0,0.0,0.0
1.0834302058125266e-190,1.0,0.0,0.0
1.0514100043606097e-190,1.0,0.0,0.0
1.0203361428718218e-190,1.0,0.0,0.0
9.901806527736613e-191,1.0,0.0,0.0
9.609163920898591e-191,1.0,0.0,0.0
9.325170210107676e-191,1.0,0.0,0.0
9.049569781857543e-191,1.0,0.0,0.0
8.782114577162614e-191,1.0,0.0,0.0
8.522563868288228e-191,1.0,0.0,0.0
8.270684042079435e-191,1.0,0.0,0.0
8.026248389693384e-191,1.0,0.0,0.0
7.789036902546074e-191,1.0,0.0,0.0
7.558836074289773e-191,1.0,0.0,0.0
7.335438708642892e-191,1.0,0.0,0.0
7.118643732899363e-191,1.0,0.0,0.0
6.908256016949615e-191,1.0,0.0,0.0
6.704086197650317e-191,1.0,0.0,0.0
6.505950508384771e-191,1.0,0.0,0.0
6.313670613660543e-191,1.0,0.0,0.0
6.127073448595495e-191,1.0,0.0,0.0
5.945991063147708e-191,1.0,0.0,0.0
5.770260470949107e-191,1.0,0.0,0.0
5.599723502606733e-191,1.0,0.0,0.0
5.434226663339611e-191,1.0,0.0,0.0
5.27362099482309e-191,1.0,0.0,0.0
5.1177619411162997e-191,1.0,0.0,0.0
4.9665092185520434e-191,1.0,0.0,0.0
4.8197266894720334e-191,1.0,0.0,0.0
4.677282239693808e-191,1.0,0.0,0.0
4.539047659599053e-191,1.0,0.0,0.0
4.404898528736292e-191,1.0,0.0,0.0
4.27471410383408e-191,1.0,0.0,0.0
4.148377210123917e-191,1.0,0.0,0.0
4.02577413587504e-191,1.0,0.0,0.0
3.906794530046198e-191,1.0,0.0,0.0
3.791331302962263e-191,1.0,0.0,0.0
3.679280529926296e-191,1.0,0.0,0.0
3.570541357680307e-191,1.0,0.0,0.0
3.465015913630515e-191,1.0,0.0,0.0
3.362609217755409e-191,1.0,0.0,0.0
3.263229097117318e-191,1.0,0.0,0.0
3.166786102900546e-191,1.0,0.0,0.0
3.0731934299014034e-191,1.0,0.0,0.0
2.98236683839766e-191,1.0,0.0,0.0
2.894224578327117e-191,1.0,0.0,0.0
2.8086873157070283e-191,1.0,0.0,0.0
2.7256780612281617e-191,1.0,0.0,0.0
2.6451221009592287e-191,1.0,0.0,0.0
2.5669469290993002e-191,1.0,0.0,0.0
2.4910821827176937e-191,1.0,0.0,0.0
2.4174595784225876e-191,1.0,0.0,0.0
2.346012850901358e-191,1.0,0.0,0.0
2.2766776932773278e-191,1.0,0.0,0.0
2.209391699229235e-191,1.0,0.0,0.0
2.1440943068213345e-191,1.0,0.0,0.0
2.0807267439935664e-191,1.0,0.0,0.0
2.019231975662736e-191,1.0,0.0,0.0
1.9595546523870907e-191,1.0,0.0,0.0
1.9016410605480856e-191,1.0,0.0,0.0
1.8454390740045032e-191,1.0,0.0,0.0
1.790898107175406e-191,1.0,0.0,0.0
1.7379690695097015e-191,1.0,0.0,0.0
1.686604321301333e-191,1.0,0.0,0.0
1.6367576308103288e-191,1.0,0.0,0.0
1.588384132651115e-191,1.0,0.0,0.0
1.541440287410642e-191,1.0,0.0,0.0
1.4958838424599738e-191,1.0,0.0,0.0
1.4516737939240703e-191,1.0,0.0,0.0
1.4087703497755318e-191,1.0,0.0,0.0
1.3671348940190903e-191,1.0,0.0,0.0
1.3267299519346057e-191,1.0,0.0,0.0
1.2875191563472903e-191,1.0,0.0,0.0
1.249467214894796e-191,1.0,0.0,0.0
1.2125398782617061e-191,1.0,0.0,0.0
1.1767039093528413e-191,1.0,0.0,0.0
1.1419270533776296e-191,1.0,0.0,0.0
1.1081780088186186e-191,1.0,0.0,0.0
1.0754263992579964e-191,1.0,0.0,0.0
1.043642746036767e-191,1.0,0.0,0.0
1.0127984417219661e-191,1.0,0.0,0.0
9.828657243580416e-192,1.0,0.0,0.0
9.538176524792201e-192,1.0,0.0,0.0
9.256280808603688e-192,1.0,0.0,0.0
8.982716369845287e-192,1.0,0.0,0.0
8.717236982059372e-192,1.0,0.0,0.0
8.459603695879846e-192,1.0,0.0,0.0
8.20958462396159e-192,1.0,0.0,0.0
7.966954732266198e-192,1.0,0.0,0.0
7.73149563751616e-192,1.0,0.0,0.0
7.502995410635166e-192,1.0,0.0,0.0
7.281248385997645e-192,1.0,0.0,0.0
7.066054976315811e-192,1.0,0.0,0.0
6.85722149299764e-192,1.0,0.0,0.0
6.654559971814066e-192,1.0,0.0,0.0
6.457888003718487e-192,1.0,0.0,0.0
6.26702857066631e-192,1.0,0.0,0.0
6.081809886286766e-192,1.0,0.0,0.0
5.9020652412635876e-192,1.0,0.0,0.0
5.727632853285365e-192,1.0,0.0,0.0
5.558355721430551e-192,1.0,0.0,0.0
5.394081484856038e-192,1.0,0.0,0.0
5.23466228566211e-192,1.0,0.0,0.0
5.079954635810361e-192,1.0,0.0,0.0
4.929819287974773e-192,1.0,0.0,0.0
4.784121110209724e-192,1.0,0.0,0.0
4.642728964322118e-192,1.0,0.0,0.0
4.505515587838163e-192,1.0,0.0,0.0
4.372357479458551e-192,1.0,0.0,0.0
4.2431347878989574e-192,1.0,0.0,0.0
4.117731204015797e-192,1.0,0.0,0.0
3.9960338561201406e-192,1.0,0.0,0.0
3.877933208385581e-192,1.0,0.0,0.0
3.7633229622585945e-192,1.0,0.0,0.0
3.652099960782673e-192,1.0,0.0,0.0
3.544164095750095e-192,1.0,0.0,0.0
3.4394182175977875e-192,1.0,0.0,0.0
3.3377680479661586e-192,1.0,0.0,0.0
3.2391220948422147e-192,1.0,0.0,0.0
3.143391570210571e-192,1.0,0.0,0.0
3.0504903101382483e-192,1.0,0.0,0.0
2.9603346972213153e-192,1.0,0.0,0.0
2.872843585323584e-192,1.0,0.0,0.0
2.7879382265396093e-192,1.0,0.0,0.0
2.705542200316259e-192,1.0,0.0,0.0
2.6255813446690616e-192,1.0,0.0,0.0
2.54798368943141e-192,1.0,0.0,0.0
2.4726793914765594e-192,1.0,0.0,0.0
2.3996006718540948e-192,1.0,0.0,0.0
2.3286817547843053e-192,1.0,0.0,0.0
2.2598588084555417e-192,1.0,0.0,0.0
2.193069887571277e-192,1.0,0.0,0.0
2.1282548775951607e-192,1.0,0.0,0.0
2.0653554406438766e-192,1.0,0.0,0.0
2.0043149629791132e-192,1.0,0.0,0.0
1.9450785040513772e-192,1.0,0.0,0.0
1.88759274704979e-192,1.0,0.0,0.0
1.8318059509133625e-192,1.0,0.0,0.0
1.7776679037605446e-192,1.0,0.0,0.0
1.7251298776951451e-192,1.0,0.0,0.0
1.6741445849479373e-192,1.0,0.0,0.0
1.6246661353144733e-192,1.0,0.0,0.0
1.5766499948508036e-192,1.0,0.0,0.0
1.5300529457899229e-192,1.0,0.0,0.0
1.4848330476428614e-192,1.0,0.0,0.0
1.4409495994494157e-192,1.0,0.0,0.0
1.3983631031445369e-192,1.0,0.0,0.0
1.3570352280074065e-192,1.0,0.0,0.0
1.3169287761612005e-192,1.0,0.0,0.0
1.2780076490924906e-192,1.0,0.0,0.0
1.2402368151601447e-192,1.0,0.0,0.0
1.2035822780644867e-192,1.0,0.0,0.0
1.1680110462483317e-192,1.0,0.0,0.0
1.1334911032023584e-192,1.0,0.0,0.0
1.099991378648089e-192,1.0,0.0,0.0
1.067481720572543e-192,1.0,0.0,0.0
1.03593286808939e-192,1.0,0.0,0.0
1.0053164251021763e-192,1.0,0.0,0.0
9.756048347459234e-193,1.0,0.0,0.0
9.467713545840881e-193,1.0,0.0,0.0
9.187900325385659e-193,1.0,0.0,0.0
8.916356835310685e-193,1.0,0.0,0.0
8.652838668148538e-193,1.0,0.0,0.0
8.397108639764047e-193,1.0,0.0,0.0
8.148936575872557e-193,1.0,0.0,0.0
7.908099104867541e-193,1.0,0.0,0.0
7.674379456771078e-193,1.0,0.0,0.0
7.447567268126244e-193,1.0,0.0,0.0
7.227458392655802e-193,1.0,0.0,0.0
7.013854717516777e-193,1.0,0.0,0.0
6.806563984985524e-193,1.0,0.0,0.0
6.605399619412804e-193,1.0,0.0,0.0
6.410180559293105e-193,1.0,0.0,0.0
6.220731094297071e-193,1.0,0.0,0.0
6.036880707120343e-193,1.0,0.0,0.0
5.858463920006478e-193,1.0,0.0,0.0
5.685320145805805e-193,1.0,0.0,0.0
5.517293543436141e-193,1.0,0.0,0.0
5.354232877615315e-193,1.0,0.0,0.0
5.195991382739192e-193,1.0,0.0,0.0
5.0424266307827365e-193,1.0,0.0,0.0
4.893400403105166e-193,1.0,0.0,0.0
4.748778566043858e-193,1.0,0.0,0.0
4.608430950184991e-193,1.0,0.0,0.0
4.472231233202294e-193,1.0,0.0,0.0
4.340056826158421e-193,1.0,0.0,0.0
4.21178876316664e-193,1.0,0.0,0.0
4.0873115943135025e-193,1.0,0.0,0.0
3.9665132817461305e-193,1.0,0.0,0.0
3.849285098830588e-193,1.0,0.0,0.0
3.735521532290571e-193,1.0,0.0,0.0
3.6251201872383414e-193,1.0,0.0,0.0
3.517981695012412e-193,1.0,0.0,0.0
3.41400962373905e-193,1.0,0.0,0.0
3.3131103915370787e-193,1.0,0.0,0.0
3.2151931822878717e-193,1.0,0.0,0.0
3.120169863894715e-193,1.0,0.0,0.0
3.0279549089579715e-193,1.0,0.0,0.0
2.938465317794651e-193,1.0,0.0,0.0
2.8516205437330934e-193,1.0,0.0,0.0
2.7673424206155267e-193,1.0,0.0,0.0
2.685555092443252e-193,1.0,0.0,0.0
2.6061849451011223e-193,1.0,0.0,0.0
2.529160540099873e-193,1.0,0.0,0.0
2.4544125502766596e-193,1.0,0.0,0.0
2.3818736973959317e-193,1.0,0.0,0.0
2.3114786915944804e-193,1.0,0.0,0.0
2.2431641726161573e-193,1.0,0.0,0.0
2.1768686527833638e-193,1.0,0.0,0.0
2.112532461653995e-193,1.0,0.0,0.0
2.0500976923140124e-193,1.0,0.0,0.0
1.9895081492573152e-193,1.0,0.0,0.0
1.93070929780599e-193,1.0,0.0,0.0
1.8736482150254215e-193,1.0,0.0,0.0
1.8182735420900797e-193,1.0,0.0,0.0
1.7645354380571105e-193,1.0,0.0,0.0
1.7123855350061227e-193,1.0,0.0,0.0
1.661776894504796e-193,1.0,0.0,0.0
1.6126639653611242e-193,1.0,0.0,0.0
1.5650025426242675e-193,1.0,0.0,0.0
1.5187497277971146e-193,1.0,0.0,0.0
1.473863890224738e-193,1.0,0.0,0.0
1.4303046296239972e-193,1.0,0.0,0.0
1.3880327397205561e-193,1.0,0.0,0.0
1.34701017296059e-193,1.0,0.0,0.0
1.3072000062654195e-193,1.0,0.0,0.0
1.2685664077982485e-193,1.0,0.0,0.0
1.2310746047130913e-193,1.0,0.0,0.0
1.1946908518568663e-193,1.0,0.0,0.0
1.1593824013964789e-193,1.0,0.0,0.0
1.1251174733435626e-193,1.0,0.0,0.0
1.0918652269503448e-193,1.0,0.0,0.0
1.0595957329508922e-193,1.0,0.0,0.0
1.0282799466227512e-193,1.0,0.0,0.0
9.978896816447374e-194,1.0,0.0,0.0
9.683975847273447e-194,1.0,0.0,0.0
9.39777110992939e-194,1.0,0.0,0.0
9.120025000835757e-194,1.0,0.0,0.0
8.8504875297494e-194,1.0,0.0,0.0
8.588916094755375e-194,1.0,0.0,0.0
8.335075263908846e-194,1.0,0.0,0.0
8.088736563330442e-194,1.0,0.0,0.0
7.849678271564351e-194,1.0,0.0,0.0
7.617685220014045e-194,1.0,0.0,0.0
7.392548599276015e-194,1.0,0.0,0.0
7.174065771197228e-194,1.0,0.0,0.0
6.962040086487099e-194,1.0,0.0,0.0
6.756280707719869e-194,1.0,0.0,0.0
6.556602437568035e-194,1.0,0.0,0.0
6.362825552112263e-194,1.0,0.0,0.0
6.174775639077723e-194,1.0,0.0,0.0
5.99228344085128e-194,1.0,0.0,0.0
5.815184702138206e-194,1.0,0.0,0.0
5.643320022121347e-194,1.0,0.0,0.0
5.476534710989612e-194,1.0,0.0,0.0
5.314678650706716e-194,1.0,0.0,0.0
5.157606159894809e-194,1.0,0.0,0.0
5.005175862711406e-194,1.0,0.0,0.0
4.857250561601587e-194,1.0,0.0,0.0
4.7136971138109394e-194,1.0,0.0,0.0
4.574386311548092e-194,1.0,0.0,0.0
4.4391927656889816e-194,1.0,0.0,0.0
4.307994792918182e-194,1.0,0.0,0.0
4.1806743062057066e-194,1.0,0.0,0.0
4.057116708520708e-194,1.0,0.0,0.0
3.9372107896864214e-194,1.0,0.0,0.0
3.820848626283498e-194,1.0,0.0,0.0
3.7079254845116434e-194,1.0,0.0,0.0
3.598339725922129e-194,1.0,0.0,0.0
3.491992715936329e-194,1.0,0.0,0.0
3.388788735067943e-194,1.0,0.0,0.0
3.2886348927689976e-194,1.0,0.0,0.0
3.1914410438220837e-194,1.0,0.0,0.0
3.097119707203579e-194,1.0,0.0,0.0
3.0055859873448206e-194,1.0,0.0,0.0
2.9167574977203655e-194,1.0,0.0,0.0
2.8305542866945545e-194,1.0,0.0,0.0
2.746898765559647e-194,1.0,0.0,0.0
2.6657156387007482e-194,1.0,0.0,0.0
2.58693183582467e-194,1.0,0.0,0.0
2.5104764461917395e-194,1.0,0.0,0.0
2.4362806547913455e-194,1.0,0.0,0.0
2.364277680403787e-194,1.0,0.0,0.0
2.2944027154926648e-194,1.0,0.0,0.0
2.226592867873729e-194,1.0,0.0,0.0
2.160787104107664e-194,1.0,0.0,0.0
2.0969261945658788e-194,1.0,0.0,0.0
2.0349526601198404e-194,1.0,0.0,0.0
1.9748107204059806e-194,1.0,0.0,0.0
1.916446243619604e-194,1.0,0.0,0.0
1.859806697792609e-194,1.0,0.0,0.0
1.8048411035111734e-194,1.0,0.0,0.0
1.7514999880308397e-194,1.0,0.0,0.0
1.699735340747707e-194,1.0,0.0,0.0
1.6495005699856465e-194,1.0,0.0,0.0
1.60075046106065e-194,1.0,0.0,0.0
1.553441135584561e-194,1.0,0.0,0.0
1.5075300119715653e-194,1.0,0.0,0.0
1.4629757671118897e-194,1.0,0.0,0.0
1.4197382991782136e-194,1.0,0.0,0.0
1.3777786915313185e-194,1.0,0.0,0.0
1.3370591776924871e-194,1.0,0.0,0.0
1.2975431073511217e-194,1.0,0.0,0.0
1.2591949133769927e-194,1.0,0.0,0.0
1.2219800798074208e-194,1.0,0.0,0.0
1.1858651107805802e-194,1.0,0.0,0.0
1.150817500386963e-194,1.0,0.0,0.0
1.1168057034118671e-194,1.0,0.0,0.0
1.0837991069425737e-194,1.0,0.0,0.0
1.0517680028146591e-194,1.0,0.0,0.0
1.0206835608726434e-194,1.0,0.0,0.0
9.905178030209032e-195,1.0,0.0,0.0
9.612435780414978e-195,1.0,0.0,0.0
9.328345371562411e-195,1.0,0.0,0.0
9.052651103110224e-195,1.0,0.0,0.0
8.785104831610327e-195,1.0,0.0,0.0
8.525465747361789e-195,1.0,0.0,0.0
8.273500157665854e-195,1.0,0.0,0.0
8.028981276486748e-195,1.0,0.0,0.0
7.791689020328938e-195,1.0,0.0,0.0
7.56140981014713e-195,1.0,0.0,0.0
7.337936379110719e-195,1.0,0.0,0.0
7.121067586049642e-195,1.0,0.0,0.0
6.91060823441377e-195,1.0,0.0,0.0
6.706368896582816e-195,1.0,0.0,0.0
6.508165743368709e-195,1.0,0.0,0.0
6.315820378556912e-195,1.0,0.0,0.0
6.12915967833779e-195,1.0,0.0,0.0
5.948015635483495e-195,1.0,0.0,0.0
5.772225208130125e-195,1.0,0.0,0.0
5.601630173029044e-195,1.0,0.0,0.0
5.436076983135276e-195,1.0,0.0,0.0
5.275416629404802e-195,1.0,0.0,0.0
5.119504506676369e-195,1.0,0.0,0.0
4.96820028351708e-195,1.0,0.0,0.0
4.821367775914634e-195,1.0,0.0,0.0
4.678874824702527e-195,1.0,0.0,0.0
4.5405931766078815e-195,1.0,0.0,0.0
4.406398368814844e-195,1.0,0.0,0.0
4.2761696169396506e-195,1.0,0.0,0.0
4.149789706316532e-195,1.0,0.0,0.0
4.0271448864966024e-195,1.0,0.0,0.0
3.908124768864779e-195,1.0,0.0,0.0
3.792622227282576e-195,1.0,0.0,0.0
3.6805333016673535e-195,1.0,0.0,0.0
3.571757104421224e-195,1.0,0.0,0.0
3.4661957296254096e-195,1.0,0.0,0.0
3.363754164918301e-195,1.0,0.0,0.0
3.2643402059779266e-195,1.0,0.0,0.0
3.1678643735318338e-195,1.0,0.0,0.0
3.07423983281971e-195,1.0,0.0,0.0
2.9833823154362342e-195,1.0,0.0,0.0
2.8952100434838274e-195,1.0,0.0,0.0
2.8096436559670236e-195,1.0,0.0,0.0
2.7266061373622193e-195,1.0,0.0,0.0
2.646022748298505e-195,1.0,0.0,0.0
2.5678209582871846e-195,1.0,0.0,0.0
2.4919303804394436e-195,1.0,0.0,0.0
2.4182827081133963e-195,1.0,0.0,0.0
2.3468116534335e-195,1.0,0.0,0.0
2.2774528876269927e-195,1.0,0.0,0.0
2.2101439831236557e-195,1.0,0.0,0.0
2.144824357366787e-195,1.0,0.0,0.0
2.081435218284812e-195,1.0,0.0,0.0
2.0199195113744525e-195,1.0,0.0,0.0
1.9602218683478198e-195,1.0,0.0,0.0
1.902288557297222e-195,1.0,0.0,0.0
1.8460674343328202e-195,1.0,0.0,0.0
1.791507896649607e-195,1.0,0.0,0.0
1.7385608369814674e-195,1.0,0.0,0.0
1.687178599401327e-195,1.0,0.0,0.0
1.6373149364275982e-195,1.0,0.0,0.0
1.5889249673983278e-195,1.0,0.0,0.0
1.5419651380755716e-195,1.0,0.0,0.0
1.4963931814436404e-195,1.0,0.0,0.0
1.4521680796659342e-195,1.0,0.0,0.0
1.40925002716612e-195,1.0,0.0,0.0
1.3676003948004273e-195,1.0,0.0,0.0
1.3271816950888113e-195,1.0,0.0,0.0
1.287957548473691e-195,1.0,0.0,0.0
1.2498926505758926e-195,1.0,0.0,0.0
1.2129527404183244e-195,1.0,0.0,0.0
1.177104569588786e-195,1.0,0.0,0.0
1.1423158723141536e-195,1.0,0.0,0.0
1.1085553364190055e-195,1.0,0.0,0.0
1.0757925751425525e-195,1.0,0.0,0.0
1.0439980997885015e-195,1.0,0.0,0.0
1.013143293183238e-195,1.0,0.0,0.0
9.832003839184401e-196,1.0,0.0,0.0
9.541424213549356e-196,1.0,0.0,0.0
9.259432513653077e-196,1.0,0.0,0.0
8.985774927934165e-196,1.0,0.0,0.0
8.72020514609644e-196,1.0,0.0,0.0
8.462484137413055e-196,1.0,0.0,0.0
8.212379935582721e-196,1.0,0.0,0.0
7.969667429944364e-196,1.0,0.0,0.0
7.734128162862349e-196,1.0,0.0,0.0
7.505550133099859e-196,1.0,0.0,0.0
7.283727605003476e-196,1.0,0.0,0.0
7.068460923327208e-196,1.0,0.0,0.0
6.85955633352929e-196,1.0,0.0,0.0
6.656825807380024e-196,1.0,0.0,0.0
6.460086873723682e-196,1.0,0.0,0.0
6.269162454242148e-196,1.0,0.0,0.0
6.083880704072481e-196,1.0,0.0,0.0
5.904074857134945e-196,1.0,0.0,0.0
5.729583076032277e-196,1.0,0.0,0.0
5.56024830638511e-196,1.0,0.0,0.0
5.395918135472432e-196,1.0,0.0,0.0
5.236444655049849e-196,1.0,0.0,0.0
5.081684328222186e-196,1.0,0.0,0.0
4.931497860250589e-196,1.0,0.0,0.0
4.785750073177865e-196,1.0,0.0,0.0
4.644309784159195e-196,1.0,0.0,0.0
4.507049687388717e-196,1.0,0.0,0.0
4.373846239515714e-196,1.0,0.0,0.0
4.244579548447258e-196,1.0,0.0,0.0
4.119133265437233e-196,1.0,0.0,0.0
3.997394480364616e-196,1.0,0.0,0.0
3.879253620106744e-196,1.0,0.0,0.0
3.764604349916109e-196,1.0,0.0,0.0
3.65334347771191e-196,1.0,0.0,0.0
3.5453708612002157e-196,1.0,0.0,0.0
3.44058931773914e-196,1.0,0.0,0.0
3.3389045368679084e-196,1.0,0.0,0.0
3.2402249954210734e-196,1.0,0.0,0.0
3.1444618751514953e-196,1.0,0.0,0.0
3.0515289827879182e-196,1.0,0.0,0.0
2.961342672455216e-196,1.0,0.0,0.0
2.8738217703874534e-196,1.0,0.0,0.0
2.7888875018660217e-196,1.0,0.0,0.0
2.7064634203170756e-196,1.0,0.0,0.0
2.626475338504455e-196,1.0,0.0,0.0
2.548851261756168e-196,1.0,0.0,0.0
2.4735213231643255e-196,1.0,0.0,0.0
2.40041772070021e-196,1.0,0.0,0.0
2.3294746561878735e-196,1.0,0.0,0.0
2.2606282760813386e-196,1.0,0.0,0.0
2.193816613992097e-196,1.0,0.0,0.0
2.1289795349151786e-196,1.0,0.0,0.0
2.0660586811035872e-196,1.0,0.0,0.0
2.0049974195423917e-196,1.0,0.0,0.0
1.945740790975189e-196,1.0,0.0,0.0
1.8882354604370645e-196,1.0,0.0,0.0
1.8324296692495242e-196,1.0,0.0,0.0
1.7782731884341905e-196,1.0,0.0,0.0
1.7257172735033322e-196,1.0,0.0,0.0
1.6747146205865358e-196,1.0,0.0,0.0
1.6252193238540296e-196,1.0,0.0,0.0
1.5771868341983378e-196,1.0,0.0,0.0
1.5305739191370787e-196,1.0,0.0,0.0
1.4853386239008116e-196,1.0,0.0,0.0
1.4414402336709137e-196,1.0,0.0,0.0
1.3988392369334946e-196,1.0,0.0,0.0
1.3574972899163679e-196,1.0,0.0,0.0
1.3173771820770682e-196,1.0,0.0,0.0
1.2784428026108511e-196,1.0,0.0,0.0
1.2406591079485332e-196,1.0,0.0,0.0
1.2039920902149133e-196,1.0,0.0,0.0
1.1684087466193897e-196,1.0,0.0,0.0
1.1338770497512222e-196,1.0,0.0,0.0
1.1003659187527002e-196,1.0,0.0,0.0
1.0678451913442732e-196,1.0,0.0,0.0
1.036285596676464e-196,1.0,0.0,0.0
1.0056587289841283e-196,1.0,0.0,0.0
9.75937022019349e-197,1.0,0.0,0.0
9.470937242399525e-197,1.0,0.0,0.0
9.19102874731316e-197,1.0,0.0,0.0
8.919392798397914e-197,1.0,0.0,0.0
8.65578490496717e-197,1.0,0.0,0.0
8.399967802126058e-197,1.0,0.0,0.0
8.151711237217038e-197,1.0,0.0,0.0
7.91079176257696e-197,1.0,0.0,0.0
7.676992534419101e-197,1.0,0.0,0.0
7.45010311765911e-197,1.0,0.0,0.0
7.229919296509234e-197,1.0,0.0,0.0
7.016242890670329e-197,1.0,0.0,0.0
6.80888157695621e-197,1.0,0.0,0.0
6.607648716189811e-197,1.0,0.0,0.0
6.412363185215324e-197,1.0,0.0,0.0
6.222849213875135e-197,1.0,0.0,0.0
6.038936226804823e-197,1.0,0.0,0.0
5.860458689903818e-197,1.0,0.0,0.0
5.687255961343535e-197,1.0,0.0,0.0
5.519172146978897e-197,1.0,0.0,0.0
5.356055960033069e-197,1.0,0.0,0.0
5.197760584929161e-197,1.0,0.0,0.0
5.0441435451462915e-197,1.0,0.0,0.0
4.89506657498111e-197,1.0,0.0,0.0
4.750395495099327e-197,1.0,0.0,0.0
4.6100000917652624e-197,1.0,0.0,0.0
4.4737539996406886e-197,1.0,0.0,0.0
4.3415345880475056e-197,1.0,0.0,0.0
4.213222850591848e-197,1.0,0.0,0.0
4.088703298050303e-197,1.0,0.0,0.0
3.9678638544218106e-197,1.0,0.0,0.0
3.8505957560517066e-197,1.0,0.0,0.0
3.736793453737083e-197,1.0,0.0,0.0
3.6263545177253896e-197,1.0,0.0,0.0
3.5191795455207397e-197,1.0,0.0,0.0
3.4151720724149566e-197,1.0,0.0,0.0
3.3142384846628266e-197,1.0,0.0,0.0
3.216287935223408e-197,1.0,0.0,0.0
3.1212322619915654e-197,1.0,0.0,0.0
3.0289859084461246e-197,1.0,0.0,0.0
2.939465846643228e-197,1.0,0.0,0.0
2.852591502485583e-197,1.0,0.0,0.0
2.768284683200336e-197,1.0,0.0,0.0
2.6864695069603e-197,1.0,0.0,0.0
2.6070723345851872e-197,1.0,0.0,0.0
2.5300217032613808e-197,1.0,0.0,0.0
2.4552482622205747e-197,1.0,0.0,0.0
2.3826847103194057e-197,1.0,0.0,0.0
2.3122657354638797e-197,1.0,0.0,0.0
2.243927955824081e-197,1.0,0.0,0.0
2.1776098627862468e-197,1.0,0.0,0.0
2.1132517655908632e-197,1.0,0.0,0.0
2.0507957376069553e-197,1.0,0.0,0.0
1.9901855641942066e-197,1.0,0.0,0.0
1.931366692105992e-197,1.0,0.0,0.0
1.874286180387771e-197,1.0,0.0,0.0
1.818892652726659e-197,1.0,0.0,0.0
1.765136251209276e-197,1.0,0.0,0.0
1.71296859144626e-197,1.0,0.0,0.0
1.6623427190230515e-197,1.0,0.0,0.0
1.6132130672377513e-197,1.0,0.0,0.0
1.5655354160880142e-197,1.0,0.0,0.0
1.5192668524700613e-197,1.0,0.0,0.0
1.4743657315539913e-197,1.0,0.0,0.0
1.4307916393006224e-197,1.0,0.0,0.0
1.3885053560861297e-197,1.0,0.0,0.0
1.3474688214017382e-197,1.0,0.0,0.0
1.3076450995966931e-197,1.0,0.0,0.0
1.2689983466336847e-197,1.0,0.0,0.0
1.2314937778267937e-197,1.0,0.0,0.0
1.1950976365329267e-197,1.0,0.0,0.0
1.1597771637685596e-197,1.0,0.0,0.0
1.1255005687244411e-197,1.0,0.0,0.0
1.0922370001517188e-197,1.0,0.0,0.0
1.0599565185937336e-197,1.0,0.0,0.0
1.0286300694384876e-197,1.0,0.0,0.0
9.982294567675327e-198,1.0,0.0,0.0
9.687273179777409e-198,1.0,0.0,0.0
9.400970991531147e-198,1.0,0.0,0.0
9.123130311644711e-198,1.0,0.0,0.0
8.853501064754857e-198,1.0,0.0,0.0
8.59184056634222e-198,1.0,0.0,0.0
8.337913304298877e-198,1.0,0.0,0.0
8.091490726951551e-198,1.0,0.0,0.0
7.852351037349674e-198,1.0,0.0,0.0
7.620278993633169e-198,1.0,0.0,0.0
7.395065715300254e-198,1.0,0.0,0.0
7.176508495200881e-198,1.0,0.0,0.0
6.964410617086627e-198,1.0,0.0,0.0
6.7585811785528e-198,1.0,0.0,0.0
6.558834919213376e-198,1.0,0.0,0.0
6.364992053954163e-198,1.0,0.0,0.0
6.1768781111140564e-198,1.0,0.0,0.0
5.9943237754487716e-198,1.0,0.0,0.0
5.8171647357356984e-198,1.0,0.0,0.0
5.6452415368827085e-198,1.0,0.0,0.0
5.4783994364078094e-198,1.0,0.0,0.0
5.316488265160476e-198,1.0,0.0,0.0
5.1593622921592704e-198,1.0,0.0,0.0
5.006880093424126e-198,1.0,0.0,0.0
4.8589044246852255e-198,1.0,0.0,0.0
4.71530209785389e-198,1.0,0.0,0.0
4.575943861144314e-198,1.0,0.0,0.0
4.4407042827382296e-198,1.0,0.0,0.0
4.309461637887812e-198,1.0,0.0,0.0
4.182097799355187e-198,1.0,0.0,0.0
4.058498131089945e-198,1.0,0.0,0.0
3.938551385048959e-198,1.0,0.0,0.0
3.822149601065639e-198,1.0,0.0,0.0
3.709188009678494e-198,1.0,0.0,0.0
3.599564937831546e-198,1.0,0.0,0.0
3.49318171736172e-198,1.0,0.0,0.0
3.389942596190836e-198,1.0,0.0,0.0
3.289754652142276e-198,1.0,0.0,0.0
3.1925277093047566e-198,1.0,0.0,0.0
3.0981742568679192e-198,1.0,0.0,0.0
3.0066093703566977e-198,1.0,0.0,0.0
2.9177506351935568e-198,1.0,0.0,0.0
2.831518072519813e-198,1.0,0.0,0.0
2.7478340672092616e-198,1.0,0.0,0.0
2.666623298009325e-198,1.0,0.0,0.0
2.587812669746845e-198,1.0,0.0,0.0
2.5113312475374893e-198,1.0,0.0,0.0
2.4371101929395723e-198,1.0,0.0,0.0
2.3650827019948086e-198,1.0,0.0,0.0
2.295183945100244e-198,1.0,0.0,0.0
2.227351008657237e-198,1.0,0.0,0.0
2.1615228384449736e-198,1.0,0.0,0.0
2.0976401846675474e-198,1.0,0.0,0.0
2.0356455486251467e-198,1.0,0.0,0.0
1.9754831309613422e-198,1.0,0.0,0.0
1.9170987814399007e-198,1.0,0.0,0.0
1.860439950205919e-198,1.0,0.0,0.0
1.8054556404874065e-198,1.0,0.0,0.0
1.7520963626947492e-198,1.0,0.0,0.0
1.7003140898767395e-198,1.0,0.0,0.0
1.650062214493078e-198,1.0,0.0,0.0
1.601295506464442e-198,1.0,0.0,0.0
1.5539700724623622e-198,1.0,0.0,0.0
1.508043316402263e-198,1.0,0.0,0.0
1.4634739011041145e-198,1.0,0.0,0.0
1.420221711086177e-198,1.0,0.0,0.0
1.3782478164583633e-198,1.0,0.0,0.0
1.3375144378827083e-198,1.0,0.0,0.0
1.2979849125694162e-198,1.0,0.0,0.0
1.2596236612778742e-198,1.0,0.0,0.0
1.222396156292936e-198,1.0,0.0,0.0
1.1862688903476466e-198,1.0,0.0,0.0
1.151209346464442e-198,1.0,0.0,0.0
1.117185968687674e-198,1.0,0.0,0.0
1.0841681336811206e-198,1.0,0.0,0.0
1.0521261231649164e-198,1.0,0.0,0.0
1.0210310971670955e-198,1.0,0.0,0.0
9.908550680656701e-199,1.0,0.0,0.0
9.615708753978817e-199,1.0,0.0,0.0
9.33152161413952e-199,1.0,0.0,0.0
9.055733473533289e-199,1.0,0.0,0.0
8.788096104220754e-199,1.0,0.0,0.0
8.528368614506807e-199,1.0,0.0,0.0
8.276317232121806e-199,1.0,0.0,0.0
8.031715093810769e-199,1.0,0.0,0.0
7.7943420411411225e-199,1.0,0.0,0.0
7.563984422345261e-199,1.0,0.0,0.0
7.340434900019532e-199,1.0,0.0,0.0
7.123492264506583e-199,1.0,0.0,0.0
6.912961252793087e-199,1.0,0.0,0.0
6.708652372759856e-199,1.0,0.0,0.0
6.510381732626142e-199,1.0,0.0,0.0
6.317970875434627e-199,1.0,0.0,0.0
6.131246618428111e-199,1.0,0.0,0.0
5.950040897173351e-199,1.0,0.0,0.0
5.774190614291721e-199,1.0,0.0,0.0
5.60353749266057e-199,1.0,0.0,0.0
5.437927932953124e-199,1.0,0.0,0.0
5.277212875388728e-199,1.0,0.0,0.0
5.121247665568987e-199,1.0,0.0,0.0
4.969891924279036e-199,1.0,0.0,0.0
4.823009421136784e-199,1.0,0.0,0.0
4.680467951976365e-199,1.0,0.0,0.0
4.542139219855473e-199,1.0,0.0,0.0
4.407898719579453e-199,1.0,0.0,0.0
4.277625625638224e-199,1.0,0.0,0.0
4.1512026834551637e-199,1.0,0.0,0.0
4.028516103850079e-199,1.0,0.0,0.0
3.9094554606212603e-199,1.0,0.0,0.0
3.7939135911544514e-199,1.0,0.0,0.0
3.681786499969261e-199,1.0,0.0,0.0
3.5729732651162136e-199,1.0,0.0,0.0
3.4673759473401844e-199,1.0,0.0,0.0
3.364899501928457e-199,1.0,0.0,0.0
3.265451693164071e-199,1.0,0.0,0.0
3.168943011307448e-199,1.0,0.0,0.0
3.0752865920315886e-199,1.0,0.0,0.0
2.984398138238313e-199,1.0,0.0,0.0
2.896195844185186e-199,1.0,0.0,0.0
2.810600321854825e-199,1.0,0.0,0.0
2.727534529500327e-199,1.0,0.0,0.0
2.6469237023025e-199,1.0,0.0,0.0
2.5686952850764757e-199,1.0,0.0,0.0
2.492778866967149e-199,1.0,0.0,0.0
2.419106118074655e-199,1.0,0.0,0.0
2.347610727952849e-199,1.0,0.0,0.0
2.2782283459254287e-199,1.0,0.0,0.0
2.2108965231659825e-199,1.0,0.0,0.0
2.145554656489831e-199,1.0,0.0,0.0
2.0821439338070718e-199,1.0,0.0,0.0
2.0206072811877285e-199,1.0,0.0,0.0
1.9608893114913615e-199,1.0,0.0,0.0
1.9029362745149043e-199,1.0,0.0,0.0
1.846696008613853e-199,1.0,0.0,0.0
1.7921178937532652e-199,1.0,0.0,0.0
1.739152805946313e-199,1.0,0.0,0.0
1.68775307303938e-199,1.0,0.0,0.0
1.6378724318039038e-199,1.0,0.0,0.0
1.58946598629635e-199,1.0,0.0,0.0
1.5424901674488316e-199,1.0,0.0,0.0
1.4969026938540082e-199,1.0,0.0,0.0
1.4526625337089656e-199,1.0,0.0,0.0
1.4097298678838247e-199,1.0,0.0,0.0
1.3680660540818351e-199,1.0,0.0,0.0
1.3276335920587029e-199,1.0,0.0,0.0
1.2883960898698375e-199,1.0,0.0,0.0
1.2503182311151473e-199,1.0,0.0,0.0
1.213365743151895e-199,1.0,0.0,0.0
1.1775053662470063e-199,1.0,0.0,0.0
1.1427048236410653e-199,1.0,0.0,0.0
1.1089327924970534e-199,1.0,0.0,0.0
1.0761588757076809e-199,1.0,0.0,0.0
1.0443535745359403e-199,1.0,0.0,0.0
1.0134882620642511e-199,1.0,0.0,0.0
9.835351574283021e-200,1.0,0.0,0.0
9.544673008123989e-200,1.0,0.0,0.0
9.262585291838103e-200,1.0,0.0,0.0
8.988834527442728e-200,1.0,0.0,0.0
8.723174320774587e-200,1.0,0.0,0.0
8.465365559718387e-200,1.0,0.0,0.0
8.215176198989778e-200,1.0,0.0,0.0
7.972381051278932e-200,1.0,0.0,0.0
7.736761584566769e-200,1.0,0.0,0.0
7.508105725431395e-200,1.0,0.0,0.0
7.2862076681677e-200,1.0,0.0,0.0
7.070867689548347e-200,1.0,0.0,0.0
6.861891969059375e-200,1.0,0.0,0.0
6.659092414448663e-200,1.0,0.0,0.0
6.462286492430209e-200,1.0,0.0,0.0
6.271297064391849e-200,1.0,0.0,0.0
6.085952226958556e-200,1.0,0.0,0.0
5.906085157267798e-200,1.0,0.0,0.0
5.7315339628177e-200,1.0,0.0,0.0
5.562141535752876e-200,1.0,0.0,0.0
5.397755411456744e-200,1.0,0.0,0.0
5.238227631323092e-200,1.0,0.0,0.0
5.083414609583336e-200,1.0,0.0,0.0
4.9331770040696476e-200,1.0,0.0,0.0
4.7873795907975956e-200,1.0,0.0,0.0
4.6458911422554295e-200,1.0,0.0,0.0
4.5085843092904674e-200,1.0,0.0,0.0
4.3753355064862625e-200,1.0,0.0,0.0
4.2460248009273876e-200,1.0,0.0,0.0
4.120535804251716e-200,1.0,0.0,0.0
3.998755567893042e-200,1.0,0.0,0.0
3.880574481419748e-200,1.0,0.0,0.0
3.7658861738780163e-200,1.0,0.0,0.0
3.6545874180507975e-200,1.0,0.0,0.0
3.5465780375463406e-200,1.0,0.0,0.0
3.441760816632686e-200,1.0,0.0,0.0
3.3400414127369427e-200,1.0,0.0,0.0
3.241328271530606e-200,1.0,0.0,0.0
3.145532544524484e-200,1.0,0.0,0.0
3.0525680090990583e-200,1.0,0.0,0.0
2.9623509908983106e-200,1.0,0.0,0.0
2.8748002885171525e-200,1.0,0.0,0.0
2.789837100414682e-200,1.0,0.0,0.0
2.7073849539874785e-200,1.0,0.0,0.0
2.627369636739098e-200,1.0,0.0,0.0
2.5497191294838174e-200,1.0,0.0,0.0
2.4743635415245086e-200,1.0,0.0,0.0
2.4012350477462921e-200,1.0,0.0,0.0
2.3302678275693572e-200,1.0,0.0,0.0
2.261398005705998e-200,1.0,0.0,0.0
2.194563594668543e-200,1.0,0.0,0.0
2.1297044389764326e-200,1.0,0.0,0.0
2.0667621610122284e-200,1.0,0.0,0.0
2.0056801084778155e-200,1.0,0.0,0.0
1.9464033034035114e-200,1.0,0.0,0.0
1.8888783926641838e-200,1.0,0.0,0.0
1.833053599957836e-200,1.0,0.0,0.0
1.7788786792034412e-200,1.0,0.0,0.0
1.7263048693160784e-200,1.0,0.0,0.0
1.6752848503186657e-200,1.0,0.0,0.0
1.6257727007507862e-200,1.0,0.0,0.0
1.5777238563362758e-200,1.0,0.0,0.0
1.5310950698723655e-200,1.0,0.0,0.0
1.4858443723042813e-200,1.0,0.0,0.0
1.441931034950262e-200,1.0,0.0,0.0
1.3993155328429968e-200,1.0,0.0,0.0
1.3579595091544878e-200,1.0,0.0,0.0
1.317825740672315e-200,1.0,0.0,0.0
1.2788781042962337e-200,1.0,0.0,0.0
1.2410815445249467e-200,1.0,0.0,0.0
1.2044020419037862e-200,1.0,0.0,0.0
1.1688065824049098e-200,1.0,0.0,0.0
1.134263127712446e-200,1.0,0.0,0.0
1.100740586385849e-200,1.0,0.0,0.0
1.0682087858755032e-200,1.0,0.0,0.0
1.0366384453653923e-200,1.0,0.0,0.0
1.0060011494183882e-200,1.0,0.0,0.0
9.762693224004413e-201,1.0,0.0,0.0
9.474162036606471e-201,1.0,0.0,0.0
9.194158234448553e-201,1.0,0.0,0.0
8.922429795211383e-201,1.0,0.0,0.0
8.658732144960814e-201,1.0,0.0,0.0
8.40282793801478e-201,1.0,0.0,0.0
8.154486843316165e-201,1.0,0.0,0.0
7.913485337119308e-201,1.0,0.0,0.0
7.679606501803546e-201,1.0,0.0,0.0
7.452639830632712e-201,1.0,0.0,0.0
7.232381038284872e-201,1.0,0.0,0.0
7.018631876981741e-201,1.0,0.0,0.0
6.81119995805231e-201,1.0,0.0,0.0
6.609898578770052e-201,1.0,0.0,0.0
6.41454655430787e-201,1.0,0.0,0.0
6.2249680546595235e-201,1.0,0.0,0.0
6.0409924463807604e-201,1.0,0.0,0.0
5.8624541390076955e-201,1.0,0.0,0.0
5.68919243601422e-201,1.0,0.0,0.0
5.521051390174282e-201,1.0,0.0,0.0
5.3578796631988604e-201,1.0,0.0,0.0
5.199530389521288e-201,1.0,0.0,0.0
5.045861044108331e-201,1.0,0.0,0.0
4.896733314178042e-201,1.0,0.0,0.0
4.752012974708916e-201,1.0,0.0,0.0
4.611569767628319e-201,1.0,0.0,0.0
4.475277284571427e-201,1.0,0.0,0.0
4.343012853105169e-201,1.0,0.0,0.0
4.2146574263147565e-201,1.0,0.0,0.0
4.090095475653425e-201,1.0,0.0,0.0
3.969214886958948e-201,1.0,0.0,0.0
3.851906859543322e-201,1.0,0.0,0.0
3.738065808264806e-201,1.0,0.0,0.0
3.627589268494164e-201,1.0,0.0,0.0
3.520377803889591e-201,1.0,0.0,0.0
3.4163349168972876e-201,1.0,0.0,0.0
3.31536696189715e-201,1.0,0.0,0.0
3.217383060915395e-201,1.0,0.0,0.0
3.1222950218282496e-201,1.0,0.0,0.0
3.0300172589830837e-201,1.0,0.0,0.0
2.9404667161655506e-201,1.0,0.0,0.0
2.8535627918433873e-201,1.0,0.0,0.0
2.769227266619596e-201,1.0,0.0,0.0
2.6873842328297075e-201,1.0,0.0,0.0
2.6079600262197598e-201,1.0,0.0,0.0
2.5308831596434987e-201,1.0,0.0,0.0
2.4560842587191212e-201,1.0,0.0,0.0
2.383495999387651e-201,1.0,0.0,0.0
2.3130530473167387e-201,1.0,0.0,0.0
2.2446919990953563e-201,1.0,0.0,0.0
2.1783513251664477e-201,1.0,0.0,0.0
2.1139713144461732e-201,1.0,0.0,0.0
2.0514940205799057e-201,1.0,0.0,0.0
1.9908632097866e-201,1.0,0.0,0.0
1.9320243102445953e-201,1.0,0.0,0.0
1.874924362973292e-201,1.0,0.0,0.0
1.819511974166495e-201,1.0,0.0,0.0
1.7657372689345204e-201,1.0,0.0,0.0
1.713551846413428e-201,1.0,0.0,0.0
1.6629087362009773e-201,1.0,0.0,0.0
1.6137623560800955e-201,1.0,0.0,0.0
1.5660684709918059e-201,1.0,0.0,0.0
1.5197841532206892e-201,1.0,0.0,0.0
1.4748677437570435e-201,1.0,0.0,0.0
1.4312788148009623e-201,1.0,0.0,0.0
1.3889781333745872e-201,1.0,0.0,0.0
1.34792762600978e-201,1.0,0.0,0.0
1.3080903444794312e-201,1.0,0.0,0.0
1.2694304325415629e-201,1.0,0.0,0.0
1.2319130936662904e-201,1.0,0.0,0.0
1.1955045597165968e-201,1.0,0.0,0.0
1.1601720605547316e-201,1.0,0.0,0.0
1.125883794546874e-201,1.0,0.0,0.0
1.0926088999395165e-201,1.0,0.0,0.0
1.0603174270818044e-201,1.0,0.0,0.0
1.0289803114688284e-201,1.0,0.0,0.0
9.985693475816085e-202,1.0,0.0,0.0
9.690571635002233e-202,1.0,0.0,0.0
9.404171962672353e-202,1.0,0.0,0.0
9.126236679792357e-202,1.0,0.0,0.0
8.856515625849921e-202,1.0,0.0,0.0
8.594766033693142e-202,1.0,0.0,0.0
8.340752311023712e-202,1.0,0.0,0.0
8.094245828347952e-202,1.0,0.0,0.0
7.8550247131948395e-202,1.0,0.0,0.0
7.622873650415806e-202,1.0,0.0,0.0
7.397583688386578e-202,1.0,0.0,0.0
7.178952050936606e-202,1.0,0.0,0.0
6.966781954836832e-202,1.0,0.0,0.0
6.760882432681498e-202,1.0,0.0,0.0
6.561068161004595e-202,1.0,0.0,0.0
6.367159293476236e-202,1.0,0.0,0.0
6.1789812990288185e-202,1.0,0.0,0.0
5.99636480476729e-202,1.0,0.0,0.0
5.8191454435221075e-202,1.0,0.0,0.0
5.647163705907692e-202,1.0,0.0,0.0
5.480264796753218e-202,1.0,0.0,0.0
5.318298495776512e-202,1.0,0.0,0.0
5.161119022375659e-202,1.0,0.0,0.0
5.008584904416624e-202,1.0,0.0,0.0
4.8605588508987835e-202,1.0,0.0,0.0
4.7169076283837575e-202,1.0,0.0,0.0
4.577501941076322e-202,1.0,0.0,0.0
4.442216314449472e-202,1.0,0.0,0.0
4.310928982308876e-202,1.0,0.0,0.0
4.183521777195082e-202,1.0,0.0,0.0
4.0598800240248292e-202,1.0,0.0,0.0
3.9398924368757384e-202,1.0,0.0,0.0
3.823451018821464e-202,1.0,0.0,0.0
3.7104509647271773e-202,1.0,0.0,0.0
3.6007905669178677e-202,1.0,0.0,0.0
3.4943711236345754e-202,1.0,0.0,0.0
3.3910968501961426e-202,1.0,0.0,0.0
3.290874792786539e-202,1.0,0.0,0.0
3.193614744790154e-202,1.0,0.0,0.0
3.099229165599751e-202,1.0,0.0,0.0
3.007633101824017e-202,1.0,0.0,0.0
2.918744110823776e-202,1.0,0.0,0.0
2.832482186508049e-202,1.0,0.0,0.0
2.74876968732317e-202,1.0,0.0,0.0
2.6675312663701545e-202,1.0,0.0,0.0
2.588693803587398e-202,1.0,0.0,0.0
2.5121863399376903e-202,1.0,0.0,0.0
2.4379400135402904e-202,1.0,0.0,0.0
2.3658879976905896e-202,1.0,0.0,0.0
2.2959654407115627e-202,1.0,0.0,0.0
2.2281094075828863e-202,1.0,0.0,0.0
2.1622588232951706e-202,1.0,0.0,0.0
2.098354417878329e-202,1.0,0.0,0.0
2.0363386730546052e-202,1.0,0.0,0.0
1.976155770468243e-202,1.0,0.0,0.0
1.9177515414451967e-202,1.0,0.0,0.0
1.861073418237669e-202,1.0,0.0,0.0
1.8060703867095916e-202,1.0,0.0,0.0
1.7526929404204585e-202,1.0,0.0,0.0
1.700893036066189e-202,1.0,0.0,0.0
1.6506240502369105e-202,1.0,0.0,0.0
1.6018407374527456e-202,1.0,0.0,0.0
1.5544991894398233e-202,1.0,0.0,0.0
1.5085567956098715e-202,1.0,0.0,0.0
1.4639722047078115e-202,1.0,0.0,0.0
1.4207052875928363e-202,1.0,0.0,0.0
1.3787171011194773e-202,1.0,0.0,0.0
1.3379698530861438e-202,1.0,0.0,0.0
1.2984268682195918e-202,1.0,0.0,0.0
1.2600525551647029e-202,1.0,0.0,0.0
1.2228123744498614e-202,1.0,0.0,0.0
1.1866728073991005e-202,1.0,0.0,0.0
1.151601325963031e-202,1.0,0.0,0.0
1.1175663634414014e-202,1.0,0.0,0.0
1.0845372860709373e-202,1.0,0.0,0.0
1.0524843654528872e-202,1.0,0.0,0.0
1.0213787517954572e-202,1.0,0.0,0.0
9.911924479470511e-203,1.0,0.0,0.0
9.618982841969452e-203,1.0,0.0,0.0
9.334698938207137e-203,1.0,0.0,0.0
9.058816893483984e-203,1.0,0.0,0.0
8.791088395340581e-203,1.0,0.0,0.0
8.531272470059721e-203,1.0,0.0,0.0
8.279135265773787e-203,1.0,0.0,0.0
8.034449841982292e-203,1.0,0.0,0.0
7.796995965290108e-203,1.0,0.0,0.0
7.566559911182555e-203,1.0,0.0,0.0
7.342934271658907e-203,1.0,0.0,0.0
7.125917768551195e-203,1.0,0.0,0.0
6.915315072360273e-203,1.0,0.0,0.0
6.710936626446086e-203,1.0,0.0,0.0
6.512598476413896e-203,1.0,0.0,0.0
6.32012210454292e-203,1.0,0.0,0.0
6.133334269108327e-203,1.0,0.0,0.0
5.952066848451998e-203,1.0,0.0,0.0
5.776156689661679e-203,1.0,0.0,0.0
5.605445461722361e-203,1.0,0.0,0.0
5.439779513007672e-203,1.0,0.0,0.0
5.279009732983046e-203,1.0,0.0,0.0
5.122991417996177e-203,1.0,0.0,0.0
4.971584141033969e-203,1.0,0.0,0.0
4.824651625328745e-203,1.0,0.0,0.0
4.682061621699959e-203,1.0,0.0,0.0
4.5436857895210074e-203,1.0,0.0,0.0
4.409399581204004e-203,1.0,0.0,0.0
4.279082130098546e-203,1.0,0.0,0.0
4.152616141703571e-203,1.0,0.0,0.0
4.029887788094388e-203,1.0,0.0,0.0
3.910786605469865e-203,1.0,0.0,0.0
3.795205394727554e-203,1.0,0.0,0.0
3.6830401249772605e-203,1.0,0.0,0.0
3.5741898399062245e-203,1.0,0.0,0.0
3.468556566911623e-203,1.0,0.0,0.0
3.3660452289186174e-203,1.0,0.0,0.0
3.2665635588045685e-203,1.0,0.0,0.0
3.170022016352399e-203,1.0,0.0,0.0
3.0763337076583547e-203,1.0,0.0,0.0
2.9854143069216285e-203,1.0,0.0,0.0
2.897181980545446e-203,1.0,0.0,0.0
2.811557313481308e-203,1.0,0.0,0.0
2.728463237750084e-203,1.0,0.0,0.0
2.6478249630756334e-203,1.0,0.0,0.0
2.569569909568507e-203,1.0,0.0,0.0
2.4936276423991487e-203,1.0,0.0,0.0
2.4199298084017958e-203,1.0,0.0,0.0
2.348410074552016e-203,1.0,0.0,0.0
2.2790040682625084e-203,1.0,0.0,0.0
2.2116493194434312e-203,1.0,0.0,0.0
2.146285204275105e-203,1.0,0.0,0.0
2.082852890642482e-203,1.0,0.0,0.0
2.021295285182274e-203,1.0,0.0,0.0
1.9615569818950703e-203,1.0,0.0,0.0
1.9035842122762008e-203,1.0,0.0,0.0
1.847324796920451e-203,1.0,0.0,0.0
1.7927280985570772e-203,1.0,0.0,0.0
1.7397449764728455e-203,1.0,0.0,0.0
1.6883277422820718e-203,1.0,0.0,0.0
1.6384301170038574e-203,1.0,0.0,0.0
1.5900071894078833e-203,1.0,0.0,0.0
1.5430153755912706e-203,1.0,0.0,0.0
1.4974123797501273e-203,1.0,0.0,0.0
1.4531571561104701e-203,1.0,0.0,0.0
1.410209871984257e-203,1.0,0.0,0.0
1.3685318719172819e-203,1.0,0.0,0.0
1.328085642896653e-203,1.0,0.0,0.0
1.2888347805865543e-203,1.0,0.0,0.0
1.2507439565618828e-203,1.0,0.0,0.0
1.2137788865102832e-203,1.0,0.0,0.0
1.1779062993739525e-203,1.0,0.0,0.0
1.1430939074034427e-203,1.0,0.0,0.0
1.109310377096507e-203,1.0,0.0,0.0
1.0765253009958335e-203,1.0,0.0,0.0
1.0447091703202811e-203,1.0,0.0,0.0
1.0138333484049849e-203,1.0,0.0,0.0
9.838700449264251e-204,1.0,0.0,0.0
9.547922908892612e-204,1.0,0.0,0.0
9.265739143524143e-204,1.0,0.0,0.0
8.991895168725554e-204,1.0,0.0,0.0
8.726144506437917e-204,1.0,0.0,0.0
8.468247963129775e-204,1.0,0.0,0.0
8.217973414506826e-204,1.0,0.0,0.0
7.975095596584387e-204,1.0,0.0,0.0
7.73939590293461e-204,1.0,0.0,0.0
7.510662187925941e-204,1.0,0.0,0.0
7.288688575777732e-204,1.0,0.0,0.0
7.073275275258148e-204,1.0,0.0,0.0
6.864228399858572e-204,1.0,0.0,0.0
6.66135979328266e-204,1.0,0.0,0.0
6.46448686009298e-204,1.0,0.0,0.0
6.273432401362794e-204,1.0,0.0,0.0
6.088024455185061e-204,1.0,0.0,0.0
5.908096141895119e-204,1.0,0.0,0.0
5.733485513867725e-204,1.0,0.0,0.0
5.564035409753257e-204,1.0,0.0,0.0
5.399593313021899e-204,1.0,0.0,0.0
5.240011214688467e-204,1.0,0.0,0.0
5.0851454800943356e-204,1.0,0.0,0.0
4.934856719626547e-204,1.0,0.0,0.0
4.789009663257759e-204,1.0,0.0,0.0
4.647473038794084e-204,1.0,0.0,0.0
4.51011945372126e-204,1.0,0.0,0.0
4.376825280542786e-204,1.0,0.0,0.0
4.2474705455068374e-204,1.0,0.0,0.0
4.121938820621787e-204,1.0,0.0,0.0
4.000117118863156e-204,1.0,0.0,0.0
3.881895792477667e-204,1.0,0.0,0.0
3.767168434292869e-204,1.0,0.0,0.0
3.655831781943495e-204,1.0,0.0,0.0
3.547785624928369e-204,1.0,0.0,0.0
3.442932714414188e-204,1.0,0.0,0.0
3.341178675705013e-204,1.0,0.0,0.0
3.24243192329867e-204,1.0,0.0,0.0
3.1466035784536166e-204,1.0,0.0,0.0
3.0536073891920802e-204,1.0,0.0,0.0
2.963359652667452e-204,1.0,0.0,0.0
2.8757791398260805e-204,1.0,0.0,0.0
2.790787022295637e-204,1.0,0.0,0.0
2.708306801434262e-204,1.0,0.0,0.0
2.6282642394766277e-204,1.0,0.0,0.0
2.5505872927149337e-204,1.0,0.0,0.0
2.4752060466547116e-204,1.0,0.0,0.0
2.402052653087059e-204,1.0,0.0,0.0
2.3310612690206748e-204,1.0,0.0,0.0
2.2621679974187213e-204,1.0,0.0,0.0
2.1953108296871794e-204,1.0,0.0,0.0
2.1304295898629303e-204,1.0,0.0,0.0
2.0674658804513248e-204,1.0,0.0,0.0
2.0063630298644996e-204,1.0,0.0,0.0
1.9470660414131214e-204,1.0,0.0,0.0
1.8895215438056563e-204,1.0,0.0,0.0
1.833677743110604e-204,1.0,0.0,0.0
1.7794843761384656e-204,1.0,0.0,0.0
1.726892665201479e-204,1.0,0.0,0.0
1.6758552742104095e-204,1.0,0.0,0.0
1.6263262660688734e-204,1.0,0.0,0.0
1.5782610613268523e-204,1.0,0.0,0.0
1.5316163980561786e-204,1.0,0.0,0.0
1.486350292911881e-204,1.0,0.0,0.0
1.4424220033443392e-204,1.0,0.0,0.0
1.3997919909282415e-204,1.0,0.0,0.0
1.3584218857753324e-204,1.0,0.0,0.0
1.318274451998924e-204,1.0,0.0,0.0
1.2793135541990845e-204,1.0,0.0,0.0
1.2415041249383402e-204,1.0,0.0,0.0
1.2048121331786142e-204,1.0,0.0,0.0
1.1692045536509963e-204,1.0,0.0,0.0
1.1346493371307715e-204,1.0,0.0,0.0
1.1011153815909554e-204,1.0,0.0,0.0
1.0685725042083695e-204,1.0,0.0,0.0
1.0369914141970654e-204,1.0,0.0,0.0
1.0063436864446384e-204,1.0,0.0,0.0
9.766017359277096e-205,1.0,0.0,0.0
9.477387928835428e-205,1.0,0.0,0.0
9.197288787154504e-205,1.0,0.0,0.0
8.925467826103042e-205,1.0,0.0,0.0
8.66168038847102e-205,1.0,0.0,0.0
8.405689047761666e-205,1.0,0.0,0.0
8.1572633944916e-205,1.0,0.0,0.0
7.916179828806737e-205,1.0,0.0,0.0
7.682221359227337e-205,1.0,0.0,0.0
7.455177407341024e-205,1.0,0.0,0.0
7.2348436182680005e-205,1.0,0.0,0.0
7.021021676727871e-205,1.0,0.0,0.0
6.8135191285425e-205,1.0,0.0,0.0
6.612149207414261e-205,1.0,0.0,0.0
6.416730666823772e-205,1.0,0.0,0.0
6.227087616895789e-205,1.0,0.0,0.0
6.04304936608645e-205,1.0,0.0,0.0
5.864450267549364e-205,1.0,0.0,0.0
5.691129570042274e-205,1.0,0.0,0.0
5.522931273240082e-205,1.0,0.0,0.0
5.359703987324039e-205,1.0,0.0,0.0
5.20130079672068e-205,1.0,0.0,0.0
5.047579127867901e-205,1.0,0.0,0.0
4.898400620889125e-205,1.0,0.0,0.0
4.753631005060078e-205,1.0,0.0,0.0
4.613139977956076e-205,1.0,0.0,0.0
4.476801088171047e-205,1.0,0.0,0.0
4.344491621502733e-205,1.0,0.0,0.0
4.216092490501622e-205,1.0,0.0,0.0
4.091488127284213e-205,1.0,0.0,0.0
3.9705663795141166e-205,1.0,0.0,0.0
3.8532184094573815e-205,1.0,0.0,0.0
3.7393385960211944e-205,1.0,0.0,0.0
3.628824439687764e-205,1.0,0.0,0.0
3.5215764702578363e-205,1.0,0.0,0.0
3.417498157320807e-205,1.0,0.0,0.0
3.316495823370832e-205,1.0,0.0,0.0
3.2184785594907525e-205,1.0,0.0,0.0
3.123358143527935e-205,1.0,0.0,0.0
3.0310489606883755e-205,1.0,0.0,0.0
2.9414679264776136e-205,1.0,0.0,0.0
2.8545344119190735e-205,1.0,0.0,0.0
2.7701701709825475e-205,1.0,0.0,0.0
2.688299270157487e-205,1.0,0.0,0.0
2.6088480201077177e-205,1.0,0.0,0.0
2.5317449093460647e-205,1.0,0.0,0.0
2.4569205398691875e-205,1.0,0.0,0.0
2.3843075646946915e-205,1.0,0.0,0.0
2.3138406272443024e-205,1.0,0.0,0.0
2.245456302518532e-205,1.0,0.0,0.0
2.1790930400098985e-205,1.0,0.0,0.0
2.114691108303316e-205,1.0,0.0,0.0
2.0521925413137906e-205,1.0,0.0,0.0
1.9915410861130303e-205,1.0,0.0,0.0
1.9326821522980144e-205,1.0,0.0,0.0
1.8755627628559454e-205,1.0,0.0,0.0
1.8201315064813624e-205,1.0,0.0,0.0
1.7663384913024972e-205,1.0,0.0,0.0
1.7141352999752217e-205,1.0,0.0,0.0
1.6634749461041704e-205,1.0,0.0,0.0
1.614311831951814e-205,1.0,0.0,0.0
1.5666017073974184e-205,1.0,0.0,0.0
1.5203016301089488e-205,1.0,0.0,0.0
1.475369926892074e-205,1.0,0.0,0.0
1.4317661561814774e-205,1.0,0.0,0.0
1.3894510716407194e-205,1.0,0.0,0.0
1.3483865868378873e-205,1.0,0.0,0.0
1.3085357409652345e-205,1.0,0.0,0.0
1.2698626655719587e-205,1.0,0.0,0.0
1.2323325522801773e-205,1.0,0.0,0.0
1.1959116214550364e-205,1.0,0.0,0.0
1.1605670918007609e-205,1.0,0.0,0.0
1.1262671508552747e-205,1.0,0.0,0.0
1.0929809263568386e-205,1.0,0.0,0.0
1.0606784584569317e-205,1.0,0.0,0.0
1.0293306727543643e-205,1.0,0.0,0.0
9.989093541263556e-206,1.0,0.0,0.0
9.693871213330189e-206,1.0,0.0,0.0
9.407374023723976e-206,1.0,0.0,0.0
9.129344105638698e-206,1.0,0.0,0.0
8.859531213383963e-206,1.0,0.0,0.0
8.597692497147185e-206,1.0,0.0,0.0
8.343592284412371e-206,1.0,0.0,0.0
8.097001867838945e-206,1.0,0.0,0.0
7.857699299409712e-206,1.0,0.0,0.0
7.625469190662659e-206,1.0,0.0,0.0
7.400102518826805e-206,1.0,0.0,0.0
7.181396438687597e-206,1.0,0.0,0.0
6.969154100012534e-206,1.0,0.0,0.0
6.763184470372664e-206,1.0,0.0,0.0
6.563302163200512e-206,1.0,0.0,0.0
6.36932727092965e-206,1.0,0.0,0.0
6.181085203065755e-206,1.0,0.0,0.0
5.998406529043374e-206,1.0,0.0,0.0
5.821126825726983e-206,1.0,0.0,0.0
5.649086529419064e-206,1.0,0.0,0.0
5.48213079224202e-206,1.0,0.0,0.0
5.320109342764618e-206,1.0,0.0,0.0
5.16287635074757e-206,1.0,0.0,0.0
5.010290295886479e-206,1.0,0.0,0.0
4.8622138404339985e-206,1.0,0.0,0.0
4.718513705586609e-206,1.0,0.0,0.0
4.579060551524687e-206,1.0,0.0,0.0
4.4437288609979447e-206,1.0,0.0,0.0
4.3123968263514303e-206,1.0,0.0,0.0
4.18494623989042e-206,1.0,0.0,0.0
4.0612623874855145e-206,1.0,0.0,0.0
3.941233945322179e-206,1.0,0.0,0.0
3.8247528797018003e-206,1.0,0.0,0.0
3.7117143498040633e-206,1.0,0.0,0.0
3.602016613323138e-206,1.0,0.0,0.0
3.49556093489274e-206,1.0,0.0,0.0
3.392251497217634e-206,1.0,0.0,0.0
3.291995314831603e-206,1.0,0.0,0.0
3.1947021504042543e-206,1.0,0.0,0.0
3.1002844335213293e-206,1.0,0.0,0.0
3.0086571818654225e-206,1.0,0.0,0.0
2.9197379247261607e-206,1.0,0.0,0.0
2.8334466287709963e-206,1.0,0.0,0.0
2.749705626009808e-206,1.0,0.0,0.0
2.668439543888466e-206,1.0,0.0,0.0
2.5895752374484486e-206,1.0,0.0,0.0
2.5130417234914426e-206,1.0,0.0,0.0
2.438770116689673e-206,1.0,0.0,0.0
2.3666935675844596e-206,1.0,0.0,0.0
2.2967472024171927e-206,1.0,0.0,0.0
2.2288680647385718e-206,1.0,0.0,0.0
2.1629950587435527e-206,1.0,0.0,0.0
2.0990688942809998e-206,1.0,0.0,0.0
2.037032033488547e-206,1.0,0.0,0.0
1.976828639004641e-206,1.0,0.0,0.0
1.918404523711145e-206,1.0,0.0,0.0
1.8617071019612766e-206,1.0,0.0,0.0
1.8066853422489768e-206,1.0,0.0,0.0
1.7532897212771096e-206,1.0,0.0,0.0
1.7014721793831536e-206,1.0,0.0,0.0
1.6511860772822603e-206,1.0,0.0,0.0
1.6023861540887518e-206,1.0,0.0,0.0
1.5550284865782686e-206,1.0,0.0,0.0
1.5090704496539025e-206,1.0,0.0,0.0
1.464470677980734e-206,1.0,0.0,0.0
1.4211890287542376e-206,1.0,0.0,0.0
1.3791865455690502e-206,1.0,0.0,0.0
1.3384254233555755e-206,1.0,0.0,0.0
1.2988689743528713e-206,1.0,0.0,0.0
1.260481595087187e-206,1.0,0.0,0.0
1.2232287343264367e-206,1.0,0.0,0.0
1.1870768619817558e-206,1.0,0.0,0.0
1.1519934389281601e-206,1.0,0.0,0.0
1.1179468877171364e-206,1.0,0.0,0.0
1.0849065641548078e-206,1.0,0.0,0.0
1.052842729720091e-206,1.0,0.0,0.0
1.0217265247980206e-206,1.0,0.0,0.0
9.915299427041479e-207,1.0,0.0,0.0
9.622258044766336e-207,1.0,0.0,0.0
9.337877344133499e-207,1.0,0.0,0.0
9.061901363319667e-207,1.0,0.0,0.0
8.794081705316606e-207,1.0,0.0,0.0
8.534177314357083e-207,1.0,0.0,0.0
8.2819542589484e-207,1.0,0.0,0.0
8.037185521318265e-207,1.0,0.0,0.0
7.799650793083477e-207,1.0,0.0,0.0
7.569136276957506e-207,1.0,0.0,0.0
7.345434494318515e-207,1.0,0.0,0.0
7.128344098464592e-207,1.0,0.0,0.0
6.917669693388134e-207,1.0,0.0,0.0
6.713221657906247e-207,1.0,0.0,0.0
6.514815974988887e-207,1.0,0.0,0.0
6.322274066131117e-207,1.0,0.0,0.0
6.135422630620395e-207,1.0,0.0,0.0
5.954093489554239e-207,1.0,0.0,0.0
5.778123434467863e-207,1.0,0.0,0.0
5.607354080435549e-207,1.0,0.0,0.0
5.441631723513516e-207,1.0,0.0,0.0
5.280807202396006e-207,1.0,0.0,0.0
5.124735764160037e-207,1.0,0.0,0.0
4.973276933978001e-207,1.0,0.0,0.0
4.826294388680844e-207,1.0,0.0,0.0
4.6836558340580124e-207,1.0,0.0,0.0
4.545232885783729e-207,1.0,0.0,0.0
4.4109009538624435e-207,1.0,0.0,0.0
4.280539130489423e-207,1.0,0.0,0.0
4.154030081225569e-207,1.0,0.0,0.0
4.031259939388503e-207,1.0,0.0,0.0
3.912118203564868e-207,1.0,0.0,0.0
3.7964976381516e-207,1.0,0.0,0.0
3.684294176836644e-207,1.0,0.0,0.0
3.575406828932253e-207,1.0,0.0,0.0
3.469737588476555e-207,1.0,0.0,0.0
3.367191346021569e-207,1.0,0.0,0.0
3.267675803028282e-207,1.0,0.0,0.0
3.171101388791741e-207,1.0,0.0,0.0
3.0773811798213675e-207,1.0,0.0,0.0
2.9864308216039516e-207,1.0,0.0,0.0
2.898168452678898e-207,1.0,0.0,0.0
2.8125146309573846e-207,1.0,0.0,0.0
2.7293922622191234e-207,1.0,0.0,0.0
2.648726530722357e-207,1.0,0.0,0.0
2.5704448318646435e-207,1.0,0.0,0.0
2.4944767068338128e-207,1.0,0.0,0.0
2.420753779190282e-207,1.0,0.0,0.0
2.3492096933236425e-207,1.0,0.0,0.0
2.279780054728136e-207,1.0,0.0,0.0
2.2124023720432502e-207,1.0,0.0,0.0
2.1470160008072783e-207,1.0,0.0,0.0
2.0835620888732095e-207,1.0,0.0,0.0
2.0219835234378265e-207,1.0,0.0,0.0
1.9622248796363272e-207,1.0,0.0,0.0
1.904232370656205e-207,1.0,0.0,0.0
1.8479537993254888e-207,1.0,0.0,0.0
1.7933385111317642e-207,1.0,0.0,0.0
1.7403373486296952e-207,1.0,0.0,0.0
1.6889026071960043e-207,1.0,0.0,0.0
1.638987992092093e-207,1.0,0.0,0.0
1.590548576795652e-207,1.0,0.0,0.0
1.5435407625637594e-207,1.0,0.0,0.0
1.4979222391910696e-207,1.0,0.0,0.0
1.4536519469277726e-207,1.0,0.0,0.0
1.410690039523049e-207,1.0,0.0,0.0
1.368997848360754e-207,1.0,0.0,0.0
1.3285378476550535e-207,1.0,0.0,0.0
1.2892736206746848e-207,1.0,0.0,0.0
1.2511698269654395e-207,1.0,0.0,0.0
1.2141921705413711e-207,1.0,0.0,0.0
1.178307369016092e-207,1.0,0.0,0.0
1.1434831236463795e-207,1.0,0.0,0.0
1.109688090261128e-207,1.0,0.0,0.0
1.0768918510494785e-207,1.0,0.0,0.0
1.0450648871827367e-207,1.0,0.0,0.0
1.0141785522454345e-207,1.0,0.0,0.0
9.842050464516229e-208,1.0,0.0,0.0
9.551173916231886e-208,1.0,0.0,0.0
9.268894069076731e-208,1.0,0.0,0.0
8.994956852137378e-208,1.0,0.0,0.0
8.729115703430676e-208,1.0,0.0,0.0
8.471131347981288e-208,1.0,0.0,0.0
8.220771582458058e-208,1.0,0.0,0.0
7.977811066175343e-208,1.0,0.0,0.0
7.742031118271188e-208,1.0,0.0,0.0
7.513219520879793e-208,1.0,0.0,0.0
7.29117032812111e-208,1.0,0.0,0.0
7.075683680735652e-208,1.0,0.0,0.0
6.866565626197675e-208,1.0,0.0,0.0
6.663627944144805e-208,1.0,0.0,0.0
6.46668797696702e-208,1.0,0.0,0.0
6.275568465402467e-208,1.0,0.0,0.0
6.090097388992165e-208,1.0,0.0,0.0
5.910107811249984e-208,1.0,0.0,0.0
5.735437729408534e-208,1.0,0.0,0.0
5.5659299286057525e-208,1.0,0.0,0.0
5.401431840380909e-208,1.0,0.0,0.0
5.241795405352696e-208,1.0,0.0,0.0
5.086876939955794e-208,1.0,0.0,0.0
4.936537007115968e-208,1.0,0.0,0.0
4.790640290747283e-208,1.0,0.0,0.0
4.649055473958502e-208,1.0,0.0,0.0
4.511655120859018e-208,1.0,0.0,0.0
4.378315561857951e-208,1.0,0.0,0.0
4.2489167823531695e-208,1.0,0.0,0.0
4.123342314710054e-208,1.0,0.0,0.0
4.001479133432759e-208,1.0,0.0,0.0
3.8832175534336414e-208,1.0,0.0,0.0
3.768451131309279e-208,1.0,0.0,0.0
3.657076569534225e-208,1.0,0.0,0.0
3.5489936234862595e-208,1.0,0.0,0.0
3.4441050112194697e-208,1.0,0.0,0.0
3.3423163259039278e-208,1.0,0.0,0.0
3.243535950853176e-208,1.0,0.0,0.0
3.1476749770630243e-208,1.0,0.0,0.0
3.0546471231874453e-208,1.0,0.0,0.0
2.9643686578795424e-208,1.0,0.0,0.0
2.876758324427683e-208,1.0,0.0,0.0
2.791737267618979e-208,1.0,0.0,0.0
2.7092289627642663e-208,1.0,0.0,0.0
2.6291591468207272e-208,1.0,0.0,0.0
2.5514557515501357e-208,1.0,0.0,0.0
2.4760488386525786e-208,1.0,0.0,0.0
2.4028705368172693e-208,1.0,0.0,0.0
2.331854980633784e-208,1.0,0.0,0.0
2.262938251308748e-208,1.0,0.0,0.0
2.19605831913461e-208,1.0,0.0,0.0
2.1311549876587145e-208,1.0,0.0,0.0
2.068169839502436e-208,1.0,0.0,0.0
2.007046183781593e-208,1.0,0.0,0.0
1.9477290050808285e-208,1.0,0.0,0.0
1.8901649139360212e-208,1.0,0.0,0.0
1.834302098780165e-208,1.0,0.0,0.0
1.7800902793094625e-208,1.0,0.0,0.0
1.727480661227658e-208,1.0,0.0,0.0
1.6764258923278776e-208,1.0,0.0,0.0
1.626880019872447e-208,1.0,0.0,0.0
1.5787984492323278e-208,1.0,0.0,0.0
1.5321379037489385e-208,1.0,0.0,0.0
1.486856385782245e-208,1.0,0.0,0.0
1.4429131389100466e-208,1.0,0.0,0.0
1.4002686112444483e-208,1.0,0.0,0.0
1.3588844198324898e-208,1.0,0.0,0.0
1.3187233161088997e-208,1.0,0.0,0.0
1.2797491523698711e-208,1.0,0.0,0.0
1.2419268492376897e-208,1.0,0.0,0.0
1.2052223640869255e-208,1.0,0.0,0.0
1.1696026604037732e-208,1.0,0.0,0.0
1.1350356780509596e-208,1.0,0.0,0.0
1.1014903044114567e-208,1.0,0.0,0.0
1.0689363463850262e-208,1.0,0.0,0.0
1.0373445032123916e-208,1.0,0.0,0.0
1.006686340102578e-208,1.0,0.0,0.0
9.769342626396804e-209,1.0,0.0,0.0
9.480614919460272e-209,1.0,0.0,0.0
9.200420405793837e-209,1.0,0.0,0.0
8.928506891424992e-209,1.0,0.0,0.0
8.664629635839479e-209,1.0,0.0,0.0
8.408551131698312e-209,1.0,0.0,0.0
8.160040891065135e-209,1.0,0.0,0.0
7.918875237951529e-209,1.0,0.0,0.0
7.68483710699353e-209,1.0,0.0,0.0
7.457715848078143e-209,1.0,0.0,0.0
7.237307036744027e-209,1.0,0.0,0.0
7.023412290185689e-209,1.0,0.0,0.0
6.815839088695561e-209,1.0,0.0,0.0
6.614400602383276e-209,1.0,0.0,0.0
6.418915523016159e-209,1.0,0.0,0.0
6.229207900829578e-209,1.0,0.0,0.0
6.045106986160276e-209,1.0,0.0,0.0
5.866447075760163e-209,1.0,0.0,0.0
5.693067363652199e-209,1.0,0.0,0.0
5.524811796394163e-209,1.0,0.0,0.0
5.36152893262003e-209,1.0,0.0,0.0
5.203071806732513e-209,1.0,0.0,0.0
5.04929779662411e-209,1.0,0.0,0.0
4.900068495307584e-209,1.0,0.0,0.0
4.755249586340327e-209,1.0,0.0,0.0
4.614710722930505e-209,1.0,0.0,0.0
4.4783254106161423e-209,1.0,0.0,0.0
4.34597089341157e-209,1.0,0.0,0.0
4.2175280433187557e-209,1.0,0.0,0.0
4.092881253104063e-209,1.0,0.0,0.0
3.971918332243941e-209,1.0,0.0,0.0
3.854530405945881e-209,1.0,0.0,0.0
3.7406118171537547e-209,1.0,0.0,0.0
3.6300600314493327e-209,1.0,0.0,0.0
3.52277554476439e-209,1.0,0.0,0.0
3.418661793820325e-209,1.0,0.0,0.0
3.317625069214698e-209,1.0,0.0,0.0
3.2195744310764386e-209,1.0,0.0,0.0
3.124421627213827e-209,1.0,0.0,0.0
3.0320810136815656e-209,1.0,0.0,0.0
2.942469477695448e-209,1.0,0.0,0.0
2.855506362825243e-209,1.0,0.0,0.0
2.7711133963984637e-209,1.0,0.0,0.0
2.6892146190496826e-209,1.0,0.0,0.0
2.609736316351972e-209,1.0,0.0,0.0
2.5326069524689485e-209,1.0,0.0,0.0
2.4577571057676896e-209,1.0,0.0,0.0
2.3851194063345803e-209,1.0,0.0,0.0
2.3146284753378452e-209,1.0,0.0,0.0
2.246220866182184e-209,1.0,0.0,0.0
2.179835007402557e-209,1.0,0.0,0.0
2.1154111472457096e-209,1.0,0.0,0.0
2.0528912998895627e-209,1.0,0.0,0.0
1.9922191932520577e-209,1.0,0.0,0.0
1.933340218342488e-209,1.0,0.0,0.0
1.8762013801097172e-209,1.0,0.0,0.0
1.8207512497430612e-209,1.0,0.0,0.0
1.7669399183828846e-209,1.0,0.0,0.0
1.7147189521992597e-209,1.0,0.0,0.0
1.6640413487982513e-209,1.0,0.0,0.0
1.614861494916589e-209,1.0,0.0,0.0
1.5671351253666522e-209,1.0,0.0,0.0
1.5208192831948137e-209,1.0,0.0,0.0
1.4758722810172834e-209,1.0,0.0,0.0
1.4322536634986479e-209,1.0,0.0,0.0
1.3899241709393382e-209,1.0,0.0,0.0
1.3488457039392523e-209,1.0,0.0,0.0
1.308981289105722e-209,1.0,0.0,0.0
1.2702950457749655e-209,1.0,0.0,0.0
1.232752153717067e-209,1.0,0.0,0.0
1.1963188217954213e-209,1.0,0.0,0.0
1.1609622575524288e-209,1.0,0.0,0.0
1.1266506376940716e-209,1.0,0.0,0.0
1.0933530794468012e-209,1.0,0.0,0.0
1.0610396127609571e-209,1.0,0.0,0.0
1.0296811533357004e-209,1.0,0.0,0.0
9.992494764411793e-210,1.0,0.0,0.0
9.697171915143683e-210,1.0,0.0,0.0
9.410577175057121e-210,1.0,0.0,0.0
9.132452589543875e-210,1.0,0.0,0.0
8.862547827706475e-210,1.0,0.0,0.0
8.600619957043513e-210,1.0,0.0,0.0
8.346433224793994e-210,1.0,0.0,0.0
8.099758845743941e-210,1.0,0.0,0.0
7.860374796304262e-210,1.0,0.0,0.0
7.628065614674538e-210,1.0,0.0,0.0
7.402622206912854e-210,1.0,0.0,0.0
7.183841658737147e-210,1.0,0.0,0.0
6.971527052888656e-210,1.0,0.0,0.0
6.765487291893096e-210,1.0,0.0,0.0
6.565536926060038e-210,1.0,0.0,0.0
6.371495986565667e-210,1.0,0.0,0.0
6.183189823468702e-210,1.0,0.0,0.0
6.0004489485136525e-210,1.0,0.0,0.0
5.823108882579957e-210,1.0,0.0,0.0
5.651010007639673e-210,1.0,0.0,0.0
5.483997423090474e-210,1.0,0.0,0.0
5.321920806334659e-210,1.0,0.0,0.0
5.164634277478669e-210,1.0,0.0,0.0
5.011996268031332e-210,1.0,0.0,0.0
4.8638693934826736e-210,1.0,0.0,0.0
4.7201203296485824e-210,1.0,0.0,0.0
4.580619692670044e-210,1.0,0.0,0.0
4.4452419225589426e-210,1.0,0.0,0.0
4.313865170185589e-210,1.0,0.0,0.0
4.186371187606289e-210,1.0,0.0,0.0
4.062645221632206e-210,1.0,0.0,0.0
3.942575910543754e-210,1.0,0.0,0.0
3.826055183857526e-210,1.0,0.0,0.0
3.712978165055571e-210,1.0,0.0,0.0
3.6032430771894497e-210,1.0,0.0,0.0
3.496751151274108e-210,1.0,0.0,0.0
3.393406537389129e-210,1.0,0.0,0.0
3.293116218407332e-210,1.0,0.0,0.0
3.195789926273085e-210,1.0,0.0,0.0
3.101340060754957e-210,1.0,0.0,0.0
3.0096816105996014e-210,1.0,0.0,0.0
2.92073207701589e-210,1.0,0.0,0.0
2.8344113994204316e-210,1.0,0.0,0.0
2.750641883377645e-210,1.0,0.0,0.0
2.6693481306695238e-210,1.0,0.0,0.0
2.5904569714321505e-210,1.0,0.0,0.0
2.5138973982978818e-210,1.0,0.0,0.0
2.4396005024839244e-210,1.0,0.0,0.0
2.3674994117697804e-210,1.0,0.0,0.0
2.2975292303077353e-210,1.0,0.0,0.0
2.229626980212217e-210,1.0,0.0,0.0
2.1637315448754455e-210,1.0,0.0,0.0
2.0997836139583636e-210,1.0,0.0,0.0
2.037725630007328e-210,1.0,0.0,0.0
1.9775017366485163e-210,1.0,0.0,0.0
1.9190577283134214e-210,1.0,0.0,0.0
1.8623410014501806e-210,1.0,0.0,0.0
1.80730050717683e-210,1.0,0.0,0.0
1.7538867053338644e-210,1.0,0.0,0.0
1.702051519894751e-210,1.0,0.0,0.0
1.65174829569426e-210,1.0,0.0,0.0
1.6029317564356693e-210,1.0,0.0,0.0
1.5555579639390382e-210,1.0,0.0,0.0
1.5095842785938831e-210,1.0,0.0,0.0
1.4649693209806496e-210,1.0,0.0,0.0
1.4216729346264415e-210,1.0,0.0,0.0
1.379656149861486e-210,1.0,0.0,0.0
1.3388811487437997e-210,1.0,0.0,0.0
1.29931123102049e-210,1.0,0.0,0.0
1.2609107810950488e-210,1.0,0.0,0.0
1.223645235970914e-210,1.0,0.0,0.0
1.1874810541424383e-210,1.0,0.0,0.0
1.1523856854052712e-210,1.0,0.0,0.0
1.118327541558978e-210,1.0,0.0,0.0
1.0852759679755276e-210,1.0,0.0,0.0
1.0532012160080588e-210,1.0,0.0,0.0
1.0220744162150897e-210,1.0,0.0,0.0
9.918675523760726e-211,1.0,0.0,0.0
9.625534362749037e-211,1.0,0.0,0.0
9.341056832286956e-211,1.0,0.0,0.0
9.064986883397798e-211,1.0,0.0,0.0
8.797076034495726e-211,1.0,0.0,0.0
8.537083147735537e-211,1.0,0.0,0.0
8.284774211972343e-211,1.0,0.0,0.0
8.039922132135737e-211,1.0,0.0,0.0
7.802306524828903e-211,1.0,0.0,0.0
7.5717135199686925e-211,1.0,0.0,0.0
7.34793556828811e-211,1.0,0.0,0.0
7.130771254527963e-211,1.0,0.0,0.0
6.920025116149547e-211,1.0,0.0,0.0
6.715507467405152e-211,1.0,0.0,0.0
6.517034228608103e-211,1.0,0.0,0.0
6.324426760448611e-211,1.0,0.0,0.0
6.137511703206335e-211,1.0,0.0,0.0
5.956120820714943e-211,1.0,0.0,0.0
5.780090848938202e-211,1.0,0.0,0.0
5.609263349021324e-211,1.0,0.0,0.0
5.443484564685311e-211,1.0,0.0,0.0
5.282605283835923e-211,1.0,0.0,0.0
5.1264807042627226e-211,1.0,0.0,0.0
4.974970303307313e-211,1.0,0.0,0.0
4.827937711383465e-211,1.0,0.0,0.0
4.6852505892352796e-211,1.0,0.0,0.0
4.5467805088229325e-211,1.0,0.0,0.0
4.412402837728767e-211,1.0,0.0,0.0
4.281996626979708e-211,1.0,0.0,0.0
4.1554445021850225e-211,1.0,0.0,0.0
4.032632557891448e-211,1.0,0.0,0.0
3.9134502550605934e-211,1.0,0.0,0.0
3.7977903215763513e-211,1.0,0.0,0.0
3.685548655692746e-211,1.0,0.0,0.0
3.576624232335342e-211,1.0,0.0,0.0
3.4709190121718553e-211,1.0,0.0,0.0
3.368337853370139e-211,1.0,0.0,0.0
3.268788425964114e-211,1.0,0.0,0.0
3.172181128750567e-211,1.0,0.0,0.0
3.078429008642021e-211,1.0,0.0,0.0
2.98744768240309e-211,1.0,0.0,0.0
2.899155260699867e-211,1.0,0.0,0.0
2.8134722743940027e-211,1.0,0.0,0.0
2.7303216030151146e-211,1.0,0.0,0.0
2.6496284053471584e-211,1.0,0.0,0.0
2.5713200520662846e-211,1.0,0.0,0.0
2.4953260603695434e-211,1.0,0.0,0.0
2.4215780305356062e-211,1.0,0.0,0.0
2.3500095843604006e-211,1.0,0.0,0.0
2.2805563054122443e-211,1.0,0.0,0.0
2.213155681052714e-211,1.0,0.0,0.0
2.1477470461710453e-211,1.0,0.0,0.0
2.084271528581446e-211,1.0,0.0,0.0
2.02267199603415e-211,1.0,0.0,0.0
1.962893004792538e-211,1.0,0.0,0.0
1.9048807497300362e-211,1.0,0.0,0.0
1.8485830159018649e-211,1.0,0.0,0.0
1.7939491315480701e-211,1.0,0.0,0.0
1.740929922485516e-211,1.0,0.0,0.0
1.6894776678478025e-211,1.0,0.0,0.0
1.639546057133266e-211,1.0,0.0,0.0
1.5910901485224002e-211,1.0,0.0,0.0
1.5440663284271875e-211,1.0,0.0,0.0
1.4984322722359247e-211,1.0,0.0,0.0
1.4541469062182174e-211,1.0,0.0,0.0
1.411170370555849e-211,1.0,0.0,0.0
1.3694639834662563e-211,1.0,0.0,0.0
1.3289902063863122e-211,1.0,0.0,0.0
1.2897126101850875e-211,1.0,0.0,0.0
1.251595842375173e-211,1.0,0.0,0.0
1.2146055952930557e-211,1.0,0.0,0.0
1.1787085752199058e-211,1.0,0.0,0.0
1.1438724724149834e-211,1.0,0.0,0.0
1.1100659320346908e-211,1.0,0.0,0.0
1.0772585259110968e-211,1.0,0.0,0.0
1.0454207251645325e-211,1.0,0.0,0.0
1.0145238736256068e-211,1.0,0.0,0.0
9.845401620427196e-212,1.0,0.0,0.0
9.554426030518584e-212,1.0,0.0,0.0
9.272050068861502e-212,1.0,0.0,0.0
8.998019578033024e-212,1.0,0.0,0.0
8.732087912097208e-212,1.0,0.0,0.0
8.474015714607098e-212,1.0,0.0,0.0
8.223570703167773e-212,1.0,0.0,0.0
7.980527460366512e-212,1.0,0.0,0.0
7.744667230881913e-212,1.0,0.0,0.0
7.515777724589332e-212,1.0,0.0,0.0
7.293652925485455e-212,1.0,0.0,0.0
7.078092906259981e-212,1.0,0.0,0.0
6.868903648347556e-212,1.0,0.0,0.0
6.665896867297966e-212,1.0,0.0,0.0
6.468889843307427e-212,1.0,0.0,0.0
6.27770525675843e-212,1.0,0.0,0.0
6.092171028620114e-212,1.0,0.0,0.0
5.912120165565534e-212,1.0,0.0,0.0
5.737390609666383e-212,1.0,0.0,0.0
5.567825092529931e-212,1.0,0.0,0.0
5.403270993746852e-212,1.0,0.0,0.0
5.243580203522557e-212,1.0,0.0,0.0
5.088608989368381e-212,1.0,0.0,0.0
4.938217866732647e-212,1.0,0.0,0.0
4.79227147345515e-212,1.0,0.0,0.0
4.6506384479320823e-212,1.0,0.0,0.0
4.5131913108817207e-212,1.0,0.0,0.0
4.379806350604474e-212,1.0,0.0,0.0
4.250363511633998e-212,1.0,0.0,0.0
4.12474628667918e-212,1.0,0.0,0.0
4.0028416117597075e-212,1.0,0.0,0.0
3.8845397644408593e-212,1.0,0.0,0.0
3.769734265075909e-212,1.0,0.0,0.0
3.6583217809672546e-212,1.0,0.0,0.0
3.550202033360018e-212,1.0,0.0,0.0
3.445277707184398e-212,1.0,0.0,0.0
3.3434543634655395e-212,1.0,0.0,0.0
3.244640354322082e-212,1.0,0.0,0.0
3.148746740476882e-212,1.0,0.0,0.0
3.0556872112056606e-212,1.0,0.0,0.0
2.965378006651526e-212,1.0,0.0,0.0
2.8777378424354516e-212,1.0,0.0,0.0
2.792687836494845e-212,1.0,0.0,0.0
2.710151438084373e-212,1.0,0.0,0.0
2.630054358875119e-212,1.0,0.0,0.0
2.552324506090079e-212,1.0,0.0,0.0
2.4768919176157924e-212,1.0,0.0,0.0
2.4036886990317183e-212,1.0,0.0,0.0
2.332648962500679e-212,1.0,0.0,0.0
2.2637087674653552e-212,1.0,0.0,0.0
2.1968060630974713e-212,1.0,0.0,0.0
2.1318806324478617e-212,1.0,0.0,0.0
2.0688740382471525e-212,1.0,0.0,0.0
2.0077295703082758e-212,1.0,0.0,0.0
1.9483921944834729e-212,1.0,0.0,0.0
1.8908085031298475e-212,1.0,0.0,0.0
1.8349266670388836e-212,1.0,0.0,0.0
1.7806963887866577e-212,1.0,0.0,0.0
1.7280688574627655e-212,1.0,0.0,0.0
1.676996704737206e-212,1.0,0.0,0.0
1.627433962225689e-212,1.0,0.0,0.0
1.5793360201149862e-212,1.0,0.0,0.0
1.5326595870110886e-212,1.0,0.0,0.0
1.4873626509740304e-212,1.0,0.0,0.0
1.443404441704308e-212,1.0,0.0,0.0
1.4007453938468579e-212,1.0,0.0,0.0
1.359347111379568e-212,1.0,0.0,0.0
1.3191723330542657e-212,1.0,0.0,0.0
1.2801848988590797e-212,1.0,0.0,0.0
1.242349717471989e-212,1.0,0.0,0.0
1.2056327346762663e-212,1.0,0.0,0.0
1.1700009027093813e-212,1.0,0.0,0.0
1.1354221505177873e-212,1.0,0.0,0.0
1.101865354890807e-212,1.0,0.0,0.0
1.0693003124476423e-212,1.0,0.0,0.0
1.037697712452294e-212,1.0,0.0,0.0
1.0070291104319206e-212,1.0,0.0,0.0
9.772669025748928e-213,1.0,0.0,0.0
9.483843008855011e-213,1.0,0.0,0.0
9.203553090729508e-213,1.0,0.0,0.0
8.931546991529458e-213,1.0,0.0,0.0
8.667579887408012e-213,1.0,0.0,0.0
8.411414190156432e-213,1.0,0.0,0.0
8.162819333358684e-213,1.0,0.0,0.0
7.921571564866088e-213,1.0,0.0,0.0
7.687453745405293e-213,1.0,0.0,0.0
7.460255153138276e-213,1.0,0.0,0.0
7.239771293998463e-213,1.0,0.0,0.0
7.025803717632267e-213,1.0,0.0,0.0
6.818159838780379e-213,1.0,0.0,0.0
6.616652763938039e-213,1.0,0.0,0.0
6.421101123138262e-213,1.0,0.0,0.0
6.231328906706634e-213,1.0,0.0,0.0
6.047165306840724e-213,1.0,0.0,0.0
5.868444563871529e-213,1.0,0.0,0.0
5.6950058170685915e-213,1.0,0.0,0.0
5.526692959854484e-213,1.0,0.0,0.0
5.3633544992983524e-213,1.0,0.0,0.0
5.2048434197620536e-213,1.0,0.0,0.0
5.051017050576161e-213,1.0,0.0,0.0
4.901736937626733e-213,1.0,0.0,0.0
4.756868718737265e-213,1.0,0.0,0.0
4.616282002733664e-213,1.0,0.0,0.0
4.47985025208339e-213,1.0,0.0,0.0
4.347450669003138e-213,1.0,0.0,0.0
4.2189640849325444e-213,1.0,0.0,0.0
4.094274853274444e-213,1.0,0.0,0.0
3.973270745305121e-213,1.0,0.0,0.0
3.8558428491608876e-213,1.0,0.0,0.0
3.741885471810058e-213,1.0,0.0,0.0
3.6312960439220826e-213,1.0,0.0,0.0
3.523975027548229e-213,1.0,0.0,0.0
3.4198258265307124e-213,1.0,0.0,0.0
3.318754699559632e-213,1.0,0.0,0.0
3.220670675799467e-213,1.0,0.0,0.0
3.125485473009188e-213,1.0,0.0,0.0
3.033113418082272e-213,1.0,0.0,0.0
2.943471369935138e-213,1.0,0.0,0.0
2.8564786446745483e-213,1.0,0.0,0.0
2.772056942976669e-213,1.0,0.0,0.0
2.6901302796123865e-213,1.0,0.0,0.0
2.610624915055479e-213,1.0,0.0,0.0
2.5334692891120626e-213,1.0,0.0,0.0
2.4585939565115884e-213,1.0,0.0,0.0
2.385931524401413e-213,1.0,0.0,0.0
2.31541659168868e-213,1.0,0.0,0.0
2.2469856901749267e-213,1.0,0.0,0.0
2.180577227430419e-213,1.0,0.0,0.0
2.116131431356808e-213,1.0,0.0,0.0
2.0535902963882093e-213,1.0,0.0,0.0
1.9928975312822763e-213,1.0,0.0,0.0
1.933998508454286e-213,1.0,0.0,0.0
1.8768402148086236e-213,1.0,0.0,0.0
1.8213712040234192e-213,1.0,0.0,0.0
1.7675415502453872e-213,1.0,0.0,0.0
1.7153028031531872e-213,1.0,0.0,0.0
1.664607944348866e-213,1.0,0.0,0.0
1.6154113450381256e-213,1.0,0.0,0.0
1.5676687249613293e-213,1.0,0.0,0.0
1.5213371125382792e-213,1.0,0.0,0.0
1.4763748061908942e-213,1.0,0.0,0.0
1.4327413368089752e-213,1.0,0.0,0.0
1.3903974313252745e-213,1.0,0.0,0.0
1.3493049773670849e-213,1.0,0.0,0.0
1.3094269889525325e-213,1.0,0.0,0.0
1.2707275732006958e-213,1.0,0.0,0.0
1.2331718980255915e-213,1.0,0.0,0.0
1.1967261607849457e-213,1.0,0.0,0.0
1.1613575578555349e-213,1.0,0.0,0.0
1.1270342551077111e-213,1.0,0.0,0.0
1.0937253592525363e-213,1.0,0.0,0.0
1.0614008900357379e-213,1.0,0.0,0.0
1.0300317532534568e-213,1.0,0.0,0.0
9.99589714565499e-214,1.0,0.0,0.0
9.700473740825259e-214,1.0,0.0,0.0
9.413781417043027e-214,1.0,0.0,0.0
9.135562131868152e-214,1.0,0.0,0.0
8.865565469167077e-214,1.0,0.0,0.0
8.603548413721414e-214,1.0,0.0,0.0
8.349275132497844e-214,1.0,0.0,0.0
8.102516762382471e-214,1.0,0.0,0.0
7.863051204188579e-214,1.0,0.0,0.0
7.630662922752366e-214,1.0,0.0,0.0
7.405142752936755e-214,1.0,0.0,0.0
7.186287711368653e-214,1.0,0.0,0.0
6.973900813740219e-214,1.0,0.0,0.0
6.767790897509686e-214,1.0,0.0,0.0
6.5677724498421785e-214,1.0,0.0,0.0
6.373665440635638e-214,1.0,0.0,0.0
6.1852951604815816e-214,1.0,0.0,0.0
6.00249206341484e-214,1.0,0.0,0.0
5.825091614310753e-214,1.0,0.0,0.0
5.652934140792447e-214,1.0,0.0,0.0
5.485864689514924e-214,1.0,0.0,0.0
5.323732886696589e-214,1.0,0.0,0.0
5.166392802772699e-214,1.0,0.0,0.0
5.0137028210489105e-214,1.0,0.0,0.0
4.865525510236691e-214,1.0,0.0,0.0
4.721727500755887e-214,1.0,0.0,0.0
4.5821793646931e-214,1.0,0.0,0.0
4.446755499307832e-214,1.0,0.0,0.0
4.3153340139815366e-214,1.0,0.0,0.0
4.187796620507842e-214,1.0,0.0,0.0
4.064028526625179e-214,1.0,0.0,0.0
3.943918332695998e-214,1.0,0.0,0.0
3.827357931439578e-214,1.0,0.0,0.0
3.714242410628177e-214,1.0,0.0,0.0
3.604469958658948e-214,1.0,0.0,0.0
3.497941772916623e-214,1.0,0.0,0.0
3.3945619708444933e-214,1.0,0.0,0.0
3.294237503643636e-214,1.0,0.0,0.0
3.196878072522716e-214,1.0,0.0,0.0
3.1023960474229784e-214,1.0,0.0,0.0
3.0107063881452825e-214,1.0,0.0,0.0
2.9217265678081837e-214,1.0,0.0,0.0
2.835376498568168e-214,1.0,0.0,0.0
2.751578459535192e-214,1.0,0.0,0.0
2.6702570268186323e-214,1.0,0.0,0.0
2.5913390056406956e-214,1.0,0.0,0.0
2.5147533644561793e-214,1.0,0.0,0.0
2.4404311710192854e-214,1.0,0.0,0.0
2.368305530339948e-214,1.0,0.0,0.0
2.2983115244738276e-214,1.0,0.0,0.0
2.23038615409178e-214,1.0,0.0,0.0
2.164468281776207e-214,1.0,0.0,0.0
2.1004985769932566e-214,1.0,0.0,0.0
2.0384194626913362e-214,1.0,0.0,0.0
1.978175063477882e-214,1.0,0.0,0.0
1.919711155327733e-214,1.0,0.0,0.0
1.8629751167778514e-214,1.0,0.0,0.0
1.8079158815644508e-214,1.0,0.0,0.0
1.7544838926599153e-214,1.0,0.0,0.0
1.702631057668129e-214,1.0,0.0,0.0
1.6523107055380745e-214,1.0,0.0,0.0
1.6034775445567357e-214,1.0,0.0,0.0
1.5560876215835008e-214,1.0,0.0,0.0
1.5100982824893683e-214,1.0,0.0,0.0
1.4654681337653534e-214,1.0,0.0,0.0
1.422157005265535e-214,1.0,0.0,0.0
1.3801259140512138e-214,1.0,0.0,0.0
1.3393370293036365e-214,1.0,0.0,0.0
1.2997536382737068e-214,1.0,0.0,0.0
1.2613401132380317e-214,1.0,0.0,0.0
1.2240618794315672e-214,1.0,0.0,0.0
1.1878853839279954e-214,1.0,0.0,0.0
1.152778065439827e-214,1.0,0.0,0.0
1.1187083250110455e-214,1.0,0.0,0.0
1.0856454975759123e-214,1.0,0.0,0.0
1.0535598243583406e-214,1.0,0.0,0.0
1.0224224260869862e-214,1.0,0.0,0.0
9.922052770019551e-215,1.0,0.0,0.0
9.62881179629729e-215,1.0,0.0,0.0
9.34423740303602e-215,1.0,0.0,0.0
9.068073454076005e-215,1.0,0.0,0.0
8.800071383224995e-215,1.0,0.0,0.0
8.539989970531881e-215,1.0,0.0,0.0
8.287595125172458e-215,1.0,0.0,0.0
8.042659674751885e-215,1.0,0.0,0.0
7.804963160834194e-215,1.0,0.0,0.0
7.574291640514827e-215,1.0,0.0,0.0
7.350437493857575e-215,1.0,0.0,0.0
7.133199237022626e-215,1.0,0.0,0.0
6.922381340917516e-215,1.0,0.0,0.0
6.71779405520774e-215,1.0,0.0,0.0
6.519253237528651e-215,1.0,0.0,0.0
6.326580187744907e-215,1.0,0.0,0.0
6.139601487108282e-215,1.0,0.0,0.0
5.95814884216909e-215,1.0,0.0,0.0
5.782058933300728e-215,1.0,0.0,0.0
5.61117326770098e-215,1.0,0.0,0.0
5.44533803673781e-215,1.0,0.0,0.0
5.284403977511201e-215,1.0,0.0,0.0
5.128226238506481e-215,1.0,0.0,0.0
4.976664249218176e-215,1.0,0.0,0.0
4.829581593627075e-215,1.0,0.0,0.0
4.686845887416603e-215,1.0,0.0,0.0
4.5483286588179983e-215,1.0,0.0,0.0
4.413905232977054e-215,1.0,0.0,0.0
4.2834546197383355e-215,1.0,0.0,0.0
4.156859404745872e-215,1.0,0.0,0.0
4.0340056437623154e-215,1.0,0.0,0.0
3.9147827601114323e-215,1.0,0.0,0.0
3.7990834451516367e-215,1.0,0.0,0.0
3.686803561690969e-215,1.0,0.0,0.0
3.5778420502565937e-215,1.0,0.0,0.0
3.4721008381344546e-215,1.0,0.0,0.0
3.369484751097213e-215,1.0,0.0,0.0
3.269901427741021e-215,1.0,0.0,0.0
3.173261236354022e-215,1.0,0.0,0.0
3.079477194241764e-215,1.0,0.0,0.0
2.988464889436901e-215,1.0,0.0,0.0
2.900142404722728e-215,1.0,0.0,0.0
2.814430243902156e-215,1.0,0.0,0.0
2.731251260245771e-215,1.0,0.0,0.0
2.650530587054567e-215,1.0,0.0,0.0
2.57219557027487e-215,1.0,0.0,0.0
2.496175703104782e-215,1.0,0.0,0.0
2.4224025625333017e-215,1.0,0.0,0.0
2.350809747754998e-215,1.0,0.0,0.0
2.2813328204048019e-215,1.0,0.0,0.0
2.2139092465591308e-215,1.0,0.0,0.0
2.148478340451136e-215,1.0,0.0,0.0
2.084981209849417e-215,1.0,0.0,0.0
2.023360703051038e-215,1.0,0.0,0.0
1.9635613574411398e-215,1.0,0.0,0.0
1.9055293495728414e-215,1.0,0.0,0.0
1.8492124467225064e-215,1.0,0.0,0.0
1.7945599598767663e-215,1.0,0.0,0.0
1.741522698108987e-215,1.0,0.0,0.0
1.690052924304116e-215,1.0,0.0,0.0
1.6401043121920563e-215,1.0,0.0,0.0
1.5916319046508964e-215,1.0,0.0,0.0
1.5445920732424682e-215,1.0,0.0,0.0
1.4989424789438062e-215,1.0,0.0,0.0
1.45464203403917e-215,1.0,0.0,0.0
1.411650865138328e-215,1.0,0.0,0.0
1.369930277287814e-215,1.0,0.0,0.0
1.3294427191428583e-215,1.0,0.0,0.0
1.2901517491686425e-215,1.0,0.0,0.0
1.2520220028404594e-215,1.0,0.0,0.0
1.2150191608132536e-215,1.0,0.0,0.0
1.179109918031895e-215,1.0,0.0,0.0
1.144261953754381e-215,1.0,0.0,0.0
1.110443902460988e-215,1.0,0.0,0.0
1.0776253256231865e-215,1.0,0.0,0.0
1.0457766843069109e-215,1.0,0.0,0.0
1.0148693125855254e-215,1.0,0.0,0.0
9.848753917385556e-216,1.0,0.0,0.0
9.55767925212963e-216,1.0,0.0,0.0
9.27520714324424e-216,1.0,0.0,0.0
9.001083346767469e-216,1.0,0.0,0.0
8.735061132781993e-216,1.0,0.0,0.0
8.476901063341501e-216,1.0,0.0,0.0
8.226370776960385e-216,1.0,0.0,0.0
7.983244779472724e-216,1.0,0.0,0.0
7.74730424107231e-216,1.0,0.0,0.0
7.518336799351055e-216,1.0,0.0,0.0
7.296136368158502e-216,1.0,0.0,0.0
7.080502952110364e-216,1.0,0.0,0.0
6.871242466579193e-216,1.0,0.0,0.0
6.668166563005111e-216,1.0,0.0,0.0
6.471092459369398e-216,1.0,0.0,0.0
6.279842775678335e-216,1.0,0.0,0.0
6.094245374309243e-216,1.0,0.0,0.0
5.914133205075002e-216,1.0,0.0,0.0
5.739344154867609e-216,1.0,0.0,0.0
5.56972090174544e-216,1.0,0.0,0.0
5.405110773332885e-216,1.0,0.0,0.0
5.2453656094049065e-216,1.0,0.0,0.0
5.090341628532838e-216,1.0,0.0,0.0
4.939899298671395e-216,1.0,0.0,0.0
4.793903211570413e-216,1.0,0.0,0.0
4.6522219608982884e-216,1.0,0.0,0.0
4.5147280239674115e-216,1.0,0.0,0.0
4.3812976469551375e-216,1.0,0.0,0.0
4.2518107335169976e-216,1.0,0.0,0.0
4.126150736691881e-216,1.0,0.0,0.0
4.0042045540019085e-216,1.0,0.0,0.0
3.885862425652562e-216,1.0,0.0,0.0
3.77101783574147e-216,1.0,0.0,0.0
3.659567416386901e-216,1.0,0.0,0.0
3.5514108546896947e-216,1.0,0.0,0.0
3.446450802444885e-216,1.0,0.0,0.0
3.344592788521742e-216,1.0,0.0,0.0
3.245745133833383e-216,1.0,0.0,0.0
3.149818868819402e-216,1.0,0.0,0.0
3.0567276533672657e-216,1.0,0.0,0.0
2.966387699100381e-216,1.0,0.0,0.0
2.878717693962904e-216,1.0,0.0,0.0
2.7936387290333998e-216,1.0,0.0,0.0
2.7110742275014894e-216,1.0,0.0,0.0
2.630949875743552e-216,1.0,0.0,0.0
2.5531935564354472e-216,1.0,0.0,0.0
2.477735283642058e-216,1.0,0.0,0.0
2.4045071398252248e-216,1.0,0.0,0.0
2.333443214713376e-216,1.0,0.0,0.0
2.264479545977838e-216,1.0,0.0,0.0
2.1975540616624205e-216,1.0,0.0,0.0
2.132606524314468e-216,1.0,0.0,0.0
2.0695784767670867e-216,1.0,0.0,0.0
2.0084131895237474e-216,1.0,0.0,0.0
1.949055609697913e-216,1.0,0.0,0.0
1.891452311461723e-216,1.0,0.0,0.0
1.8355514479591432e-216,1.0,0.0,0.0
1.781302704640296e-216,1.0,0.0,0.0
1.7286572539749706e-216,1.0,0.0,0.0
1.6775677115045497e-216,1.0,0.0,0.0
1.6279880931927986e-216,1.0,0.0,0.0
1.57987377403713e-216,1.0,0.0,0.0
1.5331814479030896e-216,1.0,0.0,0.0
1.4878690885459118e-216,1.0,0.0,0.0
1.4438959117840632e-216,1.0,0.0,0.0
1.4012223387907282e-216,1.0,0.0,0.0
1.3598099604701916e-216,1.0,0.0,0.0
1.3196215028870614e-216,1.0,0.0,0.0
1.2806207937172116e-216,1.0,0.0,0.0
1.2427727296902479e-216,1.0,0.0,0.0
1.2060432449941972e-216,1.0,0.0,0.0
1.1703992806139756e-216,1.0,0.0,0.0
1.1358087545760456e-216,1.0,0.0,0.0
1.1022405330724733e-216,1.0,0.0,0.0
1.0696644024384008e-216,1.0,0.0,0.0
1.0380510419577086e-216,1.0,0.0,0.0
1.0073719974723923e-216,1.0,0.0,0.0
9.775996557718994e-217,1.0,0.0,0.0
9.487072197393771e-217,1.0,0.0,0.0
9.206686842324585e-217,1.0,0.0,0.0
8.934588126768784e-217,1.0,0.0,0.0
8.670531143518544e-217,1.0,0.0,0.0
8.414278223467853e-217,1.0,0.0,0.0
8.165598721694262e-217,1.0,0.0,0.0
7.924268809862906e-217,1.0,0.0,0.0
7.690071274765885e-217,1.0,0.0,0.0
7.462795322815722e-217,1.0,0.0,0.0
7.242236390316907e-217,1.0,0.0,0.0
7.028195959344765e-217,1.0,0.0,0.0
6.820481379065924e-217,1.0,0.0,0.0
6.618905692339566e-217,1.0,0.0,0.0
6.423287467443384e-217,1.0,0.0,0.0
6.23345063477278e-217,1.0,0.0,0.0
6.049224328366347e-217,1.0,0.0,0.0
5.8704427321149644e-217,1.0,0.0,0.0
5.696944930516115e-217,1.0,0.0,0.0
5.528574763839068e-217,1.0,0.0,0.0
5.365180687570585e-217,1.0,0.0,0.0
5.206615636014628e-217,1.0,0.0,0.0
5.05273688992331e-217,1.0,0.0,0.0
4.903405948039942e-217,1.0,0.0,0.0
4.758488402438547e-217,1.0,0.0,0.0
4.6178538175476606e-217,1.0,0.0,0.0
4.481375612749514e-217,1.0,0.0,0.0
4.348930948448936e-217,1.0,0.0,0.0
4.220400615509421e-217,1.0,0.0,0.0
4.095668927956869e-217,1.0,0.0,0.0
3.974623618854394e-217,1.0,0.0,0.0
3.857155739254508e-217,1.0,0.0,0.0
3.7431595601377175e-217,1.0,0.0,0.0
3.632532477249262e-217,1.0,0.0,0.0
3.5251749187483697e-217,1.0,0.0,0.0
3.4209902555868743e-217,1.0,0.0,0.0
3.3198847145365527e-217,1.0,0.0,0.0
3.2217672937868915e-217,1.0,0.0,0.0
3.126549681037313e-217,1.0,0.0,0.0
3.0341461740101473e-217,1.0,0.0,0.0
2.944473603312798e-217,1.0,0.0,0.0
2.857451257579674e-217,1.0,0.0,0.0
2.7730008108265153e-217,1.0,0.0,0.0
2.6910462519517206e-217,1.0,0.0,0.0
2.6115138163212248e-217,1.0,0.0,0.0
2.534331919375351e-217,1.0,0.0,0.0
2.459431092197874e-217,1.0,0.0,0.0
2.3867439189893115e-217,1.0,0.0,0.0
2.3162049763881493e-217,1.0,0.0,0.0
2.2477507745854038e-217,1.0,0.0,0.0
2.181319700179508e-217,1.0,0.0,0.0
2.116851960720093e-217,1.0,0.0,0.0
2.0542895308907445e-217,1.0,0.0,0.0
1.9935761002823056e-217,1.0,0.0,0.0
1.934657022709706e-217,1.0,0.0,0.0
1.877479267026706e-217,1.0,0.0,0.0
1.8219913693942908e-217,1.0,0.0,0.0
1.7681433869597357e-217,1.0,0.0,0.0
1.7158868529046737e-217,1.0,0.0,0.0
1.6651747328216837e-217,1.0,0.0,0.0
1.6159613823801526e-217,1.0,0.0,0.0
1.568202506243295e-217,1.0,0.0,0.0
1.5218551181993622e-217,1.0,0.0,0.0
1.4768775024711494e-217,1.0,0.0,0.0
1.4332291761689816e-217,1.0,0.0,0.0
1.39087085285338e-217,1.0,0.0,0.0
1.3497644071746162e-217,1.0,0.0,0.0
1.3098728405573227e-217,1.0,0.0,0.0
1.2711602478992797e-217,1.0,0.0,0.0
1.233591785254399e-217,1.0,0.0,0.0
1.1971336384708204e-217,1.0,0.0,0.0
1.1617529927558949e-217,1.0,0.0,0.0
1.1274180031406542e-217,1.0,0.0,0.0
1.0940977658171914e-217,1.0,0.0,0.0
1.0617622903231469e-217,1.0,0.0,0.0
1.0303824725482686e-217,1.0,0.0,0.0
9.999300685387493e-218,1.0,0.0,0.0
9.703776690757608e-218,1.0,0.0,0.0
9.416986750053075e-218,1.0,0.0,0.0
9.138672732971932e-218,1.0,0.0,0.0
8.868584138115518e-218,1.0,0.0,0.0
8.606477867520299e-218,1.0,0.0,0.0
8.352118007853298e-218,1.0,0.0,0.0
8.105275618074181e-218,1.0,0.0,0.0
7.86572852337286e-218,1.0,0.0,0.0
7.633261115197174e-218,1.0,0.0,0.0
7.407664157190642e-218,1.0,0.0,0.0
7.188734596865616e-218,1.0,0.0,0.0
6.976275382842344e-218,1.0,0.0,0.0
6.770095287489424e-218,1.0,0.0,0.0
6.570008734806034e-218,1.0,0.0,0.0
6.375835633391004e-218,1.0,0.0,0.0
6.187401214348403e-218,1.0,0.0,0.0
6.004535873983733e-218,1.0,0.0,0.0
5.827075021149168e-218,1.0,0.0,0.0
5.654858929100396e-218,1.0,0.0,0.0
5.487732591731787e-218,1.0,0.0,0.0
5.325545584060425e-218,1.0,0.0,0.0
5.168151926833475e-218,1.0,0.0,0.0
5.015409955137002e-218,1.0,0.0,0.0
4.867182190887991e-218,1.0,0.0,0.0
4.723335219094792e-218,1.0,0.0,0.0
4.583739567774618e-218,1.0,0.0,0.0
4.4482695914200335e-218,1.0,0.0,0.0
4.3168033579095087e-218,1.0,0.0,0.0
4.1892225387602853e-218,1.0,0.0,0.0
4.065412302624755e-218,1.0,0.0,0.0
3.945261211934497e-218,1.0,0.0,0.0
3.8286611225989444e-218,1.0,0.0,0.0
3.715507086668407e-218,1.0,0.0,0.0
3.6056972578738294e-218,1.0,0.0,0.0
3.49913279995828e-218,1.0,0.0,0.0
3.3957177977176453e-218,1.0,0.0,0.0
3.295359170670475e-218,1.0,0.0,0.0
3.197966589279266e-218,1.0,0.0,0.0
3.1034523936477846e-218,1.0,0.0,0.0
3.011731514621239e-218,1.0,0.0,0.0
2.9227213972183047e-218,1.0,0.0,0.0
2.8363419263260634e-218,1.0,0.0,0.0
2.7525153545909996e-218,1.0,0.0,0.0
2.6711662324411334e-218,1.0,0.0,0.0
2.5922213401763124e-218,1.0,0.0,0.0
2.515609622065542e-218,1.0,0.0,0.0
2.4412621223920303e-218,1.0,0.0,0.0
2.369111923388392e-218,1.0,0.0,0.0
2.299094085006137e-218,1.0,0.0,0.0
2.2311455864652484e-218,1.0,0.0,0.0
2.1652052695312248e-218,1.0,0.0,0.0
2.1012137834685421e-218,1.0,0.0,0.0
2.0391135316209863e-218,1.0,0.0,0.0
1.9788486195707758e-218,1.0,0.0,0.0
1.920364804829812e-218,1.0,0.0,0.0
1.8636094480177815e-218,1.0,0.0,0.0
1.808531465483159e-218,1.0,0.0,0.0
1.755081283324474e-218,1.0,0.0,0.0
1.7032107927704542e-218,1.0,0.0,0.0
1.652873306878884e-218,1.0,0.0,0.0
1.604023518515206e-218,1.0,0.0,0.0
1.5566174595730418e-218,1.0,0.0,0.0
1.5106124613999295e-218,1.0,0.0,0.0
1.465967116392656e-218,1.0,0.0,0.0
1.4226412407276195e-218,1.0,0.0,0.0
1.3805958381926766e-218,1.0,0.0,0.0
1.3397930650879208e-218,1.0,0.0,0.0
1.3001961961637959e-218,1.0,0.0,0.0
1.2617695915658946e-218,1.0,0.0,0.0
1.224478664756684e-218,1.0,0.0,0.0
1.1882898513852876e-218,1.0,0.0,0.0
1.1531705790773036e-218,1.0,0.0,0.0
1.1190892381174705e-218,1.0,0.0,0.0
1.0860151529987893e-218,1.0,0.0,0.0
1.053918554812498e-218,1.0,0.0,0.0
1.0227705544540432e-218,1.0,0.0,0.0
9.925431166209373e-219,1.0,0.0,0.0
9.632090345790941e-219,1.0,0.0,0.0
9.347419056749311e-219,1.0,0.0,0.0
9.071161075712007e-219,1.0,0.0,0.0
8.803067751851564e-219,1.0,0.0,0.0
8.542897783083004e-219,1.0,0.0,0.0
8.290416998875678e-219,1.0,0.0,0.0
8.04539814948398e-219,1.0,0.0,0.0
7.807620701407244e-219,1.0,0.0,0.0
7.576870638894702e-219,1.0,0.0,0.0
7.352940271316874e-219,1.0,0.0,0.0
7.135628046229973e-219,1.0,0.0,0.0
6.924738367965116e-219,1.0,0.0,0.0
6.720081421579012e-219,1.0,0.0,0.0
6.521473002007702e-219,1.0,0.0,0.0
6.328734348269579e-219,1.0,0.0,0.0
6.14169198256843e-219,1.0,0.0,0.0
5.960177554151716e-219,1.0,0.0,0.0
5.784027687783531e-219,1.0,0.0,0.0
5.613083836695867e-219,1.0,0.0,0.0
5.4471921398858184e-219,1.0,0.0,0.0
5.286203283630298e-219,1.0,0.0,0.0
5.129972367093607e-219,1.0,0.0,0.0
4.978358771906906e-219,1.0,0.0,0.0
4.8312260356021925e-219,1.0,0.0,0.0
4.688441728786866e-219,1.0,0.0,0.0
4.549877335948343e-219,1.0,0.0,0.0
4.415408139781417e-219,1.0,0.0,0.0
4.284913108934271e-219,1.0,0.0,0.0
4.1582747890720906e-219,1.0,0.0,0.0
4.035379197160234e-219,1.0,0.0,0.0
3.91611571887181e-219,1.0,0.0,0.0
3.8003770090273184e-219,1.0,0.0,0.0
3.6880588949767445e-219,1.0,0.0,0.0
3.579060282837142e-219,1.0,0.0,0.0
3.4732830665013166e-219,1.0,0.0,0.0
3.3706320393357065e-219,1.0,0.0,0.0
3.271014808487991e-219,1.0,0.0,0.0
3.174341711727282e-219,1.0,0.0,0.0
3.080525736742071e-219,1.0,0.0,0.0
2.989482442823271e-219,1.0,0.0,0.0
2.9011298848618835e-219,1.0,0.0,0.0
2.8153885395928662e-219,1.0,0.0,0.0
2.732181234018832e-219,1.0,0.0,0.0
2.651433075949139e-219,1.0,0.0,0.0
2.5730713865918665e-219,1.0,0.0,0.0
2.4970256351379964e-219,1.0,0.0,0.0
2.423227375278926e-219,1.0,0.0,0.0
2.3516101836001685e-219,1.0,0.0,0.0
2.2821095997958013e-219,1.0,0.0,0.0
2.2146630686498352e-219,1.0,0.0,0.0
2.1492098837323023e-219,1.0,0.0,0.0
2.0856911327593695e-219,1.0,0.0,0.0
2.0240496445683087e-219,1.0,0.0,0.0
1.9642299376595903e-219,1.0,0.0,0.0
1.9061781702597905e-219,1.0,0.0,0.0
1.8498420918603608e-219,1.0,0.0,0.0
1.7951709961886444e-219,1.0,0.0,0.0
1.742115675568808e-219,1.0,0.0,0.0
1.690628376631614e-219,1.0,0.0,0.0
1.6406627573331627e-219,1.0,0.0,0.0
1.5921738452439278e-219,1.0,0.0,0.0
1.5451179970705335e-219,1.0,0.0,0.0
1.499452859373845e-219,1.0,0.0,0.0
1.4551373304480145e-219,1.0,0.0,0.0
1.4121315233261735e-219,1.0,0.0,0.0
1.370396729879469e-219,1.0,0.0,0.0
1.3298953859771358e-219,1.0,0.0,0.0
1.2905910376762438e-219,1.0,0.0,0.0
1.2524483084106888e-219,1.0,0.0,0.0
1.2154328671498956e-219,1.0,0.0,0.0
1.1795113974985733e-219,1.0,0.0,0.0
1.1446515677097113e-219,1.0,0.0,0.0
1.1108220015838251e-219,1.0,0.0,0.0
1.0779922502282586e-219,1.0,0.0,0.0
1.046132764651126e-219,1.0,0.0,0.0
1.015214869165225e-219,1.0,0.0,0.0
9.852107355779832e-220,1.0,0.0,0.0
9.56093358144206e-220,1.0,0.0,0.0
9.27836529259084e-220,1.0,0.0,0.0
9.004148158695794e-220,1.0,0.0,0.0
8.73803536582962e-220,1.0,0.0,0.0
8.479787394518902e-220,1.0,0.0,0.0
8.229171804160418e-220,1.0,0.0,0.0
7.985963023808907e-220,1.0,0.0,0.0
7.749942149147998e-220,1.0,0.0,0.0
7.520896745461551e-220,1.0,0.0,0.0
7.298620656428073e-220,1.0,0.0,0.0
7.082913818566116e-220,1.0,0.0,0.0
6.873582081163646e-220,1.0,0.0,0.0
6.6704370315292905e-220,1.0,0.0,0.0
6.473295825408208e-220,1.0,0.0,0.0
6.281981022409915e-220,1.0,0.0,0.0
6.09632042629996e-220,1.0,0.0,0.0
5.9161469300116926e-220,1.0,0.0,0.0
5.741298365238621e-220,1.0,0.0,0.0
5.5716173564719955e-220,1.0,0.0,0.0
5.40695117935223e-220,1.0,0.0,0.0
5.247151623206667e-220,1.0,0.0,0.0
5.092074857649972e-220,1.0,0.0,0.0
4.9415813031270825e-220,1.0,0.0,0.0
4.795535505282182e-220,1.0,0.0,0.0
4.6538060130406425e-220,1.0,0.0,0.0
4.5162652602941855e-220,1.0,0.0,0.0
4.382789451082774e-220,1.0,0.0,0.0
4.253258448169892e-220,1.0,0.0,0.0
4.127555664910928e-220,1.0,0.0,0.0
4.005567960317322e-220,1.0,0.0,0.0
3.887185537222042e-220,1.0,0.0,0.0
3.772301843454725e-220,1.0,0.0,0.0
3.66081347593753e-220,1.0,0.0,0.0
3.552620087615389e-220,1.0,0.0,0.0
3.4476242971368877e-220,1.0,0.0,0.0
3.3457316012044755e-220,1.0,0.0,0.0
3.2468502895151196e-220,1.0,0.0,0.0
3.1508913622148422e-220,1.0,0.0,0.0
3.057768449792847e-220,1.0,0.0,0.0
2.9673977353431296e-220,1.0,0.0,0.0
2.8796978791236043e-220,1.0,0.0,0.0
2.7945899453448495e-220,1.0,0.0,0.0
2.7119973311225657e-220,1.0,0.0,0.0
2.6318456975298135e-220,1.0,0.0,0.0
2.554062902686961e-220,1.0,0.0,0.0
2.478578936829122e-220,1.0,0.0,0.0
2.405325859292645e-220,1.0,0.0,0.0
2.334237737363928e-220,1.0,0.0,0.0
2.2652505869355295e-220,1.0,0.0,0.0
2.1983023149161506e-220,1.0,0.0,0.0
2.1333326633426644e-220,1.0,0.0,0.0
2.070283155143881e-220,1.0,0.0,0.0
2.0090970415072377e-220,1.0,0.0,0.0
1.9497192508010373e-220,1.0,0.0,0.0
1.8920963390062624e-220,1.0,0.0,0.0
1.8361764416133534e-220,1.0,0.0,0.0
1.7819092269406465e-220,1.0,0.0,0.0
1.7292458508324655e-220,1.0,0.0,0.0
1.678138912696085e-220,1.0,0.0,0.0
1.6285424128379968e-220,1.0,0.0,0.0
1.5804117110610826e-220,1.0,0.0,0.0
1.5337034864854232e-220,1.0,0.0,0.0
1.4883756985565825e-220,1.0,0.0,0.0
1.4443875492062716e-220,1.0,0.0,0.0
1.4016994461313347e-220,1.0,0.0,0.0
1.3602729671580024e-220,1.0,0.0,0.0
1.320070825659344e-220,1.0,0.0,0.0
1.2810568369947853e-220,1.0,0.0,0.0
1.243195885941491e-220,1.0,0.0,0.0
1.2064538950882944e-220,1.0,0.0,0.0
1.1707977941637264e-220,1.0,0.0,0.0
1.13619549027054e-220,1.0,0.0,0.0
1.1026158389999372e-220,1.0,0.0,0.0
1.0700286163994981e-220,1.0,0.0,0.0
1.038404491769585e-220,1.0,0.0,0.0
1.0077150012637324e-220,1.0,0.0,0.0
9.779325222692646e-221,1.0,0.0,0.0
9.490302485450802e-221,1.0,0.0,0.0
9.209821660942256e-221,1.0,0.0,0.0
8.937630297495418e-221,1.0,0.0,0.0
8.673483404513112e-221,1.0,0.0,0.0
8.417143231964494e-221,1.0,0.0,0.0
8.168379056393983e-221,1.0,0.0,0.0
7.926966973254581e-221,1.0,0.0,0.0
7.692689695378663e-221,1.0,0.0,0.0
7.465336357404871e-221,1.0,0.0,0.0
7.244702325985051e-221,1.0,0.0,0.0
7.030589015600429e-221,1.0,0.0,0.0
6.822803709821245e-221,1.0,0.0,0.0
6.621159387848958e-221,1.0,0.0,0.0
6.425474556184906e-221,1.0,0.0,0.0
6.235573085273904e-221,1.0,0.0,0.0
6.051284050975768e-221,1.0,0.0,0.0
5.872441580722042e-221,1.0,0.0,0.0
5.698884704219496e-221,1.0,0.0,0.0
5.530457208565999e-221,1.0,0.0,0.0
5.367007497648365e-221,1.0,0.0,0.0
5.20838845569562e-221,1.0,0.0,0.0
5.054457314864874e-221,1.0,0.0,0.0
4.905075526740634e-221,1.0,0.0,0.0
4.760108637631877e-221,1.0,0.0,0.0
4.619426167554653e-221,1.0,0.0,0.0
4.482901492791292e-221,1.0,0.0,0.0
4.350411731920517e-221,1.0,0.0,0.0
4.221837635215868e-221,1.0,0.0,0.0
4.0970634773129005e-221,1.0,0.0,0.0
3.975976953048549e-221,1.0,0.0,0.0
3.858469076378898e-221,1.0,0.0,0.0
3.744434082284389e-221,1.0,0.0,0.0
3.6337693315741647e-221,1.0,0.0,0.0
3.5263752185038713e-221,1.0,0.0,0.0
3.4221550811237625e-221,1.0,0.0,0.0
3.321015114276424e-221,1.0,0.0,0.0
3.2228642851658013e-221,1.0,0.0,0.0
3.127614251421538e-221,1.0,0.0,0.0
3.0351792815848816e-221,1.0,0.0,0.0
2.945476177944582e-221,1.0,0.0,0.0
2.8584242016533403e-221,1.0,0.0,0.0
2.7739450000573936e-221,1.0,0.0,0.0
2.691962536173841e-221,1.0,0.0,0.0
2.612403020252227e-221,1.0,0.0,0.0
2.5351948433587846e-221,1.0,0.0,0.0
2.4602685129235633e-221,1.0,0.0,0.0
2.387556590192426e-221,1.0,0.0,0.0
2.3169936295276186e-221,1.0,0.0,0.0
2.24851611950228e-221,1.0,0.0,0.0
2.1820624257358686e-221,1.0,0.0,0.0
2.1175727354190648e-221,1.0,0.0,0.0
2.054989003478202e-221,1.0,0.0,0.0
1.9942549003307843e-221,1.0,0.0,0.0
1.935315761185061e-221,1.0,0.0,0.0
1.8781185368380244e-221,1.0,0.0,0.0
1.8226117459275455e-221,1.0,0.0,0.0
1.7687454285956762e-221,1.0,0.0,0.0
1.7164711015214033e-221,1.0,0.0,0.0
1.6657417142823887e-221,1.0,0.0,0.0
1.6165116070064128e-221,1.0,0.0,0.0
1.5687364692744087e-221,1.0,0.0,0.0
1.5223733002380942e-221,1.0,0.0,0.0
1.4773803699163062e-221,1.0,0.0,0.0
1.4337171816352023e-221,1.0,0.0,0.0
1.3913444355785196e-221,1.0,0.0,0.0
1.3502239934150887e-221,1.0,0.0,0.0
1.3103188439717625e-221,1.0,0.0,0.0
1.27159306992086e-221,1.0,0.0,0.0
1.23401181545215e-221,1.0,0.0,0.0
1.1975412549002682e-221,1.0,0.0,0.0
1.1621485622993356e-221,1.0,0.0,0.0
1.1278018818373738e-221,1.0,0.0,0.0
1.0944702991839246e-221,1.0,0.0,0.0
1.0621238136650658e-221,1.0,0.0,0.0
1.0307333112607804e-221,1.0,0.0,0.0
1.0002705384003729e-221,1.0,0.0,0.0
9.707080765323498e-222,1.0,0.0,0.0
9.42019317445872e-222,1.0,0.0,0.0
9.141784393215699e-222,1.0,0.0,0.0
8.871603834901629e-222,1.0,0.0,0.0
8.609408318779658e-222,1.0,0.0,0.0
8.354961851189816e-222,1.0,0.0,0.0
8.108035413138789e-222,1.0,0.0,0.0
7.868406754167374e-222,1.0,0.0,0.0
7.635860192310062e-222,1.0,0.0,0.0
7.410186419966716e-222,1.0,0.0,0.0
7.191182315511601e-222,1.0,0.0,0.0
6.978650760470217e-222,1.0,0.0,0.0
6.772400462099363e-222,1.0,0.0,0.0
6.572245781210763e-222,1.0,0.0,0.0
6.378006565083265e-222,1.0,0.0,0.0
6.189507985313232e-222,1.0,0.0,0.0
6.006580380457187e-222,1.0,0.0,0.0
5.829059103325053e-222,1.0,0.0,0.0
5.656784372786577e-222,1.0,0.0,0.0
5.489601129957529e-222,1.0,0.0,0.0
5.3273588986362375e-222,1.0,0.0,0.0
5.1699116498648557e-222,1.0,0.0,0.0
5.017117670493443e-222,1.0,0.0,0.0
4.8688394356285664e-222,1.0,0.0,0.0
4.7249434848516126e-222,1.0,0.0,0.0
4.5853003020954084e-222,1.0,0.0,0.0
4.449784199071015e-222,1.0,0.0,0.0
4.318273202139787e-222,1.0,0.0,0.0
4.1906489425288676e-222,1.0,0.0,0.0
4.0667965497912995e-222,1.0,0.0,0.0
3.9466045484148765e-222,1.0,0.0,0.0
3.829964757486653e-222,1.0,0.0,0.0
3.716772193322824e-222,1.0,0.0,0.0
3.606924974976326e-222,1.0,0.0,0.0
3.5003242325371056e-222,1.0,0.0,0.0
3.396874018142531e-222,1.0,0.0,0.0
3.2964812196178354e-222,1.0,0.0,0.0
3.1990554766688814e-222,1.0,0.0,0.0
3.1045090995517935e-222,1.0,0.0,0.0
3.012756990146272e-222,1.0,0.0,0.0
2.9237165653615424e-222,1.0,0.0,0.0
2.8373076828059986e-222,1.0,0.0,0.0
2.753452568653643e-222,1.0,0.0,0.0
2.6720757476423933e-222,1.0,0.0,0.0
2.5931039751412523e-222,1.0,0.0,0.0
2.5164661712251994e-222,1.0,0.0,0.0
2.4420933566984572e-222,1.0,0.0,0.0
2.3699185910085638e-222,1.0,0.0,0.0
2.2998769119953536e-222,1.0,0.0,0.0
2.2319052774206328e-222,1.0,0.0,0.0
2.1659425082259077e-222,1.0,0.0,0.0
2.101929233467105e-222,1.0,0.0,0.0
2.0398078368767127e-222,1.0,0.0,0.0
1.9795224050052546e-222,1.0,0.0,0.0
1.9210186768954078e-222,1.0,0.0,0.0
1.8642439952434826e-222,1.0,0.0,0.0
1.8091472590042944e-222,1.0,0.0,0.0
1.755678877396772e-222,1.0,0.0,0.0
1.703790725268911e-222,1.0,0.0,0.0
1.653436099781888e-222,1.0,0.0,0.0
1.6045696783743525e-222,1.0,0.0,0.0
1.5571474779690644e-222,1.0,0.0,0.0
1.511126815385155e-222,1.0,0.0,0.0
1.4664662689203843e-222,1.0,0.0,0.0
1.4231256410688134e-222,1.0,0.0,0.0
1.3810659223403356e-222,1.0,0.0,0.0
1.340249256149503e-222,1.0,0.0,0.0
1.3006389047420448e-222,1.0,0.0,0.0
1.262199216128409e-222,1.0,0.0,0.0
1.2248955919945655e-222,1.0,0.0,0.0
1.1886944565611884e-222,1.0,0.0,0.0
1.1535632263631886e-222,1.0,0.0,0.0
1.1194702809223967e-222,1.0,0.0,0.0
1.0863849342869977e-222,1.0,0.0,0.0
1.0542774074121042e-222,1.0,0.0,0.0
1.0231188013566058e-222,1.0,0.0,0.0
9.928810712721716e-223,1.0,0.0,0.0
9.635370011609942e-223,1.0,0.0,0.0
9.350601793795553e-223,1.0,0.0,0.0
9.074249748663632e-223,1.0,0.0,0.0
8.806065140722682e-223,1.0,0.0,0.0
8.545806585725892e-223,1.0,0.0,0.0
8.293239833409028e-223,1.0,0.0,0.0
8.048137556649387e-223,1.0,0.0,0.0
7.810279146856035e-223,1.0,0.0,0.0
7.5794505154072e-223,1.0,0.0,0.0
7.355443900956053e-223,1.0,0.0,0.0
7.138057682431479e-223,1.0,0.0,0.0
6.927096197565504e-223,1.0,0.0,0.0
6.722369566784052e-223,1.0,0.0,0.0
6.523693522302505e-223,1.0,0.0,0.0
6.330889242272272e-223,1.0,0.0,0.0
6.143783189829048e-223,1.0,0.0,0.0
5.962206956897928e-223,1.0,0.0,0.0
5.7859971126147726e-223,1.0,0.0,0.0
5.614995056227402e-223,1.0,0.0,0.0
5.449046874344212e-223,1.0,0.0,0.0
5.288003202401738e-223,1.0,0.0,0.0
5.1317190902264646e-223,1.0,0.0,0.0
4.980053871569885e-223,1.0,0.0,0.0
4.832871037499391e-223,1.0,0.0,0.0
4.690038113531013e-223,1.0,0.0,0.0
4.551426540393447e-223,1.0,0.0,0.0
4.416911558316035e-223,1.0,0.0,0.0
4.286372094736549e-223,1.0,0.0,0.0
4.159690655327716e-223,1.0,0.0,0.0
4.036753218244392e-223,1.0,0.0,0.0
3.9174491314962094e-223,1.0,0.0,0.0
3.801671013353313e-223,1.0,0.0,0.0
3.68931465569556e-223,1.0,0.0,0.0
3.580278930218175e-223,1.0,0.0,0.0
3.4744656974094555e-223,1.0,0.0,0.0
3.3717797182185852e-223,1.0,0.0,0.0
3.2721285683340597e-223,1.0,0.0,0.0
3.17542255499557e-223,1.0,0.0,0.0
3.081574636264465e-223,1.0,0.0,0.0
2.9905003426801307e-223,1.0,0.0,0.0
2.9021177012317775e-223,1.0,0.0,0.0
2.816347161577195e-223,1.0,0.0,0.0
2.733111524442079e-223,1.0,0.0,0.0
2.6523358721354694e-223,1.0,0.0,0.0
2.5739475011187774e-223,1.0,0.0,0.0
2.4978758565676904e-223,1.0,0.0,0.0
2.4240524688680702e-223,1.0,0.0,0.0
2.3524108919886797e-223,1.0,0.0,0.0
2.2828866436752677e-223,1.0,0.0,0.0
2.2154171474121913e-223,1.0,0.0,0.0
2.1499416760993267e-223,1.0,0.0,0.0
2.0864012973935807e-223,1.0,0.0,0.0
2.0247388206658057e-223,1.0,0.0,0.0
1.9648987455253734e-223,1.0,0.0,0.0
1.9068272118660764e-223,1.0,0.0,0.0
1.8504719513883987e-223,1.0,0.0,0.0
1.7957822405545187e-223,1.0,0.0,0.0
1.742708854933701e-223,1.0,0.0,0.0
1.6912040248969867e-223,1.0,0.0,0.0
1.6412213926213043e-223,1.0,0.0,0.0
1.5927159703643002e-223,1.0,0.0,0.0
1.5456440999723325e-223,1.0,0.0,0.0
1.4999634135851886e-223,1.0,0.0,0.0
1.45563279550215e-223,1.0,0.0,0.0
1.4126123451750886e-223,1.0,0.0,0.0
1.3708633412952781e-223,1.0,0.0,0.0
1.3303482069416047e-223,1.0,0.0,0.0
1.291030475758801e-223,1.0,0.0,0.0
1.2528747591352661e-223,1.0,0.0,0.0
1.2158467143509259e-223,1.0,0.0,0.0
1.1799130136664683e-223,1.0,0.0,0.0
1.1450413143261267e-223,1.0,0.0,0.0
1.1112002294470195e-223,1.0,0.0,0.0
1.0783592997688352e-223,1.0,0.0,0.0
1.0464889662384435e-223,1.0,0.0,0.0
1.015560543404752e-223,1.0,0.0,0.0
9.855461935998645e-224,1.0,0.0,0.0
9.564189018833014e-224,1.0,0.0,0.0
9.281524517267293e-224,1.0,0.0,0.0
9.00721401417317e-224,1.0,0.0,0.0
8.741010611584761e-224,1.0,0.0,0.0
8.482674708473789e-224,1.0,0.0,0.0
8.231973785092471e-224,1.0,0.0,0.0
7.988682193690072e-224,1.0,0.0,0.0
7.752580955414683e-224,1.0,0.0,0.0
7.523457563217487e-224,1.0,0.0,0.0
7.301105790582068e-224,1.0,0.0,0.0
7.085325505906631e-224,1.0,0.0,0.0
6.875922492372049e-224,1.0,0.0,0.0
6.672708273133623e-224,1.0,0.0,0.0
6.4754999416792e-224,1.0,0.0,0.0
6.2841199972009645e-224,1.0,0.0,0.0
6.098396184832739e-224,1.0,0.0,0.0
5.918161340608972e-224,1.0,0.0,0.0
5.743253241005889e-224,1.0,0.0,0.0
5.573514456929378e-224,1.0,0.0,0.0
5.408792212018171e-224,1.0,0.0,0.0
5.248938245134817e-224,1.0,0.0,0.0
5.093808676920646e-224,1.0,0.0,0.0
4.943263880294638e-224,1.0,0.0,0.0
4.797168354779626e-224,1.0,0.0,0.0
4.655390604542723e-224,1.0,0.0,0.0
4.5178030200401975e-224,1.0,0.0,0.0
4.384281763160272e-224,1.0,0.0,0.0
4.254706655760461e-224,1.0,0.0,0.0
4.128961071499138e-224,1.0,0.0,0.0
4.006931830863953e-224,1.0,0.0,0.0
3.888509099302634e-224,1.0,0.0,0.0
3.7735862883644766e-224,1.0,0.0,0.0
3.6620599597635454e-224,1.0,0.0,0.0
3.5538297322772377e-224,1.0,0.0,0.0
3.448798191396404e-224,1.0,0.0,0.0
3.346870801645718e-224,1.0,0.0,0.0
3.247955821495369e-224,1.0,0.0,0.0
3.1519642207874926e-224,1.0,0.0,0.0
3.0588096006030214e-224,1.0,0.0,0.0
2.9684081154968235e-224,1.0,0.0,0.0
2.880678398031147e-224,1.0,0.0,0.0
2.795541485539431e-224,1.0,0.0,0.0
2.712920749054581e-224,1.0,0.0,0.0
2.632741824337723e-224,1.0,0.0,0.0
2.5549325449453697e-224,1.0,0.0,0.0
2.4794228772747557e-224,1.0,0.0,0.0
2.406144857528861e-224,1.0,0.0,0.0
2.335032530544413e-224,1.0,0.0,0.0
2.266021890427786e-224,1.0,0.0,0.0
2.1990508229453767e-224,1.0,0.0,0.0
2.1340590496166026e-224,1.0,0.0,0.0
2.0709880734592016e-224,1.0,0.0,0.0
2.0097811263379992e-224,1.0,0.0,0.0
1.950383117869756e-224,1.0,0.0,0.0
1.8927405858381046e-224,1.0,0.0,0.0
1.8368016480739472e-224,1.0,0.0,0.0
1.782515955758001e-224,1.0,0.0,0.0
1.7298346481034648e-224,1.0,0.0,0.0
1.6787103083780105e-224,1.0,0.0,0.0
1.6290969212255255e-224,1.0,0.0,0.0
1.580949831249187e-224,1.0,0.0,0.0
1.5342257028185896e-224,1.0,0.0,0.0
1.4888824810647551e-224,1.0,0.0,0.0
1.4448793540279104e-224,1.0,0.0,0.0
1.4021767159239707e-224,1.0,0.0,0.0
1.3607361314966599e-224,1.0,0.0,0.0
1.3205203014231861e-224,1.0,0.0,0.0
1.2814930287423348e-224,1.0,0.0,0.0
1.243619186274759e-224,1.0,0.0,0.0
1.2068646850061494e-224,1.0,0.0,0.0
1.1711964434048183e-224,1.0,0.0,0.0
1.1365823576460905e-224,1.0,0.0,0.0
1.1029912727166938e-224,1.0,0.0,0.0
1.0703929543731437e-224,1.0,0.0,0.0
1.0387580619288848e-224,1.0,0.0,0.0
1.0080581218456922e-224,1.0,0.0,0.0
9.782655021055653e-225,1.0,0.0,0.0
9.49353387340047e-225,1.0,0.0,0.0
9.212957546945825e-225,1.0,0.0,0.0
8.940673504061931e-225,1.0,0.0,0.0
8.676436670733863e-225,1.0,0.0,0.0
8.420009215978397e-225,1.0,0.0,0.0
8.171160337780074e-225,1.0,0.0,0.0
7.929666055353814e-225,1.0,0.0,0.0
7.695309007547089e-225,1.0,0.0,0.0
7.467878257200218e-225,1.0,0.0,0.0
7.247169101288685e-225,1.0,0.0,0.0
7.032982886676605e-225,1.0,0.0,0.0
6.825126831315493e-225,1.0,0.0,0.0
6.62341385072741e-225,1.0,0.0,0.0
6.427662389616304e-225,1.0,0.0,0.0
6.237696258455995e-225,1.0,0.0,0.0
6.053344474907707e-225,1.0,0.0,0.0
5.874441109924423e-225,1.0,0.0,0.0
5.700825138403549e-225,1.0,0.0,0.0
5.53234029425345e-225,1.0,0.0,0.0
5.368834929743421e-225,1.0,0.0,0.0
5.210161879010498e-225,1.0,0.0,0.0
5.0561783256002455e-225,1.0,0.0,0.0
4.9067456739223115e-225,1.0,0.0,0.0
4.761729424505041e-225,1.0,0.0,0.0
4.6209990529368744e-225,1.0,0.0,0.0
4.48442789238557e-225,1.0,0.0,0.0
4.351893019589502e-225,1.0,0.0,0.0
4.223275144218433e-225,1.0,0.0,0.0
4.0984585015041656e-225,1.0,0.0,0.0
3.9773307480444356e-225,1.0,0.0,0.0
3.859782860686269e-225,1.0,0.0,0.0
3.745709038397789e-225,1.0,0.0,0.0
3.6350066070401414e-225,1.0,0.0,0.0
3.527575926953846e-225,1.0,0.0,0.0
3.423320303276377e-225,1.0,0.0,0.0
3.3221458989102553e-225,1.0,0.0,0.0
3.223961650063336e-225,1.0,0.0,0.0
3.1286791842852445e-225,1.0,0.0,0.0
3.036212740926209e-225,1.0,0.0,0.0
2.946479093946685e-225,1.0,0.0,0.0
2.859397477008307e-225,1.0,0.0,0.0
2.7748895107787304e-225,1.0,0.0,0.0
2.6928791323849412e-225,1.0,0.0,0.0
2.613292526951541e-225,1.0,0.0,0.0
2.5360580611623743e-225,1.0,0.0,0.0
2.4611062187857105e-225,1.0,0.0,0.0
2.388369538104943e-225,1.0,0.0,0.0
2.3177825511984922e-225,1.0,0.0,0.0
2.2492817250142574e-225,1.0,0.0,0.0
2.182805404185582e-225,1.0,0.0,0.0
2.1182937555372616e-225,1.0,0.0,0.0
2.05568871423165e-225,1.0,0.0,0.0
1.9949339315063847e-225,1.0,0.0,0.0
1.9359747239566995e-225,1.0,0.0,0.0
1.8787580243166682e-225,1.0,0.0,0.0
1.8232323336950845e-225,1.0,0.0,0.0
1.7693476752229846e-225,1.0,0.0,0.0
1.7170555490710908e-225,1.0,0.0,0.0
1.666308888796694e-225,1.0,0.0,0.0
1.617062018980677e-225,1.0,0.0,0.0
1.5692706141165557e-225,1.0,0.0,0.0
1.5228916587145313e-225,1.0,0.0,0.0
1.477883408584646e-225,1.0,0.0,0.0
1.4342053532641962e-225,1.0,0.0,0.0
1.3918181795555803e-225,1.0,0.0,0.0
1.3506837361417683e-225,1.0,0.0,0.0
1.3107649992475425e-225,1.0,0.0,0.0
1.2720260393155997e-225,1.0,0.0,0.0
1.2344319886675257e-225,1.0,0.0,0.0
1.1979490101205308e-225,1.0,0.0,0.0
1.1625442665317027e-225,1.0,0.0,0.0
1.1281858912423606e-225,1.0,0.0,0.0
1.094842959395912e-225,1.0,0.0,0.0
1.0624854601033954e-225,1.0,0.0,0.0
1.031084269431654e-225,1.0,0.0,0.0
1.0006111241898302e-225,1.0,0.0,0.0
9.710385964905873e-226,1.0,0.0,0.0
9.423400690631587e-226,1.0,0.0,0.0
9.14489711296009e-226,1.0,0.0,0.0
8.87462455987539e-226,1.0,0.0,0.0
8.61233976783913e-226,1.0,0.0,0.0
8.357806662836996e-226,1.0,0.0,0.0
8.110796147896156e-226,1.0,0.0,0.0
7.871085896882528e-226,1.0,0.0,0.0
7.638460154392263e-226,1.0,0.0,0.0
7.412709541557307e-226,1.0,0.0,0.0
7.193630867590299e-226,1.0,0.0,0.0
6.981026946899143e-226,1.0,0.0,0.0
6.774706421606672e-226,1.0,0.0,0.0
6.574483589315639e-226,1.0,0.0,0.0
6.380178235964031e-226,1.0,0.0,0.0
6.191615473620247e-226,1.0,0.0,0.0
6.0086255830721596e-226,1.0,0.0,0.0
5.8310438610683666e-226,1.0,0.0,0.0
5.6587104720741514e-226,1.0,0.0,0.0
5.4914703044087145e-226,1.0,0.0,0.0
5.3291728306341906e-226,1.0,0.0,0.0
5.171671972070795e-226,1.0,0.0,0.0
5.0188259673161584e-226,1.0,0.0,0.0
4.870497244650489e-226,1.0,0.0,0.0
4.726552298212748e-226,1.0,0.0,0.0
4.58686156783636e-226,1.0,0.0,0.0
4.451299322436318e-226,1.0,0.0,0.0
4.319743546842726e-226,1.0,0.0,0.0
4.192075831978907e-226,1.0,0.0,0.0
4.068181268285246e-226,1.0,0.0,0.0
3.947948342292828e-226,1.0,0.0,0.0
3.831268836253791e-226,1.0,0.0,0.0
3.718037730738051e-226,1.0,0.0,0.0
3.608153110108727e-226,1.0,0.0,0.0
3.501516070791186e-226,1.0,0.0,0.0
3.398030632253155e-226,1.0,0.0,0.0
3.2976036506157628e-226,1.0,0.0,0.0
3.2001447348177626e-226,1.0,0.0,0.0
3.105566165257476e-226,1.0,0.0,0.0
3.0137828148392316e-226,1.0,0.0,0.0
2.9247120723532358e-226,1.0,0.0,0.0
2.8382737681199042e-226,1.0,0.0,0.0
2.7543901018317443e-226,1.0,0.0,0.0
2.672985572527824e-226,1.0,0.0,0.0
2.593986910637813e-226,1.0,0.0,0.0
2.517323012034426e-226,1.0,0.0,0.0
2.4429248740349063e-226,1.0,0.0,0.0
2.3707255332939563e-226,1.0,0.0,0.0
2.300660005532207e-226,1.0,0.0,0.0
2.2326652270459805e-226,1.0,0.0,0.0
2.1666799979457014e-226,1.0,0.0,0.0
2.1026449270718647e-226,1.0,0.0,0.0
2.040502378538986e-226,1.0,0.0,0.0
1.9801964198594105e-226,1.0,0.0,0.0
1.921672771600305e-226,1.0,0.0,0.0
1.8648787585284996e-226,1.0,0.0,0.0
1.8097632621992272e-226,1.0,0.0,0.0
1.7562766749460704e-226,1.0,0.0,0.0
1.7043708552307145e-226,1.0,0.0,0.0
1.6539990843123147e-226,1.0,0.0,0.0
1.6051160241974755e-226,1.0,0.0,0.0
1.557677676832997e-226,1.0,0.0,0.0
1.5116413445046578e-226,1.0,0.0,0.0
1.4669655914063904e-226,1.0,0.0,0.0
1.423610206345259e-226,1.0,0.0,0.0
1.3815361665486726e-226,1.0,0.0,0.0
1.3407056025412554e-226,1.0,0.0,0.0
1.301081764059764e-226,1.0,0.0,0.0
1.2626289869753694e-226,1.0,0.0,0.0
1.2253126611935342e-226,1.0,0.0,0.0
1.1890991995025922e-226,1.0,0.0,0.0
1.1539560073429908e-226,1.0,0.0,0.0
1.1198514534699876e-226,1.0,0.0,0.0
1.0867548414833954e-226,1.0,0.0,0.0
1.0546363821987503e-226,1.0,0.0,0.0
1.0234671668350352e-226,1.0,0.0,0.0
9.93219140994826e-227,1.0,0.0,0.0
9.638650794134404e-227,1.0,0.0,0.0
9.353785614543623e-227,1.0,0.0,0.0
9.077339473288859e-227,1.0,0.0,0.0
8.809063550185751e-227,1.0,0.0,0.0
8.54871637879768e-227,1.0,0.0,0.0
8.296063629099683e-227,1.0,0.0,0.0
8.050877896565604e-227,1.0,0.0,0.0
7.812938497488685e-227,1.0,0.0,0.0
7.582031270351329e-227,1.0,0.0,0.0
7.357948383065286e-227,1.0,0.0,0.0
7.140488145908741e-227,1.0,0.0,0.0
6.929454829991955e-227,1.0,0.0,0.0
6.724658491088059e-227,1.0,0.0,0.0
6.525914798670421e-227,1.0,0.0,0.0
6.33304487000274e-227,1.0,0.0,0.0
6.145875109132509e-227,1.0,0.0,0.0
5.964237050642937e-227,1.0,0.0,0.0
5.787967208022711e-227,1.0,0.0,0.0
5.616906926517097e-227,1.0,0.0,0.0
5.450902240327956e-227,1.0,0.0,0.0
5.289803734034134e-227,1.0,0.0,0.0
5.133466408107499e-227,1.0,0.0,0.0
4.981749548403576e-227,1.0,0.0,0.0
4.8345165995093305e-227,1.0,0.0,0.0
4.691635041834067e-227,1.0,0.0,0.0
4.552976272332865e-227,1.0,0.0,0.0
4.418415488755152e-227,1.0,0.0,0.0
4.287831577314261e-227,1.0,0.0,0.0
4.1611070036768426e-227,1.0,0.0,0.0
4.038127707174037e-227,1.0,0.0,0.0
3.9187829981391718e-227,1.0,0.0,0.0
3.802965458279594e-227,1.0,0.0,0.0
3.6905708439929537e-227,1.0,0.0,0.0
3.5814979925409297e-227,1.0,0.0,0.0
3.4756487309959363e-227,1.0,0.0,0.0
3.3729277878788616e-227,1.0,0.0,0.0
3.2732427074083085e-227,1.0,0.0,0.0
3.1765037662841515e-227,1.0,0.0,0.0
3.0826238929305084e-227,1.0,0.0,0.0
2.9915185891254503e-227,1.0,0.0,0.0
2.903105853946894e-227,1.0,0.0,0.0
2.8173061099662435e-227,1.0,0.0,0.0
2.734042131623327e-227,1.0,0.0,0.0
2.653238975718188e-227,1.0,0.0,0.0
2.5748239139571396e-227,1.0,0.0,0.0
2.4987263674924006e-227,1.0,0.0,0.0
2.4248778433963613e-227,1.0,0.0,0.0
2.353211873013331e-227,1.0,0.0,0.0
2.283663952133259e-227,1.0,0.0,0.0
2.216171482933595e-227,1.0,0.0,0.0
2.150673717637022e-227,1.0,0.0,0.0
2.0871117038343563e-227,1.0,0.0,0.0
2.0254282314234037e-227,1.0,0.0,0.0
1.9655677811160036e-227,1.0,0.0,0.0
1.907476474466923e-227,1.0,0.0,0.0
1.8511020253796213e-227,1.0,0.0,0.0
1.7963936930452328e-227,1.0,0.0,0.0
1.7433022362724145e-227,1.0,0.0,0.0
1.691779869166952e-227,1.0,0.0,0.0
1.6417802181212281e-227,1.0,0.0,0.0
1.5932582800748465e-227,1.0,0.0,0.0
1.5461703820088414e-227,1.0,0.0,0.0
1.5004741416370117e-227,1.0,0.0,0.0
1.4561284292590027e-227,1.0,0.0,0.0
1.4130933307408022e-227,1.0,0.0,0.0
1.3713301115893228e-227,1.0,0.0,0.0
1.3308011820887475e-227,1.0,0.0,0.0
1.2914700634672455e-227,1.0,0.0,0.0
1.2533013550636174e-227,1.0,0.0,0.0
1.2162607024643105e-227,1.0,0.0,0.0
1.1803147665821277e-227,1.0,0.0,0.0
1.1454311936487996e-227,1.0,0.0,0.0
1.1115785860944089e-227,1.0,0.0,0.0
1.078726474287459e-227,1.0,0.0,0.0
1.0468452891101486e-227,1.0,0.0,0.0
1.0159063353441712e-227,1.0,0.0,0.0
9.858817658430807e-228,1.0,0.0,0.0
9.56744556467981e-228,1.0,0.0,0.0
9.284684817639768e-228,1.0,0.0,0.0
9.010280913554946e-228,1.0,0.0,0.0
8.743986870392268e-228,1.0,0.0,0.0
8.485563005540817e-228,1.0,0.0,0.0
8.234776720081312e-228,1.0,0.0,0.0
7.991402289431384e-228,1.0,0.0,0.0
7.755220660178212e-228,1.0,0.0,0.0
7.526019252915672e-228,1.0,0.0,0.0
7.303591770908525e-228,1.0,0.0,0.0
7.087738014411433e-228,1.0,0.0,0.0
6.878263700475668e-228,1.0,0.0,0.0
6.674980288081359e-228,1.0,0.0,0.0
6.477704808437844e-228,1.0,0.0,0.0
6.286259700299405e-228,1.0,0.0,0.0
6.100472650148171e-228,1.0,0.0,0.0
5.920176437100318e-228,1.0,0.0,0.0
5.745208782395992e-228,1.0,0.0,0.0
5.575412203337466e-228,1.0,0.0,0.0
5.410633871544091e-228,1.0,0.0,0.0
5.2507254753964345e-228,1.0,0.0,0.0
5.095543086545816e-228,1.0,0.0,0.0
4.944947030369077e-228,1.0,0.0,0.0
4.798801760251996e-228,1.0,0.0,0.0
4.6569757355881884e-228,1.0,0.0,0.0
4.519341303383679e-228,1.0,0.0,0.0
4.3857745833605946e-228,1.0,0.0,0.0
4.2561553564565564e-228,1.0,0.0,0.0
4.130366956619405e-228,1.0,0.0,0.0
4.0082961657998813e-228,1.0,0.0,0.0
3.8898331120477446e-228,1.0,0.0,0.0
3.7748711706195975e-228,1.0,0.0,0.0
3.663306868009423e-228,1.0,0.0,0.0
3.555039788815445e-228,1.0,0.0,0.0
3.449972485359491e-228,1.0,0.0,0.0
3.348010389977506e-228,1.0,0.0,0.0
3.249061729902266e-228,1.0,0.0,0.0
3.153037444661703e-228,1.0,0.0,0.0
3.0598511059184625e-228,1.0,0.0,0.0
2.96941883967857e-228,1.0,0.0,0.0
2.881659250799175e-228,1.0,0.0,0.0
2.796493349727431e-228,1.0,0.0,0.0
2.7138444814045623e-228,1.0,0.0,0.0
2.6336382562711424e-228,1.0,0.0,0.0
2.5558024833114682e-228,1.0,0.0,0.0
2.480267105076773e-228,1.0,0.0,0.0
2.4069641346287963e-228,1.0,0.0,0.0
2.3358275943469488e-228,1.0,0.0,0.0
2.2667934565440034e-228,1.0,0.0,0.0
2.1997995858368527e-228,1.0,0.0,0.0
2.1347856832204736e-228,1.0,0.0,0.0
2.071693231794751e-228,1.0,0.0,0.0
2.0104654440953193e-228,1.0,0.0,0.0
1.951047210981013e-228,1.0,0.0,0.0
1.893385052031918e-228,1.0,0.0,0.0
1.837427067413386e-228,1.0,0.0,0.0
1.7831228911626805e-228,1.0,0.0,0.0
1.7304236458562105e-228,1.0,0.0,0.0
1.6792818986165514e-228,1.0,0.0,0.0
1.6296516184196525e-228,1.0,0.0,0.0
1.581488134663811e-228,1.0,0.0,0.0
1.5347480969631142e-228,1.0,0.0,0.0
1.4893894361291662e-228,1.0,0.0,0.0
1.44537132630598e-228,1.0,0.0,0.0
1.4026541482239524e-228,1.0,0.0,0.0
1.361199453539845e-228,1.0,0.0,0.0
1.3209699302306833e-228,1.0,0.0,0.0
1.2819293690104157e-228,1.0,0.0,0.0
1.2440426307391136e-228,1.0,0.0,0.0
1.2072756147953734e-228,1.0,0.0,0.0
1.1715952283834554e-228,1.0,0.0,0.0
1.1369693567475356e-228,1.0,0.0,0.0
1.1033668342662564e-228,1.0,0.0,0.0
1.0707574164015648e-228,1.0,0.0,0.0
1.0391117524765876e-228,1.0,0.0,0.0
1.00840135925804e-228,1.0,0.0,0.0
9.78598595319394e-229,1.0,0.0,0.0
9.496766361617295e-229,1.0,0.0,0.0
9.216094500698742e-229,1.0,0.0,0.0
8.943717746821029e-229,1.0,0.0,0.0
8.679390942523081e-229,1.0,0.0,0.0
8.422876175841727e-229,1.0,0.0,0.0
8.173942566174884e-229,1.0,0.0,0.0
7.93236605647343e-229,1.0,0.0,0.0
7.69792921157474e-229,1.0,0.0,0.0
7.470421022496366e-229,1.0,0.0,0.0
7.249636716513706e-229,1.0,0.0,0.0
7.035377572850741e-229,1.0,0.0,0.0
6.827450743817917e-229,1.0,0.0,0.0
6.625669081236214e-229,1.0,0.0,0.0
6.42985096799115e-229,1.0,0.0,0.0
6.239820154565125e-229,1.0,0.0,0.0
6.0554056004009595e-229,1.0,0.0,0.0
5.876441319953849e-229,1.0,0.0,0.0
5.702766233293168e-229,1.0,0.0,0.0
5.5342240211196656e-229,1.0,0.0,0.0
5.370662984067545e-229,1.0,0.0,0.0
5.211935906164796e-229,1.0,0.0,0.0
5.057899922328885e-229,1.0,0.0,0.0
4.908416389778539e-229,1.0,0.0,0.0
4.763350763245882e-229,1.0,0.0,0.0
4.62257247387662e-229,1.0,0.0,0.0
4.485954811709254e-229,1.0,0.0,0.0
4.353374811627568e-229,1.0,0.0,0.0
4.224713142683721e-229,1.0,0.0,0.0
4.099854000692344e-229,1.0,0.0,0.0
3.978685003998955e-229,1.0,0.0,0.0
3.861097092328887e-229,1.0,0.0,0.0
3.7469844286256794e-229,1.0,0.0,0.0
3.6362443037905865e-229,1.0,0.0,0.0
3.528777044237453e-229,1.0,0.0,0.0
3.424485922179762e-229,1.0,0.0,0.0
3.3232770685691e-229,1.0,0.0,0.0
3.2250593886066756e-229,1.0,0.0,0.0
3.129744479751854e-229,1.0,0.0,0.0
3.037246552153904e-229,1.0,0.0,0.0
2.9474823514353428e-229,1.0,0.0,0.0
2.860371083757376e-229,1.0,0.0,0.0
2.7758343430999928e-229,1.0,0.0,0.0
2.6937960406912533e-229,1.0,0.0,0.0
2.61418233652226e-229,1.0,0.0,0.0
2.5369215728861668e-229,1.0,0.0,0.0
2.461944209881406e-229,1.0,0.0,0.0
2.389182762821083e-229,1.0,0.0,0.0
2.318571741492206e-229,1.0,0.0,0.0
2.2500475912100705e-229,1.0,0.0,0.0
2.183548635614759e-229,1.0,0.0,0.0
2.1190150211582487e-229,1.0,0.0,0.0
2.0563886632321843e-229,1.0,0.0,0.0
1.995613193887806e-229,1.0,0.0,0.0
1.936633911100994e-229,1.0,0.0,0.0
1.879397729536754e-229,1.0,0.0,0.0
1.8238531327688337e-229,1.0,0.0,0.0
1.7699501269114607e-229,1.0,0.0,0.0
1.7176401956214725e-229,1.0,0.0,0.0
1.6668762564303342e-229,1.0,0.0,0.0
1.6176126183667377e-229,1.0,0.0,0.0
1.5698049408316438e-229,1.0,0.0,0.0
1.5234101936887517e-229,1.0,0.0,0.0
1.4783866185344717e-229,1.0,0.0,0.0
1.4346936911125429e-229,1.0,0.0,0.0
1.3922920848394693e-229,1.0,0.0,0.0
1.3511436354079392e-229,1.0,0.0,0.0
1.311211306436373e-229,1.0,0.0,0.0
1.2724591561336807e-229,1.0,0.0,0.0
1.2348523049492243e-229,1.0,0.0,0.0
1.1983569041788677e-229,1.0,0.0,0.0
1.162940105498859e-229,1.0,0.0,0.0
1.1285700314001216e-229,1.0,0.0,0.0
1.0952157464963454e-229,1.0,0.0,0.0
1.0628472296800506e-229,1.0,0.0,0.0
1.0314353471015655e-229,1.0,0.0,0.0
1.0009518259465952e-229,1.0,0.0,0.0
9.713692289887807e-230,1.0,0.0,0.0
9.426609298943433e-230,1.0,0.0,0.0
9.148010892565873e-230,1.0,0.0,0.0
8.877646313386904e-230,1.0,0.0,0.0
8.615272215038473e-230,1.0,0.0,0.0
8.360652443124556e-230,1.0,0.0,0.0
8.113557822666251e-230,1.0,0.0,0.0
7.873765951828837e-230,1.0,0.0,0.0
7.641061001745113e-230,1.0,0.0,0.0
7.415233522254846e-230,1.0,0.0,0.0
7.196080253385496e-230,1.0,0.0,0.0
6.983403942404522e-230,1.0,0.0,0.0
6.777013166278611e-230,1.0,0.0,0.0
6.576722159380025e-230,1.0,0.0,0.0
6.382350646285001e-230,1.0,0.0,0.0
6.193723679513705e-230,1.0,0.0,0.0
6.010671482065691e-230,1.0,0.0,0.0
5.8330292946091435e-230,1.0,0.0,0.0
5.660637227186356e-230,1.0,0.0,0.0
5.493340115301984e-230,1.0,0.0,0.0
5.330987380264521e-230,1.0,0.0,0.0
5.173432893655317e-230,1.0,0.0,0.0
5.020534845803141e-230,1.0,0.0,0.0
4.872155618145903e-230,1.0,0.0,0.0
4.728161659364663e-230,1.0,0.0,0.0
4.588423365178425e-230,1.0,0.0,0.0
4.452814961691548e-230,1.0,0.0,0.0
4.32121439218874e-230,1.0,0.0,0.0
4.193503207275784e-230,1.0,0.0,0.0
4.069566458267085e-230,1.0,0.0,0.0
3.9492925937240986e-230,1.0,0.0,0.0
3.8325733590515047e-230,1.0,0.0,0.0
3.719303699060768e-230,1.0,0.0,0.0
3.6093816634133768e-230,1.0,0.0,0.0
3.5027083148586574e-230,1.0,0.0,0.0
3.399187640183573e-230,1.0,0.0,0.0
3.29872646379435e-230,1.0,0.0,0.0
3.201234363852158e-230,1.0,0.0,0.0
3.106623590887349e-230,1.0,0.0,0.0
3.014808988819015e-230,1.0,0.0,0.0
2.925707918308767e-230,1.0,0.0,0.0
2.839240182379753e-230,1.0,0.0,0.0
2.755327954233967e-230,1.0,0.0,0.0
2.673895707202878e-230,1.0,0.0,0.0
2.5948701467683304e-230,1.0,0.0,0.0
2.5181801445925334e-230,1.0,0.0,0.0
2.443756674497753e-230,1.0,0.0,0.0
2.371532750338097e-230,1.0,0.0,0.0
2.30144336570746e-230,1.0,0.0,0.0
2.2334254354293724e-230,1.0,0.0,0.0
2.167417738776084e-230,1.0,0.0,0.0
2.1033608643657745e-230,1.0,0.0,0.0
2.0411971566883056e-230,1.0,0.0,0.0
1.980870664211365e-230,1.0,0.0,0.0
1.9223270890203152e-230,1.0,0.0,0.0
1.8655137379464035e-230,1.0,0.0,0.0
1.810379475139355e-230,1.0,0.0,0.0
1.7568746760416564e-230,1.0,0.0,0.0
1.7049511827231035e-230,1.0,0.0,0.0
1.6545622605354161e-230,1.0,0.0,0.0
1.6056625560478984e-230,1.0,0.0,0.0
1.5582080562262918e-230,1.0,0.0,0.0
1.512156048818074e-230,1.0,0.0,0.0
1.4674650839085466e-230,1.0,0.0,0.0
1.424094936613118e-230,1.0,0.0,0.0
1.3820065708721897e-230,1.0,0.0,0.0
1.3411621043160696e-230,1.0,0.0,0.0
1.3015247741682813e-230,1.0,0.0,0.0
1.263058904156586e-230,1.0,0.0,0.0
1.2257298724019283e-230,1.0,0.0,0.0
1.1895040802564086e-230,1.0,0.0,0.0
1.1543489220622334e-230,1.0,0.0,0.0
1.1202327558044211e-230,1.0,0.0,0.0
1.087124874630855e-230,1.0,0.0,0.0
1.0549954792140418e-230,1.0,0.0,0.0
1.0238156509297079e-230,1.0,0.0,0.0
9.93557325828084e-231,1.0,0.0,0.0
9.641932693744577e-231,1.0,0.0,0.0
9.356970519362531e-231,1.0,0.0,0.0
9.080430249945786e-231,1.0,0.0,0.0
8.812062980588284e-231,1.0,0.0,0.0
8.551627162635614e-231,1.0,0.0,0.0
8.298888386274916e-231,1.0,0.0,0.0
8.053619169550238e-231,1.0,0.0,0.0
7.815598753613412e-231,1.0,0.0,0.0
7.584612904026203e-231,1.0,0.0,0.0
7.360453717934847e-231,1.0,0.0,0.0
7.142919436943453e-231,1.0,0.0,0.0
6.931814265517839e-231,1.0,0.0,0.0
6.726948194756325e-231,1.0,0.0,0.0
6.5281368313689e-231,1.0,0.0,0.0
6.335201231710826e-231,1.0,0.0,0.0
6.14796774072127e-231,1.0,0.0,0.0
5.966267835622035e-231,1.0,0.0,0.0
5.789937974235683e-231,1.0,0.0,0.0
5.61881944778654e-231,1.0,0.0,0.0
5.45275823805209e-231,1.0,0.0,0.0
5.29160487873617e-231,1.0,0.0,0.0
5.1352143209392265e-231,1.0,0.0,0.0
4.983445802604511e-231,1.0,0.0,0.0
4.836162721822732e-231,1.0,0.0,0.0
4.693232513881114e-231,1.0,0.0,0.0
4.554526531946212e-231,1.0,0.0,0.0
4.419919931273078e-231,1.0,0.0,0.0
4.2892915568365654e-231,1.0,0.0,0.0
4.162523834283629e-231,1.0,0.0,0.0
4.039502664108473e-231,1.0,0.0,0.0
3.9201173189552933e-231,1.0,0.0,0.0
3.8042603439561883e-231,1.0,0.0,0.0
3.6918274600145215e-231,1.0,0.0,0.0
3.582717469946699e-231,1.0,0.0,0.0
3.476832167397874e-231,1.0,0.0,0.0
3.3740762484495994e-231,1.0,0.0,0.0
3.2743572258398696e-231,1.0,0.0,0.0
3.177585345718341e-231,1.0,0.0,0.0
3.083673506861814e-231,1.0,0.0,0.0
2.9925371822772475e-231,1.0,0.0,0.0
2.9040943431217644e-231,1.0,0.0,0.0
2.8182653848711565e-231,1.0,0.0,0.0
2.7349730556704385e-231,1.0,0.0,0.0
2.654142386801967e-231,1.0,0.0,0.0
2.575700625208534e-231,1.0,0.0,0.0
2.4995771680107042e-231,1.0,0.0,0.0
2.4257034989594616e-231,1.0,0.0,0.0
2.3540131267669573e-231,1.0,0.0,0.0
2.2844415252598664e-231,1.0,0.0,0.0
2.216926075301475e-231,1.0,0.0,0.0
2.1514060084302327e-231,1.0,0.0,0.0
2.0878223521640342e-231,1.0,0.0,0.0
2.0261178769210063e-231,1.0,0.0,0.0
1.9662370445090226e-231,1.0,0.0,0.0
1.9081259581375812e-231,1.0,0.0,0.0
1.8517323139070553e-231,1.0,0.0,0.0
1.7970053537316548e-231,1.0,0.0,0.0
1.7438958196537232e-231,1.0,0.0,0.0
1.6923559095082513e-231,1.0,0.0,0.0
1.6423392338977015e-231,1.0,0.0,0.0
1.593800774438421e-231,1.0,0.0,0.0
1.5466968432410568e-231,1.0,0.0,0.0
1.5009850435885075e-231,1.0,0.0,0.0
1.4566242317760163e-231,1.0,0.0,0.0
1.4135744800790596e-231,1.0,0.0,0.0
1.3717970408157018e-231,1.0,0.0,0.0
1.3312543114710643e-231,1.0,0.0,0.0
1.2919098008525257e-231,1.0,0.0,0.0
1.2537280962451854e-231,1.0,0.0,0.0
1.2166748315380303e-231,1.0,0.0,0.0
1.1807166562921152e-231,1.0,0.0,0.0
1.145821205722917e-231,1.0,0.0,0.0
1.1119570715698448e-231,1.0,0.0,0.0
1.0790937738266849e-231,1.0,0.0,0.0
1.0472017333075389e-231,1.0,0.0,0.0
1.0162522450235598e-231,1.0,0.0,0.0
9.862174523465243e-232,1.0,0.0,0.0
9.570703219359881e-232,1.0,0.0,0.0
9.287846194074543e-232,1.0,0.0,0.0
9.013348857196576e-232,1.0,0.0,0.0
8.746964142597084e-232,1.0,0.0,0.0
8.488452286054738e-232,1.0,0.0,0.0
8.237580609451799e-232,1.0,0.0,0.0
7.994123311348102e-232,1.0,0.0,0.0
7.757861263744525e-232,1.0,0.0,0.0
7.528581814853006e-232,1.0,0.0,0.0
7.30607859769557e-232,1.0,0.0,0.0
7.090151344360128e-232,1.0,0.0,0.0
6.880605705745844e-232,1.0,0.0,0.0
6.67725307663582e-232,1.0,0.0,0.0
6.479910425939679e-232,1.0,0.0,0.0
6.288400131953222e-232,1.0,0.0,0.0
6.102549822486916e-232,1.0,0.0,0.0
5.922192219719282e-232,1.0,0.0,0.0
5.7471649896355755e-232,1.0,0.0,0.0
5.5773105959162096e-232,1.0,0.0,0.0
5.412476158143437e-232,1.0,0.0,0.0
5.252513314198658e-232,1.0,0.0,0.0
5.0972780867264974e-232,1.0,0.0,0.0
4.9466307535454744e-232,1.0,0.0,0.0
4.8004357218886026e-232,1.0,0.0,0.0
4.6585614063607516e-232,1.0,0.0,0.0
4.52088011050291e-232,1.0,0.0,0.0
4.3872679118567556e-232,1.0,0.0,0.0
4.257604550426078e-232,1.0,0.0,0.0
4.131773320434664e-232,1.0,0.0,0.0
4.009660965283227e-232,1.0,0.0,0.0
3.891157575610822e-232,1.0,0.0,0.0
3.7761564903689996e-232,1.0,0.0,0.0
3.664554200819671e-232,1.0,0.0,0.0
3.55625025737025e-232,1.0,0.0,0.0
3.451147179162247e-232,1.0,0.0,0.0
3.349150366331914e-232,1.0,0.0,0.0
3.2501680148639816e-232,1.0,0.0,0.0
3.1541110339618548e-232,1.0,0.0,0.0
3.0608929658598765e-232,1.0,0.0,0.0
2.9704299080055085e-232,1.0,0.0,0.0
2.882640437541369e-232,1.0,0.0,0.0
2.7974455380191674e-232,1.0,0.0,0.0
2.7147685282795666e-232,1.0,0.0,0.0
2.634534993433966e-232,1.0,0.0,0.0
2.5566727178860782e-232,1.0,0.0,0.0
2.481111620333018e-232,1.0,0.0,0.0
2.407783690687403e-232,1.0,0.0,0.0
2.3366229288636817e-232,1.0,0.0,0.0
2.2675652853736036e-232,1.0,0.0,0.0
2.200548603677358e-232,1.0,0.0,0.0
2.1355125642384912e-232,1.0,0.0,0.0
2.0723986302322534e-232,1.0,0.0,0.0
2.0111499948585082e-232,1.0,0.0,0.0
1.951711530211775e-232,1.0,0.0,0.0
1.8940297376623952e-232,1.0,0.0,0.0
1.8380526997041553e-232,1.0,0.0,0.0
1.7837300332250278e-232,1.0,0.0,0.0
1.731012844158967e-232,1.0,0.0,0.0
1.6798536834779543e-232,1.0,0.0,0.0
1.630206504484667e-232,1.0,0.0,0.0
1.5820266213673445e-232,1.0,0.0,0.0
1.535270668979542e-232,1.0,0.0,0.0
1.489896563808571e-232,1.0,0.0,0.0
1.4458634660974997e-232,1.0,0.0,0.0
1.403131743086613e-232,1.0,0.0,0.0
1.361662933341256e-232,1.0,0.0,0.0
1.3214197121339457e-232,1.0,0.0,0.0
1.2823658578495984e-232,1.0,0.0,0.0
1.2444662193836301e-232,1.0,0.0,0.0
1.2076866845035916e-232,1.0,0.0,0.0
1.1719941491458559e-232,1.0,0.0,0.0
1.137356487619727e-232,1.0,0.0,0.0
1.1037425236921513e-232,1.0,0.0,0.0
1.0711220025270019e-232,1.0,0.0,0.0
1.0394655634536852e-232,1.0,0.0,0.0
1.008744713540556e-232,1.0,0.0,0.0
9.789318019493556e-233,1.0,0.0,0.0
9.499999950475917e-233,1.0,0.0,0.0
9.219232522564575e-233,1.0,0.0,0.0
8.946763026125538e-233,1.0,0.0,0.0
8.682346220223164e-233,1.0,0.0,0.0
8.425744111886762e-233,1.0,0.0,0.0
8.17672574190087e-233,1.0,0.0,0.0
7.935066976926353e-233,1.0,0.0,0.0
7.700550307765294e-233,1.0,0.0,0.0
7.472964653588017e-233,1.0,0.0,0.0
7.252105171946108e-233,1.0,0.0,0.0
7.037773074400377e-233,1.0,0.0,0.0
6.829775447597852e-233,1.0,0.0,0.0
6.627925079636742e-233,1.0,0.0,0.0
6.43204029156309e-233,1.0,0.0,0.0
6.241944773847449e-233,1.0,0.0,0.0
6.05746742769441e-233,1.0,0.0,0.0
5.878442211042141e-233,1.0,0.0,0.0
5.704707989113321e-233,1.0,0.0,0.0
5.536108389382966e-233,1.0,0.0,0.0
5.372491660832606e-233,1.0,0.0,0.0
5.213710537364122e-233,1.0,0.0,0.0
5.059622105250325e-233,1.0,0.0,0.0
4.91008767450295e-233,1.0,0.0,0.0
4.764972654042312e-233,1.0,0.0,0.0
4.6241464305562455e-233,1.0,0.0,0.0
4.487482250939313e-233,1.0,0.0,0.0
4.354857108206453e-233,1.0,0.0,0.0
4.226151630778393e-233,1.0,0.0,0.0
4.101249975039171e-233,1.0,0.0,0.0
3.9800397210690625e-233,1.0,0.0,0.0
3.862411771459067e-233,1.0,0.0,0.0
3.7482602531158776e-233,1.0,0.0,0.0
3.637482421968948e-233,1.0,0.0,0.0
3.529978570493898e-233,1.0,0.0,0.0
3.425651937969013e-233,1.0,0.0,0.0
3.324408623384061e-233,1.0,0.0,0.0
3.226157500923048e-233,1.0,0.0,0.0
3.1308101379448335e-233,1.0,0.0,0.0
3.038280715387785e-233,1.0,0.0,0.0
2.948485950526831e-233,1.0,0.0,0.0
2.861345022013387e-233,1.0,0.0,0.0
2.7767794971306866e-233,1.0,0.0,0.0
2.6947132611990454e-233,1.0,0.0,0.0
2.615072449067511e-233,1.0,0.0,0.0
2.5377853786302404e-233,1.0,0.0,0.0
2.462782486307769e-233,1.0,0.0,0.0
2.3899962644350953e-233,1.0,0.0,0.0
2.319361200500222e-233,1.0,0.0,0.0
2.2508137181784786e-233,1.0,0.0,0.0
2.184292120109536e-233,1.0,0.0,0.0
2.1197365323656176e-233,1.0,0.0,0.0
2.057088850560926e-233,1.0,0.0,0.0
1.996292687553772e-233,1.0,0.0,0.0
1.9372933226943422e-233,1.0,0.0,0.0
1.8800376525724219e-233,1.0,0.0,0.0
1.824474143220741e-233,1.0,0.0,0.0
1.770552783730926e-233,1.0,0.0,0.0
1.718225041240307e-233,1.0,0.0,0.0
1.6674438172490653e-233,1.0,0.0,0.0
1.6181634052284066e-233,1.0,0.0,0.0
1.5703394494815986e-233,1.0,0.0,0.0
1.523928905220851e-233,1.0,0.0,0.0
1.478889999824102e-233,1.0,0.0,0.0
1.4351821952368383e-233,1.0,0.0,0.0
1.3927661514851102e-233,1.0,0.0,0.0
1.351603691266901e-233,1.0,0.0,0.0
1.3116577655899778e-233,1.0,0.0,0.0
1.2728924204252984e-233,1.0,0.0,0.0
1.2352727643459581e-233,1.0,0.0,0.0
1.1987649371225514e-233,1.0,0.0,0.0
1.1633360792466796e-233,1.0,0.0,0.0
1.1289543023551762e-233,1.0,0.0,0.0
1.0955886605284278e-233,1.0,0.0,0.0
1.063209122436958e-233,1.0,0.0,0.0
1.0317865443112026e-233,1.0,0.0,0.0
1.001292643710153e-233,1.0,0.0,0.0
9.71699974065248e-234,1.0,0.0,0.0
9.429818999766107e-234,1.0,0.0,0.0
9.151125732393911e-234,1.0,0.0,0.0
8.880669095786368e-234,1.0,0.0,0.0
8.618205660717532e-234,1.0,0.0,0.0
8.363499192382296e-234,1.0,0.0,0.0
8.116320437769132e-234,1.0,0.0,0.0
7.876446919316899e-234,1.0,0.0,0.0
7.64366273467003e-234,1.0,0.0,0.0
7.417758362351842e-234,1.0,0.0,0.0
7.19853047318106e-234,1.0,0.0,0.0
6.985781747261834e-234,1.0,0.0,0.0
6.779320696382519e-234,1.0,0.0,0.0
6.578961491663355e-234,1.0,0.0,0.0
6.384523796297941e-234,1.0,0.0,0.0
6.195832603237932e-234,1.0,0.0,0.0
6.012718077674887e-234,1.0,0.0,0.0
5.835015404177479e-234,1.0,0.0,0.0
5.662564638346485e-234,1.0,0.0,0.0
5.495210562854031e-234,1.0,0.0,0.0
5.332802547737519e-234,1.0,0.0,0.0
5.175194414822495e-234,1.0,0.0,0.0
5.0222443061524356e-234,1.0,0.0,0.0
4.873814556306999e-234,1.0,0.0,0.0
4.7297715684938645e-234,1.0,0.0,0.0
4.589985694302603e-234,1.0,0.0,0.0
4.454331117012354e-234,1.0,0.0,0.0
4.3226857383482877e-234,1.0,0.0,0.0
4.194931068584917e-234,1.0,0.0,0.0
4.0709521198973475e-234,1.0,0.0,0.0
3.950637302864475e-234,1.0,0.0,0.0
3.833878326030976e-234,1.0,0.0,0.0
3.720570098437687e-234,1.0,0.0,0.0
3.610610635032651e-234,1.0,0.0,0.0
3.503900964877687e-234,1.0,0.0,0.0
3.400345042067868e-234,1.0,0.0,0.0
3.2998496592837185e-234,1.0,0.0,0.0
3.2023243638983437e-234,1.0,0.0,0.0
3.1076813765639575e-234,1.0,0.0,0.0
3.0158355122045445e-234,1.0,0.0,0.0
2.926704103343544e-234,1.0,0.0,0.0
2.840206925697541e-234,1.0,0.0,0.0
2.7562661259689965e-234,1.0,0.0,0.0
2.6748061517730275e-234,1.0,0.0,0.0
2.5957536836351595e-234,1.0,0.0,0.0
2.519037568998851e-234,1.0,0.0,0.0
2.4445887581833923e-234,1.0,0.0,0.0
2.372340242234532e-234,1.0,0.0,0.0
2.3022269926118947e-234,1.0,0.0,0.0
2.2341859026589075e-234,1.0,0.0,0.0
2.168155730802549e-234,1.0,0.0,0.0
2.1040770454318013e-234,1.0,0.0,0.0
2.0418921714051874e-234,1.0,0.0,0.0
1.9815451381392534e-234,1.0,0.0,0.0
1.9229816292312656e-234,1.0,0.0,0.0
1.86614893357078e-234,1.0,0.0,0.0
1.810995897896089e-234,1.0,0.0,0.0
1.7574728807528304e-234,1.0,0.0,0.0
1.7055317078133307e-234,1.0,0.0,0.0
1.6551256285164568e-234,1.0,0.0,0.0
1.6062092739889572e-234,1.0,0.0,0.0
1.5587386162104137e-234,1.0,0.0,0.0
1.5126709283850512e-234,1.0,0.0,0.0
1.467964746484739e-234,1.0,0.0,0.0
1.424579831928566e-234,1.0,0.0,0.0
1.3824771353654027e-234,1.0,0.0,0.0
1.341618761526849e-234,1.0,0.0,0.0
1.301967935118937e-234,1.0,0.0,0.0
1.2634889677218822e-234,1.0,0.0,0.0
1.2261472256680983e-234,1.0,0.0,0.0
1.1899090988695593e-234,1.0,0.0,0.0
1.1547419705664511e-234,1.0,0.0,0.0
1.1206141879698864e-234,1.0,0.0,0.0
1.0874950337722593e-234,1.0,0.0,0.0
1.0553546984995943e-234,1.0,0.0,0.0
1.0241642536810091e-234,1.0,0.0,0.0
9.938956258111373e-235,1.0,0.0,0.0
9.645215710820795e-235,1.0,0.0,0.0
9.360156508621372e-235,1.0,0.0,0.0
9.083522078992604e-235,1.0,0.0,0.0
8.815063432277886e-235,1.0,0.0,0.0
8.554538937577019e-235,1.0,0.0,0.0
8.30171410526209e-235,1.0,0.0,0.0
8.056361375920973e-235,1.0,0.0,0.0
7.818259915538513e-235,1.0,0.0,0.0
7.587195416731002e-235,1.0,0.0,0.0
7.362959905855072e-235,1.0,0.0,0.0
7.145351555817374e-235,1.0,0.0,0.0
6.934174504416584e-235,1.0,0.0,0.0
6.729238678054194e-235,1.0,0.0,0.0
6.530359620655448e-235,1.0,0.0,0.0
6.337358327646423e-235,1.0,0.0,0.0
6.1500610848378405e-235,1.0,0.0,0.0
5.9682993120705615e-235,1.0,0.0,0.0
5.791909411482074e-235,1.0,0.0,0.0
5.62073262025737e-235,1.0,0.0,0.0
5.454614867731699e-235,1.0,0.0,0.0
5.293406636716575e-235,1.0,0.0,0.0
5.1369628289242086e-235,1.0,0.0,0.0
4.985142634369264e-235,1.0,0.0,0.0
4.837809404630361e-235,1.0,0.0,0.0
4.69483052985728e-235,1.0,0.0,0.0
4.556077319413144e-235,1.0,0.0,0.0
4.421424886044158e-235,1.0,0.0,0.0
4.290752033472656e-235,1.0,0.0,0.0
4.16394114731227e-235,1.0,0.0,0.0
4.040878089207043e-235,1.0,0.0,0.0
3.921452094099209e-235,1.0,0.0,0.0
3.8055556705331626e-235,1.0,0.0,0.0
3.693084503905894e-235,1.0,0.0,0.0
3.583937362576809e-235,1.0,0.0,0.0
3.478016006752419e-235,1.0,0.0,0.0
3.375225100063895e-235,1.0,0.0,0.0
3.275472123757903e-235,1.0,0.0,0.0
3.178667293423485e-235,1.0,0.0,0.0
3.0847234781800215e-235,1.0,0.0,0.0
2.9935561222535674e-235,1.0,0.0,0.0
2.9050831688709435e-235,1.0,0.0,0.0
2.819224986403104e-235,1.0,0.0,0.0
2.7359042966912964e-235,1.0,0.0,0.0
2.6550461054915033e-235,1.0,0.0,0.0
2.576577634974561e-235,1.0,0.0,0.0
2.5004282582212005e-235,1.0,0.0,0.0
2.426529435653056e-235,1.0,0.0,0.0
2.3548146533424162e-235,1.0,0.0,0.0
2.285219363145202e-235,1.0,0.0,0.0
2.2176809246032807e-235,1.0,0.0,0.0
2.1521385485638242e-235,1.0,0.0,0.0
2.0885332424649705e-235,1.0,0.0,0.0
2.0268077572385365e-235,1.0,0.0,0.0
1.966906535781992e-235,1.0,0.0,0.0
1.9087756629533187e-235,1.0,0.0,0.0
1.8523628170437437e-235,1.0,0.0,0.0
1.7976172226846692e-235,1.0,0.0,0.0
1.7444896051464167e-235,1.0,0.0,0.0
1.692932145987641e-235,1.0,0.0,0.0
1.6428984400155093e-235,1.0,0.0,0.0
1.594343453517893e-235,1.0,0.0,0.0
1.5472234837299901e-235,1.0,0.0,0.0
1.5014961194988848e-235,1.0,0.0,0.0
1.4571202031106491e-235,1.0,0.0,0.0
1.4140557932456222e-235,1.0,0.0,0.0
1.3722641290285276e-235,1.0,0.0,0.0
1.3317075951410684e-235,1.0,0.0,0.0
1.2923496879656031e-235,1.0,0.0,0.0
1.2541549827294256e-235,1.0,0.0,0.0
1.2170891016200795e-235,1.0,0.0,0.0
1.181118682843006e-235,1.0,0.0,0.0
1.146211350593678e-235,1.0,0.0,0.0
1.1123356859171901e-235,1.0,0.0,0.0
1.07946119842908e-235,1.0,0.0,0.0
1.0475582988719232e-235,1.0,0.0,0.0
1.0165982724830054e-235,1.0,0.0,0.0
9.865532531490982e-236,1.0,0.0,0.0
9.573961983250755e-236,1.0,0.0,0.0
9.291008646937988e-236,1.0,0.0,0.0
9.016417845453601e-236,1.0,0.0,0.0
8.749942428544245e-236,1.0,0.0,0.0
8.491342550350392e-236,1.0,0.0,0.0
8.24038545352887e-236,1.0,0.0,0.0
7.99684525975556e-236,1.0,0.0,0.0
7.760502766419643e-236,1.0,0.0,0.0
7.531145249326462e-236,1.0,0.0,0.0
7.3085662712313955e-236,1.0,0.0,0.0
7.0925654960324e-236,1.0,0.0,0.0
6.882948508453995e-236,1.0,0.0,0.0
6.679526639060404e-236,1.0,0.0,0.0
6.482116794440317e-236,1.0,0.0,0.0
6.290541292410472e-236,1.0,0.0,0.0
6.1046277020896945e-236,1.0,0.0,0.0
5.9242086886994695e-236,1.0,0.0,0.0
5.749121862951344e-236,1.0,0.0,0.0
5.5792096348856125e-236,1.0,0.0,0.0
5.414319072029711e-236,1.0,0.0,0.0
5.254301761748678e-236,1.0,0.0,0.0
5.099013677663761e-236,1.0,0.0,0.0
4.948315050018959e-236,1.0,0.0,0.0
4.8020702398788066e-236,1.0,0.0,0.0
4.660147617044179e-236,1.0,0.0,0.0
4.522419441576229e-236,1.0,0.0,0.0
4.38876174882182e-236,1.0,0.0,0.0
4.259054237836975e-236,1.0,0.0,0.0
4.133180163107903e-236,1.0,0.0,0.0
4.01102622947216e-236,1.0,0.0,0.0
3.892482490145361e-236,1.0,0.0,0.0
3.777442247761644e-236,1.0,0.0,0.0
3.6658019583388486e-236,1.0,0.0,0.0
3.557461138081939e-236,1.0,0.0,0.0
3.452322272940809e-236,1.0,0.0,0.0
3.350290730841057e-236,1.0,0.0,0.0
3.251274676508727e-236,1.0,0.0,0.0
3.15518498881237e-236,1.0,0.0,0.0
3.0619351805480086e-236,1.0,0.0,0.0
2.971441320594815e-236,1.0,0.0,0.0
2.8836219583714405e-236,1.0,0.0,0.0
2.798398050524993e-236,1.0,0.0,0.0
2.715692889786686e-236,1.0,0.0,0.0
2.63543203593012e-236,1.0,0.0,0.0
2.5575432487700546e-236,1.0,0.0,0.0
2.4819564231413646e-236,1.0,0.0,0.0
2.4086035257996625e-236,1.0,0.0,0.0
2.3374185341867853e-236,1.0,0.0,0.0
2.2683373770060376e-236,1.0,0.0,0.0
2.2012978765536993e-236,1.0,0.0,0.0
2.1362396927548964e-236,1.0,0.0,0.0
2.0731042688534613e-236,1.0,0.0,0.0
2.0118347787069006e-236,1.0,0.0,0.0
1.9523760756390314e-236,1.0,0.0,0.0
1.8946746428042504e-236,1.0,0.0,0.0
1.838678545018761e-236,1.0,0.0,0.0
1.784337382015405e-236,1.0,0.0,0.0
1.7316022430800174e-236,1.0,0.0,0.0
1.680425663028485e-236,1.0,0.0,0.0
1.6307615794848757e-236,1.0,0.0,0.0
1.5825652914221932e-236,1.0,0.0,0.0
1.5357934189284347e-236,1.0,0.0,0.0
1.4904038641617422e-236,1.0,0.0,0.0
1.4463557734595045e-236,1.0,0.0,0.0
1.403609500567303e-236,1.0,0.0,0.0
1.3621265709546072e-236,1.0,0.0,0.0
1.321869647185101e-236,1.0,0.0,0.0
1.2828024953104695e-236,1.0,0.0,0.0
1.2448899522574005e-236,1.0,0.0,0.0
1.208097894178445e-236,1.0,0.0,0.0
1.1723932057382521e-236,1.0,0.0,0.0
1.1377437503075317e-236,1.0,0.0,0.0
1.1041183410379192e-236,1.0,0.0,0.0
1.0714867127917082e-236,1.0,0.0,0.0
1.039819494901182e-236,1.0,0.0,0.0
1.0090881847330332e-236,1.0,0.0,0.0
9.792651220340669e-237,1.0,0.0,0.0
9.50323464035109e-237,1.0,0.0,0.0
9.222371612907002e-237,1.0,0.0,0.0
8.949809342328385e-237,1.0,0.0,0.0
8.685302504176607e-237,1.0,0.0,0.0
8.428613024445878e-237,1.0,0.0,0.0
8.179509865280583e-237,1.0,0.0,0.0
7.937768817025605e-237,1.0,0.0,0.0
7.703172296422518e-237,1.0,0.0,0.0
7.475509150769965e-237,1.0,0.0,0.0
7.254574467871967e-237,1.0,0.0,0.0
7.040169391603133e-237,1.0,0.0,0.0
6.832100942924715e-237,1.0,0.0,0.0
6.630181846190453e-237,1.0,0.0,0.0
6.434230360585855e-237,1.0,0.0,0.0
6.244070116549194e-237,1.0,0.0,0.0
6.059529957027008e-237,1.0,0.0,0.0
5.88044378342119e-237,1.0,0.0,0.0
5.706650406089046e-237,1.0,0.0,0.0
5.537993399261738e-237,1.0,0.0,0.0
5.374320960250534e-237,1.0,0.0,0.0
5.215485772814142e-237,1.0,0.0,0.0
5.061344874564151e-237,1.0,0.0,0.0
4.911759528289235e-237,1.0,0.0,0.0
4.7665950970822954e-237,1.0,0.0,0.0
4.625720923158161e-237,1.0,0.0,0.0
4.489010210252764e-237,1.0,0.0,0.0
4.3563399094979436e-237,1.0,0.0,0.0
4.227590608669159e-237,1.0,0.0,0.0
4.102646424706429e-237,1.0,0.0,0.0
3.981394899411759e-237,1.0,0.0,0.0
3.863726898229173e-237,1.0,0.0,0.0
3.7495365120162414e-237,1.0,0.0,0.0
3.6387209617187147e-237,1.0,0.0,0.0
3.5311805058624315e-237,1.0,0.0,0.0
3.4268183507792625e-237,1.0,0.0,0.0
3.325540563486276e-237,1.0,0.0,0.0
3.227255987139715e-237,1.0,0.0,0.0
3.131876158987684e-237,1.0,0.0,0.0
3.039315230747703e-237,1.0,0.0,0.0
2.9494898913374584e-237,1.0,0.0,0.0
2.8623192918892095e-237,1.0,0.0,0.0
2.777724972980346e-237,1.0,0.0,0.0
2.6956307940146164e-237,1.0,0.0,0.0
2.6159628646904505e-237,1.0,0.0,0.0
2.5386494784947033e-237,1.0,0.0,0.0
2.4636210481619515e-237,1.0,0.0,0.0
2.3908100430412595e-237,1.0,0.0,0.0
2.3201509283140354e-237,1.0,0.0,0.0
2.251580106008272e-237,1.0,0.0,0.0
2.185035857756079e-237,1.0,0.0,0.0
2.1204582892429874e-237,1.0,0.0,0.0
2.0577892762990224e-237,1.0,0.0,0.0
1.9969724125830312e-237,1.0,0.0,0.0
1.937952958813165e-237,1.0,0.0,0.0
1.880677793497834e-237,1.0,0.0,0.0
1.8250953651227778e-237,1.0,0.0,0.0
1.7711556457512252e-237,1.0,0.0,0.0
1.7188100859953735e-237,1.0,0.0,0.0
1.6680115713186637e-237,1.0,0.0,0.0
1.618714379629517e-237,1.0,0.0,0.0
1.570874140128367e-237,1.0,0.0,0.0
1.5244477933709452e-237,1.0,0.0,0.0
1.4793935525118766e-237,1.0,0.0,0.0
1.4356708656936966e-237,1.0,0.0,0.0
1.3932403795474443e-237,1.0,0.0,0.0
1.352063903771972e-237,1.0,0.0,0.0
1.3121043767601e-237,1.0,0.0,0.0
1.2733258322406663e-237,1.0,0.0,0.0
1.2356933669064563e-237,1.0,0.0,0.0
1.1991731089988705e-237,1.0,0.0,0.0
1.1637321878210558e-237,1.0,0.0,0.0
1.1293387041520598e-237,1.0,0.0,0.0
1.095961701535379e-237,1.0,0.0,0.0
1.0635711384160591e-237,1.0,0.0,0.0
1.0321378611012677e-237,1.0,0.0,0.0
1.0016335775200031e-237,1.0,0.0,0.0
9.720308317583213e-238,1.0,0.0,0.0
9.433029793471606e-238,1.0,0.0,0.0
9.154241632805206e-238,1.0,0.0,0.0
8.88369290742412e-238,1.0,0.0,0.0
8.621140105216291e-238,1.0,0.0,0.0
8.366346910940153e-238,1.0,0.0,0.0
8.11908399352498e-238,1.0,0.0,0.0
7.87912879965743e-238,1.0,0.0,0.0
7.646265353468552e-238,1.0,0.0,0.0
7.420284062140922e-238,1.0,0.0,0.0
7.200981527260966e-238,1.0,0.0,0.0
6.988160361746657e-238,1.0,0.0,0.0
6.781629012185828e-238,1.0,0.0,0.0
6.581201586425162e-238,1.0,0.0,0.0
6.386697686254713e-238,1.0,0.0,0.0
6.197942245037345e-238,1.0,0.0,0.0
6.01476537013694e-238,1.0,0.0,0.0
5.8370021900035586e-238,1.0,0.0,0.0
5.664492705777922e-238,1.0,0.0,0.0
5.4970816472816374e-238,1.0,0.0,0.0
5.334618333263558e-238,1.0,0.0,0.0
5.176956535776489e-238,1.0,0.0,0.0
5.023954348562166e-238,1.0,0.0,0.0
4.8754740593260446e-238,1.0,0.0,0.0
4.7313820257869416e-238,1.0,0.0,0.0
4.591548555389965e-238,1.0,0.0,0.0
4.455847788574457e-238,1.0,0.0,0.0
4.3241575854918954e-238,1.0,0.0,0.0
4.196359416071794e-238,1.0,0.0,0.0
4.07233825333663e-238,1.0,0.0,0.0
3.951982469869809e-238,1.0,0.0,0.0
3.83518373734345e-238,1.0,0.0,0.0
3.721836929015584e-238,1.0,0.0,0.0
3.611840025108989e-238,1.0,0.0,0.0
3.505094020986507e-238,1.0,0.0,0.0
3.401502838040184e-238,1.0,0.0,0.0
3.3009732372140464e-238,1.0,0.0,0.0
3.203414735082651e-238,1.0,0.0,0.0
3.108739522409898e-238,1.0,0.0,0.0
3.016862385114794e-238,1.0,0.0,0.0
2.9277006275730242e-238,1.0,0.0,0.0
2.8411739981853138e-238,1.0,0.0,0.0
2.757204617145568e-238,1.0,0.0,0.0
2.675716906343795e-238,1.0,0.0,0.0
2.5966375213407026e-238,1.0,0.0,0.0
2.519895285352755e-238,1.0,0.0,0.0
2.445421125188263e-238,1.0,0.0,0.0
2.3731480090768496e-238,1.0,0.0,0.0
2.3030108863363328e-238,1.0,0.0,0.0
2.234946628822723e-238,1.0,0.0,0.0
2.1688939741106307e-238,1.0,0.0,0.0
2.1047934703529496e-238,1.0,0.0,0.0
2.042587422770183e-238,1.0,0.0,0.0
1.982219841721247e-238,1.0,0.0,0.0
1.923636392309016e-238,1.0,0.0,0.0
1.8667843454752474e-238,1.0,0.0,0.0
1.8116125305408707e-238,1.0,0.0,0.0
1.7580712891489238e-238,1.0,0.0,0.0
1.706112430568678e-238,1.0,0.0,0.0
1.6556891883207305e-238,1.0,0.0,0.0
1.6067561780840154e-238,1.0,0.0,0.0
1.5592693568468525e-238,1.0,0.0,0.0
1.5131859832652629e-238,1.0,0.0,0.0
1.4684645791928768e-238,1.0,0.0,0.0
1.4250648923478003e-238,1.0,0.0,0.0
1.3829478600828473e-238,1.0,0.0,0.0
1.3420755742265192e-238,1.0,0.0,0.0
1.3024112469630923e-238,1.0,0.0,0.0
1.2639191777211012e-238,1.0,0.0,0.0
1.2265647210404152e-238,1.0,0.0,0.0
1.1903142553889856e-238,1.0,0.0,0.0
1.155135152901198e-238,1.0,0.0,0.0
1.120995750010591e-238,1.0,0.0,0.0
1.0878653189505095e-238,1.0,0.0,0.0
1.0557140400970413e-238,1.0,0.0,0.0
1.0245129751293421e-238,1.0,0.0,0.0
9.942340409831949e-239,1.0,0.0,0.0
9.648499845743559e-239,1.0,0.0,0.0
9.3633435826894e-239,1.0,0.0,0.0
9.086614960787652e-239,1.0,0.0,0.0
8.818064905602307e-239,1.0,0.0,0.0
8.557451703959375e-239,1.0,0.0,0.0
8.304540786388704e-239,1.0,0.0,0.0
8.05910451599563e-239,1.0,0.0,0.0
7.820921983572415e-239,1.0,0.0,0.0
7.5897788087650405e-239,1.0,0.0,0.0
7.365466947116429e-239,1.0,0.0,0.0
7.147784502812386e-239,1.0,0.0,0.0
6.936535546961744e-239,1.0,0.0,0.0
6.731529941247138e-239,1.0,0.0,0.0
6.532583166787685e-239,1.0,0.0,0.0
6.33951615805954e-239,1.0,0.0,0.0
6.152155141724839e-239,1.0,0.0,0.0
5.970331480223968e-239,1.0,0.0,0.0
5.793881519990376e-239,1.0,0.0,0.0
5.622646444151322e-239,1.0,0.0,0.0
5.45647212958197e-239,1.0,0.0,0.0
5.295209008184174e-239,1.0,0.0,0.0
5.138711932265098e-239,1.0,0.0,0.0
4.9868400438944976e-239,1.0,0.0,0.0
4.839456648123069e-239,1.0,0.0,0.0
4.696429089947778e-239,1.0,0.0,0.0
4.557628634913399e-239,1.0,0.0,0.0
4.422930353242816e-239,1.0,0.0,0.0
4.292213007391801e-239,1.0,0.0,0.0
4.165358942927029e-239,1.0,0.0,0.0
4.042253982629156e-239,1.0,0.0,0.0
3.922787323725614e-239,1.0,0.0,0.0
3.806851438160638e-239,1.0,0.0,0.0
3.6943419758127555e-239,1.0,0.0,0.0
3.585157670572639e-239,1.0,0.0,0.0
3.479200249196771e-239,1.0,0.0,0.0
3.3763743428548934e-239,1.0,0.0,0.0
3.2765874012916227e-239,1.0,0.0,0.0
3.1797496095249744e-239,1.0,0.0,0.0
3.085773807006818e-239,1.0,0.0,0.0
2.9945754091725007e-239,1.0,0.0,0.0
2.906072331309032e-239,1.0,0.0,0.0
2.8201849146733004e-239,1.0,0.0,0.0
2.7368358547938294e-239,1.0,0.0,0.0
2.655950131891535e-239,1.0,0.0,0.0
2.5774549433568638e-239,1.0,0.0,0.0
2.501279638222528e-239,1.0,0.0,0.0
2.427355653572868e-239,1.0,0.0,0.0
2.3556164528326017e-239,1.0,0.0,0.0
2.285997465879416e-239,1.0,0.0,0.0
2.2184360309264972e-239,1.0,0.0,0.0
2.152871338122696e-239,1.0,0.0,0.0
2.089244374819556e-239,1.0,0.0,0.0
2.0274978724559493e-239,1.0,0.0,0.0
1.967576255012503e-239,1.0,0.0,0.0
1.9094255889894346e-239,1.0,0.0,0.0
1.85299353486276e-239,1.0,0.0,0.0
1.7982292999751905e-239,1.0,0.0,0.0
1.7450835928193126e-239,1.0,0.0,0.0
1.6935085786719055e-239,1.0,0.0,0.0
1.6434578365394613e-239,1.0,0.0,0.0
1.5948863173761576e-239,1.0,0.0,0.0
1.547750303536677e-239,1.0,0.0,0.0
1.5020073694273752e-239,1.0,0.0,0.0
1.4576163433203827e-239,1.0,0.0,0.0
1.414537270296272e-239,1.0,0.0,0.0
1.3727313762819337e-239,1.0,0.0,0.0
1.332161033151293e-239,1.0,0.0,0.0
1.292789724857458e-239,1.0,0.0,0.0
1.2545820145658116e-239,1.0,0.0,0.0
1.2175035127584693e-239,1.0,0.0,0.0
1.1815208462813926e-239,1.0,0.0,0.0
1.1466016283062977e-239,1.0,0.0,0.0
1.1127144291803241e-239,1.0,0.0,0.0
1.0798287481372262e-239,1.0,0.0,0.0
1.0479149858446248e-239,1.0,0.0,0.0
1.0169444177626108e-239,1.0,0.0,0.0
9.868891682897198e-240,1.0,0.0,0.0
9.577221856730108e-240,1.0,0.0,0.0
9.294172176596615e-240,1.0,0.0,0.0
9.0194878786817e-240,1.0,0.0,0.0
8.752921728578918e-240,1.0,0.0,0.0
8.49423379876274e-240,1.0,0.0,0.0
8.243191252637599e-240,1.0,0.0,0.0
7.999568134969225e-240,1.0,0.0,0.0
7.763145168509702e-240,1.0,0.0,0.0
7.533709556633132e-240,1.0,0.0,0.0
7.311054791804315e-240,1.0,0.0,0.0
7.094980469708033e-240,1.0,0.0,0.0
6.885292108871639e-240,1.0,0.0,0.0
6.681800975618601e-240,1.0,0.0,0.0
6.484323914195464e-240,1.0,0.0,0.0
6.292683181919307e-240,1.0,0.0,0.0
6.10670628919733e-240,1.0,0.0,0.0
5.926225844274584e-240,1.0,0.0,0.0
5.751079402570093e-240,1.0,0.0,0.0
5.581109320465765e-240,1.0,0.0,0.0
5.4161626134165e-240,1.0,0.0,0.0
5.25609081825377e-240,1.0,0.0,0.0
5.100749859558754e-240,1.0,0.0,0.0
4.949999919984732e-240,1.0,0.0,0.0
4.803705314412042e-240,1.0,0.0,0.0
4.661734367822305e-240,1.0,0.0,0.0
4.5239592967820354e-240,1.0,0.0,0.0
4.390256094428917e-240,1.0,0.0,0.0
4.260504418857261e-240,1.0,0.0,0.0
4.1345874848021677e-240,1.0,0.0,0.0
4.01239195852491e-240,1.0,0.0,0.0
3.8938078558049143e-240,1.0,0.0,0.0
3.778728442946543e-240,1.0,0.0,0.0
3.667050140711564e-240,1.0,0.0,0.0
3.558672431090847e-240,1.0,0.0,0.0
3.453497766831367e-240,1.0,0.0,0.0
3.351431483637099e-240,1.0,0.0,0.0
3.252381714964759e-240,1.0,0.0,0.0
3.1562593093377156e-240,1.0,0.0,0.0
3.062977750103646e-240,1.0,0.0,0.0
2.972453077563707e-240,1.0,0.0,0.0
2.884603813403141e-240,1.0,0.0,0.0
2.799350887355297e-240,1.0,0.0,0.0
2.7166175660330475e-240,1.0,0.0,0.0
2.636329383863566e-240,1.0,0.0,0.0
2.558414076064287e-240,1.0,0.0,0.0
2.48280151359972e-240,1.0,0.0,0.0
2.4094236400605887e-240,1.0,0.0,0.0
2.3382144104084657e-240,1.0,0.0,0.0
2.269109731530785e-240,1.0,0.0,0.0
2.202047404552712e-240,1.0,0.0,0.0
2.1369670688539588e-240,1.0,0.0,0.0
2.073810147740153e-240,1.0,0.0,0.0
2.0125197957198591e-240,1.0,0.0,0.0
1.9530408473397995e-240,1.0,0.0,0.0
1.895319767532224e-240,1.0,0.0,0.0
1.839304603429735e-240,1.0,0.0,0.0
1.7849449376042012e-240,1.0,0.0,0.0
1.7321918426876694e-240,1.0,0.0,0.0
1.6809978373344314e-240,1.0,0.0,0.0
1.6313168434846078e-240,1.0,0.0,0.0
1.5831041448907854e-240,1.0,0.0,0.0
1.5363163468703759e-240,1.0,0.0,0.0
1.490911337247472e-240,1.0,0.0,0.0
1.446848248449049e-240,1.0,0.0,0.0
1.4040874207213902e-240,1.0,0.0,0.0
1.3625903664336302e-240,1.0,0.0,0.0
1.3223197354362924e-240,1.0,0.0,0.0
1.2832392814436314e-240,1.0,0.0,0.0
1.2453138294095316e-240,1.0,0.0,0.0
1.2085092438675893e-240,1.0,0.0,0.0
1.1727923982068916e-240,1.0,0.0,0.0
1.1381311448558295e-240,1.0,0.0,0.0
1.104494286347114e-240,1.0,0.0,0.0
1.0718515472379503e-240,1.0,0.0,0.0
1.0401735468600961e-240,1.0,0.0,0.0
1.0094317728752767e-240,1.0,0.0,0.0
9.795985556121566e-241,1.0,0.0,0.0
9.506470431617683e-241,1.0,0.0,0.0
9.225511772089815e-241,1.0,0.0,0.0
8.952856695782609e-241,1.0,0.0,0.0
8.688259794726015e-241,1.0,0.0,0.0
8.431482913851552e-241,1.0,0.0,0.0
8.182294936636676e-241,1.0,0.0,0.0
7.940471577084301e-241,1.0,0.0,0.0
7.705795177850279e-241,1.0,0.0,0.0
7.47805451433709e-241,1.0,0.0,0.0
7.257044604577453e-241,1.0,0.0,0.0
7.042566524736724e-241,1.0,0.0,0.0
6.834427230068013e-241,1.0,0.0,0.0
6.632439381158888e-241,1.0,0.0,0.0
6.436421175313255e-241,1.0,0.0,0.0
6.246196182916675e-241,1.0,0.0,0.0
6.061593188637786e-241,1.0,0.0,0.0
5.88244603732296e-241,1.0,0.0,0.0
5.708593484445453e-241,1.0,0.0,0.0
5.539879050974439e-241,1.0,0.0,0.0
5.376150882533334e-241,1.0,0.0,0.0
5.217261612720595e-241,1.0,0.0,0.0
5.0630682304700234e-241,1.0,0.0,0.0
4.91343195133115e-241,1.0,0.0,0.0
4.7682180925538624e-241,1.0,0.0,0.0
4.627295951864839e-241,1.0,0.0,0.0
4.4905386898266887e-241,1.0,0.0,0.0
4.357823215673887e-241,1.0,0.0,0.0
4.2290300765227867e-241,1.0,0.0,0.0
4.104043349855959e-241,1.0,0.0,0.0
3.982750539184104e-241,1.0,0.0,0.0
3.865042472791618e-241,1.0,0.0,0.0
3.750813205474682e-241,1.0,0.0,0.0
3.639959923183426e-241,1.0,0.0,0.0
3.5323828504823494e-241,1.0,0.0,0.0
3.42798516074569e-241,1.0,0.0,0.0
3.32667288900693e-241,1.0,0.0,0.0
3.2283548473839854e-241,1.0,0.0,0.0
3.1329425430039516e-241,1.0,0.0,0.0
3.040350098353552e-241,1.0,0.0,0.0
2.9504941739835773e-241,1.0,0.0,0.0
2.863293893497758e-241,1.0,0.0,0.0
2.778670770758547e-241,1.0,0.0,0.0
2.6965486392443024e-241,1.0,0.0,0.0
2.6168535834942733e-241,1.0,0.0,0.0
2.5395138725797003e-241,1.0,0.0,0.0
2.4644598955411367e-241,1.0,0.0,0.0
2.3916240987338876e-241,1.0,0.0,0.0
2.3209409250251704e-241,1.0,0.0,0.0
2.2523467547882703e-241,1.0,0.0,0.0
2.1857798486405834e-241,1.0,0.0,0.0
2.1211802918740052e-241,1.0,0.0,0.0
2.0584899405276498e-241,1.0,0.0,0.0
1.997652369054361e-241,1.0,0.0,0.0
1.9386128195339115e-241,1.0,0.0,0.0
1.881318152387179e-241,1.0,0.0,0.0
1.82571679854694e-241,1.0,0.0,0.0
1.7717587130422264e-241,1.0,0.0,0.0
1.7193953299544765e-241,1.0,0.0,0.0
1.668579518704929e-241,1.0,0.0,0.0
1.619265541633923e-241,1.0,0.0,0.0
1.5714090128339153e-241,1.0,0.0,0.0
1.5249668581991694e-241,1.0,0.0,0.0
1.4798972766561536e-241,1.0,0.0,0.0
1.4361597025397524e-241,1.0,0.0,0.0
1.3937147690814313e-241,1.0,0.0,0.0
1.3525242729764875e-241,1.0,0.0,0.0
1.3125511399984981e-241,1.0,0.0,0.0
1.2737593916300136e-241,1.0,0.0,0.0
1.2361141126794638e-241,1.0,0.0,0.0
1.1995814198551298e-241,1.0,0.0,0.0
1.1641284312678943e-241,1.0,0.0,0.0
1.129723236835322e-241,1.0,0.0,0.0
1.0963348695604318e-241,1.0,0.0,0.0
1.0639332776593098e-241,1.0,0.0,0.0
1.032489297512476e-241,1.0,0.0,0.0
1.0019746274156573e-241,1.0,0.0,0.0
9.723618021063449e-242,1.0,0.0,0.0
9.436241680432037e-242,1.0,0.0,0.0
9.157358594160866e-242,1.0,0.0,0.0
8.88671774865059e-242,1.0,0.0,0.0
8.624075548874821e-242,1.0,0.0,0.0
8.369195599128149e-242,1.0,0.0,0.0
8.121848490254068e-242,1.0,0.0,0.0
7.88181159316124e-242,1.0,0.0,0.0
7.648868858442298e-242,1.0,0.0,0.0
7.42281062191479e-242,1.0,0.0,0.0
7.203433415909267e-242,1.0,0.0,0.0
6.990539786134654e-242,1.0,0.0,0.0
6.783938113956056e-242,1.0,0.0,0.0
6.583442443925052e-242,1.0,0.0,0.0
6.388872316407252e-242,1.0,0.0,0.0
6.200052605156434e-242,1.0,0.0,0.0
6.016813359689114e-242,1.0,0.0,0.0
5.838989652317632e-242,1.0,0.0,0.0
5.6664214297041114e-242,1.0,0.0,0.0
5.498953368801645e-242,1.0,0.0,0.0
5.336434737053072e-242,1.0,0.0,0.0
5.17871925672151e-242,1.0,0.0,0.0
5.025664973230509e-242,1.0,0.0,0.0
4.877134127395361e-242,1.0,0.0,0.0
4.732993031430532e-242,1.0,0.0,0.0
4.593111948621633e-242,1.0,0.0,0.0
4.457364976553623e-242,1.0,0.0,0.0
4.3256299337901375e-242,1.0,0.0,0.0
4.1977882499019465e-242,1.0,0.0,0.0
4.073724858745573e-242,1.0,0.0,0.0
3.953328094895991e-242,1.0,0.0,0.0
3.83648959314021e-242,1.0,0.0,0.0
3.7231041909412722e-242,1.0,0.0,0.0
3.6130698337848646e-242,1.0,0.0,0.0
3.506287483323377e-242,1.0,0.0,0.0
3.4026610282346984e-242,1.0,0.0,0.0
3.3020971977155456e-242,1.0,0.0,0.0
3.204505477531442e-242,1.0,0.0,0.0
3.109798028547799e-242,1.0,0.0,0.0
3.017889607668767e-242,1.0,0.0,0.0
2.9286974911126943e-242,1.0,0.0,0.0
2.8421413999551444e-242,1.0,0.0,0.0
2.7581434278724423e-242,1.0,0.0,0.0
2.676627971020727e-242,1.0,0.0,0.0
2.597521659987389e-242,1.0,0.0,0.0
2.5207532937536476e-242,1.0,0.0,0.0
2.4462537756088287e-242,1.0,0.0,0.0
2.3739560509586628e-242,1.0,0.0,0.0
2.3037950469716214e-242,1.0,0.0,0.0
2.2357076140089815e-242,1.0,0.0,0.0
2.169632468785885e-242,1.0,0.0,0.0
2.1055101392122483e-242,1.0,0.0,0.0
2.0432829108638672e-242,1.0,0.0,0.0
1.9828947750355394e-242,1.0,0.0,0.0
1.9242913783294503e-242,1.0,0.0,0.0
1.8674199737334466e-242,1.0,0.0,0.0
1.8122293731451656e-242,1.0,0.0,0.0
1.7586699012992883e-242,1.0,0.0,0.0
1.7066933510564476e-242,1.0,0.0,0.0
1.6562529400135503e-242,1.0,0.0,0.0
1.6073032683964563e-242,1.0,0.0,0.0
1.5598002781971185e-242,1.0,0.0,0.0
1.5137012135184012e-242,1.0,0.0,0.0
1.4689645820908875e-242,1.0,0.0,0.0
1.4255501179270371e-242,1.0,0.0,0.0
1.3834187450790789e-242,1.0,0.0,0.0
1.342532542468022e-242,1.0,0.0,0.0
1.3028547097521242e-242,1.0,0.0,0.0
1.2643495342041016e-242,1.0,0.0,0.0
1.2269823585672633e-242,1.0,0.0,0.0
1.1907195498616415e-242,1.0,0.0,0.0
1.1555284691120405e-242,1.0,0.0,0.0
1.1213774419707546e-242,1.0,0.0,0.0
1.0882357302085186e-242,1.0,0.0,0.0
1.0560735040480267e-242,1.0,0.0,0.0
1.02486181531512e-242,1.0,0.0,0.0
9.945725713834757e-243,1.0,0.0,0.0
9.651785098893471e-243,1.0,0.0,0.0
9.366531741935971e-243,1.0,0.0,0.0
9.089708895689369e-243,1.0,0.0,0.0
8.821067400909394e-243,1.0,0.0,0.0
8.560365462120242e-243,1.0,0.0,0.0
8.307368429982343e-243,1.0,0.0,0.0
8.061848590092114e-243,1.0,0.0,0.0
7.823584958023626e-243,1.0,0.0,0.0
7.59236308042771e-243,1.0,0.0,0.0
7.367974842009462e-243,1.0,0.0,0.0
7.150218278210445e-243,1.0,0.0,0.0
6.938897393426941e-243,1.0,0.0,0.0
6.733821984600692e-243,1.0,0.0,0.0
6.534807470023302e-243,1.0,0.0,0.0
6.341674723200251e-243,1.0,0.0,0.0
6.154249911624951e-243,1.0,0.0,0.0
5.972364340317766e-243,1.0,0.0,0.0
5.795854299989141e-243,1.0,0.0,0.0
5.624560919690194e-243,1.0,0.0,0.0
5.458330023818141e-243,1.0,0.0,0.0
5.297011993347846e-243,1.0,0.0,0.0
5.140461631164602e-243,1.0,0.0,0.0
4.988538031376928e-243,1.0,0.0,0.0
4.841104452491757e-243,1.0,0.0,0.0
4.698028194337865e-243,1.0,0.0,0.0
4.559180478626758e-243,1.0,0.0,0.0
4.4244363330435247e-243,1.0,0.0,0.0
4.293674478763316e-243,1.0,0.0,0.0
4.1667772212922197e-243,1.0,0.0,0.0
4.04363034453427e-243,1.0,0.0,0.0
3.9241230079892557e-243,1.0,0.0,0.0
3.808147646988789e-243,1.0,0.0,0.0
3.695599875880842e-243,1.0,0.0,0.0
3.5863783940756175e-243,1.0,0.0,0.0
3.480384894868181e-243,1.0,0.0,0.0
3.377523976955789e-243,1.0,0.0,0.0
3.277703058570283e-243,1.0,0.0,0.0
3.1808322941482463e-243,1.0,0.0,0.0
3.0868244934639317e-243,1.0,0.0,0.0
2.9955950431521784e-243,1.0,0.0,0.0
2.90706183055067e-243,1.0,0.0,0.0
2.8211451697929966e-243,1.0,0.0,0.0
2.737767730085999e-243,1.0,0.0,0.0
2.656854466106833e-243,1.0,0.0,0.0
2.578332550457117e-243,1.0,0.0,0.0
2.5021313081133557e-243,1.0,0.0,0.0
2.428182152814651e-243,1.0,0.0,0.0
2.3564185253304385e-243,1.0,0.0,0.0
2.2867758335526851e-243,1.0,0.0,0.0
2.2191913943586367e-243,1.0,0.0,0.0
2.1536043771917738e-243,1.0,0.0,0.0
2.0899557493102072e-243,1.0,0.0,0.0
2.0281882226532251e-243,1.0,0.0,0.0
1.9682462022781728e-243,1.0,0.0,0.0
1.910075736321252e-243,1.0,0.0,0.0
1.8536244674372014e-243,1.0,0.0,0.0
1.7988415856741546e-243,1.0,0.0,0.0
1.7456777827412514e-243,1.0,0.0,0.0
1.69408520762785e-243,1.0,0.0,0.0
1.6440174235343888e-243,1.0,0.0,0.0
1.5954293660761296e-243,1.0,0.0,0.0
1.5482773027221737e-243,1.0,0.0,0.0
1.50251879343323e-243,1.0,0.0,0.0
1.458112652462717e-243,1.0,0.0,0.0
1.4150189112868094e-243,1.0,0.0,0.0
1.3731987826300717e-243,1.0,0.0,0.0
1.3326146255542901e-243,1.0,0.0,0.0
1.2932299115790895e-243,1.0,0.0,0.0
1.2550091918038347e-243,1.0,0.0,0.0
1.2179180650012286e-243,1.0,0.0,0.0
1.1819231466538843e-243,1.0,0.0,0.0
1.1469920389060082e-243,1.0,0.0,0.0
1.1130933014031419e-243,1.0,0.0,0.0
1.0801964229937215e-243,1.0,0.0,0.0
1.0482717942669829e-243,1.0,0.0,0.0
1.0172906809024923e-243,1.0,0.0,0.0
9.872251978073201e-244,1.0,0.0,0.0
9.58048284017574e-244,1.0,0.0,0.0
9.297336783417063e-244,1.0,0.0,0.0
9.02255895723668e-244,1.0,0.0,0.0
8.755902043046393e-244,1.0,0.0,0.0
8.497126031626872e-244,1.0,0.0,0.0
8.24599800710316e-244,1.0,0.0,0.0
8.002291937304661e-244,1.0,0.0,0.0
7.765788470320945e-244,1.0,0.0,0.0
7.536274737070204e-244,1.0,0.0,0.0
7.313544159702734e-244,1.0,0.0,0.0
7.097396265666916e-244,1.0,0.0,0.0
6.887636507270387e-244,1.0,0.0,0.0
6.684076086573997e-244,1.0,0.0,0.0
6.486531785460913e-244,1.0,0.0,0.0
6.294825800727956e-244,1.0,0.0,0.0
6.108785584050712e-244,1.0,0.0,0.0
5.928243686678398e-244,1.0,0.0,0.0
5.7530376087186866e-244,1.0,0.0,0.0
5.583009652876829e-244,1.0,0.0,0.0
5.4180067825174565e-244,1.0,0.0,0.0
5.257880483921274e-244,1.0,0.0,0.0
5.102486632612689e-244,1.0,0.0,0.0
4.9516853636380607e-244,1.0,0.0,0.0
4.8053409456778006e-244,1.0,0.0,0.0
4.6633216588790235e-244,1.0,0.0,0.0
4.5254996762987886e-244,1.0,0.0,0.0
4.3917509488512306e-244,1.0,0.0,0.0
4.261955093655002e-244,1.0,0.0,0.0
4.13599528568056e-244,1.0,0.0,0.0
4.013758152599754e-244,1.0,0.0,0.0
3.895133672743082e-244,1.0,0.0,0.0
3.7800150760727585e-244,1.0,0.0,0.0
3.668298748082475e-244,1.0,0.0,0.0
3.5598841365373544e-244,1.0,0.0,0.0
3.4546736609701505e-244,1.0,0.0,0.0
3.352572624852244e-244,1.0,0.0,0.0
3.2534891303603746e-244,1.0,0.0,0.0
3.157333995662397e-244,1.0,0.0,0.0
3.064020674647615e-244,1.0,0.0,0.0
2.97346517902944e-244,1.0,0.0,0.0
2.885586002750264e-244,1.0,0.0,0.0
2.800304048620509e-244,1.0,0.0,0.0
2.7175425571258157e-244,1.0,0.0,0.0
2.6372270373383018e-244,1.0,0.0,0.0
2.5592851998696993e-244,1.0,0.0,0.0
2.4836468918060257e-244,1.0,0.0,0.0
2.410244033565227e-244,1.0,0.0,0.0
2.3390105576209597e-244,1.0,0.0,0.0
2.2698823490373577e-244,1.0,0.0,0.0
2.2027971877612622e-244,1.0,0.0,0.0
2.137694692619977e-244,1.0,0.0,0.0
2.074516266974136e-244,1.0,0.0,0.0
2.0132050459767724e-244,1.0,0.0,0.0
1.953705845391122e-244,1.0,0.0,0.0
1.8959651119210822e-244,1.0,0.0,0.0
1.839930875009633e-244,1.0,0.0,0.0
1.785552700061828e-244,1.0,0.0,0.0
1.7327816430502542e-244,1.0,0.0,0.0
1.6815702064621062e-244,1.0,0.0,0.0
1.6318722965482163e-244,1.0,0.0,0.0
1.583643181835572e-244,1.0,0.0,0.0
1.5368394528659697e-244,1.0,0.0,0.0
1.491418983124574e-244,1.0,0.0,0.0
1.4473408911232094e-244,1.0,0.0,0.0
1.4045655036042635e-244,1.0,0.0,0.0
1.3630543198320772e-244,1.0,0.0,0.0
1.3227699769396833e-244,1.0,0.0,0.0
1.2836762162997064e-244,1.0,0.0,0.0
1.245737850889149e-244,1.0,0.0,0.0
1.208920733618698e-244,1.0,0.0,0.0
1.1731917265980389e-244,1.0,0.0,0.0
1.138518671309518e-244,1.0,0.0,0.0
1.104870359663306e-244,1.0,0.0,0.0
1.0722165059080114e-244,1.0,0.0,0.0
1.0405277193714603e-244,1.0,0.0,0.0
1.009775478007107e-244,1.0,0.0,0.0
9.799321027222682e-245,1.0,0.0,0.0
9.509707324650714e-245,1.0,0.0,0.0
9.228653000476948e-245,1.0,0.0,0.0
8.95590508684139e-245,1.0,0.0,0.0
8.691218092214133e-245,1.0,0.0,0.0
8.434353780436401e-245,1.0,0.0,0.0
8.185080956291934e-245,1.0,0.0,0.0
7.943175257415686e-245,1.0,0.0,0.0
7.708418952352558e-245,1.0,0.0,0.0
7.480600744584395e-245,1.0,0.0,0.0
7.25951558234885e-245,1.0,0.0,0.0
7.044964474078971e-245,1.0,0.0,0.0
6.836754309297356e-245,1.0,0.0,0.0
6.6346976848036855e-245,1.0,0.0,0.0
6.438612735999202e-245,1.0,0.0,0.0
6.2483229731962925e-245,1.0,0.0,0.0
6.063657122765863e-245,1.0,0.0,0.0
5.8844489729795076e-245,1.0,0.0,0.0
5.710537224407738e-245,1.0,0.0,0.0
5.54176534473961e-245,1.0,0.0,0.0
5.3779814278930845e-245,1.0,0.0,0.0
5.219038057289291e-245,1.0,0.0,0.0
5.064792173167669e-245,1.0,0.0,0.0
4.915104943822521e-245,1.0,0.0,0.0
4.76984164064511e-245,1.0,0.0,0.0
4.62887151685882e-245,1.0,0.0,0.0
4.492067689838229e-245,1.0,0.0,0.0
4.35930702690619e-245,1.0,0.0,0.0
4.230470034506103e-245,1.0,0.0,0.0
4.1054407506496564e-245,1.0,0.0,0.0
3.984106640543207e-245,1.0,0.0,0.0
3.866358495298871e-245,1.0,0.0,0.0
3.752090333639159e-245,1.0,0.0,0.0
3.64119930650667e-245,1.0,0.0,0.0
3.5335856044929953e-245,1.0,0.0,0.0
3.4291523680035208e-245,1.0,0.0,0.0
3.3278056000772535e-245,1.0,0.0,0.0
3.229454081783209e-245,1.0,0.0,0.0
3.1340092901172226e-245,1.0,0.0,0.0
3.041385318325267e-245,1.0,0.0,0.0
2.951498798581577e-245,1.0,0.0,0.0
2.8642688269519822e-245,1.0,0.0,0.0
2.7796168905749026e-245,1.0,0.0,0.0
2.6974667969944766e-245,1.0,0.0,0.0
2.617744605582208e-245,1.0,0.0,0.0
2.540378560985409e-245,1.0,0.0,0.0
2.4652990285425423e-245,1.0,0.0,0.0
2.392438431607324e-245,1.0,0.0,0.0
2.3217311907251827e-245,1.0,0.0,0.0
2.253113664607323e-245,1.0,0.0,0.0
2.186524092849272e-245,1.0,0.0,0.0
2.1219025403423464e-245,1.0,0.0,0.0
2.0591908433280097e-245,1.0,0.0,0.0
1.998332557046563e-245,1.0,0.0,0.0
1.939272904933054e-245,1.0,0.0,0.0
1.8819587293146704e-245,1.0,0.0,0.0
1.826338443565247e-245,1.0,0.0,0.0
1.7723619856738201e-245,1.0,0.0,0.0
1.7199807731854402e-245,1.0,0.0,0.0
1.6691476594736823e-245,1.0,0.0,0.0
1.6198168913055007e-245,1.0,0.0,0.0
1.5719440676602322e-245,1.0,0.0,0.0
1.5254860997656803e-245,1.0,0.0,0.0
1.4804011723153112e-245,1.0,0.0,0.0
1.436648705831658e-245,1.0,0.0,0.0
1.39418932014205e-245,1.0,0.0,0.0
1.3529847989338014e-245,1.0,0.0,0.0
1.3129980553569493e-245,1.0,0.0,0.0
1.2741930986435867e-245,1.0,0.0,0.0
1.236535001713742e-245,1.0,0.0,0.0
1.1999898697386494e-245,1.0,0.0,0.0
1.1645248096331167e-245,1.0,0.0,0.0
1.130107900449527e-245,1.0,0.0,0.0
1.096708164646833e-245,1.0,0.0,0.0
1.0642955402086789e-245,1.0,0.0,0.0
1.0328408535855558e-245,1.0,0.0,0.0
1.0023157934366404e-245,1.0,0.0,0.0
9.726928851476753e-246,1.0,0.0,0.0
9.43945466101963e-246,1.0,0.0,0.0
9.16047661682212e-246,1.0,0.0,0.0
8.889743619816338e-246,1.0,0.0,0.0
8.627011992033323e-246,1.0,0.0,0.0
8.37204525727643e-246,1.0,0.0,0.0
8.124613928276781e-246,1.0,0.0,0.0
7.884495300139244e-246,1.0,0.0,0.0
7.651473249892996e-246,1.0,0.0,0.0
7.425338041966254e-246,1.0,0.0,0.0
7.205886139410122e-246,1.0,0.0,0.0
6.992920020701582e-246,1.0,0.0,0.0
6.786248001960808e-246,1.0,0.0,0.0
6.585684064422727e-246,1.0,0.0,0.0
6.391047687007583e-246,1.0,0.0,0.0
6.202163683839776e-246,1.0,0.0,0.0
6.018862046568758e-246,1.0,0.0,0.0
5.840977791350036e-246,1.0,0.0,0.0
5.668350810348581e-246,1.0,0.0,0.0
5.500825727630974e-246,1.0,0.0,0.0
5.338251759316574e-246,1.0,0.0,0.0
5.180482577861848e-246,1.0,0.0,0.0
5.027376180355717e-246,1.0,0.0,0.0
4.878794760707341e-246,1.0,0.0,0.0
4.734604585611339e-246,1.0,0.0,0.0
4.594675874178792e-246,1.0,0.0,0.0
4.4588826811256867e-246,1.0,0.0,0.0
4.327102783413648e-246,1.0,0.0,0.0
4.199217570240968e-246,1.0,0.0,0.0
4.075111936284874e-246,1.0,0.0,0.0
3.954674178098971e-246,1.0,0.0,0.0
3.837795893572599e-246,1.0,0.0,0.0
3.7243718843616183e-246,1.0,0.0,0.0
3.614300061202804e-246,1.0,0.0,0.0
3.507481352026613e-246,1.0,0.0,0.0
3.4038196127856383e-246,1.0,0.0,0.0
3.303221540918477e-246,1.0,0.0,0.0
3.205596591371129e-246,1.0,0.0,0.0
3.110856895100336e-246,1.0,0.0,0.0
3.018917179985514e-246,1.0,0.0,0.0
2.929694694078087e-246,1.0,0.0,0.0
2.8431091311191517e-246,1.0,0.0,0.0
2.759082558258424e-246,1.0,0.0,0.0
2.6775393459094116e-246,1.0,0.0,0.0
2.598406099677685e-246,1.0,0.0,0.0
2.521611594300967e-246,1.0,0.0,0.0
2.44708670954159e-246,1.0,0.0,0.0
2.3747643679736194e-246,1.0,0.0,0.0
2.3045794746086407e-246,1.0,0.0,0.0
2.236468858305877e-246,1.0,0.0,0.0
2.1703712149139e-246,1.0,0.0,0.0
2.1062270520927554e-246,1.0,0.0,0.0
2.0439786357668433e-246,1.0,0.0,0.0
1.983569938160351e-246,1.0,0.0,0.0
1.9249465873684763e-246,1.0,0.0,0.0
1.868055818419042e-246,1.0,0.0,0.0
1.8128464257804603e-246,1.0,0.0,0.0
1.7592687172732985e-246,1.0,0.0,0.0
1.7072744693439643e-246,1.0,0.0,0.0
1.6568168836602512e-246,1.0,0.0,0.0
1.607850544989684e-246,1.0,0.0,0.0
1.560331380322742e-246,1.0,0.0,0.0
1.5142166192041777e-246,1.0,0.0,0.0
1.469464755236719e-246,1.0,0.0,0.0
1.4260355087225107e-246,1.0,0.0,0.0
1.3838897904086695e-246,1.0,0.0,0.0
1.342989666304317e-246,1.0,0.0,0.0
1.3032983235374273e-246,1.0,0.0,0.0
1.2647800372207588e-246,1.0,0.0,0.0
1.2274001382970442e-246,1.0,0.0,0.0
1.1911249823344988e-246,1.0,0.0,0.0
1.155921919244562e-246,1.0,0.0,0.0
1.1217592638946134e-246,1.0,0.0,0.0
1.0886062675892151e-246,1.0,0.0,0.0
1.0564330903942113e-246,1.0,0.0,0.0
1.0252107742787723e-246,1.0,0.0,0.0
9.94911217051214e-247,1.0,0.0,0.0
9.655071470651274e-247,1.0,0.0,0.0
9.369720986730573e-247,1.0,0.0,0.0
9.092803884056327e-247,1.0,0.0,0.0
8.824070918547116e-247,1.0,0.0,0.0
8.563280212397308e-247,1.0,0.0,0.0
8.31019703637072e-247,1.0,0.0,0.0
8.06459359852845e-247,1.0,0.0,0.0
7.826248839200776e-247,1.0,0.0,0.0
7.594948232018515e-247,1.0,0.0,0.0
7.370483590824826e-247,1.0,0.0,0.0
7.152652882293614e-247,1.0,0.0,0.0
6.941260044085902e-247,1.0,0.0,0.0
6.736114808380492e-247,1.0,0.0,0.0
6.537032530620085e-247,1.0,0.0,0.0
6.343834023318722e-247,1.0,0.0,0.0
6.156345394780947e-247,1.0,0.0,0.0
5.97439789258755e-247,1.0,0.0,0.0
5.797827751707e-247,1.0,0.0,0.0
5.626476047095863e-247,1.0,0.0,0.0
5.460188550655535e-247,1.0,0.0,0.0
5.2988155924165495e-247,1.0,0.0,0.0
5.1422119258255006e-247,1.0,0.0,0.0
4.990236597013344e-247,1.0,0.0,0.0
4.842752817927398e-247,1.0,0.0,0.0
4.69962784321287e-247,1.0,0.0,0.0
4.5607328507330744e-247,1.0,0.0,0.0
4.4259428256208177e-247,1.0,0.0,0.0
4.2951364477565775e-247,1.0,0.0,0.0
4.168195982572211e-247,1.0,0.0,0.0
4.0450071750818945e-247,1.0,0.0,0.0
3.925459147044929e-247,1.0,0.0,0.0
3.809444297167836e-247,1.0,0.0,0.0
3.6968582042559346e-247,1.0,0.0,0.0
3.587599533227217e-247,1.0,0.0,0.0
3.481569943903937e-247,1.0,0.0,0.0
3.378674002499814e-247,1.0,0.0,0.0
3.2788190957231805e-247,1.0,0.0,0.0
3.181915347418774e-247,1.0,0.0,0.0
3.087875537673129e-247,1.0,0.0,0.0
2.9966150243107683e-247,1.0,0.0,0.0
2.908051666710533e-247,1.0,0.0,0.0
2.8221057518734798e-247,1.0,0.0,0.0
2.7386999226758043e-247,1.0,0.0,0.0
2.6577591082422044e-247,1.0,0.0,0.0
2.57921045637703e-247,1.0,0.0,0.0
2.5029832679923883e-247,1.0,0.0,0.0
2.4290089334741926e-247,1.0,0.0,0.0
2.357220870928881e-247,1.0,0.0,0.0
2.2875544662552178e-247,1.0,0.0,0.0
2.2199470149872413e-247,1.0,0.0,0.0
2.1543376658560125e-247,1.0,0.0,0.0
2.0906673660193674e-247,1.0,0.0,0.0
2.0288788079103716e-247,1.0,0.0,0.0
1.9689163776566446e-247,1.0,0.0,0.0
1.910726105024119e-247,1.0,0.0,0.0
1.8542556148401895e-247,1.0,0.0,0.0
1.799454079852522e-247,1.0,0.0,0.0
1.7462721749810958e-247,1.0,0.0,0.0
1.694662032922303e-247,1.0,0.0,0.0
1.6445772010651446e-247,1.0,0.0,0.0
1.595972599680745e-247,1.0,0.0,0.0
1.5488044813475558e-247,1.0,0.0,0.0
1.5030303915757207e-247,1.0,0.0,0.0
1.458609130595172e-247,1.0,0.0,0.0
1.415500716273055e-247,1.0,0.0,0.0
1.373666348127112e-247,1.0,0.0,0.0
1.3330683724026285e-247,1.0,0.0,0.0
1.2936702481815127e-247,1.0,0.0,0.0
1.255436514493003e-247,1.0,0.0,0.0
1.2183327583964019e-247,1.0,0.0,0.0
1.182325584007106e-247,1.0,0.0,0.0
1.1473825824380564e-247,1.0,0.0,0.0
1.113472302629553e-247,1.0,0.0,0.0
1.0805642230411779e-247,1.0,0.0,0.0
1.0486287241803502e-247,1.0,0.0,0.0
1.0176370619427814e-247,1.0,0.0,0.0
9.875613417408442e-248,1.0,0.0,0.0
9.583744933965599e-248,1.0,0.0,0.0
9.300502467766104e-248,1.0,0.0,0.0
9.02563108147447e-248,1.0,0.0,0.0
8.758883372292081e-248,1.0,0.0,0.0
8.500019249277988e-248,1.0,0.0,0.0
8.248805717250851e-248,1.0,0.0,0.0
8.005016667077554e-248,1.0,0.0,0.0
7.768432672159724e-248,1.0,0.0,0.0
7.538840790934981e-248,1.0,0.0,0.0
7.316034375215171e-248,1.0,0.0,0.0
7.0998128841890336e-248,1.0,0.0,0.0
6.889981703921953e-248,1.0,0.0,0.0
6.6863519721902745e-248,1.0,0.0,0.0
6.488740408492557e-248,1.0,0.0,0.0
6.296969149084752e-248,1.0,0.0,0.0
6.110865586890836e-248,1.0,0.0,0.0
5.930262216144785e-248,1.0,0.0,0.0
5.754996481624083e-248,1.0,0.0,0.0
5.584910632339056e-248,1.0,0.0,0.0
5.419851579546325e-248,1.0,0.0,0.0
5.259670758958614e-248,1.0,0.0,0.0
5.104223997026859e-248,1.0,0.0,0.0
4.9533713811742896e-248,1.0,0.0,0.0
4.806977133865658e-248,1.0,0.0,0.0
4.664909490398304e-248,1.0,0.0,0.0
4.527040580305022e-248,1.0,0.0,0.0
4.393246312262017e-248,1.0,0.0,0.0
4.263406262398332e-248,1.0,0.0,0.0
4.137403565906243e-248,1.0,0.0,0.0
4.015124811855037e-248,1.0,0.0,0.0
3.8964599411135295e-248,1.0,0.0,0.0
3.781302147289413e-248,1.0,0.0,0.0
3.6695477805962955e-248,1.0,0.0,0.0
3.5610962545619e-248,1.0,0.0,0.0
3.455849955493449e-248,1.0,0.0,0.0
3.353714154618754e-248,1.0,0.0,0.0
3.2545969228239267e-248,1.0,0.0,0.0
3.1584090479109732e-248,1.0,0.0,0.0
3.0650639543007938e-248,1.0,0.0,0.0
2.9744776251093196e-248,1.0,0.0,0.0
2.886568526526646e-248,1.0,0.0,0.0
2.801257534431102e-248,1.0,0.0,0.0
2.7184678631721998e-248,1.0,0.0,0.0
2.6381249964583676e-248,1.0,0.0,0.0
2.5601566202872574e-248,1.0,0.0,0.0
2.4844925578582636e-248,1.0,0.0,0.0
2.4110647064086656e-248,1.0,0.0,0.0
2.3398069759165443e-248,1.0,0.0,0.0
2.270655229615304e-248,1.0,0.0,0.0
2.2035472262662527e-248,1.0,0.0,0.0
2.1384225641372857e-248,1.0,0.0,0.0
2.075222626637252e-248,1.0,0.0,0.0
2.0138905295570648e-248,1.0,0.0,0.0
1.9543710698700757e-248,1.0,0.0,0.0
1.896610676045624e-248,1.0,0.0,0.0
1.840557359831044e-248,1.0,0.0,0.0
1.7861606694587284e-248,1.0,0.0,0.0
1.733371644236133e-248,1.0,0.0,0.0
1.6821427704778493e-248,1.0,0.0,0.0
1.6324279387400802e-248,1.0,0.0,0.0
1.5841824023190294e-248,1.0,0.0,0.0
1.5373627369758477e-248,1.0,0.0,0.0
1.4919268018518873e-248,1.0,0.0,0.0
1.4478337015390853e-248,1.0,0.0,0.0
1.4050437492713358e-248,1.0,0.0,0.0
1.3635184312037226e-248,1.0,0.0,0.0
1.3232203717474592e-248,1.0,0.0,0.0
1.2841132999293364e-248,1.0,0.0,0.0
1.2461620167453987e-248,1.0,0.0,0.0
1.2093323634794648e-248,1.0,0.0,0.0
1.1735911909579784e-248,1.0,0.0,0.0
1.1389063297135136e-248,1.0,0.0,0.0
1.1052465610300842e-248,1.0,0.0,0.0
1.072581588844192e-248,1.0,0.0,0.0
1.0408820124763249e-248,1.0,0.0,0.0
1.0101193001683614e-248,1.0,0.0,0.0
9.802657634030618e-249,1.0,0.0,0.0
9.512945319825355e-249,1.0,0.0,0.0
9.231795298432482e-249,1.0,0.0,0.0
8.95895451585805e-249,1.0,0.0,0.0
8.694177396983838e-249,1.0,0.0,0.0
8.437225624533167e-249,1.0,0.0,0.0
8.187867924569266e-249,1.0,0.0,0.0
7.945879858333126e-249,1.0,0.0,0.0
7.711043620233464e-249,1.0,0.0,0.0
7.483147841806997e-249,1.0,0.0,0.0
7.261987401472552e-249,1.0,0.0,0.0
7.047363239907806e-249,1.0,0.0,0.0
6.83908218088246e-249,1.0,0.0,0.0
6.636956757386593e-249,1.0,0.0,0.0
6.440805042897701e-249,1.0,0.0,0.0
6.25045048763455e-249,1.0,0.0,0.0
6.065721759650459e-249,1.0,0.0,0.0
5.886452590622979e-249,1.0,0.0,0.0
5.712481626201187e-249,1.0,0.0,0.0
5.543652280775879e-249,1.0,0.0,0.0
5.379812596541953e-249,1.0,0.0,0.0
5.220815106726129e-249,1.0,0.0,0.0
5.066516702856901e-249,1.0,0.0,0.0
4.916778505957256e-249,1.0,0.0,0.0
4.771465741544216e-249,1.0,0.0,0.0
4.630447618322716e-249,1.0,0.0,0.0
4.493597210464605e-249,1.0,0.0,0.0
4.3607913433668344e-249,1.0,0.0,0.0
4.231910482786007e-249,1.0,0.0,0.0
4.106838627249487e-249,1.0,0.0,0.0
3.9854632036462456e-249,1.0,0.0,0.0
3.8676749659034657e-249,1.0,0.0,0.0
3.7533678966577017e-249,1.0,0.0,0.0
3.6424391118320983e-249,1.0,0.0,0.0
3.5347887680337763e-249,1.0,0.0,0.0
3.430319972688043e-249,1.0,0.0,0.0
3.3289386968285336e-249,1.0,0.0,0.0
3.2305536904647954e-249,1.0,0.0,0.0
3.135076400451141e-249,1.0,0.0,0.0
3.0424208907828363e-249,1.0,0.0,0.0
2.9525037652479e-249,1.0,0.0,0.0
2.8652440923648827e-249,1.0,0.0,0.0
2.780563332539073e-249,1.0,0.0,0.0
2.6983852673715593e-249,1.0,0.0,0.0
2.6186359310575296e-249,1.0,0.0,0.0
2.5412435438120525e-249,1.0,0.0,0.0
2.466138447263429e-249,1.0,0.0,0.0
2.3932530417559543e-249,1.0,0.0,0.0
2.3225217255056683e-249,1.0,0.0,0.0
2.253880835554319e-249,1.0,0.0,0.0
2.187268590468407e-249,1.0,0.0,0.0
2.1226250347317235e-249,1.0,0.0,0.0
2.0598919847813398e-249,1.0,0.0,0.0
1.999012976638474e-249,1.0,0.0,0.0
1.9399332150871004e-249,1.0,0.0,0.0
1.8825995243545547e-249,1.0,0.0,0.0
1.8269603002497516e-249,1.0,0.0,0.0
1.7729654637159305e-249,1.0,0.0,0.0
1.7205664157561225e-249,1.0,0.0,0.0
1.669715993690775e-249,1.0,0.0,0.0
1.6203684287081556e-249,1.0,0.0,0.0
1.5724793046693352e-249,1.0,0.0,0.0
1.5260055181306617e-249,1.0,0.0,0.0
1.4809052395477553e-249,1.0,0.0,0.0
1.437137875626093e-249,1.0,0.0,0.0
1.3946640327843049e-249,1.0,0.0,0.0
1.3534454816972924e-249,1.0,0.0,0.0
1.3134451228872547e-249,1.0,0.0,0.0
1.2746269533316563e-249,1.0,0.0,0.0
1.2369560340580754e-249,1.0,0.0,0.0
1.2003984586967722e-249,1.0,0.0,0.0
1.1649213229626664e-249,1.0,0.0,0.0
1.1304926950392609e-249,1.0,0.0,0.0
1.0970815868378516e-249,1.0,0.0,0.0
1.0646579261061559e-249,1.0,0.0,0.0
1.0331925293612565e-249,1.0,0.0,0.0
1.0026570756224972e-249,1.0,0.0,0.0
9.730240809206884e-250,1.0,0.0,0.0
9.442668735606808e-250,1.0,0.0,0.0
9.163595701150386e-250,1.0,0.0,0.0
8.892770521272093e-250,1.0,0.0,0.0
8.629949435032162e-250,1.0,0.0,0.0
8.374895885715297e-250,1.0,0.0,0.0
8.127380307913661e-250,1.0,0.0,0.0
7.887179920902513e-250,1.0,0.0,0.0
7.65407852812252e-250,1.0,0.0,0.0
7.427866322588273e-250,1.0,0.0,0.0
7.208339698047826e-250,1.0,0.0,0.0
6.995301065723337e-250,1.0,0.0,0.0
6.788558676467828e-250,1.0,0.0,0.0
6.587926448178014e-250,1.0,0.0,0.0
6.393223798307854e-250,1.0,0.0,0.0
6.204275481332068e-250,1.0,0.0,0.0
6.020911431013336e-250,1.0,0.0,0.0
5.842966607331214e-250,1.0,0.0,0.0
5.670280847934967e-250,1.0,0.0,0.0
5.502698723986651e-250,1.0,0.0,0.0
5.3400694002646696e-250,1.0,0.0,0.0
5.18224649940189e-250,1.0,0.0,0.0
5.0290879701361364e-250,1.0,0.0,0.0
4.880455959454467e-250,1.0,0.0,0.0
4.7362166885161587e-250,1.0,0.0,0.0
4.596240332242721e-250,1.0,0.0,0.0
4.4604009024665655e-250,1.0,0.0,0.0
4.3285761345331476e-250,1.0,0.0,0.0
4.2006473772545324e-250,1.0,0.0,0.0
4.076499486115312e-250,1.0,0.0,0.0
3.956020719634775e-250,1.0,0.0,0.0
3.839102638792028e-250,1.0,0.0,0.0
3.725640009423563e-250,1.0,0.0,0.0
3.6155307075054045e-250,1.0,0.0,0.0
3.5086756272345974e-250,1.0,0.0,0.0
3.4049785918272947e-250,1.0,0.0,0.0
3.3043462669531626e-250,1.0,0.0,0.0
3.206688076728182e-250,1.0,0.0,0.0
3.1119161221902415e-250,1.0,0.0,0.0
3.0199451021841394e-250,1.0,0.0,0.0
2.9306922365847855e-250,1.0,0.0,0.0
2.844077191789503e-250,1.0,0.0,0.0
2.7600220084123654e-250,1.0,0.0,0.0
2.6784510311154853e-250,1.0,0.0,0.0
2.5992908405141047e-250,1.0,0.0,0.0
2.5224701870941964e-250,1.0,0.0,0.0
2.4479199270830898e-250,1.0,0.0,0.0
2.3755729602154103e-250,1.0,0.0,0.0
2.3053641693383113e-250,1.0,0.0,0.0
2.2372303618016427e-250,1.0,0.0,0.0
2.1711102125803007e-250,1.0,0.0,0.0
2.106944209077566e-250,1.0,0.0,0.0
2.04467459755975e-250,1.0,0.0,0.0
1.9842453311739383e-250,1.0,0.0,0.0
1.9256020195020377e-250,1.0,0.0,0.0
1.8686918796057333e-250,1.0,0.0,0.0
1.8134636885182765e-250,1.0,0.0,0.0
1.7598677371403626e-250,1.0,0.0,0.0
1.707855785498584e-250,1.0,0.0,0.0
1.657381019326199e-250,1.0,0.0,0.0
1.608398007927132e-250,1.0,0.0,0.0
1.5608626632852824e-250,1.0,0.0,0.0
1.5147322003823325e-250,1.0,0.0,0.0
1.4699650986883447e-250,1.0,0.0,0.0
1.426521064790482e-250,1.0,0.0,0.0
1.3843609961262177e-250,1.0,0.0,0.0
1.3434469457883891e-250,1.0,0.0,0.0
1.3037420883704206e-250,1.0,0.0,0.0
1.2652106868209724e-250,1.0,0.0,0.0
1.2278180602781827e-250,1.0,0.0,0.0
1.1915305528545507e-250,1.0,0.0,0.0
1.156315503344367e-250,1.0,0.0,0.0
1.1221412158264241e-250,1.0,0.0,0.0
1.0889769311355481e-250,1.0,0.0,0.0
1.0567927991772739e-250,1.0,0.0,0.0
1.0255598520607461e-250,1.0,0.0,0.0
9.95249978025662e-251,1.0,0.0,0.0
9.658358961397892e-251,1.0,0.0,0.0
9.372911317442871e-251,1.0,0.0,0.0
9.095899926247263e-251,1.0,0.0,0.0
8.827075458863612e-251,1.0,0.0,0.0
8.566195955128424e-251,1.0,0.0,0.0
8.313026605881693e-251,1.0,0.0,0.0
8.067339541622811e-251,1.0,0.0,0.0
7.82891362741263e-251,1.0,0.0,0.0
7.597534263837098e-251,1.0,0.0,0.0
7.372993193853305e-251,1.0,0.0,0.0
7.155088315344088e-251,1.0,0.0,0.0
6.943623499212482e-251,1.0,0.0,0.0
6.738408412852299e-251,1.0,0.0,0.0
6.53925834883594e-251,1.0,0.0,0.0
6.345994058665238e-251,1.0,0.0,0.0
6.1584415914357154e-251,1.0,0.0,0.0
5.976432137269032e-251,1.0,0.0,0.0
5.799801875372699e-251,1.0,0.0,0.0
5.62839182659031e-251,1.0,0.0,0.0
5.4620477103095705e-251,1.0,0.0,0.0
5.3006198055993374e-251,1.0,0.0,0.0
5.14396281645067e-251,1.0,0.0,0.0
4.991935741000624e-251,1.0,0.0,0.0
4.844401744621053e-251,1.0,0.0,0.0
4.701228036758209e-251,1.0,0.0,0.0
4.562285751412285e-251,1.0,0.0,0.0
4.427449831149314e-251,1.0,0.0,0.0
4.296598914541044e-251,1.0,0.0,0.0
4.169615226931454e-251,1.0,0.0,0.0
4.046384474431622e-251,1.0,0.0,0.0
3.926795741047509e-251,1.0,0.0,0.0
3.810741388848077e-251,1.0,0.0,0.0
3.6981169610838885e-251,1.0,0.0,0.0
3.588821088168982e-251,1.0,0.0,0.0
3.4827553964414035e-251,1.0,0.0,0.0
3.3798244196202708e-251,1.0,0.0,0.0
3.2799355128796775e-251,1.0,0.0,0.0
3.1829987694620988e-251,1.0,0.0,0.0
3.0889269397562392e-251,1.0,0.0,0.0
2.9976353527664978e-251,1.0,0.0,0.0
2.9090418399033533e-251,1.0,0.0,0.0
2.823066661026092e-251,1.0,0.0,0.0
2.739632432671296e-251,1.0,0.0,0.0
2.658664058402507e-251,1.0,0.0,0.0
2.580088661218362e-251,1.0,0.0,0.0
2.5038355179583765e-251,1.0,0.0,0.0
2.429835995647324e-251,1.0,0.0,0.0
2.3580234897209304e-251,1.0,0.0,0.0
2.288333364077266e-251,1.0,0.0,0.0
2.220702892899895e-251,1.0,0.0,0.0
2.155071204200408e-251,1.0,0.0,0.0
2.09137922502952e-251,1.0,0.0,0.0
2.029569628307434e-251,1.0,0.0,0.0
1.9695867812255968e-251,1.0,0.0,0.0
1.9113766951734188e-251,1.0,0.0,0.0
1.8548869771448795e-251,1.0,0.0,0.0
1.8000667825812864e-251,1.0,0.0,0.0
1.746866769607742e-251,1.0,0.0,0.0
1.6952390546221232e-251,1.0,0.0,0.0
1.6451371691966118e-251,1.0,0.0,0.0
1.5965160182529699e-251,1.0,0.0,0.0
1.5493318394739282e-251,1.0,0.0,0.0
1.5035421639141456e-251,1.0,0.0,0.0
1.4591057777752931e-251,1.0,0.0,0.0
1.4159826853108532e-251,1.0,0.0,0.0
1.3741340728272492e-251,1.0,0.0,0.0
1.3335222737489013e-251,1.0,0.0,0.0
1.2941107347157661e-251,1.0,0.0,0.0
1.2558639826828464e-251,1.0,0.0,0.0
1.2187475929920556e-251,1.0,0.0,0.0
1.182728158387703e-251,1.0,0.0,0.0
1.147773258947709e-251,1.0,0.0,0.0
1.1138514329034865e-251,1.0,0.0,0.0
1.0809321483222262e-251,1.0,0.0,0.0
1.0489857756260971e-251,1.0,0.0,0.0
1.0179835609236255e-251,1.0,0.0,0.0
9.878976001292534e-252,1.0,0.0,0.0
9.587008138477774e-252,1.0,0.0,0.0
9.303669230010656e-252,1.0,0.0,0.0
9.028704251751143e-252,1.0,0.0,0.0
8.761865716661533e-252,1.0,0.0,0.0
8.502913452051428e-252,1.0,0.0,0.0
8.251614383406103e-252,1.0,0.0,0.0
8.007742324603713e-252,1.0,0.0,0.0
7.771077774332516e-252,1.0,0.0,0.0
7.54140771852488e-252,1.0,0.0,0.0
7.318525438630246e-252,1.0,0.0,0.0
7.102230325554482e-252,1.0,0.0,0.0
6.892327699098156e-252,1.0,0.0,0.0
6.6886286327312195e-252,1.0,0.0,0.0
6.490949783546382e-252,1.0,0.0,0.0
6.299113227238116e-252,1.0,0.0,0.0
6.112946297958778e-252,1.0,0.0,0.0
5.932281432907693e-252,1.0,0.0,0.0
5.756956021513321e-252,1.0,0.0,0.0
5.586812259072771e-252,1.0,0.0,0.0
5.4216970047169195e-252,1.0,0.0,0.0
5.261461643573287e-252,1.0,0.0,0.0
5.10596195300263e-252,1.0,0.0,0.0
4.95505797278883e-252,1.0,0.0,0.0
4.808613879165249e-252,1.0,0.0,0.0
4.666497862564178e-252,1.0,0.0,0.0
4.528582008979328e-252,1.0,0.0,0.0
4.394742184834591e-252,1.0,0.0,0.0
4.2648579252554462e-252,1.0,0.0,0.0
4.138812325642439e-252,1.0,0.0,0.0
4.0164919364491555e-252,1.0,0.0,0.0
3.8977866610699715e-252,1.0,0.0,0.0
3.7825896567456795e-252,1.0,0.0,0.0
3.67079723839779e-252,1.0,0.0,0.0
3.56230878530497e-252,1.0,0.0,0.0
3.4570266505375954e-252,1.0,0.0,0.0
3.354856073068931e-252,1.0,0.0,0.0
3.2557050924838076e-252,1.0,0.0,0.0
3.1594844662080424e-252,1.0,0.0,0.0
3.0661075891840975e-252,1.0,0.0,0.0
2.9754904159206873e-252,1.0,0.0,0.0
2.8875513848461604e-252,1.0,0.0,0.0
2.802211344897584e-252,1.0,0.0,0.0
2.719393484279441e-252,1.0,0.0,0.0
2.6390232613278343e-252,1.0,0.0,0.0
2.561028337417956e-252,1.0,0.0,0.0
2.4853385118544434e-252,1.0,0.0,0.0
2.411885658686016e-252,1.0,0.0,0.0
2.340603665387521e-252,1.0,0.0,0.0
2.2714283733541996e-252,1.0,0.0,0.0
2.2042975201546104e-252,1.0,0.0,0.0
2.139150683490242e-252,1.0,0.0,0.0
2.0759292268113654e-252,1.0,0.0,0.0
2.0145762465401803e-252,1.0,0.0,0.0
1.955036520853757e-252,1.0,0.0,0.0
1.8972564599806672e-252,1.0,0.0,0.0
1.841184057966574e-252,1.0,0.0,0.0
1.786768845865363e-252,1.0,0.0,0.0
1.7339618463136836e-252,1.0,0.0,0.0
1.6827155294480183e-252,1.0,0.0,0.0
1.632983770124596e-252,1.0,0.0,0.0
1.5847218064036508e-252,1.0,0.0,0.0
1.537886199260655e-252,1.0,0.0,0.0
1.4924347934882653e-252,1.0,0.0,0.0
1.4483266797537905e-252,1.0,0.0,0.0
1.4055221577780324e-252,1.0,0.0,0.0
1.3639827006023542e-252,1.0,0.0,0.0
1.3236709199118182e-252,1.0,0.0,0.0
1.2845505323831779e-252,1.0,0.0,0.0
1.2465863270274398e-252,1.0,0.0,0.0
1.2097441334975958e-252,1.0,0.0,0.0
1.1739907913330057e-252,1.0,0.0,0.0
1.1392941201127436e-252,1.0,0.0,0.0
1.105622890491048e-252,1.0,0.0,0.0
1.072946796088803e-252,1.0,0.0,0.0
1.0412364262157507e-252,1.0,0.0,0.0
1.0104632393988866e-252,1.0,0.0,0.0
9.805995376932066e-253,1.0,0.0,0.0
9.516184417516871e-253,1.0,0.0,0.0
9.234938666320593e-253,1.0,0.0,0.0
8.962004983186e-253,1.0,0.0,0.0
8.697137709378098e-253,1.0,0.0,0.0
8.440098446474681e-253,1.0,0.0,0.0
8.190655841791667e-253,1.0,0.0,0.0
7.948585380150069e-253,1.0,0.0,0.0
7.713669181797181e-253,1.0,0.0,0.0
7.485695806300092e-253,1.0,0.0,0.0
7.264460062235029e-253,1.0,0.0,0.0
7.04976282250123e-253,1.0,0.0,0.0
6.841410845093113e-253,1.0,0.0,0.0
6.639216599169424e-253,1.0,0.0,0.0
6.442998096262832e-253,1.0,0.0,0.0
6.252578726478018e-253,1.0,0.0,0.0
6.067787099530854e-253,1.0,0.0,0.0
5.888456890485585e-253,1.0,0.0,0.0
5.714426690051149e-253,1.0,0.0,0.0
5.545539859301933e-253,1.0,0.0,0.0
5.381644388692164e-253,1.0,0.0,0.0
5.22259276123706e-253,1.0,0.0,0.0
5.068241819737585e-253,1.0,0.0,0.0
4.9184526379293117e-253,1.0,0.0,0.0
4.7730903954394066e-253,1.0,0.0,0.0
4.6320242564391935e-253,1.0,0.0,0.0
4.4951272518830807e-253,1.0,0.0,0.0
4.362276165227847e-253,1.0,0.0,0.0
4.2333514215294405e-253,1.0,0.0,0.0
4.108236979817459e-253,1.0,0.0,0.0
3.9868202286504415e-253,1.0,0.0,0.0
3.868991884757975e-253,1.0,0.0,0.0
3.754645894678372e-253,1.0,0.0,0.0
3.643679339303399e-253,1.0,0.0,0.0
3.535992341244135e-253,1.0,0.0,0.0
3.431487974934577e-253,1.0,0.0,0.0
3.330072179392092e-253,1.0,0.0,0.0
3.231653673556184e-253,1.0,0.0,0.0
3.1361438741293794e-253,1.0,0.0,0.0
3.043456815846279e-253,1.0,0.0,0.0
2.9535090740990176e-253,1.0,0.0,0.0
2.866219689849489e-253,1.0,0.0,0.0
2.781510096760747e-253,1.0,0.0,0.0
2.6993040504819972e-253,1.0,0.0,0.0
2.6195275600235388e-253,1.0,0.0,0.0
2.5421088211598784e-253,1.0,0.0,0.0
2.4669781518010813e-253,1.0,0.0,0.0
2.3940679292741887e-253,1.0,0.0,0.0
2.323312529458247e-253,1.0,0.0,0.0
2.2546482677181714e-253,1.0,0.0,0.0
2.1880133415842736e-253,1.0,0.0,0.0
2.1233477751258713e-253,1.0,0.0,0.0
2.060593364968901e-253,1.0,0.0,0.0
1.9996936279089536e-253,1.0,0.0,0.0
1.9405937500725785e-253,1.0,0.0,0.0
1.8832405375810974e-253,1.0,0.0,0.0
1.8275823686725248e-253,1.0,0.0,0.0
1.7735691472384978e-253,1.0,0.0,0.0
1.7211522577343964e-253,1.0,0.0,0.0
1.670284521422074e-253,1.0,0.0,0.0
1.6209201539058077e-253,1.0,0.0,0.0
1.5730147239232538e-253,1.0,0.0,0.0
1.526525113354311e-253,1.0,0.0,0.0
1.4814094784119033e-253,1.0,0.0,0.0
1.4376272119797488e-253,1.0,0.0,0.0
1.3951389070632116e-253,1.0,0.0,0.0
1.3539063213203501e-253,1.0,0.0,0.0
1.3138923426412262e-253,1.0,0.0,0.0
1.2750609557445026e-253,1.0,0.0,0.0
1.237377209761259e-253,1.0,0.0,0.0
1.2008071867768505e-253,1.0,0.0,0.0
1.1653179713024967e-253,1.0,0.0,0.0
1.1308776206491186e-253,1.0,0.0,0.0
1.0974551361767639e-253,1.0,0.0,0.0
1.0650204353937386e-253,1.0,0.0,0.0
1.033544324880334e-253,1.0,0.0,0.0
1.0029984740127793e-253,1.0,0.0,0.0
9.733553894637671e-254,1.0,0.0,0.0
9.445883904566046e-254,1.0,0.0,0.0
9.166715847507131e-254,1.0,0.0,0.0
8.89579845336864e-254,1.0,0.0,0.0
8.632887878211754e-254,1.0,0.0,0.0
8.377747484775112e-254,1.0,0.0,0.0
8.130147629485303e-254,1.0,0.0,0.0
7.889865455762161e-254,1.0,0.0,0.0
7.656684693432798e-254,1.0,0.0,0.0
7.430395464073846e-254,1.0,0.0,0.0
7.210794092106723e-254,1.0,0.0,0.0
6.997682921475855e-254,1.0,0.0,0.0
6.790870137744897e-254,1.0,0.0,0.0
6.590169595450782e-254,1.0,0.0,0.0
6.395400650560256e-254,1.0,0.0,0.0
6.206387997878044e-254,1.0,0.0,0.0
6.0229615132603526e-254,1.0,0.0,0.0
5.8449561004916505e-254,1.0,0.0,0.0
5.672211542686938e-254,1.0,0.0,0.0
5.504572358085737e-254,1.0,0.0,0.0
5.3418876601080095e-254,1.0,0.0,0.0
5.1840110215460555e-254,1.0,0.0,0.0
5.030800342770145e-254,1.0,0.0,0.0
4.882117723829256e-254,1.0,0.0,0.0
4.737829340331818e-254,1.0,0.0,0.0
4.597805322994722e-254,1.0,0.0,0.0
4.461919640752204e-254,1.0,0.0,0.0
4.330049987319381e-254,1.0,0.0,0.0
4.202077671108337e-254,1.0,0.0,0.0
4.077887508397687e-254,1.0,0.0,0.0
3.957367719659452e-254,1.0,0.0,0.0
3.840409828949937e-254,1.0,0.0,0.0
3.726908566274067e-254,1.0,0.0,0.0
3.6167617728352844e-254,1.0,0.0,0.0
3.509870309085734e-254,1.0,0.0,0.0
3.4061379654939825e-254,1.0,0.0,0.0
3.3054713759499468e-254,1.0,0.0,0.0
3.2077799337290935e-254,1.0,0.0,0.0
3.1129757099402696e-254,1.0,0.0,0.0
3.0209733743837702e-254,1.0,0.0,0.0
2.9316901187483963e-254,1.0,0.0,0.0
2.8450455820783884e-254,1.0,0.0,0.0
2.7609617784431405e-254,1.0,0.0,0.0
2.679363026744603e-254,1.0,0.0,0.0
2.6001758825991816e-254,1.0,0.0,0.0
2.52332907223284e-254,1.0,0.0,0.0
2.448753428329891e-254,1.0,0.0,0.0
2.3763818277777435e-254,1.0,0.0,0.0
2.306149131251573e-254,1.0,0.0,0.0
2.237992124584531e-254,1.0,0.0,0.0
2.171849461870732e-254,1.0,0.0,0.0
2.1076616102497926e-254,1.0,0.0,0.0
2.0453707963232443e-254,1.0,0.0,0.0
1.9849209541545733e-254,1.0,0.0,0.0
1.9262576748060944e-254,1.0,0.0,0.0
1.869328157367234e-254,1.0,0.0,0.0
1.8140811614301497e-254,1.0,0.0,0.0
1.7604669609699015e-254,1.0,0.0,0.0
1.7084372995876765e-254,1.0,0.0,0.0
1.6579453470767715e-254,1.0,0.0,0.0
1.6089456572722465e-254,1.0,0.0,0.0
1.5613941271463098e-254,1.0,0.0,0.0
1.5152479571126159e-254,1.0,0.0,0.0
1.4704656125037496e-254,1.0,0.0,0.0
1.427006786187222e-254,1.0,0.0,0.0
1.384832362286331e-254,1.0,0.0,0.0
1.3439043809732317e-254,1.0,0.0,0.0
1.3041860043025314e-254,1.0,0.0,0.0
1.2656414830546497e-254,1.0,0.0,0.0
1.2282361245591112e-254,1.0,0.0,0.0
1.1919362614687981e-254,1.0,0.0,0.0
1.1567092214570672e-254,1.0,0.0,0.0
1.1225232978104507e-254,1.0,0.0,0.0
1.089347720890473e-254,1.0,0.0,0.0
1.0571526304389012e-254,1.0,0.0,0.0
1.025909048701496e-254,1.0,0.0,0.0
9.95588854346078e-255,1.0,0.0,0.0
9.661647571514306e-255,1.0,0.0,0.0
9.376102734442592e-255,1.0,0.0,0.0
9.098997022620975e-255,1.0,0.0,0.0
8.830081022207074e-255,1.0,0.0,0.0
8.56911269065149e-255,1.0,0.0,0.0
8.315857138843183e-255,1.0,0.0,0.0
8.0700864196934205e-255,1.0,0.0,0.0
7.831579322968008e-255,1.0,0.0,0.0
7.600121176183153e-255,1.0,0.0,0.0
7.375503651385737e-255,1.0,0.0,0.0
7.157524577644106e-255,1.0,0.0,0.0
6.945987759080577e-255,1.0,0.0,0.0
6.740702798281917e-255,1.0,0.0,0.0
6.541484924928814e-255,1.0,0.0,0.0
6.348154829490122e-255,1.0,0.0,0.0
6.160538501832182e-255,1.0,0.0,0.0
5.978467074597957e-255,1.0,0.0,0.0
5.801776671215016e-255,1.0,0.0,0.0
5.630308258395554e-255,1.0,0.0,0.0
5.463907502995706e-255,1.0,0.0,0.0
5.302424633105298e-255,1.0,0.0,0.0
5.145714303243019e-255,1.0,0.0,0.0
4.993635463535681e-255,1.0,0.0,0.0
4.846051232763813e-255,1.0,0.0,0.0
4.702828775159324e-255,1.0,0.0,0.0
4.563839180844348e-255,1.0,0.0,0.0
4.428957349803657e-255,1.0,0.0,0.0
4.298061879286195e-255,1.0,0.0,0.0
4.1710349545344196e-255,1.0,0.0,0.0
4.0477622427430615e-255,1.0,0.0,0.0
3.928132790151887e-255,1.0,0.0,0.0
3.812038922179825e-255,1.0,0.0,0.0
3.699376146510575e-255,1.0,0.0,0.0
3.5900430590424727e-255,1.0,0.0,0.0
3.483941252617955e-255,1.0,0.0,0.0
3.380975228450475e-255,1.0,0.0,0.0
3.2810523101691497e-255,1.0,0.0,0.0
3.184082560403771e-255,1.0,0.0,0.0
3.0899786998351044e-255,1.0,0.0,0.0
2.998656028637609e-255,1.0,0.0,0.0
2.91003235024388e-255,1.0,0.0,0.0
2.824027897362189e-255,1.0,0.0,0.0
2.7405652601805394e-255,1.0,0.0,0.0
2.6595693166926114e-255,1.0,0.0,0.0
2.580967165082884e-255,1.0,0.0,0.0
2.5046880581100836e-255,1.0,0.0,0.0
2.4306633394298913e-255,1.0,0.0,0.0
2.3588263817995983e-255,1.0,0.0,0.0
2.2891125271090924e-255,1.0,0.0,0.0
2.221459028184195e-255,1.0,0.0,0.0
2.155804992309967e-255,1.0,0.0,0.0
2.0920913264231606e-255,1.0,0.0,0.0
2.0302606839244697e-255,1.0,0.0,0.0
1.970257413062722e-255,1.0,0.0,0.0
1.9120275068445476e-255,1.0,0.0,0.0
1.8555185544244388e-255,1.0,0.0,0.0
1.800679693931453e-255,1.0,0.0,0.0
1.7474615666900954e-255,1.0,0.0,0.0
1.695816272794181e-255,1.0,0.0,0.0
1.6456973279936847e-255,1.0,0.0,0.0
1.5970596218557802e-255,1.0,0.0,0.0
1.5498593771624059e-255,1.0,0.0,0.0
1.5040541105078135e-255,1.0,0.0,0.0
1.4596025940606364e-255,1.0,0.0,0.0
1.4164648184560588e-255,1.0,0.0,0.0
1.3746019567846869e-255,1.0,0.0,0.0
1.3339763296457098e-255,1.0,0.0,0.0
1.2945513712328966e-255,1.0,0.0,0.0
1.256291596422903e-255,1.0,0.0,0.0
1.2191625688362634e-255,1.0,0.0,0.0
1.1831308698423288e-255,1.0,0.0,0.0
1.1481640684802405e-255,1.0,0.0,0.0
1.1142306922688787e-255,1.0,0.0,0.0
1.081300198879504e-255,1.0,0.0,0.0
1.0493429486456013e-255,1.0,0.0,0.0
1.0183301778851794e-255,1.0,0.0,0.0
9.882339730115154e-256,1.0,0.0,0.0
9.59027245409043e-256,1.0,0.0,0.0
9.30683707051771e-256,1.0,0.0,0.0
9.031778468422845e-256,1.0,0.0,0.0
8.764849076500366e-256,1.0,0.0,0.0
8.505808640282592e-256,1.0,0.0,0.0
8.254424005894403e-256,1.0,0.0,0.0
8.010468910199008e-256,1.0,0.0,0.0
7.773723777145857e-256,1.0,0.0,0.0
7.543975520137377e-256,1.0,0.0,0.0
7.321017350236651e-256,1.0,0.0,0.0
7.104648590043416e-256,1.0,0.0,0.0
6.894674493070869e-256,1.0,0.0,0.0
6.69090606846067e-256,1.0,0.0,0.0
6.493159910878429e-256,1.0,0.0,0.0
6.30125803543652e-256,1.0,0.0,0.0
6.115027717495669e-256,1.0,0.0,0.0
5.934301337201129e-256,1.0,0.0,0.0
5.758916228613489e-256,1.0,0.0,0.0
5.588714533298355e-256,1.0,0.0,0.0
5.423543058243104e-256,1.0,0.0,0.0
5.2632531379728364e-256,1.0,0.0,0.0
5.107700500741412e-256,1.0,0.0,0.0
4.956745138677142e-256,1.0,0.0,0.0
4.810251181766257e-256,1.0,0.0,0.0
4.6680867755607236e-256,1.0,0.0,0.0
4.5301239625003435e-256,1.0,0.0,0.0
4.396238566742311e-256,1.0,0.0,0.0
4.266310082394577e-256,1.0,0.0,0.0
4.140221565052412e-256,1.0,0.0,0.0
4.017859526540548e-256,1.0,0.0,0.0
3.8991138327661644e-256,1.0,0.0,0.0
3.783877604590769e-256,1.0,0.0,0.0
3.6720471216317604e-256,1.0,0.0,0.0
3.563521728907085e-256,1.0,0.0,0.0
3.458203746238959e-256,1.0,0.0,0.0
3.355998380335116e-256,1.0,0.0,0.0
3.256813639468448e-256,1.0,0.0,0.0
3.160560250678238e-256,1.0,0.0,0.0
3.0671515794184763e-256,1.0,0.0,0.0
2.9765035515809185e-256,1.0,0.0,0.0
2.888534577822715e-256,1.0,0.0,0.0
2.803165480130496e-256,1.0,0.0,0.0
2.720319420554814e-256,1.0,0.0,0.0
2.6399218320508073e-256,1.0,0.0,0.0
2.5619003513628232e-256,1.0,0.0,0.0
2.4861847538926075e-256,1.0,0.0,0.0
2.4127068904924242e-256,1.0,0.0,0.0
2.3414006261262234e-256,1.0,0.0,0.0
2.272201780343647e-256,1.0,0.0,0.0
2.205048069513291e-256,1.0,0.0,0.0
2.1398790507632326e-256,1.0,0.0,0.0
2.0766360675783687e-256,1.0,0.0,0.0
2.015262197005591e-256,1.0,0.0,0.0
1.9557021984192886e-256,1.0,0.0,0.0
1.897902463801055e-256,1.0,0.0,0.0
1.8418109694888547e-256,1.0,0.0,0.0
1.7873772293522167e-256,1.0,0.0,0.0
1.734552249351308e-256,1.0,0.0,0.0
1.6832884834389933e-256,1.0,0.0,0.0
1.6335397907661817e-256,1.0,0.0,0.0
1.5852613941519506e-256,1.0,0.0,0.0
1.538409839781059e-256,1.0,0.0,0.0
1.4929429580925817e-256,1.0,0.0,0.0
1.4488198258244596e-256,1.0,0.0,0.0
1.4060007291797995e-256,1.0,0.0,0.0
1.36444712808178e-256,1.0,0.0,0.0
1.3241216214849774e-256,1.0,0.0,0.0
1.2849879137119044e-256,1.0,0.0,0.0
1.247010781784448e-256,1.0,0.0,0.0
1.2101560437208133e-256,1.0,0.0,0.0
1.174390527769433e-256,1.0,0.0,0.0
1.1396820425521518e-256,1.0,0.0,0.0
1.1059993480898131e-256,1.0,0.0,0.0
1.0733121276841706e-256,1.0,0.0,0.0
1.0415909606308131e-256,1.0,0.0,0.0
1.0108072957385448e-256,1.0,0.0,0.0
9.809334256313861e-257,1.0,0.0,0.0
9.519424618100665e-257,1.0,0.0,0.0
9.238083104505588e-257,1.0,0.0,0.0
8.965056489178785e-257,1.0,0.0,0.0
8.700099029740007e-257,1.0,0.0,0.0
8.442972246593898e-257,1.0,0.0,0.0
8.193444708282251e-257,1.0,0.0,0.0
7.951291823180082e-257,1.0,0.0,0.0
7.716295637348005e-257,1.0,0.0,0.0
7.488244638358981e-257,1.0,0.0,0.0
7.266933564922857e-257,1.0,0.0,0.0
7.052163222137353e-257,1.0,0.0,0.0
6.843740302199204e-257,1.0,0.0,0.0
6.6414772104140914e-257,1.0,0.0,0.0
6.445191896348764e-257,1.0,0.0,0.0
6.254707689973351e-257,1.0,0.0,0.0
6.069853142646419e-257,1.0,0.0,0.0
5.8904618727996186e-257,1.0,0.0,0.0
5.7163724161830506e-257,1.0,0.0,0.0
5.5474280805365374e-257,1.0,0.0,0.0
5.3834768045560185e-257,1.0,0.0,0.0
5.22437102102811e-257,1.0,0.0,0.0
5.069967524009656e-257,1.0,0.0,0.0
4.920127339932717e-257,1.0,0.0,0.0
4.774715602518974e-257,1.0,0.0,0.0
4.633601431390978e-257,1.0,0.0,0.0
4.496657814270982e-257,1.0,0.0,0.0
4.363761492661311e-257,1.0,0.0,0.0
4.234792850903402e-257,1.0,0.0,0.0
4.109635808515637e-257,1.0,0.0,0.0
3.98817771571307e-257,1.0,0.0,0.0
3.870309252015026e-257,1.0,0.0,0.0
3.755924327849285e-257,1.0,0.0,0.0
3.644919989064309e-257,1.0,0.0,0.0
3.537196324263558e-257,1.0,0.0,0.0
3.4326563748784866e-257,1.0,0.0,0.0
3.331206047899293e-257,1.0,0.0,0.0
3.2327540311848573e-257,1.0,0.0,0.0
3.1372117112756533e-257,1.0,0.0,0.0
3.0444930936356524e-257,1.0,0.0,0.0
2.9545147252514393e-257,1.0,0.0,0.0
2.8671956195188678e-257,1.0,0.0,0.0
2.7824571833496494e-257,1.0,0.0,0.0
2.7002231464322722e-257,1.0,0.0,0.0
2.6204194925835707e-257,1.0,0.0,0.0
2.542974393129167e-257,1.0,0.0,0.0
2.467818142252817e-257,1.0,0.0,0.0
2.3948830942564687e-257,1.0,0.0,0.0
2.32410360267457e-257,1.0,0.0,0.0
2.2554159611878213e-257,1.0,0.0,0.0
2.1887583462831846e-257,1.0,0.0,0.0
2.124070761608552e-257,1.0,0.0,0.0
2.0612949839719804e-257,1.0,0.0,0.0
2.0003745109368864e-257,1.0,0.0,0.0
1.941254509966042e-257,1.0,0.0,0.0
1.88388176906859e-257,1.0,0.0,0.0
1.828204648905662e-257,1.0,0.0,0.0
1.7741730363114866e-257,1.0,0.0,0.0
1.7217382991881586e-257,1.0,0.0,0.0
1.6708532427334696e-257,1.0,0.0,0.0
1.6214720669624004e-257,1.0,0.0,0.0
1.5735503254840422e-257,1.0,0.0,0.0
1.5270448854968477e-257,1.0,0.0,0.0
1.481913888966196e-257,1.0,0.0,0.0
1.4381167149493381e-257,1.0,0.0,0.0
1.395613943033807e-257,1.0,0.0,0.0
1.354367317856385e-257,1.0,0.0,0.0
1.3143397146706952e-257,1.0,0.0,0.0
1.2754951059324258e-257,1.0,0.0,0.0
1.2377985288721057e-257,1.0,0.0,0.0
1.2012160540262553e-257,1.0,0.0,0.0
1.1657147546985782e-257,1.0,0.0,0.0
1.1312626773237118e-257,1.0,0.0,0.0
1.0978288127068636e-257,1.0,0.0,0.0
1.0653830681134411e-257,1.0,0.0,0.0
1.033896240183561e-257,1.0,0.0,0.0
1.003339988647054e-257,1.0,0.0,0.0
9.736868108153092e-258,1.0,0.0,0.0
9.44910016826998e-258,1.0,0.0,0.0
9.169837056253977e-258,1.0,0.0,0.0
8.89882741645692e-258,1.0,0.0,0.0
8.635827321912669e-258,1.0,0.0,0.0
8.380600054786371e-258,1.0,0.0,0.0
8.13291589331244e-258,1.0,0.0,0.0
7.8925519050294495e-258,1.0,0.0,0.0
7.659291746125883e-258,1.0,0.0,0.0
7.432925466716103e-258,1.0,0.0,0.0
7.213249321871276e-258,1.0,0.0,0.0
7.000065588235196e-258,1.0,0.0,0.0
6.793182386059912e-258,1.0,0.0,0.0
6.59241350650101e-258,1.0,0.0,0.0
6.397578244017082e-258,1.0,0.0,0.0
6.208501233722545e-258,1.0,0.0,0.0
6.025012293547409e-258,1.0,0.0,0.0
5.846946271061927e-258,1.0,0.0,0.0
5.674142894828264e-258,1.0,0.0,0.0
5.506446630145383e-258,1.0,0.0,0.0
5.343706539057325e-258,1.0,0.0,0.0
5.1857761444988515e-258,1.0,0.0,0.0
5.032513298456205e-258,1.0,0.0,0.0
4.883780054024305e-258,1.0,0.0,0.0
4.73944254124522e-258,1.0,0.0,0.0
4.599370846616174e-258,1.0,0.0,0.0
4.463438896158622e-258,1.0,0.0,0.0
4.331524341943165e-258,1.0,0.0,0.0
4.203508451968152e-258,1.0,0.0,0.0
4.0792760032928694e-258,1.0,0.0,0.0
3.9587151783291155e-258,1.0,0.0,0.0
3.841717464197825e-258,1.0,0.0,0.0
3.728177555060155e-258,1.0,0.0,0.0
3.617993257335122e-258,1.0,0.0,0.0
3.511065397718484e-258,1.0,0.0,0.0
3.4072977339200703e-258,1.0,0.0,0.0
3.306596868039228e-258,1.0,0.0,0.0
3.208872162500407e-258,1.0,0.0,0.0
3.114035658473224e-258,1.0,0.0,0.0
3.0220019967035805e-258,1.0,0.0,0.0
2.9326883406845715e-258,1.0,0.0,0.0
2.8460143020980407e-258,1.0,0.0,0.0
2.7619018684596667e-258,1.0,0.0,0.0
2.680275332902464e-258,1.0,0.0,0.0
2.6010612260354906e-258,1.0,0.0,0.0
2.524188249816441e-258,1.0,0.0,0.0
2.4495872133785945e-258,1.0,0.0,0.0
2.377190970754365e-258,1.0,0.0,0.0
2.3069343604394005e-258,1.0,0.0,0.0
2.2387541467428293e-258,1.0,0.0,0.0
2.1725889628708704e-258,1.0,0.0,0.0
2.108379255692581e-258,1.0,0.0,0.0
2.0460672321380146e-258,1.0,0.0,0.0
1.9855968071805607e-258,1.0,0.0,0.0
1.926913553356635e-258,1.0,0.0,0.0
1.8699646517772888e-258,1.0,0.0,0.0
1.814698844587644e-258,1.0,0.0,0.0
1.7610663888313644e-258,1.0,0.0,0.0
1.7090190116786385e-258,1.0,0.0,0.0
1.658509866977374e-258,1.0,0.0,0.0
1.609493493088499e-258,1.0,0.0,0.0
1.5619257719674204e-258,1.0,0.0,0.0
1.515763889454804e-258,1.0,0.0,0.0
1.4709662967409435e-258,1.0,0.0,0.0
1.4274926729690256e-258,1.0,0.0,0.0
1.3853038889436401e-258,1.0,0.0,0.0
1.3443619719118616e-258,1.0,0.0,0.0
1.304630071385209e-258,1.0,0.0,0.0
1.2660724259717197e-258,1.0,0.0,0.0
1.228654331188283e-258,1.0,0.0,0.0
1.1923421082242626e-258,1.0,0.0,0.0
1.1571030736282948e-258,1.0,0.0,0.0
1.122905509890976e-258,1.0,0.0,0.0
1.089718636896964e-258,1.0,0.0,0.0
