NormalCell,CancerCell,Apoptosis,Empty
0.9975,0.0025,0.0,0.0
0.9973325503213983,0.0026674496786016078,0.0,0.0
0.9971539168858111,0.0028460831141888542,0.0,0.0
0.9969633571722945,0.0030366428277054497,0.0,0.0
0.9967600799744274,0.00323992002557256,0.0,0.0
0.9965432422929245,0.0034567577070755773,0.0,0.0
0.9963119460417169,0.0036880539582829787,0.0,0.0
0.996065234557972,0.003934765442027877,0.0,0.0
0.9958020889062762,0.004197911093723709,0.0,0.0
0.9955214239670093,0.004478576032990647,0.0,0.0
0.99522208429877,0.004777915701229944,0.0,0.0
0.9949028397646107,0.005097160235389182,0.0,0.0
0.9945623809117992,0.0054376190882008445,0.0,0.0
0.994199314094864,0.00580068590513608,0.0,0.0
0.99381215633182,0.006187843668180042,0.0,0.0
0.9933993298837127,0.006600670116287195,0.0,0.0
0.9929591565480049,0.007040843451994975,0.0,0.0
0.9924898516568598,0.007510148343140061,0.0,0.0
0.9919895177720918,0.008010482227908145,0.0,0.0
0.9914561380694722,0.008543861930527683,0.0,0.0
0.9908875694062407,0.00911243059375925,0.0,0.0
0.9902815350670999,0.009718464932899927,0.0,0.0
0.9896356171857219,0.010364382814278015,0.0,0.0
0.9889472488408857,0.011052751159114216,0.0,0.0
0.9882137058288756,0.011786294171124399,0.0,0.0
0.987432098116716,0.01256790188328409,0.0,0.0
0.9865993609842902,0.013400639015709776,0.0,0.0
0.9857122458674245,0.014287754132575561,0.0,0.0
0.9847673109186903,0.015232689081309737,0.0,0.0
0.9837609113080663,0.016239088691933776,0.0,0.0
0.9826891892917591,0.017310810708240906,0.0,0.0
0.9815480640845159,0.018451935915484042,0.0,0.0
0.9803332215787292,0.019666778421270834,0.0,0.0
0.9790401039626372,0.020959896037362834,0.0,0.0
0.9776638993000393,0.022336100699960743,0.0,0.0
0.9761995311452561,0.02380046885474385,0.0,0.0
0.974641648279662,0.02535835172033801,0.0,0.0
0.9729846146700626,0.027015385329937434,0.0,0.0
0.9712224997645648,0.02877750023543535,0.0,0.0
0.9693490692584246,0.030650930741575474,0.0,0.0
0.9673577764807126,0.03264222351928746,0.0,0.0
0.965241754572493,0.03475824542750702,0.0,0.0
0.9629938096485695,0.03700619035143045,0.0,0.0
0.9606064151576211,0.039393584842378815,0.0,0.0
0.9580717076796347,0.041928292320365206,0.0,0.0
0.9553814844247546,0.04461851557524524,0.0,0.0
0.9525272027237635,0.04747279727623636,0.0,0.0
0.9494999818270498,0.050500018172950085,0.0,0.0
0.9462906073556719,0.05370939264432794,0.0,0.0
0.9428895387744458,0.0571104612255541,0.0,0.0
0.9392869202821872,0.06071307971781275,0.0,0.0
0.9354725955375172,0.06452740446248281,0.0,0.0
0.9314361266590098,0.06856387334099019,0.0,0.0
0.9271668179547957,0.07283318204520414,0.0,0.0
0.9226537448477231,0.07734625515227682,0.0,0.0
0.917885788466337,0.08211421153366291,0.0,0.0
0.9128516763676364,0.08714832363236347,0.0,0.0
0.9075400298429892,0.09245997015701068,0.0,0.0
0.9019394182318318,0.09806058176816804,0.0,0.0
0.8960384206268315,0.1039615793731684,0.0,0.0
0.8898256952970144,0.11017430470298542,0.0,0.0
0.8832900570799785,0.11670994292002135,0.0,0.0
0.8764205628988484,0.12357943710115159,0.0,0.0
0.8692066054425029,0.13079339455749694,0.0,0.0
0.8616380149075802,0.13836198509241976,0.0,0.0
0.8537051685371517,0.14629483146284827,0.0,0.0
0.8453991075037901,0.15460089249620984,0.0,0.0
0.8367116604748898,0.16328833952511007,0.0,0.0
0.827635572967516,0.1723644270324839,0.0,0.0
0.8181646413518926,0.18183535864810732,0.0,0.0
0.8082938501014414,0.19170614989855866,0.0,0.0
0.7980195106190371,0.201980489380963,0.0,0.0
0.787339399701377,0.2126606002986231,0.0,0.0
0.776252895445067,0.2237471045549331,0.0,0.0
0.7647611081595838,0.23523889184041635,0.0,0.0
0.7528670036451767,0.2471329963548235,0.0,0.0
0.7405755160303131,0.259424483969687,0.0,0.0
0.7278936472560354,0.2721063527439646,0.0,0.0
0.7148305502558739,0.28516944974412617,0.0,0.0
0.7013975929210542,0.2986024070789458,0.0,0.0
0.6876084000711744,0.31239159992882576,0.0,0.0
0.6734788708772481,0.32652112912275194,0.0,0.0
0.6590271695106292,0.3409728304893707,0.0,0.0
0.6442736872173381,0.3557263127826618,0.0,0.0
0.6292409745376533,0.3707590254623467,0.0,0.0
0.6139536429954567,0.38604635700454326,0.0,0.0
0.5984382362557322,0.4015617637442677,0.0,0.0
0.5827230714720801,0.41727692852791975,0.0,0.0
0.5668380522953081,0.4331619477046918,0.0,0.0
0.5508144557621314,0.4491855442378686,0.0,0.0
0.5346846960009298,0.4653153039990701,0.0,0.0
0.5184820683501415,0.4815179316498584,0.0,0.0
0.5022404780562421,0.49775952194375783,0.0,0.0
0.48599415817726943,0.5140058418227305,0.0,0.0
0.4697773816438308,0.5302226183561691,0.0,0.0
0.45362417260753396,0.5463758273924659,0.0,0.0
0.43756802222856855,0.5624319777714314,0.0,0.0
0.42164161391871646,0.5783583860812835,0.0,0.0
0.4058765627696718,0.5941234372303281,0.0,0.0
0.39030317347238563,0.6096968265276143,0.0,0.0
0.37495022049041815,0.6250497795095817,0.0,0.0
0.35984475361301066,0.6401552463869894,0.0,0.0
0.34501193130912716,0.6549880686908728,0.0,0.0
0.33047488356110594,0.6695251164388939,0.0,0.0
0.31625460510490466,0.6837453948950951,0.0,0.0
0.3023698792708327,0.6976301207291671,0.0,0.0
0.28883723192892846,0.7111627680710713,0.0,0.0
0.27567091441770214,0.7243290855822976,0.0,0.0
0.2628829137901673,0.7371170862098324,0.0,0.0
0.2504829882583486,0.7495170117416512,0.0,0.0
0.23847872536319595,0.7615212746368039,0.0,0.0
0.2268756201427635,0.7731243798572364,0.0,0.0
0.2156771704150877,0.7843228295849122,0.0,0.0
0.2048849862273288,0.7951150137726711,0.0,0.0
0.19449891054051818,0.8055010894594816,0.0,0.0
0.18451714830879717,0.8154828516912026,0.0,0.0
0.17493640126124624,0.8250635987387536,0.0,0.0
0.16575200589071365,0.8342479941092862,0.0,0.0
0.15695807238504325,0.8430419276149566,0.0,0.0
0.1485476224900099,0.8514523775099899,0.0,0.0
0.1405127245593869,0.8594872754406129,0.0,0.0
0.13284462431649918,0.8671553756835005,0.0,0.0
0.12553387011542205,0.8744661298845777,0.0,0.0
0.11857043174225587,0.8814295682577439,0.0,0.0
0.11194381203271347,0.8880561879672862,0.0,0.0
0.10564315079807479,0.8943568492019248,0.0,0.0
0.0996573207451225,0.9003426792548771,0.0,0.0
0.09397501524581625,0.9060249847541832,0.0,0.0
0.0885848279589483,0.9114151720410513,0.0,0.0
0.08347532442936592,0.9165246755706336,0.0,0.0
0.0786351058916325,0.921364894108367,0.0,0.0
0.07405286558574468,0.9259471344142548,0.0,0.0
0.06971743795452374,0.9302825620454758,0.0,0.0
0.06561784113751867,0.9343821588624809,0.0,0.0
0.061743313206726415,0.9382566867932731,0.0,0.0
0.05808334260717149,0.9419166573928279,0.0,0.0
0.05462769327233976,0.9453723067276597,0.0,0.0
0.05136642488246348,0.9486335751175361,0.0,0.0
0.048289908724394426,0.9517100912756051,0.0,0.0
0.04538883959680473,0.9546111604031948,0.0,0.0
0.042654244185075456,0.9573457558149241,0.0,0.0
0.040077486307654474,0.959922513692345,0.0,0.0
0.03765026941090391,0.9623497305890956,0.0,0.0
0.03536463666337346,0.964635363336626,0.0,0.0
0.033212968973742665,0.9667870310262567,0.0,0.0
0.031187981229954902,0.9688120187700445,0.0,0.0
0.02928271703078313,0.9707172829692163,0.0,0.0
0.02749054215558279,0.9725094578444167,0.0,0.0
0.02580513699357294,0.9741948630064265,0.0,0.0
0.02422048813083782,0.9757795118691617,0.0,0.0
0.02273087927148904,0.9772691207285105,0.0,0.0
0.021330881649151492,0.978669118350848,0.0,0.0
0.02001534406616981,0.9799846559338298,0.0,0.0
0.018779382680675662,0.9812206173193239,0.0,0.0
0.01761837064588486,0.9823816293541147,0.0,0.0
0.01652792769165792,0.9834720723083415,0.0,0.0
0.015503909725397615,0.9844960902746018,0.0,0.0
0.014542398517698181,0.9854576014823013,0.0,0.0
0.013639691527723484,0.9863603084722761,0.0,0.0
0.012792291913992043,0.9872077080860074,0.0,0.0
0.011996898767999548,0.988003101232,0.0,0.0
0.011250397600830013,0.9887496023991694,0.0,0.0
0.010549851106511646,0.9894501488934878,0.0,0.0
0.00989249022028319,0.9901075097797163,0.0,0.0
0.009275705485074486,0.9907242945149249,0.0,0.0
0.008697038735299463,0.9913029612647,0.0,0.0
0.00815417510344345,0.9918458248965559,0.0,0.0
0.007644935351836949,0.9923550646481624,0.0,0.0
0.007167268529387087,0.9928327314706122,0.0,0.0
0.006719244950832968,0.9932807550491664,0.0,0.0
0.006299049494253533,0.9937009505057458,0.0,0.0
0.005904975211042392,0.9940950247889568,0.0,0.0
0.005535417241333449,0.9944645827586659,0.0,0.0
0.0051888670268783275,0.9948111329731211,0.0,0.0
0.004863906812608999,0.9951360931873904,0.0,0.0
0.004559204427538137,0.9954407955724613,0.0,0.0
0.004273508335229503,0.9957264916647699,0.0,0.0
0.00400564294378836,0.9959943570562111,0.0,0.0
0.0037545041651572053,0.9962454958348422,0.0,0.0
0.0035190552134370056,0.9964809447865625,0.0,0.0
0.003298322631972923,0.9967016773680265,0.0,0.0
0.0030913925390322044,0.9969086074609673,0.0,0.0
0.0028974070820485176,0.997102592917951,0.0,0.0
0.0027155610906007864,0.9972844389093987,0.0,0.0
0.0025450989185264172,0.997454901081473,0.0,0.0
0.0023853114658306455,0.9976146885341689,0.0,0.0
0.0022355333713387636,0.9977644666286608,0.0,0.0
0.0020951403673401927,0.9979048596326594,0.0,0.0
0.0019635467877877747,0.9980364532122118,0.0,0.0
0.0018402032219378777,0.9981597967780617,0.0,0.0
0.001724594305643313,0.9982754056943562,0.0,0.0
0.0016162366428386097,0.998383763357161,0.0,0.0
0.0015146768500832397,0.9984853231499163,0.0,0.0
0.0014194897173508774,0.9985805102826487,0.0,0.0
0.001330276478569934,0.9986697235214297,0.0,0.0
0.0012466631857310194,0.9987533368142685,0.0,0.0
0.0011682991806795547,0.9988317008193199,0.0,0.0
0.001094855659005567,0.9989051443409939,0.0,0.0
0.0010260243207271434,0.9989739756792723,0.0,0.0
0.0009615161027385603,0.9990384838972609,0.0,0.0
0.0009010599882584649,0.999098940011741,0.0,0.0
0.000844401888767424,0.9991555981112321,0.0,0.0
0.0007913035941676373,0.9992086964058319,0.0,0.0
0.0007415417871305921,0.999258458212869,0.0,0.0
0.0006949071178210379,0.9993050928821785,0.0,0.0
0.0006512033353980085,0.9993487966646015,0.0,0.0
0.0006102464728959089,0.9993897535271036,0.0,0.0
0.000571864082281172,0.9994281359177184,0.0,0.0
0.0005358945166629138,0.9994641054833366,0.0,0.0
0.0005021862568097033,0.9994978137431897,0.0,0.0
0.00047059727928929396,0.9995294027207102,0.0,0.0
0.0004409944637042853,0.9995590055362952,0.0,0.0
0.00041325303664451607,0.9995867469633549,0.0,0.0
0.00038725605011687245,0.9996127439498825,0.0,0.0
0.0003628938923454664,0.9996371061076539,0.0,0.0
0.00034006382896013197,0.9996599361710392,0.0,0.0
0.000318669572709238,0.9996813304272901,0.0,0.0
0.000298620879944243,0.9997013791200551,0.0,0.0
0.0002798331722285486,0.9997201668277708,0.0,0.0
0.0002622271815223459,0.999737772818477,0.0,0.0
0.0002457286174886006,0.9997542713825108,0.0,0.0
0.0002302678555533738,0.999769732144446,0.0,0.0
0.00021577964443661516,0.9997842203555628,0.0,0.0
0.00020220283194765293,0.9997977971680517,0.0,0.0
0.0001894801079131131,0.9998105198920862,0.0,0.0
0.00017755776317416715,0.9998224422368251,0.0,0.0
0.00016638546365507615,0.9998336145363443,0.0,0.0
0.00015591603856619622,0.9998440839614332,0.0,0.0
0.00014610528186215178,0.9998538947181373,0.0,0.0
0.0001369117661299749,0.9998630882338695,0.0,0.0
0.00012829666813284857,0.9998717033318667,0.0,0.0
0.0001202236052828647,0.9998797763947167,0.0,0.0
0.00011265848236108984,0.9998873415176384,0.0,0.0
0.00010556934784539362,0.9998944306521541,0.0,0.0
9.892625924609183e-05,0.9999010737407533,0.0,0.0
9.270115688664099e-05,0.9999072988431128,0.0,0.0
8.686774560153622e-05,0.9999131322543978,0.0,0.0
8.140138385634141e-05,0.999918598616143,0.0,0.0
7.62789798255501e-05,0.9999237210201738,0.0,0.0
7.147889399285523e-05,0.9999285211060065,0.0,0.0
6.698084786550911e-05,0.9999330191521338,0.0,0.0
6.276583841988964e-05,0.9999372341615795,0.0,0.0
5.881605791925409e-05,0.9999411839420802,0.0,0.0
5.51148187670534e-05,0.9999448851812324,0.0,0.0
5.164648308018731e-05,0.9999483535169191,0.0,0.0
4.839639668628712e-05,0.9999516036033131,0.0,0.0
4.535082726759848e-05,0.9999546491727318,0.0,0.0
4.2496906391375706e-05,0.999957503093608,0.0,0.0
3.982257518296113e-05,0.9999601774248164,0.0,0.0
3.731653341297508e-05,0.9999626834665863,0.0,0.0
3.496819178434522e-05,0.999965031808215,0.0,0.0
3.276762721831705e-05,0.9999672323727811,0.0,0.0
3.0705540951165133e-05,0.9999692944590483,0.0,0.0
2.8773219265118175e-05,0.9999712267807342,0.0,0.0
2.6962496688069658e-05,0.9999730375033112,0.0,0.0
2.5265721507013738e-05,0.9999747342784923,0.0,0.0
2.367572344986713e-05,0.9999763242765495,0.0,0.0
2.2185783399451655e-05,0.9999778142165999,0.0,0.0
2.078960501195595e-05,0.9999792103949875,0.0,0.0
1.9481288120205156e-05,0.9999805187118792,0.0,0.0
1.8255303809576225e-05,0.9999817446961898,0.0,0.0
1.710647106143566e-05,0.9999828935289381,0.0,0.0
1.6029934865575044e-05,0.9999839700651338,0.0,0.0
1.5021145709305057e-05,0.9999849788542902,0.0,0.0
1.4075840356666607e-05,0.9999859241596428,0.0,0.0
1.3190023836652372e-05,0.9999868099761628,0.0,0.0
1.2359952564426099e-05,0.999987640047435,0.0,0.0
1.1582118524301713e-05,0.9999884178814752,0.0,0.0
1.0853234447719652e-05,0.9999891467655517,0.0,0.0
1.017021992365243e-05,0.9999898297800758,0.0,0.0
9.530188382802987e-06,0.9999904698116165,0.0,0.0
8.93043490064414e-06,0.9999910695650988,0.0,0.0
8.368424767801092e-06,0.9999916315752315,0.0,0.0
7.841782779515706e-06,0.9999921582172199,0.0,0.0
7.348283198964861e-06,0.9999926517168005,0.0,0.0
6.885840352048366e-06,0.9999931141596474,0.0,0.0
6.4524998139264445e-06,0.9999935475001855,0.0,0.0
6.046430150084094e-06,0.9999939535698493,0.0,0.0
5.665915177039959e-06,0.9999943340848223,0.0,0.0
5.3093467100107314e-06,0.9999946906532894,0.0,0.0
4.975217766897637e-06,0.9999950247822325,0.0,0.0
4.662116199887962e-06,0.9999953378837995,0.0,0.0
4.3687187277698835e-06,0.9999956312812717,0.0,0.0
4.0937853437507765e-06,0.9999959062146557,0.0,0.0
3.83615407515468e-06,0.9999961638459243,0.0,0.0
3.594736072860497e-06,0.9999964052639265,0.0,0.0
3.368511009734956e-06,0.9999966314889897,0.0,0.0
3.1565227686193143e-06,0.9999968434772307,0.0,0.0
2.9578754016516514e-06,0.9999970421245977,0.0,0.0
2.7717293438526203e-06,0.9999972282706555,0.0,0.0
2.597297864976449e-06,0.9999974027021343,0.0,0.0
2.433843744635412e-06,0.9999975661562547,0.0,0.0
2.280676156649108e-06,0.9999977193238427,0.0,0.0
2.1371477494536913e-06,0.99999786285225,0.0,0.0
2.0026519102344407e-06,0.9999979973480891,0.0,0.0
1.8766202012211813e-06,0.9999981233797982,0.0,0.0
1.7585199573134048e-06,0.9999982414800421,0.0,0.0
1.6478520348835079e-06,0.9999983521479645,0.0,0.0
1.5441487022452743e-06,0.9999984558512971,0.0,0.0
1.4469716628732554e-06,0.9999985530283364,0.0,0.0
1.3559102030195816e-06,0.9999986440897962,0.0,0.0
1.2705794559003393e-06,0.9999987294205432,0.0,0.0
1.1906187751161775e-06,0.999998809381224,0.0,0.0
1.115690210433352e-06,0.9999988843097887,0.0,0.0
1.045477079483937e-06,0.9999989545229196,0.0,0.0
9.796826293492273e-07,0.9999990203173698,0.0,0.0
9.180287823701615e-07,0.9999990819712168,0.0,0.0
8.602549608844985e-07,0.9999991397450383,0.0,0.0
8.061169859240071e-07,0.9999991938830132,0.0,0.0
7.553860452174452e-07,0.999999244613954,0.0,0.0
7.078477261379858e-07,0.999999292152273,0.0,0.0
6.63301109508181e-07,0.9999993366988896,0.0,0.0
6.215579204327311e-07,0.9999993784420786,0.0,0.0
5.824417325703197e-07,0.9999994175582665,0.0,0.0
5.457872224816004e-07,0.9999994542127766,0.0,0.0
5.114394709020439e-07,0.9999994885605281,0.0,0.0
4.792533079866543e-07,0.999999520746691,0.0,0.0
4.4909269975939193e-07,0.9999995509072991,0.0,0.0
4.208301731742713e-07,0.9999995791698256,0.0,0.0
3.9434627735827824e-07,0.9999996056537215,0.0,0.0
3.695290787591588e-07,0.9999996304709201,0.0,0.0
3.4627368806441826e-07,0.9999996537263108,0.0,0.0
3.244818168921387e-07,0.999999675518182,0.0,0.0
3.040613623800432e-07,0.9999996959386366,0.0,0.0
2.849260179171389e-07,0.999999715073981,0.0,0.0
2.669949083727546e-07,0.9999997330050906,0.0,0.0
2.501922482813201e-07,0.9999997498077506,0.0,0.0
2.3444702153825074e-07,0.9999997655529773,0.0,0.0
2.1969268125321207e-07,0.9999997803073177,0.0,0.0
2.0586686849223046e-07,0.9999997941331304,0.0,0.0
1.9291114871994453e-07,0.9999998070888502,0.0,0.0
1.8077076482809855e-07,0.9999998192292341,0.0,0.0
1.693944057064773e-07,0.9999998306055932,0.0,0.0
1.5873398937816994e-07,0.9999998412660095,0.0,0.0
1.4874445978260264e-07,0.999999851255539,0.0,0.0
1.3938359634746175e-07,0.9999998606164024,0.0,0.0
1.306118355446775e-07,0.9999998693881632,0.0,0.0
1.2239210367628916e-07,0.9999998776078951,0.0,0.0
1.1468966018347229e-07,0.9999998853103387,0.0,0.0
1.074719508164851e-07,0.999999892528048,0.0,0.0
1.0070847004496607e-07,0.9999998992915288,0.0,0.0
9.437063212706816e-08,0.9999999056293667,0.0,0.0
8.843165029251132e-08,0.9999999115683486,0.0,0.0
8.2866423528927e-08,0.9999999171335753,0.0,0.0
7.76514304930032e-08,0.9999999223485684,0.0,0.0
7.276463009805084e-08,0.9999999272353688,0.0,0.0
6.818536835782986e-08,0.9999999318146305,0.0,0.0
6.389429109291447e-08,0.9999999361057078,0.0,0.0
5.987326213065512e-08,0.9999999401267368,0.0,0.0
5.6105286653012543e-08,0.9999999438947123,0.0,0.0
5.257443936829691e-08,0.9999999474255595,0.0,0.0
4.926579720323239e-08,0.9999999507342017,0.0,0.0
4.616537623087292e-08,0.9999999538346226,0.0,0.0
4.326007256779702e-08,0.9999999567399263,0.0,0.0
4.0537606990785895e-08,0.9999999594623918,0.0,0.0
3.798647303890892e-08,0.9999999620135257,0.0,0.0
3.5595888381671624e-08,0.9999999644041104,0.0,0.0
3.33557492476852e-08,0.9999999666442495,0.0,0.0
3.1256587721251596e-08,0.9999999687434111,0.0,0.0
2.9289531726379426e-08,0.9999999707104671,0.0,0.0
2.7446267529104337e-08,0.9999999725537313,0.0,0.0
2.5719004599630765e-08,0.9999999742809942,0.0,0.0
2.4100442685785925e-08,0.9999999758995561,0.0,0.0
2.258374095862277e-08,0.9999999774162579,0.0,0.0
2.1162489099766583e-08,0.9999999788375098,0.0,0.0
1.983068020830654e-08,0.9999999801693187,0.0,0.0
1.8582685412723868e-08,0.9999999814173135,0.0,0.0
1.7413230080554467e-08,0.9999999825867688,0.0,0.0
1.6317371525236643e-08,0.9999999836826273,0.0,0.0
1.5290478115922487e-08,0.9999999847095208,0.0,0.0
1.4328209701960845e-08,0.9999999856717892,0.0,0.0
1.342649926931645e-08,0.9999999865734996,0.0,0.0
1.2581535751396418e-08,0.9999999874184631,0.0,0.0
1.1789747921634354e-08,0.999999988210251,0.0,0.0
1.1047789299754448e-08,0.9999999889522097,0.0,0.0
1.0352524007922138e-08,0.999999989647475,0.0,0.0
9.701013517002624e-09,0.9999999902989856,0.0,0.0
9.090504226910537e-09,0.9999999909094949,0.0,0.0
8.51841582855935e-09,0.9999999914815833,0.0,0.0
7.982330398222484e-09,0.9999999920176686,0.0,0.0
7.47998217821366e-09,0.9999999925200168,0.0,0.0
7.00924800069466e-09,0.999999992990751,0.0,0.0
6.568138314136943e-09,0.9999999934318606,0.0,0.0
6.1547887745105635e-09,0.9999999938452102,0.0,0.0
5.767452365660705e-09,0.9999999942325466,0.0,0.0
5.404492015568738e-09,0.9999999945955069,0.0,0.0
5.064373677290526e-09,0.9999999949356253,0.0,0.0
4.745659845328711e-09,0.999999995254339,0.0,0.0
4.447003480035985e-09,0.9999999955529953,0.0,0.0
4.16714231437097e-09,0.9999999958328566,0.0,0.0
3.904893518944287e-09,0.9999999960951054,0.0,0.0
3.6591487028066992e-09,0.9999999963408501,0.0,0.0
3.428869228850261e-09,0.9999999965711297,0.0,0.0
3.2130818240230695e-09,0.9999999967869171,0.0,0.0
3.0108744658042664e-09,0.9999999969891245,0.0,0.0
2.8213925275535333e-09,0.9999999971786064,0.0,0.0
2.643835166443462e-09,0.9999999973561638,0.0,0.0
2.477451938708446e-09,0.9999999975225471,0.0,0.0
2.3215396279044935e-09,0.9999999976784594,0.0,0.0
2.1754392727746516e-09,0.9999999978245597,0.0,0.0
2.038533382158353e-09,0.9999999979614657,0.0,0.0
1.9102433251735454e-09,0.9999999980897557,0.0,0.0
1.7900268856412411e-09,0.9999999982099722,0.0,0.0
1.677375970416302e-09,0.9999999983226231,0.0,0.0
1.5718144619387503e-09,0.9999999984281845,0.0,0.0
1.4728962059294438e-09,0.9999999985271028,0.0,0.0
1.3802031257251421e-09,0.9999999986197959,0.0,0.0
1.2933434552832256e-09,0.9999999987066556,0.0,0.0
1.2119500833878874e-09,0.999999998788049,0.0,0.0
1.1356790020596117e-09,0.9999999988643201,0.0,0.0
1.0642078526101574e-09,0.9999999989357913,0.0,0.0
9.972345631979745e-10,0.9999999990027646,0.0,0.0
9.344760721256978e-10,0.9999999990655232,0.0,0.0
8.756671314837527e-10,0.9999999991243321,0.0,0.0
8.205591860836898e-10,0.99999999917944,0.0,0.0
7.689193229430757e-10,0.99999999923108,0.0,0.0
7.205292868819525e-10,0.99999999927947,0.0,0.0
6.751845580702991e-10,0.9999999993248148,0.0,0.0
6.326934876277582e-10,0.9999999993673058,0.0,0.0
5.928764876222587e-10,0.9999999994071227,0.0,0.0
5.555652720440677e-10,0.9999999994444339,0.0,0.0
5.206021455472647e-10,0.999999999479397,0.0,0.0
4.878393369525104e-10,0.9999999995121598,0.0,0.0
4.571383746941699e-10,0.9999999995428608,0.0,0.0
4.2836950157212643e-10,0.9999999995716297,0.0,0.0
4.0141112633474144e-10,0.9999999995985881,0.0,0.0
3.761493097750846e-10,0.9999999996238499,0.0,0.0
3.524772831684264e-10,0.999999999647522,0.0,0.0
3.3029499701567545e-10,0.9999999996697042,0.0,0.0
3.0950869818553197e-10,0.9999999996904906,0.0,0.0
2.900305336681531e-10,0.9999999997099687,0.0,0.0
2.7177817926560194e-10,0.9999999997282211,0.0,0.0
2.5467449164974386e-10,0.9999999997453248,0.0,0.0
2.3864718231701923e-10,0.9999999997613521,0.0,0.0
2.2362851206206564e-10,0.9999999997763708,0.0,0.0
2.09555004678887e-10,0.9999999997904443,0.0,0.0
1.9636717867953174e-10,0.9999999998036322,0.0,0.0
1.8400929589639204e-10,0.9999999998159901,0.0,0.0
1.724291259055959e-10,0.9999999998275702,0.0,0.0
1.615777252758302e-10,0.9999999998384216,0.0,0.0
1.5140923070959296e-10,0.99999999984859,0.0,0.0
1.418806652025897e-10,0.9999999998581185,0.0,0.0
1.329517564020083e-10,0.9999999998670475,0.0,0.0
1.2458476639596688e-10,0.9999999998754144,0.0,0.0
1.1674433221474167e-10,0.9999999998832548,0.0,0.0
1.0939731636965573e-10,0.9999999998906018,0.0,0.0
1.0251266679793304e-10,0.9999999998974864,0.0,0.0
9.606128562157673e-11,0.9999999999039378,0.0,0.0
9.001590616558282e-11,0.9999999999099833,0.0,0.0
8.43509777157085e-11,0.9999999999156483,0.0,0.0
7.904255752872525e-11,0.9999999999209567,0.0,0.0
7.406820963873967e-11,0.999999999925931,0.0,0.0
6.940691003188805e-11,0.9999999999305923,0.0,0.0
6.503895778862734e-11,0.9999999999349604,0.0,0.0
6.094589181806595e-11,0.9999999999390533,0.0,0.0
5.71104128324138e-11,0.9999999999428888,0.0,0.0
5.3516310231777167e-11,0.9999999999464829,0.0,0.0
5.014839359027833e-11,0.9999999999498509,0.0,0.0
4.699242845392674e-11,0.9999999999530068,0.0,0.0
4.403507617889238e-11,0.9999999999559642,0.0,0.0
4.126383755590869e-11,0.9999999999587356,0.0,0.0
3.866699998253419e-11,0.9999999999613324,0.0,0.0
3.623358795999723e-11,0.9999999999637659,0.0,0.0
3.395331670539938e-11,0.9999999999660462,0.0,0.0
3.181654868322002e-11,0.9999999999681829,0.0,0.0
2.981425287240334e-11,0.9999999999701852,0.0,0.0
2.79379665968703e-11,0.9999999999720615,0.0,0.0
2.617975975813308e-11,0.9999999999738196,0.0,0.0
2.4532201318841396e-11,0.9999999999754672,0.0,0.0
2.2988327895603975e-11,0.9999999999770111,0.0,0.0
2.1541614328343152e-11,0.9999999999784578,0.0,0.0
2.0185946101794322e-11,0.9999999999798135,0.0,0.0
1.8915593502590148e-11,0.9999999999810838,0.0,0.0
1.7725187402704765e-11,0.9999999999822742,0.0,0.0
1.6609696566907012e-11,0.9999999999833897,0.0,0.0
1.5564406388313e-11,0.9999999999844351,0.0,0.0
1.4584898962164097e-11,0.9999999999854147,0.0,0.0
1.3667034413612385e-11,0.9999999999863326,0.0,0.0
1.2806933400595802e-11,0.9999999999871926,0.0,0.0
1.2000960717851547e-11,0.9999999999879986,0.0,0.0
1.1245709932770353e-11,0.999999999988754,0.0,0.0
1.0537988988155288e-11,0.9999999999894617,0.0,0.0
9.874806711035311e-12,0.9999999999901249,0.0,0.0
9.253360170513307e-12,0.9999999999907463,0.0,0.0
8.671022831216664e-12,0.9999999999913287,0.0,0.0
8.125333452281162e-12,0.9999999999918744,0.0,0.0
7.613985684949853e-12,0.9999999999923856,0.0,0.0
7.134818324821334e-12,0.9999999999928648,0.0,0.0
6.685806177548657e-12,0.9999999999933139,0.0,0.0
6.265051499382905e-12,0.9999999999937347,0.0,0.0
5.870775976384979e-12,0.9999999999941289,0.0,0.0
5.501313208405867e-12,0.9999999999944984,0.0,0.0
5.155101666069014e-12,0.9999999999948446,0.0,0.0
4.830678090987603e-12,0.999999999995169,0.0,0.0
4.526671311322836e-12,0.999999999995473,0.0,0.0
4.241796446544754e-12,0.999999999995758,0.0,0.0
3.974849476902114e-12,0.9999999999960248,0.0,0.0
3.724702154649241e-12,0.9999999999962749,0.0,0.0
3.4902972355222433e-12,0.9999999999965092,0.0,0.0
3.2706440103104676e-12,0.999999999996729,0.0,0.0
3.0648141176374666e-12,0.9999999999969347,0.0,0.0
2.8719376202542308e-12,0.9999999999971275,0.0,0.0
2.6911993282612138e-12,0.9999999999973084,0.0,0.0
2.5218353537192773e-12,0.9999999999974777,0.0,0.0
2.3631298820876795e-12,0.9999999999976364,0.0,0.0
2.2144121468436315e-12,0.9999999999977852,0.0,0.0
2.0750535944966884e-12,0.9999999999979247,0.0,0.0
1.9444652280159496e-12,0.9999999999980552,0.0,0.0
1.8220951174420957e-12,0.9999999999981776,0.0,0.0
1.7074260671629079e-12,0.9999999999982923,0.0,0.0
1.599973429993025e-12,0.9999999999983997,0.0,0.0
1.499283058819192e-12,0.9999999999985004,0.0,0.0
1.404929387153647e-12,0.9999999999985948,0.0,0.0
1.3165136304831322e-12,0.9999999999986833,0.0,0.0
1.2336621008115613e-12,0.9999999999987661,0.0,0.0
1.1560246272727724e-12,0.9999999999988437,0.0,0.0
1.083273076138112e-12,0.9999999999989164,0.0,0.0
1.015099963963684e-12,0.9999999999989846,0.0,0.0
9.512171580157443e-13,0.9999999999990485,0.0,0.0
8.913546584816117e-13,0.9999999999991084,0.0,0.0
8.352594573191216e-13,0.9999999999991646,0.0,0.0
7.826944689215683e-13,0.9999999999992171,0.0,0.0
7.334375280786054e-13,0.9999999999992665,0.0,0.0
6.872804509979972e-13,0.9999999999993127,0.0,0.0
6.440281554196459e-13,0.9999999999993558,0.0,0.0
6.034978361030659e-13,0.9999999999993964,0.0,0.0
5.655181922035142e-13,0.9999999999994342,0.0,0.0
5.299287032712948e-13,0.9999999999994698,0.0,0.0
4.96578950814255e-13,0.9999999999995032,0.0,0.0
4.6532798255607e-13,0.9999999999995345,0.0,0.0
4.3604371670335797e-13,0.9999999999995637,0.0,0.0
4.086023837037731e-13,0.9999999999995911,0.0,0.0
3.8288800313567136e-13,0.9999999999996169,0.0,0.0
3.58791893518432e-13,0.9999999999996411,0.0,0.0
3.3621221297165396e-13,0.9999999999996636,0.0,0.0
3.1505352878183005e-13,0.9999999999996848,0.0,0.0
2.9522641405727816e-13,0.9999999999997047,0.0,0.0
2.7664706976659645e-13,0.9999999999997233,0.0,0.0
2.592369705631942e-13,0.9999999999997408,0.0,0.0
2.4292253289897964e-13,0.9999999999997571,0.0,0.0
2.2763480402449223e-13,0.9999999999997725,0.0,0.0
2.1330917056104263e-13,0.9999999999997868,0.0,0.0
1.9988508541314407e-13,0.9999999999998002,0.0,0.0
1.873058118670347e-13,0.9999999999998128,0.0,0.0
1.7551818379372662e-13,0.9999999999998246,0.0,0.0
1.6447238094308304e-13,0.9999999999998357,0.0,0.0
1.5412171837920689e-13,0.9999999999998461,0.0,0.0
1.4442244916719256e-13,0.9999999999998558,0.0,0.0
1.353335794772991e-13,0.9999999999998649,0.0,0.0
1.2681669532508491e-13,0.9999999999998734,0.0,0.0
1.1883580021522365e-13,0.9999999999998813,0.0,0.0
1.11357163002805e-13,0.9999999999998889,0.0,0.0
1.0434917532910847e-13,0.9999999999998959,0.0,0.0
9.778221802930393e-14,0.9999999999999024,0.0,0.0
9.162853594745331e-14,0.9999999999999085,0.0,0.0
8.586212062972068e-14,0.9999999999999143,0.0,0.0
8.045860039999477e-14,0.9999999999999197,0.0,0.0
7.539513735333066e-14,0.9999999999999248,0.0,0.0
7.065033083185429e-14,0.9999999999999295,0.0,0.0
6.62041269751723e-14,0.9999999999999339,0.0,0.0
6.203773396300315e-14,0.999999999999938,0.0,0.0
5.813354259180362e-14,0.9999999999999418,0.0,0.0
5.447505184970892e-14,0.9999999999999456,0.0,0.0
5.104679917522992e-14,0.9999999999999489,0.0,0.0
4.7834295104946785e-14,0.9999999999999523,0.0,0.0
4.482396203398838e-14,0.9999999999999553,0.0,0.0
4.200307683046951e-14,0.999999999999958,0.0,0.0
3.935971706134659e-14,0.9999999999999608,0.0,0.0
3.688271060241614e-14,0.9999999999999631,0.0,0.0
3.456158841948341e-14,0.9999999999999655,0.0,0.0
3.238654032113136e-14,0.9999999999999676,0.0,0.0
3.0348373496079756e-14,0.9999999999999696,0.0,0.0
2.8438473659892983e-14,0.9999999999999715,0.0,0.0
2.6648768646823738e-14,0.9999999999999732,0.0,0.0
2.4971694292914042e-14,0.999999999999975,0.0,0.0
2.3400162466158848e-14,0.9999999999999766,0.0,0.0
2.1927531108612317e-14,0.999999999999978,0.0,0.0
2.0547576163819998e-14,0.9999999999999793,0.0,0.0
1.925446527092866e-14,0.9999999999999807,0.0,0.0
1.804273311429228e-14,0.9999999999999819,0.0,0.0
1.690725832438961e-14,0.9999999999999831,0.0,0.0
1.5843241832425356e-14,0.9999999999999841,0.0,0.0
1.4846186587131047e-14,0.9999999999999851,0.0,0.0
1.3911878548038835e-14,0.9999999999999861,0.0,0.0
1.3036368874896637e-14,0.9999999999999869,0.0,0.0
1.2215957237948379e-14,0.9999999999999878,0.0,0.0
1.1447176178540483e-14,0.9999999999999885,0.0,0.0
1.0726776453954907e-14,0.9999999999999892,0.0,0.0
1.0051713304528877e-14,0.9999999999999899,0.0,0.0
9.41913358501948e-15,0.9999999999999905,0.0,0.0
8.826363705824003e-15,0.999999999999991,0.0,0.0
8.270898333089741e-15,0.9999999999999916,0.0,0.0
7.750389799954466e-15,0.9999999999999922,0.0,0.0
7.262638184164277e-15,0.9999999999999926,0.0,0.0
6.805582010132043e-15,0.999999999999993,0.0,0.0
6.377289536138793e-15,0.9999999999999934,0.0,0.0
5.975950589853558e-15,0.9999999999999939,0.0,0.0
5.5998689176645625e-15,0.9999999999999943,0.0,0.0
5.247455015486353e-15,0.9999999999999946,0.0,0.0
4.9172194107423386e-15,0.9999999999999949,0.0,0.0
4.607766367129158e-15,0.9999999999999951,0.0,0.0
4.3177879855561255e-15,0.9999999999999954,0.0,0.0
4.046058676327466e-15,0.9999999999999958,0.0,0.0
3.7914299792040995e-15,0.999999999999996,0.0,0.0
3.552825709452011e-15,0.9999999999999963,0.0,0.0
3.329237409362082e-15,0.9999999999999966,0.0,0.0
3.1197200860172556e-15,0.9999999999999968,0.0,0.0
2.923388217292799e-15,0.9999999999999969,0.0,0.0
2.7394120092090523e-15,0.999999999999997,0.0,0.0
2.5670138888184342e-15,0.9999999999999971,0.0,0.0
2.405465217803925e-15,0.9999999999999973,0.0,0.0
2.254083212899106e-15,0.9999999999999974,0.0,0.0
2.1122280601139466e-15,0.9999999999999976,0.0,0.0
1.9793002105696554e-15,0.9999999999999978,0.0,0.0
1.8547378465134776e-15,0.9999999999999979,0.0,0.0
1.7380145068035855e-15,0.999999999999998,0.0,0.0
1.6286368618282038e-15,0.9999999999999981,0.0,0.0
1.526142628454698e-15,0.9999999999999983,0.0,0.0
1.4300986161961864e-15,0.9999999999999984,0.0,0.0
1.3400988963378247e-15,0.9999999999999986,0.0,0.0
1.255763086284598e-15,0.9999999999999987,0.0,0.0
1.1767347418794444e-15,0.9999999999999989,0.0,0.0
1.1026798508968613e-15,0.999999999999999,0.0,0.0
1.0332854213447642e-15,0.999999999999999,0.0,0.0
9.6825815860808e-16,0.999999999999999,0.0,0.0
9.073232258430337e-16,0.999999999999999,0.0,0.0
8.502230823829579e-16,0.999999999999999,0.0,0.0
7.967163952461584e-16,0.999999999999999,0.0,0.0
7.465770191453417e-16,0.999999999999999,0.0,0.0
6.995930406876254e-16,0.999999999999999,0.0,0.0
6.555658827254585e-16,0.999999999999999,0.0,0.0
6.143094650730013e-16,0.999999999999999,0.0,0.0
5.756494180407443e-16,0.999999999999999,0.0,0.0
5.39422345464381e-16,0.999999999999999,0.0,0.0
5.054751341131362e-16,0.999999999999999,0.0,0.0
4.736643065587731e-16,0.999999999999999,0.0,0.0
4.4385541477018985e-16,0.999999999999999,0.0,0.0
4.1592247187063953e-16,0.999999999999999,0.0,0.0
3.897474196559049e-16,0.999999999999999,0.0,0.0
3.6521962962290005e-16,0.999999999999999,0.0,0.0
3.4223543539980284e-16,0.999999999999999,0.0,0.0
3.2069769460154077e-16,0.999999999999999,0.0,0.0
3.0051537825881827e-16,0.999999999999999,0.0,0.0
2.81603186085413e-16,0.999999999999999,0.0,0.0
2.6388118595767324e-16,0.999999999999999,0.0,0.0
2.4727447608248174e-16,0.999999999999999,0.0,0.0
2.3171286842584335e-16,0.999999999999999,0.0,0.0
2.1713059206411134e-16,0.999999999999999,0.0,0.0
2.034660152040709e-16,0.999999999999999,0.0,0.0
1.9066138469700138e-16,0.999999999999999,0.0,0.0
1.7866258194577666e-16,0.999999999999999,0.0,0.0
1.6741889417334848e-16,0.999999999999999,0.0,0.0
1.568828000858824e-16,0.999999999999999,0.0,0.0
1.4700976902465397e-16,0.999999999999999,0.0,0.0
1.3775807275782375e-16,0.999999999999999,0.0,0.0
1.2908860911663166e-16,0.999999999999999,0.0,0.0
1.209647367306111e-16,0.999999999999999,0.0,0.0
1.1335212016333374e-16,0.999999999999999,0.0,0.0
1.0621858479415339e-16,0.999999999999999,0.0,0.0
9.95339808326081e-17,0.999999999999999,0.0,0.0
9.327005589074005e-17,0.999999999999999,0.0,0.0
8.740033557476094e-17,0.999999999999999,0.0,0.0
8.190001159138592e-17,0.999999999999999,0.0,0.0
7.674583689591853e-17,0.999999999999999,0.0,0.0
7.191602743893165e-17,0.999999999999999,0.0,0.0
6.739017009627816e-17,0.999999999999999,0.0,0.0
6.314913639329865e-17,0.999999999999999,0.0,0.0
5.917500165858278e-17,0.999999999999999,0.0,0.0
5.545096926558875e-17,0.999999999999999,0.0,0.0
5.196129964192904e-17,0.999999999999999,0.0,0.0
4.869124374628131e-17,0.999999999999999,0.0,0.0
4.5626980731765276e-17,0.999999999999999,0.0,0.0
4.2755559532320936e-17,0.999999999999999,0.0,0.0
4.006484412520351e-17,0.999999999999999,0.0,0.0
3.7543462238247966e-17,0.999999999999999,0.0,0.0
3.518075728511502e-17,0.999999999999999,0.0,0.0
3.296674332537351e-17,0.999999999999999,0.0,0.0
3.0892062859058657e-17,0.999999999999999,0.0,0.0
2.894794727732539e-17,0.999999999999999,0.0,0.0
2.7126179802042058e-17,0.999999999999999,0.0,0.0
2.5419060757689093e-17,0.999999999999999,0.0,0.0
2.3819375028784887e-17,0.999999999999999,0.0,0.0
2.2320361565298106e-17,0.999999999999999,0.0,0.0
2.091568480716145e-17,0.999999999999999,0.0,0.0
1.959940790711298e-17,0.999999999999999,0.0,0.0
1.83659676386917e-17,0.999999999999999,0.0,0.0
1.7210150883336392e-17,0.999999999999999,0.0,0.0
1.6127072597210753e-17,0.999999999999999,0.0,0.0
1.5112155164631882e-17,0.999999999999999,0.0,0.0
1.4161109050839698e-17,0.999999999999999,0.0,0.0
1.326991467233647e-17,0.999999999999999,0.0,0.0
1.2434805408171706e-17,0.999999999999999,0.0,0.0
1.1652251680369783e-17,0.999999999999999,0.0,0.0
1.091894603621654e-17,0.999999999999999,0.0,0.0
1.0231789169355234e-17,0.999999999999999,0.0,0.0
9.587876820610283e-18,0.999999999999999,0.0,0.0
8.984487503175246e-18,0.999999999999999,0.0,0.0
8.419071000285771e-18,0.999999999999999,0.0,0.0
7.889237586763029e-18,0.999999999999999,0.0,0.0
7.392747928872662e-18,0.999999999999999,0.0,0.0
6.927503619811147e-18,0.999999999999999,0.0,0.0
6.491538310817896e-18,0.999999999999999,0.0,0.0
6.083009400428904e-18,0.999999999999999,0.0,0.0
5.700190246746653e-18,0.999999999999999,0.0,0.0
5.341462869811559e-18,0.999999999999999,0.0,0.0
5.005311113231625e-18,0.999999999999999,0.0,0.0
4.6903142361680135e-18,0.999999999999999,0.0,0.0
4.39514090859317e-18,0.999999999999999,0.0,0.0
4.1185435844425205e-18,0.999999999999999,0.0,0.0
3.859353228877957e-18,0.999999999999999,0.0,0.0
3.6164743773779495e-18,0.999999999999999,0.0,0.0
3.38888050577161e-18,0.999999999999999,0.0,0.0
3.1756096916482097e-18,0.999999999999999,0.0,0.0
2.9757605488051614e-18,0.999999999999999,0.0,0.0
2.7884884175514595e-18,0.999999999999999,0.0,0.0
2.6130017947649576e-18,0.999999999999999,0.0,0.0
2.4485589886151604e-18,0.999999999999999,0.0,0.0
2.294464983812762e-18,0.999999999999999,0.0,0.0
2.1500685041369574e-18,0.999999999999999,0.0,0.0
2.0147592598253278e-18,0.999999999999999,0.0,0.0
1.8879653681924417e-18,0.999999999999999,0.0,0.0
1.7691509365754413e-18,0.999999999999999,0.0,0.0
1.6578137973909747e-18,0.999999999999999,0.0,0.0
1.5534833857307159e-18,0.999999999999999,0.0,0.0
1.4557187505251647e-18,0.999999999999999,0.0,0.0
1.364106690869933e-18,0.999999999999999,0.0,0.0
1.2782600096377285e-18,0.999999999999999,0.0,0.0
1.1978158769949482e-18,0.999999999999999,0.0,0.0
1.1224342969063101e-18,0.999999999999999,0.0,0.0
1.0517966701462217e-18,0.999999999999999,0.0,0.0
9.856044477434754e-19,0.999999999999999,0.0,0.0
9.235778691680721e-19,0.999999999999999,0.0,0.0
8.654547799271367e-19,0.999999999999999,0.0,0.0
8.109895235725098e-19,0.999999999999999,0.0,0.0
7.599519034371028e-19,0.999999999999999,0.0,0.0
7.12126209711807e-19,0.999999999999999,0.0,0.0
6.673103077509121e-19,0.999999999999999,0.0,0.0
6.253147837527683e-19,0.999999999999999,0.0,0.0
5.859621442049227e-19,0.999999999999999,0.0,0.0
5.490860657101978e-19,0.999999999999999,0.0,0.0
5.14530692023109e-19,0.999999999999999,0.0,0.0
4.821499753255577e-19,0.999999999999999,0.0,0.0
4.518070589577096e-19,0.999999999999999,0.0,0.0
4.233736989951782e-19,0.999999999999999,0.0,0.0
3.9672972222781854e-19,0.999999999999999,0.0,0.0
3.7176251824928456e-19,0.999999999999999,0.0,0.0
3.483665635106746e-19,0.999999999999999,0.0,0.0
3.264429753266834e-19,0.999999999999999,0.0,0.0
3.0589909394927415e-19,0.999999999999999,0.0,0.0
2.8664809094251043e-19,0.999999999999999,0.0,0.0
2.6860860220334993e-19,0.999999999999999,0.0,0.0
2.517043840773663e-19,0.999999999999999,0.0,0.0
2.3586399111597857e-19,0.999999999999999,0.0,0.0
2.2102047411323143e-19,0.999999999999999,0.0,0.0
2.0711109714588508e-19,0.999999999999999,0.0,0.0
1.9407707242088634e-19,0.999999999999999,0.0,0.0
1.8186331180955895e-19,0.999999999999999,0.0,0.0
1.7041819401837524e-19,0.999999999999999,0.0,0.0
1.5969334641225907e-19,0.999999999999999,0.0,0.0
1.4964344056830014e-19,0.999999999999999,0.0,0.0
1.4022600069578938e-19,0.999999999999999,0.0,0.0
1.3140122411286584e-19,0.999999999999999,0.0,0.0
1.2313181302102165e-19,0.999999999999999,0.0,0.0
1.1538281686646285e-19,0.999999999999999,0.0,0.0
1.0812148462206764e-19,0.999999999999999,0.0,0.0
1.0131712636561483e-19,0.999999999999999,0.0,0.0
9.494098356924376e-20,0.999999999999999,0.0,0.0
8.896610755192644e-20,0.999999999999999,0.0,0.0
8.336724558123292e-20,0.999999999999999,0.0,0.0
7.812073414300011e-20,0.999999999999999,0.0,0.0
7.320439892781028e-20,0.999999999999999,0.0,0.0
6.859746111157309e-20,0.999999999999999,0.0,0.0
6.428044953410751e-20,0.999999999999999,0.0,0.0
6.023511840454742e-20,0.999999999999999,0.0,0.0
5.644437018575407e-20,0.999999999999999,0.0,0.0
5.289218333180732e-20,0.999999999999999,0.0,0.0
4.9563544573159125e-20,0.999999999999999,0.0,0.0
4.6444385463253516e-20,0.999999999999999,0.0,0.0
4.352152291842803e-20,0.999999999999999,0.0,0.0
4.078260349978952e-20,0.999999999999999,0.0,0.0
3.821605120157222e-20,0.999999999999999,0.0,0.0
3.5811018525306436e-20,0.999999999999999,0.0,0.0
3.3557340633013417e-20,0.999999999999999,0.0,0.0
3.1445492385655544e-20,0.999999999999999,0.0,0.0
2.946654808526542e-20,0.999999999999999,0.0,0.0
2.7612143750604475e-20,0.999999999999999,0.0,0.0
2.5874441766909732e-20,0.999999999999999,0.0,0.0
2.4246097760321367e-20,0.999999999999999,0.0,0.0
2.2720229556986208e-20,0.999999999999999,0.0,0.0
2.1290388095643297e-20,0.999999999999999,0.0,0.0
1.9950530170753986e-20,0.999999999999999,0.0,0.0
1.86949928909757e-20,0.999999999999999,0.0,0.0
1.7518469745028495e-20,0.999999999999999,0.0,0.0
1.6415988173797145e-20,0.999999999999999,0.0,0.0
1.5382888553877476e-20,0.999999999999999,0.0,0.0
1.4414804503741283e-20,0.999999999999999,0.0,0.0
1.3507644429284014e-20,0.999999999999999,0.0,0.0
1.2657574230757822e-20,0.999999999999999,0.0,0.0
1.1861001098000978e-20,0.999999999999999,0.0,0.0
1.1114558325474465e-20,0.999999999999999,0.0,0.0
1.0415091082926698e-20,0.999999999999999,0.0,0.0
9.759643081546257e-21,0.999999999999999,0.0,0.0
9.145444079247339e-21,0.999999999999999,0.0,0.0
8.569898172279159e-21,0.999999999999999,0.0,0.0
8.030572823673967e-21,0.999999999999999,0.0,0.0
7.525188582162554e-21,0.999999999999999,0.0,0.0
7.051609448104388e-21,0.999999999999999,0.0,0.0
6.6078338457141044e-21,0.999999999999999,0.0,0.0
6.191986163428615e-21,0.999999999999999,0.0,0.0
5.802308826660268e-21,0.999999999999999,0.0,0.0
5.4371548694317086e-21,0.999999999999999,0.0,0.0
5.0949809734965126e-21,0.999999999999999,0.0,0.0
4.7743409455255575e-21,0.999999999999999,0.0,0.0
4.473879604790535e-21,0.999999999999999,0.0,0.0
4.192327055510989e-21,0.999999999999999,0.0,0.0
3.9284933196570286e-21,0.999999999999999,0.0,0.0
3.681263307523323e-21,0.999999999999999,0.0,0.0
3.449592104817597e-21,0.999999999999999,0.0,0.0
3.232500556344544e-21,0.999999999999999,0.0,0.0
3.0290711276196805e-21,0.999999999999999,0.0,0.0
2.8384440269222943e-21,0.999999999999999,0.0,0.0
2.6598135713973994e-21,0.999999999999999,0.0,0.0
2.492424781848081e-21,0.999999999999999,0.0,0.0
2.335570191826163e-21,0.999999999999999,0.0,0.0
2.188586857534859e-21,0.999999999999999,0.0,0.0
2.050853555905814e-21,0.999999999999999,0.0,0.0
1.9217881590082287e-21,0.999999999999999,0.0,0.0
1.800845173693061e-21,0.999999999999999,0.0,0.0
1.6875134360736293e-21,0.999999999999999,0.0,0.0
1.5813139510983825e-21,0.999999999999999,0.0,0.0
1.481797868084811e-21,0.999999999999999,0.0,0.0
1.3885445836581264e-21,0.999999999999999,0.0,0.0
1.3011599640768056e-21,0.999999999999999,0.0,0.0
1.2192746794316777e-21,0.999999999999999,0.0,0.0
1.142542642678073e-21,0.999999999999999,0.0,0.0
1.0706395469036258e-21,0.999999999999999,0.0,0.0
1.003261494649507e-21,0.999999999999999,0.0,0.0
9.40123713491938e-22,0.999999999999999,0.0,0.0
8.809593524554052e-22,0.999999999999999,0.0,0.0
8.255183541706312e-22,0.999999999999999,0.0,0.0
7.735663980104972e-22,0.999999999999999,0.0,0.0
7.248839097370901e-22,0.999999999999999,0.0,0.0
6.792651334741653e-22,0.999999999999999,0.0,0.0
6.365172620827277e-22,0.999999999999999,0.0,0.0
5.964596222642732e-22,0.999999999999999,0.0,0.0
5.589229109475449e-22,0.999999999999999,0.0,0.0
5.237484797313983e-22,0.999999999999999,0.0,0.0
4.907876643594868e-22,0.999999999999999,0.0,0.0
4.599011563927984e-22,0.999999999999999,0.0,0.0
4.3095841442442895e-22,0.999999999999999,0.0,0.0
4.038371123480961e-22,0.999999999999999,0.0,0.0
3.7842262234851104e-22,0.999999999999999,0.0,0.0
3.546075304284721e-22,0.999999999999999,0.0,0.0
3.322911824250629e-22,0.999999999999999,0.0,0.0
3.1137925859619824e-22,0.999999999999999,0.0,0.0
2.917833749795136e-22,0.999999999999999,0.0,0.0
2.734207098387475e-22,0.999999999999999,0.0,0.0
2.5621365361879667e-22,0.999999999999999,0.0,0.0
2.4008948092998416e-22,0.999999999999999,0.0,0.0
2.2498004317518684e-22,0.999999999999999,0.0,0.0
2.1082148052071376e-22,0.999999999999999,0.0,0.0
1.9755395199358568e-22,0.999999999999999,0.0,0.0
1.8512138256447444e-22,0.999999999999999,0.0,0.0
1.7347122614735242e-22,0.999999999999999,0.0,0.0
1.6255424351417263e-22,0.999999999999999,0.0,0.0
1.5232429418593939e-22,0.999999999999999,0.0,0.0
1.427381414205999e-22,0.999999999999999,0.0,0.0
1.3375526947354046e-22,0.999999999999999,0.0,0.0
1.2533771235834155e-22,0.999999999999999,0.0,0.0
1.1744989338405118e-22,0.999999999999999,0.0,0.0
1.1005847479078336e-22,0.999999999999999,0.0,0.0
1.0313221684812814e-22,0.999999999999999,0.0,0.0
9.664184582085485e-23,0.999999999999999,0.0,0.0
9.05599302438673e-23,0.999999999999999,0.0,0.0
8.486076498348869e-23,0.999999999999999,0.0,0.0
7.952026259506282e-23,0.999999999999999,0.0,0.0
7.45158515176961e-23,0.999999999999999,0.0,0.0
6.982638067586156e-23,0.999999999999999,0.0,0.0
6.543203008466517e-23,0.999999999999999,0.0,0.0
6.131422708094844e-23,0.999999999999999,0.0,0.0
5.745556782617974e-23,0.999999999999999,0.0,0.0
5.383974374936663e-23,0.999999999999999,0.0,0.0
5.045147261910197e-23,0.999999999999999,0.0,0.0
4.7276433953420124e-23,0.999999999999999,0.0,0.0
4.4301208494474254e-23,0.999999999999999,0.0,0.0
4.1513221492225035e-23,0.999999999999999,0.0,0.0
3.8900689557430245e-23,0.999999999999999,0.0,0.0
3.6452570859309963e-23,0.999999999999999,0.0,0.0
3.41585184573986e-23,0.999999999999999,0.0,0.0
3.200883657034137e-23,0.999999999999999,0.0,0.0
2.999443959680594e-23,0.999999999999999,0.0,0.0
2.810681371531165e-23,0.999999999999999,0.0,0.0
2.633798090067854e-23,0.999999999999999,0.0,0.0
2.4680465205012158e-23,0.999999999999999,0.0,0.0
2.312726116071119e-23,0.999999999999999,0.0,0.0
2.1671804171953683e-23,0.999999999999999,0.0,0.0
2.030794276952188e-23,0.999999999999999,0.0,0.0
1.9029912611701015e-23,0.999999999999999,0.0,0.0
1.7832312121367247e-23,0.999999999999999,0.0,0.0
1.6710079656295234e-23,0.999999999999999,0.0,0.0
1.5658472116195935e-23,0.999999999999999,0.0,0.0
1.467304489606759e-23,0.999999999999999,0.0,0.0
1.374963310113296e-23,0.999999999999999,0.0,0.0
1.2884333943968079e-23,0.999999999999999,0.0,0.0
1.2073490249424128e-23,0.999999999999999,0.0,0.0
1.1313674997626296e-23,0.999999999999999,0.0,0.0
1.0601676839720776e-23,0.999999999999999,0.0,0.0
9.934486525152387e-24,0.999999999999999,0.0,0.0
9.309284183107934e-24,0.999999999999999,0.0,0.0
8.723427404370477e-24,0.999999999999999,0.0,0.0
8.174440073212613e-24,0.999999999999999,0.0,0.0
7.660001902126952e-24,0.999999999999999,0.0,0.0
7.177938625162442e-24,0.999999999999999,0.0,0.0
6.726212808418829e-24,0.999999999999999,0.0,0.0
6.302915238859909e-24,0.999999999999999,0.0,0.0
5.9062568550505425e-24,0.999999999999999,0.0,0.0
5.53456118571276e-24,0.999999999999999,0.0,0.0
5.186257264142656e-24,0.999999999999999,0.0,0.0
4.859872988540923e-24,0.999999999999999,0.0,0.0
4.5540289001945714e-24,0.999999999999999,0.0,0.0
4.267432353213389e-24,0.999999999999999,0.0,0.0
3.998872051179626e-24,0.999999999999999,0.0,0.0
3.747212927620117e-24,0.999999999999999,0.0,0.0
3.511391348663231e-24,0.999999999999999,0.0,0.0
3.2904106176047426e-24,0.999999999999999,0.0,0.0
3.0833367623827327e-24,0.999999999999999,0.0,0.0
2.8892945881573396e-24,0.999999999999999,0.0,0.0
2.7074639783116414e-24,0.999999999999999,0.0,0.0
2.5370764282399017e-24,0.999999999999999,0.0,0.0
2.3774117972732773e-24,0.999999999999999,0.0,0.0
2.2277952650150527e-24,0.999999999999999,0.0,0.0
2.0875944792213864e-24,0.999999999999999,0.0,0.0
1.956216883173134e-24,0.999999999999999,0.0,0.0
1.83310721124291e-24,0.999999999999999,0.0,0.0
1.7177451420724493e-24,0.999999999999999,0.0,0.0
1.6096430994414436e-24,0.999999999999999,0.0,0.0
1.508344191533262e-24,0.999999999999999,0.0,0.0
1.4134202798878863e-24,0.999999999999999,0.0,0.0
1.324470169880517e-24,0.999999999999999,0.0,0.0
1.2411179150779359e-24,0.999999999999999,0.0,0.0
1.1630112283060044e-24,0.999999999999999,0.0,0.0
1.0898199927127027e-24,0.999999999999999,0.0,0.0
1.0212348665337332e-24,0.999999999999999,0.0,0.0
9.569659756637495e-25,0.999999999999999,0.0,0.0
8.967416885073831e-25,0.999999999999999,0.0,0.0
8.403074679319908e-25,0.999999999999999,0.0,0.0
7.874247954699166e-25,0.999999999999999,0.0,0.0
7.378701632234238e-25,0.999999999999999,0.0,0.0
6.914341292115975e-25,0.999999999999999,0.0,0.0
6.479204321666538e-25,0.999999999999999,0.0,0.0
6.071451620383538e-25,0.999999999999999,0.0,0.0
5.689359827006714e-25,0.999999999999999,0.0,0.0
5.331314035754946e-25,0.999999999999999,0.0,0.0
4.995800970948878e-25,0.999999999999999,0.0,0.0
4.681402591171795e-25,0.999999999999999,0.0,0.0
4.386790095936801e-25,0.999999999999999,0.0,0.0
4.110718309529599e-25,0.999999999999999,0.0,0.0
3.8520204182902238e-25,0.999999999999999,0.0,0.0
3.6096030390909344e-25,0.999999999999999,0.0,0.0
3.382441598167262e-25,0.999999999999999,0.0,0.0
3.169576000770892e-25,0.999999999999999,0.0,0.0
2.9701065733422353e-25,0.999999999999999,0.0,0.0
2.783190261052336e-25,0.999999999999999,0.0,0.0
2.608037064643069e-25,0.999999999999999,0.0,0.0
2.4439067015059996e-25,0.999999999999999,0.0,0.0
2.2901054768879774e-25,0.999999999999999,0.0,0.0
2.145983351999673e-25,0.999999999999999,0.0,0.0
2.010931196635456e-25,0.999999999999999,0.0,0.0
1.8843782146928435e-25,0.999999999999999,0.0,0.0
1.7657895317105151e-25,0.999999999999999,0.0,0.0
1.654663934228661e-25,0.999999999999999,0.0,0.0
1.5505317514170913e-25,0.999999999999999,0.0,0.0
1.4529528700178455e-25,0.999999999999999,0.0,0.0
1.361514874212478e-25,0.999999999999999,0.0,0.0
1.2758313025521963e-25,0.999999999999999,0.0,0.0
1.1955400145837906e-25,0.999999999999999,0.0,0.0
1.1203016602679214e-25,0.999999999999999,0.0,0.0
1.0497982457207817e-25,0.999999999999999,0.0,0.0
9.837317892172614e-26,0.999999999999999,0.0,0.0
9.218230617752282e-26,0.999999999999999,0.0,0.0
8.638104069980233e-26,0.999999999999999,0.0,0.0
8.094486351872501e-26,0.999999999999999,0.0,0.0
7.585079870518407e-26,0.999999999999999,0.0,0.0
7.107731626335289e-26,0.999999999999999,0.0,0.0
6.660424113444976e-26,0.999999999999999,0.0,0.0
6.241266792712563e-26,0.999999999999999,0.0,0.0
5.848488101408404e-26,0.999999999999999,0.0,0.0
5.480427965722272e-26,0.999999999999999,0.0,0.0
5.135530784483917e-26,0.999999999999999,0.0,0.0
4.812338854435829e-26,0.999999999999999,0.0,0.0
4.509486209270191e-26,0.999999999999999,0.0,0.0
4.2256928463908115e-26,0.999999999999999,0.0,0.0
3.9597593169995183e-26,0.999999999999999,0.0,0.0
3.7105616566420833e-26,0.999999999999999,0.0,0.0
3.4770466347877067e-26,0.999999999999999,0.0,0.0
3.258227303364465e-26,0.999999999999999,0.0,0.0
3.053178825436674e-26,0.999999999999999,0.0,0.0
2.861034566394131e-26,0.999999999999999,0.0,0.0
2.680982431132686e-26,0.999999999999999,0.0,0.0
2.5122614317453049e-26,0.999999999999999,0.0,0.0
2.3541584712170034e-26,0.999999999999999,0.0,0.0
2.2060053295299868e-26,0.999999999999999,0.0,0.0
2.0671758394408117e-26,0.999999999999999,0.0,0.0
1.9370832399930233e-26,0.999999999999999,0.0,0.0
1.8151776965799362e-26,0.999999999999999,0.0,0.0
1.700943977076127e-26,0.999999999999999,0.0,0.0
1.5938992742158465e-26,0.999999999999999,0.0,0.0
1.49359116501466e-26,0.999999999999999,0.0,0.0
1.3995956986098435e-26,0.999999999999999,0.0,0.0
1.3115156044378106e-26,0.999999999999999,0.0,0.0
1.2289786131754678e-26,0.999999999999999,0.0,0.0
1.1516358833489698e-26,0.999999999999999,0.0,0.0
1.0791605269599629e-26,0.999999999999999,0.0,0.0
1.0112462278978938e-26,0.999999999999999,0.0,0.0
9.476059472991255e-27,0.999999999999999,0.0,0.0
8.879707103810729e-27,0.999999999999999,0.0,0.0
8.320884696239336e-27,0.999999999999999,0.0,0.0
7.797230394952649e-27,0.999999999999999,0.0,0.0
7.306530982150355e-27,0.999999999999999,0.0,0.0
6.846712523421238e-27,0.999999999999999,0.0,0.0
6.415831602287534e-27,0.999999999999999,0.0,0.0
6.012067106381547e-27,0.999999999999999,0.0,0.0
5.6337125305389375e-27,0.999999999999999,0.0,0.0
5.279168764277793e-27,0.999999999999999,0.0,0.0
4.946937333179872e-27,0.999999999999999,0.0,0.0
4.6356140656088034e-27,0.999999999999999,0.0,0.0
4.3438831579977165e-27,0.999999999999999,0.0,0.0
4.070511613623312e-27,0.999999999999999,0.0,0.0
3.814344031361943e-27,0.999999999999999,0.0,0.0
3.5742977224024384e-27,0.999999999999999,0.0,0.0
3.3493581342765316e-27,0.999999999999999,0.0,0.0
3.1385745628666137e-27,0.999999999999999,0.0,0.0
2.9410561342676832e-27,0.999999999999999,0.0,0.0
2.7559680395208686e-27,0.999999999999999,0.0,0.0
2.582528006304691e-27,0.999999999999999,0.0,0.0
2.4200029926717075e-27,0.999999999999999,0.0,0.0
2.267706088856669e-27,0.999999999999999,0.0,0.0
2.1249936140617116e-27,0.999999999999999,0.0,0.0
1.991262395948201e-27,0.999999999999999,0.0,0.0
1.8659472213370235e-27,0.999999999999999,0.0,0.0
1.7485184473427534e-27,0.999999999999999,0.0,0.0
1.638479762845182e-27,0.999999999999999,0.0,0.0
1.535366090837103e-27,0.999999999999999,0.0,0.0
1.4387416227826488e-27,0.999999999999999,0.0,0.0
1.348197976678428e-27,0.999999999999999,0.0,0.0
1.2633524710325272e-27,0.999999999999999,0.0,0.0
1.1838465074663764e-27,0.999999999999999,0.0,0.0
1.1093440551035685e-27,0.999999999999999,0.0,0.0
1.0395302303399177e-27,0.999999999999999,0.0,0.0
9.741099659921782e-28,0.999999999999999,0.0,0.0
9.12806764200598e-28,0.999999999999999,0.0,0.0
8.553615278144652e-28,0.999999999999999,0.0,0.0
8.015314653215151e-28,0.999999999999999,0.0,0.0
7.510890646928982e-28,0.999999999999999,0.0,0.0
7.038211318066765e-28,0.999999999999999,0.0,0.0
6.595278893857592e-28,0.999999999999999,0.0,0.0
6.180221326419515e-28,0.999999999999999,0.0,0.0
5.791284380574568e-28,0.999999999999999,0.0,0.0
5.426824219597589e-28,0.999999999999999,0.0,0.0
5.085300457562598e-28,0.999999999999999,0.0,0.0
4.765269648922582e-28,0.999999999999999,0.0,0.0
4.465379187806471e-28,0.999999999999999,0.0,0.0
4.184361591248774e-28,0.999999999999999,0.0,0.0
3.9210291421900184e-28,0.999999999999999,0.0,0.0
3.6742688696067164e-28,0.999999999999999,0.0,0.0
3.4430378445544277e-28,0.999999999999999,0.0,0.0
3.2263587722427274e-28,0.999999999999999,0.0,0.0
3.023315861512032e-28,0.999999999999999,0.0,0.0
2.8330509542546874e-28,0.999999999999999,0.0,0.0
2.6547598984213686e-28,0.999999999999999,0.0,0.0
2.4876891492833532e-28,0.999999999999999,0.0,0.0
2.3311325845859475e-28,0.999999999999999,0.0,0.0
2.1844285201323586e-28,0.999999999999999,0.0,0.0
2.0469569131844092e-28,0.999999999999999,0.0,0.0
1.9181367418603214e-28,0.999999999999999,0.0,0.0
1.7974235494536114e-28,0.999999999999999,0.0,0.0
1.684307143294209e-28,0.999999999999999,0.0,0.0
1.5783094384260566e-28,0.999999999999999,0.0,0.0
1.47898243698753e-28,0.999999999999999,0.0,0.0
1.3859063347545533e-28,0.999999999999999,0.0,0.0
1.2986877468437403e-28,0.999999999999999,0.0,0.0
1.2169580450765237e-28,0.999999999999999,0.0,0.0
1.1403717999771566e-28,0.999999999999999,0.0,0.0
1.068605320819722e-28,0.999999999999999,0.0,0.0
1.0013552875536691e-28,0.999999999999999,0.0,0.0
9.383374688257358e-29,0.999999999999999,0.0,0.0
8.792855206799897e-29,0.999999999999999,0.0,0.0
8.239498608587116e-29,0.999999999999999,0.0,0.0
7.72096613946369e-29,0.999999999999999,0.0,0.0
7.235066228983459e-29,0.999999999999999,0.0,0.0
6.77974522776666e-29,0.999999999999999,0.0,0.0
6.353078727778691e-29,0.999999999999999,0.0,0.0
5.953263428845655e-29,0.999999999999999,0.0,0.0
5.578609517030641e-29,0.999999999999999,0.0,0.0
5.227533522658046e-29,0.999999999999999,0.0,0.0
4.898551627800469e-29,0.999999999999999,0.0,0.0
4.5902733949423764e-29,0.999999999999999,0.0,0.0
4.3013958903148e-29,0.999999999999999,0.0,0.0
4.030698177063441e-29,0.999999999999999,0.0,0.0
3.77703615497562e-29,0.999999999999999,0.0,0.0
3.539337724956248e-29,0.999999999999999,0.0,0.0
3.3165982578155463e-29,0.999999999999999,0.0,0.0
3.1078763482174036e-29,0.999999999999999,0.0,0.0
2.9122898358424947e-29,0.999999999999999,0.0,0.0
2.7290120769496616e-29,0.999999999999999,0.0,0.0
2.557268450577352e-29,0.999999999999999,0.0,0.0
2.3963330846186344e-29,0.999999999999999,0.0,0.0
2.245525787932589e-29,0.999999999999999,0.0,0.0
2.1042091755256754e-29,0.999999999999999,0.0,0.0
1.9717859746527045e-29,0.999999999999999,0.0,0.0
1.847696500451685e-29,0.999999999999999,0.0,0.0
1.7314162904433465e-29,0.999999999999999,0.0,0.0
1.6224538878975848e-29,0.999999999999999,0.0,0.0
1.5203487646982623e-29,0.999999999999999,0.0,0.0
1.424669374927369e-29,0.999999999999999,0.0,0.0
1.3350113309420576e-29,0.999999999999999,0.0,0.0
1.2509956942357557e-29,0.999999999999999,0.0,0.0
1.1722673738597086e-29,0.999999999999999,0.0,0.0
1.0984936256359023e-29,0.999999999999999,0.0,0.0
1.0293626458183086e-29,0.999999999999999,0.0,0.0
9.645822532585826e-30,0.999999999999999,0.0,0.0
9.038786545064035e-30,0.999999999999999,0.0,0.0
8.469952866251708e-30,0.999999999999999,0.0,0.0
7.936917328322338e-30,0.999999999999999,0.0,0.0
7.437427063806206e-30,0.999999999999999,0.0,0.0
6.969370983876588e-30,0.999999999999999,0.0,0.0
6.530770855861473e-30,0.999999999999999,0.0,0.0
6.119772942269999e-30,0.999999999999999,0.0,0.0
5.734640165996111e-30,0.999999999999999,0.0,0.0
5.37374476858573e-30,0.999999999999999,0.0,0.0
5.0355614305377294e-30,0.999999999999999,0.0,0.0
4.718660824561759e-30,0.999999999999999,0.0,0.0
4.421703574545844e-30,0.999999999999999,0.0,0.0
4.143434594701414e-30,0.999999999999999,0.0,0.0
3.8826777849602494e-30,0.999999999999999,0.0,0.0
3.6383310602034936e-30,0.999999999999999,0.0,0.0
3.409361692313853e-30,0.999999999999999,0.0,0.0
3.194801945364218e-30,0.999999999999999,0.0,0.0
2.9937449854948962e-30,0.999999999999999,0.0,0.0
2.8053410481926075e-30,0.999999999999999,0.0,0.0
2.6287938467722956e-30,0.999999999999999,0.0,0.0
2.4633572068822565e-30,0.999999999999999,0.0,0.0
2.3083319128083647e-30,0.999999999999999,0.0,0.0
2.1630627522483424e-30,0.999999999999999,0.0,0.0
2.0269357470658542e-30,0.999999999999999,0.0,0.0
1.8993755583202408e-30,0.999999999999999,0.0,0.0
1.7798430546042937e-30,0.999999999999999,0.0,0.0
1.6678330334126768e-30,0.999999999999999,0.0,0.0
1.5628720859103887e-30,0.999999999999999,0.0,0.0
1.4645165960767473e-30,0.999999999999999,0.0,0.0
1.3723508657682948e-30,0.999999999999999,0.0,0.0
1.2859853577762341e-30,0.999999999999999,0.0,0.0
1.2050550494527006e-30,0.999999999999999,0.0,0.0
1.1292178899474927e-30,0.999999999999999,0.0,0.0
1.0581533545347945e-30,0.999999999999999,0.0,0.0
9.915610899197696e-31,0.999999999999999,0.0,0.0
9.291596447994362e-31,0.999999999999999,0.0,0.0
8.706852803125522e-31,0.999999999999999,0.0,0.0
8.15890855350897e-31,0.999999999999999,0.0,0.0
7.645447820207298e-31,0.999999999999999,0.0,0.0
7.1643004683969915e-31,0.999999999999999,0.0,0.0
6.713432935323031e-31,0.999999999999999,0.0,0.0
6.290939635473502e-31,0.999999999999999,0.0,0.0
5.8950349066482765e-31,0.999999999999999,0.0,0.0
5.524045462881956e-31,0.999999999999999,0.0,0.0
5.176403322323428e-31,0.999999999999999,0.0,0.0
4.850639180181855e-31,0.999999999999999,0.0,0.0
4.545376198729902e-31,0.999999999999999,0.0,0.0
4.259324188117763e-31,0.999999999999999,0.0,0.0
3.991274153403265e-31,0.999999999999999,0.0,0.0
3.7400931847511453e-31,0.999999999999999,0.0,0.0
3.5047196692050022e-31,0.999999999999999,0.0,0.0
3.284158803794536e-31,0.999999999999999,0.0,0.0
3.077478391014294e-31,0.999999999999999,0.0,0.0
2.8838048989035566e-31,0.999999999999999,0.0,0.0
2.7023197690753583e-31,0.999999999999999,0.0,0.0
2.532255957090569e-31,0.999999999999999,0.0,0.0
2.372894690554979e-31,0.999999999999999,0.0,0.0
2.223562431237524e-31,0.999999999999999,0.0,0.0
2.083628028370092e-31,0.999999999999999,0.0,0.0
1.9525000510973596e-31,0.999999999999999,0.0,0.0
1.829624288802312e-31,0.999999999999999,0.0,0.0
1.7144814087425824e-31,0.999999999999999,0.0,0.0
1.6065847610976663e-31,0.999999999999999,0.0,0.0
1.5054783221500551e-31,0.999999999999999,0.0,0.0
1.410734766907181e-31,0.999999999999999,0.0,0.0
1.3219536630181327e-31,0.999999999999999,0.0,0.0
1.2387597783517584e-31,0.999999999999999,0.0,0.0
1.1608014950831517e-31,0.999999999999999,0.0,0.0
1.0877493235856868e-31,0.999999999999999,0.0,0.0
1.01929450984758e-31,0.999999999999999,0.0,0.0
9.551477305272484e-32,0.999999999999999,0.0,0.0
8.950378701321317e-32,0.999999999999999,0.0,0.0
8.387108751527408e-32,0.999999999999999,0.0,0.0
7.859286803089462e-32,0.999999999999999,0.0,0.0
7.364682023703019e-32,0.999999999999999,0.0,0.0
6.901203972977981e-32,0.999999999999999,0.0,0.0
6.466893767220656e-32,0.999999999999999,0.0,0.0
6.059915800238411e-32,0.999999999999999,0.0,0.0
5.678549985174999e-32,0.999999999999999,0.0,0.0
5.32118448458679e-32,0.999999999999999,0.0,0.0
4.986308898033691e-32,0.999999999999999,0.0,0.0
4.672507878392172e-32,0.999999999999999,0.0,0.0
4.378455149909849e-32,0.999999999999999,0.0,0.0
4.102907902719009e-32,0.999999999999999,0.0,0.0
3.84470154011757e-32,0.999999999999999,0.0,0.0
3.6027447564169096e-32,0.999999999999999,0.0,0.0
3.3760149245531874e-32,0.999999999999999,0.0,0.0
3.1635537739679237e-32,0.999999999999999,0.0,0.0
2.9644633404904904e-32,0.999999999999999,0.0,0.0
2.777902171104724e-32,0.999999999999999,0.0,0.0
2.603081767559167e-32,0.999999999999999,0.0,0.0
2.439263253789907e-32,0.999999999999999,0.0,0.0
2.2857542530709166e-32,0.999999999999999,0.0,0.0
2.1419059616932118e-32,0.999999999999999,0.0,0.0
2.0071104068047796e-32,0.999999999999999,0.0,0.0
1.8807978768215662e-32,0.999999999999999,0.0,0.0
1.7624345135491964e-32,0.999999999999999,0.0,0.0
1.651520055838557e-32,0.999999999999999,0.0,0.0
1.5475857252388373e-32,0.999999999999999,0.0,0.0
1.4501922447117658e-32,0.999999999999999,0.0,0.0
1.358927982033168e-32,0.999999999999999,0.0,0.0
1.2734072100349552e-32,0.999999999999999,0.0,0.0
1.19326847633448e-32,0.999999999999999,0.0,0.0
1.1181730756609473e-32,0.999999999999999,0.0,0.0
1.0478036183221798e-32,0.999999999999999,0.0,0.0
9.818626887613911e-33,0.999999999999999,0.0,0.0
9.200715885343698e-33,0.999999999999999,0.0,0.0
8.621691583942853e-33,0.999999999999999,0.0,0.0
8.079106745056747e-33,0.999999999999999,0.0,0.0
7.570668141224716e-33,0.999999999999999,0.0,0.0
7.094226863585315e-33,0.999999999999999,0.0,0.0
6.647769239542168e-33,0.999999999999999,0.0,0.0
6.22940832200405e-33,0.999999999999999,0.0,0.0
5.837375914228612e-33,0.999999999999999,0.0,0.0
5.470015096562838e-33,0.999999999999999,0.0,0.0
5.125773223494604e-33,0.999999999999999,0.0,0.0
4.803195361417489e-33,0.999999999999999,0.0,0.0
4.5009181393736257e-33,0.999999999999999,0.0,0.0
4.21766398678484e-33,0.999999999999999,0.0,0.0
3.952235733817939e-33,0.999999999999999,0.0,0.0
3.703511551562646e-33,0.999999999999999,0.0,0.0
3.470440210636938e-33,0.999999999999999,0.0,0.0
3.252036638180316e-33,0.999999999999999,0.0,0.0
3.0473777544567296e-33,0.999999999999999,0.0,0.0
2.855598571470593e-33,0.999999999999999,0.0,0.0
2.6758885371067564e-33,0.999999999999999,0.0,0.0
2.507488109342989e-33,0.999999999999999,0.0,0.0
2.3496855460559243e-33,0.999999999999999,0.0,0.0
2.201813896852633e-33,0.999999999999999,0.0,0.0
2.0632481842138338e-33,0.999999999999999,0.0,0.0
1.933402762034889e-33,0.999999999999999,0.0,0.0
1.811728840400486e-33,0.999999999999999,0.0,0.0
1.6977121661315068e-33,0.999999999999999,0.0,0.0
1.5908708493009428e-33,0.999999999999999,0.0,0.0
1.4907533265326545e-33,0.999999999999999,0.0,0.0
1.3969364524748907e-33,0.999999999999999,0.0,0.0
1.3090237113821977e-33,0.999999999999999,0.0,0.0
1.2266435412470014e-33,0.999999999999999,0.0,0.0
1.1494477633978224e-33,0.999999999999999,0.0,0.0
1.0771101109268456e-33,0.999999999999999,0.0,0.0
1.0093248497272596e-33,0.999999999999999,0.0,0.0
9.458054863122021e-34,0.999999999999999,0.0,0.0
8.862835569539245e-34,0.999999999999999,0.0,0.0
8.305074930254891e-34,0.999999999999999,0.0,0.0
7.782415577493791e-34,0.999999999999999,0.0,0.0
7.292648498592075e-34,0.999999999999999,0.0,0.0
6.833703699635113e-34,0.999999999999999,0.0,0.0
6.4036414566563115e-34,0.999999999999999,0.0,0.0
6.000644117420094e-34,0.999999999999999,0.0,0.0
5.623008419139377e-34,0.999999999999999,0.0,0.0
5.2691382896585095e-34,0.999999999999999,0.0,0.0
4.937538101675965e-34,0.999999999999999,0.0,0.0
4.626806351495834e-34,0.999999999999999,0.0,0.0
4.335629735591474e-34,0.999999999999999,0.0,0.0
4.062777599945966e-34,0.999999999999999,0.0,0.0
3.807096738709608e-34,0.999999999999999,0.0,0.0
3.5675065201910387e-34,0.999999999999999,0.0,0.0
3.342994319582052e-34,0.999999999999999,0.0,0.0
3.1326112391125826e-34,0.999999999999999,0.0,0.0
2.9354680975471545e-34,0.999999999999999,0.0,0.0
2.750731672072452e-34,0.999999999999999,0.0,0.0
2.5776211766924034e-34,0.999999999999999,0.0,0.0
2.415404962246761e-34,0.999999999999999,0.0,0.0
2.26339742410585e-34,0.999999999999999,0.0,0.0
2.1209561044719044e-34,0.999999999999999,0.0,0.0
1.9874789770398983e-34,0.999999999999999,0.0,0.0
1.8624019025415368e-34,0.999999999999999,0.0,0.0
1.7451962444182902e-34,0.999999999999999,0.0,0.0
1.6353666345461523e-34,0.999999999999999,0.0,0.0
1.5324488795689847e-34,0.999999999999999,0.0,0.0
1.4360079989915933e-34,0.999999999999999,0.0,0.0
1.3456363867405676e-34,0.999999999999999,0.0,0.0
1.2609520884227406e-34,0.999999999999999,0.0,0.0
1.181597187000128e-34,0.999999999999999,0.0,0.0
1.107236290058423e-34,0.999999999999999,0.0,0.0
1.037555112275506e-34,0.999999999999999,0.0,0.0
9.722591470987964e-35,0.999999999999999,0.0,0.0
9.110724220173021e-35,0.999999999999999,0.0,0.0
8.53736332167546e-35,0.999999999999999,0.0,0.0
8.00008547343619e-35,0.999999999999999,0.0,0.0
7.496619877918522e-35,0.999999999999999,0.0,0.0
7.024838644613185e-35,0.999999999999999,0.0,0.0
6.582747796537958e-35,0.999999999999999,0.0,0.0
6.168478842721004e-35,0.999999999999999,0.0,0.0
5.780280881049134e-35,0.999999999999999,0.0,0.0
5.416513198103764e-35,0.999999999999999,0.0,0.0
5.075638334707923e-35,0.999999999999999,0.0,0.0
4.7562155878758897e-35,0.999999999999999,0.0,0.0
4.456894921701578e-35,0.999999999999999,0.0,0.0
4.1764112614500883e-35,0.999999999999999,0.0,0.0
3.9135791467365037e-35,0.999999999999999,0.0,0.0
3.667287721193657e-35,0.999999999999999,0.0,0.0
3.436496037452764e-35,0.999999999999999,0.0,0.0
3.220228657593492e-35,0.999999999999999,0.0,0.0
3.017571530468824e-35,0.999999999999999,0.0,0.0
2.8276681284802815e-35,0.999999999999999,0.0,0.0
2.649715827475655e-35,0.999999999999999,0.0,0.0
2.4829625144689097e-35,0.999999999999999,0.0,0.0
2.3267034088448545e-35,0.999999999999999,0.0,0.0
2.180278083613433e-35,0.999999999999999,0.0,0.0
2.0430676741240104e-35,0.999999999999999,0.0,0.0
1.9144922624423234e-35,0.999999999999999,0.0,0.0
1.7940084263351967e-35,0.999999999999999,0.0,0.0
1.6811069425038477e-35,0.999999999999999,0.0,0.0
1.5753106343585236e-35,0.999999999999999,0.0,0.0
1.4761723552381166e-35,0.999999999999999,0.0,0.0
1.383273098550868e-35,0.999999999999999,0.0,0.0
1.296220226848692e-35,0.999999999999999,0.0,0.0
1.214645812350328e-35,0.999999999999999,0.0,0.0
1.1382050818995649e-35,0.999999999999999,0.0,0.0
1.0665749597861737e-35,0.999999999999999,0.0,0.0
9.994527022708006e-36,0.999999999999999,0.0,0.0
9.365546180426602e-36,0.999999999999999,0.0,0.0
8.77614869202059e-36,0.999999999999999,0.0,0.0
8.22384347700119e-36,0.999999999999999,0.0,0.0
7.706296224869881e-36,0.999999999999999,0.0,0.0
7.221319529186753e-36,0.999999999999999,0.0,0.0
6.76686364252686e-36,0.999999999999999,0.0,0.0
6.341007813250536e-36,0.999999999999999,0.0,0.0
5.941952167472649e-36,0.999999999999999,0.0,0.0
5.5680101019200436e-36,0.999999999999999,0.0,0.0
5.2176011555256875e-36,0.999999999999999,0.0,0.0
4.889244329631412e-36,0.999999999999999,0.0,0.0
4.5815518285671736e-36,0.999999999999999,0.0,0.0
4.2932231941514864e-36,0.999999999999999,0.0,0.0
4.0230398093225555e-36,0.999999999999999,0.0,0.0
3.769859747669803e-36,0.999999999999999,0.0,0.0
3.5326129470973785e-36,0.999999999999999,0.0,0.0
3.310296687221234e-36,0.999999999999999,0.0,0.0
3.101971351385021e-36,0.999999999999999,0.0,0.0
2.90675645538304e-36,0.999999999999999,0.0,0.0
2.7238269261056897e-36,0.999999999999999,0.0,0.0
2.5524096143791636e-36,0.999999999999999,0.0,0.0
2.391780027260956e-36,0.999999999999999,0.0,0.0
2.2412592659802663e-36,0.999999999999999,0.0,0.0
2.1002111565815575e-36,0.999999999999999,0.0,0.0
1.968039561143963e-36,0.999999999999999,0.0,0.0
1.8441858582124504e-36,0.999999999999999,0.0,0.0
1.728126581791821e-36,0.999999999999999,0.0,0.0
1.619371208924782e-36,0.999999999999999,0.0,0.0
1.5174600865033245e-36,0.999999999999999,0.0,0.0
1.421962488551094e-36,0.999999999999999,0.0,0.0
1.3324747957658986e-36,0.999999999999999,0.0,0.0
1.248618789628202e-36,0.999999999999999,0.0,0.0
1.1700400538656825e-36,0.999999999999999,0.0,0.0
1.0964064765176656e-36,0.999999999999999,0.0,0.0
1.0274068462684279e-36,0.999999999999999,0.0,0.0
9.627495371167934e-37,0.999999999999999,0.0,0.0
9.021612758227957e-37,0.999999999999999,0.0,0.0
8.453859869220369e-37,0.999999999999999,0.0,0.0
7.921837104262107e-37,0.999999999999999,0.0,0.0
7.423295876354675e-37,0.999999999999999,0.0,0.0
6.956129107761704e-37,0.999999999999999,0.0,0.0
6.518362324473477e-37,0.999999999999999,0.0,0.0
6.108145311119319e-37,0.999999999999999,0.0,0.0
5.723744291057433e-37,0.999999999999999,0.0,0.0
5.363534598591442e-37,0.999999999999999,0.0,0.0
5.025993812342867e-37,0.999999999999999,0.0,0.0
4.709695320757819e-37,0.999999999999999,0.0,0.0
4.413302292552628e-37,0.999999999999999,0.0,0.0
4.135562026614553e-37,0.999999999999999,0.0,0.0
3.875300657477525e-37,0.999999999999999,0.0,0.0
3.631418193995681e-37,0.999999999999999,0.0,0.0
3.402883870245707e-37,0.999999999999999,0.0,0.0
3.1887317890086474e-37,0.999999999999999,0.0,0.0
2.988056839418415e-37,0.999999999999999,0.0,0.0
2.8000108715229903e-37,0.999999999999999,0.0,0.0
2.623799111590159e-37,0.999999999999999,0.0,0.0
2.4586768030071133e-37,0.999999999999999,0.0,0.0
2.303946058576733e-37,0.999999999999999,0.0,0.0
2.1589529109068126e-37,0.999999999999999,0.0,0.0
2.023084548425751e-37,0.999999999999999,0.0,0.0
1.895766725342759e-37,0.999999999999999,0.0,0.0
1.7764613346058128e-37,0.999999999999999,0.0,0.0
1.6646641335995e-37,0.999999999999999,0.0,0.0
1.5599026129704468e-37,0.999999999999999,0.0,0.0
1.4617339995729442e-37,0.999999999999999,0.0,0.0
1.369743385094257e-37,0.999999999999999,0.0,0.0
1.2835419724502665e-37,0.999999999999999,0.0,0.0
1.2027654325398706e-37,0.999999999999999,0.0,0.0
1.1270723644129802e-37,0.999999999999999,0.0,0.0
1.0561428523440347e-37,0.999999999999999,0.0,0.0
9.896771137125286e-38,0.999999999999999,0.0,0.0
9.273942319758327e-38,0.999999999999999,0.0,0.0
8.690309693792374e-38,0.999999999999999,0.0,0.0
8.143406543851541e-38,0.999999999999999,0.0,0.0
7.630921391192079e-38,0.999999999999999,0.0,0.0
7.150688224268818e-38,0.999999999999999,0.0,0.0
6.700677344116764e-38,0.999999999999999,0.0,0.0
6.278986785855955e-38,0.999999999999999,0.0,0.0
5.883834280062699e-38,0.999999999999999,0.0,0.0
5.513549720032033e-38,0.999999999999999,0.0,0.0
5.166568103094395e-38,0.999999999999999,0.0,0.0
4.841422916153067e-38,0.999999999999999,0.0,0.0
4.536739937486473e-38,0.999999999999999,0.0,0.0
4.25123142861871e-38,0.999999999999999,0.0,0.0
3.983690691710355e-38,0.999999999999999,0.0,0.0
3.7329869694664123e-38,0.999999999999999,0.0,0.0
3.4980606660059507e-38,0.999999999999999,0.0,0.0
3.277918868494484e-38,0.999999999999999,0.0,0.0
3.071631150611348e-38,0.999999999999999,0.0,0.0
2.87832564011548e-38,0.999999999999999,0.0,0.0
2.697185333889216e-38,0.999999999999999,0.0,0.0
2.527444644885703e-38,0.999999999999999,0.0,0.0
2.3683861663856264e-38,0.999999999999999,0.0,0.0
2.2193376398874478e-38,0.999999999999999,0.0,0.0
2.0796691138159656e-38,0.999999999999999,0.0,0.0
1.9487902810405288e-38,0.999999999999999,0.0,0.0
1.8261479839499586e-38,0.999999999999999,0.0,0.0
1.7112238765394094e-38,0.999999999999999,0.0,0.0
1.6035322336280095e-38,0.999999999999999,0.0,0.0
1.5026178979479754e-38,0.999999999999999,0.0,0.0
1.408054356428594e-38,0.999999999999999,0.0,0.0
1.319441937544514e-38,0.999999999999999,0.0,0.0
1.2364061221094687e-38,0.999999999999999,0.0,0.0
1.1585959603760135e-38,0.999999999999999,0.0,0.0
1.0856825887511813e-38,0.999999999999999,0.0,0.0
1.0173578398589671e-38,0.999999999999999,0.0,0.0
9.533329400750949e-39,0.999999999999999,0.0,0.0
8.933372890292117e-39,0.999999999999999,0.0,0.0
8.371173159160932e-39,0.999999999999999,0.0,0.0
7.844354077820764e-39,0.999999999999999,0.0,0.0
7.350689052571332e-39,0.999999999999999,0.0,0.0
6.888091614880649e-39,0.999999999999999,0.0,0.0
6.454606602954069e-39,0.999999999999999,0.0,0.0
6.04840189826949e-39,0.999999999999999,0.0,0.0
5.66776068215327e-39,0.999999999999999,0.0,0.0
5.3110741796694064e-39,0.999999999999999,0.0,0.0
4.976834860154079e-39,0.999999999999999,0.0,0.0
4.663630065657761e-39,0.999999999999999,0.0,0.0
4.370136040365554e-39,0.999999999999999,0.0,0.0
4.095112335761204e-39,0.999999999999999,0.0,0.0
3.8373965678882635e-39,0.999999999999999,0.0,0.0
3.595899504550077e-39,0.999999999999999,0.0,0.0
3.369600461684678e-39,0.999999999999999,0.0,0.0
3.1575429894574445e-39,0.999999999999999,0.0,0.0
2.9588308298388525e-39,0.999999999999999,0.0,0.0
2.7726241285820706e-39,0.999999999999999,0.0,0.0
2.59813588559038e-39,0.999999999999999,0.0,0.0
2.4346286286719433e-39,0.999999999999999,0.0,0.0
2.281411296623589e-39,0.999999999999999,0.0,0.0
2.1378363184700145e-39,0.999999999999999,0.0,0.0
2.0032968765138397e-39,0.999999999999999,0.0,0.0
1.8772243416288447e-39,0.999999999999999,0.0,0.0
1.759085869956681e-39,0.999999999999999,0.0,0.0
1.6483821508495328e-39,0.999999999999999,0.0,0.0
1.544645296540438e-39,0.999999999999999,0.0,0.0
1.4474368646219888e-39,0.999999999999999,0.0,0.0
1.3563460049754442e-39,0.999999999999999,0.0,0.0
1.2709877233182776e-39,0.999999999999999,0.0,0.0
1.1910012540310646e-39,0.999999999999999,0.0,0.0
1.1160485353864865e-39,0.999999999999999,0.0,0.0
1.0458127807360257e-39,0.999999999999999,0.0,0.0
9.799971396154943e-40,0.999999999999999,0.0,0.0
9.183234431105739e-40,0.999999999999999,0.0,0.0
8.605310281796726e-40,0.999999999999999,0.0,0.0
8.063756359651163e-40,0.999999999999999,0.0,0.0
7.556283794364009e-40,0.999999999999999,0.0,0.0
7.080747760022622e-40,0.999999999999999,0.0,0.0
6.63513841002914e-40,0.999999999999999,0.0,0.0
6.2175723825111064e-40,0.999999999999999,0.0,0.0
5.826284840318057e-40,0.999999999999999,0.0,0.0
5.459622011961254e-40,0.999999999999999,0.0,0.0
5.116034201970917e-40,0.999999999999999,0.0,0.0
4.7940692411293535e-40,0.999999999999999,0.0,0.0
4.492366348897451e-40,0.999999999999999,0.0,0.0
4.2096503820941964e-40,0.999999999999999,0.0,0.0
3.9447264455213156e-40,0.999999999999999,0.0,0.0
3.696474841754932e-40,0.999999999999999,0.0,0.0
3.4638463387595913e-40,0.999999999999999,0.0,0.0
3.245857735323303e-40,0.999999999999999,0.0,0.0
3.0415877055709502e-40,0.999999999999999,0.0,0.0
2.850172904992981e-40,0.999999999999999,0.0,0.0
2.670804321531551e-40,0.999999999999999,0.0,0.0
2.5027238563020353e-40,0.999999999999999,0.0,0.0
2.3452211194983782e-40,0.999999999999999,0.0,0.0
2.197630427940215e-40,0.999999999999999,0.0,0.0
2.05932799157194e-40,0.999999999999999,0.0,0.0
1.929729277022501e-40,0.999999999999999,0.0,0.0
1.8082865370830346e-40,0.999999999999999,0.0,0.0
1.6944864956607204e-40,0.999999999999999,0.0,0.0
1.5878481784243371e-40,0.999999999999999,0.0,0.0
1.4879208799727763e-40,0.999999999999999,0.0,0.0
1.3942822589347805e-40,0.999999999999999,0.0,0.0
1.3065365529488657e-40,0.999999999999999,0.0,0.0
1.2243129059790707e-40,0.999999999999999,0.0,0.0
1.1472638008969515e-40,0.999999999999999,0.0,0.0
1.0750635907051529e-40,0.999999999999999,0.0,0.0
1.0074071221947917e-40,0.999999999999999,0.0,0.0
9.440084462195597e-41,0.999999999999999,0.0,0.0
8.845996091355355e-41,0.999999999999999,0.0,0.0
8.289295202987438e-41,0.999999999999999,0.0,0.0
7.767628908339553e-41,0.999999999999999,0.0,0.0
7.278792391894475e-41,0.999999999999999,0.0,0.0
6.820719592747168e-41,0.999999999999999,0.0,0.0
6.391474472426408e-41,0.999999999999999,0.0,0.0
5.989242832254445e-41,0.999999999999999,0.0,0.0
5.612324645660902e-41,0.999999999999999,0.0,0.0
5.259126873043543e-41,0.999999999999999,0.0,0.0
4.928156728808001e-41,0.999999999999999,0.0,0.0
4.618015372129718e-41,0.999999999999999,0.0,0.0
4.327391994772176e-41,0.999999999999999,0.0,0.0
4.0550582809736696e-41,0.999999999999999,0.0,0.0
3.7998632159874e-41,0.999999999999999,0.0,0.0
3.5607282213332654e-41,0.999999999999999,0.0,0.0
3.3366425962005477e-41,0.999999999999999,0.0,0.0
3.126659245734645e-41,0.999999999999999,0.0,0.0
2.9298906781535186e-41,0.999999999999999,0.0,0.0
2.7455052537757156e-41,0.999999999999999,0.0,0.0
2.572723670106539e-41,0.999999999999999,0.0,0.0
2.4108156681266253e-41,0.999999999999999,0.0,0.0
2.2590969458621035e-41,0.999999999999999,0.0,0.0
2.1169262661915916e-41,0.999999999999999,0.0,0.0
1.983702746666198e-41,0.999999999999999,0.0,0.0
1.8588633198880038e-41,0.999999999999999,0.0,0.0
1.741880353713345e-41,0.999999999999999,0.0,0.0
1.6322594212227155e-41,0.999999999999999,0.0,0.0
1.5295372110320978e-41,0.999999999999999,0.0,0.0
1.4332795691136862e-41,0.999999999999999,0.0,0.0
1.3430796638497757e-41,0.999999999999999,0.0,0.0
1.2585562665644515e-41,0.999999999999999,0.0,0.0
1.1793521402657603e-41,0.999999999999999,0.0,0.0
1.1051325297884106e-41,0.999999999999999,0.0,0.0
1.0355837469556083e-41,0.999999999999999,0.0,0.0
9.70411844780233e-42,0.999999999999999,0.0,0.0
9.093413751018847e-42,0.999999999999999,0.0,0.0
8.521142244089706e-42,0.999999999999999,0.0,0.0
7.9848852292545e-42,0.999999999999999,0.0,0.0
7.482376223515074e-42,0.999999999999999,0.0,0.0
7.011491379375876e-42,0.999999999999999,0.0,0.0
6.570240508431336e-42,0.999999999999999,0.0,0.0
6.156758669861569e-42,0.999999999999999,0.0,0.0
5.769298288285291e-42,0.999999999999999,0.0,0.0
5.406221767656191e-42,0.999999999999999,0.0,0.0
5.0659945699854484e-42,0.999999999999999,0.0,0.0
4.747178729637747e-42,0.999999999999999,0.0,0.0
4.448426775789021e-42,0.999999999999999,0.0,0.0
4.1684760373592974e-42,0.999999999999999,0.0,0.0
3.906143306350512e-42,0.999999999999999,0.0,0.0
3.66031983703395e-42,0.999999999999999,0.0,0.0
3.4299666598514695e-42,0.999999999999999,0.0,0.0
3.214110190224759e-42,0.999999999999999,0.0,0.0
3.0118381137133225e-42,0.999999999999999,0.0,0.0
2.8222955301298765e-42,0.999999999999999,0.0,0.0
2.644681340316305e-42,0.999999999999999,0.0,0.0
2.4782448603089347e-42,0.999999999999999,0.0,0.0
2.322282648582949e-42,0.999999999999999,0.0,0.0
2.1761355329663237e-42,0.999999999999999,0.0,0.0
2.039185824657587e-42,0.999999999999999,0.0,0.0
1.910854707572478e-42,0.999999999999999,0.0,0.0
1.79059979198562e-42,0.999999999999999,0.0,0.0
1.677912822127704e-42,0.999999999999999,0.0,0.0
1.572317528049376e-42,0.999999999999999,0.0,0.0
1.4733676126727548e-42,0.999999999999999,0.0,0.0
1.3806448655228895e-42,0.999999999999999,0.0,0.0
1.2937573951668594e-42,0.999999999999999,0.0,0.0
1.2123379728899499e-42,0.999999999999999,0.0,0.0
1.1360424806084712e-42,0.999999999999999,0.0,0.0
1.0645484564593458e-42,0.999999999999999,0.0,0.0
9.9755373191942e-43,0.999999999999999,0.0,0.0
9.347751546942988e-43,0.999999999999999,0.0,0.0
8.75947391979016e-43,0.999999999999999,0.0,0.0
8.208218090325324e-43,0.999999999999999,0.0,0.0
7.691654183263776e-43,0.999999999999999,0.0,0.0
7.207598948260197e-43,0.999999999999999,0.0,0.0
6.754006532430706e-43,0.999999999999999,0.0,0.0
6.328959833583387e-43,0.999999999999999,0.0,0.0
5.930662397611889e-43,0.999999999999999,0.0,0.0
5.557430825806516e-43,0.999999999999999,0.0,0.0
5.2076876599924204e-43,0.999999999999999,0.0,0.0
4.879954715424024e-43,0.999999999999999,0.0,0.0
4.572846833257244e-43,0.999999999999999,0.0,0.0
4.2850660261944325e-43,0.999999999999999,0.0,0.0
4.01539599255867e-43,0.999999999999999,0.0,0.0
3.762696975611231e-43,0.999999999999999,0.0,0.0
3.5259009463851886e-43,0.999999999999999,0.0,0.0
3.3040070896754725e-43,0.999999999999999,0.0,0.0
3.0960775741069873e-43,0.999999999999999,0.0,0.0
2.9012335884030253e-43,0.999999999999999,0.0,0.0
2.718651627101329e-43,0.999999999999999,0.0,0.0
2.5475600100194246e-43,0.999999999999999,0.0,0.0
2.3872356207588034e-43,0.999999999999999,0.0,0.0
2.2370008504632695e-43,0.999999999999999,0.0,0.0
2.0962207339143057e-43,0.999999999999999,0.0,0.0
1.9643002658591876e-43,0.999999999999999,0.0,0.0
1.8406818862293593e-43,0.999999999999999,0.0,0.0
1.7248431236203636e-43,0.999999999999999,0.0,0.0
1.6162943870735417e-43,0.999999999999999,0.0,0.0
1.5145768968264876e-43,0.999999999999999,0.0,0.0
1.4192607452866059e-43,0.999999999999999,0.0,0.0
1.3299430800325047e-43,0.999999999999999,0.0,0.0
1.2462464011637013e-43,0.999999999999999,0.0,0.0
1.1678169658024144e-43,0.999999999999999,0.0,0.0
1.0943232930040897e-43,0.999999999999999,0.0,0.0
1.0254547627576856e-43,0.999999999999999,0.0,0.0
9.60920303154409e-44,0.999999999999999,0.0,0.0
9.004471601762432e-44,0.999999999999999,0.0,0.0
8.437797449047905e-44,0.999999999999999,0.0,0.0
7.906785532781751e-44,0.999999999999999,0.0,0.0
7.409191538303762e-44,0.999999999999999,0.0,0.0
6.942912391346805e-44,0.999999999999999,0.0,0.0
6.505977369421968e-44,0.999999999999999,0.0,0.0
6.096539772586693e-44,0.999999999999999,0.0,0.0
5.712869118392527e-44,0.999999999999999,0.0,0.0
5.353343828024523e-44,0.999999999999999,0.0,0.0
5.016444372720386e-44,0.999999999999999,0.0,0.0
4.700746851502762e-44,0.999999999999999,0.0,0.0
4.4049169730810857e-44,0.999999999999999,0.0,0.0
4.1277044164875374e-44,0.999999999999999,0.0,0.0
3.867937546612434e-44,0.999999999999999,0.0,0.0
3.624518462304332e-44,0.999999999999999,0.0,0.0
3.396418356105712e-44,0.999999999999999,0.0,0.0
3.182673166012208e-44,0.999999999999999,0.0,0.0
2.982379500877629e-44,0.999999999999999,0.0,0.0
2.794690822243536e-44,0.999999999999999,0.0,0.0
2.6188138664559296e-44,0.999999999999999,0.0,0.0
2.454005291947182e-44,0.999999999999999,0.0,0.0
2.299568537512979e-44,0.999999999999999,0.0,0.0
2.154850878305847e-44,0.999999999999999,0.0,0.0
2.0192406671024357e-44,0.999999999999999,0.0,0.0
1.892164749184828e-44,0.999999999999999,0.0,0.0
1.7730860399099006e-44,0.999999999999999,0.0,0.0
1.6615012547283647e-44,0.999999999999999,0.0,0.0
1.556938782059448e-44,0.999999999999999,0.0,0.0
1.4589566900309453e-44,0.999999999999999,0.0,0.0
1.3671408586601562e-44,0.999999999999999,0.0,0.0
1.281103229581397e-44,0.999999999999999,0.0,0.0
1.200480165922582e-44,0.999999999999999,0.0,0.0
1.1249309153989172e-44,0.999999999999999,0.0,0.0
1.0541361701279909e-44,0.999999999999999,0.0,0.0
9.877967170793414e-45,0.999999999999999,0.0,0.0
9.25632173454642e-45,0.999999999999999,0.0,0.0
8.67379801653608e-45,0.999999999999999,0.0,0.0
8.127933988170942e-45,0.999999999999999,0.0,0.0
7.616422562540494e-45,0.999999999999999,0.0,0.0
7.137101843543648e-45,0.999999999999999,0.0,0.0
6.687945988664191e-45,0.999999999999999,0.0,0.0
6.267056646774878e-45,0.999999999999999,0.0,0.0
5.872654934782139e-45,0.999999999999999,0.0,0.0
5.503073919200824e-45,0.999999999999999,0.0,0.0
5.1567515708824425e-45,0.999999999999999,0.0,0.0
4.8322241631201513e-45,0.999999999999999,0.0,0.0
4.5281200852276946e-45,0.999999999999999,0.0,0.0
4.243154045445437e-45,0.999999999999999,0.0,0.0
3.976121638672186e-45,0.999999999999999,0.0,0.0
3.725894256063366e-45,0.999999999999999,0.0,0.0
3.491414314981051e-45,0.999999999999999,0.0,0.0
3.2716907891352903e-45,0.999999999999999,0.0,0.0
3.065795020024942e-45,0.999999999999999,0.0,0.0
2.8728567919751124e-45,0.999999999999999,0.0,0.0
2.692060654182415e-45,0.999999999999999,0.0,0.0
2.52264247422321e-45,0.999999999999999,0.0,0.0
2.363886208458285e-45,0.999999999999999,0.0,0.0
2.2151208756841258e-45,0.999999999999999,0.0,0.0
2.0757177212399632e-45,0.999999999999999,0.0,0.0
1.9450875595847295e-45,0.999999999999999,0.0,0.0
1.8226782841123625e-45,0.999999999999999,0.0,0.0
1.7079725336807234e-45,0.999999999999999,0.0,0.0
1.6004855059917505e-45,0.999999999999999,0.0,0.0
1.4997629085811214e-45,0.999999999999999,0.0,0.0
1.4053790387573178e-45,0.999999999999999,0.0,0.0
1.3169349843749725e-45,0.999999999999999,0.0,0.0
1.2340569378381006e-45,0.999999999999999,0.0,0.0
1.1563946162073659e-45,0.999999999999999,0.0,0.0
1.0836197807339895e-45,0.999999999999999,0.0,0.0
1.0154248495631314e-45,0.999999999999999,0.0,0.0
9.515215977433533e-46,0.999999999999999,0.0,0.0
8.916399390477724e-46,0.999999999999999,0.0,0.0
8.355267844582866e-46,0.999999999999999,0.0,0.0
7.829449724882736e-46,0.999999999999999,0.0,0.0
7.336722668227849e-46,0.999999999999999,0.0,0.0
6.8750041703977556e-46,0.999999999999999,0.0,0.0
6.442342784425206e-46,0.999999999999999,0.0,0.0
6.0369098728320194e-46,0.999999999999999,0.0,0.0
5.6569918789175875e-46,0.999999999999999,0.0,0.0
5.300983084434728e-46,0.999999999999999,0.0,0.0
4.9673788230432935e-46,0.999999999999999,0.0,0.0
4.654769120858304e-46,0.999999999999999,0.0,0.0
4.3618327372144436e-46,0.999999999999999,0.0,0.0
4.087331580460315e-46,0.999999999999999,0.0,0.0
3.830105475180874e-46,0.999999999999999,0.0,0.0
3.5890672587317725e-46,0.999999999999999,0.0,0.0
3.363198186361196e-46,0.999999999999999,0.0,0.0
3.151543625498986e-46,0.999999999999999,0.0,0.0
2.953209021015036e-46,0.999999999999999,0.0,0.0
2.7673561143941697e-46,0.999999999999999,0.0,0.0
2.5931994008478974e-46,0.999999999999999,0.0,0.0
2.430002809389085e-46,0.999999999999999,0.0,0.0
2.2770765918379115e-46,0.999999999999999,0.0,0.0
2.133774407610547e-46,0.999999999999999,0.0,0.0
1.99949059196944e-46,0.999999999999999,0.0,0.0
1.873657596189523e-46,0.999999999999999,0.0,0.0
1.755743588821226e-46,0.999999999999999,0.0,0.0
1.645250207912068e-46,0.999999999999999,0.0,0.0
1.541710454686627e-46,0.999999999999999,0.0,0.0
1.4446867197825518e-46,0.999999999999999,0.0,0.0
1.3537689337005266e-46,0.999999999999999,0.0,0.0
1.2685728336510973e-46,0.999999999999999,0.0,0.0
1.1887383394732045e-46,0.999999999999999,0.0,0.0
1.113928031760267e-46,0.999999999999999,0.0,0.0
1.0438257257616385e-46,0.999999999999999,0.0,0.0
9.781351350320472e-47,0.999999999999999,0.0,0.0
9.165786191809552e-47,0.999999999999999,0.0,0.0
8.588960104292147e-47,0.999999999999999,0.0,0.0
8.048435140134784e-47,0.999999999999999,0.0,0.0
7.541926777909395e-47,0.999999999999999,0.0,0.0
7.0672942668945e-47,0.999999999999999,0.0,0.0
6.622531579221319e-47,0.999999999999999,0.0,0.0
6.205758931424207e-47,0.999999999999999,0.0,0.0
5.815214839561324e-47,0.999999999999999,0.0,0.0
5.449248674326668e-47,0.999999999999999,0.0,0.0
5.106313684687694e-47,0.999999999999999,0.0,0.0
4.784960460563067e-47,0.999999999999999,0.0,0.0
4.483830806910612e-47,0.999999999999999,0.0,0.0
4.2016520033343917e-47,0.999999999999999,0.0,0.0
3.9372314249492266e-47,0.999999999999999,0.0,0.0
3.6894515017677907e-47,0.999999999999999,0.0,0.0
3.457264995306224e-47,0.999999999999999,0.0,0.0
3.239690572444888e-47,0.999999999999999,0.0,0.0
3.0358086578372476e-47,0.999999999999999,0.0,0.0
2.844757547337145e-47,0.999999999999999,0.0,0.0
2.665729766017916e-47,0.999999999999999,0.0,0.0
2.497968655390566e-47,0.999999999999999,0.0,0.0
2.3407651753969326e-47,0.999999999999999,0.0,0.0
2.1934549076614994e-47,0.999999999999999,0.0,0.0
2.055415247336143e-47,0.999999999999999,0.0,0.0
1.9260627716691917e-47,0.999999999999999,0.0,0.0
1.8048507741770783e-47,0.999999999999999,0.0,0.0
1.6912669539968055e-47,0.999999999999999,0.0,0.0
1.5848312506532984e-47,0.999999999999999,0.0,0.0
1.4850938150903185e-47,0.999999999999999,0.0,0.0
1.3916331083895305e-47,0.999999999999999,0.0,0.0
1.3040541201419836e-47,0.999999999999999,0.0,0.0
1.2219866989419757e-47,0.999999999999999,0.0,0.0
1.1450839879471593e-47,0.999999999999999,0.0,0.0
1.0730209588928035e-47,0.999999999999999,0.0,0.0
1.0054930383642411e-47,0.999999999999999,0.0,0.0
9.422148205214652e-48,0.999999999999999,0.0,0.0
8.829188608352168e-48,0.999999999999999,0.0,0.0
8.273545457363115e-48,0.999999999999999,0.0,0.0
7.752870334007878e-48,0.999999999999999,0.0,0.0
7.264962611941254e-48,0.999999999999999,0.0,0.0
6.80776015579505e-48,0.999999999999999,0.0,0.0
6.379330605590926e-48,0.999999999999999,0.0,0.0
5.977863209647166e-48,0.999999999999999,0.0,0.0
5.601661171461257e-48,0.999999999999999,0.0,0.0
5.2491344782224917e-48,0.999999999999999,0.0,0.0
4.918793180644393e-48,0.999999999999999,0.0,0.0
4.609241095714268e-48,0.999999999999999,0.0,0.0
4.319169905744649e-48,0.999999999999999,0.0,0.0
4.047353628786335e-48,0.999999999999999,0.0,0.0
3.7926434370323114e-48,0.999999999999999,0.0,0.0
3.5539628013126157e-48,0.999999999999999,0.0,0.0
3.330302941158402e-48,0.999999999999999,0.0,0.0
3.120718561204973e-48,0.999999999999999,0.0,0.0
2.924323855913749e-48,0.999999999999999,0.0,0.0
2.740288765727173e-48,0.999999999999999,0.0,0.0
2.5678354688332557e-48,0.999999999999999,0.0,0.0
2.4062350937122338e-48,0.999999999999999,0.0,0.0
2.254804638570984e-48,0.999999999999999,0.0,0.0
2.1129040846452086e-48,0.999999999999999,0.0,0.0
1.9799336911688123e-48,0.999999999999999,0.0,0.0
1.855331460577688e-48,0.999999999999999,0.0,0.0
1.738570763234638e-48,0.999999999999999,0.0,0.0
1.6291581116363582e-48,0.999999999999999,0.0,0.0
1.526631074695197e-48,0.999999999999999,0.0,0.0
1.4305563232804394e-48,0.999999999999999,0.0,0.0
1.3405277987586134e-48,0.999999999999999,0.0,0.0
1.2561649967921854e-48,0.999999999999999,0.0,0.0
1.1771113591431386e-48,0.999999999999999,0.0,0.0
1.1030327666844179e-48,0.999999999999999,0.0,0.0
1.0336161272499715e-48,0.999999999999999,0.0,0.0
9.685680523549599e-49,0.999999999999999,0.0,0.0
9.076136171933031e-49,0.999999999999999,0.0,0.0
8.504951986717192e-49,0.999999999999999,0.0,0.0
7.969713865692146e-49,0.999999999999999,0.0,0.0
7.468159632200604e-49,0.999999999999999,0.0,0.0
6.998169474078967e-49,0.999999999999999,0.0,0.0
6.5577569842999796e-49,0.999999999999999,0.0,0.0
6.145060765450378e-49,0.999999999999999,0.0,0.0
5.758336562559971e-49,0.999999999999999,0.0,0.0
5.395949891031674e-49,0.999999999999999,0.0,0.0
5.0563691285145336e-49,0.999999999999999,0.0,0.0
4.738159041522638e-49,0.999999999999999,0.0,0.0
4.439974719440264e-49,0.999999999999999,0.0,0.0
4.160555890275399e-49,0.999999999999999,0.0,0.0
3.898721594137268e-49,0.999999999999999,0.0,0.0
3.653365191925378e-49,0.999999999999999,0.0,0.0
3.423449688134367e-49,0.999999999999999,0.0,0.0
3.2080033480065743e-49,0.999999999999999,0.0,0.0
3.0061155905082682e-49,0.999999999999999,0.0,0.0
2.8169331397712606e-49,0.999999999999999,0.0,0.0
2.6396564187340246e-49,0.999999999999999,0.0,0.0
2.473536169740092e-49,0.999999999999999,0.0,0.0
2.317870287810734e-49,0.999999999999999,0.0,0.0
2.1720008532077926e-49,0.999999999999999,0.0,0.0
2.0353113507448327e-49,0.999999999999999,0.0,0.0
1.907224064094071e-49,0.999999999999999,0.0,0.0
1.7871976340761533e-49,0.999999999999999,0.0,0.0
1.6747247706129282e-49,0.999999999999999,0.0,0.0
1.5693301086728137e-49,0.999999999999999,0.0,0.0
1.4705681991469393e-49,0.999999999999999,0.0,0.0
1.3780216261645321e-49,0.999999999999999,0.0,0.0
1.2912992428903997e-49,0.999999999999999,0.0,0.0
1.2100345183481395e-49,0.999999999999999,0.0,0.0
1.1338839882819382e-49,0.999999999999999,0.0,0.0
1.0625258035095554e-49,0.999999999999999,0.0,0.0
9.956583696311199e-50,0.999999999999999,0.0,0.0
9.329990723444906e-50,0.999999999999999,0.0,0.0
8.74283082979743e-50,0.999999999999999,0.0,0.0
8.1926223920438795e-50,0.999999999999999,0.0,0.0
7.677039961686404e-50,0.999999999999999,0.0,0.0
7.193904436577666e-50,0.999999999999999,0.0,0.0
6.741173850975172e-50,0.999999999999999,0.0,0.0
6.316934745200769e-50,0.999999999999999,0.0,0.0
5.919394078429277e-50,0.999999999999999,0.0,0.0
5.546871650425755e-50,0.999999999999999,0.0,0.0
5.197793000202013e-50,0.999999999999999,0.0,0.0
4.870682751578598e-50,0.999999999999999,0.0,0.0
4.564158377527394e-50,0.999999999999999,0.0,0.0
4.276924356939887e-50,0.999999999999999,0.0,0.0
4.0077666991247785e-50,0.999999999999999,0.0,0.0
3.7555478128927963e-50,0.999999999999999,0.0,0.0
3.519201698542968e-50,0.999999999999999,0.0,0.0
3.2977294424293465e-50,0.999999999999999,0.0,0.0
3.090194995066034e-50,0.999999999999999,0.0,0.0
2.8957212149267337e-50,0.999999999999999,0.0,0.0
2.713486161217984e-50,0.999999999999999,0.0,0.0
2.542719619957547e-50,0.999999999999999,0.0,0.0
2.382699848675462e-50,0.999999999999999,0.0,0.0
2.232750525979289e-50,0.999999999999999,0.0,0.0
2.0922378930909154e-50,0.999999999999999,0.0,0.0
1.9605680752736805e-50,0.999999999999999,0.0,0.0
1.8371845718288573e-50,0.999999999999999,0.0,0.0
1.721565904052999e-50,0.999999999999999,0.0,0.0
1.6132234112152728e-50,0.999999999999999,0.0,0.0
1.5116991852395113e-50,0.999999999999999,0.0,0.0
1.4165641353619402e-50,0.999999999999999,0.0,0.0
1.327416174584886e-50,0.999999999999999,0.0,0.0
1.2438785202615362e-50,0.999999999999999,0.0,0.0
1.1655981016291931e-50,0.999999999999999,0.0,0.0
1.0922440675604864e-50,0.999999999999999,0.0,0.0
1.0235063882255699e-50,0.999999999999999,0.0,0.0
9.590945447552533e-51,0.999999999999999,0.0,0.0
8.987363013669425e-51,0.999999999999999,0.0,0.0
8.421765547637972e-51,0.999999999999999,0.0,0.0
7.891762559441079e-51,0.999999999999999,0.0,0.0
7.395113998639332e-51,0.999999999999999,0.0,0.0
6.929720786828206e-51,0.999999999999999,0.0,0.0
6.493615945911664e-51,0.999999999999999,0.0,0.0
6.084956284695918e-51,0.999999999999999,0.0,0.0
5.702014608666856e-51,0.999999999999999,0.0,0.0
5.343172420025856e-51,0.999999999999999,0.0,0.0
5.006913077130805e-51,0.999999999999999,0.0,0.0
4.6918153844307633e-51,0.999999999999999,0.0,0.0
4.396547585802257e-51,0.999999999999999,0.0,0.0
4.119861735900087e-51,0.999999999999999,0.0,0.0
3.860588425733254e-51,0.999999999999999,0.0,0.0
3.6176318401737295e-51,0.999999999999999,0.0,0.0
3.389965126508677e-51,0.999999999999999,0.0,0.0
3.176626054461394e-51,0.999999999999999,0.0,0.0
2.976712949338105e-51,0.999999999999999,0.0,0.0
2.7893808811120945e-51,0.999999999999999,0.0,0.0
2.6138380933384162e-51,0.999999999999999,0.0,0.0
2.4493426568060167e-51,0.999999999999999,0.0,0.0
2.2951993337839938e-51,0.999999999999999,0.0,0.0
2.1507566396087548e-51,0.999999999999999,0.0,0.0
2.0154040891929273e-51,0.999999999999999,0.0,0.0
1.8885696168184172e-51,0.999999999999999,0.0,0.0
1.7697171583084133e-51,0.999999999999999,0.0,0.0
1.6583443853594156e-51,0.999999999999999,0.0,0.0
1.5539805824574766e-51,0.999999999999999,0.0,0.0
1.4561846574054655e-51,0.999999999999999,0.0,0.0
1.3645432770528834e-51,0.999999999999999,0.0,0.0
1.2786691203489073e-51,0.999999999999999,0.0,0.0
1.1981992413352265e-51,0.999999999999999,0.0,0.0
1.1227935351598711e-51,0.999999999999999,0.0,0.0
1.0521333006286704e-51,0.999999999999999,0.0,0.0
9.85919893218979e-52,0.999999999999999,0.0,0.0
9.238734628626537e-52,0.999999999999999,0.0,0.0
8.657317711635361e-52,0.999999999999999,0.0,0.0
8.112490830504298e-52,0.999999999999999,0.0,0.0
7.601951281811556e-52,0.999999999999999,0.0,0.0
7.123541277080737e-52,0.999999999999999,0.0,0.0
6.675238822917121e-52,0.999999999999999,0.0,0.0
6.255149175080006e-52,0.999999999999999,0.0,0.0
5.861496830371889e-52,0.999999999999999,0.0,0.0
5.4926180224982814e-52,0.999999999999999,0.0,0.0
5.146953690182041e-52,0.999999999999999,0.0,0.0
4.8230428878120324e-52,0.999999999999999,0.0,0.0
4.519516610776324e-52,0.999999999999999,0.0,0.0
4.235092009382764e-52,0.999999999999999,0.0,0.0
3.968566966912164e-52,0.999999999999999,0.0,0.0
3.718815018888291e-52,0.999999999999999,0.0,0.0
3.4847805920910405e-52,0.999999999999999,0.0,0.0
3.2654745431905468e-52,0.999999999999999,0.0,0.0
3.059969978146311e-52,0.999999999999999,0.0,0.0
2.8673983347021183e-52,0.999999999999999,0.0,0.0
2.6869457114194442e-52,0.999999999999999,0.0,0.0
2.5178494277340664e-52,0.999999999999999,0.0,0.0
2.359394800497006e-52,0.999999999999999,0.0,0.0
2.2109121233758952e-52,0.999999999999999,0.0,0.0
2.0717738363502475e-52,0.999999999999999,0.0,0.0
1.9413918733375467e-52,0.999999999999999,0.0,0.0
1.8192151767399256e-52,0.999999999999999,0.0,0.0
1.7047273684067047e-52,0.999999999999999,0.0,0.0
1.5974445671691442e-52,0.999999999999999,0.0,0.0
1.4969133437232486e-52,0.999999999999999,0.0,0.0
1.4027088042169643e-52,0.999999999999999,0.0,0.0
1.314432794442079e-52,0.999999999999999,0.0,0.0
1.2317122170408615e-52,0.999999999999999,0.0,0.0
1.154197454615141e-52,0.999999999999999,0.0,0.0
1.0815608920731165e-52,0.999999999999999,0.0,0.0
1.0134955319686168e-52,0.999999999999999,0.0,0.0
9.497136969805577e-53,0.999999999999999,0.0,0.0
8.899458140486482e-53,0.999999999999999,0.0,0.0
8.339392750265082e-53,0.999999999999999,0.0,0.0
7.8145736903676425e-53,0.999999999999999,0.0,0.0
7.322782820157382e-53,0.999999999999999,0.0,0.0
6.861941592193158e-53,0.999999999999999,0.0,0.0
6.430102267276907e-53,0.999999999999999,0.0,0.0
6.025439682360351e-53,0.999999999999999,0.0,0.0
5.64624353651813e-53,0.999999999999999,0.0,0.0
5.290911162384145e-53,0.999999999999999,0.0,0.0
4.957940752499679e-53,0.999999999999999,0.0,0.0
4.645925011944544e-53,0.999999999999999,0.0,0.0
4.353545210424197e-53,0.999999999999999,0.0,0.0
4.0795656086740333e-53,0.999999999999999,0.0,0.0
3.822828235624158e-53,0.999999999999999,0.0,0.0
3.5822479942503625e-53,0.999999999999999,0.0,0.0
3.356808075426273e-53,0.999999999999999,0.0,0.0
3.1455556603933736e-53,0.999999999999999,0.0,0.0
2.947597893685451e-53,0.999999999999999,0.0,0.0
2.7620981094870754e-53,0.999999999999999,0.0,0.0
2.588272295476886e-53,0.999999999999999,0.0,0.0
2.425385779210149e-53,0.999999999999999,0.0,0.0
2.272750123035636e-53,0.999999999999999,0.0,0.0
2.129720214423233e-53,0.999999999999999,0.0,0.0
1.995691539404582e-53,0.999999999999999,0.0,0.0
1.8700976276029952e-53,0.999999999999999,0.0,0.0
1.7524076580540927e-53,0.999999999999999,0.0,0.0
1.6421242156981985e-53,0.999999999999999,0.0,0.0
1.5387811890623381e-53,0.999999999999999,0.0,0.0
1.441941800246421e-53,0.999999999999999,0.0,0.0
1.3511967588873736e-53,0.999999999999999,0.0,0.0
1.266162532298969e-53,0.999999999999999,0.0,0.0
1.1864797244761353e-53,0.999999999999999,0.0,0.0
1.111811557112613e-53,0.999999999999999,0.0,0.0
1.041842446212014e-53,0.999999999999999,0.0,0.0
9.762766682763415e-54,0.999999999999999,0.0,0.0
9.148371104346381e-54,0.999999999999999,0.0,0.0
8.572640992291958e-54,0.999999999999999,0.0,0.0
8.033143031092096e-54,0.999999999999999,0.0,0.0
7.5275970399328e-54,0.999999999999999,0.0,0.0
7.053866335540841e-54,0.999999999999999,0.0,0.0
6.609948701520899e-54,0.999999999999999,0.0,0.0
6.193967926015125e-54,0.999999999999999,0.0,0.0
5.804165871919182e-54,0.999999999999999,0.0,0.0
5.43889504613962e-54,0.999999999999999,0.0,0.0
5.0966116364866683e-54,0.999999999999999,0.0,0.0
4.7758689867729635e-54,0.999999999999999,0.0,0.0
4.475311482540795e-54,0.999999999999999,0.0,0.0
4.1936688215759886e-54,0.999999999999999,0.0,0.0
3.929750644992837e-54,0.999999999999999,0.0,0.0
3.682441506198417e-54,0.999999999999999,0.0,0.0
3.4506961564726906e-54,0.999999999999999,0.0,0.0
3.233535127238981e-54,0.999999999999999,0.0,0.0
3.030040590353311e-54,0.999999999999999,0.0,0.0
2.839352478916209e-54,0.999999999999999,0.0,0.0
2.660664852211627e-54,0.999999999999999,0.0,0.0
2.493222489409434e-54,0.999999999999999,0.0,0.0
2.336317697634827e-54,0.999999999999999,0.0,0.0
2.1892873209139942e-54,0.999999999999999,0.0,0.0
2.0515099373543886e-54,0.999999999999999,0.0,0.0
1.9224032327135312e-54,0.999999999999999,0.0,0.0
1.801421539255762e-54,0.999999999999999,0.0,0.0
1.688053529494961e-54,0.999999999999999,0.0,0.0
1.5818200550758627e-54,0.999999999999999,0.0,0.0
1.4822721216600346e-54,0.999999999999999,0.0,0.0
1.3889889912573955e-54,0.999999999999999,0.0,0.0
1.3015764039828093e-54,0.999999999999999,0.0,0.0
1.2196649117220288e-54,0.999999999999999,0.0,0.0
1.1429083166642531e-54,0.999999999999999,0.0,0.0
1.0709822081017765e-54,0.999999999999999,0.0,0.0
1.0035825913125334e-54,0.999999999999999,0.0,0.0
9.404246027305306e-55,0.999999999999999,0.0,0.0
8.812413059738489e-55,0.999999999999999,0.0,0.0
8.257825636416466e-55,0.999999999999999,0.0,0.0
7.73813980111829e-55,0.999999999999999,0.0,0.0
7.25115910871131e-55,0.999999999999999,0.0,0.0
6.794825341905607e-55,0.999999999999999,0.0,0.0
6.3672098122265626e-55,0.999999999999999,0.0,0.0
5.966505208439162e-55,0.999999999999999,0.0,0.0
5.591017957971593e-55,0.999999999999999,0.0,0.0
5.239161069053742e-55,0.999999999999999,0.0,0.0
4.909447423318009e-55,0.999999999999999,0.0,0.0
4.600483490513698e-55,0.999999999999999,0.0,0.0
4.310963438770321e-55,0.999999999999999,0.0,0.0
4.039663615516913e-55,0.999999999999999,0.0,0.0
3.785437375731039e-55,0.999999999999999,0.0,0.0
3.547210235659162e-55,0.999999999999999,0.0,0.0
3.32397533152564e-55,0.999999999999999,0.0,0.0
3.114789164036633e-55,0.999999999999999,0.0,0.0
2.9187676106931387e-55,0.999999999999999,0.0,0.0
2.7350821890592465e-55,0.999999999999999,0.0,0.0
2.562956555192359e-55,0.999999999999999,0.0,0.0
2.401663222436053e-55,0.999999999999999,0.0,0.0
2.2505204867075942e-55,0.999999999999999,0.0,0.0
2.1088895452848795e-55,0.999999999999999,0.0,0.0
1.9761717969153995e-55,0.999999999999999,0.0,0.0
1.8518063118361644e-55,0.999999999999999,0.0,0.0
1.7352674610116717e-55,0.999999999999999,0.0,0.0
1.6260626945699168e-55,0.999999999999999,0.0,0.0
1.523730460047043e-55,0.999999999999999,0.0,0.0
1.427838251642113e-55,0.999999999999999,0.0,0.0
1.3379807822372098e-55,0.999999999999999,0.0,0.0
1.2537782704569303e-55,0.999999999999999,0.0,0.0
1.1748748355275552e-55,0.999999999999999,0.0,0.0
1.1009369931517864e-55,0.999999999999999,0.0,0.0
1.0316522460418883e-55,0.999999999999999,0.0,0.0
9.667277631541416e-56,0.999999999999999,0.0,0.0
9.058891420424085e-56,0.999999999999999,0.0,0.0
8.48879249099918e-56,0.999999999999999,0.0,0.0
7.95457132787564e-56,0.999999999999999,0.0,0.0
7.453970052554951e-56,0.999999999999999,0.0,0.0
6.984872880538295e-56,0.999999999999999,0.0,0.0
6.545297178992077e-56,0.999999999999999,0.0,0.0
6.133385087177144e-56,0.999999999999999,0.0,0.0
5.747395664225579e-56,0.999999999999999,0.0,0.0
5.385697531077743e-56,0.999999999999999,0.0,0.0
5.046761975480804e-56,0.999999999999999,0.0,0.0
4.7291564909071475e-56,0.999999999999999,0.0,0.0
4.431538722084968e-56,0.999999999999999,0.0,0.0
4.15265079155192e-56,0.999999999999999,0.0,0.0
3.891313983253095e-56,0.999999999999999,0.0,0.0
3.646423760713602e-56,0.999999999999999,0.0,0.0
3.416945098730142e-56,0.999999999999999,0.0,0.0
3.201908108851027e-56,0.999999999999999,0.0,0.0
3.0004039401557987e-56,0.999999999999999,0.0,0.0
2.811580938009139e-56,0.999999999999999,0.0,0.0
2.634641044554114e-56,0.999999999999999,0.0,0.0
2.4688364257314615e-56,0.999999999999999,0.0,0.0
2.313466310569089e-56,0.999999999999999,0.0,0.0
2.1678740293830674e-56,0.999999999999999,0.0,0.0
2.0314442383721176e-56,0.999999999999999,0.0,0.0
1.9036003188753852e-56,0.999999999999999,0.0,0.0
1.7838019403014912e-56,0.999999999999999,0.0,0.0
1.6715427764286182e-56,0.999999999999999,0.0,0.0
1.566348365423604e-56,0.999999999999999,0.0,0.0
1.4677741045354386e-56,0.999999999999999,0.0,0.0
1.37540337098777e-56,0.999999999999999,0.0,0.0
1.2888457611283922e-56,0.999999999999999,0.0,0.0
1.207735440393504e-56,0.999999999999999,0.0,0.0
1.1317295971128898e-56,0.999999999999999,0.0,0.0
1.0605069936210452e-56,0.999999999999999,0.0,0.0
9.937666085505418e-57,0.999999999999999,0.0,0.0
9.312263645693018e-57,0.999999999999999,0.0,0.0
8.726219361845809e-57,0.999999999999999,0.0,0.0
8.177056325748585e-57,0.999999999999999,0.0,0.0
7.662453507279416e-57,0.999999999999999,0.0,0.0
7.180235944607315e-57,0.999999999999999,0.0,0.0
6.728365551745579e-57,0.999999999999999,0.0,0.0
6.304932504609001e-57,0.999999999999999,0.0,0.0
5.908147169168298e-57,0.999999999999999,0.0,0.0
5.536332537586154e-57,0.999999999999999,0.0,0.0
5.187917140366348e-57,0.999999999999999,0.0,0.0
4.861428404559257e-57,0.999999999999999,0.0,0.0
4.5554864299522456e-57,0.999999999999999,0.0,0.0
4.268798156940151e-57,0.999999999999999,0.0,0.0
4.000151901426399e-57,0.999999999999999,0.0,0.0
3.7484122336566056e-57,0.999999999999999,0.0,0.0
3.512515179340129e-57,0.999999999999999,0.0,0.0
3.291463722777159e-57,0.999999999999999,0.0,0.0
3.0843235929853914e-57,0.999999999999999,0.0,0.0
2.8902193150163955e-57,0.999999999999999,0.0,0.0
2.7083305097726194e-57,0.999999999999999,0.0,0.0
2.537888426686266e-57,0.999999999999999,0.0,0.0
2.3781726946054453e-57,0.999999999999999,0.0,0.0
2.2285082771552762e-57,0.999999999999999,0.0,0.0
2.0882626197058033e-57,0.999999999999999,0.0,0.0
1.956842975888437e-57,0.999999999999999,0.0,0.0
1.833693902361467e-57,0.999999999999999,0.0,0.0
1.7182949112363135e-57,0.999999999999999,0.0,0.0
1.6101582702425276e-57,0.999999999999999,0.0,0.0
1.508826941333968e-57,0.999999999999999,0.0,0.0
1.4138726490236974e-57,0.999999999999999,0.0,0.0
1.324894070283449e-57,0.999999999999999,0.0,0.0
1.2415151383572907e-57,0.999999999999999,0.0,0.0
1.1633834533205832e-57,0.999999999999999,0.0,0.0
1.0901687926664803e-57,0.999999999999999,0.0,0.0
1.0215617156249821e-57,0.999999999999999,0.0,0.0
9.572722553157197e-58,0.999999999999999,0.0,0.0
8.970286932068685e-58,0.999999999999999,0.0,0.0
8.405764107004605e-58,0.999999999999999,0.0,0.0
7.876768129903326e-58,0.999999999999999,0.0,0.0
7.381063206444173e-58,0.999999999999999,0.0,0.0
6.916554246493046e-58,0.999999999999999,0.0,0.0
6.481278009232397e-58,0.999999999999999,0.0,0.0
6.07339480555055e-58,0.999999999999999,0.0,0.0
5.6911807226206254e-58,0.999999999999999,0.0,0.0
5.3330203378063665e-58,0.999999999999999,0.0,0.0
4.997399891100281e-58,0.999999999999999,0.0,0.0
4.6829008872375064e-58,0.999999999999999,0.0,0.0
4.388194100444817e-58,0.999999999999999,0.0,0.0
4.112033956485926e-58,0.999999999999999,0.0,0.0
3.853253268258874e-58,0.999999999999999,0.0,0.0
3.610758302695575e-58,0.999999999999999,0.0,0.0
3.383524158113845e-58,0.999999999999999,0.0,0.0
3.170590432484346e-58,0.999999999999999,0.0,0.0
2.9710571643044355e-58,0.999999999999999,0.0,0.0
2.7840810289230864e-58,0.999999999999999,0.0,0.0
2.608871774240692e-58,0.999999999999999,0.0,0.0
2.4446888807192854e-58,0.999999999999999,0.0,0.0
2.2908384315867592e-58,0.999999999999999,0.0,0.0
2.146670180007042e-58,0.999999999999999,0.0,0.0
2.0115748008206678e-58,0.999999999999999,0.0,0.0
1.884981315240255e-58,0.999999999999999,0.0,0.0
1.7663546776164085e-58,0.999999999999999,0.0,0.0
1.65519351407454e-58,0.999999999999999,0.0,0.0
1.5510280034649905e-58,0.999999999999999,0.0,0.0
1.453417891670313e-58,0.999999999999999,0.0,0.0
1.3619506308772195e-58,0.999999999999999,0.0,0.0
1.2762396359488436e-58,0.999999999999999,0.0,0.0
1.195922650527905e-58,0.999999999999999,0.0,0.0
1.1206602159651297e-58,0.999999999999999,0.0,0.0
1.050134236601874e-58,0.999999999999999,0.0,0.0
9.840466353431383e-59,0.999999999999999,0.0,0.0
9.221180938387696e-59,0.999999999999999,0.0,0.0
8.64086871948243e-59,0.999999999999999,0.0,0.0
8.097077014995097e-59,0.999999999999999,0.0,0.0
7.587507496663945e-59,0.999999999999999,0.0,0.0
7.110006475832738e-59,0.999999999999999,0.0,0.0
6.6625558009148755e-59,0.999999999999999,0.0,0.0
6.243264327703086e-59,0.999999999999999,0.0,0.0
5.850359926474088e-59,0.999999999999999,0.0,0.0
5.482181992106362e-59,0.999999999999999,0.0,0.0
5.137174425555133e-59,0.999999999999999,0.0,0.0
4.813879057020858e-59,0.999999999999999,0.0,0.0
4.510929483014363e-59,0.999999999999999,0.0,0.0
4.227045291271027e-59,0.999999999999999,0.0,0.0
3.961026649105716e-59,0.999999999999999,0.0,0.0
3.711749232336218e-59,0.999999999999999,0.0,0.0
3.4781594733423374e-59,0.999999999999999,0.0,0.0
3.259270108176646e-59,0.999999999999999,0.0,0.0
3.0541560039067974e-59,0.999999999999999,0.0,0.0
2.8619502485537435e-59,0.999999999999999,0.0,0.0
2.6818404871000127e-59,0.999999999999999,0.0,0.0
2.513065488082251e-59,0.999999999999999,0.0,0.0
2.354911926256769e-59,0.999999999999999,0.0,0.0
2.2067113677400763e-59,0.999999999999999,0.0,0.0
2.0678374448821412e-59,0.999999999999999,0.0,0.0
1.937703208932015e-59,0.999999999999999,0.0,0.0
1.8157586493069e-59,0.999999999999999,0.0,0.0
1.7014883689798823e-59,0.999999999999999,0.0,0.0
1.5944094061613887e-59,0.999999999999999,0.0,0.0
1.4940691930677367e-59,0.999999999999999,0.0,0.0
1.4000436431495357e-59,0.999999999999999,0.0,0.0
1.3119353586956385e-59,0.999999999999999,0.0,0.0
1.2293719512371076e-59,0.999999999999999,0.0,0.0
1.1520044676524029e-59,0.999999999999999,0.0,0.0
1.0795059153217474e-59,0.999999999999999,0.0,0.0
1.0115698800972551e-59,0.999999999999999,0.0,0.0
9.479092312476933e-60,0.999999999999999,0.0,0.0
8.882549079043414e-60,0.999999999999999,0.0,0.0
8.323547818788795e-60,0.999999999999999,0.0,0.0
7.799725920470209e-60,0.999999999999999,0.0,0.0
7.308869457940758e-60,0.999999999999999,0.0,0.0
6.848903833020689e-60,0.999999999999999,0.0,0.0
6.417885007236326e-60,0.999999999999999,0.0,0.0
6.013991285367839e-60,0.999999999999999,0.0,0.0
5.635515616079112e-60,0.999999999999999,0.0,0.0
5.280858377088424e-60,0.999999999999999,0.0,0.0
4.9485206143865816e-60,0.999999999999999,0.0,0.0
4.6370977069281327e-60,0.999999999999999,0.0,0.0
4.345273430019573e-60,0.999999999999999,0.0,0.0
4.0718143923135365e-60,0.999999999999999,0.0,0.0
3.815564822896996e-60,0.999999999999999,0.0,0.0
3.5754416864411804e-60,0.999999999999999,0.0,0.0
3.3504301057674526e-60,0.999999999999999,0.0,0.0
3.139579072482678e-60,0.999999999999999,0.0,0.0
2.9419974275551554e-60,0.999999999999999,0.0,0.0
2.756850094843058e-60,0.999999999999999,0.0,0.0
2.583354551656451e-60,0.999999999999999,0.0,0.0
2.4207775214357538e-60,0.999999999999999,0.0,0.0
2.2684318745683147e-60,0.999999999999999,0.0,0.0
2.1256737242444216e-60,0.999999999999999,0.0,0.0
1.9918997050784358e-60,0.999999999999999,0.0,0.0
1.866544422993176e-60,0.999999999999999,0.0,0.0
1.7490780655895213e-60,0.999999999999999,0.0,0.0
1.6390041629014935e-60,0.999999999999999,0.0,0.0
1.5358574890726818e-60,0.999999999999999,0.0,0.0
1.4392020960854713e-60,0.999999999999999,0.0,0.0
1.3486294712326616e-60,0.999999999999999,0.0,0.0
1.263756810544051e-60,0.999999999999999,0.0,0.0
1.1842254008706511e-60,0.999999999999999,0.0,0.0
1.1096991037884268e-60,0.999999999999999,0.0,0.0
1.0398629349138094e-60,0.999999999999999,0.0,0.0
9.744217326264714e-61,0.999999999999999,0.0,0.0
9.13098910572743e-61,0.999999999999999,0.0,0.0
8.556352886771405e-61,0.999999999999999,0.0,0.0
8.017879977212928e-61,0.999999999999999,0.0,0.0
7.513294528604858e-61,0.999999999999999,0.0,0.0
7.040463917394032e-61,0.999999999999999,0.0,0.0
6.597389731416748e-61,0.999999999999999,0.0,0.0
6.182199323636866e-61,0.999999999999999,0.0,0.0
5.7931378974285194e-61,0.999999999999999,0.0,0.0
5.4285610899519774e-61,0.999999999999999,0.0,0.0
5.086928022276414e-61,0.999999999999999,0.0,0.0
4.7667947868760084e-61,0.999999999999999,0.0,0.0
4.466808344974377e-61,0.999999999999999,0.0,0.0
4.185700807944542e-61,0.999999999999999,0.0,0.0
3.922284078594844e-61,0.999999999999999,0.0,0.0
3.67544482969229e-61,0.999999999999999,0.0,0.0
3.4441397985000976e-61,0.999999999999999,0.0,0.0
3.2273913774418955e-61,0.999999999999999,0.0,0.0
3.024283482256564e-61,0.999999999999999,0.0,0.0
2.8339576801805328e-61,0.999999999999999,0.0,0.0
2.655609561793352e-61,0.999999999999999,0.0,0.0
2.4884853411921894e-61,0.999999999999999,0.0,0.0
2.3318786701259384e-61,0.999999999999999,0.0,0.0
2.1851276526239168e-61,0.999999999999999,0.0,0.0
2.047612047501526e-61,0.999999999999999,0.0,0.0
1.9187506469193e-61,0.999999999999999,0.0,0.0
1.7979988199158556e-61,0.999999999999999,0.0,0.0
1.6848462105325225e-61,0.999999999999999,0.0,0.0
1.578814580800809e-61,0.999999999999999,0.0,0.0
1.4794557894761158e-61,0.999999999999999,0.0,0.0
1.3863498979748435e-61,0.999999999999999,0.0,0.0
1.2991033955096682e-61,0.999999999999999,0.0,0.0
1.2173475359215365e-61,0.999999999999999,0.0,0.0
1.1407367791790272e-61,0.999999999999999,0.0,0.0
1.0689473309580953e-61,0.999999999999999,0.0,0.0
1.0016757741297554e-61,0.999999999999999,0.0,0.0
9.38637786371701e-62,0.999999999999999,0.0,0.0
8.795669384838676e-62,0.999999999999999,0.0,0.0
8.242135683290325e-62,0.999999999999999,0.0,0.0
7.723437256391787e-62,0.999999999999999,0.0,0.0
7.237381832278618e-62,0.999999999999999,0.0,0.0
6.781915104294793e-62,0.999999999999999,0.0,0.0
6.355112048493506e-62,0.999999999999999,0.0,0.0
5.955168787549568e-62,0.999999999999999,0.0,0.0
5.580394966696366e-62,0.999999999999999,0.0,0.0
5.2292066094643735e-62,0.999999999999999,0.0,0.0
4.900119423026089e-62,0.999999999999999,0.0,0.0
4.591742524852539e-62,0.999999999999999,0.0,0.0
4.302772564167141e-62,0.999999999999999,0.0,0.0
4.0319882133513205e-62,0.999999999999999,0.0,0.0
3.7782450060199075e-62,0.999999999999999,0.0,0.0
3.5404704999494824e-62,0.999999999999999,0.0,0.0
3.317659744415869e-62,0.999999999999999,0.0,0.0
3.1088710327835303e-62,0.999999999999999,0.0,0.0
2.9132219223952507e-62,0.999999999999999,0.0,0.0
2.7298855049402162e-62,0.999999999999999,0.0,0.0
2.558086911537258e-62,0.999999999999999,0.0,0.0
2.397100037762036e-62,0.999999999999999,0.0,0.0
2.246244474776542e-62,0.999999999999999,0.0,0.0
2.1048826335903756e-62,0.999999999999999,0.0,0.0
1.972417050299526e-62,0.999999999999999,0.0,0.0
1.8482878609132877e-62,0.999999999999999,0.0,0.0
1.7319704350966985e-62,0.999999999999999,0.0,0.0
1.6229731588275464e-62,0.999999999999999,0.0,0.0
1.5208353565963737e-62,0.999999999999999,0.0,0.0
1.4251253443676867e-62,0.999999999999999,0.0,0.0
1.3354386050732353e-62,0.999999999999999,0.0,0.0
1.2513960789261123e-62,0.999999999999999,0.0,0.0
1.172642561329706e-62,0.999999999999999,0.0,0.0
1.0988452016102925e-62,0.999999999999999,0.0,0.0
1.029692096228178e-62,0.999999999999999,0.0,0.0
9.648909705216189e-63,0.999999999999999,0.0,0.0
9.041679434119308e-63,0.999999999999999,0.0,0.0
8.472663698488237e-63,0.999999999999999,0.0,0.0
7.939457561035794e-63,0.999999999999999,0.0,0.0
7.43980743325569e-63,0.999999999999999,0.0,0.0
6.971601550661286e-63,0.999999999999999,0.0,0.0
6.532861047441639e-63,0.999999999999999,0.0,0.0
6.121731592811992e-63,0.999999999999999,0.0,0.0
5.736475553709875e-63,0.999999999999999,0.0,0.0
5.375464650712536e-63,0.999999999999999,0.0,0.0
5.037173076136054e-63,0.999999999999999,0.0,0.0
4.7201710452298615e-63,0.999999999999999,0.0,0.0
4.423118753210889e-63,0.999999999999999,0.0,0.0
4.144760712596831e-63,0.999999999999999,0.0,0.0
3.8839204469053313e-63,0.999999999999999,0.0,0.0
3.639495518292093e-63,0.999999999999999,0.0,0.0
3.410452868112284e-63,0.999999999999999,0.0,0.0
3.1958244507121896e-63,0.999999999999999,0.0,0.0
2.994703141997391e-63,0.999999999999999,0.0,0.0
2.8062389054850835e-63,0.999999999999999,0.0,0.0
2.6296351996364194e-63,0.999999999999999,0.0,0.0
2.464145611284494e-63,0.999999999999999,0.0,0.0
2.309070700929226e-63,0.999999999999999,0.0,0.0
2.163755046565798e-63,0.999999999999999,0.0,0.0
2.0275844735524448e-63,0.999999999999999,0.0,0.0
1.8999834588096615e-63,0.999999999999999,0.0,0.0
1.780412698379716e-63,0.999999999999999,0.0,0.0
1.668366828065789e-63,0.999999999999999,0.0,0.0
1.563372287517051e-63,0.999999999999999,0.0,0.0
1.4649853187322644e-63,0.999999999999999,0.0,0.0
1.372790090522611e-63,0.999999999999999,0.0,0.0
1.286396941006815e-63,0.999999999999999,0.0,0.0
1.2054407307104864e-63,0.999999999999999,0.0,0.0
1.1295792993090873e-63,0.999999999999999,0.0,0.0
1.0584920194919617e-63,0.999999999999999,0.0,0.0
9.918784418353567e-64,0.999999999999999,0.0,0.0
9.29457024957009e-64,0.999999999999999,0.0,0.0
8.709639455853123e-64,0.999999999999999,0.0,0.0
8.161519835138391e-64,0.999999999999999,0.0,0.0
7.647894767284923e-64,0.999999999999999,0.0,0.0
7.166593422911446e-64,0.999999999999999,0.0,0.0
6.715581588415463e-64,0.999999999999999,0.0,0.0
6.292953068397057e-64,0.999999999999999,0.0,0.0
5.896921629149893e-64,0.999999999999999,0.0,0.0
5.5258134491686895e-64,0.999999999999999,0.0,0.0
5.1780600447653355e-64,0.999999999999999,0.0,0.0
4.85219164089386e-64,0.999999999999999,0.0,0.0
4.546830959166144e-64,0.999999999999999,0.0,0.0
4.26068739680349e-64,0.999999999999999,0.0,0.0
3.992551571921492e-64,0.999999999999999,0.0,0.0
3.741290212093911e-64,0.999999999999999,0.0,0.0
3.505841364592131e-64,0.999999999999999,0.0,0.0
3.2852099080563645e-64,0.999999999999999,0.0,0.0
3.078463346628725e-64,0.999999999999999,0.0,0.0
2.8847278687721323e-64,0.999999999999999,0.0,0.0
2.703184654117707e-64,0.999999999999999,0.0,0.0
2.5330664127315887e-64,0.999999999999999,0.0,0.0
2.3736541421744416e-64,0.999999999999999,0.0,0.0
2.2242740886473962e-64,0.999999999999999,0.0,0.0
2.0842948993807615e-64,0.999999999999999,0.0,0.0
1.9531249542301065e-64,0.999999999999999,0.0,0.0
1.8302098652017488e-64,0.999999999999999,0.0,0.0
1.7150301333394176e-64,0.999999999999999,0.0,0.0
1.6070989530689643e-64,0.999999999999999,0.0,0.0
1.5059601547212067e-64,0.999999999999999,0.0,0.0
1.4111862765370115e-64,0.999999999999999,0.0,0.0
1.3223767580059673e-64,0.999999999999999,0.0,0.0
1.2391562469028233e-64,0.999999999999999,0.0,0.0
1.1611730128663995e-64,0.999999999999999,0.0,0.0
1.0880974608159879e-64,0.999999999999999,0.0,0.0
1.0196207379222153e-64,0.999999999999999,0.0,0.0
9.554534282447499e-65,0.999999999999999,0.0,0.0
8.953243295197551e-65,0.999999999999999,0.0,0.0
8.389793069272017e-65,0.999999999999999,0.0,0.0
7.861802189934977e-65,0.999999999999999,0.0,0.0
7.36703911089782e-65,0.999999999999999,0.0,0.0
6.9034127227191175e-65,0.999999999999999,0.0,0.0
6.468963514758945e-65,0.999999999999999,0.0,0.0
6.061855293333746e-65,0.999999999999999,0.0,0.0
5.680367421068633e-65,0.999999999999999,0.0,0.0
5.322887544646874e-65,0.999999999999999,0.0,0.0
4.987904780220464e-65,0.999999999999999,0.0,0.0
4.674003327680046e-65,0.999999999999999,0.0,0.0
4.37985648679495e-65,0.999999999999999,0.0,0.0
4.1042210499326725e-65,0.999999999999999,0.0,0.0
3.84593204765868e-65,0.999999999999999,0.0,0.0
3.603897825008895e-65,0.999999999999999,0.0,0.0
3.377095427624808e-65,0.999999999999999,0.0,0.0
3.164566278250754e-65,0.999999999999999,0.0,0.0
2.9654121253201453e-65,0.999999999999999,0.0,0.0
2.7787912465074147e-65,0.999999999999999,0.0,0.0
2.603914891200022e-65,0.999999999999999,0.0,0.0
2.440043946854692e-65,0.999999999999999,0.0,0.0
2.286485815148279e-65,0.999999999999999,0.0,0.0
2.1425914847203464e-65,0.999999999999999,0.0,0.0
2.0077527881354603e-65,0.999999999999999,0.0,0.0
1.881399831471773e-65,0.999999999999999,0.0,0.0
1.7629985856720919e-65,0.999999999999999,0.0,0.0
1.6520486294773162e-65,0.999999999999999,0.0,0.0
1.5480810344027736e-65,0.999999999999999,0.0,0.0
1.450656382818341e-65,0.999999999999999,0.0,0.0
1.359362910755793e-65,0.999999999999999,0.0,0.0
1.2738147675939753e-65,0.999999999999999,0.0,0.0
1.19365038526639e-65,0.999999999999999,0.0,0.0
1.1185309500986662e-65,0.999999999999999,0.0,0.0
1.048138970817164e-65,0.999999999999999,0.0,0.0
9.821769366764109e-66,0.999999999999999,0.0,0.0
9.203660600339749e-66,0.999999999999999,0.0,0.0
8.624450980582739e-66,0.999999999999999,0.0,0.0
8.081692485892931e-66,0.999999999999999,0.0,0.0
7.573091154855764e-66,0.999999999999999,0.0,0.0
7.096497390845468e-66,0.999999999999999,0.0,0.0
6.649896876784085e-66,0.999999999999999,0.0,0.0
6.231402061657672e-66,0.999999999999999,0.0,0.0
5.839244182807538e-66,0.999999999999999,0.0,0.0
5.471765790278869e-66,0.999999999999999,0.0,0.0
5.127413741630982e-66,0.999999999999999,0.0,0.0
4.804732637601862e-66,0.999999999999999,0.0,0.0
4.5023586708829306e-66,0.999999999999999,0.0,0.0
4.219013862005959e-66,0.999999999999999,0.0,0.0
3.953500657980181e-66,0.999999999999999,0.0,0.0
3.7046968708508226e-66,0.999999999999999,0.0,0.0
3.47155093478694e-66,0.999999999999999,0.0,0.0
3.253077461652695e-66,0.999999999999999,0.0,0.0
3.0483530762777715e-66,0.999999999999999,0.0,0.0
2.8565125138247425e-66,0.999999999999999,0.0,0.0
2.676744962758975e-66,0.999999999999999,0.0,0.0
2.508290637964677e-66,0.999999999999999,0.0,0.0
2.3504375695234136e-66,0.999999999999999,0.0,0.0
2.2025185935829067e-66,0.999999999999999,0.0,0.0
2.0639085325980625e-66,0.999999999999999,0.0,0.0
1.9340215530265596e-66,0.999999999999999,0.0,0.0
1.8123086893113306e-66,0.999999999999999,0.0,0.0
1.6982555236850805e-66,0.999999999999999,0.0,0.0
1.591380011990574e-66,0.999999999999999,0.0,0.0
1.4912304463275442e-66,0.999999999999999,0.0,0.0
1.397383545915379e-66,0.999999999999999,0.0,0.0
1.3094426681026452e-66,0.999999999999999,0.0,0.0
1.2270361319623034e-66,0.999999999999999,0.0,0.0
1.1498156473873113e-66,0.999999999999999,0.0,0.0
1.077454843047212e-66,0.999999999999999,0.0,0.0
1.0096478869841334e-66,0.999999999999999,0.0,0.0
9.461081940181671e-67,0.999999999999999,0.0,0.0
8.865672144989935e-67,0.999999999999999,0.0,0.0
8.30773299284428e-67,0.999999999999999,0.0,0.0
7.784906361487352e-67,0.999999999999999,0.0,0.0
7.294982531254567e-67,0.999999999999999,0.0,0.0
6.83589084572392e-67,0.999999999999999,0.0,0.0
6.405690960114708e-67,0.999999999999999,0.0,0.0
6.002564640446641e-67,0.999999999999999,0.0,0.0
5.624808078798591e-67,0.999999999999999,0.0,0.0
5.2708246921875265e-67,0.999999999999999,0.0,0.0
4.9391183746321947e-67,0.999999999999999,0.0,0.0
4.628287173881488e-67,0.999999999999999,0.0,0.0
4.3370173660822754e-67,0.999999999999999,0.0,0.0
4.0640779033433595e-67,0.999999999999999,0.0,0.0
3.808315210728262e-67,0.999999999999999,0.0,0.0
3.568648310686411e-67,0.999999999999999,0.0,0.0
3.3440642543161804e-67,0.999999999999999,0.0,0.0
3.1336138401501056e-67,0.999999999999999,0.0,0.0
2.9364076023677555e-67,0.999999999999999,0.0,0.0
2.75161205148051e-67,0.999999999999999,0.0,0.0
2.578446151599543e-67,0.999999999999999,0.0,0.0
2.4161780193982354e-67,0.999999999999999,0.0,0.0
2.264121830817223e-67,0.999999999999999,0.0,0.0
2.1216349224383132e-67,0.999999999999999,0.0,0.0
1.988115075276269e-67,0.999999999999999,0.0,0.0
1.862997969508436e-67,0.999999999999999,0.0,0.0
1.745754799384667e-67,0.999999999999999,0.0,0.0
1.6358900382369948e-67,0.999999999999999,0.0,0.0
1.5329393441428913e-67,0.999999999999999,0.0,0.0
1.4364675973904319e-67,0.999999999999999,0.0,0.0
1.3460670614507359e-67,0.999999999999999,0.0,0.0
1.2613556596850586e-67,0.999999999999999,0.0,0.0
1.1819753605030608e-67,0.999999999999999,0.0,0.0
1.10759066414715e-67,0.999999999999999,0.0,0.0
1.037887184707306e-67,0.999999999999999,0.0,0.0
9.725703213732971e-68,0.999999999999999,0.0,0.0
9.113640133083534e-68,0.999999999999999,0.0,0.0
8.540095728817835e-68,0.999999999999999,0.0,0.0
8.002645923292146e-68,0.999999999999999,0.0,0.0
7.49901919219464e-68,0.999999999999999,0.0,0.0
7.027086963978701e-68,0.999999999999999,0.0,0.0
6.58485462348417e-68,0.999999999999999,0.0,0.0
6.170453081723421e-68,0.999999999999999,0.0,0.0
5.7821308762021135e-68,0.999999999999999,0.0,0.0
5.418246768386722e-68,0.999999999999999,0.0,0.0
5.077262807032142e-68,0.999999999999999,0.0,0.0
4.757737828051612e-68,0.999999999999999,0.0,0.0
4.458321363456254e-68,0.999999999999999,0.0,0.0
4.1777479336204424e-68,0.999999999999999,0.0,0.0
3.914831698749329e-68,0.999999999999999,0.0,0.0
3.6684614469430444e-68,0.999999999999999,0.0,0.0
3.43759589767467e-68,0.999999999999999,0.0,0.0
3.2212593008322236e-68,0.999999999999999,0.0,0.0
3.018537312724048e-68,0.999999999999999,0.0,0.0
2.8285731316175978e-68,0.999999999999999,0.0,0.0
2.6505638764785452e-68,0.999999999999999,0.0,0.0
2.4837571936049795e-68,0.999999999999999,0.0,0.0
2.3274480768146913e-68,0.999999999999999,0.0,0.0
2.1809758877461096e-68,0.999999999999999,0.0,0.0
2.043721563679227e-68,0.999999999999999,0.0,0.0
1.9151050010754135e-68,0.999999999999999,0.0,0.0
1.7945826037776808e-68,0.999999999999999,0.0,0.0
1.6816449855088972e-68,0.999999999999999,0.0,0.0
1.5758148169575996e-68,0.999999999999999,0.0,0.0
1.4766448083521345e-68,0.999999999999999,0.0,0.0
1.3837158189965045e-68,0.999999999999999,0.0,0.0
1.2966350857779046e-68,0.999999999999999,0.0,0.0
1.2150345631587531e-68,0.999999999999999,0.0,0.0
1.1385693676372205e-68,0.999999999999999,0.0,0.0
1.0669163201017877e-68,0.999999999999999,0.0,0.0
9.997725799191159e-69,0.999999999999999,0.0,0.0
9.368543649822178e-69,0.999999999999999,0.0,0.0
8.778957523092327e-69,0.999999999999999,0.0,0.0
8.226475541235505e-69,0.999999999999999,0.0,0.0
7.708762646650553e-69,0.999999999999999,0.0,0.0
7.223630732811979e-69,0.999999999999999,0.0,0.0
6.769029396267405e-69,0.999999999999999,0.0,0.0
6.343037270635204e-69,0.999999999999999,0.0,0.0
5.943853905975546e-69,0.999999999999999,0.0,0.0
5.569792159213151e-69,0.999999999999999,0.0,0.0
5.219271063449979e-69,0.999999999999999,0.0,0.0
4.890809146030074e-69,0.999999999999999,0.0,0.0
4.5830181671154873e-69,0.999999999999999,0.0,0.0
4.294597252309433e-69,0.999999999999999,0.0,0.0
4.0243273945282994e-69,0.999999999999999,0.0,0.0
3.7710663018847474e-69,0.999999999999999,0.0,0.0
3.533743569806545e-69,0.999999999999999,0.0,0.0
3.3113561569861647e-69,0.999999999999999,0.0,0.0
3.102964146040304e-69,0.999999999999999,0.0,0.0
2.907686770961817e-69,0.999999999999999,0.0,0.0
2.7246986945741335e-69,0.999999999999999,0.0,0.0
2.5532265202548796e-69,0.999999999999999,0.0,0.0
2.392545523185545e-69,0.999999999999999,0.0,0.0
2.2419765873118684e-69,0.999999999999999,0.0,0.0
2.10088333506905e-69,0.999999999999999,0.0,0.0
1.968669437740604e-69,0.999999999999999,0.0,0.0
1.8447760950831303e-69,0.999999999999999,0.0,0.0
1.7286796735646667e-69,0.999999999999999,0.0,0.0
1.6198894932346682e-69,0.999999999999999,0.0,0.0
1.517945753871855e-69,0.999999999999999,0.0,0.0
1.4224175916448133e-69,0.999999999999999,0.0,0.0
1.3329012580718585e-69,0.999999999999999,0.0,0.0
1.2490184135835533e-69,0.999999999999999,0.0,0.0
1.170414528475651e-69,0.999999999999999,0.0,0.0
1.0967573844941098e-69,0.999999999999999,0.0,0.0
1.0277356707191498e-69,0.999999999999999,0.0,0.0
9.630576678138732e-70,0.999999999999999,0.0,0.0
9.024500150764445e-70,0.999999999999999,0.0,0.0
8.45656555084793e-70,0.999999999999999,0.0,0.0
7.924372510507433e-70,0.999999999999999,0.0,0.0
7.425671723077867e-70,0.999999999999999,0.0,0.0
6.958355436446704e-70,0.999999999999999,0.0,0.0
6.52044854466827e-70,0.999999999999999,0.0,0.0
6.110100240205256e-70,0.999999999999999,0.0,0.0
5.7255761915157747e-70,0.999999999999999,0.0,0.0
5.3652512129246235e-70,0.999999999999999,0.0,0.0
5.027602395798078e-70,0.999999999999999,0.0,0.0
4.711202671991211e-70,0.999999999999999,0.0,0.0
4.4147147823637394e-70,0.999999999999999,0.0,0.0
4.136885624872408e-70,0.999999999999999,0.0,0.0
3.876540958352205e-70,0.999999999999999,0.0,0.0
3.6325804396020055e-70,0.999999999999999,0.0,0.0
3.403972972798964e-70,0.999999999999999,0.0,0.0
3.189752351586004e-70,0.999999999999999,0.0,0.0
2.9890131754137585e-70,0.999999999999999,0.0,0.0
2.8009070228774307e-70,0.999999999999999,0.0,0.0
2.6246388658752386e-70,0.999999999999999,0.0,0.0
2.459463709432926e-70,0.999999999999999,0.0,0.0
2.3046834429926117e-70,0.999999999999999,0.0,0.0
2.159643889857987e-70,0.999999999999999,0.0,0.0
2.0237320423253848e-70,0.999999999999999,0.0,0.0
1.8963734708150344e-70,0.999999999999999,0.0,0.0
1.7770298960522374e-70,0.999999999999999,0.0,0.0
1.665196914037314e-70,0.999999999999999,0.0,0.0
1.5604018641889423e-70,0.999999999999999,0.0,0.0
1.4622018316506232e-70,0.999999999999999,0.0,0.0
1.3701817753170492e-70,0.999999999999999,0.0,0.0
1.283952773668501e-70,0.999999999999999,0.0,0.0
1.2031503809993235e-70,0.999999999999999,0.0,0.0
1.127433087093093e-70,0.999999999999999,0.0,0.0
1.0564808738343212e-70,0.999999999999999,0.0,0.0
9.899938626562315e-71,0.999999999999999,0.0,0.0
9.276910471080656e-71,0.999999999999999,0.0,0.0
8.6930910518513e-71,0.999999999999999,0.0,0.0
8.14601286401917e-71,0.999999999999999,0.0,0.0
7.633363689045237e-71,0.999999999999999,0.0,0.0
7.15297682214625e-71,0.999999999999999,0.0,0.0
6.702821914746352e-71,0.999999999999999,0.0,0.0
6.280996393236371e-71,0.999999999999999,0.0,0.0
5.885717417772272e-71,0.999999999999999,0.0,0.0
5.515314347126746e-71,0.999999999999999,0.0,0.0
5.168221677746724e-71,0.999999999999999,0.0,0.0
4.8429724271738475e-71,0.999999999999999,0.0,0.0
4.538191933863011e-71,0.999999999999999,0.0,0.0
4.2525920471939955e-71,0.999999999999999,0.0,0.0
3.9849656831203364e-71,0.999999999999999,0.0,0.0
3.7341817224449875e-71,0.999999999999999,0.0,0.0
3.499180230160374e-71,0.999999999999999,0.0,0.0
3.2789679756474663e-71,0.999999999999999,0.0,0.0
3.0726142348000396e-71,0.999999999999999,0.0,0.0
2.8792468563318664e-71,0.999999999999999,0.0,0.0
2.6980485756411396e-71,0.999999999999999,0.0,0.0
2.5282535606527165e-71,0.999999999999999,0.0,0.0
2.3691441750392454e-71,0.999999999999999,0.0,0.0
2.2200479451409634e-71,0.999999999999999,0.0,0.0
2.080334717764895e-71,0.999999999999999,0.0,0.0
1.949413996850933e-71,0.999999999999999,0.0,0.0
1.8267324477482485e-71,0.999999999999999,0.0,0.0
1.7117715585538995e-71,0.999999999999999,0.0,0.0
1.604045448629304e-71,0.999999999999999,0.0,0.0
1.5030988150323147e-71,0.999999999999999,0.0,0.0
1.4085050081855107e-71,0.999999999999999,0.0,0.0
1.3198642286475452e-71,0.999999999999999,0.0,0.0
1.2368018373662322e-71,0.999999999999999,0.0,0.0
1.1589667722716738e-71,0.999999999999999,0.0,0.0
1.0860300645171847e-71,0.999999999999999,0.0,0.0
1.0176834480969249e-71,0.999999999999999,0.0,0.0
9.536380569638073e-72,0.999999999999999,0.0,0.0
8.936232041410695e-72,0.999999999999999,0.0,0.0
8.37385237667438e-72,0.999999999999999,0.0,0.0
7.846864685405554e-72,0.999999999999999,0.0,0.0
7.353041661276363e-72,0.999999999999999,0.0,0.0
6.890296167974697e-72,0.999999999999999,0.0,0.0
6.456672417950875e-72,0.999999999999999,0.0,0.0
6.050337706308114e-72,0.999999999999999,0.0,0.0
5.669574664900127e-72,0.999999999999999,0.0,0.0
5.312774003897964e-72,0.999999999999999,0.0,0.0
4.978427710148381e-72,0.999999999999999,0.0,0.0
4.665122673576697e-72,0.999999999999999,0.0,0.0
4.3715347146962473e-72,0.999999999999999,0.0,0.0
4.0964229879817365e-72,0.999999999999999,0.0,0.0
3.8386247374524646e-72,0.999999999999999,0.0,0.0
3.5970503822999486e-72,0.999999999999999,0.0,0.0
3.370678911789416e-72,0.999999999999999,0.0,0.0
3.158553569971786e-72,0.999999999999999,0.0,0.0
2.9597778119676316e-72,0.999999999999999,0.0,0.0
2.7735115147324074e-72,0.999999999999999,0.0,0.0
2.5989674262878004e-72,0.999999999999999,0.0,0.0
2.435407838411924e-72,0.999999999999999,0.0,0.0
2.282141468725525e-72,0.999999999999999,0.0,0.0
2.138520538996389e-72,0.999999999999999,0.0,0.0
2.0039380373134246e-72,0.999999999999999,0.0,0.0
1.8778251525590616e-72,0.999999999999999,0.0,0.0
1.7596488703367758e-72,0.999999999999999,0.0,0.0
1.6489097201929741e-72,0.999999999999999,0.0,0.0
1.5451396646118987e-72,0.999999999999999,0.0,0.0
1.447900120861416e-72,0.999999999999999,0.0,0.0
1.356780107329049e-72,0.999999999999999,0.0,0.0
1.2713945065137687e-72,0.999999999999999,0.0,0.0
1.1913824373320992e-72,0.999999999999999,0.0,0.0
1.1164057298591148e-72,0.999999999999999,0.0,0.0
1.0461474960578406e-72,0.999999999999999,0.0,0.0
9.803107904562628e-73,0.999999999999999,0.0,0.0
9.186173551113191e-73,0.999999999999999,0.0,0.0
8.608064435554785e-73,0.999999999999999,0.0,0.0
8.066337187553324e-73,0.999999999999999,0.0,0.0
7.558702204244386e-73,0.999999999999999,0.0,0.0
7.083013973257768e-73,0.999999999999999,0.0,0.0
6.637262004738549e-73,0.999999999999999,0.0,0.0
6.219562334039006e-73,0.999999999999999,0.0,0.0
5.828149559167586e-73,0.999999999999999,0.0,0.0
5.461369379341329e-73,0.999999999999999,0.0,0.0
5.117671603106067e-73,0.999999999999999,0.0,0.0
4.795603596473261e-73,0.999999999999999,0.0,0.0
4.4938041433821625e-73,0.999999999999999,0.0,0.0
4.210997692538596e-73,0.999999999999999,0.0,0.0
3.945988966314718e-73,0.999999999999999,0.0,0.0
3.697657908924343e-73,0.999999999999999,0.0,0.0
3.464954952522354e-73,0.999999999999999,0.0,0.0
3.2468965812204445e-73,0.999999999999999,0.0,0.0
3.042561174270561e-73,0.999999999999999,0.0,0.0
2.8510851108473135e-73,0.999999999999999,0.0,0.0
2.671659119966274e-73,0.999999999999999,0.0,0.0
2.5035248601111365e-73,0.999999999999999,0.0,0.0
2.3459717141135903e-73,0.999999999999999,0.0,0.0
2.1983337857394958e-73,0.999999999999999,0.0,0.0
2.059987085287487e-73,0.999999999999999,0.0,0.0
1.930346892304961e-73,0.999999999999999,0.0,0.0
1.8088652842750204e-73,0.999999999999999,0.0,0.0
1.695028820829387e-73,0.999999999999999,0.0,0.0
1.5883563736996526e-73,0.999999999999999,0.0,0.0
1.4883970932351776e-73,0.999999999999999,0.0,0.0
1.3947285028931606e-73,0.999999999999999,0.0,0.0
1.306954713647261e-73,0.999999999999999,0.0,0.0
1.224704750768e-73,0.999999999999999,0.0,0.0
1.1476309859030993e-73,0.999999999999999,0.0,0.0
1.0754076678309664e-73,0.999999999999999,0.0,0.0
1.0077295456775752e-73,0.999999999999999,0.0,0.0
9.44310578777789e-74,0.999999999999999,0.0,0.0
8.848827277283691e-74,0.999999999999999,0.0,0.0
8.291948215230735e-74,0.999999999999999,0.0,0.0
7.770114959818065e-74,0.999999999999999,0.0,0.0
7.281121989871048e-74,0.999999999999999,0.0,0.0
6.822902583236048e-74,0.999999999999999,0.0,0.0
6.3935200818072804e-74,0.999999999999999,0.0,0.0
5.991159706267606e-74,0.999999999999999,0.0,0.0
5.614120885948365e-74,0.999999999999999,0.0,0.0
5.2608100713905134e-74,0.999999999999999,0.0,0.0
4.929733999229458e-74,0.999999999999999,0.0,0.0
4.619493380937699e-74,0.999999999999999,0.0,0.0
4.328776988750858e-74,0.999999999999999,0.0,0.0
4.056356113781314e-74,0.999999999999999,0.0,0.0
3.8010793728967606e-74,0.999999999999999,0.0,0.0
3.561867842415022e-74,0.999999999999999,0.0,0.0
3.3377104980477422e-74,0.999999999999999,0.0,0.0
3.1276599418199466e-74,0.999999999999999,0.0,0.0
2.930828397905356e-74,0.999999999999999,0.0,0.0
2.7463839604538982e-74,0.999999999999999,0.0,0.0
2.5735470775529217e-74,0.999999999999999,0.0,0.0
2.411587256461609e-74,0.999999999999999,0.0,0.0
2.259819976193319e-74,0.999999999999999,0.0,0.0
2.117603794396925e-74,0.999999999999999,0.0,0.0
1.9843376363094176e-74,0.999999999999999,0.0,0.0
1.8594582543215727e-74,0.999999999999999,0.0,0.0
1.7424378474195762e-74,0.999999999999999,0.0,0.0
1.632781830441195e-74,0.999999999999999,0.0,0.0
1.5300267437183001e-74,0.999999999999999,0.0,0.0
1.4337382942708684e-74,0.999999999999999,0.0,0.0
1.343509520273592e-74,0.999999999999999,0.0,0.0
1.2589590710372454e-74,0.999999999999999,0.0,0.0
1.1797295952351713e-74,0.999999999999999,0.0,0.0
1.1054862305627463e-74,0.999999999999999,0.0,0.0
1.035915188446393e-74,0.999999999999999,0.0,0.0
9.70722427820431e-75,0.999999999999999,0.0,0.0
9.09632412366502e-75,0.999999999999999,0.0,0.0
8.523869459630577e-75,0.999999999999999,0.0,0.0
7.987440814229554e-75,0.999999999999999,0.0,0.0
7.484770979069536e-75,0.999999999999999,0.0,0.0
7.013735426911611e-75,0.999999999999999,0.0,0.0
6.572343332384812e-75,0.999999999999999,0.0,0.0
6.158729157789695e-75,0.999999999999999,0.0,0.0
5.771144768428565e-75,0.999999999999999,0.0,0.0
5.407952044137887e-75,0.999999999999999,0.0,0.0
5.067615955795644e-75,0.999999999999999,0.0,0.0
4.748698077541572e-75,0.999999999999999,0.0,0.0
4.449850507289778e-75,0.999999999999999,0.0,0.0
4.1698101698388613e-75,0.999999999999999,0.0,0.0
3.9073934785017077e-75,0.999999999999999,0.0,0.0
3.6614913326924144e-75,0.999999999999999,0.0,0.0
3.4310644303277105e-75,0.999999999999999,0.0,0.0
3.215138875230801e-75,0.999999999999999,0.0,0.0
3.0128020609723884e-75,0.999999999999999,0.0,0.0
2.8231988137519793e-75,0.999999999999999,0.0,0.0
2.6455277780174196e-75,0.999999999999999,0.0,0.0
2.479038029546522e-75,0.999999999999999,0.0,0.0
2.32302590167603e-75,0.999999999999999,0.0,0.0
2.1768320112640146e-75,0.999999999999999,0.0,0.0
2.0398384718159634e-75,0.999999999999999,0.0,0.0
1.9114662819959009e-75,0.999999999999999,0.0,0.0
1.7911728784850931e-75,0.999999999999999,0.0,0.0
1.678449842845543e-75,0.999999999999999,0.0,0.0
1.5728207526963593e-75,0.999999999999999,0.0,0.0
1.473839168121026e-75,0.999999999999999,0.0,0.0
1.3810867447951534e-75,0.999999999999999,0.0,0.0
1.2941714658598657e-75,0.999999999999999,0.0,0.0
1.2127259850678649e-75,0.999999999999999,0.0,0.0
1.136406074199501e-75,0.999999999999999,0.0,0.0
1.0648891681868702e-75,0.999999999999999,0.0,0.0
9.978730017969332e-76,0.999999999999999,0.0,0.0
9.35074332111607e-76,0.999999999999999,0.0,0.0
8.762277414054143e-76,0.999999999999999,0.0,0.0
8.210845153610686e-76,0.999999999999999,0.0,0.0
7.69411591881785e-76,0.999999999999999,0.0,0.0
7.209905760574908e-76,0.999999999999999,0.0,0.0
6.756168171217004e-76,0.999999999999999,0.0,0.0
6.330985434978279e-76,0.999999999999999,0.0,0.0
5.932560522792189e-76,0.999999999999999,0.0,0.0
5.55920949717255e-76,0.999999999999999,0.0,0.0
5.209354395074585e-76,0.999999999999999,0.0,0.0
4.881516558655533e-76,0.999999999999999,0.0,0.0
4.574310385747326e-76,0.999999999999999,0.0,0.0
4.2864374736278326e-76,0.999999999999999,0.0,0.0
4.0166811313393606e-76,0.999999999999999,0.0,0.0
3.763901237360833e-76,0.999999999999999,0.0,0.0
3.52702942089965e-76,0.999999999999999,0.0,0.0
3.3050645464370185e-76,0.999999999999999,0.0,0.0
3.097068482442276e-76,0.999999999999999,0.0,0.0
2.902162136372692e-76,0.999999999999999,0.0,0.0
2.7195217392007702e-76,0.999999999999999,0.0,0.0
2.5483753637656254e-76,0.999999999999999,0.0,0.0
2.3879996622333094e-76,0.999999999999999,0.0,0.0
2.2377168088770088e-76,0.999999999999999,0.0,0.0
2.0968916352558003e-76,0.999999999999999,0.0,0.0
1.964928945683856e-76,0.999999999999999,0.0,0.0
1.8412710016439514e-76,0.999999999999999,0.0,0.0
1.7253951645131874e-76,0.999999999999999,0.0,0.0
1.6168116866379408e-76,0.999999999999999,0.0,0.0
1.5150616414220535e-76,0.999999999999999,0.0,0.0
1.4197149836797952e-76,0.999999999999999,0.0,0.0
1.3303687320557243e-76,0.999999999999999,0.0,0.0
1.2466452658294528e-76,0.999999999999999,0.0,0.0
1.1681907289067964e-76,0.999999999999999,0.0,0.0
1.0946735342517921e-76,0.999999999999999,0.0,0.0
1.0257829624385903e-76,0.999999999999999,0.0,0.0
9.61227848400015e-77,0.999999999999999,0.0,0.0
9.007353508223589e-77,0.999999999999999,0.0,0.0
8.440497989852717e-77,0.999999999999999,0.0,0.0
7.909316121729295e-77,0.999999999999999,0.0,0.0
7.411562870893893e-77,0.999999999999999,0.0,0.0
6.945134489984547e-77,0.999999999999999,0.0,0.0
6.508059625777065e-77,0.999999999999999,0.0,0.0
6.098490987287383e-77,0.999999999999999,0.0,0.0
5.7146975382212706e-77,0.999999999999999,0.0,0.0
5.355057180772923e-77,0.999999999999999,0.0,0.0
5.018049899850588e-77,0.999999999999999,0.0,0.0
4.702251338753401e-77,0.999999999999999,0.0,0.0
4.406326779147116e-77,0.999999999999999,0.0,0.0
4.129025499895172e-77,0.999999999999999,0.0,0.0
3.8691754909027725e-77,0.999999999999999,0.0,0.0
3.625678499632124e-77,0.999999999999999,0.0,0.0
3.397505389352985e-77,0.999999999999999,0.0,0.0
3.1836917895102342e-77,0.999999999999999,0.0,0.0
2.983334019824804e-77,0.999999999999999,0.0,0.0
2.795585270901241e-77,0.999999999999999,0.0,0.0
2.619652025199283e-77,0.999999999999999,0.0,0.0
2.4547907032427404e-77,0.999999999999999,0.0,0.0
2.3003045208909287e-77,0.999999999999999,0.0,0.0
2.15554054438995e-77,0.999999999999999,0.0,0.0
2.0198869307570406e-77,0.999999999999999,0.0,0.0
1.8927703418345032e-77,0.999999999999999,0.0,0.0
1.7736535210837643e-77,0.999999999999999,0.0,0.0
1.6620330228778998e-77,0.999999999999999,0.0,0.0
1.5574370846955242e-77,0.999999999999999,0.0,0.0
1.4594236332228938e-77,0.999999999999999,0.0,0.0
1.3675784159370434e-77,0.999999999999999,0.0,0.0
1.2815132502731175e-77,0.999999999999999,0.0,0.0
1.2008643829760267e-77,0.999999999999999,0.0,0.0
1.1252909527022504e-77,0.999999999999999,0.0,0.0
1.0544735493739906e-77,0.999999999999999,0.0,0.0
9.881128641968135e-78,0.999999999999999,0.0,0.0
9.259284246350897e-78,0.999999999999999,0.0,0.0
8.676574089986265e-78,0.999999999999999,0.0,0.0
8.13053535630361e-78,0.999999999999999,0.0,0.0
7.618860220002766e-78,0.999999999999999,0.0,0.0
7.13938609306172e-78,0.999999999999999,0.0,0.0
6.690086484587662e-78,0.999999999999999,0.0,0.0
6.269062435880728e-78,0.999999999999999,0.0,0.0
5.874534494510814e-78,0.999999999999999,0.0,0.0
5.504835193486019e-78,0.999999999999999,0.0,0.0
5.158402003726029e-78,0.999999999999999,0.0,0.0
4.833770730054154e-78,0.999999999999999,0.0,0.0
4.529569322796277e-78,0.999999999999999,0.0,0.0
4.2445120788315217e-78,0.999999999999999,0.0,0.0
3.977394207585456e-78,0.999999999999999,0.0,0.0
3.7270867389990694e-78,0.999999999999999,0.0,0.0
3.492531751952138e-78,0.999999999999999,0.0,0.0
3.2727379029739596e-78,0.999999999999999,0.0,0.0
3.0667762363436274e-78,0.999999999999999,0.0,0.0
2.873776257871273e-78,0.999999999999999,0.0,0.0
2.6929222557661873e-78,0.999999999999999,0.0,0.0
2.523449853041999e-78,0.999999999999999,0.0,0.0
2.3646427768877145e-78,0.999999999999999,0.0,0.0
2.2158298313503994e-78,0.999999999999999,0.0,0.0
2.0763820605345867e-78,0.999999999999999,0.0,0.0
1.945710090328719e-78,0.999999999999999,0.0,0.0
1.8232616374234618e-78,0.999999999999999,0.0,0.0
1.708519175093788e-78,0.999999999999999,0.0,0.0
1.6009977458792966e-78,0.999999999999999,0.0,0.0
1.500242911918085e-78,0.999999999999999,0.0,0.0
1.4058288342712903e-78,0.999999999999999,0.0,0.0
1.3173564731205915e-78,0.999999999999999,0.0,0.0
1.2344519012318318e-78,0.999999999999999,0.0,0.0
1.1567647235566343e-78,0.999999999999999,0.0,0.0
1.0839665962924862e-78,0.999999999999999,0.0,0.0
1.015749839142109e-78,0.999999999999999,0.0,0.0
9.518261349068587e-79,0.999999999999999,0.0,0.0
8.919253109179955e-79,0.999999999999999,0.0,0.0
8.357941971555655e-79,0.999999999999999,0.0,0.0
7.831955562287456e-79,0.999999999999999,0.0,0.0
7.339070806952295e-79,0.999999999999999,0.0,0.0
6.877204534818391e-79,0.999999999999999,0.0,0.0
6.444404674352405e-79,0.999999999999999,0.0,0.0
6.038842002815585e-79,0.999999999999999,0.0,0.0
5.658802415078685e-79,0.999999999999999,0.0,0.0
5.3026796789798783e-79,0.999999999999999,0.0,0.0
4.9689686466063266e-79,0.999999999999999,0.0,0.0
4.65625889280694e-79,0.999999999999999,0.0,0.0
4.3632287540496127e-79,0.999999999999999,0.0,0.0
4.0886397424282326e-79,0.999999999999999,0.0,0.0
3.83133131121035e-79,0.999999999999999,0.0,0.0
3.5902159498021564e-79,0.999999999999999,0.0,0.0
3.364274587399712e-79,0.999999999999999,0.0,0.0
3.1525522859000214e-79,0.999999999999999,0.0,0.0
2.954154203868092e-79,0.999999999999999,0.0,0.0
2.768241814501751e-79,0.999999999999999,0.0,0.0
2.5940293616094936e-79,0.999999999999999,0.0,0.0
2.4307805386225955e-79,0.999999999999999,0.0,0.0
2.277805376605391e-79,0.999999999999999,0.0,0.0
2.134457328110928e-79,0.999999999999999,0.0,0.0
2.0001305345569527e-79,0.999999999999999,0.0,0.0
1.8742572655728323e-79,0.999999999999999,0.0,0.0
1.7563055194948446e-79,0.999999999999999,0.0,0.0
1.6457767748683646e-79,0.999999999999999,0.0,0.0
1.542203883453699e-79,0.999999999999999,0.0,0.0
1.445149095830389e-79,0.999999999999999,0.0,0.0
1.3542022112552226e-79,0.999999999999999,0.0,0.0
1.2689788439543592e-79,0.999999999999999,0.0,0.0
1.1891187985220709e-79,0.999999999999999,0.0,0.0
1.1142845475597464e-79,0.999999999999999,0.0,0.0
1.0441598051209208e-79,0.999999999999999,0.0,0.0
9.784481899330121e-80,0.999999999999999,0.0,0.0
9.168719727458949e-80,0.999999999999999,0.0,0.0
8.591709025129915e-80,0.999999999999999,0.0,0.0
8.05101106443755e-80,0.999999999999999,0.0,0.0
7.54434059278628e-80,0.999999999999999,0.0,0.0
7.069556174301334e-80,0.999999999999999,0.0,0.0
6.624651139079073e-80,0.999999999999999,0.0,0.0
6.207745102023862e-80,0.999999999999999,0.0,0.0
5.817076015425975e-80,0.999999999999999,0.0,0.0
5.450992721690858e-80,0.999999999999999,0.0,0.0
5.1079479747439486e-80,0.999999999999999,0.0,0.0
4.786491900616137e-80,0.999999999999999,0.0,0.0
4.485265869571105e-80,0.999999999999999,0.0,0.0
4.202996753875175e-80,0.999999999999999,0.0,0.0
3.938491546940217e-80,0.999999999999999,0.0,0.0
3.690632321097488e-80,0.999999999999999,0.0,0.0
3.458371502691505e-80,0.999999999999999,0.0,0.0
3.240727444524205e-80,0.999999999999999,0.0,0.0
3.0367802769363783e-80,0.999999999999999,0.0,0.0
2.84566801999103e-80,0.999999999999999,0.0,0.0
2.6665829403268752e-80,0.999999999999999,0.0,0.0
2.498768137284242e-80,0.999999999999999,0.0,0.0
2.3415143438747034e-80,0.999999999999999,0.0,0.0
2.194156929073772e-80,0.999999999999999,0.0,0.0
2.056073088766893e-80,0.999999999999999,0.0,0.0
1.9266792134763017e-80,0.999999999999999,0.0,0.0
1.805428421743483e-80,0.999999999999999,0.0,0.0
1.691808248742108e-80,0.999999999999999,0.0,0.0
1.5853384803523962e-80,0.999999999999999,0.0,0.0
1.4855691235426535e-80,0.999999999999999,0.0,0.0
1.3920785044798286e-80,0.999999999999999,0.0,0.0
1.3044714863307778e-80,0.999999999999999,0.0,0.0
1.2223777992218006e-80,0.999999999999999,0.0,0.0
1.145450475298042e-80,0.999999999999999,0.0,0.0
1.0733643822685605e-80,0.999999999999999,0.0,0.0
1.0058148492391113e-80,0.999999999999999,0.0,0.0
9.425163790247453e-81,0.999999999999999,0.0,0.0
8.8320144149983e-81,0.999999999999999,0.0,0.0
8.27619342885603e-81,0.999999999999999,0.0,0.0
7.755351661963168e-81,0.999999999999999,0.0,0.0
7.267287783657859e-81,0.999999999999999,0.0,0.0
6.809938998579686e-81,0.999999999999999,0.0,0.0
6.381372328293065e-81,0.999999999999999,0.0,0.0
5.979776441580109e-81,0.999999999999999,0.0,0.0
5.603453998873814e-81,0.999999999999999,0.0,0.0
5.250814478475399e-81,0.999999999999999,0.0,0.0
4.920367454235927e-81,0.999999999999999,0.0,0.0
4.610716296290407e-81,0.999999999999999,0.0,0.0
4.320552268220616e-81,0.999999999999999,0.0,0.0
4.0486489956983795e-81,0.999999999999999,0.0,0.0
3.7938572832311145e-81,0.999999999999999,0.0,0.0
3.5551002571026693e-81,0.999999999999999,0.0,0.0
3.3313688139811714e-81,0.999999999999999,0.0,0.0
3.121717355957484e-81,0.999999999999999,0.0,0.0
2.9252597939884728e-81,0.999999999999999,0.0,0.0
2.7411658028536858e-81,0.999999999999999,0.0,0.0
2.5686573117970735e-81,0.999999999999999,0.0,0.0
2.4070052160214945e-81,0.999999999999999,0.0,0.0
2.2555262951371796e-81,0.999999999999999,0.0,0.0
2.1135803255400263e-81,0.999999999999999,0.0,0.0
1.9805673745152196e-81,0.999999999999999,0.0,0.0
1.8559252646297517e-81,0.999999999999999,0.0,0.0
1.7391271976971287e-81,0.999999999999999,0.0,0.0
1.6296795282719823e-81,0.999999999999999,0.0,0.0
1.5271196772642916e-81,0.999999999999999,0.0,0.0
1.431014176855134e-81,0.999999999999999,0.0,0.0
1.3409568384508305e-81,0.999999999999999,0.0,0.0
1.2565670359323633e-81,0.999999999999999,0.0,0.0
1.1774880969442492e-81,0.999999999999999,0.0,0.0
1.1033857954236665e-81,0.999999999999999,0.0,0.0
1.0339469389985353e-81,0.999999999999999,0.0,0.0
9.688780452842062e-82,0.999999999999999,0.0,0.0
9.079041014841421e-82,0.999999999999999,0.0,0.0
8.507674020520653e-82,0.999999999999999,0.0,0.0
7.972264595029621e-82,0.999999999999999,0.0,0.0
7.470549837695031e-82,0.999999999999999,0.0,0.0
7.000409257901444e-82,0.999999999999999,0.0,0.0
6.559855812866446e-82,0.999999999999999,0.0,0.0
6.147027509431297e-82,0.999999999999999,0.0,0.0
5.760179534372095e-82,0.999999999999999,0.0,0.0
5.397676879970367e-82,0.999999999999999,0.0,0.0
5.0579874336751146e-82,0.999999999999999,0.0,0.0
4.739675502649915e-82,0.999999999999999,0.0,0.0
4.441395745836617e-82,0.999999999999999,0.0,0.0
4.161887487889614e-82,0.999999999999999,0.0,0.0
3.899969390948597e-82,0.999999999999999,0.0,0.0
3.654534461730115e-82,0.999999999999999,0.0,0.0
3.4245453728354807e-82,0.999999999999999,0.0,0.0
3.209030078500589e-82,0.999999999999999,0.0,0.0
3.007077706257688e-82,0.999999999999999,0.0,0.0
2.817834707145248e-82,0.999999999999999,0.0,0.0
2.640501248194854e-82,0.999999999999999,0.0,0.0
2.474327831948019e-82,0.999999999999999,0.0,0.0
2.3186121287153405e-82,0.999999999999999,0.0,0.0
2.172696008189598e-82,0.999999999999999,0.0,0.0
2.0359627578669369e-82,0.999999999999999,0.0,0.0
1.9078344765198378e-82,0.999999999999999,0.0,0.0
1.7877696317054196e-82,0.999999999999999,0.0,0.0
1.6752607709859138e-82,0.999999999999999,0.0,0.0
1.5698323771878237e-82,0.999999999999999,0.0,0.0
1.4710388586350387e-82,0.999999999999999,0.0,0.0
1.3784626658616618e-82,0.999999999999999,0.0,0.0
1.2917125268448565e-82,0.999999999999999,0.0,0.0
1.2104217932989501e-82,0.999999999999999,0.0,0.0
1.1342468910414284e-82,0.999999999999999,0.0,0.0
1.0628658678813148e-82,0.999999999999999,0.0,0.0
9.959770328926021e-83,0.999999999999999,0.0,0.0
9.332976813216475e-83,0.999999999999999,0.0,0.0
8.745628997393654e-83,0.999999999999999,0.0,0.0
8.195244463882144e-83,0.999999999999999,0.0,0.0
7.679497019917762e-83,0.999999999999999,0.0,0.0
7.196206865925397e-83,0.999999999999999,0.0,0.0
6.743331382625678e-83,0.999999999999999,0.0,0.0
6.318956497932305e-83,0.999999999999999,0.0,0.0
5.9212885971523314e-83,0.999999999999999,0.0,0.0
5.5486469422980105e-83,0.999999999999999,0.0,0.0
5.199456568470482e-83,0.999999999999999,0.0,0.0
4.8722416272920016e-83,0.999999999999999,0.0,0.0
4.5656191492527856e-83,0.999999999999999,0.0,0.0
4.278293198609145e-83,0.999999999999999,0.0,0.0
4.009049396128649e-83,0.999999999999999,0.0,0.0
3.756749786532764e-83,0.999999999999999,0.0,0.0
3.5203280289443165e-83,0.999999999999999,0.0,0.0
3.298784890012236e-83,0.999999999999999,0.0,0.0
3.0911840206653564e-83,0.999999999999999,0.0,0.0
2.8966479986457664e-83,0.999999999999999,0.0,0.0
2.714354620095542e-83,0.999999999999999,0.0,0.0
2.543533424523295e-83,0.999999999999999,0.0,0.0
2.3834624384633573e-83,0.999999999999999,0.0,0.0
2.2334651240647236e-83,0.999999999999999,0.0,0.0
2.0929075197130034e-83,0.999999999999999,0.0,0.0
1.961195560600256e-83,0.999999999999999,0.0,0.0
1.83777256791814e-83,0.999999999999999,0.0,0.0
1.7221168960624834e-83,0.999999999999999,0.0,0.0
1.613739727905212e-83,0.999999999999999,0.0,0.0
1.512183008815391e-83,0.999999999999999,0.0,0.0
1.4170175106975398e-83,0.999999999999999,0.0,0.0
1.3278410178649108e-83,0.999999999999999,0.0,0.0
1.2442766270803455e-83,0.999999999999999,0.0,0.0
1.1659711545798563e-83,0.999999999999999,0.0,0.0
1.092593643346238e-83,0.999999999999999,0.0,0.0
1.0238339643237262e-83,0.999999999999999,0.0,0.0
9.59401505661749e-84,0.999999999999999,0.0,0.0
8.990239444478847e-84,0.999999999999999,0.0,0.0
8.42446095738765e-84,0.999999999999999,0.0,0.0
7.894288340243755e-84,0.999999999999999,0.0,0.0
7.397480825673304e-84,0.999999999999999,0.0,0.0
6.931938663455824e-84,0.999999999999999,0.0,0.0
6.495694245958404e-84,0.999999999999999,0.0,0.0
6.086903792068734e-84,0.999999999999999,0.0,0.0
5.7038395544792375e-84,0.999999999999999,0.0,0.0
5.344882517386522e-84,0.999999999999999,0.0,0.0
5.008515553743051e-84,0.999999999999999,0.0,0.0
4.69331701314025e-84,0.999999999999999,0.0,0.0
4.397954713222354e-84,0.999999999999999,0.0,0.0
4.121180309235745e-84,0.999999999999999,0.0,0.0
3.8618240179167895e-84,0.999999999999999,0.0,0.0
3.6187896734187422e-84,0.999999999999999,0.0,0.0
3.3910500943816697e-84,0.999999999999999,0.0,0.0
3.177642742564364e-84,0.999999999999999,0.0,0.0
2.977665654689526e-84,0.999999999999999,0.0,0.0
2.790273630308209e-84,0.999999999999999,0.0,0.0
2.6146746595715904e-84,0.999999999999999,0.0,0.0
2.4501265758120868e-84,0.999999999999999,0.0,0.0
2.2959339187860035e-84,0.999999999999999,0.0,0.0
2.1514449953202498e-84,0.999999999999999,0.0,0.0
2.0160491249399836e-84,0.999999999999999,0.0,0.0
1.8891740588358688e-84,0.999999999999999,0.0,0.0
1.7702835612622471e-84,0.999999999999999,0.0,0.0
1.6588751431440322e-84,0.999999999999999,0.0,0.0
1.554477938313452e-84,0.999999999999999,0.0,0.0
1.456650713400578e-84,0.999999999999999,0.0,0.0
1.3649800029664728e-84,0.999999999999999,0.0,0.0
1.2790783619971232e-84,0.999999999999999,0.0,0.0
1.1985827283723432e-84,0.999999999999999,0.0,0.0
1.1231528883886482e-84,0.999999999999999,0.0,0.0
1.0524700388506544e-84,0.999999999999999,0.0,0.0
9.862354396536969e-85,0.999999999999999,0.0,0.0
9.241691511628308e-85,0.999999999999999,0.0,0.0
8.660088510517618e-85,0.999999999999999,0.0,0.0
8.115087256010929e-85,0.999999999999999,0.0,0.0
7.604384307699738e-85,0.999999999999999,0.0,0.0
7.125821186501382e-85,0.999999999999999,0.0,0.0
6.677375251876462e-85,0.999999999999999,0.0,0.0
6.257151153166057e-85,0.999999999999999,0.0,0.0
5.863372818917871e-85,0.999999999999999,0.0,0.0
5.494375950344333e-85,0.999999999999999,0.0,0.0
5.148600987186357e-85,0.999999999999999,0.0,0.0
4.824586516253053e-85,0.999999999999999,0.0,0.0
4.5209630947787136e-85,0.999999999999999,0.0,0.0
4.236447462491536e-85,0.999999999999999,0.0,0.0
3.9698371179314924e-85,0.999999999999999,0.0,0.0
3.720005236094229e-85,0.999999999999999,0.0,0.0
3.4858959059204617e-85,0.999999999999999,0.0,0.0
3.2665196675022205e-85,0.999999999999999,0.0,0.0
3.0609493301439617e-85,0.999999999999999,0.0,0.0
2.868316053603678e-85,0.999999999999999,0.0,0.0
2.687805675951401e-85,0.999999999999999,0.0,0.0
2.518655272524847e-85,0.999999999999999,0.0,0.0
2.360149931438687e-85,0.999999999999999,0.0,0.0
2.2116197320191568e-85,0.999999999999999,0.0,0.0
2.0724369133934213e-85,0.999999999999999,0.0,0.0
1.9420132212667597e-85,0.999999999999999,0.0,0.0
1.8197974216737712e-85,0.999999999999999,0.0,0.0
1.7052729711954974e-85,0.999999999999999,0.0,0.0
1.5979558337956688e-85,0.999999999999999,0.0,0.0
1.497392435048966e-85,0.999999999999999,0.0,0.0
1.4031577451148632e-85,0.999999999999999,0.0,0.0
1.3148534823547738e-85,0.999999999999999,0.0,0.0
1.2321064300001079e-85,0.999999999999999,0.0,0.0
1.1545668587566632e-85,0.999999999999999,0.0,0.0
1.0819070486785073e-85,0.999999999999999,0.0,0.0
1.0138199040640725e-85,0.999999999999999,0.0,0.0
9.500176555203395e-86,0.999999999999999,0.0,0.0
8.90230643709401e-86,0.999999999999999,0.0,0.0
8.34206179636929e-86,0.999999999999999,0.0,0.0
7.81707476665568e-86,0.999999999999999,0.0,0.0
7.32512649739425e-86,0.999999999999999,0.0,0.0
6.864137775898903e-86,0.999999999999999,0.0,0.0
6.4321602395921685e-86,0.999999999999999,0.0,0.0
6.027368141277198e-86,0.999999999999999,0.0,0.0
5.648050632642014e-86,0.999999999999999,0.0,0.0
5.292604533382317e-86,0.999999999999999,0.0,0.0
4.9595275553816905e-86,0.999999999999999,0.0,0.0
4.647411953311249e-86,0.999999999999999,0.0,0.0
4.3549385748131086e-86,0.999999999999999,0.0,0.0
4.0808712851208395e-86,0.999999999999999,0.0,0.0
3.824051742552648e-86,0.999999999999999,0.0,0.0
3.58339450279597e-86,0.999999999999999,0.0,0.0
3.3578824312918126e-86,0.999999999999999,0.0,0.0
3.1465624043293365e-86,0.999999999999999,0.0,0.0
2.948541280681424e-86,0.999999999999999,0.0,0.0
2.762982126755399e-86,0.999999999999999,0.0,0.0
2.5891006793045515e-86,0.999999999999999,0.0,0.0
2.4261620307501658e-86,0.999999999999999,0.0,0.0
2.2734775231046073e-86,0.999999999999999,0.0,0.0
2.130401837367682e-86,0.999999999999999,0.0,0.0
1.9963302660946366e-86,0.999999999999999,0.0,0.0
1.8706961576083455e-86,0.999999999999999,0.0,0.0
1.752968521053687e-86,0.999999999999999,0.0,0.0
1.6426497821718955e-86,0.999999999999999,0.0,0.0
1.5392736803097084e-86,0.999999999999999,0.0,0.0
1.442403297775041e-86,0.999999999999999,0.0,0.0
1.3516292132102865e-86,0.999999999999999,0.0,0.0
1.2665677711785045e-86,0.999999999999999,0.0,0.0
1.1868594606489199e-86,0.999999999999999,0.0,0.0
1.1121673955284292e-86,0.999999999999999,0.0,0.0
1.0421758908170988e-86,0.999999999999999,0.0,0.0
9.765891283697947e-87,0.999999999999999,0.0,0.0
9.151299066248058e-87,0.999999999999999,0.0,0.0
8.575384690152035e-87,0.999999999999999,0.0,0.0
8.035714061112358e-87,0.999999999999999,0.0,0.0
7.530006268536745e-87,0.999999999999999,0.0,0.0
7.056123945300482e-87,0.999999999999999,0.0,0.0
6.612064234193256e-87,0.999999999999999,0.0,0.0
6.195950322870339e-87,0.999999999999999,0.0,0.0
5.8060235115306665e-87,0.999999999999999,0.0,0.0
5.440635779795992e-87,0.999999999999999,0.0,0.0
5.098242821375111e-87,0.999999999999999,0.0,0.0
4.777397517074279e-87,0.999999999999999,0.0,0.0
4.476743818567565e-87,0.999999999999999,0.0,0.0
4.195011017076998e-87,0.999999999999999,0.0,0.0
3.931008372739164e-87,0.999999999999999,0.0,0.0
3.683620081959317e-87,0.999999999999999,0.0,0.0
3.4518005614826296e-87,0.999999999999999,0.0,0.0
3.2345700292507497e-87,0.999999999999999,0.0,0.0
3.031010363366222e-87,0.999999999999999,0.0,0.0
2.8402612216627463e-87,0.999999999999999,0.0,0.0
2.661516405480679e-87,0.999999999999999,0.0,0.0
2.494020452279341e-87,0.999999999999999,0.0,0.0
2.337065442684833e-87,0.999999999999999,0.0,0.0
2.1899880084784085e-87,0.999999999999999,0.0,0.0
2.052166528879697e-87,0.999999999999999,0.0,0.0
1.9230185032749072e-87,0.999999999999999,0.0,0.0
1.8019980892858869e-87,0.999999999999999,0.0,0.0
1.6885937957747149e-87,0.999999999999999,0.0,0.0
1.5823263210333478e-87,0.999999999999999,0.0,0.0
1.482746527021452e-87,0.999999999999999,0.0,0.0
1.3894335410905692e-87,0.999999999999999,0.0,0.0
1.3019929771715786e-87,0.999999999999999,0.0,0.0
1.2200552689073245e-87,0.999999999999999,0.0,0.0
1.1432741076854233e-87,0.999999999999999,0.0,0.0
1.0713249789696095e-87,0.999999999999999,0.0,0.0
1.0039037907434521e-87,0.999999999999999,0.0,0.0
9.407255882695722e-88,0.999999999999999,0.0,0.0
8.815233497323108e-88,0.999999999999999,0.0,0.0
8.260468576736477e-88,0.999999999999999,0.0,0.0
7.740616414525103e-88,0.999999999999999,0.0,0.0
7.253479862577886e-88,0.999999999999999,0.0,0.0
6.797000044866684e-88,0.999999999999999,0.0,0.0
6.369247655634699e-88,0.999999999999999,0.0,0.0
5.968414805211877e-88,0.999999999999999,0.0,0.0
5.592807378993741e-88,0.999999999999999,0.0,0.0
5.240837877288998e-88,0.999999999999999,0.0,0.0
4.9110187057736294e-88,0.999999999999999,0.0,0.0
4.601955888193665e-88,0.999999999999999,0.0,0.0
4.312343174743455e-88,0.999999999999999,0.0,0.0
4.040956521218586e-88,0.999999999999999,0.0,0.0
3.7866489156096584e-88,0.999999999999999,0.0,0.0
3.5483455302715894e-88,0.999999999999999,0.0,0.0
3.325039179179153e-88,0.999999999999999,0.0,0.0
3.115786061068907e-88,0.999999999999999,0.0,0.0
2.9197017704759555e-88,0.999999999999999,0.0,0.0
2.7359575598062556e-88,0.999999999999999,0.0,0.0
2.5637768366461466e-88,0.999999999999999,0.0,0.0
2.4024318815050555e-88,0.999999999999999,0.0,0.0
2.2512407721189384e-88,0.999999999999999,0.0,0.0
2.1095645013150853e-88,0.999999999999999,0.0,0.0
1.9768042762569717e-88,0.999999999999999,0.0,0.0
1.85239898765446e-88,0.999999999999999,0.0,0.0
1.7358228382429961e-88,0.999999999999999,0.0,0.0
1.6265831205086042e-88,0.999999999999999,0.0,0.0
1.5242181342662627e-88,0.999999999999999,0.0,0.0
1.4282952352903366e-88,0.999999999999999,0.0,0.0
1.3384090067496267e-88,0.999999999999999,0.0,0.0
1.2541795457186332e-88,0.999999999999999,0.0,0.0
1.1752508575229935e-88,0.999999999999999,0.0,0.0
1.1012893511328224e-88,0.999999999999999,0.0,0.0
1.031982429244749e-88,0.999999999999999,0.0,0.0
9.670371670936543e-89,0.999999999999999,0.0,0.0
9.061790744101263e-89,0.999999999999999,0.0,0.0
8.491509352910596e-89,0.999999999999999,0.0,0.0
7.957117210801305e-89,0.999999999999999,0.0,0.0
7.456355716634511e-89,0.999999999999999,0.0,0.0
6.987108408748619e-89,0.999999999999999,0.0,0.0
6.547392019762817e-89,0.999999999999999,0.0,0.0
6.135348094324398e-89,0.999999999999999,0.0,0.0
5.749235134372426e-89,0.999999999999999,0.0,0.0
5.387421238719801e-89,0.999999999999999,0.0,0.0
5.0483772058450395e-89,0.999999999999999,0.0,0.0
4.7306700707427826e-89,0.999999999999999,0.0,0.0
4.4329570485166426e-89,0.999999999999999,0.0,0.0
4.153979859117058e-89,0.999999999999999,0.0,0.0
3.892559409237729e-89,0.999999999999999,0.0,0.0
3.647590808893761e-89,0.999999999999999,0.0,0.0
3.418038701619126e-89,0.999999999999999,0.0,0.0
3.20293288854661e-89,0.999999999999999,0.0,0.0
3.001364227875462e-89,0.999999999999999,0.0,0.0
2.8124807923959023e-89,0.999999999999999,0.0,0.0
2.6354842688303344e-89,0.999999999999999,0.0,0.0
2.469626583773103e-89,0.999999999999999,0.0,0.0
2.3142067419683953e-89,0.999999999999999,0.0,0.0
2.1685678635633026e-89,0.999999999999999,0.0,0.0
2.032094407814032e-89,0.999999999999999,0.0,0.0
1.9042095715113045e-89,0.999999999999999,0.0,0.0
1.784372851129416e-89,0.999999999999999,0.0,0.0
1.6720777583954175e-89,0.999999999999999,0.0,0.0
1.5668496796233023e-89,0.999999999999999,0.0,0.0
1.4682438697657003e-89,0.999999999999999,0.0,0.0
1.3758435727049677e-89,0.999999999999999,0.0,0.0
1.2892582598391116e-89,0.999999999999999,0.0,0.0
1.20812197951795e-89,0.999999999999999,0.0,0.0
1.132091810353428e-89,0.999999999999999,0.0,0.0
1.0608464118670226e-89,0.999999999999999,0.0,0.0
9.940846663485703e-90,0.999999999999999,0.0,0.0
9.315244061863503e-90,0.999999999999999,0.0,0.0
8.729012212895003e-90,0.999999999999999,0.0,0.0
8.179673415623558e-90,0.999999999999999,0.0,0.0
7.66490589707502e-90,0.999999999999999,0.0,0.0
7.182533999315753e-90,0.999999999999999,0.0,0.0
6.730518984063897e-90,0.999999999999999,0.0,0.0
6.3069504159896805e-90,0.999999999999999,0.0,0.0
5.910038088286414e-90,0.999999999999999,0.0,0.0
5.538104456385705e-90,0.999999999999999,0.0,0.0
5.189577547838105e-90,0.999999999999999,0.0,0.0
4.86298431839287e-90,0.999999999999999,0.0,0.0
4.556944426196426e-90,0.999999999999999,0.0,0.0
4.270164397796245e-90,0.999999999999999,0.0,0.0
4.00143216129285e-90,0.999999999999999,0.0,0.0
3.7496119235343707e-90,0.999999999999999,0.0,0.0
3.513639369702201e-90,0.999999999999999,0.0,0.0
3.292517164998852e-90,0.999999999999999,0.0,0.0
3.0853107394259646e-90,0.999999999999999,0.0,0.0
2.891144337836888e-90,0.999999999999999,0.0,0.0
2.709197318569433e-90,0.999999999999999,0.0,0.0
2.53870068501502e-90,0.999999999999999,0.0,0.0
2.3789338354649477e-90,0.999999999999999,0.0,0.0
2.2292215174970434e-90,0.999999999999999,0.0,0.0
2.088930974030464e-90,0.999999999999999,0.0,0.0
1.9574692689864772e-90,0.999999999999999,0.0,0.0
1.8342807812521691e-90,0.999999999999999,0.0,0.0
1.718844856355347e-90,0.999999999999999,0.0,0.0
1.6106736059254773e-90,0.999999999999999,0.0,0.0
1.5093098456401068e-90,0.999999999999999,0.0,0.0
1.4143251629415241e-90,0.999999999999999,0.0,0.0
1.3253181063568982e-90,0.999999999999999,0.0,0.0
1.2419124887690745e-90,0.999999999999999,0.0,0.0
1.1637557974668263e-90,0.999999999999999,0.0,0.0
1.090517704254665e-90,0.999999999999999,0.0,0.0
1.0218886693252028e-90,0.999999999999999,0.0,0.0
9.575786329933548e-91,0.999999999999999,0.0,0.0
8.973157897630161e-91,0.999999999999999,0.0,0.0
8.408454395448201e-91,0.999999999999999,0.0,0.0
7.879289111696655e-91,0.999999999999999,0.0,0.0
7.383425536482581e-91,0.999999999999999,0.0,0.0
6.918767909132393e-91,0.999999999999999,0.0,0.0
6.483352360487798e-91,0.999999999999999,0.0,0.0
6.075338612639444e-91,0.999999999999999,0.0,0.0
5.693002201017303e-91,0.999999999999999,0.0,0.0
5.334727185964561e-91,0.999999999999999,0.0,0.0
4.998999322990577e-91,0.999999999999999,0.0,0.0
4.68439966283709e-91,0.999999999999999,0.0,0.0
4.389598554308427e-91,0.999999999999999,0.0,0.0
4.113350024518764e-91,0.999999999999999,0.0,0.0
3.854486512804626e-91,0.999999999999999,0.0,0.0
3.611913936045583e-91,0.999999999999999,0.0,0.0
3.384607064536786e-91,0.999999999999999,0.0,0.0
3.1716051888695245e-91,0.999999999999999,0.0,0.0
2.972008059505947e-91,0.999999999999999,0.0,0.0
2.7849720818866e-91,0.999999999999999,0.0,0.0
2.60970675098947e-91,0.999999999999999,0.0,0.0
2.4454713102712285e-91,0.999999999999999,0.0,0.0
2.2915716208697543e-91,0.999999999999999,0.0,0.0
2.1473572278356468e-91,0.999999999999999,0.0,0.0
2.0122186109932092e-91,0.999999999999999,0.0,0.0
1.8855846088116935e-91,0.999999999999999,0.0,0.0
1.766920004398839e-91,0.999999999999999,0.0,0.0
1.655723263413939e-91,0.999999999999999,0.0,0.0
1.5515244143397542e-91,0.999999999999999,0.0,0.0
1.453883062154269e-91,0.999999999999999,0.0,0.0
1.3623865270071075e-91,0.999999999999999,0.0,0.0
1.2766481000337432e-91,0.999999999999999,0.0,0.0
1.1963054089357298e-91,0.999999999999999,0.0,0.0
1.1210188864190976e-91,0.999999999999999,0.0,0.0
1.0504703350177929e-91,0.999999999999999,0.0,0.0
9.843615822364035e-92,0.999999999999999,0.0,0.0
9.224132203281527e-92,0.999999999999999,0.0,0.0
8.643634253818478e-92,0.999999999999999,0.0,0.0
8.099668507266713e-92,0.999999999999999,0.0,0.0
7.589935899778058e-92,0.999999999999999,0.0,0.0
7.112282053402166e-92,0.999999999999999,0.0,0.0
6.664688170637345e-92,0.999999999999999,0.0,0.0
6.245262502010299e-92,0.999999999999999,0.0,0.0
5.852232350622647e-92,0.999999999999999,0.0,0.0
5.48393657987153e-92,0.999999999999999,0.0,0.0
5.138818592678294e-92,0.999999999999999,0.0,0.0
4.8154197525520536e-92,0.999999999999999,0.0,0.0
4.512373218682355e-92,0.999999999999999,0.0,0.0
4.2283981690050294e-92,0.999999999999999,0.0,0.0
3.962294386825118e-92,0.999999999999999,0.0,0.0
3.712937188117292e-92,0.999999999999999,0.0,0.0
3.479272668064076e-92,0.999999999999999,0.0,0.0
3.2603132467414386e-92,0.999999999999999,0.0,0.0
3.0551334951256368e-92,0.999999999999999,0.0,0.0
2.8628662237800048e-92,0.999999999999999,0.0,0.0
2.6826988176905632e-92,0.999999999999999,0.0,0.0
2.5138698017596876e-92,0.999999999999999,0.0,0.0
2.355665622441938e-92,0.999999999999999,0.0,0.0
2.207417631919679e-92,0.999999999999999,0.0,0.0
2.0684992620721513e-92,0.999999999999999,0.0,0.0
1.9383233762938078e-92,0.999999999999999,0.0,0.0
1.816339787969417e-92,0.999999999999999,0.0,0.0
1.7020329351177964e-92,0.999999999999999,0.0,0.0
1.5949197013760942e-92,0.999999999999999,0.0,0.0
1.4945473741150359e-92,0.999999999999999,0.0,0.0
1.4004917310551373e-92,0.999999999999999,0.0,0.0
1.3123552472969967e-92,0.999999999999999,0.0,0.0
1.2297654151876999e-92,0.999999999999999,0.0,0.0
1.1523731699222786e-92,0.999999999999999,0.0,0.0
1.079851414226048e-92,0.999999999999999,0.0,0.0
1.0118936358824126e-92,0.999999999999999,0.0,0.0
9.482126122631415e-93,0.999999999999999,0.0,0.0
8.885391963858262e-93,0.999999999999999,0.0,0.0
8.32621179367811e-93,0.999999999999999,0.0,0.0
7.802222244687721e-93,0.999999999999999,0.0,0.0
7.31120868216691e-93,0.999999999999999,0.0,0.0
6.851095843954935e-93,0.999999999999999,0.0,0.0
6.419939069383144e-93,0.999999999999999,0.0,0.0
6.015916080193025e-93,0.999999999999999,0.0,0.0
5.637319278701882e-93,0.999999999999999,0.0,0.0
5.282548530664385e-93,0.999999999999999,0.0,0.0
4.950104402326892e-93,0.999999999999999,0.0,0.0
4.638581823091036e-93,0.999999999999999,0.0,0.0
4.346664147001899e-93,0.999999999999999,0.0,0.0
4.073117587961742e-93,0.999999999999999,0.0,0.0
3.8167860051498096e-93,0.999999999999999,0.0,0.0
3.5765860166088276e-93,0.999999999999999,0.0,0.0
3.3515024203458616e-93,0.999999999999999,0.0,0.0
3.1405839035948678e-93,0.999999999999999,0.0,0.0
2.942939022106189e-93,0.999999999999999,0.0,0.0
2.757732432469532e-93,0.999999999999999,0.0,0.0
2.5841813615463722e-93,0.999999999999999,0.0,0.0
2.421552298089907e-93,0.999999999999999,0.0,0.0
2.2691578925697168e-93,0.999999999999999,0.0,0.0
2.1263540520983066e-93,0.999999999999999,0.0,0.0
1.9925372181812484e-93,0.999999999999999,0.0,0.0
1.8671418157853964e-93,0.999999999999999,0.0,0.0
1.7496378629436812e-93,0.999999999999999,0.0,0.0
1.6395287307935163e-93,0.999999999999999,0.0,0.0
1.5363490445816462e-93,0.999999999999999,0.0,0.0
1.4396627167640677e-93,0.999999999999999,0.0,0.0
1.349061103887939e-93,0.999999999999999,0.0,0.0
1.2641612794655716e-93,0.999999999999999,0.0,0.0
1.184604415540824e-93,0.999999999999999,0.0,0.0
1.110054266107614e-93,0.999999999999999,0.0,0.0
1.0401957459707345e-93,0.999999999999999,0.0,0.0
9.747335990425516e-94,0.999999999999999,0.0,0.0
9.133911504471551e-94,0.999999999999999,0.0,0.0
8.559091371577488e-94,0.999999999999999,0.0,0.0
8.020446122249856e-94,0.999999999999999,0.0,0.0
7.515699179649818e-94,0.999999999999999,0.0,0.0
7.04271723767204e-94,0.999999999999999,0.0,0.0
6.599501244555391e-94,0.999999999999999,0.0,0.0
6.184177953917779e-94,0.999999999999999,0.0,0.0
5.794992007505742e-94,0.999999999999999,0.0,0.0
5.430298516196598e-94,0.999999999999999,0.0,0.0
5.088556107896886e-94,0.999999999999999,0.0,0.0
4.768320412954119e-94,0.999999999999999,0.0,0.0
4.4682379595480484e-94,0.999999999999999,0.0,0.0
4.1870404532603734e-94,0.999999999999999,0.0,0.0
3.92353941664559e-94,0.999999999999999,0.0,0.0
3.6766211661471914e-94,0.999999999999999,0.0,0.0
3.4452421051292225e-94,0.999999999999999,0.0,0.0
3.228424313129257e-94,0.999999999999999,0.0,0.0
3.0252514126908323e-94,0.999999999999999,0.0,0.0
2.8348646963065566e-94,0.999999999999999,0.0,0.0
2.6564594971024836e-94,0.999999999999999,0.0,0.0
2.489281787924482e-94,0.999999999999999,0.0,0.0
2.3326249944527013e-94,0.999999999999999,0.0,0.0
2.185827008874792e-94,0.999999999999999,0.0,0.0
2.04826739149622e-94,0.999999999999999,0.0,0.0
1.9193647484603163e-94,0.999999999999999,0.0,0.0
1.7985742744950256e-94,0.999999999999999,0.0,0.0
1.6853854503008188e-94,0.999999999999999,0.0,0.0
1.5793198848477968e-94,0.999999999999999,0.0,0.0
1.4799292934624943e-94,0.999999999999999,0.0,0.0
1.3867936031587873e-94,0.999999999999999,0.0,0.0
1.2995191772051182e-94,0.999999999999999,0.0,0.0
1.2177371514241878e-94,0.999999999999999,0.0,0.0
1.1411018751935159e-94,0.999999999999999,0.0,0.0
1.0692894505577737e-94,0.999999999999999,0.0,0.0
1.0019963632784701e-94,0.999999999999999,0.0,0.0
9.3893820003514e-95,0.999999999999999,0.0,0.0
8.798484463563039e-95,0.999999999999999,0.0,0.0
8.244773601996697e-95,0.999999999999999,0.0,0.0
7.725909164207798e-95,0.999999999999999,0.0,0.0
7.239698176689112e-95,0.999999999999999,0.0,0.0
6.784085675298001e-95,0.999999999999999,0.0,0.0
6.357146019978324e-95,0.999999999999999,0.0,0.0
5.9570747560688844e-95,0.999999999999999,0.0,0.0
5.58218098780027e-95,0.999999999999999,0.0,0.0
5.2308802317468314e-95,0.999999999999999,0.0,0.0
4.901687720028972e-95,0.999999999999999,0.0,0.0
4.593212124961855e-95,0.999999999999999,0.0,0.0
4.304149678627813e-95,0.999999999999999,0.0,0.0
4.0332786625189355e-95,0.999999999999999,0.0,0.0
3.779454243960365e-95,0.999999999999999,0.0,0.0
3.541603637490534e-95,0.999999999999999,0.0,0.0
3.318721570747959e-95,0.999999999999999,0.0,0.0
3.1098660357012455e-95,0.999999999999999,0.0,0.0
2.9141543072649247e-95,0.999999999999999,0.0,0.0
2.730759212473852e-95,0.999999999999999,0.0,0.0
2.558905634447893e-95,0.999999999999999,0.0,0.0
2.397867236370945e-95,0.999999999999999,0.0,0.0
2.2469633916382373e-95,0.999999999999999,0.0,0.0
2.10555630719722e-95,0.999999999999999,0.0,0.0
1.97304832792388e-95,0.999999999999999,0.0,0.0
1.8488794106414663e-95,0.999999999999999,0.0,0.0
1.732524757105603e-95,0.999999999999999,0.0,0.0
1.623492595951627e-95,0.999999999999999,0.0,0.0
1.5213221042295888e-95,0.999999999999999,0.0,0.0
1.4255814597423043e-95,0.999999999999999,0.0,0.0
1.3358660159546986e-95,0.999999999999999,0.0,0.0
1.2517965917607132e-95,0.999999999999999,0.0,0.0
1.1730178688795066e-95,0.999999999999999,0.0,0.0
1.0991968901075605e-95,0.999999999999999,0.0,0.0
1.0300216520795758e-95,0.999999999999999,0.0,0.0
9.651997865904817e-96,0.999999999999999,0.0,0.0
9.04457324905184e-96,0.999999999999999,0.0,0.0
8.475375398334229e-96,0.999999999999999,0.0,0.0
7.941998606757856e-96,0.999999999999999,0.0,0.0
7.442188564549096e-96,0.999999999999999,0.0,0.0
6.9738328313451435e-96,0.999999999999999,0.0,0.0
6.534951907993487e-96,0.999999999999999,0.0,0.0
6.123690870225587e-96,0.999999999999999,0.0,0.0
5.738311528844625e-96,0.999999999999999,0.0,0.0
5.3771850832924425e-96,0.999999999999999,0.0,0.0
5.038785237546076e-96,0.999999999999999,0.0,0.0
4.721681749248326e-96,0.999999999999999,0.0,0.0
4.424534384807836e-96,0.999999999999999,0.0,0.0
4.14608725492e-96,0.999999999999999,0.0,0.0
3.8851635065678546e-96,0.999999999999999,0.0,0.0
3.6406603490687715e-96,0.999999999999999,0.0,0.0
3.411544393144592e-96,0.999999999999999,0.0,0.0
3.1968472833158686e-96,0.999999999999999,0.0,0.0
2.9956616051605637e-96,0.999999999999999,0.0,0.0
2.807137050139307e-96,0.999999999999999,0.0,0.0
2.6304768217778897e-96,0.999999999999999,0.0,0.0
2.464934268017774e-96,0.999999999999999,0.0,0.0
2.3098097255013002e-96,0.999999999999999,0.0,0.0
2.1644475624539943e-96,0.999999999999999,0.0,0.0
2.0282334076657694e-96,0.999999999999999,0.0,0.0
1.900591553859341e-96,0.999999999999999,0.0,0.0
1.7809825244712277e-96,0.999999999999999,0.0,0.0
1.6689007935613786e-96,0.999999999999999,0.0,0.0
1.5638726492146415e-96,0.999999999999999,0.0,0.0
1.4654541914037827e-96,0.999999999999999,0.0,0.0
1.3732294558520428e-96,0.999999999999999,0.0,0.0
1.2868086559657643e-96,0.999999999999999,0.0,0.0
1.2058265354066418e-96,0.999999999999999,0.0,0.0
1.1299408243407632e-96,0.999999999999999,0.0,0.0
1.0588307928397997e-96,0.999999999999999,0.0,0.0
9.921958953203156e-97,0.999999999999999,0.0,0.0
9.29754500291936e-97,0.999999999999999,0.0,0.0
8.712427000456751e-97,0.999999999999999,0.0,0.0
8.164131952515828e-97,0.999999999999999,0.0,0.0
7.650342497514826e-97,0.999999999999999,0.0,0.0
7.168887111292427e-97,0.999999999999999,0.0,0.0
6.717730929190346e-97,0.999999999999999,0.0,0.0
6.294967145725471e-97,0.999999999999999,0.0,0.0
5.898808955502341e-97,0.999999999999999,0.0,0.0
5.527582001304395e-97,0.999999999999999,0.0,0.0
5.179717297445908e-97,0.999999999999999,0.0,0.0
4.853744598475273e-97,0.999999999999999,0.0,0.0
4.548286185202544e-97,0.999999999999999,0.0,0.0
4.262051041787979e-97,0.999999999999999,0.0,0.0
3.993829399281099e-97,0.999999999999999,0.0,0.0
3.742487622548635e-97,0.999999999999999,0.0,0.0
3.5069634189810143e-97,0.999999999999999,0.0,0.0
3.2862613487270594e-97,0.999999999999999,0.0,0.0
3.079448617480962e-97,0.999999999999999,0.0,0.0
2.885651134039802e-97,0.999999999999999,0.0,0.0
2.7040498159689377e-97,0.999999999999999,0.0,0.0
2.533877127761208e-97,0.999999999999999,0.0,0.0
2.3744138368585234e-97,0.999999999999999,0.0,0.0
2.224985973825217e-97,0.999999999999999,0.0,0.0
2.084961983825367e-97,0.999999999999999,0.0,0.0
1.9537500573648528e-97,0.999999999999999,0.0,0.0
1.830795629016554e-97,0.999999999999999,0.0,0.0
1.7155790335570985e-97,0.999999999999999,0.0,0.0
1.6076133096088444e-97,0.999999999999999,0.0,0.0
1.5064421415042235e-97,0.999999999999999,0.0,0.0
1.4116379306737646e-97,0.999999999999999,0.0,0.0
1.322799988406539e-97,0.999999999999999,0.0,0.0
1.2395528423447594e-97,0.999999999999999,0.0,0.0
1.1615446495549552e-97,0.999999999999999,0.0,0.0
1.0884457094685857e-97,0.999999999999999,0.0,0.0
1.019947070407061e-97,0.999999999999999,0.0,0.0
9.557592238016634e-98,0.999999999999999,0.0,0.0
8.956108805895093e-98,0.999999999999999,0.0,0.0
8.392478246140053e-98,0.999999999999999,0.0,0.0
7.864318381837112e-98,0.999999999999999,0.0,0.0
7.369396952484992e-98,0.999999999999999,0.0,0.0
6.905622179376808e-98,0.999999999999999,0.0,0.0
6.471033924725744e-98,0.999999999999999,0.0,0.0
6.063795407169289e-98,0.999999999999999,0.0,0.0
5.6821854386377273e-98,0.999999999999999,0.0,0.0
5.324591149776111e-98,0.999999999999999,0.0,0.0
4.98950117317381e-98,0.999999999999999,0.0,0.0
4.6754992555906615e-98,0.999999999999999,0.0,0.0
4.381258272181856e-98,0.999999999999999,0.0,0.0
4.105534617422788e-98,0.999999999999999,0.0,0.0
3.8471629490271815e-98,0.999999999999999,0.0,0.0
3.6050512626437185e-98,0.999999999999999,0.0,0.0
3.3781762765144696e-98,0.999999999999999,0.0,0.0
3.165579106588422e-98,0.999999999999999,0.0,0.0
2.966361213811049e-98,0.999999999999999,0.0,0.0
2.7796806064611846e-98,0.999999999999999,0.0,0.0
2.6047482814844375e-98,0.999999999999999,0.0,0.0
2.4408248897824842e-98,0.999999999999999,0.0,0.0
2.287217611364137e-98,0.999999999999999,0.0,0.0
2.1432772271510497e-98,0.999999999999999,0.0,0.0
2.0083953750620895e-98,0.999999999999999,0.0,0.0
1.882001978779255e-98,0.999999999999999,0.0,0.0
1.7635628383278532e-98,0.999999999999999,0.0,0.0
1.6525773722875515e-98,0.999999999999999,0.0,0.0
1.5485765020917974e-98,0.999999999999999,0.0,0.0
1.4511206694736193e-98,0.999999999999999,0.0,0.0
1.3597979786785757e-98,0.999999999999999,0.0,0.0
1.2742224555929357e-98,0.999999999999999,0.0,0.0
1.1940324164293248e-98,0.999999999999999,0.0,0.0
1.1188889390751031e-98,0.999999999999999,0.0,0.0
1.0484744306426548e-98,0.999999999999999,0.0,0.0
9.824912851673575e-99,0.999999999999999,0.0,0.0
9.206606257800095e-99,0.999999999999999,0.0,0.0
8.627211260375261e-99,0.999999999999999,0.0,0.0
8.084279054302724e-99,0.999999999999999,0.0,0.0
7.575514943979121e-99,0.999999999999999,0.0,0.0
7.098768644794239e-99,0.999999999999999,0.0,0.0
6.652025194982271e-99,0.999999999999999,0.0,0.0
6.233396439413265e-99,0.999999999999999,0.0,0.0
5.841113049331064e-99,0.999999999999999,0.0,0.0
5.473517044309338e-99,0.999999999999999,0.0,0.0
5.1290547848197935e-99,0.999999999999999,0.0,0.0
4.806270405795791e-99,0.999999999999999,0.0,0.0
4.503799663438387e-99,0.999999999999999,0.0,0.0
4.22036416925843e-99,0.999999999999999,0.0,0.0
3.954765986984949e-99,0.999999999999999,0.0,0.0
3.705882569503763e-99,0.999999999999999,0.0,0.0
3.4726620144273223e-99,0.999999999999999,0.0,0.0
3.2541186182435458e-99,0.999999999999999,0.0,0.0
3.049328710253297e-99,0.999999999999999,0.0,0.0
2.8574267486887057e-99,0.999999999999999,0.0,0.0
2.677601662512625e-99,0.999999999999999,0.0,0.0
2.5090934234379003e-99,0.999999999999999,0.0,0.0
2.3511898336781225e-99,0.999999999999999,0.0,0.0
2.2032235158533448e-99,0.999999999999999,0.0,0.0
2.0645690923286433e-99,0.999999999999999,0.0,0.0
1.934640542064023e-99,0.999999999999999,0.0,0.0
1.8128887238044455e-99,0.999999999999999,0.0,0.0
1.6987990551417632e-99,0.999999999999999,0.0,0.0
1.591889337639153e-99,0.999999999999999,0.0,0.0
1.491707718825963e-99,0.999999999999999,0.0,0.0
1.3978307824493772e-99,0.999999999999999,0.0,0.0
1.3098617589113666e-99,0.999999999999999,0.0,0.0
1.2274288483273656e-99,0.999999999999999,0.0,0.0
1.1501836491191035e-99,0.999999999999999,0.0,0.0
1.0777996855000612e-99,0.999999999999999,0.0,0.0
1.009971027629988e-99,0.999999999999999,0.0,0.0
9.464109986065832e-100,0.999999999999999,0.0,0.0
8.86850962829456e-100,0.999999999999999,0.0,0.0
8.310391906154061e-100,0.999999999999999,0.0,0.0
7.787397942663324e-100,0.999999999999999,0.0,0.0
7.297317310930768e-100,0.999999999999999,0.0,0.0
6.838078691814975e-100,0.999999999999999,0.0,0.0
6.40774111952244e-100,0.999999999999999,0.0,0.0
6.004485778141974e-100,0.999999999999999,0.0,0.0
5.626608314443932e-100,0.999999999999999,0.0,0.0
5.272511634454408e-100,0.999999999999999,0.0,0.0
4.94069915335922e-100,0.999999999999999,0.0,0.0
4.629768470208503e-100,0.999999999999999,0.0,0.0
4.338405440688111e-100,0.999999999999999,0.0,0.0
4.0653786229065054e-100,0.999999999999999,0.0,0.0
3.809534072722307e-100,0.999999999999999,0.0,0.0
3.569790466615036e-100,0.999999999999999,0.0,0.0
3.3451345314859235e-100,0.999999999999999,0.0,0.0
3.134616762072905e-100,0.999999999999999,0.0,0.0
2.937347407879512e-100,0.999999999999999,0.0,0.0
2.7524927126564695e-100,0.999999999999999,0.0,0.0
2.579271390542218e-100,0.999999999999999,0.0,0.0
2.416951323968822e-100,0.999999999999999,0.0,0.0
2.2648464693769974e-100,0.999999999999999,0.0,0.0
2.1223139576623181e-100,0.999999999999999,0.0,0.0
1.9887513770976668e-100,0.999999999999999,0.0,0.0
1.8635942272482417e-100,0.999999999999999,0.0,0.0
1.7463135331181291e-100,0.999999999999999,0.0,0.0
1.6364136094446583e-100,0.999999999999999,0.0,0.0
1.533429965691362e-100,0.999999999999999,0.0,0.0
1.4369273428850286e-100,0.999999999999999,0.0,0.0
1.3464978739995543e-100,0.999999999999999,0.0,0.0
1.2617593601114917e-100,0.999999999999999,0.0,0.0
1.1823536550414844e-100,0.999999999999999,0.0,0.0
1.1079451516542985e-100,0.999999999999999,0.0,0.0
1.0382193634198194e-100,0.999999999999999,0.0,0.0
9.728815952399976e-101,0.999999999999999,0.0,0.0
9.116556979240154e-101,0.999999999999999,0.0,0.0
8.542829010474783e-101,0.999999999999999,0.0,0.0
8.005207192627264e-101,0.999999999999999,0.0,0.0
7.501419274378023e-101,0.999999999999999,0.0,0.0
7.02933600292514e-101,0.999999999999999,0.0,0.0
6.586962124726259e-101,0.999999999999999,0.0,0.0
6.172427952586568e-101,0.999999999999999,0.0,0.0
5.783981463451231e-101,0.999999999999999,0.0,0.0
5.419980893503714e-101,0.999999999999999,0.0,0.0
5.0788877992732877e-101,0.999999999999999,0.0,0.0
4.7592605554245735e-101,0.999999999999999,0.0,0.0
4.459748261747616e-101,0.999999999999999,0.0,0.0
4.179085033596475e-101,0.999999999999999,0.0,0.0
3.916084651644943e-101,0.999999999999999,0.0,0.0
3.6696355483466537e-101,0.999999999999999,0.0,0.0
3.4386961099099287e-101,0.999999999999999,0.0,0.0
3.222290273931218e-101,0.999999999999999,0.0,0.0
3.019503404080594e-101,0.999999999999999,0.0,0.0
2.8294784244037086e-101,0.999999999999999,0.0,0.0
2.651412196901899e-101,0.999999999999999,0.0,0.0
2.4845521270803377e-101,0.999999999999999,0.0,0.0
2.328192983117603e-101,0.999999999999999,0.0,0.0
2.1816739152129577e-101,0.999999999999999,0.0,0.0
2.044375662513631e-101,0.999999999999999,0.0,0.0
1.9157179358172237e-101,0.999999999999999,0.0,0.0
1.7951569649872673e-101,0.999999999999999,0.0,0.0
1.6821832007161207e-101,0.999999999999999,0.0,0.0
1.5763191609217322e-101,0.999999999999999,0.0,0.0
1.4771174126760978e-101,0.999999999999999,0.0,0.0
1.384158681136063e-101,0.999999999999999,0.0,0.0
1.2970500774838826e-101,0.999999999999999,0.0,0.0
1.215423438387966e-101,0.999999999999999,0.0,0.0
1.138933769965549e-101,0.999999999999999,0.0,0.0
1.067257789670729e-101,0.999999999999999,0.0,0.0
1.0000925599451705e-101,0.999999999999999,0.0,0.0
9.371542078566249e-102,0.999999999999999,0.0,0.0
8.781767253138332e-102,0.999999999999999,0.0,0.0
8.229108447869367e-102,0.999999999999999,0.0,0.0
7.71122985781644e-102,0.999999999999999,0.0,0.0
7.225942676144412e-102,0.999999999999999,0.0,0.0
6.771195843163516e-102,0.999999999999999,0.0,0.0
6.345067377553408e-102,0.999999999999999,0.0,0.0
5.94575625313519e-102,0.999999999999999,0.0,0.0
5.5715747868586985e-102,0.999999999999999,0.0,0.0
5.220941505832989e-102,0.999999999999999,0.0,0.0
4.8923744632526175e-102,0.999999999999999,0.0,0.0
4.5844849749695705e-102,0.999999999999999,0.0,0.0
4.295971750238551e-102,0.999999999999999,0.0,0.0
4.025615391829303e-102,0.999999999999999,0.0,0.0
3.772273242260755e-102,0.999999999999999,0.0,0.0
3.534874554374683e-102,0.999999999999999,0.0,0.0
3.312415965837367e-102,0.999999999999999,0.0,0.0
3.1039572584423024e-102,0.999999999999999,0.0,0.0
2.9086173842907054e-102,0.999999999999999,0.0,0.0
2.725570742054522e-102,0.999999999999999,0.0,0.0
2.5540436875836132e-102,0.999999999999999,0.0,0.0
2.393311264109253e-102,0.999999999999999,0.0,0.0
2.2426941382241765e-102,0.999999999999999,0.0,0.0
2.1015557286891544e-102,0.999999999999999,0.0,0.0
1.9692995159310177e-102,0.999999999999999,0.0,0.0
1.845366520860778e-102,0.999999999999999,0.0,0.0
1.7292329423560869e-102,0.999999999999999,0.0,0.0
1.6204079434229025e-102,0.999999999999999,0.0,0.0
1.5184315766795904e-102,0.999999999999999,0.0,0.0
1.4228728403955562e-102,0.999999999999999,0.0,0.0
1.3333278568682775e-102,0.999999999999999,0.0,0.0
1.249418165439674e-102,0.999999999999999,0.0,0.0
1.1707891229372702e-102,0.999999999999999,0.0,0.0
1.0971084047796378e-102,0.999999999999999,0.0,0.0
1.0280646004110613e-102,0.999999999999999,0.0,0.0
9.633658971290486e-103,0.999999999999999,0.0,0.0
9.027388467419026e-103,0.999999999999999,0.0,0.0
8.459272098436496e-103,0.999999999999999,0.0,0.0
7.926908728216649e-103,0.999999999999999,0.0,0.0
7.4280483301974745e-103,0.999999999999999,0.0,0.0
6.960582477674452e-103,0.999999999999999,0.0,0.0
6.522535432563695e-103,0.999999999999999,0.0,0.0
6.112055794971737e-103,0.999999999999999,0.0,0.0
5.727408678279002e-103,0.999999999999999,0.0,0.0
5.366968376665042e-103,0.999999999999999,0.0,0.0
5.029211494084941e-103,0.999999999999999,0.0,0.0
4.712710505656598e-103,0.999999999999999,0.0,0.0
4.416127724246182e-103,0.999999999999999,0.0,0.0
4.1382096467516036e-103,0.999999999999999,0.0,0.0
3.877781656188663e-103,0.999999999999999,0.0,0.0
3.633743057188301e-103,0.999999999999999,0.0,0.0
3.4050624239225527e-103,0.999999999999999,0.0,0.0
3.1907732407972795e-103,0.999999999999999,0.0,0.0
2.9899698174871227e-103,0.999999999999999,0.0,0.0
2.801803461047629e-103,0.999999999999999,0.0,0.0
2.6254788889260355e-103,0.999999999999999,0.0,0.0
2.46025086771035e-103,0.999999999999999,0.0,0.0
2.305421063410443e-103,0.999999999999999,0.0,0.0
2.1603350899589152e-103,0.999999999999999,0.0,0.0
2.0243797434572593e-103,0.999999999999999,0.0,0.0
1.8969804104779023e-103,0.999999999999999,0.0,0.0
1.7775986394683493e-103,0.999999999999999,0.0,0.0
1.6657298649930027e-103,0.999999999999999,0.0,0.0
1.560901275194192e-103,0.999999999999999,0.0,0.0
1.4626698134592726e-103,0.999999999999999,0.0,0.0
1.3706203058478632e-103,0.999999999999999,0.0,0.0
1.2843637063648193e-103,0.999999999999999,0.0,0.0
1.2035354526626118e-103,0.999999999999999,0.0,0.0
1.1277939252235125e-103,0.999999999999999,0.0,0.0
1.0568190035093347e-103,0.999999999999999,0.0,0.0
9.903107129763234e-104,0.999999999999999,0.0,0.0
9.279879572368152e-104,0.999999999999999,0.0,0.0
8.695873300091686e-104,0.999999999999999,0.0,0.0
8.148620018346886e-104,0.999999999999999,0.0,0.0
7.635806768562683e-104,0.999999999999999,0.0,0.0
7.155266152495861e-104,0.999999999999999,0.0,0.0
6.704967171751794e-104,0.999999999999999,0.0,0.0
6.283006643797272e-104,0.999999999999999,0.0,0.0
5.887601158185357e-104,0.999999999999999,0.0,0.0
5.517079538995316e-104,0.999999999999999,0.0,0.0
5.169875781630263e-104,0.999999999999999,0.0,0.0
4.8445224341199797e-104,0.999999999999999,0.0,0.0
4.5396443949550684e-104,0.999999999999999,0.0,0.0
4.2539531012390765e-104,0.999999999999999,0.0,0.0
3.986241082594899e-104,0.999999999999999,0.0,0.0
3.735376857807608e-104,0.999999999999999,0.0,0.0
3.5003001526344494e-104,0.999999999999999,0.0,0.0
3.2800174185701404e-104,0.999999999999999,0.0,0.0
3.073597633627587e-104,0.999999999999999,0.0,0.0
2.8801683673860916e-104,0.999999999999999,0.0,0.0
2.6989120936760106e-104,0.999999999999999,0.0,0.0
2.5290627353154936e-104,0.999999999999999,0.0,0.0
2.3699024262956637e-104,0.999999999999999,0.0,0.0
2.2207584777296708e-104,0.999999999999999,0.0,0.0
2.0810005347422384e-104,0.999999999999999,0.0,0.0
1.9500379122833342e-104,0.999999999999999,0.0,0.0
1.827317098605819e-104,0.999999999999999,0.0,0.0
1.7123194158555566e-104,0.999999999999999,0.0,0.0
1.604558827886501e-104,0.999999999999999,0.0,0.0
1.5035798860355176e-104,0.999999999999999,0.0,0.0
1.408955804174788e-104,0.999999999999999,0.0,0.0
1.32028665490603e-104,0.999999999999999,0.0,0.0
1.2371976792727754e-104,0.999999999999999,0.0,0.0
1.1593377028467232e-104,0.999999999999999,0.0,0.0
1.0863776514937835e-104,0.999999999999999,0.0,0.0
1.018009160546714e-104,0.999999999999999,0.0,0.0
9.539432715060373e-105,0.999999999999999,0.0,0.0
8.939092107608622e-105,0.999999999999999,0.0,0.0
8.376532451678921e-105,0.999999999999999,0.0,0.0
7.849376096517356e-105,0.999999999999999,0.0,0.0
7.35539502294042e-105,0.999999999999999,0.0,0.0
6.892501426642154e-105,0.999999999999999,0.0,0.0
6.458738894117576e-105,0.999999999999999,0.0,0.0
6.05227413390754e-105,0.999999999999999,0.0,0.0
5.6713892282172576e-105,0.999999999999999,0.0,0.0
5.314474372160043e-105,0.999999999999999,0.0,0.0
4.980021069938798e-105,0.999999999999999,0.0,0.0
4.666615759208992e-105,0.999999999999999,0.0,0.0
4.372933836676589e-105,0.999999999999999,0.0,0.0
4.097734059680193e-105,0.999999999999999,0.0,0.0
3.839853300095784e-105,0.999999999999999,0.0,0.0
3.598201628391476e-105,0.999999999999999,0.0,0.0
3.371757707055139e-105,0.999999999999999,0.0,0.0
3.15956447392526e-105,0.999999999999999,0.0,0.0
2.960725097180701e-105,0.999999999999999,0.0,0.0
2.774399184893174e-105,0.999999999999999,0.0,0.0
2.5997992331221565e-105,0.999999999999999,0.0,0.0
2.4361872975401703e-105,0.999999999999999,0.0,0.0
2.2828718745210934e-105,0.999999999999999,0.0,0.0
2.1392049785094646e-105,0.999999999999999,0.0,0.0
2.004579403318325e-105,0.999999999999999,0.0,0.0
1.878426155780505e-105,0.999999999999999,0.0,0.0
1.7602120509067242e-105,0.999999999999999,0.0,0.0
1.649437458386466e-105,0.999999999999999,0.0,0.0
1.5456341909072495e-105,0.999999999999999,0.0,0.0
1.448363525367304e-105,0.999999999999999,0.0,0.0
1.3572143486183319e-105,0.999999999999999,0.0,0.0
1.2718014199013644e-105,0.999999999999999,0.0,0.0
1.1917637426319199e-105,0.999999999999999,0.0,0.0
1.1167630386528374e-105,0.999999999999999,0.0,0.0
1.0464823185062345e-105,0.999999999999999,0.0,0.0
9.806245416818636e-106,0.999999999999999,0.0,0.0
9.189113611794256e-106,0.999999999999999,0.0,0.0
8.610819470787488e-106,0.999999999999999,0.0,0.0
8.068918841456702e-106,0.999999999999999,0.0,0.0
7.5611213881436375e-106,0.999999999999999,0.0,0.0
7.085280911800821e-106,0.999999999999999,0.0,0.0
6.639386279110404e-106,0.999999999999999,0.0,0.0
6.221552922456479e-106,0.999999999999999,0.0,0.0
5.830014874825616e-106,0.999999999999999,0.0,0.0
5.463117305971239e-106,0.999999999999999,0.0,0.0
5.119309528296046e-106,0.999999999999999,0.0,0.0
4.797138442891905e-106,0.999999999999999,0.0,0.0
4.495242398037036e-106,0.999999999999999,0.0,0.0
4.2123454341934864e-106,0.999999999999999,0.0,0.0
3.9472518911814467e-106,0.999999999999999,0.0,0.0
3.6988413547377245e-106,0.999999999999999,0.0,0.0
3.466063921100064e-106,0.999999999999999,0.0,0.0
3.2479357596031316e-106,0.999999999999999,0.0,0.0
3.0435349545315626e-106,0.999999999999999,0.0,0.0
2.8519976086556923e-106,0.999999999999999,0.0,0.0
2.672514191981637e-106,0.999999999999999,0.0,0.0
2.504326120283757e-106,0.999999999999999,0.0,0.0
2.3467225489587174e-106,0.999999999999999,0.0,0.0
2.199037368650417e-106,0.999999999999999,0.0,0.0
2.0606463899478289e-106,0.999999999999999,0.0,0.0
1.930964705256927e-106,0.999999999999999,0.0,0.0
1.8094442166966706e-106,0.999999999999999,0.0,0.0
1.6955713195707477e-106,0.999999999999999,0.0,0.0
1.588864731624294e-106,0.999999999999999,0.0,0.0
1.4888734589109717e-106,0.999999999999999,0.0,0.0
1.3951748896731736e-106,0.999999999999999,0.0,0.0
1.3073730081791628e-106,0.999999999999999,0.0,0.0
1.2250967209679547e-106,0.999999999999999,0.0,0.0
1.1479982884278397e-106,0.999999999999999,0.0,0.0
1.0757518550796302e-106,0.999999999999999,0.0,0.0
1.0080520723528998e-106,0.999999999999999,0.0,0.0
9.446128080343919e-107,0.999999999999999,0.0,0.0
8.851659369341033e-107,0.999999999999999,0.0,0.0
8.29460207657805e-107,0.999999999999999,0.0,0.0
7.772601806964335e-107,0.999999999999999,0.0,0.0
7.283452333441999e-107,0.999999999999999,0.0,0.0
6.825086272397167e-107,0.999999999999999,0.0,0.0
6.395566345891182e-107,0.999999999999999,0.0,0.0
5.993077193781682e-107,0.999999999999999,0.0,0.0
5.615917701127579e-107,0.999999999999999,0.0,0.0
5.262493808449845e-107,0.999999999999999,0.0,0.0
4.931311774460746e-107,0.999999999999999,0.0,0.0
4.620971862786554e-107,0.999999999999999,0.0,0.0
4.330162426000756e-107,0.999999999999999,0.0,0.0
4.0576543619639956e-107,0.999999999999999,0.0,0.0
3.8022959190405593e-107,0.999999999999999,0.0,0.0
3.56300782823571e-107,0.999999999999999,0.0,0.0
3.338778741679924e-107,0.999999999999999,0.0,0.0
3.128660958180842e-107,0.999999999999999,0.0,0.0
2.931766417777035e-107,0.999999999999999,0.0,0.0
2.747262948364622e-107,0.999999999999999,0.0,0.0
2.574370748533171e-107,0.999999999999999,0.0,0.0
2.412359091745607e-107,0.999999999999999,0.0,0.0
2.260543237932423e-107,0.999999999999999,0.0,0.0
2.1182815394470632e-107,0.999999999999999,0.0,0.0
1.98497272915085e-107,0.999999999999999,0.0,0.0
1.860053379165578e-107,0.999999999999999,0.0,0.0
1.7429955195532334e-107,0.999999999999999,0.0,0.0
1.6333044068582116e-107,0.999999999999999,0.0,0.0
1.5305164330808134e-107,0.999999999999999,0.0,0.0
1.4341971662443258e-107,0.999999999999999,0.0,0.0
1.3439395142741638e-107,0.999999999999999,0.0,0.0
1.2593620044287417e-107,0.999999999999999,0.0,0.0
1.180107171010105e-107,0.999999999999999,0.0,0.0
1.1058400445400075e-107,0.999999999999999,0.0,0.0
1.0362467360159571e-107,0.999999999999999,0.0,0.0
9.710331102636027e-108,0.999999999999999,0.0,0.0
9.099235427784127e-108,0.999999999999999,0.0,0.0
8.526597548024436e-108,0.999999999999999,0.0,0.0
7.989997217126752e-108,0.999999999999999,0.0,0.0
7.487166501072238e-108,0.999999999999999,0.0,0.0
7.015980192661061e-108,0.999999999999999,0.0,0.0
6.574446829352996e-108,0.999999999999999,0.0,0.0
6.1607002763780135e-108,0.999999999999999,0.0,0.0
5.7729918395429905e-108,0.999999999999999,0.0,0.0
5.409682874399428e-108,0.999999999999999,0.0,0.0
5.069237860534919e-108,0.999999999999999,0.0,0.0
4.750217911716958e-108,0.999999999999999,0.0,0.0
4.4512746944598e-108,0.999999999999999,0.0,0.0
4.171144729311271e-108,0.999999999999999,0.0,0.0
3.90864405077401e-108,0.999999999999999,0.0,0.0
3.662663203291353e-108,0.999999999999999,0.0,0.0
3.432162552148474e-108,0.999999999999999,0.0,0.0
3.2161678894703668e-108,0.999999999999999,0.0,0.0
3.0137663167454808e-108,0.999999999999999,0.0,0.0
2.8241023864725415e-108,0.999999999999999,0.0,0.0
2.6463744866232964e-108,0.999999999999999,0.0,0.0
2.4798314526401495e-108,0.999999999999999,0.0,0.0
2.3237693926493505e-108,0.999999999999999,0.0,0.0
2.177528712471539e-108,0.999999999999999,0.0,0.0
2.0404913278558947e-108,0.999999999999999,0.0,0.0
1.912078052155435e-108,0.999999999999999,0.0,0.0
1.7917461484025096e-108,0.999999999999999,0.0,0.0
1.6789870354383705e-108,0.999999999999999,0.0,0.0
1.5733241384018035e-108,0.999999999999999,0.0,0.0
1.4743108744919419e-108,0.999999999999999,0.0,0.0
1.3815287654921186e-108,0.999999999999999,0.0,0.0
1.2945856690773592e-108,0.999999999999999,0.0,0.0
1.2131141214301663e-108,0.999999999999999,0.0,0.0
1.13676978415968e-108,0.999999999999999,0.0,0.0
1.0652299889601394e-108,0.999999999999999,0.0,0.0
9.981923738576669e-109,0.999999999999999,0.0,0.0
9.35373605281487e-109,0.999999999999999,0.0,0.0
8.765081805584337e-109,0.999999999999999,0.0,0.0
8.213473057695026e-109,0.999999999999999,0.0,0.0
7.696578442257297e-109,0.999999999999999,0.0,0.0
7.212213311191372e-109,0.999999999999999,0.0,0.0
6.758330501841862e-109,0.999999999999999,0.0,0.0
6.33301168467258e-109,0.999999999999999,0.0,0.0
5.9344592554727785e-109,0.999999999999999,0.0,0.0
5.560988737807343e-109,0.999999999999999,0.0,0.0
5.211021663599989e-109,0.999999999999999,0.0,0.0
4.8830789017593505e-109,0.999999999999999,0.0,0.0
4.57577440665149e-109,0.999999999999999,0.0,0.0
4.287809359996832e-109,0.999999999999999,0.0,0.0
4.0179666814323234e-109,0.999999999999999,0.0,0.0
3.7651058845377877e-109,0.999999999999999,0.0,0.0
3.528158256585546e-109,0.999999999999999,0.0,0.0
3.306122341640569e-109,0.999999999999999,0.0,0.0
3.0980597079205575e-109,0.999999999999999,0.0,0.0
2.9030909815267424e-109,0.999999999999999,0.0,0.0
2.7203921297820314e-109,0.999999999999999,0.0,0.0
2.5491909784680806e-109,0.999999999999999,0.0,0.0
2.388763948241435e-109,0.999999999999999,0.0,0.0
2.238432996435248e-109,0.999999999999999,0.0,0.0
2.0975627513211522e-109,0.999999999999999,0.0,0.0
1.9655578267192668e-109,0.999999999999999,0.0,0.0
1.841860305606585e-109,0.999999999999999,0.0,0.0
1.725947382088247e-109,0.999999999999999,0.0,0.0
1.617329151765517e-109,0.999999999999999,0.0,0.0
1.515546541161487e-109,0.999999999999999,0.0,0.0
1.420169367453257e-109,0.999999999999999,0.0,0.0
1.3307945203100684e-109,0.999999999999999,0.0,0.0
1.2470442581529596e-109,0.999999999999999,0.0,0.0
1.1685646116351084e-109,0.999999999999999,0.0,0.0
1.0950238875951884e-109,0.999999999999999,0.0,0.0
1.0261112671607237e-109,0.999999999999999,0.0,0.0
9.615354920763397e-110,0.999999999999999,0.0,0.0
9.010236337046992e-110,0.999999999999999,0.0,0.0
8.44319939497319e-110,0.999999999999999,0.0,0.0
7.911847520598932e-110,0.999999999999999,0.0,0.0
7.413934962435674e-110,0.999999999999999,0.0,0.0
6.947357299811191e-110,0.999999999999999,0.0,0.0
6.51014254856415e-110,0.999999999999999,0.0,0.0
6.100442826479812e-110,0.999999999999999,0.0,0.0
5.71652654324091e-110,0.999999999999999,0.0,0.0
5.356771081884676e-110,0.999999999999999,0.0,0.0
5.0196559408342514e-110,0.999999999999999,0.0,0.0
4.703756307519405e-110,0.999999999999999,0.0,0.0
4.4077370364255345e-110,0.999999999999999,0.0,0.0
4.130347006119258e-110,0.999999999999999,0.0,0.0
3.8704138314006544e-110,0.999999999999999,0.0,0.0
3.626838908233117e-110,0.999999999999999,0.0,0.0
3.398592770508298e-110,0.999999999999999,0.0,0.0
3.184710739021569e-110,0.999999999999999,0.0,0.0
2.984288844268447e-110,0.999999999999999,0.0,0.0
2.796480005829749e-110,0.999999999999999,0.0,0.0
2.6204904521976936e-110,0.999999999999999,0.0,0.0
2.4555763659113878e-110,0.999999999999999,0.0,0.0
2.301040739822424e-110,0.999999999999999,0.0,0.0
2.156230431203619e-110,0.999999999999999,0.0,0.0
2.0205334012501418e-110,0.999999999999999,0.0,0.0
1.8933761283058057e-110,0.999999999999999,0.0,0.0
1.7742211838815706e-110,0.999999999999999,0.0,0.0
1.6625649612213236e-110,0.999999999999999,0.0,0.0
1.5579355468147576e-110,0.999999999999999,0.0,0.0
1.4598907258613217e-110,0.999999999999999,0.0,0.0
1.368016113255365e-110,0.999999999999999,0.0,0.0
1.2819234021931109e-110,0.999999999999999,0.0,0.0
1.2012487229992176e-110,0.999999999999999,0.0,0.0
1.1256511052365324e-110,0.999999999999999,0.0,0.0
1.054811036599164e-110,0.999999999999999,0.0,0.0
9.884291124980573e-111,0.999999999999999,0.0,0.0
9.262247706315585e-111,0.999999999999999,0.0,0.0
8.679351051926543e-111,0.999999999999999,0.0,0.0
8.133137557011442e-111,0.999999999999999,0.0,0.0
7.621298657644145e-111,0.999999999999999,0.0,0.0
7.141671073660256e-111,0.999999999999999,0.0,0.0
6.692227665582854e-111,0.999999999999999,0.0,0.0
6.2710688669450056e-111,0.999999999999999,0.0,0.0
5.87641465579785e-111,0.999999999999999,0.0,0.0
5.506597031471987e-111,0.999999999999999,0.0,0.0
5.160052964795274e-111,0.999999999999999,0.0,0.0
4.835317791971238e-111,0.999999999999999,0.0,0.0
4.531019024197404e-111,0.999999999999999,0.0,0.0
4.245870546859998e-111,0.999999999999999,0.0,0.0
3.978667183787974e-111,0.999999999999999,0.0,0.0
3.7282796035922785e-111,0.999999999999999,0.0,0.0
3.493649546562059e-111,0.999999999999999,0.0,0.0
3.2737853519443474e-111,0.999999999999999,0.0,0.0
3.067757766703345e-111,0.999999999999999,0.0,0.0
2.87469601804507e-111,0.999999999999999,0.0,0.0
2.69378413310796e-111,0.999999999999999,0.0,0.0
2.5242574902646404e-111,0.999999999999999,0.0,0.0
2.3653995874589897e-111,0.999999999999999,0.0,0.0
2.2165390139199204e-111,0.999999999999999,0.0,0.0
2.0770466124528624e-111,0.999999999999999,0.0,0.0
1.946332820315417e-111,0.999999999999999,0.0,0.0
1.8238451774384225e-111,0.999999999999999,0.0,0.0
1.709065991460968e-111,0.999999999999999,0.0,0.0
1.6015101497106538e-111,0.999999999999999,0.0,0.0
1.500723068881461e-111,0.999999999999999,0.0,0.0
1.4062787737435769e-111,0.999999999999999,0.0,0.0
1.3177780967648642e-111,0.999999999999999,0.0,0.0
1.2348469910347033e-111,0.999999999999999,0.0,0.0
1.1571349493597966e-111,0.999999999999999,0.0,0.0
1.0843135228502733e-111,0.999999999999999,0.0,0.0
1.0160749327349113e-111,0.999999999999999,0.0,0.0
9.521307695383359e-112,0.999999999999999,0.0,0.0
8.922107741222846e-112,0.999999999999999,0.0,0.0
8.360616954390268e-112,0.999999999999999,0.0,0.0
7.8344622016924525e-112,0.999999999999999,0.0,0.0
7.341419697205114e-112,0.999999999999999,0.0,0.0
6.8794056034718195e-112,0.999999999999999,0.0,0.0
6.446467224193245e-112,0.999999999999999,0.0,0.0
6.040774751182761e-112,0.999999999999999,0.0,0.0
5.660613530706948e-112,0.999999999999999,0.0,0.0
5.304376816524862e-112,0.999999999999999,0.0,0.0
4.970558978996841e-112,0.999999999999999,0.0,0.0
4.657749141561258e-112,0.999999999999999,0.0,0.0
4.364625217683877e-112,0.999999999999999,0.0,0.0
4.0899483230770493e-112,0.999999999999999,0.0,0.0
3.8325575395720782e-112,0.999999999999999,0.0,0.0
3.5913650085143316e-112,0.999999999999999,0.0,0.0
3.365351332943393e-112,0.999999999999999,0.0,0.0
3.1535612691256404e-112,0.999999999999999,0.0,0.0
2.955099689229564e-112,0.999999999999999,0.0,0.0
2.7691277980801307e-112,0.999999999999999,0.0,0.0
2.5948595880023546e-112,0.999999999999999,0.0,0.0
2.431558516770524e-112,0.999999999999999,0.0,0.0
2.278534394622475e-112,0.999999999999999,0.0,0.0
2.1351404671819266e-112,0.999999999999999,0.0,0.0
2.0007706819598817e-112,0.999999999999999,0.0,0.0
1.8748571268820057e-112,0.999999999999999,0.0,0.0
1.7568676300159478e-112,0.999999999999999,0.0,0.0
1.6463035103538896e-112,0.999999999999999,0.0,0.0
1.5426974701440293e-112,0.999999999999999,0.0,0.0
1.445611619862975e-112,0.999999999999999,0.0,0.0
1.3546356274816133e-112,0.999999999999999,0.0,0.0
1.2693849842023554e-112,0.999999999999999,0.0,0.0
1.1894993793379209e-112,0.999999999999999,0.0,0.0
1.1146411774631055e-112,0.999999999999999,0.0,0.0
1.0444939914032374e-112,0.999999999999999,0.0,0.0
9.787613450280747e-113,0.999999999999999,0.0,0.0
9.171654201994642e-113,0.999999999999999,0.0,0.0
8.594458825767493e-113,0.999999999999999,0.0,0.0
8.0535878131721e-113,0.999999999999999,0.0,0.0
7.546755180211372e-113,0.999999999999999,0.0,0.0
7.071818805637965e-113,0.999999999999999,0.0,0.0
6.62677137730789e-113,0.999999999999999,0.0,0.0
6.209731908302976e-113,0.999999999999999,0.0,0.0
5.818937786965172e-113,0.999999999999999,0.0,0.0
5.45273732724229e-113,0.999999999999999,0.0,0.0
5.10958278785931e-113,0.999999999999999,0.0,0.0
4.788023830810883e-113,0.999999999999999,0.0,0.0
4.4867013915274196e-113,0.999999999999999,0.0,0.0
4.204341934807132e-113,0.999999999999999,0.0,0.0
3.939752072236777e-113,0.999999999999999,0.0,0.0
3.691813518351715e-113,0.999999999999999,0.0,0.0
3.4594783642175713e-113,0.999999999999999,0.0,0.0
3.241764648457334e-113,0.999999999999999,0.0,0.0
3.0377522070049217e-113,0.999999999999999,0.0,0.0
2.846578784044237e-113,0.999999999999999,0.0,0.0
2.667436387696661e-113,0.999999999999999,0.0,0.0
2.4995678750543362e-113,0.999999999999999,0.0,0.0
2.3422637521259424e-113,0.999999999999999,0.0,0.0
2.194859175169963e-113,0.999999999999999,0.0,0.0
2.0567311407416345e-113,0.999999999999999,0.0,0.0
1.9272958525773376e-113,0.999999999999999,0.0,0.0
1.8060062541876083e-113,0.999999999999999,0.0,0.0
1.6923497167303084e-113,0.999999999999999,0.0,0.0
1.5858458723917786e-113,0.999999999999999,0.0,0.0
1.4860445841187886e-113,0.999999999999999,0.0,0.0
1.3925240431203914e-113,0.999999999999999,0.0,0.0
1.3048889860987884e-113,0.999999999999999,0.0,0.0
1.2227690246743646e-113,0.999999999999999,0.0,0.0
1.145817079944227e-113,0.999999999999999,0.0,0.0
1.07370791555793e-113,0.999999999999999,0.0,0.0
1.0061367631104524e-113,0.999999999999999,0.0,0.0
9.42818034042668e-114,0.999999999999999,0.0,0.0
8.834841126051754e-114,0.999999999999999,0.0,0.0
8.278842247839629e-114,0.999999999999999,0.0,0.0
7.757833784074414e-114,0.999999999999999,0.0,0.0
7.26961369955218e-114,0.999999999999999,0.0,0.0
6.812118538709055e-114,0.999999999999999,0.0,0.0
6.383414704454269e-114,0.999999999999999,0.0,0.0
5.981690285848288e-114,0.999999999999999,0.0,0.0
5.6052474000858015e-114,0.999999999999999,0.0,0.0
5.252495016417088e-114,0.999999999999999,0.0,0.0
4.92194223167813e-114,0.999999999999999,0.0,0.0
4.61219196900862e-114,0.999999999999999,0.0,0.0
4.321935073125562e-114,0.999999999999999,0.0,0.0
4.0499447771962305e-114,0.999999999999999,0.0,0.0
3.7950715179247914e-114,0.999999999999999,0.0,0.0
3.556238076938633e-114,0.999999999999999,0.0,0.0
3.332435027939522e-114,0.999999999999999,0.0,0.0
3.122716470377052e-114,0.999999999999999,0.0,0.0
2.9261960316127977e-114,0.999999999999999,0.0,0.0
2.742043120678386e-114,0.999999999999999,0.0,0.0
2.5694794177940327e-114,0.999999999999999,0.0,0.0
2.4077755848105562e-114,0.999999999999999,0.0,0.0
2.2562481826715796e-114,0.999999999999999,0.0,0.0
2.114256782867635e-114,0.999999999999999,0.0,0.0
1.9812012606737553e-114,0.999999999999999,0.0,0.0
1.8565192587304638e-114,0.999999999999999,0.0,0.0
1.739683810248026e-114,0.999999999999999,0.0,0.0
1.6302011117884597e-114,0.999999999999999,0.0,0.0
1.5276084362120056e-114,0.999999999999999,0.0,0.0
1.4314721769671468e-114,0.999999999999999,0.0,0.0
1.3413860154584016e-114,0.999999999999999,0.0,0.0
1.2569692037462932e-114,0.999999999999999,0.0,0.0
1.1778649553213472e-114,0.999999999999999,0.0,0.0
1.103738937150751e-114,0.999999999999999,0.0,0.0
1.0342778566243251e-114,0.999999999999999,0.0,0.0
9.691881374275571e-115,0.999999999999999,0.0,0.0
9.081946787452915e-115,0.999999999999999,0.0,0.0
8.51039692551865e-115,0.999999999999999,0.0,0.0
7.974816140735157e-115,0.999999999999999,0.0,0.0
7.472940808181416e-115,0.999999999999999,0.0,0.0
7.002649758573e-115,0.999999999999999,0.0,0.0
6.561955313168868e-115,0.999999999999999,0.0,0.0
6.14899488287413e-115,0.999999999999999,0.0,0.0
5.762023096032506e-115,0.999999999999999,0.0,0.0
5.399404421636702e-115,0.999999999999999,0.0,0.0
5.0596062567787905e-115,0.999999999999999,0.0,0.0
4.741192449124818e-115,0.999999999999999,0.0,0.0
4.4428172270364425e-115,0.999999999999999,0.0,0.0
4.163219511685371e-115,0.999999999999999,0.0,0.0
3.9012175871207867e-115,0.999999999999999,0.0,0.0
3.6557041057629254e-115,0.999999999999999,0.0,0.0
3.4256414082135482e-115,0.999999999999999,0.0,0.0
3.2100571376025704e-115,0.999999999999999,0.0,0.0
3.0080401299349445e-115,0.999999999999999,0.0,0.0
2.818736563068395e-115,0.999999999999999,0.0,0.0
2.641346348045716e-115,0.999999999999999,0.0,0.0
2.4751197475296507e-115,0.999999999999999,0.0,0.0
2.3193542070482044e-115,0.999999999999999,0.0,0.0
2.1733913856577e-115,0.999999999999999,0.0,0.0
2.036614373473712e-115,0.999999999999999,0.0,0.0
1.908445084309809e-115,0.999999999999999,0.0,0.0
1.7883418124041267e-115,0.999999999999999,0.0,0.0
1.6757969429073182e-115,0.999999999999999,0.0,0.0
1.570334806455277e-115,0.999999999999999,0.0,0.0
1.4715096687590234e-115,0.999999999999999,0.0,0.0
1.37890384671478e-115,0.999999999999999,0.0,0.0
1.2921259430719987e-115,0.999999999999999,0.0,0.0
1.2108091921981918e-115,0.999999999999999,0.0,0.0
1.1346099099489615e-115,0.999999999999999,0.0,0.0
1.0632060410916274e-115,0.999999999999999,0.0,0.0
9.962957981431527e-116,0.999999999999999,0.0,0.0
9.335963858694428e-116,0.999999999999999,0.0,0.0
8.748428060551245e-116,0.999999999999999,0.0,0.0
8.197867374921835e-116,0.999999999999999,0.0,0.0
7.681954864537479e-116,0.999999999999999,0.0,0.0
7.198510032172081e-116,0.999999999999999,0.0,0.0
6.745489604800227e-116,0.999999999999999,0.0,0.0
6.320978897731457e-116,0.999999999999999,0.0,0.0
5.923183722221403e-116,0.999999999999999,0.0,0.0
5.550422802357395e-116,0.999999999999999,0.0,0.0
5.201120669168629e-116,0.999999999999999,0.0,0.0
4.873801001927936e-116,0.999999999999999,0.0,0.0
4.5670803885022513e-116,0.999999999999999,0.0,0.0
4.2796624783800074e-116,0.999999999999999,0.0,0.0
4.010332503663282e-116,0.999999999999999,0.0,0.0
3.7579521448677564e-116,0.999999999999999,0.0,0.0
3.521454719830859e-116,0.999999999999999,0.0,0.0
3.299840675394076e-116,0.999999999999999,0.0,0.0
3.092173362805087e-116,0.999999999999999,0.0,0.0
2.89757507898452e-116,0.999999999999999,0.0,0.0
2.7152233569257927e-116,0.999999999999999,0.0,0.0
2.54434748954947e-116,0.999999999999999,0.0,0.0
2.384225272320246e-116,0.999999999999999,0.0,0.0
2.2341799508592738e-116,0.999999999999999,0.0,0.0
2.0935773606509642e-116,0.999999999999999,0.0,0.0
1.9618232467552643e-116,0.999999999999999,0.0,0.0
1.8383607521972153e-116,0.999999999999999,0.0,0.0
1.7226680644185013e-116,0.999999999999999,0.0,0.0
1.6142562098437516e-116,0.999999999999999,0.0,0.0
1.5126669872403586e-116,0.999999999999999,0.0,0.0
1.417471031137183e-116,0.999999999999999,0.0,0.0
1.3282659971172154e-116,0.999999999999999,0.0,0.0
1.2446748613143558e-116,0.999999999999999,0.0,0.0
1.1663443269271595e-116,0.999999999999999,0.0,0.0
1.0929433310146974e-116,0.999999999999999,0.0,0.0
1.0241616452635285e-116,0.999999999999999,0.0,0.0
9.597085648119412e-117,0.999999999999999,0.0,0.0
8.993116795897991e-117,0.999999999999999,0.0,0.0
8.427157229810757e-117,0.999999999999999,0.0,0.0
7.896814929429641e-117,0.999999999999999,0.0,0.0
7.399848410216887e-117,0.999999999999999,0.0,0.0
6.934157249921056e-117,0.999999999999999,0.0,0.0
6.497773211170885e-117,0.999999999999999,0.0,0.0
6.088851922746728e-117,0.999999999999999,0.0,0.0
5.7056650843706274e-117,0.999999999999999,0.0,0.0
5.346593162068629e-117,0.999999999999999,0.0,0.0
5.010118543232414e-117,0.999999999999999,0.0,0.0
4.6948191224502015e-117,0.999999999999999,0.0,0.0
4.399362290997514e-117,0.999999999999999,0.0,0.0
4.122499304584485e-117,0.999999999999999,0.0,0.0
3.8630600055550556e-117,0.999999999999999,0.0,0.0
3.619947877231521e-117,0.999999999999999,0.0,0.0
3.392135409501663e-117,0.999999999999999,0.0,0.0
3.178659756061203e-117,0.999999999999999,0.0,0.0
2.978618664956957e-117,0.999999999999999,0.0,0.0
2.7911666652311995e-117,0.999999999999999,0.0,0.0
2.6155114935501267e-117,0.999999999999999,0.0,0.0
2.450910745713626e-117,0.999999999999999,0.0,0.0
2.2966687388939964e-117,0.999999999999999,0.0,0.0
2.1521335713419144e-117,0.999999999999999,0.0,0.0
2.0166943671325336e-117,0.999999999999999,0.0,0.0
1.889778694306678e-117,0.999999999999999,0.0,0.0
1.7708501454949298e-117,0.999999999999999,0.0,0.0
1.6594060707991612e-117,0.999999999999999,0.0,0.0
1.5549754533495592e-117,0.999999999999999,0.0,0.0
1.4571169185582138e-117,0.999999999999999,0.0,0.0
1.3654168686554117e-117,0.999999999999999,0.0,0.0
1.2794877346242726e-117,0.999999999999999,0.0,0.0
1.1989663381455578e-117,0.999999999999999,0.0,0.0
1.1235123566294306e-117,0.999999999999999,0.0,0.0
1.0528068848466476e-117,0.999999999999999,0.0,0.0
9.865510870799331e-118,0.999999999999999,0.0,0.0
9.244649340988749e-118,0.999999999999999,0.0,0.0
8.662860196201802e-118,0.999999999999999,0.0,0.0
8.117684512510797e-118,0.999999999999999,0.0,0.0
7.606818112284654e-118,0.999999999999999,0.0,0.0
7.128101825613403e-118,0.999999999999999,0.0,0.0
6.679512364605858e-118,0.999999999999999,0.0,0.0
6.259153771990786e-118,0.999999999999999,0.0,0.0
5.865249407879227e-118,0.999999999999999,0.0,0.0
5.496134440820104e-118,0.999999999999999,0.0,0.0
5.150248811412681e-118,0.999999999999999,0.0,0.0
4.826130638736668e-118,0.999999999999999,0.0,0.0
4.522410041732349e-118,0.999999999999999,0.0,0.0
4.237803349416861e-118,0.999999999999999,0.0,0.0
3.9711076754662025e-118,0.999999999999999,0.0,0.0
3.7211958342325073e-118,0.999999999999999,0.0,0.0
3.487011576709189e-118,0.999999999999999,0.0,0.0
3.2675651263088493e-118,0.999999999999999,0.0,0.0
3.0619289955859552e-118,0.999999999999999,0.0,0.0
2.8692340662237364e-118,0.999999999999999,0.0,0.0
2.688665915717408e-118,0.999999999999999,0.0,0.0
2.5194613752285048e-118,0.999999999999999,0.0,0.0
2.360905304062136e-118,0.999999999999999,0.0,0.0
2.212327567134542e-118,0.999999999999999,0.0,0.0
2.0731002026562554e-118,0.999999999999999,0.0,0.0
1.9426347680601138e-118,0.999999999999999,0.0,0.0
1.8203798529567353e-118,0.999999999999999,0.0,0.0
1.705818748605987e-118,0.999999999999999,0.0,0.0
1.5984672640545055e-118,0.999999999999999,0.0,0.0
1.4978716797092004e-118,0.999999999999999,0.0,0.0
1.4036068296975503e-118,0.999999999999999,0.0,0.0
1.3152743049098099e-118,0.999999999999999,0.0,0.0
1.232500769128313e-118,0.999999999999999,0.0,0.0
1.1549363811270127e-118,0.999999999999999,0.0,0.0
1.0822533160722864e-118,0.999999999999999,0.0,0.0
1.0141443799757237e-118,0.999999999999999,0.0,0.0
9.503217113429013e-119,0.999999999999999,0.0,0.0
8.905155645306825e-119,0.999999999999999,0.0,0.0
8.34473169670916e-119,0.999999999999999,0.0,0.0
7.819576643420172e-119,0.999999999999999,0.0,0.0
7.327470924731568e-119,0.999999999999999,0.0,0.0
6.866334662499381e-119,0.999999999999999,0.0,0.0
6.43421887056722e-119,0.999999999999999,0.0,0.0
6.029297217402711e-119,0.999999999999999,0.0,0.0
5.649858307132063e-119,0.999999999999999,0.0,0.0
5.29429844634861e-119,0.999999999999999,0.0,0.0
4.9611148661244e-119,0.999999999999999,0.0,0.0
4.648899370577695e-119,0.999999999999999,0.0,0.0
4.356332385152188e-119,0.999999999999999,0.0,0.0
4.082177379453042e-119,0.999999999999999,0.0,0.0
3.82527564106795e-119,0.999999999999999,0.0,0.0
3.584541378284843e-119,0.999999999999999,0.0,0.0
3.3589571310079504e-119,0.999999999999999,0.0,0.0
3.14756947047651e-119,0.999999999999999,0.0,0.0
2.949484969611042e-119,0.999999999999999,0.0,0.0
2.7638664269559205e-119,0.999999999999999,0.0,0.0
2.5899293282587776e-119,0.999999999999999,0.0,0.0
2.426938530731659e-119,0.999999999999999,0.0,0.0
2.2742051559800054e-119,0.999999999999999,0.0,0.0
2.1310836784674615e-119,0.999999999999999,0.0,0.0
1.9969691972109553e-119,0.999999999999999,0.0,0.0
1.8712948791748992e-119,0.999999999999999,0.0,0.0
1.7535295635590535e-119,0.999999999999999,0.0,0.0
1.6431755168546127e-119,0.999999999999999,0.0,0.0
1.5397663291802808e-119,0.999999999999999,0.0,0.0
1.442864943007236e-119,0.999999999999999,0.0,0.0
1.3520618059414157e-119,0.999999999999999,0.0,0.0
1.266973139755877e-119,0.999999999999999,0.0,0.0
1.1872393183573288e-119,0.999999999999999,0.0,0.0
1.1125233478313258e-119,0.999999999999999,0.0,0.0
1.0425094421420624e-119,0.999999999999999,0.0,0.0
9.769016884669749e-120,0.999999999999999,0.0,0.0
9.154227965252131e-120,0.999999999999999,0.0,0.0
8.578129266140286e-120,0.999999999999999,0.0,0.0
8.038285913997967e-120,0.999999999999999,0.0,0.0
7.532416268221045e-120,0.999999999999999,0.0,0.0
7.05838227761444e-120,0.999999999999999,0.0,0.0
6.614180443947762e-120,0.999999999999999,0.0,0.0
6.19793335419721e-120,0.999999999999999,0.0,0.0
5.807881745684905e-120,0.999999999999999,0.0,0.0
5.442377070579039e-120,0.999999999999999,0.0,0.0
5.099874528328841e-120,0.999999999999999,0.0,0.0
4.778926536585994e-120,0.999999999999999,0.0,0.0
4.478176613017487e-120,0.999999999999999,0.0,0.0
4.1963536421514334e-120,0.999999999999999,0.0,0.0
3.932266503024774e-120,0.999999999999999,0.0,0.0
3.684799034926686e-120,0.999999999999999,0.0,0.0
3.4529053199604805e-120,0.999999999999999,0.0,0.0
3.235605262485801e-120,0.999999999999999,0.0,0.0
3.031980446757698e-120,0.999999999999999,0.0,0.0
2.84117025525494e-120,0.999999999999999,0.0,0.0
2.6623682312917365e-120,0.999999999999999,0.0,0.0
2.4948186705394957e-120,0.999999999999999,0.0,0.0
2.3378134270527326e-120,0.999999999999999,0.0,0.0
2.190688920299837e-120,0.999999999999999,0.0,0.0
2.0528233305489586e-120,0.999999999999999,0.0,0.0
1.9236339707553467e-120,0.999999999999999,0.0,0.0
1.8025748238424604e-120,0.999999999999999,0.0,0.0
1.6891342349682022e-120,0.999999999999999,0.0,0.0
1.5828327490226683e-120,0.999999999999999,0.0,0.0
1.483221084217632e-120,0.999999999999999,0.0,0.0
1.3898782332031606e-120,0.999999999999999,0.0,0.0
1.302409683685762e-120,0.999999999999999,0.0,0.0
1.2204457510275293e-120,0.999999999999999,0.0,0.0
1.1436400157790327e-120,0.999999999999999,0.0,0.0
1.0716678595422172e-120,0.999999999999999,0.0,0.0
1.0042250929751469e-120,0.999999999999999,0.0,0.0
9.410266701398773e-121,0.999999999999999,0.0,0.0
8.818054837596665e-121,0.999999999999999,0.0,0.0
8.26311236293693e-121,0.999999999999999,0.0,0.0
7.743093820578962e-121,0.999999999999999,0.0,0.0
7.255801359208229e-121,0.999999999999999,0.0,0.0
6.799175443847524e-121,0.999999999999999,0.0,0.0
6.3712861512603175e-121,0.999999999999999,0.0,0.0
5.970325013156381e-121,0.999999999999999,0.0,0.0
5.594597372725091e-121,0.999999999999999,0.0,0.0
5.242515222191417e-121,0.999999999999999,0.0,0.0
4.912590491122592e-121,0.999999999999999,0.0,0.0
4.603428757118627e-121,0.999999999999999,0.0,0.0
4.313723352304944e-121,0.999999999999999,0.0,0.0
4.042249840718343e-121,0.999999999999999,0.0,0.0
3.787860843245003e-121,0.999999999999999,0.0,0.0
3.5494811882382313e-121,0.999999999999999,0.0,0.0
3.326103367320081e-121,0.999999999999999,0.0,0.0
3.116783277160861e-121,0.999999999999999,0.0,0.0
2.920636229239221e-121,0.999999999999999,0.0,0.0
2.7368332107181173e-121,0.999999999999999,0.0,0.0
2.5645973806333057e-121,0.999999999999999,0.0,0.0
2.403200786585541e-121,0.999999999999999,0.0,0.0
2.251961288059642e-121,0.999999999999999,0.0,0.0
2.110239673366855e-121,0.999999999999999,0.0,0.0
1.9774369580253255e-121,0.999999999999999,0.0,0.0
1.852991853160308e-121,0.999999999999999,0.0,0.0
1.736378393224356e-121,0.999999999999999,0.0,0.0
1.6271037130110679e-121,0.999999999999999,0.0,0.0
1.5247059645669792e-121,0.999999999999999,0.0,0.0
1.4287523651974539e-121,0.999999999999999,0.0,0.0
1.3388373683164958e-121,0.999999999999999,0.0,0.0
1.254580949409605e-121,0.999999999999999,0.0,0.0
1.1756269998653226e-121,0.999999999999999,0.0,0.0
1.1016418218870155e-121,0.999999999999999,0.0,0.0
1.0323127181236668e-121,0.999999999999999,0.0,0.0
9.67346670058763e-122,0.999999999999999,0.0,0.0
9.064690995715089e-122,0.999999999999999,0.0,0.0
8.494227084361262e-122,0.999999999999999,0.0,0.0
7.959663908543918e-122,0.999999999999999,0.0,0.0
7.45874214425253e-122,0.999999999999999,0.0,0.0
6.989344652445997e-122,0.999999999999999,0.0,0.0
6.549487530993202e-122,0.999999999999999,0.0,0.0
6.137311729737578e-122,0.999999999999999,0.0,0.0
5.751075193246835e-122,0.999999999999999,0.0,0.0
5.389145498039309e-122,0.999999999999999,0.0,0.0
5.04999295316827e-122,0.999999999999999,0.0,0.0
4.7321841350038757e-122,0.999999999999999,0.0,0.0
4.4343758288876585e-122,0.999999999999999,0.0,0.0
4.1553093520539857e-122,0.999999999999999,0.0,0.0
3.8938052338244314e-122,0.999999999999999,0.0,0.0
3.6487582305909515e-122,0.999999999999999,0.0,0.0
3.419132654518771e-122,0.999999999999999,0.0,0.0
3.2039579962257986e-122,0.999999999999999,0.0,0.0
3.002324822937893e-122,0.999999999999999,0.0,0.0
2.8133809347835757e-122,0.999999999999999,0.0,0.0
2.63632776298284e-122,0.999999999999999,0.0,0.0
2.4704169947070335e-122,0.999999999999999,0.0,0.0
2.3149474103448403e-122,0.999999999999999,0.0,0.0
2.1692619198071064e-122,0.999999999999999,0.0,0.0
2.0327447853444932e-122,0.999999999999999,0.0,0.0
1.9048190191402324e-122,0.999999999999999,0.0,0.0
1.784943944678946e-122,0.999999999999999,0.0,0.0
1.6726129115846897e-122,0.999999999999999,0.0,0.0
1.5673511542700107e-122,0.999999999999999,0.0,0.0
1.468713785345636e-122,0.999999999999999,0.0,0.0
1.3762839153099548e-122,0.999999999999999,0.0,0.0
1.2896708905711956e-122,0.999999999999999,0.0,0.0
1.2085086423553226e-122,0.999999999999999,0.0,0.0
1.1324541395213255e-122,0.999999999999999,0.0,0.0
1.0611859387447579e-122,0.999999999999999,0.0,0.0
9.94402825941886e-123,0.999999999999999,0.0,0.0
9.31822543192451e-123,0.999999999999999,0.0,0.0
8.731805957803977e-123,0.999999999999999,0.0,0.0
8.182291343105458e-123,0.999999999999999,0.0,0.0
7.667359071764831e-123,0.999999999999999,0.0,0.0
7.184832789523021e-123,0.999999999999999,0.0,0.0
6.732673105594248e-123,0.999999999999999,0.0,0.0
6.308968973208537e-123,0.999999999999999,0.0,0.0
5.911929612598477e-123,0.999999999999999,0.0,0.0
5.53987694229282e-123,0.999999999999999,0.0,0.0
5.191238486727911e-123,0.999999999999999,0.0,0.0
4.864540730201053e-123,0.999999999999999,0.0,0.0
4.558402889076378e-123,0.999999999999999,0.0,0.0
4.271531075921543e-123,0.999999999999999,0.0,0.0
4.0027128309100485e-123,0.999999999999999,0.0,0.0
3.750811997376233e-123,0.999999999999999,0.0,0.0
3.51476391986454e-123,0.999999999999999,0.0,0.0
3.293570944377673e-123,0.999999999999999,0.0,0.0
3.0862982018055156e-123,0.999999999999999,0.0,0.0
2.8920696567135195e-123,0.999999999999999,0.0,0.0
2.710064404790824e-123,0.999999999999999,0.0,0.0
2.5395132033093226e-123,0.999999999999999,0.0,0.0
2.379695219929709e-123,0.999999999999999,0.0,0.0
2.2299349861133753e-123,0.999999999999999,0.0,0.0
2.0895995422637938e-123,0.999999999999999,0.0,0.0
1.9580957625313737e-123,0.999999999999999,0.0,0.0
1.8348678479750998e-123,0.999999999999999,0.0,0.0
1.7193949774858526e-123,0.999999999999999,0.0,0.0
1.611189106543053e-123,0.999999999999999,0.0,0.0
1.5097929045011188e-123,0.999999999999999,0.0,0.0
1.4147778216876953e-123,0.999999999999999,0.0,0.0
1.3257422781442783e-123,0.999999999999999,0.0,0.0
1.2423099663539681e-123,0.999999999999999,0.0,0.0
1.1641282607828542e-123,0.999999999999999,0.0,0.0
1.0908667275129794e-123,0.999999999999999,0.0,0.0
1.0222157276678697e-123,0.999999999999999,0.0,0.0
9.578851087280223e-124,0.999999999999999,0.0,0.0
8.976029782052193e-124,0.999999999999999,0.0,0.0
8.411145544926138e-124,0.999999999999999,0.0,0.0
7.881810900337255e-124,0.999999999999999,0.0,0.0
7.3857886225913255e-124,0.999999999999999,0.0,0.0
6.920982280260661e-124,0.999999999999999,0.0,0.0
6.485427375645121e-124,0.999999999999999,0.0,0.0
6.077283041849235e-124,0.999999999999999,0.0,0.0
5.694824262383239e-124,0.999999999999999,0.0,0.0
5.336434580404285e-124,0.999999999999999,0.0,0.0
5.000599266783526e-124,0.999999999999999,0.0,0.0
4.685898918123999e-124,0.999999999999999,0.0,0.0
4.391003457671427e-124,0.999999999999999,0.0,0.0
4.1146665137628595e-124,0.999999999999999,0.0,0.0
3.855720152053747e-124,0.999999999999999,0.0,0.0
3.6130699392592795e-124,0.999999999999999,0.0,0.0
3.385690317546958e-124,0.999999999999999,0.0,0.0
3.172620270030324e-124,0.999999999999999,0.0,0.0
2.9729592590441286e-124,0.999999999999999,0.0,0.0
2.7858634200341084e-124,0.999999999999999,0.0,0.0
2.610541994974893e-124,0.999999999999999,0.0,0.0
2.4462539902419394e-124,0.999999999999999,0.0,0.0
2.2923050448120308e-124,0.999999999999999,0.0,0.0
2.148044495555832e-124,0.999999999999999,0.0,0.0
2.012862627218998e-124,0.999999999999999,0.0,0.0
1.8861880954689276e-124,0.999999999999999,0.0,0.0
1.7674855121156878e-124,0.999999999999999,0.0,0.0
1.6562531823010965e-124,0.999999999999999,0.0,0.0
1.5520209840922073e-124,0.999999999999999,0.0,0.0
1.4543483815173403e-124,0.999999999999999,0.0,0.0
1.3628225626467722e-124,0.999999999999999,0.0,0.0
1.2770566948487166e-124,0.999999999999999,0.0,0.0
1.1966882898464544e-124,0.999999999999999,0.0,0.0
1.1213776716665484e-124,0.999999999999999,0.0,0.0
1.0508065410029507e-124,0.999999999999999,0.0,0.0
9.846766299293034e-125,0.999999999999999,0.0,0.0
9.227084412735949e-125,0.999999999999999,0.0,0.0
8.64640067327153e-125,0.999999999999999,0.0,0.0
8.102260828952685e-125,0.999999999999999,0.0,0.0
7.592365080109386e-125,0.999999999999999,0.0,0.0
7.114558359276566e-125,0.999999999999999,0.0,0.0
6.666821222830715e-125,0.999999999999999,0.0,0.0
6.247261315838794e-125,0.999999999999999,0.0,0.0
5.854105374045797e-125,0.999999999999999,0.0,0.0
5.485691729197424e-125,0.999999999999999,0.0,0.0
5.140463286021746e-125,0.999999999999999,0.0,0.0
4.816960941187169e-125,0.999999999999999,0.0,0.0
4.5138174164219903e-125,0.999999999999999,0.0,0.0
4.2297514797313396e-125,0.999999999999999,0.0,0.0
3.9635625302875284e-125,0.999999999999999,0.0,0.0
3.7141255241069416e-125,0.999999999999999,0.0,0.0
3.480386219066904e-125,0.999999999999999,0.0,0.0
3.261356719165651e-125,0.999999999999999,0.0,0.0
3.056111299193279e-125,0.999999999999999,0.0,0.0
2.8637824921667034e-125,0.999999999999999,0.0,0.0
2.6835574229922243e-125,0.999999999999999,0.0,0.0
2.51467437285997e-125,0.999999999999999,0.0,0.0
2.3564195598496824e-125,0.999999999999999,0.0,0.0
2.208124122141111e-125,0.999999999999999,0.0,0.0
2.0691612910786075e-125,0.999999999999999,0.0,0.0
1.9389437421419026e-125,0.999999999999999,0.0,0.0
1.816921112626991e-125,0.999999999999999,0.0,0.0
1.7025776755456287e-125,0.999999999999999,0.0,0.0
1.5954301599122128e-125,0.999999999999999,0.0,0.0
1.4950257082055183e-125,0.999999999999999,0.0,0.0
1.400939962372528e-125,0.999999999999999,0.0,0.0
1.3127752702848778e-125,0.999999999999999,0.0,0.0
1.2301590050675314e-125,0.999999999999999,0.0,0.0
1.1527419901963482e-125,0.999999999999999,0.0,0.0
1.0801970237082402e-125,0.999999999999999,0.0,0.0
1.0122174952865156e-125,0.999999999999999,0.0,0.0
9.485160903765331e-126,0.999999999999999,0.0,0.0
8.888235758546355e-126,0.999999999999999,0.0,0.0
8.32887662118005e-126,0.999999999999999,0.0,0.0
7.804719367860794e-126,0.999999999999999,0.0,0.0
7.313548655068327e-126,0.999999999999999,0.0,0.0
6.85328855644842e-126,0.999999999999999,0.0,0.0
6.421993788938303e-126,0.999999999999999,0.0,0.0
6.017841491054185e-126,0.999999999999999,0.0,0.0
5.6391235185919257e-126,0.999999999999999,0.0,0.0
5.2842392251787295e-126,0.999999999999999,0.0,0.0
4.9516886971629677e-126,0.999999999999999,0.0,0.0
4.640066414249475e-126,0.999999999999999,0.0,0.0
4.34805530908709e-126,0.999999999999999,0.0,0.0
4.074421200701366e-126,0.999999999999999,0.0,0.0
3.8180075782454245e-126,0.999999999999999,0.0,0.0
3.57773071302255e-126,0.999999999999999,0.0,0.0
3.3525750781215554e-126,0.999999999999999,0.0,0.0
3.141589056306069e-126,0.999999999999999,0.0,0.0
2.943880918017196e-126,0.999999999999999,0.0,0.0
2.7586150524906345e-126,0.999999999999999,0.0,0.0
2.5850084360591157e-126,0.999999999999999,0.0,0.0
2.4223273227134983e-126,0.999999999999999,0.0,0.0
2.2698841429352143e-126,0.999999999999999,0.0,0.0
2.1270345976930268e-126,0.999999999999999,0.0,0.0
1.9931749353219153e-126,0.999999999999999,0.0,0.0
1.8677393997748532e-126,0.999999999999999,0.0,0.0
1.7501978394625528e-126,0.999999999999999,0.0,0.0
1.6400534665749624e-126,0.999999999999999,0.0,0.0
1.5368407574143286e-126,0.999999999999999,0.0,0.0
1.440123484865603e-126,0.999999999999999,0.0,0.0
1.3494928746884572e-126,0.999999999999999,0.0,0.0
1.2645658778385038e-126,0.999999999999999,0.0,0.0
1.1849835515157043e-126,0.999999999999999,0.0,0.0
1.1104095420974967e-126,0.999999999999999,0.0,0.0
1.0405286635447711e-126,0.999999999999999,0.0,0.0
9.750455652723523e-127,0.999999999999999,0.0,0.0
9.136834838537578e-127,0.999999999999999,0.0,0.0
8.561830732843307e-127,0.999999999999999,0.0,0.0
8.023013088588695e-127,0.999999999999999,0.0,0.0
7.518104600310082e-127,0.999999999999999,0.0,0.0
7.044971279131519e-127,0.999999999999999,0.0,0.0
6.6016134334897326e-127,0.999999999999999,0.0,0.0
6.18615721746486e-127,0.999999999999999,0.0,0.0
5.796846710996093e-127,0.999999999999999,0.0,0.0
5.43203649850936e-127,0.999999999999999,0.0,0.0
5.090184714590724e-127,0.999999999999999,0.0,0.0
4.769846527313131e-127,0.999999999999999,0.0,0.0
4.4696680316738695e-127,0.999999999999999,0.0,0.0
4.188380527333442e-127,0.999999999999999,0.0,0.0
3.924795156470798e-127,0.999999999999999,0.0,0.0
3.677797879091872e-127,0.999999999999999,0.0,0.0
3.4463447645546726e-127,0.999999999999999,0.0,0.0
3.2294575794105805e-127,0.999999999999999,0.0,0.0
3.026219652913948e-127,0.999999999999999,0.0,0.0
2.8357720027256334e-127,0.999999999999999,0.0,0.0
2.657309704435793e-127,0.999999999999999,0.0,0.0
2.4900784895617835e-127,0.999999999999999,0.0,0.0
2.333371557642657e-127,0.999999999999999,0.0,0.0
2.186526588956596e-127,0.999999999999999,0.0,0.0
2.0489229452355972e-127,0.999999999999999,0.0,0.0
1.9199790465462525e-127,0.999999999999999,0.0,0.0
1.7991499132500475e-127,0.999999999999999,0.0,0.0
1.6859248626543152e-127,0.999999999999999,0.0,0.0
1.5798253506187619e-127,0.999999999999999,0.0,0.0
1.4804029489951513e-127,0.999999999999999,0.0,0.0
1.3872374503518197e-127,0.999999999999999,0.0,0.0
1.2999350919726656e-127,0.999999999999999,0.0,0.0
1.2181268916243731e-127,0.999999999999999,0.0,0.0
1.1414670880580076e-127,0.999999999999999,0.0,0.0
1.0696316796537892e-127,0.999999999999999,0.0,0.0
1.0023170550326408e-127,0.999999999999999,0.0,0.0
9.392387098468143e-128,0.999999999999999,0.0,0.0
8.801300443261241e-128,0.999999999999999,0.0,0.0
8.247412364976351e-128,0.999999999999999,0.0,0.0
7.728381863164835e-128,0.999999999999999,0.0,0.0
7.242015262452132e-128,0.999999999999999,0.0,0.0
6.786256940998545e-128,0.999999999999999,0.0,0.0
6.359180642441421e-128,0.999999999999999,0.0,0.0
5.958981334598772e-128,0.999999999999999,0.0,0.0
5.583967580525239e-128,0.999999999999999,0.0,0.0
5.232554389676795e-128,0.999999999999999,0.0,0.0
4.903256518969711e-128,0.999999999999999,0.0,0.0
4.594682195420808e-128,0.999999999999999,0.0,0.0
4.305527233837832e-128,0.999999999999999,0.0,0.0
4.034569524698427e-128,0.999999999999999,0.0,0.0
3.7806638689208196e-128,0.999999999999999,0.0,0.0
3.542737137695435e-128,0.999999999999999,0.0,0.0
3.3197837369205454e-128,0.999999999999999,0.0,0.0
3.1108613570724363e-128,0.999999999999999,0.0,0.0
2.915086990546992e-128,0.999999999999999,0.0,0.0
2.731633199640035e-128,0.999999999999999,0.0,0.0
2.559724619393093e-128,0.999999999999999,0.0,0.0
2.3986346805239213e-128,0.999999999999999,0.0,0.0
2.2476825385912918e-128,0.999999999999999,0.0,0.0
2.1062301964151934e-128,0.999999999999999,0.0,0.0
1.97367980759041e-128,0.999999999999999,0.0,0.0
1.8494711496967964e-128,0.999999999999999,0.0,0.0
1.7330792565268224e-128,0.999999999999999,0.0,0.0
1.6240121993230172e-128,0.999999999999999,0.0,0.0
1.5218090076477498e-128,0.999999999999999,0.0,0.0
1.4260377210979276e-128,0.999999999999999,0.0,0.0
1.3362935636302138e-128,0.999999999999999,0.0,0.0
1.2521972327805708e-128,0.999999999999999,0.0,0.0
1.1733932965475419e-128,0.999999999999999,0.0,0.0
1.0995486911637191e-128,0.999999999999999,0.0,0.0
1.0303513134062489e-128,0.999999999999999,0.0,0.0
9.655087014967941e-129,0.999999999999999,0.0,0.0
9.047467990157967e-129,0.999999999999999,0.0,0.0
8.47808796606737e-129,0.999999999999999,0.0,0.0
7.944540465748737e-129,0.999999999999999,0.0,0.0
7.444570457930256e-129,0.999999999999999,0.0,0.0
6.976064826156647e-129,0.999999999999999,0.0,0.0
6.537043437731123e-129,0.999999999999999,0.0,0.0
6.125650774711418e-129,0.999999999999999,0.0,0.0
5.740148091588373e-129,0.999999999999999,0.0,0.0
5.3789060665016276e-129,0.999999999999999,0.0,0.0
5.040397914932883e-129,0.999999999999999,0.0,0.0
4.723192936771853e-129,0.999999999999999,0.0,0.0
4.42595046948165e-129,0.999999999999999,0.0,0.0
4.147414221806764e-129,0.999999999999999,0.0,0.0
3.8864069640751135e-129,0.999999999999999,0.0,0.0
3.6418255526528104e-129,0.999999999999999,0.0,0.0
3.412636267522551e-129,0.999999999999999,0.0,0.0
3.197870443279994e-129,0.999999999999999,0.0,0.0
2.9966203750825624e-129,0.999999999999999,0.0,0.0
2.8080354822472475e-129,0.999999999999999,0.0,0.0
2.6313187132828875e-129,0.999999999999999,0.0,0.0
2.4657231771628547e-129,0.999999999999999,0.0,0.0
2.310548986600262e-129,0.999999999999999,0.0,0.0
2.1651402999838432e-129,0.999999999999999,0.0,0.0
2.0288825494722776e-129,0.999999999999999,0.0,0.0
1.9011998435315466e-129,0.999999999999999,0.0,0.0
1.781552532937179e-129,0.999999999999999,0.0,0.0
1.6694349299541238e-129,0.999999999999999,0.0,0.0
1.5643731710543984e-129,0.999999999999999,0.0,0.0
1.4659232141393165e-129,0.999999999999999,0.0,0.0
1.373668961801582e-129,0.999999999999999,0.0,0.0
1.2872205026952422e-129,0.999999999999999,0.0,0.0
1.2062124635806733e-129,0.999999999999999,0.0,0.0
1.1303024650795402e-129,0.999999999999999,0.0,0.0
1.0591696746129986e-129,0.999999999999999,0.0,0.0
9.925134504071534e-130,0.999999999999999,0.0,0.0
9.300520708346793e-130,0.999999999999999,0.0,0.0
8.715215437221857e-130,0.999999999999999,0.0,0.0
8.166744905908768e-130,0.999999999999999,0.0,0.0
7.652791011147665e-130,0.999999999999999,0.0,0.0
7.1711815337748174e-130,0.999999999999999,0.0,0.0
6.719880957867784e-130,0.999999999999999,0.0,0.0
6.29698186766499e-130,0.999999999999999,0.0,0.0
5.900696885898889e-130,0.999999999999999,0.0,0.0
5.529351119470181e-130,0.999999999999999,0.0,0.0
5.181375080534858e-130,0.999999999999999,0.0,0.0
4.8552980530851215e-130,0.999999999999999,0.0,0.0
4.549741876988127e-130,0.999999999999999,0.0,0.0
4.2634151232108785e-130,0.999999999999999,0.0,0.0
3.995107635612944e-130,0.999999999999999,0.0,0.0
3.7436854162379404e-130,0.999999999999999,0.0,0.0
3.508085832486558e-130,0.999999999999999,0.0,0.0
3.2873131259142964e-130,0.999999999999999,0.0,0.0
3.080434203671905e-130,0.999999999999999,0.0,0.0
2.8865746948011163e-130,0.999999999999999,0.0,0.0
2.7049152547176522e-130,0.999999999999999,0.0,0.0
2.5346881022624526e-130,0.999999999999999,0.0,0.0
2.375173774685026e-130,0.999999999999999,0.0,0.0
2.225698086843891e-130,0.999999999999999,0.0,0.0
2.0856292817722254e-130,0.999999999999999,0.0,0.0
1.954375360565615e-130,0.999999999999999,0.0,0.0
1.831381580306716e-130,0.999999999999999,0.0,0.0
1.7161281094518379e-130,0.999999999999999,0.0,0.0
1.6081278307699814e-130,0.999999999999999,0.0,0.0
1.5069242825484659e-130,0.999999999999999,0.0,0.0
1.4120897293636949e-130,0.999999999999999,0.0,0.0
1.3232233542631904e-130,0.999999999999999,0.0,0.0
1.2399495647181821e-130,0.999999999999999,0.0,0.0
1.161916405186878e-130,0.999999999999999,0.0,0.0
1.0887940695791438e-130,0.999999999999999,0.0,0.0
1.0202735073355358e-130,0.999999999999999,0.0,0.0
9.560651172293043e-131,0.999999999999999,0.0,0.0
8.958975233707384e-131,0.999999999999999,0.0,0.0
8.395164282406489e-131,0.999999999999999,0.0,0.0
7.866835379053534e-131,0.999999999999999,0.0,0.0
7.371755548705988e-131,0.999999999999999,0.0,0.0
6.907832343177309e-131,0.999999999999999,0.0,0.0
6.473104997333069e-131,0.999999999999999,0.0,0.0
6.065736141943716e-131,0.999999999999999,0.0,0.0
5.684004038068452e-131,0.999999999999999,0.0,0.0
5.326295300148954e-131,0.999999999999999,0.0,0.0
4.991098077057205e-131,0.999999999999999,0.0,0.0
4.676995662277206e-131,0.999999999999999,0.0,0.0
4.3826605062141103e-131,0.999999999999999,0.0,0.0
4.1068486053238674e-131,0.999999999999999,0.0,0.0
3.8483942443491234e-131,0.999999999999999,0.0,0.0
3.606205069439497e-131,0.999999999999999,0.0,0.0
3.379257471332854e-131,0.999999999999999,0.0,0.0
3.166592259084644e-131,0.999999999999999,0.0,0.0
2.967310606060389e-131,0.999999999999999,0.0,0.0
2.7805702510571055e-131,0.999999999999999,0.0,0.0
2.6055819384977537e-131,0.999999999999999,0.0,0.0
2.4416060826532536e-131,0.999999999999999,0.0,0.0
2.28794964179343e-131,0.999999999999999,0.0,0.0
2.1439631890555443e-131,0.999999999999999,0.0,0.0
2.009038167650469e-131,0.999999999999999,0.0,0.0
1.8826043188056743e-131,0.999999999999999,0.0,0.0
1.7641272715742623e-131,0.999999999999999,0.0,0.0
1.6531062843234088e-131,0.999999999999999,0.0,0.0
1.5490721283566471e-131,0.999999999999999,0.0,0.0
1.4515851047251463e-131,0.999999999999999,0.0,0.0
1.3602331858460695e-131,0.999999999999999,0.0,0.0
1.2746302740735858e-131,0.999999999999999,0.0,0.0
1.1944145698624066e-131,0.999999999999999,0.0,0.0
1.1192470426269174e-131,0.999999999999999,0.0,0.0
1.0488099978330054e-131,0.999999999999999,0.0,0.0
9.828057342664218e-132,0.999999999999999,0.0,0.0
9.209552858026388e-132,0.999999999999999,0.0,0.0
8.629972423603085e-132,0.999999999999999,0.0,0.0
8.086866450551004e-132,0.999999999999999,0.0,0.0
7.577939508842999e-132,0.999999999999999,0.0,0.0
7.101040625664218e-132,0.999999999999999,0.0,0.0
6.654154194354679e-132,0.999999999999999,0.0,0.0
6.235391455475062e-132,0.999999999999999,0.0,0.0
5.842982513990573e-132,0.999999999999999,0.0,0.0
5.47526885883358e-132,0.999999999999999,0.0,0.0
5.130696353229089e-132,0.999999999999999,0.0,0.0
4.8078086661567523e-132,0.999999999999999,0.0,0.0
4.505241117187561e-132,0.999999999999999,0.0,0.0
4.2217149086805323e-132,0.999999999999999,0.0,0.0
3.956031720961823e-132,0.999999999999999,0.0,0.0
3.707068647642889e-132,0.999999999999999,0.0,0.0
3.4737734496718657e-132,0.999999999999999,0.0,0.0
3.25516010805949e-132,0.999999999999999,0.0,0.0
3.05030465648322e-132,0.999999999999999,0.0,0.0
2.858341276156107e-132,0.999999999999999,0.0,0.0
2.6784586364554394e-132,0.999999999999999,0.0,0.0
2.5098964658448712e-132,0.999999999999999,0.0,0.0
2.3519423385970882e-132,0.999999999999999,0.0,0.0
2.2039286637361373e-132,0.999999999999999,0.0,0.0
2.0652298634732223e-132,0.999999999999999,0.0,0.0
1.9352597292106673e-132,0.999999999999999,0.0,0.0
1.8134689439392302e-132,0.999999999999999,0.0,0.0
1.6993427605572165e-132,0.999999999999999,0.0,0.0
1.5923988262988368e-132,0.999999999999999,0.0,0.0
1.492185144076786e-132,0.999999999999999,0.0,0.0
1.398278162122685e-132,0.999999999999999,0.0,0.0
1.310280983851279e-132,0.999999999999999,0.0,0.0
1.2278216903824037e-132,0.999999999999999,0.0,0.0
1.1505517686308836e-132,0.999999999999999,0.0,0.0
1.0781446383207058e-132,0.999999999999999,0.0,0.0
1.010294271697914e-132,0.999999999999999,0.0,0.0
9.467139001084582e-133,0.999999999999999,0.0,0.0
8.871348019743686e-133,0.999999999999999,0.0,0.0
8.313051670456517e-133,0.999999999999999,0.0,0.0
7.789890321276849e-133,0.999999999999999,0.0,0.0
7.299652837859759e-133,0.999999999999999,0.0,0.0
6.840267238132314e-133,0.999999999999999,0.0,0.0
6.409791935089447e-133,0.999999999999999,0.0,0.0
6.00640753070282e-133,0.999999999999999,0.0,0.0
5.628409126259745e-133,0.999999999999999,0.0,0.0
5.274199116631896e-133,0.999999999999999,0.0,0.0
4.942280438018916e-133,0.999999999999999,0.0,0.0
4.631250240628568e-133,0.999999999999999,0.0,0.0
4.339793959551122e-133,0.999999999999999,0.0,0.0
4.0666797587686e-133,0.999999999999999,0.0,0.0
3.8107533248165555e-133,0.999999999999999,0.0,0.0
3.570932988093874e-133,0.999999999999999,0.0,0.0
3.346205151200881e-133,0.999999999999999,0.0,0.0
3.1356200049836832e-133,0.999999999999999,0.0,0.0
2.9382875141786627e-133,0.999999999999999,0.0,0.0
2.7533736556905117e-133,0.999999999999999,0.0,0.0
2.5800968936049347e-133,0.999999999999999,0.0,0.0
2.4177248760377083e-133,0.999999999999999,0.0,0.0
2.2655713398593786e-133,0.999999999999999,0.0,0.0
2.1229932102134536e-133,0.999999999999999,0.0,0.0
1.9893878825692493e-133,0.999999999999999,0.0,0.0
1.864190675822012e-133,0.999999999999999,0.0,0.0
1.7468724456758924e-133,0.999999999999999,0.0,0.0
1.636937348222757e-133,0.999999999999999,0.0,0.0
1.5339207442646371e-133,0.999999999999999,0.0,0.0
1.437387235522462e-133,0.999999999999999,0.0,0.0
1.3469288244311387e-133,0.999999999999999,0.0,0.0
1.26216318974338e-133,0.999999999999999,0.0,0.0
1.1827320706541374e-133,0.999999999999999,0.0,0.0
1.1082997526161694e-133,0.999999999999999,0.0,0.0
1.0385516484470628e-133,0.999999999999999,0.0,0.0
9.731929687307731e-134,0.999999999999999,0.0,0.0
9.11947475894158e-134,0.999999999999999,0.0,0.0
8.5455631669262e-134,0.999999999999999,0.0,0.0
8.007769281703823e-134,0.999999999999999,0.0,0.0
7.503820124714448e-134,0.999999999999999,0.0,0.0
7.031585761682807e-134,0.999999999999999,0.0,0.0
6.589070300480037e-134,0.999999999999999,0.0,0.0
6.174403455512681e-134,0.999999999999999,0.0,0.0
5.785832642985995e-134,0.999999999999999,0.0,0.0
5.421715573632319e-134,0.999999999999999,0.0,0.0
5.080513311597763e-134,0.999999999999999,0.0,0.0
4.760783770150707e-134,0.999999999999999,0.0,0.0
4.461175616721783e-134,0.999999999999999,0.0,0.0
4.1804225615151096e-134,0.999999999999999,0.0,0.0
3.917338005551648e-134,0.999999999999999,0.0,0.0
3.6708100255247124e-134,0.999999999999999,0.0,0.0
3.4397966742712017e-134,0.999999999999999,0.0,0.0
3.223321576996047e-134,0.999999999999999,0.0,0.0
3.020469804637392e-134,0.999999999999999,0.0,0.0
2.8303840069313173e-134,0.999999999999999,0.0,0.0
2.6522607888325867e-134,0.999999999999999,0.0,0.0
2.485347314976386e-134,0.999999999999999,0.0,0.0
2.328938127829868e-134,0.999999999999999,0.0,0.0
2.1823721660854564e-134,0.999999999999999,0.0,0.0
2.0450299706942033e-134,0.999999999999999,0.0,0.0
1.916331066730518e-134,0.999999999999999,0.0,0.0
1.795731510022771e-134,0.999999999999999,0.0,0.0
1.682721588180632e-134,0.999999999999999,0.0,0.0
1.5768236663025654e-134,0.999999999999999,0.0,0.0
1.4775901682584017e-134,0.999999999999999,0.0,0.0
1.3846016850148916e-134,0.999999999999999,0.0,0.0
1.2974652020091203e-134,0.999999999999999,0.0,0.0
1.215812438077787e-134,0.999999999999999,0.0,0.0
1.1392982889218651e-134,0.999999999999999,0.0,0.0
1.0675993685279637e-134,0.999999999999999,0.0,0.0
1.0004126423817303e-134,0.999999999999999,0.0,0.0
9.374541466965854e-135,0.999999999999999,0.0,0.0
8.784577882446324e-135,0.999999999999999,0.0,0.0
8.231742197172386e-135,0.999999999999999,0.0,0.0
7.713697858620186e-135,0.999999999999999,0.0,0.0
7.228255359420798e-135,0.999999999999999,0.0,0.0
6.773362983437036e-135,0.999999999999999,0.0,0.0
6.347098134213027e-135,0.999999999999999,0.0,0.0
5.94765920914638e-135,0.999999999999999,0.0,0.0
5.573357985039226e-135,0.999999999999999,0.0,0.0
5.222612482845773e-135,0.999999999999999,0.0,0.0
4.8939402814593325e-135,0.999999999999999,0.0,0.0
4.585952252279624e-135,0.999999999999999,0.0,0.0
4.297346688079589e-135,0.999999999999999,0.0,0.0
4.026903801357458e-135,0.999999999999999,0.0,0.0
3.773480568921419e-135,0.999999999999999,0.0,0.0
3.536005900917608e-135,0.999999999999999,0.0,0.0
3.313476113883368e-135,0.999999999999999,0.0,0.0
3.1049506886927136e-135,0.999999999999999,0.0,0.0
2.909548295465003e-135,0.999999999999999,0.0,0.0
2.726443068636155e-135,0.999999999999999,0.0,0.0
2.5548611164490453e-135,0.999999999999999,0.0,0.0
2.3940772501104935e-135,0.999999999999999,0.0,0.0
2.2434119187906684e-135,0.999999999999999,0.0,0.0
2.1022283375107244e-135,0.999999999999999,0.0,0.0
1.9699297957797257e-135,0.999999999999999,0.0,0.0
1.845957135605853e-135,0.999999999999999,0.0,0.0
1.7297863882227374e-135,0.999999999999999,0.0,0.0
1.6209265595425752e-135,0.999999999999999,0.0,0.0
1.5189175549762795e-135,0.999999999999999,0.0,0.0
1.4233282348499398e-135,0.999999999999999,0.0,0.0
1.3337545921988387e-135,0.999999999999999,0.0,0.0
1.2498180452374984e-135,0.999999999999999,0.0,0.0
1.1711638372888983e-135,0.999999999999999,0.0,0.0
1.0974595374101932e-135,0.999999999999999,0.0,0.0
1.0283936353778435e-135,0.999999999999999,0.0,0.0
9.636742250938808e-136,0.999999999999999,0.0,0.0
9.030277708487457e-136,0.999999999999999,0.0,0.0
8.461979512263214e-136,0.999999999999999,0.0,0.0
7.929445757649462e-136,0.999999999999999,0.0,0.0
7.43042569795686e-136,0.999999999999999,0.0,0.0
6.962810231672995e-136,0.999999999999999,0.0,0.0
6.524622988373448e-136,0.999999999999999,0.0,0.0
6.1140119756190085e-136,0.999999999999999,0.0,0.0
5.729241751534761e-136,0.999999999999999,0.0,0.0
5.3686860899885345e-136,0.999999999999999,0.0,0.0
5.030821107368226e-136,0.999999999999999,0.0,0.0
4.714218821908382e-136,0.999999999999999,0.0,0.0
4.41754111834464e-136,0.999999999999999,0.0,0.0
4.139534092387717e-136,0.999999999999999,0.0,0.0
3.879022751113946e-136,0.999999999999999,0.0,0.0
3.634906046873618e-136,0.999999999999999,0.0,0.0
3.4061522237280314e-136,0.999999999999999,0.0,0.0
3.191794456747013e-136,0.999999999999999,0.0,0.0
2.990926765736469e-136,0.999999999999999,0.0,0.0
2.8027001861253807e-136,0.999999999999999,0.0,0.0
2.626319180828569e-136,0.999999999999999,0.0,0.0
2.461038277919991e-136,0.999999999999999,0.0,0.0
2.306158919905761e-136,0.999999999999999,0.0,0.0
2.161026511280377e-136,0.999999999999999,0.0,0.0
2.0250276518877004e-136,0.999999999999999,0.0,0.0
1.897587544393514e-136,0.999999999999999,0.0,0.0
1.77816756491239e-136,0.999999999999999,0.0,0.0
1.6662629865211424e-136,0.999999999999999,0.0,0.0
1.561400846037337e-136,0.999999999999999,0.0,0.0
1.4631379450468143e-136,0.999999999999999,0.0,0.0
1.3710589767316055e-136,0.999999999999999,0.0,0.0
1.2847747705813012e-136,0.999999999999999,0.0,0.0
1.2039206475691678e-136,0.999999999999999,0.0,0.0
1.128154878841189e-136,0.999999999999999,0.0,0.0
1.0571572414037005e-136,0.999999999999999,0.0,0.0
9.906276647052504e-137,0.999999999999999,0.0,0.0
9.282849623924856e-137,0.999999999999999,0.0,0.0
8.698656438798436e-137,0.999999999999999,0.0,0.0
8.151228007101669e-137,0.999999999999999,0.0,0.0
7.638250629994591e-137,0.999999999999999,0.0,0.0
7.157556215552083e-137,0.999999999999999,0.0,0.0
6.7071131153527655e-137,0.999999999999999,0.0,0.0
6.285017537744513e-137,0.999999999999999,0.0,0.0
5.889485501494855e-137,0.999999999999999,0.0,0.0
5.518845295818502e-137,0.999999999999999,0.0,0.0
5.171530414914399e-137,0.999999999999999,0.0,0.0
4.846072937150192e-137,0.999999999999999,0.0,0.0
4.541097320911379e-137,0.999999999999999,0.0,0.0
4.255314590893329e-137,0.999999999999999,0.0,0.0
3.987516890264646e-137,0.999999999999999,0.0,0.0
3.736572375676659e-137,0.999999999999999,0.0,0.0
3.501420433542859e-137,0.999999999999999,0.0,0.0
3.281067197369969e-137,0.999999999999999,0.0,0.0
3.0745813471946916e-137,0.999999999999999,0.0,0.0
2.8810901733725174e-137,0.999999999999999,0.0,0.0
2.699775888082255e-137,0.999999999999999,0.0,0.0
2.5298721689568947e-137,0.999999999999999,0.0,0.0
2.3706609202325264e-137,0.999999999999999,0.0,0.0
2.221469237726329e-137,0.999999999999999,0.0,0.0
2.0816665648161759e-137,0.999999999999999,0.0,0.0
1.9506620274016226e-137,0.999999999999999,0.0,0.0
1.8279019365825385e-137,0.999999999999999,0.0,0.0
1.7128674485004822e-137,0.999999999999999,0.0,0.0
1.6050723714521715e-137,0.999999999999999,0.0,0.0
1.5040611110068465e-137,0.999999999999999,0.0,0.0
1.4094067444425882e-137,0.999999999999999,0.0,0.0
1.3207092163632256e-137,0.999999999999999,0.0,0.0
1.2375936478696326e-137,0.999999999999999,0.0,0.0
1.1597087521391448e-137,0.999999999999999,0.0,0.0
1.0867253497165702e-137,0.999999999999999,0.0,0.0
1.0183349772416875e-137,0.999999999999999,0.0,0.0
9.542485837330385e-138,0.999999999999999,0.0,0.0
8.94195308917877e-138,0.999999999999999,0.0,0.0
8.379213384448994e-138,0.999999999999999,0.0,0.0
7.851888311413337e-138,0.999999999999999,0.0,0.0
7.357749137804486e-138,0.999999999999999,0.0,0.0
6.89470739110884e-138,0.999999999999999,0.0,0.0
6.460806031665775e-138,0.999999999999999,0.0,0.0
6.054211181266056e-138,0.999999999999999,0.0,0.0
5.673204372290473e-138,0.999999999999999,0.0,0.0
5.316175284629758e-138,0.999999999999999,0.0,0.0
4.9816149396884905e-138,0.999999999999999,0.0,0.0
4.6681093227075364e-138,0.999999999999999,0.0,0.0
4.3743334064498494e-138,0.999999999999999,0.0,0.0
4.0990455509908296e-138,0.999999999999999,0.0,0.0
3.8410822559440284e-138,0.999999999999999,0.0,0.0
3.5993532429425484e-138,0.999999999999999,0.0,0.0
3.372836847592316e-138,0.999999999999999,0.0,0.0
3.160575701421383e-138,0.999999999999999,0.0,0.0
2.961672685575063e-138,0.999999999999999,0.0,0.0
2.775287139155269e-138,0.999999999999999,0.0,0.0
2.6006313061786263e-138,0.999999999999999,0.0,0.0
2.4369670061365004e-138,0.999999999999999,0.0,0.0
2.283602514085088e-138,0.999999999999999,0.0,0.0
2.1398896370793292e-138,0.999999999999999,0.0,0.0
2.0052209745942166e-138,0.999999999999999,0.0,0.0
1.8790273513547172e-138,0.999999999999999,0.0,0.0
1.7607754117241954e-138,0.999999999999999,0.0,0.0
1.6499653654840487e-138,0.999999999999999,0.0,0.0
1.54612887547713e-138,0.999999999999999,0.0,0.0
1.4488270781871055e-138,0.999999999999999,0.0,0.0
1.3576487288877588e-138,0.999999999999999,0.0,0.0
1.2722084635227325e-138,0.999999999999999,0.0,0.0
1.1921451699695727e-138,0.999999999999999,0.0,0.0
1.117120461804243e-138,0.999999999999999,0.0,0.0
1.0468172481154934e-138,0.999999999999999,0.0,0.0
9.809383933244256e-139,0.999999999999999,0.0,0.0
9.19205461345e-139,0.999999999999999,0.0,0.0
8.613575387776957e-139,0.999999999999999,0.0,0.0
8.071501321625662e-139,0.999999999999999,0.0,0.0
7.56354134630949e-139,0.999999999999999,0.0,0.0
7.087548575883924e-139,0.999999999999999,0.0,0.0
6.64151123336224e-139,0.999999999999999,0.0,0.0
6.223544147967365e-139,0.999999999999999,0.0,0.0
5.83188078748316e-139,0.999999999999999,0.0,0.0
5.464865792029977e-139,0.999999999999999,0.0,0.0
5.120947977708583e-139,0.999999999999999,0.0,0.0
4.798673780542455e-139,0.999999999999999,0.0,0.0
4.496681113009351e-139,0.999999999999999,0.0,0.0
4.2136936071968774e-139,0.999999999999999,0.0,0.0
3.9485152202508234e-139,0.999999999999999,0.0,0.0
3.700025179316261e-139,0.999999999999999,0.0,0.0
3.46717324460628e-139,0.999999999999999,0.0,0.0
3.2489752705777775e-139,0.999999999999999,0.0,0.0
3.0445090464536703e-139,0.999999999999999,0.0,0.0
2.8529103985115556e-139,0.999999999999999,0.0,0.0
2.6733695376651987e-139,0.999999999999999,0.0,0.0
2.5051276369019445e-139,0.999999999999999,0.0,0.0
2.347473624110644e-139,0.999999999999999,0.0,0.0
2.1997411767450227e-139,0.999999999999999,0.0,0.0
2.061305905620478e-139,0.999999999999999,0.0,0.0
1.9315827159416624e-139,0.999999999999999,0.0,0.0
1.810023334407267e-139,0.999999999999999,0.0,0.0
1.6961139919403523e-139,0.999999999999999,0.0,0.0
1.589373252250315e-139,0.999999999999999,0.0,0.0
1.4893499770489366e-139,0.999999999999999,0.0,0.0
1.3956214193205276e-139,0.999999999999999,0.0,0.0
1.3077914365874028e-139,0.999999999999999,0.0,0.0
1.2254888166190716e-139,0.999999999999999,0.0,0.0
1.1483657085087836e-139,0.999999999999999,0.0,0.0
1.0760961524863888e-139,0.999999999999999,0.0,0.0
1.0083747022537918e-139,0.999999999999999,0.0,0.0
9.449151340203166e-140,0.999999999999999,0.0,0.0
8.854492367817386e-140,0.999999999999999,0.0,0.0
8.297256787301137e-140,0.999999999999999,0.0,0.0
7.775089450033012e-140,0.999999999999999,0.0,0.0
7.285783422845947e-140,0.999999999999999,0.0,0.0
6.827270660454127e-140,0.999999999999999,0.0,0.0
6.397613264887645e-140,0.999999999999999,0.0,0.0
5.994995294993015e-140,0.999999999999999,0.0,0.0
5.617715091382531e-140,0.999999999999999,0.0,0.0
5.264178084393944e-140,0.999999999999999,0.0,0.0
4.932890054663421e-140,0.999999999999999,0.0,0.0
4.62245081782767e-140,0.999999999999999,0.0,0.0
4.331548306663731e-140,0.999999999999999,0.0,0.0
4.05895302565465e-140,0.999999999999999,0.0,0.0
3.803512854543363e-140,0.999999999999999,0.0,0.0
3.5641481789120565e-140,0.999999999999999,0.0,0.0
3.3398473272064763e-140,0.999999999999999,0.0,0.0
3.1296622949198323e-140,0.999999999999999,0.0,0.0
2.932704737864605e-140,0.999999999999999,0.0,0.0
2.748142217597893e-140,0.999999999999999,0.0,0.0
2.5751946831316285e-140,0.999999999999999,0.0,0.0
2.413131174057654e-140,0.999999999999999,0.0,0.0
2.261266731153477e-140,0.999999999999999,0.0,0.0
2.118959501411407e-140,0.999999999999999,0.0,0.0
1.9856080252555286e-140,0.999999999999999,0.0,0.0
1.8606486944809598e-140,0.999999999999999,0.0,0.0
1.7435533701714224e-140,0.999999999999999,0.0,0.0
1.6338271505272771e-140,0.999999999999999,0.0,0.0
1.5310062791697818e-140,0.999999999999999,0.0,0.0
1.434656185081046e-140,0.999999999999999,0.0,0.0
1.3443696458955226e-140,0.999999999999999,0.0,0.0
1.259765066780201e-140,0.999999999999999,0.0,0.0
1.1804848676292252e-140,0.999999999999999,0.0,0.0
1.1061939717564256e-140,0.999999999999999,0.0,0.0
1.0365783896982515e-140,0.999999999999999,0.0,0.0
9.713438921415625e-141,0.999999999999999,0.0,0.0
9.102147663674286e-141,0.999999999999999,0.0,0.0
8.529326509550641e-141,0.999999999999999,0.0,0.0
7.992554438207872e-141,0.999999999999999,0.0,0.0
7.489562789768478e-141,0.999999999999999,0.0,0.0
7.018225676854089e-141,0.999999999999999,0.0,0.0
6.57655099955129e-141,0.999999999999999,0.0,0.0
6.16267202582837e-141,0.999999999999999,0.0,0.0
5.774839501817712e-141,0.999999999999999,0.0,0.0
5.411414258618052e-141,0.999999999999999,0.0,0.0
5.070860284369359e-141,0.999999999999999,0.0,0.0
4.7517382323195386e-141,0.999999999999999,0.0,0.0
4.4526993374449225e-141,0.999999999999999,0.0,0.0
4.172479715913185e-141,0.999999999999999,0.0,0.0
3.9098950232954784e-141,0.999999999999999,0.0,0.0
3.6638354489507654e-141,0.999999999999999,0.0,0.0
3.4332610254262076e-141,0.999999999999999,0.0,0.0
3.217197233048828e-141,0.999999999999999,0.0,0.0
3.014730881131339e-141,0.999999999999999,0.0,0.0
2.8250062483840887e-141,0.999999999999999,0.0,0.0
2.647221466220639e-141,0.999999999999999,0.0,0.0
2.480625129671066e-141,0.999999999999999,0.0,0.0
2.324513121579044e-141,0.999999999999999,0.0,0.0
2.1782256366602413e-141,0.999999999999999,0.0,0.0
2.0411443928442346e-141,0.999999999999999,0.0,0.0
1.9126900181137257e-141,0.999999999999999,0.0,0.0
1.792319601796572e-141,0.999999999999999,0.0,0.0
1.6795243999611953e-141,0.999999999999999,0.0,0.0
1.573827685217256e-141,0.999999999999999,0.0,0.0
1.4747827318338063e-141,0.999999999999999,0.0,0.0
1.3819709276590488e-141,0.999999999999999,0.0,0.0
1.2950000048617553e-141,0.999999999999999,0.0,0.0
1.2135023820166002e-141,0.999999999999999,0.0,0.0
1.1371336105262528e-141,0.999999999999999,0.0,0.0
1.0655709188140536e-141,0.999999999999999,0.0,0.0
9.985118481343251e-142,0.999999999999999,0.0,0.0
9.356729742345854e-142,0.999999999999999,0.0,0.0
8.767887094667909e-142,0.999999999999999,0.0,0.0
8.216101802847443e-142,0.999999999999999,0.0,0.0
7.699041753834284e-142,0.999999999999999,0.0,0.0
7.21452160034589e-142,0.999999999999999,0.0,0.0
6.760493524526707e-142,0.999999999999999,0.0,0.0
6.335038582873786e-142,0.999999999999999,0.0,0.0
5.936358595848096e-142,0.999999999999999,0.0,0.0
5.5627685478931004e-142,0.999999999999999,0.0,0.0
5.212689465739367e-142,0.999999999999999,0.0,0.0
4.8846417448954655e-142,0.999999999999999,0.0,0.0
4.577238896119655e-142,0.999999999999999,0.0,0.0
4.2891816854419175e-142,0.999999999999999,0.0,0.0
4.019252642969205e-142,0.999999999999999,0.0,0.0
3.766310917265454e-142,0.999999999999999,0.0,0.0
3.529287453558474e-142,0.999999999999999,0.0,0.0
3.307180475394445e-142,0.999999999999999,0.0,0.0
3.0990512506433374e-142,0.999999999999999,0.0,0.0
2.904020123960292e-142,0.999999999999999,0.0,0.0
2.7212627989342415e-142,0.999999999999999,0.0,0.0
2.5500068542103114e-142,0.999999999999999,0.0,0.0
2.389528478861442e-142,0.999999999999999,0.0,0.0
2.239149413211325e-142,0.999999999999999,0.0,0.0
2.0982340821790846e-142,0.999999999999999,0.0,0.0
1.966186909029818e-142,0.999999999999999,0.0,0.0
1.8424497981776065e-142,0.999999999999999,0.0,0.0
1.7264997764020928e-142,0.999999999999999,0.0,0.0
1.6178467825092602e-142,0.999999999999999,0.0,0.0
1.516031596094444e-142,0.999999999999999,0.0,0.0
1.4206238966535215e-142,0.999999999999999,0.0,0.0
1.3312204448391387e-142,0.999999999999999,0.0,0.0
1.24744337817508e-142,0.999999999999999,0.0,0.0
1.1689386140256374e-142,0.999999999999999,0.0,0.0
1.095374353070156e-142,0.999999999999999,0.0,0.0
1.0264396769577052e-142,0.999999999999999,0.0,0.0
9.618432342148867e-143,0.999999999999999,0.0,0.0
9.013120088527855e-143,0.999999999999999,0.0,0.0
8.445901664685958e-143,0.999999999999999,0.0,0.0
7.914379729649885e-143,0.999999999999999,0.0,0.0
7.416307813172013e-143,0.999999999999999,0.0,0.0
6.949580821054362e-143,0.999999999999999,0.0,0.0
6.5122261379965225e-143,0.999999999999999,0.0,0.0
6.102395290363856e-143,0.999999999999999,0.0,0.0
5.718356133638744e-143,0.999999999999999,0.0,0.0
5.358485531535295e-143,0.999999999999999,0.0,0.0
5.021262495835844e-143,0.999999999999999,0.0,0.0
4.705261757954891e-143,0.999999999999999,0.0,0.0
4.409147745060755e-143,0.999999999999999,0.0,0.0
4.131668935295123e-143,0.999999999999999,0.0,0.0
3.8716525682328914e-143,0.999999999999999,0.0,0.0
3.6279996882261423e-143,0.999999999999999,0.0,0.0
3.399680499683005e-143,0.999999999999999,0.0,0.0
3.1857300146505575e-143,0.999999999999999,0.0,0.0
2.985243974306335e-143,0.999999999999999,0.0,0.0
2.7973750271206853e-143,0.999999999999999,0.0,0.0
2.621329147537021e-143,0.999999999999999,0.0,0.0
2.45636228003358e-143,0.999999999999999,0.0,0.0
2.3017771943828563e-143,0.999999999999999,0.0,0.0
2.1569205388175005e-143,0.999999999999999,0.0,0.0
2.0211800786479401e-143,0.999999999999999,0.0,0.0
1.89398210866077e-143,0.999999999999999,0.0,0.0
1.7747890283614499e-143,0.999999999999999,0.0,0.0
1.6630970698131087e-143,0.999999999999999,0.0,0.0
1.5584341684681928e-143,0.999999999999999,0.0,0.0
1.4603579679940606e-143,0.999999999999999,0.0,0.0
1.3684539506599428e-143,0.999999999999999,0.0,0.0
1.2823336853833783e-143,0.999999999999999,0.0,0.0
1.2016331860315123e-143,0.999999999999999,0.0,0.0
1.1260113730386448e-143,0.999999999999999,0.0,0.0
1.0551486318380722e-143,0.999999999999999,0.0,0.0
9.887454620154585e-144,0.999999999999999,0.0,0.0
9.265212114743964e-144,0.999999999999999,0.0,0.0
8.682128902641293e-144,0.999999999999999,0.0,0.0
8.135740590560928e-144,0.999999999999999,0.0,0.0
7.623737875714347e-144,0.999999999999999,0.0,0.0
7.143956785573254e-144,0.999999999999999,0.0,0.0
6.694369531869044e-144,0.999999999999999,0.0,0.0
6.273075940173188e-144,0.999999999999999,0.0,0.0
5.878295418835793e-144,0.999999999999999,0.0,0.0
5.508359433339156e-144,0.999999999999999,0.0,0.0
5.161704454259252e-144,0.999999999999999,0.0,0.0
4.836865349029839e-144,0.999999999999999,0.0,0.0
4.532469189579543e-144,0.999999999999999,0.0,0.0
4.247229449669988e-144,0.999999999999999,0.0,0.0
3.979940567410106e-144,0.999999999999999,0.0,0.0
3.729472849965157e-144,0.999999999999999,0.0,0.0
3.4947676989252896e-144,0.999999999999999,0.0,0.0
3.2748331361537255e-144,0.999999999999999,0.0,0.0
3.068739611204616e-144,0.999999999999999,0.0,0.0
2.875616072590699e-144,0.999999999999999,0.0,0.0
2.6946462862960023e-144,0.999999999999999,0.0,0.0
2.5250653859738488e-144,0.999999999999999,0.0,0.0
2.366156640249619e-144,0.999999999999999,0.0,0.0
2.2172484234653197e-144,0.999999999999999,0.0,0.0
2.0777113770628516e-144,0.999999999999999,0.0,0.0
1.9469557496086012e-144,0.999999999999999,0.0,0.0
1.8244289042170085e-144,0.999999999999999,0.0,0.0
1.7096129828382666e-144,0.999999999999999,0.0,0.0
1.6020227175383005e-144,0.999999999999999,0.0,0.0
1.5012033795204255e-144,0.999999999999999,0.0,0.0
1.4067288572202586e-144,0.999999999999999,0.0,0.0
1.3181998553509718e-144,0.999999999999999,0.0,0.0
1.2352422072871788e-144,0.999999999999999,0.0,0.0
1.1575052936547699e-144,0.999999999999999,0.0,0.0
1.0846605604428828e-144,0.999999999999999,0.0,0.0
1.016400130374834e-144,0.999999999999999,0.0,0.0
9.524355016689851e-145,0.999999999999999,0.0,0.0
8.924963286898767e-145,0.999999999999999,0.0,0.0
8.363292793360676e-145,0.999999999999999,0.0,0.0
7.836969643354454e-145,0.999999999999999,0.0,0.0
7.343769339226878e-145,0.999999999999999,0.0,0.0
6.881607376583474e-145,0.999999999999999,0.0,0.0
6.448530434158976e-145,0.999999999999999,0.0,0.0
6.042708118131497e-145,0.999999999999999,0.0,0.0
5.662425225987871e-145,0.999999999999999,0.0,0.0
5.3060744972434984e-145,0.999999999999999,0.0,0.0
4.972149820377717e-145,0.999999999999999,0.0,0.0
4.6592398672738886e-145,0.999999999999999,0.0,0.0
4.366022128260263e-145,0.999999999999999,0.0,0.0
4.09125732254079e-145,0.999999999999999,0.0,0.0
3.83378416039165e-145,0.999999999999999,0.0,0.0
3.592514434985986e-145,0.999999999999999,0.0,0.0
3.36642842310252e-145,0.999999999999999,0.0,0.0
3.1545705752791853e-145,0.999999999999999,0.0,0.0
2.9560454771962917e-145,0.999999999999999,0.0,0.0
2.7700140652200514e-145,0.999999999999999,0.0,0.0
2.595690080111512e-145,0.999999999999999,0.0,0.0
2.4323367439125513e-145,0.999999999999999,0.0,0.0
2.27926364596383e-145,0.999999999999999,0.0,0.0
2.1358238248935102e-145,0.999999999999999,0.0,0.0
2.0014110342437913e-145,0.999999999999999,0.0,0.0
1.875457180178482e-145,0.999999999999999,0.0,0.0
1.7574299204421077e-145,0.999999999999999,0.0,0.0
1.646830414422591e-145,0.999999999999999,0.0,0.0
1.5431912148081705e-145,0.999999999999999,0.0,0.0
1.4460742919276807e-145,0.999999999999999,0.0,0.0
1.355069182424088e-145,0.999999999999999,0.0,0.0
1.269791254436682e-145,0.999999999999999,0.0,0.0
1.1898800819597334e-145,0.999999999999999,0.0,0.0
1.11499792150687e-145,0.999999999999999,0.0,0.0
1.044828284642815e-145,0.999999999999999,0.0,0.0
9.790746003493075e-146,0.999999999999999,0.0,0.0
9.174589615717176e-146,0.999999999999999,0.0,0.0
8.597209506486508e-146,0.999999999999999,0.0,0.0
8.056165386602343e-146,0.999999999999999,0.0,0.0
7.549170540431975e-146,0.999999999999999,0.0,0.0
7.074082161136131e-146,0.999999999999999,0.0,0.0
6.6288922941249275e-146,0.999999999999999,0.0,0.0
6.211719350465039e-146,0.999999999999999,0.0,0.0
5.820800154369596e-146,0.999999999999999,0.0,0.0
5.454482491159645e-146,0.999999999999999,0.0,0.0
5.111218124201217e-146,0.999999999999999,0.0,0.0
4.789556251304205e-146,0.999999999999999,0.0,0.0
4.488137372926583e-146,0.999999999999999,0.0,0.0
4.205687546268039e-146,0.999999999999999,0.0,0.0
3.941013000968012e-146,0.999999999999999,0.0,0.0
3.6929950936514545e-146,0.999999999999999,0.0,0.0
3.4605855799977897e-146,0.999999999999999,0.0,0.0
3.242802184350506e-146,0.999999999999999,0.0,0.0
3.0387244481424233e-146,0.999999999999999,0.0,0.0
2.8474898395900466e-146,0.999999999999999,0.0,0.0
2.668290108214683e-146,0.999999999999999,0.0,0.0
2.500367868782759e-146,0.999999999999999,0.0,0.0
2.3430134002274056e-146,0.999999999999999,0.0,0.0
2.1955616460219973e-146,0.999999999999999,0.0,0.0
2.0573894033277663e-146,0.999999999999999,0.0,0.0
1.9279126890354567e-146,0.999999999999999,0.0,0.0
1.806584271568637e-146,0.999999999999999,0.0,0.0
1.6928913580168661e-146,0.999999999999999,0.0,0.0
1.5863534268234146e-146,0.999999999999999,0.0,0.0
1.4865201968674227e-146,0.999999999999999,0.0,0.0
1.3929697243568533e-146,0.999999999999999,0.0,0.0
1.3053066194887777e-146,0.999999999999999,0.0,0.0
1.2231603753397382e-146,0.999999999999999,0.0,0.0
1.1461838019232633e-146,0.999999999999999,0.0,0.0
1.074051558796098e-146,0.999999999999999,0.0,0.0
1.0064587800112365e-146,0.999999999999999,0.0,0.0
9.431197856061306e-147,0.999999999999999,0.0,0.0
8.837668741802056e-147,0.999999999999999,0.0,0.0
8.281491914585217e-147,0.999999999999999,0.0,0.0
7.760316700595843e-147,0.999999999999999,0.0,0.0
7.271940359862442e-147,0.999999999999999,0.0,0.0
6.814298776406388e-147,0.999999999999999,0.0,0.0
6.385457734283724e-147,0.999999999999999,0.0,0.0
5.983604742647721e-147,0.999999999999999,0.0,0.0
5.607041375280905e-147,0.999999999999999,0.0,0.0
5.254176092219687e-147,0.999999999999999,0.0,0.0
4.923517513132297e-147,0.999999999999999,0.0,0.0
4.6136681140200493e-147,0.999999999999999,0.0,0.0
4.323318320601119e-147,0.999999999999999,0.0,0.0
4.0512409734126044e-147,0.999999999999999,0.0,0.0
3.7962861412377073e-147,0.999999999999999,0.0,0.0
3.5573762609370435e-147,0.999999999999999,0.0,0.0
3.333501583142656e-147,0.999999999999999,0.0,0.0
3.1237159045660064e-147,0.999999999999999,0.0,0.0
2.927132568882614e-147,0.999999999999999,0.0,0.0
2.7429207192911297e-147,0.999999999999999,0.0,0.0
2.570301786908335e-147,0.999999999999999,0.0,0.0
2.408546200158321e-147,0.999999999999999,0.0,0.0
2.2569703012481207e-147,0.999999999999999,0.0,0.0
2.1149334566973197e-147,0.999999999999999,0.0,0.0
1.9818353497093443e-147,0.999999999999999,0.0,0.0
1.8571134429406643e-147,0.999999999999999,0.0,0.0
1.7402406009443407e-147,0.999999999999999,0.0,0.0
1.630722862239214e-147,0.999999999999999,0.0,0.0
1.5280973515884003e-147,0.999999999999999,0.0,0.0
1.4319303236633877e-147,0.999999999999999,0.0,0.0
1.3418153298252853e-147,0.999999999999999,0.0,0.0
1.2573715002751668e-147,0.999999999999999,0.0,0.0
1.1782419343130325e-147,0.999999999999999,0.0,0.0
1.104092191901842e-147,0.999999999999999,0.0,0.0
1.034608880161235e-147,0.999999999999999,0.0,0.0
9.69498328816774e-148,0.999999999999999,0.0,0.0
9.084853490065132e-148,0.999999999999999,0.0,0.0
8.513120701990079e-148,0.999999999999999,0.0,0.0
7.977368503070098e-148,0.999999999999999,0.0,0.0
7.475332543904654e-148,0.999999999999999,0.0,0.0
7.004890976323121e-148,0.999999999999999,0.0,0.0
6.56405548542229e-148,0.999999999999999,0.0,0.0
6.1509628859803865e-148,0.999999999999999,0.0,0.0
5.7638672477300294e-148,0.999999999999999,0.0,0.0
5.401132516207622e-148,0.999999999999999,0.0,0.0
5.061225597991368e-148,0.999999999999999,0.0,0.0
4.7427098811027194e-148,0.999999999999999,0.0,0.0
4.4442391631853386e-148,0.999999999999999,0.0,0.0
4.1645519617991024e-148,0.999999999999999,0.0,0.0
3.9024661827816835e-148,0.999999999999999,0.0,0.0
3.656874124143609e-148,0.999999999999999,0.0,0.0
3.426737794380832e-148,0.999999999999999,0.0,0.0
3.211084525417717e-148,0.999999999999999,0.0,0.0
3.0090028616386162e-148,0.999999999999999,0.0,0.0
2.8196387076330765e-148,0.999999999999999,0.0,0.0
2.642191718373171e-148,0.999999999999999,0.0,0.0
2.4759119165660997e-148,0.999999999999999,0.0,0.0
2.320096522885333e-148,0.999999999999999,0.0,0.0
2.1740869856833238e-148,0.999999999999999,0.0,0.0
2.0372661976319024e-148,0.999999999999999,0.0,0.0
1.9090558875265273e-148,0.999999999999999,0.0,0.0
1.788914176230882e-148,0.999999999999999,0.0,0.0
1.6763332864320594e-148,0.999999999999999,0.0,0.0
1.5708373965266356e-148,0.999999999999999,0.0,0.0
1.4719806295671173e-148,0.999999999999999,0.0,0.0
1.3793451687690757e-148,0.999999999999999,0.0,0.0
1.2925394916141715e-148,0.999999999999999,0.0,0.0
1.2111967150855445e-148,0.999999999999999,0.0,0.0
1.1349730450417207e-148,0.999999999999999,0.0,0.0
1.063546323175336e-148,0.999999999999999,0.0,0.0
9.966146654154212e-149,0.999999999999999,0.0,0.0
9.338951860184717e-149,0.999999999999999,0.0,0.0
8.751228019556899e-149,0.999999999999999,0.0,0.0
8.200491125431606e-149,0.999999999999999,0.0,0.0
7.684413495797302e-149,0.999999999999999,0.0,0.0
7.200813935553621e-149,0.999999999999999,0.0,0.0
6.747648517719871e-149,0.999999999999999,0.0,0.0
6.323001944805371e-149,0.999999999999999,0.0,0.0
5.9250794538306e-149,0.999999999999999,0.0,0.0
5.552199230785803e-149,0.999999999999999,0.0,0.0
5.202785302466903e-149,0.999999999999999,0.0,0.0
4.8753608756461254e-149,0.999999999999999,0.0,0.0
4.5685420954254646e-149,0.999999999999999,0.0,0.0
4.281032196392726e-149,0.999999999999999,0.0,0.0
4.011616021860104e-149,0.999999999999999,0.0,0.0
3.7591548880209285e-149,0.999999999999999,0.0,0.0
3.5225817713180016e-149,0.999999999999999,0.0,0.0
3.3008967986830093e-149,0.999999999999999,0.0,0.0
3.0931630215865635e-149,0.999999999999999,0.0,0.0
2.8985024560379532e-149,0.999999999999999,0.0,0.0
2.7160923717977187e-149,0.999999999999999,0.0,0.0
2.5451618151194557e-149,0.999999999999999,0.0,0.0
2.3849883503242652e-149,0.999999999999999,0.0,0.0
2.234895006436158e-149,0.999999999999999,0.0,0.0
2.0942474159734085e-149,0.999999999999999,0.0,0.0
1.962451133802999e-149,0.999999999999999,0.0,0.0
1.838949124726329e-149,0.999999999999999,0.0,0.0
1.7232194091775067e-149,0.999999999999999,0.0,0.0
1.614772857083793e-149,0.999999999999999,0.0,0.0
1.5131511205639872e-149,0.999999999999999,0.0,0.0
1.417924696727323e-149,0.999999999999999,0.0,0.0
1.3286911123853287e-149,0.999999999999999,0.0,0.0
1.2450732230043561e-149,0.999999999999999,0.0,0.0
1.1667176187093253e-149,0.999999999999999,0.0,0.0
1.0932931306016818e-149,0.999999999999999,0.0,0.0
1.0244894310785405e-149,0.999999999999999,0.0,0.0
9.60015722237281e-150,0.999999999999999,0.0,0.0
8.99599506822158e-150,0.999999999999999,0.0,0.0
8.429854365183464e-150,0.999999999999999,0.0,0.0
7.899342327257529e-150,0.999999999999999,0.0,0.0
7.402216752512585e-150,0.999999999999999,0.0,0.0
6.93637654645115e-150,0.999999999999999,0.0,0.0
6.49985284176205e-150,0.999999999999999,0.0,0.0
6.090800676929446e-150,0.999999999999999,0.0,0.0
5.707491198528013e-150,0.999999999999999,0.0,0.0
5.348304354247395e-150,0.999999999999999,0.0,0.0
5.011722045763091e-150,0.999999999999999,0.0,0.0
4.696321712514481e-150,0.999999999999999,0.0,0.0
4.400770319271917e-150,0.999999999999999,0.0,0.0
4.123818722081411e-150,0.999999999999999,0.0,0.0
3.864296388774657e-150,0.999999999999999,0.0,0.0
3.621106451730701e-150,0.999999999999999,0.0,0.0
3.3932210719798257e-150,0.999999999999999,0.0,0.0
3.1796770950560834e-150,0.999999999999999,0.0,0.0
2.9795719802380163e-150,0.999999999999999,0.0,0.0
2.7920599859725393e-150,0.999999999999999,0.0,0.0
2.6163485953597414e-150,0.999999999999999,0.0,0.0
2.451695166590958e-150,0.999999999999999,0.0,0.0
2.2974037941832413e-150,0.999999999999999,0.0,0.0
2.15282236774428e-150,0.999999999999999,0.0,0.0
2.0173398158366705e-150,0.999999999999999,0.0,0.0
1.8903835232927775e-150,0.999999999999999,0.0,0.0
1.7714169110644966e-150,0.999999999999999,0.0,0.0
1.6599371683791863e-150,0.999999999999999,0.0,0.0
1.5554731276167592e-150,0.999999999999999,0.0,0.0
1.4575832729261275e-150,0.999999999999999,0.0,0.0
1.3658538741644483e-150,0.999999999999999,0.0,0.0
1.2798972382722876e-150,0.999999999999999,0.0,0.0
1.1993500706941641e-150,0.999999999999999,0.0,0.0
1.1238719399190392e-150,0.999999999999999,0.0,0.0
1.0531438386511534e-150,0.999999999999999,0.0,0.0
9.868668355300197e-151,0.999999999999999,0.0,0.0
9.24760811701083e-151,0.999999999999999,0.0,0.0
8.665632768971816e-151,0.999999999999999,0.0,0.0
8.120282600269944e-151,0.999999999999999,0.0,0.0
7.609252695815601e-151,0.999999999999999,0.0,0.0
7.130383194650417e-151,0.999999999999999,0.0,0.0
6.681650161324222e-151,0.999999999999999,0.0,0.0
6.261157031759329e-151,0.999999999999999,0.0,0.0
5.867126597448184e-151,0.999999999999999,0.0,0.0
5.497893494105721e-151,0.999999999999999,0.0,0.0
5.151897163029804e-151,0.999999999999999,0.0,0.0
4.827675255421047e-151,0.999999999999999,0.0,0.0
4.523857451785445e-151,0.999999999999999,0.0,0.0
4.2391596702976274e-151,0.999999999999999,0.0,0.0
3.9723786396464424e-151,0.999999999999999,0.0,0.0
3.7223868134250854e-151,0.999999999999999,0.0,0.0
3.488127604571506e-151,0.999999999999999,0.0,0.0
3.268610919717524e-151,0.999999999999999,0.0,0.0
3.062908974572642e-151,0.999999999999999,0.0,0.0
2.870152372656328e-151,0.999999999999999,0.0,0.0
2.689526430805584e-151,0.999999999999999,0.0,0.0
2.5202677359276106e-151,0.999999999999999,0.0,0.0
2.361660918444727e-151,0.999999999999999,0.0,0.0
2.213035628794556e-151,0.999999999999999,0.0,0.0
2.0737637042066924e-151,0.999999999999999,0.0,0.0
1.9432565137812753e-151,0.999999999999999,0.0,0.0
1.820962470648477e-151,0.999999999999999,0.0,0.0
1.7063647006940792e-151,0.999999999999999,0.0,0.0
1.5989788579980416e-151,0.999999999999999,0.0,0.0
1.4983510777530427e-151,0.999999999999999,0.0,0.0
1.4040560580110273e-151,0.999999999999999,0.0,0.0
1.3156952621502941e-151,0.999999999999999,0.0,0.0
1.2328952344658704e-151,0.999999999999999,0.0,0.0
1.155306021764041e-151,0.999999999999999,0.0,0.0
1.0825996942899235e-151,0.999999999999999,0.0,0.0
1.0144689597368075e-151,0.999999999999999,0.0,0.0
9.506258644793884e-152,0.999999999999999,0.0,0.0
8.90800576541678e-152,0.999999999999999,0.0,0.0
8.34740245155818e-152,0.999999999999999,0.0,0.0
7.822079320917391e-152,0.999999999999999,0.0,0.0
7.3298161024094776e-152,0.999999999999999,0.0,0.0
6.868532252219621e-152,0.999999999999999,0.0,0.0
6.43627816041293e-152,0.999999999999999,0.0,0.0
6.031226910934489e-152,0.999999999999999,0.0,0.0
5.6516665601734385e-152,0.999999999999999,0.0,0.0
5.2959929014565335e-152,0.999999999999999,0.0,0.0
4.9627026848903965e-152,0.999999999999999,0.0,0.0
4.650387263896238e-152,0.999999999999999,0.0,0.0
4.357726641584204e-152,0.999999999999999,0.0,0.0
4.083483891804425e-152,0.999999999999999,0.0,0.0
3.826499931295429e-152,0.999999999999999,0.0,0.0
3.585688620834455e-152,0.999999999999999,0.0,0.0
3.3600321746847683e-152,0.999999999999999,0.0,0.0
3.1485768589380483e-152,0.999999999999999,0.0,0.0
2.9504289605709676e-152,0.999999999999999,0.0,0.0
2.764751010179218e-152,0.999999999999999,0.0,0.0
2.59075824242444e-152,0.999999999999999,0.0,0.0
2.427715279234163e-152,0.999999999999999,0.0,0.0
2.274933021736359e-152,0.999999999999999,0.0,0.0
2.1317657377924093e-152,0.999999999999999,0.0,0.0
1.997608332818981e-152,0.999999999999999,0.0,0.0
1.8718937923639796e-152,0.999999999999999,0.0,0.0
1.754090785627657e-152,0.999999999999999,0.0,0.0
1.6437014198001989e-152,0.999999999999999,0.0,0.0
1.5402591357245142e-152,0.999999999999999,0.0,0.0
1.4433267359902908e-152,0.999999999999999,0.0,0.0
1.3524945371250694e-152,0.999999999999999,0.0,0.0
1.2673786380726067e-152,0.999999999999999,0.0,0.0
1.187619297640269e-152,0.999999999999999,0.0,0.0
1.112879414057761e-152,0.999999999999999,0.0,0.0
1.0428431002210681e-152,0.999999999999999,0.0,0.0
9.77214348599896e-153,0.999999999999999,0.0,0.0
9.157157801658593e-153,0.999999999999999,0.0,0.0
8.580874720537825e-153,0.999999999999999,0.0,0.0
8.040858590012349e-153,0.999999999999999,0.0,0.0
7.534827039232541e-153,0.999999999999999,0.0,0.0
7.060641332714027e-153,0.999999999999999,0.0,0.0
6.61629733100117e-153,0.999999999999999,0.0,0.0
6.199917020198853e-153,0.999999999999999,0.0,0.0
5.809740574572226e-153,0.999999999999999,0.0,0.0
5.444118918667115e-153,0.999999999999999,0.0,0.0
5.101506757514983e-153,0.999999999999999,0.0,0.0
4.780456045464715e-153,0.999999999999999,0.0,0.0
4.4796098660373136e-153,0.999999999999999,0.0,0.0
4.19769669693681e-153,0.999999999999999,0.0,0.0
3.9335250359785306e-153,0.999999999999999,0.0,0.0
3.6859783652212777e-153,0.999999999999999,0.0,0.0
3.4540104320193983e-153,0.999999999999999,0.0,0.0
3.23664082705017e-153,0.999999999999999,0.0,0.0
3.0329508406271004e-153,0.999999999999999,0.0,0.0
2.8420795797859e-153,0.999999999999999,0.0,0.0
2.663220329732048e-153,0.999999999999999,0.0,0.0
2.4956171442716567e-153,0.999999999999999,0.0,0.0
2.33856165081514e-153,0.999999999999999,0.0,0.0
2.1913900564500714e-153,0.999999999999999,0.0,0.0
2.0534803424294478e-153,0.999999999999999,0.0,0.0
1.9242496352178904e-153,0.999999999999999,0.0,0.0
1.803151742984557e-153,0.999999999999999,0.0,0.0
1.6896748471307788e-153,0.999999999999999,0.0,0.0
1.5833393390956958e-153,0.999999999999999,0.0,0.0
1.483695793297182e-153,0.999999999999999,0.0,0.0
1.3903230676407172e-153,0.999999999999999,0.0,0.0
1.3028265235680413e-153,0.999999999999999,0.0,0.0
1.2208363581226384e-153,0.999999999999999,0.0,0.0
1.14400604098256e-153,0.999999999999999,0.0,0.0
1.0720108498547199e-153,0.999999999999999,0.0,0.0
1.0045464980405275e-153,0.999999999999999,0.0,0.0
9.413278483722845e-154,0.999999999999999,0.0,0.0
8.820877080848137e-154,0.999999999999999,0.0,0.0
8.265756995288618e-154,0.999999999999999,0.0,0.0
7.745572019533619e-154,0.999999999999999,0.0,0.0
7.258123598840118e-154,0.999999999999999,0.0,0.0
6.801351539070946e-154,0.999999999999999,0.0,0.0
6.373325299312212e-154,0.999999999999999,0.0,0.0
5.972235832468325e-154,0.999999999999999,0.0,0.0
5.596387939348986e-154,0.999999999999999,0.0,0.0
5.244193103932805e-154,0.999999999999999,0.0,0.0
4.9141627795258924e-154,0.999999999999999,0.0,0.0
4.604902097439444e-154,0.999999999999999,0.0,0.0
4.315103971596157e-154,0.999999999999999,0.0,0.0
4.0435435741486557e-154,0.999999999999999,0.0,0.0
3.789073158761208e-154,0.999999999999999,0.0,0.0
3.550617209675411e-154,0.999999999999999,0.0,0.0
3.327167896057428e-154,0.999999999999999,0.0,0.0
3.117780812414642e-154,0.999999999999999,0.0,0.0
2.9215709870786527e-154,0.999999999999999,0.0,0.0
2.7377091418845275e-154,0.999999999999999,0.0,0.0
2.565418187237885e-154,0.999999999999999,0.0,0.0
2.4039699377562687e-154,0.999999999999999,0.0,0.0
2.2526820346035064e-154,0.999999999999999,0.0,0.0
2.1109150615093465e-154,0.999999999999999,0.0,0.0
1.9780698422852653e-154,0.999999999999999,0.0,0.0
1.853584908414435e-154,0.999999999999999,0.0,0.0
1.7369341260126566e-154,0.999999999999999,0.0,0.0
1.6276244721306317e-154,0.999999999999999,0.0,0.0
1.5251939509991608e-154,0.999999999999999,0.0,0.0
1.4292096414102885e-154,0.999999999999999,0.0,0.0
1.3392658669816936e-154,0.999999999999999,0.0,0.0
1.254982481570961e-154,0.999999999999999,0.0,0.0
1.1760032625930697e-154,0.999999999999999,0.0,0.0
1.1019944054504679e-154,0.999999999999999,0.0,0.0
1.0326431127124723e-154,0.999999999999999,0.0,0.0
9.676562720811687e-155,0.999999999999999,0.0,0.0
9.067592175562627e-155,0.999999999999999,0.0,0.0
8.496945685629547e-155,0.999999999999999,0.0,0.0
7.962211421364327e-155,0.999999999999999,0.0,0.0
7.46112933565344e-155,0.999999999999999,0.0,0.0
6.991581611859479e-155,0.999999999999999,0.0,0.0
6.551583712897869e-155,0.999999999999999,0.0,0.0
6.139275993617813e-155,0.999999999999999,0.0,0.0
5.75291584103728e-155,0.999999999999999,0.0,0.0
5.390870309212879e-155,0.999999999999999,0.0,0.0
5.05160921761599e-155,0.999999999999999,0.0,0.0
4.7336986838455086e-155,0.999999999999999,0.0,0.0
4.435795063343336e-155,0.999999999999999,0.0,0.0
4.15663927049888e-155,0.999999999999999,0.0,0.0
3.895051457140808e-155,0.999999999999999,0.0,0.0
3.6499260259247518e-155,0.999999999999999,0.0,0.0
3.4202269575411293e-155,0.999999999999999,0.0,0.0
3.204983431993594e-155,0.999999999999999,0.0,0.0
3.003285725441486e-155,0.999999999999999,0.0,0.0
2.814281365264362e-155,0.999999999999999,0.0,0.0
2.637171527098031e-155,0.999999999999999,0.0,0.0
2.4712076586142156e-155,0.999999999999999,0.0,0.0
2.3156883157742902e-155,0.999999999999999,0.0,0.0
2.1699561981855704e-155,0.999999999999999,0.0,0.0
2.0333953710301197e-155,0.999999999999999,0.0,0.0
1.9054286618245952e-155,0.999999999999999,0.0,0.0
1.78551522100858e-155,0.999999999999999,0.0,0.0
1.6731482360512515e-155,0.999999999999999,0.0,0.0
1.5678527894150965e-155,0.999999999999999,0.0,0.0
1.4691838513233807e-155,0.999999999999999,0.0,0.0
1.3767243988478364e-155,0.999999999999999,0.0,0.0
1.2900836533669112e-155,0.999999999999999,0.0,0.0
1.2088954289452285e-155,0.999999999999999,0.0,0.0
1.1328165846536969e-155,0.999999999999999,0.0,0.0
1.0615255742890294e-155,0.999999999999999,0.0,0.0
9.94721087363078e-156,0.999999999999999,0.0,0.0
9.321207756181425e-156,0.999999999999999,0.0,0.0
8.734600596858901e-156,0.999999999999999,0.0,0.0
8.184910108462443e-156,0.999999999999999,0.0,0.0
7.66981303160013e-156,0.999999999999999,0.0,0.0
7.187132315464588e-156,0.999999999999999,0.0,0.0
6.734827916557279e-156,0.999999999999999,0.0,0.0
6.310988176472335e-156,0.999999999999999,0.0,0.0
5.913821742298242e-156,0.999999999999999,0.0,0.0
5.541649995489059e-156,0.999999999999999,0.0,0.0
5.192899957205903e-156,0.999999999999999,0.0,0.0
4.866097640143235e-156,0.999999999999999,0.0,0.0
4.559861818741498e-156,0.999999999999999,0.0,0.0
4.272898191456038e-156,0.999999999999999,0.0,0.0
4.0039939104091783e-156,0.999999999999999,0.0,0.0
3.752012455305122e-156,0.999999999999999,0.0,0.0
3.515888829942337e-156,0.999999999999999,0.0,0.0
3.294625061021562e-156,0.999999999999999,0.0,0.0
3.0872859802251915e-156,0.999999999999999,0.0,0.0
2.892995271741073e-156,0.999999999999999,0.0,0.0
2.710931768525611e-156,0.999999999999999,0.0,0.0
2.540325981652402e-156,0.999999999999999,0.0,0.0
2.380456848077721e-156,0.999999999999999,0.0,0.0
2.230648683077355e-156,0.999999999999999,0.0,0.0
2.0902683244742777e-156,0.999999999999999,0.0,0.0
1.9587224565873006e-156,0.999999999999999,0.0,0.0
1.8354551025903955e-156,0.999999999999999,0.0,0.0
1.7199452746841813e-156,0.999999999999999,0.0,0.0
1.6117047721480583e-156,0.999999999999999,0.0,0.0
1.5102761179664846e-156,0.999999999999999,0.0,0.0
1.4152306253085776e-156,0.999999999999999,0.0,0.0
1.3261665856890378e-156,0.999999999999999,0.0,0.0
1.2427075711526864e-156,0.999999999999999,0.0,0.0
1.1645008433068188e-156,0.999999999999999,0.0,0.0
1.0912158624771737e-156,0.999999999999999,0.0,0.0
1.0225428906864831e-156,0.999999999999999,0.0,0.0
9.581916825511148e-157,0.999999999999999,0.0,0.0
8.978902585628952e-157,0.999999999999999,0.0,0.0
8.413837555714071e-157,0.999999999999999,0.0,0.0
7.884333496083439e-157,0.999999999999999,0.0,0.0
7.388152465012458e-157,0.999999999999999,0.0,0.0
6.923197360104665e-157,0.999999999999999,0.0,0.0
6.48750305491691e-157,0.999999999999999,0.0,0.0
6.079228093379089e-157,0.999999999999999,0.0,0.0
5.696646906905062e-157,0.999999999999999,0.0,0.0
5.338142521300423e-157,0.999999999999999,0.0,0.0
5.002199722643005e-157,0.999999999999999,0.0,0.0
4.687398653251798e-157,0.999999999999999,0.0,0.0
4.392408810677717e-157,0.999999999999999,0.0,0.0
4.1159834243530555e-157,0.999999999999999,0.0,0.0
3.856954186132593e-157,0.999999999999999,0.0,0.0
3.61422631245507e-157,0.999999999999999,0.0,0.0
3.386773917255316e-157,0.999999999999999,0.0,0.0
3.173635676070716e-157,0.999999999999999,0.0,0.0
2.97391076301641e-157,0.999999999999999,0.0,0.0
2.7867550434569093e-157,0.999999999999999,0.0,0.0
2.6113775062825136e-157,0.999999999999999,0.0,0.0
2.4470369207115868e-157,0.999999999999999,0.0,0.0
2.2930387034887133e-157,0.999999999999999,0.0,0.0
2.148731983237993e-157,0.999999999999999,0.0,0.0
2.0135068495640003e-157,0.999999999999999,0.0,0.0
1.886791775273772e-157,0.999999999999999,0.0,0.0
1.76805120082488e-157,0.999999999999999,0.0,0.0
1.6567832707902913e-157,0.999999999999999,0.0,0.0
1.552517712773213e-157,0.999999999999999,0.0,0.0
1.4548138498071884e-157,0.999999999999999,0.0,0.0
1.363258737840875e-157,0.999999999999999,0.0,0.0
1.2774654204356148e-157,0.999999999999999,0.0,0.0
1.197071293299296e-157,0.999999999999999,0.0,0.0
1.121736571744231e-157,0.999999999999999,0.0,0.0
1.0511428545917837e-157,0.999999999999999,0.0,0.0
9.849917784541075e-158,0.999999999999999,0.0,0.0
9.230037567053346e-158,0.999999999999999,0.0,0.0
8.649167978124943e-158,0.999999999999999,0.0,0.0
8.104853980318536e-158,0.999999999999999,0.0,0.0
7.594795037906741e-158,0.999999999999999,0.0,0.0
7.116835393689092e-158,0.999999999999999,0.0,0.0
6.668954957713462e-158,0.999999999999999,0.0,0.0
6.249260769393301e-158,0.999999999999999,0.0,0.0
5.855978996935385e-158,0.999999999999999,0.0,0.0
5.4874474402638175e-158,0.999999999999999,0.0,0.0
5.1421085057539496e-158,0.999999999999999,0.0,0.0
4.8185026230840606e-158,0.999999999999999,0.0,0.0
4.515262076381192e-158,0.999999999999999,0.0,0.0
4.2311052235885694e-158,0.999999999999999,0.0,0.0
3.964831079622834e-158,0.999999999999999,0.0,0.0
3.71531424042688e-158,0.999999999999999,0.0,0.0
3.481500126464874e-158,0.999999999999999,0.0,0.0
3.2624005255561593e-158,0.999999999999999,0.0,0.0
3.0570894162098744e-158,0.999999999999999,0.0,0.0
2.8646990538076865e-158,0.999999999999999,0.0,0.0
2.6844163030929363e-158,0.999999999999999,0.0,0.0
2.5154792014655056e-158,0.999999999999999,0.0,0.0
2.3571737385572234e-158,0.999999999999999,0.0,0.0
2.2088308384767335e-158,0.999999999999999,0.0,0.0
2.0698235319693162e-158,0.999999999999999,0.0,0.0
1.9395643065398387e-158,0.999999999999999,0.0,0.0
1.8175026233391633e-158,0.999999999999999,0.0,0.0
1.7031225903191728e-158,0.999999999999999,0.0,0.0
1.595940781822027e-158,0.999999999999999,0.0,0.0
1.495504195388177e-158,0.999999999999999,0.0,0.0
1.4013883371476175e-158,0.999999999999999,0.0,0.0
1.3131954277023021e-158,0.999999999999999,0.0,0.0
1.2305527209169154e-158,0.999999999999999,0.0,0.0
1.1531109285123877e-158,0.999999999999999,0.0,0.0
1.0805427438037234e-158,0.999999999999999,0.0,0.0
1.0125414583427354e-158,0.999999999999999,0.0,0.0
9.488196656189518e-159,0.999999999999999,0.0,0.0
8.891080463398967e-159,0.999999999999999,0.0,0.0
8.331542301567555e-159,0.999999999999999,0.0,0.0
7.807217290245185e-159,0.999999999999999,0.0,0.0
7.315889376884675e-159,0.999999999999999,0.0,0.0
6.855481970725727e-159,0.999999999999999,0.0,0.0
6.424049166112255e-159,0.999999999999999,0.0,0.0
6.019767518148525e-159,0.999999999999999,0.0,0.0
5.640928335934038e-159,0.999999999999999,0.0,0.0
5.285930460804627e-159,0.999999999999999,0.0,0.0
4.953273499057077e-159,0.999999999999999,0.0,0.0
4.641551480555502e-159,0.999999999999999,0.0,0.0
4.3494469164176306e-159,0.999999999999999,0.0,0.0
4.075725230665924e-159,0.999999999999999,0.0,0.0
3.8192295423089545e-159,0.999999999999999,0.0,0.0
3.578875775799589e-159,0.999999999999999,0.0,0.0
3.353648079204396e-159,0.999999999999999,0.0,0.0
3.1425945307192317e-159,0.999999999999999,0.0,0.0
2.9448231153846473e-159,0.999999999999999,0.0,0.0
2.7594979549967647e-159,0.999999999999999,0.0,0.0
2.5858357752793903e-159,0.999999999999999,0.0,0.0
2.423102595385907e-159,0.999999999999999,0.0,0.0
2.27061062573919e-159,0.999999999999999,0.0,0.0
2.1277153610982846e-159,0.999999999999999,0.0,0.0
1.993812856565752e-159,0.999999999999999,0.0,0.0
1.8683371750227518e-159,0.999999999999999,0.0,0.0
1.7507579952034888e-159,0.999999999999999,0.0,0.0
1.6405783702995757e-159,0.999999999999999,0.0,0.0
1.5373326276210901e-159,0.999999999999999,0.0,0.0
1.4405844004372687e-159,0.999999999999999,0.0,0.0
1.3499247836784383e-159,0.999999999999999,0.0,0.0
1.2649706057042864e-159,0.999999999999999,0.0,0.0
1.1853628088341227e-159,0.999999999999999,0.0,0.0
1.110764931794462e-159,0.999999999999999,0.0,0.0
1.0408616876700165e-159,0.999999999999999,0.0,0.0
9.75357631347825e-160,0.999999999999999,0.0,0.0
9.139759108224922e-160,0.999999999999999,0.0,0.0
8.564570970849429e-160,0.999999999999999,0.0,0.0
8.025580876492354e-160,0.999999999999999,0.0,0.0
7.520510790832016e-160,0.999999999999999,0.0,0.0
7.047226042003327e-160,0.999999999999999,0.0,0.0
6.603726298436102e-160,0.999999999999999,0.0,0.0
6.188137114480824e-160,0.999999999999999,0.0,0.0
5.79870200808953e-160,0.999999999999999,0.0,0.0
5.433775037068264e-160,0.999999999999999,0.0,0.0
5.091813842524729e-160,0.999999999999999,0.0,0.0
4.7713731301093504e-160,0.999999999999999,0.0,0.0
4.4710985614983094e-160,0.999999999999999,0.0,0.0
4.189721030301e-160,0.999999999999999,0.0,0.0
3.926051298199078e-160,0.999999999999999,0.0,0.0
3.678974968646849e-160,0.999999999999999,0.0,0.0
3.447447776889383e-160,0.999999999999999,0.0,0.0
3.2304911763916925e-160,0.999999999999999,0.0,0.0
3.0271882030250806e-160,0.999999999999999,0.0,0.0
2.8366795995306906e-160,0.999999999999999,0.0,0.0
2.6581601838803583e-160,0.999999999999999,0.0,0.0
2.4908754461856925e-160,0.999999999999999,0.0,0.0
2.334118359772268e-160,0.999999999999999,0.0,0.0
2.1872263929409788e-160,0.999999999999999,0.0,0.0
2.0495787087867983e-160,0.999999999999999,0.0,0.0
1.920593541240024e-160,0.999999999999999,0.0,0.0
1.7997257362398767e-160,0.999999999999999,0.0,0.0
1.6864644476482566e-160,0.999999999999999,0.0,0.0
1.5803309781654725e-160,0.999999999999999,0.0,0.0
1.4808767561225976e-160,0.999999999999999,0.0,0.0
1.3876814395993981e-160,0.999999999999999,0.0,0.0
1.3003511398549076e-160,0.999999999999999,0.0,0.0
1.2185167565620087e-160,0.999999999999999,0.0,0.0
1.1418324178099068e-160,0.999999999999999,0.0,0.0
1.0699740182811922e-160,0.999999999999999,0.0,0.0
1.002637849425112e-160,0.999999999999999,0.0,0.0
9.395393158375015e-161,0.999999999999999,0.0,0.0
8.804117324221686e-161,0.999999999999999,0.0,0.0
8.250051972499535e-161,0.999999999999999,0.0,0.0
7.730855353516147e-161,0.999999999999999,0.0,0.0
7.244333089804984e-161,0.999999999999999,0.0,0.0
6.788428901618799e-161,0.999999999999999,0.0,0.0
6.361215916091173e-161,0.999999999999999,0.0,0.0
5.9608885233344915e-161,0.999999999999999,0.0,0.0
5.585754745054245e-161,0.999999999999999,0.0,0.0
5.2342290834257236e-161,0.999999999999999,0.0,0.0
4.904825820008972e-161,0.999999999999999,0.0,0.0
4.596152736379955e-161,0.999999999999999,0.0,0.0
4.306905229938279e-161,0.999999999999999,0.0,0.0
4.0358608000219974e-161,0.999999999999999,0.0,0.0
3.7818738810251505e-161,0.999999999999999,0.0,0.0
3.5438710006802706e-161,0.999999999999999,0.0,0.0
3.3208462430424086e-161,0.999999999999999,0.0,0.0
3.111856996999037e-161,0.999999999999999,0.0,0.0
2.9160199723369727e-161,0.999999999999999,0.0,0.0
2.7325074665282736e-161,0.999999999999999,0.0,0.0
2.5605438664567315e-161,0.999999999999999,0.0,0.0
2.399402370299561e-161,0.999999999999999,0.0,0.0
2.2484019157093545e-161,0.999999999999999,0.0,0.0
2.1069043013133095e-161,0.999999999999999,0.0,0.0
1.9743114893637855e-161,0.999999999999999,0.0,0.0
1.8500630781398773e-161,0.999999999999999,0.0,0.0
1.7336339334171433e-161,0.999999999999999,0.0,0.0
1.6245319689949302e-161,0.999999999999999,0.0,0.0
1.5222960669007215e-161,0.999999999999999,0.0,0.0
1.4264941284812833e-161,0.999999999999999,0.0,0.0
1.3367212481435673e-161,0.999999999999999,0.0,0.0
1.2525980020267156e-161,0.999999999999999,0.0,0.0
1.1737688443722599e-161,0.999999999999999,0.0,0.0
1.0999006048147969e-161,0.999999999999999,0.0,0.0
1.0306810802419583e-161,0.999999999999999,0.0,0.0
9.658177152721926e-162,0.999999999999999,0.0,0.0
9.05036365773414e-162,0.999999999999999,0.0,0.0
8.480801401965457e-162,0.999999999999999,0.0,0.0
7.947083138268749e-162,0.999999999999999,0.0,0.0
7.446953113643105e-162,0.999999999999999,0.0,0.0
6.978297535324379e-162,0.999999999999999,0.0,0.0
6.539135636868745e-162,0.999999999999999,0.0,0.0
6.127611306470203e-162,0.999999999999999,0.0,0.0
5.741985242129202e-162,0.999999999999999,0.0,0.0
5.380627600516338e-162,0.999999999999999,0.0,0.0
5.042011108461633e-162,0.999999999999999,0.0,0.0
4.724704607955206e-162,0.999999999999999,0.0,0.0
4.427367007377355e-162,0.999999999999999,0.0,0.0
4.1487416133930193e-162,0.999999999999999,0.0,0.0
3.8876508195544515e-162,0.999999999999999,0.0,0.0
3.642991129163539e-162,0.999999999999999,0.0,0.0
3.4137284913579814e-162,0.999999999999999,0.0,0.0
3.198893930709348e-162,0.999999999999999,0.0,0.0
2.9975794518615757e-162,0.999999999999999,0.0,0.0
2.808934201900916e-162,0.999999999999999,0.0,0.0
2.6321608742376345e-162,0.999999999999999,0.0,0.0
2.46651233880053e-162,0.999999999999999,0.0,0.0
2.311288484301822e-162,0.999999999999999,0.0,0.0
2.1658332592262912e-162,0.999999999999999,0.0,0.0
2.0295318990384508e-162,0.999999999999999,0.0,0.0
1.901808327888577e-162,0.999999999999999,0.0,0.0
1.7821227238359465e-162,0.999999999999999,0.0,0.0
1.6699692372987264e-162,0.999999999999999,0.0,0.0
1.5648738530875797e-162,0.999999999999999,0.0,0.0
1.4663923869868975e-162,0.999999999999999,0.0,0.0
1.3741086084162382e-162,0.999999999999999,0.0,0.0
1.287632481237426e-162,0.999999999999999,0.0,0.0
1.2065985152721042e-162,0.999999999999999,0.0,0.0
1.1306642215624547e-162,0.999999999999999,0.0,0.0
1.059508664846264e-162,0.999999999999999,0.0,0.0
9.928311071283914e-163,0.999999999999999,0.0,0.0
9.303497366157132e-163,0.999999999999999,0.0,0.0
8.718004766434006e-163,0.999999999999999,0.0,0.0
8.1693586955848e-163,0.999999999999999,0.0,0.0
7.65524030843419e-163,0.999999999999999,0.0,0.0
7.173476690593586e-163,0.999999999999999,0.0,0.0
6.722031674667954e-163,0.999999999999999,0.0,0.0
6.298997234421942e-163,0.999999999999999,0.0,0.0
5.902585420532878e-163,0.999999999999999,0.0,0.0
5.531120803847218e-163,0.999999999999999,0.0,0.0
5.183033394201954e-163,0.999999999999999,0.0,0.0
4.856852004882494e-163,0.999999999999999,0.0,0.0
4.551198034671965e-163,0.999999999999999,0.0,0.0
4.264779641211879e-163,0.999999999999999,0.0,0.0
3.996386281047926e-163,0.999999999999999,0.0,0.0
3.7448835932844886e-163,0.999999999999999,0.0,0.0
3.509208605223705e-163,0.999999999999999,0.0,0.0
3.288365239725784e-163,0.999999999999999,0.0,0.0
3.0814201053024837e-163,0.999999999999999,0.0,0.0
2.887498551150653e-163,0.999999999999999,0.0,0.0
2.705780970452474e-163,0.999999999999999,0.0,0.0
2.535499336318369e-163,0.999999999999999,0.0,0.0
2.3759339557317683e-163,0.999999999999999,0.0,0.0
2.2264104277763408e-163,0.999999999999999,0.0,0.0
2.08629679328967e-163,0.999999999999999,0.0,0.0
1.9550008638964272e-163,0.999999999999999,0.0,0.0
1.8319677191322368e-163,0.999999999999999,0.0,0.0
1.7166773610798627e-163,0.999999999999999,0.0,0.0
1.6086425166050643e-163,0.999999999999999,0.0,0.0
1.5074065779033064e-163,0.999999999999999,0.0,0.0
1.4125416726530672e-163,0.999999999999999,0.0,0.0
1.3236468556192763e-163,0.999999999999999,0.0,0.0
1.2403464140637172e-163,0.999999999999999,0.0,0.0
1.1622882798002377e-163,0.999999999999999,0.0,0.0
1.0891425411833363e-163,0.999999999999999,0.0,0.0
1.0206000487410688e-163,0.999999999999999,0.0,0.0
9.563711085589984e-164,0.999999999999999,0.0,0.0
8.961842578927973e-164,0.999999999999999,0.0,0.0
8.3978511783464e-164,0.999999999999999,0.0,0.0
7.869353181842007e-164,0.999999999999999,0.0,0.0
7.374114899802352e-164,0.999999999999999,0.0,0.0
6.910043214346963e-164,0.999999999999999,0.0,0.0
6.475176732793018e-164,0.999999999999999,0.0,0.0
6.067677497855776e-164,0.999999999999999,0.0,0.0
5.685823219547048e-164,0.999999999999999,0.0,0.0
5.3279999959399264e-164,0.999999999999999,0.0,0.0
4.992695492034187e-164,0.999999999999999,0.0,0.0
4.6784925478929285e-164,0.999999999999999,0.0,0.0
4.384063189035319e-164,0.999999999999999,0.0,0.0
4.1081630137704775e-164,0.999999999999999,0.0,0.0
3.849625933750602e-164,0.999999999999999,0.0,0.0
3.607359245514391e-164,0.999999999999999,0.0,0.0
3.3803390121906856e-164,0.999999999999999,0.0,0.0
3.1676057358431766e-164,0.999999999999999,0.0,0.0
2.9682603021653935e-164,0.999999999999999,0.0,0.0
2.7814601803862852e-164,0.999999999999999,0.0,0.0
2.606415862325346e-164,0.999999999999999,0.0,0.0
2.4423875255470022e-164,0.999999999999999,0.0,0.0
2.288681906511124e-164,0.999999999999999,0.0,0.0
2.1446493705040788e-164,0.999999999999999,0.0,0.0
2.0096811659664273e-164,0.999999999999999,0.0,0.0
1.883206851612716e-164,0.999999999999999,0.0,0.0
1.764691885469122e-164,0.999999999999999,0.0,0.0
1.6536353656390534e-164,0.999999999999999,0.0,0.0
1.5495679132480793e-164,0.999999999999999,0.0,0.0
1.4520496886204835e-164,0.999999999999999,0.0,0.0
1.360668532302843e-164,0.999999999999999,0.0,0.0
1.2750382230776892e-164,0.999999999999999,0.0,0.0
1.1947968456047717e-164,0.999999999999999,0.0,0.0
1.1196052607907826e-164,0.999999999999999,0.0,0.0
1.0491456724225807e-164,0.999999999999999,0.0,0.0
9.831202840058063e-165,0.999999999999999,0.0,0.0
9.212500401320388e-165,0.999999999999999,0.0,0.0
8.632734470548982e-165,0.999999999999999,0.0,0.0
8.089454674902744e-165,0.999999999999999,0.0,0.0
7.580364849695693e-165,0.999999999999999,0.0,0.0
7.103313333688077e-165,0.999999999999999,0.0,0.0
6.656283875119332e-165,0.999999999999999,0.0,0.0
6.237387110047371e-165,0.999999999999999,0.0,0.0
5.844852576977513e-165,0.999999999999999,0.0,0.0
5.477021234030995e-165,0.999999999999999,0.0,0.0
5.132338447026979e-165,0.999999999999999,0.0,0.0
4.8093474188422755e-165,0.999999999999999,0.0,0.0
4.506683032278069e-165,0.999999999999999,0.0,0.0
4.2230660804105923e-165,0.999999999999999,0.0,0.0
3.9572978600404225e-165,0.999999999999999,0.0,0.0
3.7082551053896664e-165,0.999999999999999,0.0,0.0
3.4748852406343917e-165,0.999999999999999,0.0,0.0
3.2562019312071845e-165,0.999999999999999,0.0,0.0
3.0512809150674826e-165,0.999999999999999,0.0,0.0
2.859256096320601e-165,0.999999999999999,0.0,0.0
2.679315884675179e-165,0.999999999999999,0.0,0.0
2.510699765267827e-165,0.999999999999999,0.0,0.0
2.352695084357374e-165,0.999999999999999,0.0,0.0
2.2046340373034964e-165,0.999999999999999,0.0,0.0
2.065890846099468e-165,0.999999999999999,0.0,0.0
1.9358791145299024e-165,0.999999999999999,0.0,0.0
1.8140493497751037e-165,0.999999999999999,0.0,0.0
1.6998866399871195e-165,0.999999999999999,0.0,0.0
1.5929084780218017e-165,0.999999999999999,0.0,0.0
1.4926627221289053e-165,0.999999999999999,0.0,0.0
1.3987256849811177e-165,0.999999999999999,0.0,0.0
1.3107003429653146e-165,0.999999999999999,0.0,0.0
1.2282146581676487e-165,0.999999999999999,0.0,0.0
1.150920005960351e-165,0.999999999999999,0.0,0.0
1.078489701544473e-165,0.999999999999999,0.0,0.0
1.010617619221015e-165,0.999999999999999,0.0,0.0
9.470168985548129e-166,0.999999999999999,0.0,0.0
8.874187319627997e-166,0.999999999999999,0.0,0.0
8.315712286024034e-166,0.999999999999999,0.0,0.0
7.792383497583174e-166,0.999999999999999,0.0,0.0
7.301989112280729e-166,0.999999999999999,0.0,0.0
6.842456484900073e-166,0.999999999999999,0.0,0.0
6.411843407025759e-166,0.999999999999999,0.0,0.0
6.008329898325993e-166,0.999999999999999,0.0,0.0
5.630210514430458e-166,0.999999999999999,0.0,0.0
5.2758871388928154e-166,0.999999999999999,0.0,0.0
4.943862228773227e-166,0.999999999999999,0.0,0.0
4.632732485293434e-166,0.999999999999999,0.0,0.0
4.341182922813511e-166,0.999999999999999,0.0,0.0
4.0679813110628977e-166,0.999999999999999,0.0,0.0
3.811972967135876e-166,0.999999999999999,0.0,0.0
3.5720758752399327e-166,0.999999999999999,0.0,0.0
3.347276113570697e-166,0.999999999999999,0.0,0.0
3.136623568985183e-166,0.999999999999999,0.0,0.0
2.939227921361485e-166,0.999999999999999,0.0,0.0
2.754254880672856e-166,0.999999999999999,0.0,0.0
2.5809226608722342e-166,0.999999999999999,0.0,0.0
2.418498675684115e-166,0.999999999999999,0.0,0.0
2.2662964423386006e-166,0.999999999999999,0.0,0.0
2.123672680161283e-166,0.999999999999999,0.0,0.0
1.9900245917562017e-166,0.999999999999999,0.0,0.0
1.864787315290829e-166,0.999999999999999,0.0,0.0
1.7474315371151944e-166,0.999999999999999,0.0,0.0
1.6374612546249277e-166,0.999999999999999,0.0,0.0
1.5344116799129778e-166,0.999999999999999,0.0,0.0
1.4378472753498302e-166,0.999999999999999,0.0,0.0
1.347359912789624e-166,0.999999999999999,0.0,0.0
1.262567148622081e-166,0.999999999999999,0.0,0.0
1.1831106073797741e-166,0.999999999999999,0.0,0.0
1.1086544670690777e-166,0.999999999999999,0.0,0.0
1.038884039823066e-166,0.999999999999999,0.0,0.0
9.735044418775124e-167,0.999999999999999,0.0,0.0
9.122393472486622e-167,0.999999999999999,0.0,0.0
8.548298198452098e-167,0.999999999999999,0.0,0.0
8.010332190784214e-167,0.999999999999999,0.0,0.0
7.506221743449792e-167,0.999999999999999,0.0,0.0
7.033836240482109e-167,0.999999999999999,0.0,0.0
6.59117915096141e-167,0.999999999999999,0.0,0.0
6.1763795907040744e-167,0.999999999999999,0.0,0.0
5.7876844149959866e-167,0.999999999999999,0.0,0.0
5.423450808950187e-167,0.999999999999999,0.0,0.0
5.082139344172039e-167,0.999999999999999,0.0,0.0
4.762307472386007e-167,0.999999999999999,0.0,0.0
4.462603428524932e-167,0.999999999999999,0.0,0.0
4.181760517513325e-167,0.999999999999999,0.0,0.0
3.918591760597804e-167,0.999999999999999,0.0,0.0
3.671984878597502e-167,0.999999999999999,0.0,0.0
3.4408975908711995e-167,0.999999999999999,0.0,0.0
3.2243532101323284e-167,0.999999999999999,0.0,0.0
3.0214365144934103e-167,0.999999999999999,0.0,0.0
2.8312898792931653e-167,0.999999999999999,0.0,0.0
2.6531096523575123e-167,0.999999999999999,0.0,0.0
2.4861427573745615e-167,0.999999999999999,0.0,0.0
2.3296835110277974e-167,0.999999999999999,0.0,0.0
2.1830706404351145e-167,0.999999999999999,0.0,0.0
2.0456844882879525e-167,0.999999999999999,0.0,0.0
1.9169443938780894e-167,0.999999999999999,0.0,0.0
1.796306238943033e-167,0.999999999999999,0.0,0.0
1.6832601479575686e-167,0.999999999999999,0.0,0.0
1.5773283331517682e-167,0.999999999999999,0.0,0.0
1.4780630751474619e-167,0.999999999999999,0.0,0.0
1.3850448306783606e-167,0.999999999999999,0.0,0.0
1.2978804593961327e-167,0.999999999999999,0.0,0.0
1.2162015622680555e-167,0.999999999999999,0.0,0.0
1.1396629245435008e-167,0.999999999999999,0.0,0.0
1.0679410567084749e-167,0.999999999999999,0.0,0.0
1.0007328272615762e-167,0.999999999999999,0.0,0.0
9.377541815328173e-168,0.999999999999999,0.0,0.0
8.787389411304148e-168,0.999999999999999,0.0,0.0
8.234376789414293e-168,0.999999999999999,0.0,0.0
7.716166649314544e-168,0.999999999999999,0.0,0.0
7.230568782877985e-168,0.999999999999999,0.0,0.0
6.775530817309908e-168,0.999999999999999,0.0,0.0
6.349129540822039e-168,0.999999999999999,0.0,0.0
5.949562774204006e-168,0.999999999999999,0.0,0.0
5.5751417539373575e-168,0.999999999999999,0.0,0.0
5.224283994659459e-168,0.999999999999999,0.0,0.0
4.895506600810577e-168,0.999999999999999,0.0,0.0
4.587419999195916e-168,0.999999999999999,0.0,0.0
4.298722065973359e-168,0.999999999999999,0.0,0.0
4.028192623244714e-168,0.999999999999999,0.0,0.0
3.774688281990383e-168,0.999999999999999,0.0,0.0
3.5371376095511816e-168,0.999999999999999,0.0,0.0
3.3145366012327387e-168,0.999999999999999,0.0,0.0
3.105944436893276e-168,0.999999999999999,0.0,0.0
2.9104795045800454e-168,0.999999999999999,0.0,0.0
2.7273156744083693e-168,0.999999999999999,0.0,0.0
2.555678806934889e-168,0.999999999999999,0.0,0.0
2.3948434812677124e-168,0.999999999999999,0.0,0.0
2.2441299290848535e-168,0.999999999999999,0.0,0.0
2.1029011616026432e-168,0.999999999999999,0.0,0.0
1.9705602773512748e-168,0.999999999999999,0.0,0.0
1.8465479393788418e-168,0.999999999999999,0.0,0.0
1.7303400112212966e-168,0.999999999999999,0.0,0.0
1.6214453416467983e-168,0.999999999999999,0.0,0.0
1.5194036888116917e-168,0.999999999999999,0.0,0.0
1.4237837750546013e-168,0.999999999999999,0.0,0.0
1.3341814641072448e-168,0.999999999999999,0.0,0.0
1.2502180530179785e-168,0.999999999999999,0.0,0.0
1.1715386715689103e-168,0.999999999999999,0.0,0.0
1.0978107824217363e-168,0.999999999999999,0.0,0.0
1.028722775653194e-168,0.999999999999999,0.0,0.0
9.639826517399473e-169,0.999999999999999,0.0,0.0
9.033167874265633e-169,0.999999999999999,0.0,0.0
8.464687792605353e-169,0.999999999999999,0.0,0.0
7.931983599065691e-169,0.999999999999999,0.0,0.0
7.432803826599496e-169,0.999999999999999,0.0,0.0
6.965038698670482e-169,0.999999999999999,0.0,0.0
6.526711212311319e-169,0.999999999999999,0.0,0.0
6.115968782347408e-169,0.999999999999999,0.0,0.0
5.73107541147078e-169,0.999999999999999,0.0,0.0
5.370404353071016e-169,0.999999999999999,0.0,0.0
5.032431235812778e-169,0.999999999999999,0.0,0.0
4.715727620901031e-169,0.999999999999999,0.0,0.0
4.4189549648038596e-169,0.999999999999999,0.0,0.0
4.1408589619163875e-169,0.999999999999999,0.0,0.0
3.880264243255156e-169,0.999999999999999,0.0,0.0
3.636069408777059e-169,0.999999999999999,0.0,0.0
3.407242372327007e-169,0.999999999999999,0.0,0.0
3.192815999539787e-169,0.999999999999999,0.0,0.0
2.991884020259796e-169,0.999999999999999,0.0,0.0
2.803597198202518e-169,0.999999999999999,0.0,0.0
2.6271597416688912e-169,0.999999999999999,0.0,0.0
2.4618259401424863e-169,0.999999999999999,0.0,0.0
2.3068970125541272e-169,0.999999999999999,0.0,0.0
2.1617181538931792e-169,0.999999999999999,0.0,0.0
2.0256757676830584e-169,0.999999999999999,0.0,0.0
1.8981948726240442e-169,0.999999999999999,0.0,0.0
1.7787366724426193e-169,0.999999999999999,0.0,0.0
1.6667962786763273e-169,0.999999999999999,0.0,0.0
1.5619005767695363e-169,0.999999999999999,0.0,0.0
1.463606226461188e-169,0.999999999999999,0.0,0.0
1.3714977880131992e-169,0.999999999999999,0.0,0.0
1.2851859663600428e-169,0.999999999999999,0.0,0.0
1.204305965758438e-169,0.999999999999999,0.0,0.0
1.1285159479830874e-169,0.999999999999999,0.0,0.0
1.0574955875520567e-169,0.999999999999999,0.0,0.0
9.909447178754704e-170,0.999999999999999,0.0,0.0
9.285820626054922e-170,0.999999999999999,0.0,0.0
8.701440468256565e-170,0.999999999999999,0.0,0.0
8.153836830550597e-170,0.999999999999999,0.0,0.0
7.640695273591231e-170,0.999999999999999,0.0,0.0
7.159847011549431e-170,0.999999999999999,0.0,0.0
6.709259745769028e-170,0.999999999999999,0.0,0.0
6.287029075284021e-170,0.999999999999999,0.0,0.0
5.8913704478937304e-170,0.999999999999999,0.0,0.0
5.520611617777129e-170,0.999999999999999,0.0,0.0
5.173185577768572e-170,0.999999999999999,0.0,0.0
4.8476239364232606e-170,0.999999999999999,0.0,0.0
4.542550711880729e-170,0.999999999999999,0.0,0.0
4.256676516296176e-170,0.999999999999999,0.0,0.0
3.988793106260229e-170,0.999999999999999,0.0,0.0
3.7377682761745695e-170,0.999999999999999,0.0,0.0
3.502541073000327e-170,0.999999999999999,0.0,0.0
3.2821173121544587e-170,0.999999999999999,0.0,0.0
3.075565375602093e-170,0.999999999999999,0.0,0.0
2.882012274385545e-170,0.999999999999999,0.0,0.0
2.7006399589483303e-170,0.999999999999999,0.0,0.0
2.5306818616598116e-170,0.999999999999999,0.0,0.0
2.3714196569275085e-170,0.999999999999999,0.0,0.0
2.2221802252037246e-170,0.999999999999999,0.0,0.0
2.0823328080549127e-170,0.999999999999999,0.0,0.0
1.951286342269711e-170,0.999999999999999,0.0,0.0
1.8284869617382987e-170,0.999999999999999,0.0,0.0
1.7134156565447986e-170,0.999999999999999,0.0,0.0
1.605586079378906e-170,0.999999999999999,0.0,0.0
1.5045424899955824e-170,0.999999999999999,0.0,0.0
1.4098578290350905e-170,0.999999999999999,0.0,0.0
1.3211319130624053e-170,0.999999999999999,0.0,0.0
1.237989743197354e-170,0.999999999999999,0.0,0.0
1.160079920186937e-170,0.999999999999999,0.0,0.0
1.0870731592211519e-170,0.999999999999999,0.0,0.0
1.0186608982152113e-170,0.999999999999999,0.0,0.0
9.545539936760777e-171,0.999999999999999,0.0,0.0
8.94481498641412e-171,0.999999999999999,0.0,0.0
8.381895175259147e-171,0.999999999999999,0.0,0.0
7.854401330350769e-171,0.999999999999999,0.0,0.0
7.360104006109642e-171,0.999999999999999,0.0,0.0
6.896914061600667e-171,0.999999999999999,0.0,0.0
6.462873830807167e-171,0.999999999999999,0.0,0.0
6.056148848582033e-171,0.999999999999999,0.0,0.0
5.675020097305658e-171,0.999999999999999,0.0,0.0
5.3178767414812965e-171,0.999999999999999,0.0,0.0
4.983209319560682e-171,0.999999999999999,0.0,0.0
4.669603364225282e-171,0.999999999999999,0.0,0.0
4.375733424159355e-171,0.999999999999999,0.0,0.0
4.100357462047951e-171,0.999999999999999,0.0,0.0
3.842311605123051e-171,0.999999999999999,0.0,0.0
3.600505226071099e-171,0.999999999999999,0.0,0.0
3.37391633351146e-171,0.999999999999999,0.0,0.0
3.1615872525637116e-171,0.999999999999999,0.0,0.0
2.9626205772477576e-171,0.999999999999999,0.0,0.0
2.776175377609624e-171,0.999999999999999,0.0,0.0
2.6014636455424196e-171,0.999999999999999,0.0,0.0
2.437746964280761e-171,0.999999999999999,0.0,0.0
2.2843333874923314e-171,0.999999999999999,0.0,0.0
2.140574514776096e-171,0.999999999999999,0.0,0.0
2.0058627512068005e-171,0.999999999999999,0.0,0.0
1.8796287393432652e-171,0.999999999999999,0.0,0.0
1.761338952846882e-171,0.999999999999999,0.0,0.0
1.6504934415397841e-171,0.999999999999999,0.0,0.0
1.5466237183721995e-171,0.999999999999999,0.0,0.0
1.449290779368292e-171,0.999999999999999,0.0,0.0
1.3580832481818137e-171,0.999999999999999,0.0,0.0
1.2726156374195572e-171,0.999999999999999,0.0,0.0
1.1925267193841186e-171,0.999999999999999,0.0,0.0
1.1174779993499344e-171,0.999999999999999,0.0,0.0
1.0471522849199164e-171,0.999999999999999,0.0,0.0
9.812523454160892e-172,0.999999999999999,0.0,0.0
9.194996556381603e-172,0.999999999999999,0.0,0.0
8.616332186805414e-172,0.999999999999999,0.0,0.0
8.074084628324669e-172,0.999999999999999,0.0,0.0
7.565962078989766e-172,0.999999999999999,0.0,0.0
7.089816965739299e-172,0.999999999999999,0.0,0.0
6.643636867711665e-172,0.999999999999999,0.0,0.0
6.22553601077558e-172,0.999999999999999,0.0,0.0
5.833747297331303e-172,0.999999999999999,0.0,0.0
5.4666148376966e-172,0.999999999999999,0.0,0.0
5.122586951511466e-172,0.999999999999999,0.0,0.0
4.800209609582143e-172,0.999999999999999,0.0,0.0
4.498120288446443e-172,0.999999999999999,0.0,0.0
4.215042211686835e-172,0.999999999999999,0.0,0.0
3.9497789536522266e-172,0.999999999999999,0.0,0.0
3.701209382781187e-172,0.999999999999999,0.0,0.0
3.4682829231546087e-172,0.999999999999999,0.0,0.0
3.2500151142508393e-172,0.999999999999999,0.0,0.0
3.0454834501366416e-172,0.999999999999999,0.0,0.0
2.853823480508384e-172,0.999999999999999,0.0,0.0
2.6742251571045556e-172,0.999999999999999,0.0,0.0
2.5059294100477832e-172,0.999999999999999,0.0,0.0
2.3482249396462885e-172,0.999999999999999,0.0,0.0
2.2004452100953914e-172,0.999999999999999,0.0,0.0
2.0619656323729755e-172,0.999999999999999,0.0,0.0
1.9322009244224577e-172,0.999999999999999,0.0,0.0
1.8106026374661173e-172,0.999999999999999,0.0,0.0
1.6966568379937776e-172,0.999999999999999,0.0,0.0
1.5898819356297953e-172,0.999999999999999,0.0,0.0
1.489826647697874e-172,0.999999999999999,0.0,0.0
1.3960680918809536e-172,0.999999999999999,0.0,0.0
1.308209998914834e-172,0.999999999999999,0.0,0.0
1.2258810377615068e-172,0.999999999999999,0.0,0.0
1.1487332461835601e-172,0.999999999999999,0.0,0.0
1.0764405600865027e-172,0.999999999999999,0.0,0.0
1.0086974354132928e-172,0.999999999999999,0.0,0.0
9.452175567665251e-173,0.999999999999999,0.0,0.0
8.857326273002887e-173,0.999999999999999,0.0,0.0
8.299912347671874e-173,0.999999999999999,0.0,0.0
7.777577889278865e-173,0.999999999999999,0.0,0.0
7.288115258321629e-173,0.999999999999999,0.0,0.0
6.829455747630643e-173,0.999999999999999,0.0,0.0
6.399660839006302e-173,0.999999999999999,0.0,0.0
5.996914010098049e-173,0.999999999999999,0.0,0.0
5.6195130568973025e-173,0.999999999999999,0.0,0.0
5.26586289939531e-173,0.999999999999999,0.0,0.0
4.934468839999126e-173,0.999999999999999,0.0,0.0
4.623930246212519e-173,0.999999999999999,0.0,0.0
4.3329346308817206e-173,0.999999999999999,0.0,0.0
4.060252104986281e-173,0.999999999999999,0.0,0.0
3.804730179529806e-173,0.999999999999999,0.0,0.0
3.5652888945608535e-173,0.999999999999999,0.0,0.0
3.340916254736841e-173,0.999999999999999,0.0,0.0
3.1306639521394696e-173,0.999999999999999,0.0,0.0
2.9336433582641648e-173,0.999999999999999,0.0,0.0
2.7490217682437614e-173,0.999999999999999,0.0,0.0
2.576018881432677e-173,0.999999999999999,0.0,0.0
2.413903503476821e-173,0.999999999999999,0.0,0.0
2.261990455930575e-173,0.999999999999999,0.0,0.0
2.1196376803593886e-173,0.999999999999999,0.0,0.0
1.9862435246885162e-173,0.999999999999999,0.0,0.0
1.8612442003286862e-173,0.999999999999999,0.0,0.0
1.744111399331274e-173,0.999999999999999,0.0,0.0
1.634350061501928e-173,0.999999999999999,0.0,0.0
1.5314962820353716e-173,0.999999999999999,0.0,0.0
1.435115350828039e-173,0.999999999999999,0.0,0.0
1.344799915181719e-173,0.999999999999999,0.0,0.0
1.260168258132902e-173,0.999999999999999,0.0,0.0
1.180862685131213e-173,0.999999999999999,0.0,0.0
1.106548012248247e-173,0.999999999999999,0.0,0.0
1.036910149527242e-173,0.999999999999999,0.0,0.0
9.716547734861386e-174,0.999999999999999,0.0,0.0
9.105060831633756e-174,0.999999999999999,0.0,0.0
8.532056344488678e-174,0.999999999999999,0.0,0.0
7.995112477734809e-174,0.999999999999999,0.0,0.0
7.491959845403672e-174,0.999999999999999,0.0,0.0
7.0204718797206635e-174,0.999999999999999,0.0,0.0
6.578655843195188e-174,0.999999999999999,0.0,0.0
6.164644406342697e-174,0.999999999999999,0.0,0.0
5.776687755441954e-174,0.999999999999999,0.0,0.0
5.413146196971078e-174,0.999999999999999,0.0,0.0
5.072483227465121e-174,0.999999999999999,0.0,0.0
4.753259039505014e-174,0.999999999999999,0.0,0.0
4.4541244363910485e-174,0.999999999999999,0.0,0.0
4.173815129781326e-174,0.999999999999999,0.0,0.0
3.911146396194229e-174,0.999999999999999,0.0,0.0
3.6650080697907076e-174,0.999999999999999,0.0,0.0
3.4343598502734116e-174,0.999999999999999,0.0,0.0
3.218226906071604e-174,0.999999999999999,0.0,0.0
3.0156957542287494e-174,0.999999999999999,0.0,0.0
2.8259103995791893e-174,0.999999999999999,0.0,0.0
2.64806871689619e-174,0.999999999999999,0.0,0.0
2.481419060720553e-174,0.999999999999999,0.0,0.0
2.3252570885412776e-174,0.999999999999999,0.0,0.0
2.178922783901495e-174,0.999999999999999,0.0,0.0
2.041797666847865e-174,0.999999999999999,0.0,0.0
1.9133021799334466e-174,0.999999999999999,0.0,0.0
1.79289323872601e-174,0.999999999999999,0.0,0.0
1.6800619364690503e-174,0.999999999999999,0.0,0.0
1.574331393194286e-174,0.999999999999999,0.0,0.0
1.4752547401949429e-174,0.999999999999999,0.0,0.0
1.3824132313412268e-174,0.999999999999999,0.0,0.0
1.2954144732554872e-174,0.999999999999999,0.0,0.0
1.213890766866929e-174,0.999999999999999,0.0,0.0
1.1374975533364797e-174,0.999999999999999,0.0,0.0
1.0659119577835286e-174,0.999999999999999,0.0,0.0
9.98831424659626e-175,0.999999999999999,0.0,0.0
9.359724390015611e-175,0.999999999999999,0.0,0.0
8.770693281592161e-175,0.999999999999999,0.0,0.0
8.218731389337155e-175,0.999999999999999,0.0,0.0
7.701505853801084e-175,0.999999999999999,0.0,0.0
7.216830628274858e-175,0.999999999999999,0.0,0.0
6.76265723949306e-175,0.999999999999999,0.0,0.0
6.337066129789474e-175,0.999999999999999,0.0,0.0
5.938258544112652e-175,0.999999999999999,0.0,0.0
5.564548927612089e-175,0.999999999999999,0.0,0.0
5.214357801663519e-175,0.999999999999999,0.0,0.0
4.88620508822393e-175,0.999999999999999,0.0,0.0
4.578703854301802e-175,0.999999999999999,0.0,0.0
4.290554450103628e-175,0.999999999999999,0.0,0.0
4.0205390160816985e-175,0.999999999999999,0.0,0.0
3.767516335667241e-175,0.999999999999999,0.0,0.0
3.530417011934074e-175,0.999999999999999,0.0,0.0
3.3082389478070107e-175,0.999999999999999,0.0,0.0
3.1000431107121603e-175,0.999999999999999,0.0,0.0
2.904949563768496e-175,0.999999999999999,0.0,0.0
2.7221337467465683e-175,0.999999999999999,0.0,0.0
2.550822991075873e-175,0.999999999999999,0.0,0.0
2.3902932541716293e-175,0.999999999999999,0.0,0.0
2.2398660592786114e-175,0.999999999999999,0.0,0.0
2.0989056278983512e-175,0.999999999999999,0.0,0.0
1.9668161926799366e-175,0.999999999999999,0.0,0.0
1.843039479417387e-175,0.999999999999999,0.0,0.0
1.727052347511296e-175,0.999999999999999,0.0,0.0
1.618364578922182e-175,0.999999999999999,0.0,0.0
1.5165168062705996e-175,0.999999999999999,0.0,0.0
1.4210785713271378e-175,0.999999999999999,0.0,0.0
1.3316465056865553e-175,0.999999999999999,0.0,0.0
1.2478426259366883e-175,0.999999999999999,0.0,0.0
1.1693127361166859e-175,0.999999999999999,0.0,0.0
1.0957249307125869e-175,0.999999999999999,0.0,0.0
1.026768191863168e-175,0.999999999999999,0.0,0.0
9.621510748471727e-176,0.999999999999999,0.0,0.0
9.016004762961508e-176,0.999999999999999,0.0,0.0
8.448604799267763e-176,0.999999999999999,0.0,0.0
7.916912749141482e-176,0.999999999999999,0.0,0.0
7.418681423345919e-176,0.999999999999999,0.0,0.0
6.951805053941774e-176,0.999999999999999,0.0,0.0
6.514310394287567e-176,0.999999999999999,0.0,0.0
6.104348379139469e-176,0.999999999999999,0.0,0.0
5.72018630960214e-176,0.999999999999999,0.0,0.0
5.3602005299003546e-176,0.999999999999999,0.0,0.0
5.022869565019892e-176,0.999999999999999,0.0,0.0
4.7067676902140305e-176,0.999999999999999,0.0,0.0
4.410558905197251e-176,0.999999999999999,0.0,0.0
4.1329912875581466e-176,0.999999999999999,0.0,0.0
3.872891701526343e-176,0.999999999999999,0.0,0.0
3.6291608397300764e-176,0.999999999999999,0.0,0.0
3.4007685769885005e-176,0.999999999999999,0.0,0.0
3.186749616501585e-176,0.999999999999999,0.0,0.0
2.9861994100362852e-176,0.999999999999999,0.0,0.0
2.798270334865708e-176,0.999999999999999,0.0,0.0
2.6221681113031554e-176,0.999999999999999,0.0,0.0
2.4571484456898026e-176,0.999999999999999,0.0,0.0
2.3025138846476468e-176,0.999999999999999,0.0,0.0
2.157610867302269e-176,0.999999999999999,0.0,0.0
2.021826963016663e-176,0.999999999999999,0.0,0.0
1.894588282961455e-176,0.999999999999999,0.0,0.0
1.7753570545815555e-176,0.999999999999999,0.0,0.0
1.663629348707748e-176,0.999999999999999,0.0,0.0
1.5589329497068933e-176,0.999999999999999,0.0,0.0
1.4608253596689608e-176,0.999999999999999,0.0,0.0
1.3688919281956162e-176,0.999999999999999,0.0,0.0
1.2827440998859376e-176,0.999999999999999,0.0,0.0
1.2020177721122849e-176,0.999999999999999,0.0,0.0
1.126371756145483e-176,0.999999999999999,0.0,0.0
1.0554863351252884e-176,0.999999999999999,0.0,0.0
9.890619127814146e-177,0.999999999999999,0.0,0.0
9.268177471939616e-177,0.999999999999999,0.0,0.0
8.684907642414995e-177,0.999999999999999,0.0,0.0
8.138344457218635e-177,0.999999999999999,0.0,0.0
7.6261778744631645e-177,0.999999999999999,0.0,0.0
7.146243229034792e-177,0.999999999999999,0.0,0.0
6.6965120836655725e-177,0.999999999999999,0.0,0.0
6.275083655770808e-177,0.999999999999999,0.0,0.0
5.880176783817244e-177,0.999999999999999,0.0,0.0
5.510122399268007e-177,0.999999999999999,0.0,0.0
5.163356472287085e-177,0.999999999999999,0.0,0.0
4.838413401388436e-177,0.999999999999999,0.0,0.0
4.533919819091196e-177,0.999999999999999,0.0,0.0
4.2485887874006485e-177,0.999999999999999,0.0,0.0
3.981214358582252e-177,0.999999999999999,0.0,0.0
3.7306664782398967e-177,0.999999999999999,0.0,0.0
3.4958862091563337e-177,0.999999999999999,0.0,0.0
3.27588125570939e-177,0.999999999999999,0.0,0.0
3.069721769947985e-177,0.999999999999999,0.0,0.0
2.8765364216023765e-177,0.999999999999999,0.0,0.0
2.6955087154185997e-177,0.999999999999999,0.0,0.0
2.5258735402523534e-177,0.999999999999999,0.0,0.0
2.366913935337125e-177,0.999999999999999,0.0,0.0
2.2179580600592407e-177,0.999999999999999,0.0,0.0
2.078376354432625e-177,0.999999999999999,0.0,0.0
1.9475788782720583e-177,0.999999999999999,0.0,0.0
1.8250128178189923e-177,0.999999999999999,0.0,0.0
1.7101601492816948e-177,0.999999999999999,0.0,0.0
1.6025354494147228e-177,0.999999999999999,0.0,0.0
1.5016838438841617e-177,0.999999999999999,0.0,0.0
1.407179084747424e-177,0.999999999999999,0.0,0.0
1.318621748922102e-177,0.999999999999999,0.0,0.0
1.2356375500297288e-177,0.999999999999999,0.0,0.0
1.1578757564794773e-177,0.999999999999999,0.0,0.0
1.0850077091058506e-177,0.999999999999999,0.0,0.0
1.0167254320951766e-177,0.999999999999999,0.0,0.0
9.527403313300105e-178,0.999999999999999,0.0,0.0
8.927819746500116e-178,0.999999999999999,0.0,0.0
8.365969488740875e-178,0.999999999999999,0.0,0.0
7.839477887530215e-178,0.999999999999999,0.0,0.0
7.34611973325818e-178,0.999999999999999,0.0,0.0
6.883809854378805e-178,0.999999999999999,0.0,0.0
6.450594304460861e-178,0.999999999999999,0.0,0.0
6.044642103859767e-178,0.999999999999999,0.0,0.0
5.664237501106968e-178,0.999999999999999,0.0,0.0
5.307772721309628e-178,0.999999999999999,0.0,0.0
4.973741170911855e-178,0.999999999999999,0.0,0.0
4.6607310700974797e-178,0.999999999999999,0.0,0.0
4.36741948592181e-178,0.999999999999999,0.0,0.0
4.092566740953493e-178,0.999999999999999,0.0,0.0
3.8350111737946653e-178,0.999999999999999,0.0,0.0
3.593664229334817e-178,0.999999999999999,0.0,0.0
3.367505857987382e-178,0.999999999999999,0.0,0.0
3.155580204464004e-178,0.999999999999999,0.0,0.0
2.956991567865119e-178,0.999999999999999,0.0,0.0
2.7709006160122646e-178,0.999999999999999,0.0,0.0
2.596520838022007e-178,0.999999999999999,0.0,0.0
2.4331152201283653e-178,0.999999999999999,0.0,0.0
2.279993130704129e-178,0.999999999999999,0.0,0.0
2.1365074013156524e-178,0.999999999999999,0.0,0.0
2.0020515914742511e-178,0.999999999999999,0.0,0.0
1.8760574255237043e-178,0.999999999999999,0.0,0.0
1.7579923908309012e-178,0.999999999999999,0.0,0.0
1.6473574871284228e-178,0.999999999999999,0.0,0.0
1.5436851174966814e-178,0.999999999999999,0.0,0.0
1.4465371120718833e-178,0.999999999999999,0.0,0.0
1.355502876127043e-178,0.999999999999999,0.0,0.0
1.2701976546989412e-178,0.999999999999999,0.0,0.0
1.1902609064264919e-178,0.999999999999999,0.0,0.0
1.1153547797275703e-178,0.999999999999999,0.0,0.0
1.0451626848738855e-178,0.999999999999999,0.0,0.0
9.793879559287881e-179,0.999999999999999,0.0,0.0
9.177525968927141e-179,0.999999999999999,0.0,0.0
8.599961067568637e-179,0.999999999999999,0.0,0.0
8.058743784992219e-179,0.999999999999999,0.0,0.0
7.551586673695415e-179,0.999999999999999,0.0,0.0
7.076346241027597e-179,0.999999999999999,0.0,0.0
6.631013889747364e-179,0.999999999999999,0.0,0.0
6.21370742871356e-179,0.999999999999999,0.0,0.0
5.8226631178299505e-179,0.999999999999999,0.0,0.0
5.456228213621623e-179,0.999999999999999,0.0,0.0
5.112853983937122e-179,0.999999999999999,0.0,0.0
4.7910891622530174e-179,0.999999999999999,0.0,0.0
4.489573813915633e-179,0.999999999999999,0.0,0.0
4.207033588395679e-179,0.999999999999999,0.0,0.0
3.942274333263034e-179,0.999999999999999,0.0,0.0
3.694177047117692e-179,0.999999999999999,0.0,0.0
3.461693150145532e-179,0.999999999999999,0.0,0.0
3.2438400523099574e-179,0.999999999999999,0.0,0.0
3.0396970004484347e-179,0.999999999999999,0.0,0.0
2.8484011867217456e-179,0.999999999999999,0.0,0.0
2.669144101968358e-179,0.999999999999999,0.0,0.0
2.5011681185514237e-179,0.999999999999999,0.0,0.0
2.343763288255851e-179,0.999999999999999,0.0,0.0
2.196264341701803e-179,0.999999999999999,0.0,0.0
2.0580478765926897e-179,0.999999999999999,0.0,0.0
1.9285297229138188e-179,0.999999999999999,0.0,0.0
1.8071624739457537e-179,0.999999999999999,0.0,0.0
1.6934331726572405e-179,0.999999999999999,0.0,0.0
1.5868611436992735e-179,0.999999999999999,0.0,0.0
1.4869959618372543e-179,0.999999999999999,0.0,0.0
1.3934155482348481e-179,0.999999999999999,0.0,0.0
1.3057243865435076e-179,0.999999999999999,0.0,0.0
1.2235518512579928e-179,0.999999999999999,0.0,0.0
1.1465506412726998e-179,0.999999999999999,0.0,0.0
1.0743953120182507e-179,0.999999999999999,0.0,0.0
1.0067808999744348e-179,0.999999999999999,0.0,0.0
9.434216337460293e-180,0.999999999999999,0.0,0.0
8.84049726253873e-180,0.999999999999999,0.0,0.0
8.2841424293641e-180,0.999999999999999,0.0,0.0
7.762800411781687e-180,0.999999999999999,0.0,0.0
7.274267764826881e-180,0.999999999999999,0.0,0.0
6.81647971189493e-180,0.999999999999999,0.0,0.0
6.387501417990623e-180,0.999999999999999,0.0,0.0
5.985519812174439e-180,0.999999999999999,0.0,0.0
5.608835924642817e-180,0.999999999999999,0.0,0.0
5.255857706055324e-180,0.999999999999999,0.0,0.0
4.925093298759722e-180,0.999999999999999,0.0,0.0
4.61514473147584e-180,0.999999999999999,0.0,0.0
4.324702010788921e-180,0.999999999999999,0.0,0.0
4.052537584480223e-180,0.999999999999999,0.0,0.0
3.7975011532942303e-180,0.999999999999999,0.0,0.0
3.5585148092144453e-180,0.999999999999999,0.0,0.0
3.3345684796997847e-180,0.999999999999999,0.0,0.0
3.124715658626686e-180,0.999999999999999,0.0,0.0
2.9280694058938194e-180,0.999999999999999,0.0,0.0
2.7437985987817794e-180,0.999999999999999,0.0,0.0
2.5711244192241864e-180,0.999999999999999,0.0,0.0
2.409317062143697e-180,0.999999999999999,0.0,0.0
2.2576926509407445e-180,0.999999999999999,0.0,0.0
2.115610347098368e-180,0.999999999999999,0.0,0.0
1.9824696416869138e-180,0.999999999999999,0.0,0.0
1.8577078173211929e-180,0.999999999999999,0.0,0.0
1.7407975698430846e-180,0.999999999999999,0.0,0.0
1.6312447796776674e-180,0.999999999999999,0.0,0.0
1.5285864234435369e-180,0.999999999999999,0.0,0.0
1.432388616990768e-180,0.999999999999999,0.0,0.0
1.34224478159544e-180,0.999999999999999,0.0,0.0
1.2577739255601766e-180,0.999999999999999,0.0,0.0
1.178619033957905e-180,0.999999999999999,0.0,0.0
1.1044455597131103e-180,0.999999999999999,0.0,0.0
1.0349400096431594e-180,0.999999999999999,0.0,0.0
9.698086194836177e-181,0.999999999999999,0.0,0.0
9.087761122975702e-181,0.999999999999999,0.0,0.0
8.515845350213831e-181,0.999999999999999,0.0,0.0
7.979921682295788e-181,0.999999999999999,0.0,0.0
7.477725045109641e-181,0.999999999999999,0.0,0.0
7.007132911381291e-181,0.999999999999999,0.0,0.0
6.566156329841749e-181,0.999999999999999,0.0,0.0
6.152931518951577e-181,0.999999999999999,0.0,0.0
5.765711989653495e-181,0.999999999999999,0.0,0.0
5.402861163860076e-181,0.999999999999999,0.0,0.0
5.062845457478661e-181,0.999999999999999,0.0,0.0
4.744227798739e-181,0.999999999999999,0.0,0.0
4.445661554428902e-181,0.999999999999999,0.0,0.0
4.1658848383672447e-181,0.999999999999999,0.0,0.0
3.9037151780591374e-181,0.999999999999999,0.0,0.0
3.6580445169919706e-181,0.999999999999999,0.0,0.0
3.427834531449596e-181,0.999999999999999,0.0,0.0
3.2121122420512257e-181,0.999999999999999,0.0,0.0
3.0099659014672793e-181,0.999999999999999,0.0,0.0
2.8205411409316644e-181,0.999999999999999,0.0,0.0
2.6430373592637783e-181,0.999999999999999,0.0,0.0
2.476704339138478e-181,0.999999999999999,0.0,0.0
2.3208390763027342e-181,0.999999999999999,0.0,0.0
2.1747828083376927e-181,0.999999999999999,0.0,0.0
2.0379182304082482e-181,0.999999999999999,0.0,0.0
1.9096668862325333e-181,0.999999999999999,0.0,0.0
1.7894867232442908e-181,0.999999999999999,0.0,0.0
1.6768698016150554e-181,0.999999999999999,0.0,0.0
1.5713401474533608e-181,0.999999999999999,0.0,0.0
1.4724517411075434e-181,0.999999999999999,0.0,0.0
1.379786632069737e-181,0.999999999999999,0.0,0.0
1.292953172513719e-181,0.999999999999999,0.0,0.0
1.2115843620006883e-181,0.999999999999999,0.0,0.0
1.1353362963568887e-181,0.999999999999999,0.0,0.0
1.0638867141672836e-181,0.999999999999999,0.0,0.0
9.96933634742058e-182,0.999999999999999,0.0,0.0
9.341940817993293e-182,0.999999999999999,0.0,0.0
8.754028874697312e-182,0.999999999999999,0.0,0.0
8.203115715680112e-182,0.999999999999999,0.0,0.0
7.686872913948979e-182,0.999999999999999,0.0,0.0
7.203118576305923e-182,0.999999999999999,0.0,0.0
6.74980812160567e-182,0.999999999999999,0.0,0.0
6.325025639361195e-182,0.999999999999999,0.0,0.0
5.926975792174033e-182,0.999999999999999,0.0,0.0
5.553976227765129e-182,0.999999999999999,0.0,0.0
5.204450468535745e-182,0.999999999999999,0.0,0.0
4.876921248606285e-182,0.999999999999999,0.0,0.0
4.57000427017209e-182,0.999999999999999,0.0,0.0
4.282402352787547e-182,0.999999999999999,0.0,0.0
4.0128999508505354e-182,0.999999999999999,0.0,0.0
3.7603580161154305e-182,0.999999999999999,0.0,0.0
3.5237091835211424e-182,0.999999999999999,0.0,0.0
3.301953259987172e-182,0.999999999999999,0.0,0.0
3.0941529971111164e-182,0.999999999999999,0.0,0.0
2.8994301299010214e-182,0.999999999999999,0.0,0.0
2.7169616648002988e-182,0.999999999999999,0.0,0.0
2.54597640131663e-182,0.999999999999999,0.0,0.0
2.385751672553545e-182,0.999999999999999,0.0,0.0
2.2356102908685905e-182,0.999999999999999,0.0,0.0
2.0949176857489433e-182,0.999999999999999,0.0,0.0
1.9630792218077493e-182,0.999999999999999,0.0,0.0
1.8395376855657263e-182,0.999999999999999,0.0,0.0
1.7237709303959535e-182,0.999999999999999,0.0,0.0
1.6152896696782373e-182,0.999999999999999,0.0,0.0
1.513635408835848e-182,0.999999999999999,0.0,0.0
1.4183785075144113e-182,0.999999999999999,0.0,0.0
1.3291163637127799e-182,0.999999999999999,0.0,0.0
1.2454717121911362e-182,0.999999999999999,0.0,0.0
1.1670910299645762e-182,0.999999999999999,0.0,0.0
1.0936430421430083e-182,0.999999999999999,0.0,0.0
1.0248173218023248e-182,0.999999999999999,0.0,0.0
9.60322977969219e-183,0.999999999999999,0.0,0.0
8.998874261744322e-183,0.999999999999999,0.0,0.0
8.432552363781933e-183,0.999999999999999,0.0,0.0
7.901870533986198e-183,0.999999999999999,0.0,0.0
7.4045858528028955e-183,0.999999999999999,0.0,0.0
6.938596553273339e-183,0.999999999999999,0.0,0.0
6.501933137944834e-183,0.999999999999999,0.0,0.0
6.09275005481642e-183,0.999999999999999,0.0,0.0
5.709317897138371e-183,0.999999999999999,0.0,0.0
5.35001609409803e-183,0.999999999999999,0.0,0.0
5.0133260614992605e-183,0.999999999999999,0.0,0.0
4.697824783486933e-183,0.999999999999999,0.0,0.0
4.4021787981897264e-183,0.999999999999999,0.0,0.0
4.125138561861616e-183,0.999999999999999,0.0,0.0
3.865533167702183e-183,0.999999999999999,0.0,0.0
3.6222653970349073e-183,0.999999999999999,0.0,0.0
3.394307081927317e-183,0.999999999999999,0.0,0.0
3.18069475965317e-183,0.999999999999999,0.0,0.0
2.980525600630311e-183,0.999999999999999,0.0,0.0
2.7929535926236933e-183,0.999999999999999,0.0,0.0
2.617185965086143e-183,0.999999999999999,0.0,0.0
2.4524798385243957e-183,0.999999999999999,0.0,0.0
2.298139084728997e-183,0.999999999999999,0.0,0.0
2.1535113845978697e-183,0.999999999999999,0.0,0.0
2.017985471118479e-183,0.999999999999999,0.0,0.0
1.890988545856094e-183,0.999999999999999,0.0,0.0
1.7719838580289768e-183,0.999999999999999,0.0,0.0
1.6604684359384842e-183,0.999999999999999,0.0,0.0
1.5559709611660068e-183,0.999999999999999,0.0,0.0
1.4580497765520672e-183,0.999999999999999,0.0,0.0
1.3662910195383264e-183,0.999999999999999,0.0,0.0
1.280306872983096e-183,0.999999999999999,0.0,0.0
1.199733926057451e-183,0.999999999999999,0.0,0.0
1.1242316382942897e-183,0.999999999999999,0.0,0.0
1.053480900298671e-183,0.999999999999999,0.0,0.0
9.87182685036285e-184,0.999999999999999,0.0,0.0
9.250567839997493e-184,0.999999999999999,0.0,0.0
8.668406229111539e-184,0.999999999999999,0.0,0.0
8.122881519554383e-184,0.999999999999999,0.0,0.0
7.611688058541852e-184,0.999999999999999,0.0,0.0
7.132665293846003e-184,0.999999999999999,0.0,0.0
6.683788642250435e-184,0.999999999999999,0.0,0.0
6.263160932676791e-184,0.999999999999999,0.0,0.0
5.869004387816937e-184,0.999999999999999,0.0,0.0
5.499653110381285e-184,0.999999999999999,0.0,0.0
5.153546042206497e-184,0.999999999999999,0.0,0.0
4.829220366464338e-184,0.999999999999999,0.0,0.0
4.525305325086197e-184,0.999999999999999,0.0,0.0
4.240516425272704e-184,0.999999999999999,0.0,0.0
3.9736500106023397e-184,0.999999999999999,0.0,0.0
3.723578173793901e-184,0.999999999999999,0.0,0.0
3.489243989621676e-184,0.999999999999999,0.0,0.0
3.269657047835318e-184,0.999999999999999,0.0,0.0
3.0638892672043576e-184,0.999999999999999,0.0,0.0
2.871070972995474e-184,0.999999999999999,0.0,0.0
2.690387221304032e-184,0.999999999999999,0.0,0.0
2.521074354704724e-184,0.999999999999999,0.0,0.0
2.362416774663825e-184,0.999999999999999,0.0,0.0
2.2137439170716943e-184,0.999999999999999,0.0,0.0
2.074427418112665e-184,0.999999999999999,0.0,0.0
1.9438784584939022e-184,0.999999999999999,0.0,0.0
1.8215452748086481e-184,0.999999999999999,0.0,0.0
1.7069108275156713e-184,0.999999999999999,0.0,0.0
1.5994906156786577e-184,0.999999999999999,0.0,0.0
1.4988306292295764e-184,0.999999999999999,0.0,0.0
1.4045054301012887e-184,0.999999999999999,0.0,0.0
1.3161163541193263e-184,0.999999999999999,0.0,0.0
1.233289826053168e-184,0.999999999999999,0.0,0.0
1.1556757807055945e-184,0.999999999999999,0.0,0.0
1.082946183366883e-184,0.999999999999999,0.0,0.0
1.0147936433805558e-184,0.999999999999999,0.0,0.0
9.509301149609415e-185,0.999999999999999,0.0,0.0
8.910856797715686e-185,0.999999999999999,0.0,0.0
8.350074061189792e-185,0.999999999999999,0.0,0.0
7.824582799403578e-185,0.999999999999999,0.0,0.0
7.332162030668094e-185,0.999999999999999,0.0,0.0
6.870730545284627e-185,0.999999999999999,0.0,0.0
6.438338109340142e-185,0.999999999999999,0.0,0.0
6.033157222070101e-185,0.999999999999999,0.0,0.0
5.65347539195128e-185,0.999999999999999,0.0,0.0
5.2976878988795735e-185,0.999999999999999,0.0,0.0
4.9642910118422486e-185,0.999999999999999,0.0,0.0
4.651875633419217e-185,0.999999999999999,0.0,0.0
4.359121344251907e-185,0.999999999999999,0.0,0.0
4.0847908223087566e-185,0.999999999999999,0.0,0.0
3.8277246133604336e-185,0.999999999999999,0.0,0.0
3.586836230562267e-185,0.999999999999999,0.0,0.0
3.361107562432333e-185,0.999999999999999,0.0,0.0
3.1495845698170935e-185,0.999999999999999,0.0,0.0
2.951373253657851e-185,0.999999999999999,0.0,0.0
2.7656358765158614e-185,0.999999999999999,0.0,0.0
2.5915874218864105e-185,0.999999999999999,0.0,0.0
2.4284922763372072e-185,0.999999999999999,0.0,0.0
2.275661120448192e-185,0.999999999999999,0.0,0.0
2.1324480154123598e-185,0.999999999999999,0.0,0.0
1.998247672984154e-185,0.999999999999999,0.0,0.0
1.8724928972369086e-185,0.999999999999999,0.0,0.0
1.7546521873169606e-185,0.999999999999999,0.0,0.0
1.6442274910625002e-185,0.999999999999999,0.0,0.0
1.5407520999928666e-185,0.999999999999999,0.0,0.0
1.4437886767714866e-185,0.999999999999999,0.0,0.0
1.3529274068055539e-185,0.999999999999999,0.0,0.0
1.267784266170212e-185,0.999999999999999,0.0,0.0
1.1879993985366467e-185,0.999999999999999,0.0,0.0
1.1132355942441929e-185,0.999999999999999,0.0,0.0
1.0431768650882801e-185,0.999999999999999,0.0,0.0
9.775271088005714e-186,0.999999999999999,0.0,0.0
9.160088575767433e-186,0.999999999999999,0.0,0.0
8.583621053625762e-186,0.999999999999999,0.0,0.0
8.04343208941892e-186,0.999999999999999,0.0,0.0
7.537238581818078e-186,0.999999999999999,0.0,0.0
7.062901110830549e-186,0.999999999999999,0.0,0.0
6.6184148955702305e-186,0.999999999999999,0.0,0.0
6.201901321078375e-186,0.999999999999999,0.0,0.0
5.811599998382958e-186,0.999999999999999,0.0,0.0
5.4458613242385666e-186,0.999999999999999,0.0,0.0
5.103139509100665e-186,0.999999999999999,0.0,0.0
4.781986043867054e-186,0.999999999999999,0.0,0.0
4.4810435777738e-186,0.999999999999999,0.0,0.0
4.199040181570647e-186,0.999999999999999,0.0,0.0
3.934783971729298e-186,0.999999999999999,0.0,0.0
3.687158072963847e-186,0.999999999999999,0.0,0.0
3.4551158977725382e-186,0.999999999999999,0.0,0.0
3.2376767230498894e-186,0.999999999999999,0.0,0.0
3.033921545073789e-186,0.999999999999999,0.0,0.0
2.8429891953487328e-186,0.999999999999999,0.0,0.0
2.6640727008888607e-186,0.999999999999999,0.0,0.0
2.496415873557581e-186,0.999999999999999,0.0,0.0
2.3393101140486664e-186,0.999999999999999,0.0,0.0
2.1920914170009025e-186,0.999999999999999,0.0,0.0
2.0541375645884364e-186,0.999999999999999,0.0,0.0
1.9248654967255757e-186,0.999999999999999,0.0,0.0
1.8037288467712464e-186,0.999999999999999,0.0,0.0
1.6902156323177974e-186,0.999999999999999,0.0,0.0
1.5838460913043005e-186,0.999999999999999,0.0,0.0
1.4841706543087069e-186,0.999999999999999,0.0,0.0
1.3907680444487863e-186,0.999999999999999,0.0,0.0
1.3032434968610962e-186,0.999999999999999,0.0,0.0
1.221227090232646e-186,0.999999999999999,0.0,0.0
1.1443721833334825e-186,0.999999999999999,0.0,0.0
1.0723539499422364e-186,0.999999999999999,0.0,0.0
1.004868005972503e-186,0.999999999999999,0.0,0.0
9.416291229976317e-187,0.999999999999999,0.0,0.0
8.823700227366496e-187,0.999999999999999,0.0,0.0
8.268402474062324e-187,0.999999999999999,0.0,0.0
7.74805101164282e-187,0.999999999999999,0.0,0.0
7.260446581711333e-187,0.999999999999999,0.0,0.0
6.803528330759765e-187,0.999999999999999,0.0,0.0
6.375365099999176e-187,0.999999999999999,0.0,0.0
5.974147263343366e-187,0.999999999999999,0.0,0.0
5.598179079048765e-187,0.999999999999999,0.0,0.0
5.245871522684965e-187,0.999999999999999,0.0,0.0
4.915735571144517e-187,0.999999999999999,0.0,0.0
4.606375909306975e-187,0.999999999999999,0.0,0.0
4.316485032758457e-187,0.999999999999999,0.0,0.0
4.044837721641991e-187,0.999999999999999,0.0,0.0
3.790285862282403e-187,0.999999999999999,0.0,0.0
3.551753594699445e-187,0.999999999999999,0.0,0.0
3.3282327655001893e-187,0.999999999999999,0.0,0.0
3.1187786669323844e-187,0.999999999999999,0.0,0.0
2.9225060440899587e-187,0.999999999999999,0.0,0.0
2.738585353395169e-187,0.999999999999999,0.0,0.0
2.566239256543925e-187,0.999999999999999,0.0,0.0
2.4047393350959905e-187,0.999999999999999,0.0,0.0
2.2534030118243287e-187,0.999999999999999,0.0,0.0
2.1115906658117114e-187,0.999999999999999,0.0,0.0
1.9787029291015914e-187,0.999999999999999,0.0,0.0
1.8541781534775636e-187,0.999999999999999,0.0,0.0
1.737490036664798e-187,0.999999999999999,0.0,0.0
1.6281453979206158e-187,0.999999999999999,0.0,0.0
1.5256820936127719e-187,0.999999999999999,0.0,0.0
1.4296670639756607e-187,0.999999999999999,0.0,0.0
1.339694502789094e-187,0.999999999999999,0.0,0.0
1.2553841422438143e-187,0.999999999999999,0.0,0.0
1.1763796457447607e-187,0.999999999999999,0.0,0.0
1.1023471018592814e-187,0.999999999999999,0.0,0.0
1.0329736130449952e-187,0.999999999999999,0.0,0.0
9.679659731925728e-188,0.999999999999999,0.0,0.0
9.070494283940936e-188,0.999999999999999,0.0,0.0
8.499665156993813e-188,0.999999999999999,0.0,0.0
7.964759749523382e-188,0.999999999999999,0.0,0.0
7.463517291081674e-188,0.999999999999999,0.0,0.0
6.993819287218113e-188,0.999999999999999,0.0,0.0
6.553680565691451e-188,0.999999999999999,0.0,0.0
6.141240886166227e-188,0.999999999999999,0.0,0.0
5.754757077932225e-188,0.999999999999999,0.0,0.0
5.3925956724171153e-188,0.999999999999999,0.0,0.0
5.053225999353692e-188,0.999999999999999,0.0,0.0
4.735213717422757e-188,0.999999999999999,0.0,0.0
4.437214752028991e-188,0.999999999999999,0.0,0.0
4.157969614587913e-188,0.999999999999999,0.0,0.0
3.896298079314463e-188,0.999999999999999,0.0,0.0
3.651094195014732e-188,0.999999999999999,0.0,0.0
3.421321610798248e-188,0.999999999999999,0.0,0.0
3.2060091959549906e-188,0.999999999999999,0.0,0.0
3.004246935484627e-188,0.999999999999999,0.0,0.0
2.8151820839304554e-188,0.999999999999999,0.0,0.0
2.6380155612622994e-188,0.999999999999999,0.0,0.0
2.471998575575603e-188,0.999999999999999,0.0,0.0
2.3164294583326053e-188,0.999999999999999,0.0,0.0
2.1706506987697812e-188,0.999999999999999,0.0,0.0
2.0340461649375232e-188,0.999999999999999,0.0,0.0
1.9060384996268122e-188,0.999999999999999,0.0,0.0
1.7860866801768084e-188,0.999999999999999,0.0,0.0
1.6736837318499133e-188,0.999999999999999,0.0,0.0
1.5683545851099197e-188,0.999999999999999,0.0,0.0
1.4696540677470624e-188,0.999999999999999,0.0,0.0
1.3771650233637119e-188,0.999999999999999,0.0,0.0
1.2904965482685194e-188,0.999999999999999,0.0,0.0
1.2092823393272693e-188,0.999999999999999,0.0,0.0
1.133179145787651e-188,0.999999999999999,0.0,0.0
1.0618653185346111e-188,0.999999999999999,0.0,0.0
9.95039450644732e-189,0.999999999999999,0.0,0.0
9.324191034939597e-189,0.999999999999999,0.0,0.0
8.737396130345905e-189,0.999999999999999,0.0,0.0
8.187529711962637e-189,0.999999999999999,0.0,0.0
7.67226777683217e-189,0.999999999999999,0.0,0.0
7.189432577375892e-189,0.999999999999999,0.0,0.0
6.73698341717361e-189,0.999999999999999,0.0,0.0
6.3130080259878065e-189,0.999999999999999,0.0,0.0
5.91571447757943e-189,0.999999999999999,0.0,0.0
5.5434236161559506e-189,0.999999999999999,0.0,0.0
5.194561959442186e-189,0.999999999999999,0.0,0.0
4.867655048378813e-189,0.999999999999999,0.0,0.0
4.561321215341151e-189,0.999999999999999,0.0,0.0
4.2742657445396956e-189,0.999999999999999,0.0,0.0
4.005275399921397e-189,0.999999999999999,0.0,0.0
3.753213297443939e-189,0.999999999999999,0.0,0.0
3.517014100050762e-189,0.999999999999999,0.0,0.0
3.2956795150384408e-189,0.999999999999999,0.0,0.0
3.088274074786123e-189,0.999999999999999,0.0,0.0
2.893921183014313e-189,0.999999999999999,0.0,0.0
2.711799409862595e-189,0.999999999999999,0.0,0.0
2.54113902012747e-189,0.999999999999999,0.0,0.0
2.3812187199869582e-189,0.999999999999999,0.0,0.0
2.23136260846205e-189,0.999999999999999,0.0,0.0
2.090937320730383e-189,0.999999999999999,0.0,0.0
1.9593493512184175e-189,0.999999999999999,0.0,0.0
1.8360425451581777e-189,0.999999999999999,0.0,0.0
1.7204957480066723e-189,0.999999999999999,0.0,0.0
1.6122206027932872e-189,0.999999999999999,0.0,0.0
1.5107594860856756e-189,0.999999999999999,0.0,0.0
1.415683573850529e-189,0.999999999999999,0.0,0.0
1.3265910290346173e-189,0.999999999999999,0.0,0.0
1.243105303205936e-189,0.999999999999999,0.0,0.0
1.1648735450768658e-189,0.999999999999999,0.0,0.0
1.0915651091829927e-189,0.999999999999999,0.0,0.0
1.0228701584145386e-189,0.999999999999999,0.0,0.0
9.584983544940195e-190,0.999999999999999,0.0,0.0
8.98177630865455e-190,0.999999999999999,0.0,0.0
8.416530428087607e-190,0.999999999999999,0.0,0.0
7.886856899193466e-190,0.999999999999999,0.0,0.0
7.390517063987986e-190,0.999999999999999,0.0,0.0
6.925413148891187e-190,0.999999999999999,0.0,0.0
6.489579398515669e-190,0.999999999999999,0.0,0.0
6.08117376742814e-190,0.999999999999999,0.0,0.0
5.698470134769377e-190,0.999999999999999,0.0,0.0
5.339851008827835e-190,0.999999999999999,0.0,0.0
5.003800690732871e-190,0.999999999999999,0.0,0.0
4.68889886837403e-190,0.999999999999999,0.0,0.0
4.3938146134711776e-190,0.999999999999999,0.0,0.0
4.11730075642418e-190,0.999999999999999,0.0,0.0
3.858188615167508e-190,0.999999999999999,0.0,0.0
3.6153830557513445e-190,0.999999999999999,0.0,0.0
3.3878578637727994e-190,0.999999999999999,0.0,0.0
3.174651407094659e-190,0.999999999999999,0.0,0.0
2.974862571520206e-190,0.999999999999999,0.0,0.0
2.7876469522462864e-190,0.999999999999999,0.0,0.0
2.612213284997871e-190,0.999999999999999,0.0,0.0
2.4478201017603257e-190,0.999999999999999,0.0,0.0
2.2937725969749116e-190,0.999999999999999,0.0,0.0
2.1494196909525142e-190,0.999999999999999,0.0,0.0
2.0141512780941697e-190,0.999999999999999,0.0,0.0
1.88739564828803e-190,0.999999999999999,0.0,0.0
1.768617070584329e-190,0.999999999999999,0.0,0.0
1.657313528935793e-190,0.999999999999999,0.0,0.0
1.5530146004336256e-190,0.999999999999999,0.0,0.0
1.455279467071468e-190,0.999999999999999,0.0,0.0
1.3636950526340718e-190,0.999999999999999,0.0,0.0
1.2778742768362834e-190,0.999999999999999,0.0,0.0
1.197454419333467e-190,0.999999999999999,0.0,0.0
1.1220955866888901e-190,0.999999999999999,0.0,0.0
1.051479275818724e-190,0.999999999999999,0.0,0.0
9.853070278430808e-191,0.999999999999999,0.0,0.0
9.232991666536066e-191,0.999999999999999,0.0,0.0
8.651936168662036e-191,0.999999999999999,0.0,0.0
8.107447961629753e-191,0.999999999999999,0.0,0.0
7.597225773418903e-191,0.999999999999999,0.0,0.0
7.119113156872865e-191,0.999999999999999,0.0,0.0
6.671089375504044e-191,0.999999999999999,0.0,0.0
6.251260862878524e-191,0.999999999999999,0.0,0.0
5.857853219483233e-191,0.999999999999999,0.0,0.0
5.489203713250462e-191,0.999999999999999,0.0,0.0
5.1437542520433416e-191,0.999999999999999,0.0,0.0
4.8200447984005654e-191,0.999999999999999,0.0,0.0
4.516707198707864e-191,0.999999999999999,0.0,0.0
4.232459400715318e-191,0.999999999999999,0.0,0.0
3.966100034960913e-191,0.999999999999999,0.0,0.0
3.7165033371988103e-191,0.999999999999999,0.0,0.0
3.482614390372032e-191,0.999999999999999,0.0,0.0
3.263444666019831e-191,0.999999999999999,0.0,0.0
3.058067846275564e-191,0.999999999999999,0.0,0.0
2.865615908796794e-191,0.999999999999999,0.0,0.0
2.6852754580806342e-191,0.999999999999999,0.0,0.0
2.5162842876586936e-191,0.999999999999999,0.0,0.0
2.357928158641775e-191,0.999999999999999,0.0,0.0
2.2095377809989016e-191,0.999999999999999,0.0,0.0
2.0704859848120802e-191,0.999999999999999,0.0,0.0
1.940185069551151e-191,0.999999999999999,0.0,0.0
1.81808432016547e-191,0.999999999999999,0.0,0.0
1.703667679494219e-191,0.999999999999999,0.0,0.0
1.5964515671578158e-191,0.999999999999999,0.0,0.0
1.495982835712001e-191,0.999999999999999,0.0,0.0
1.4018368554263117e-191,0.999999999999999,0.0,0.0
1.3136157195922868e-191,0.999999999999999,0.0,0.0
1.2309465627761617e-191,0.999999999999999,0.0,0.0
1.1534799849081707e-191,0.999999999999999,0.0,0.0
1.080888574547893e-191,0.999999999999999,0.0,0.0
1.0128655250842403e-191,0.999999999999999,0.0,0.0
9.491233380214785e-192,0.999999999999999,0.0,0.0
8.893926078707349e-192,0.999999999999999,0.0,0.0
8.334208835113547e-192,0.999999999999999,0.0,0.0
7.809716012096646e-192,0.999999999999999,0.0,0.0
7.31823084785561e-192,0.999999999999999,0.0,0.0
6.85767608701143e-192,0.999999999999999,0.0,0.0
6.4261052011154415e-192,0.999999999999999,0.0,0.0
6.021694161673242e-192,0.999999999999999,0.0,0.0
5.6427337309130056e-192,0.999999999999999,0.0,0.0
5.2876222377152314e-192,0.999999999999999,0.0,0.0
4.9548588081714814e-192,0.999999999999999,0.0,0.0
4.64303702216117e-192,0.999999999999999,0.0,0.0
4.350838969136005e-192,0.999999999999999,0.0,0.0
4.077029677988935e-192,0.999999999999999,0.0,0.0
3.8204518974655155e-192,0.999999999999999,0.0,0.0
3.580021205057186e-192,0.999999999999999,0.0,0.0
3.354721423704247e-192,0.999999999999999,0.0,0.0
3.1436003269373037e-192,0.999999999999999,0.0,0.0
2.945765614305011e-192,0.999999999999999,0.0,0.0
2.7603811400783216e-192,0.999999999999999,0.0,0.0
2.5866633792919054e-192,0.999999999999999,0.0,0.0
2.423878116186512e-192,0.999999999999999,0.0,0.0
2.2713373410560273e-192,0.999999999999999,0.0,0.0
2.128396342383782e-192,0.999999999999999,0.0,0.0
1.9944509819780745e-192,0.999999999999999,0.0,0.0
1.8689351415902977e-192,0.999999999999999,0.0,0.0
1.751318330223843e-192,0.999999999999999,0.0,0.0
1.6411034420211002e-192,0.999999999999999,0.0,0.0
1.537824655252293e-192,0.999999999999999,0.0,0.0
1.441045463526258e-192,0.999999999999999,0.0,0.0
1.3503568309021043e-192,0.999999999999999,0.0,0.0
1.2653754631043591e-192,0.999999999999999,0.0,0.0
1.1857421875349113e-192,0.999999999999999,0.0,0.0
1.1111204352348982e-192,0.999999999999999,0.0,0.0
1.0411948183805685e-192,0.999999999999999,0.0,0.0
9.756697973009214e-193,0.999999999999999,0.0,0.0
9.14268431383299e-193,0.999999999999999,0.0,0.0
8.567312085876419e-193,0.999999999999999,0.0,0.0
8.028149486223741e-193,0.999999999999999,0.0,0.0
7.522917751461984e-193,0.999999999999999,0.0,0.0
7.049481526518323e-193,0.999999999999999,0.0,0.0
6.605839839610832e-193,0.999999999999999,0.0,0.0
6.190117645168388e-193,0.999999999999999,0.0,0.0
5.80055789897601e-193,0.999999999999999,0.0,0.0
5.435514132051316e-193,0.999999999999999,0.0,0.0
5.093443491865705e-193,0.999999999999999,0.0,0.0
4.772900221499081e-193,0.999999999999999,0.0,0.0
4.472529549167837e-193,0.999999999999999,0.0,0.0
4.191061962300296e-193,0.999999999999999,0.0,0.0
3.9273078419590466e-193,0.999999999999999,0.0,0.0
3.680152434932646e-193,0.999999999999999,0.0,0.0
3.4485511422462896e-193,0.999999999999999,0.0,0.0
3.231525104178421e-193,0.999999999999999,0.0,0.0
3.028157063123396e-193,0.999999999999999,0.0,0.0
2.837587486814654e-193,0.999999999999999,0.0,0.0
2.6590109355232586e-193,0.999999999999999,0.0,0.0
2.491672657877807e-193,0.999999999999999,0.0,0.0
2.334865400917998e-193,0.999999999999999,0.0,0.0
2.1879264208995923e-193,0.999999999999999,0.0,0.0
2.0502346822169654e-193,0.999999999999999,0.0,0.0
1.9212082326045487e-193,0.999999999999999,0.0,0.0
1.8003017435234714e-193,0.999999999999999,0.0,0.0
1.6870042053378911e-193,0.999999999999999,0.0,0.0
1.5808367675396995e-193,0.999999999999999,0.0,0.0
1.4813507148933462e-193,0.999999999999999,0.0,0.0
1.3881255709469824e-193,0.999999999999999,0.0,0.0
1.300767320894443e-193,0.999999999999999,0.0,0.0
1.2189067462770128e-193,0.999999999999999,0.0,0.0
1.1421978644866194e-193,0.999999999999999,0.0,0.0
1.0703164664750347e-193,0.999999999999999,0.0,0.0
1.0029587464887297e-193,0.999999999999999,0.0,0.0
9.398400180379804e-194,0.999999999999999,0.0,0.0
8.806935106732797e-194,0.999999999999999,0.0,0.0
8.252692424836525e-194,0.999999999999999,0.0,0.0
7.733329635514995e-194,0.999999999999999,0.0,0.0
7.246651658984993e-194,0.999999999999999,0.0,0.0
6.790601557381153e-194,0.999999999999999,0.0,0.0
6.363251841135977e-194,0.999999999999999,0.0,0.0
5.962796322471327e-194,0.999999999999999,0.0,0.0
5.58754248157028e-194,0.999999999999999,0.0,0.0
5.235904313165093e-194,0.999999999999999,0.0,0.0
4.906395623307441e-194,0.999999999999999,0.0,0.0
4.5976237479898685e-194,0.999999999999999,0.0,0.0
4.30828366707025e-194,0.999999999999999,0.0,0.0
4.037152488621864e-194,0.999999999999999,0.0,0.0
3.783084280397256e-194,0.999999999999999,0.0,0.0
3.545005226561141e-194,0.999999999999999,0.0,0.0
3.321909089222342e-194,0.999999999999999,0.0,0.0
3.112852955582994e-194,0.999999999999999,0.0,0.0
2.916953252730397e-194,0.999999999999999,0.0,0.0
2.7333820132280868e-194,0.999999999999999,0.0,0.0
2.5613633757226958e-194,0.999999999999999,0.0,0.0
2.4001703057764718e-194,0.999999999999999,0.0,0.0
2.2491215230660862e-194,0.999999999999999,0.0,0.0
2.1075786219605928e-194,0.999999999999999,0.0,0.0
1.9749433733086883e-194,0.999999999999999,0.0,0.0
1.8506551960313205e-194,0.999999999999999,0.0,0.0
1.734188787833362e-194,0.999999999999999,0.0,0.0
1.6250519050205874e-194,0.999999999999999,0.0,0.0
1.5227832820383758e-194,0.999999999999999,0.0,0.0
1.4269506819391045e-194,0.999999999999999,0.0,0.0
1.3371490695385512e-194,0.999999999999999,0.0,0.0
1.252998899540184e-194,0.999999999999999,0.0,0.0
1.1741445123921148e-194,0.999999999999999,0.0,0.0
1.1002526310968277e-194,0.999999999999999,0.0,0.0
1.0310109526204701e-194,0.999999999999999,0.0,0.0
9.661268279483184e-195,0.999999999999999,0.0,0.0
9.053260252076855e-195,0.999999999999999,0.0,0.0
8.483515706306327e-195,0.999999999999999,0.0,0.0
7.949626624578245e-195,0.999999999999999,0.0,0.0
7.44933653193161e-195,0.999999999999999,0.0,0.0
6.980530959076952e-195,0.999999999999999,0.0,0.0
6.5412285056205805e-195,0.999999999999999,0.0,0.0
6.129572465702686e-195,0.999999999999999,0.0,0.0
5.7438229806552216e-195,0.999999999999999,0.0,0.0
5.382349685512844e-195,0.999999999999999,0.0,0.0
5.0436248182975016e-195,0.999999999999999,0.0,0.0
4.726216762953167e-195,0.999999999999999,0.0,0.0
4.428783998639991e-195,0.999999999999999,0.0,0.0
4.1500694298146796e-195,0.999999999999999,0.0,0.0
3.888895073133229e-195,0.999999999999999,0.0,0.0
3.644157078720304e-195,0.999999999999999,0.0,0.0
3.4148210647627175e-195,0.999999999999999,0.0,0.0
3.1999177457087286e-195,0.999999999999999,0.0,0.0
2.9985388355958065e-195,0.999999999999999,0.0,0.0
2.8098332091923337e-195,0.999999999999999,0.0,0.0
2.6330033047283606e-195,0.999999999999999,0.0,0.0
2.4673017530116048e-195,0.999999999999999,0.0,0.0
2.312028218681699e-195,0.999999999999999,0.0,0.0
2.1665264402522908e-195,0.999999999999999,0.0,0.0
2.030181456430776e-195,0.999999999999999,0.0,0.0
1.9024170069927345e-195,0.999999999999999,0.0,0.0
1.7826930972259126e-195,0.999999999999999,0.0,0.0
1.670503715649896e-195,0.999999999999999,0.0,0.0
1.5653746953654529e-195,0.999999999999999,0.0,0.0
1.466861709994567e-195,0.999999999999999,0.0,0.0
1.3745483957410288e-195,0.999999999999999,0.0,0.0
1.2880445916344998e-195,0.999999999999999,0.0,0.0
1.2069846905204635e-195,0.999999999999999,0.0,0.0
1.1310260938265477e-195,0.999999999999999,0.0,0.0
1.0598477635743057e-195,0.999999999999999,0.0,0.0
9.931488655165557e-196,0.999999999999999,0.0,0.0
9.306474976655166e-196,0.999999999999999,0.0,0.0
8.720794988378808e-196,0.999999999999999,0.0,0.0
8.171973321811564e-196,0.999999999999999,0.0,0.0
7.657690389625194e-196,0.999999999999999,0.0,0.0
7.175772581983744e-196,0.999999999999999,0.0,0.0
6.724183079811081e-196,0.999999999999999,0.0,0.0
6.301013246202688e-196,0.999999999999999,0.0,0.0
5.904474559597685e-196,0.999999999999999,0.0,0.0
5.532891054616713e-196,0.999999999999999,0.0,0.0
5.184692238617e-196,0.999999999999999,0.0,0.0
4.858406454026506e-196,0.999999999999999,0.0,0.0
4.552654658403163e-196,0.999999999999999,0.0,0.0
4.266144595930701e-196,0.999999999999999,0.0,0.0
3.997665335716974e-196,0.999999999999999,0.0,0.0
3.746082153810969e-196,0.999999999999999,0.0,0.0
3.510331737307423e-196,0.999999999999999,0.0,0.0
3.2894176902692543e-196,0.999999999999999,0.0,0.0
3.082406322473651e-196,0.999999999999999,0.0,0.0
2.888422703183011e-196,0.999999999999999,0.0,0.0
2.706646963262051e-196,0.999999999999999,0.0,0.0
2.5363108300120256e-196,0.999999999999999,0.0,0.0
2.376694380076592e-196,0.999999999999999,0.0,0.0
2.227122996695509e-196,0.999999999999999,0.0,0.0
2.0869645184460523e-196,0.999999999999999,0.0,0.0
1.9556265674213386e-196,0.999999999999999,0.0,0.0
1.8325540455531366e-196,0.999999999999999,0.0,0.0
1.7172267884974149e-196,0.999999999999999,0.0,0.0
1.6091573671667955e-196,0.999999999999999,0.0,0.0
1.5078890276181307e-196,0.999999999999999,0.0,0.0
1.4129937605881595e-196,0.999999999999999,0.0,0.0
1.324070492518161e-196,0.999999999999999,0.0,0.0
1.2407433904220005e-196,0.999999999999999,0.0,0.0
1.1626602734331123e-196,0.999999999999999,0.0,0.0
1.0894911243168448e-196,0.999999999999999,0.0,0.0
1.0209266946570958e-196,0.999999999999999,0.0,0.0
9.56677197822077e-197,0.999999999999999,0.0,0.0
8.964710841850452e-197,0.999999999999999,0.0,0.0
8.400538934234902e-197,0.999999999999999,0.0,0.0
7.871871790460333e-197,0.999999999999999,0.0,0.0
7.376475006015658e-197,0.999999999999999,0.0,0.0
6.912254793112143e-197,0.999999999999999,0.0,0.0
6.477249131317719e-197,0.999999999999999,0.0,0.0
6.069619475104248e-197,0.999999999999999,0.0,0.0
5.687642983259786e-197,0.999999999999999,0.0,0.0
5.329705237323575e-197,0.999999999999999,0.0,0.0
4.9942934182683206e-197,0.999999999999999,0.0,0.0
4.679989912591096e-197,0.999999999999999,0.0,0.0
4.385466320789105e-197,0.999999999999999,0.0,0.0
4.1094778428972035e-197,0.999999999999999,0.0,0.0
3.850858017357735e-197,0.999999999999999,0.0,0.0
3.6085137909865814e-197,0.999999999999999,0.0,0.0
3.3814208991987083e-197,0.999999999999999,0.0,0.0
3.168619536967795e-197,0.999999999999999,0.0,0.0
2.969210302223306e-197,0.999999999999999,0.0,0.0
2.782350394539849e-197,0.999999999999999,0.0,0.0
2.6072500530526036e-197,0.999999999999999,0.0,0.0
2.443169218543746e-197,0.999999999999999,0.0,0.0
2.2894144055921995e-197,0.999999999999999,0.0,0.0
2.1453357715669155e-197,0.999999999999999,0.0,0.0
2.0103243700758048e-197,0.999999999999999,0.0,0.0
1.8838095772620767e-197,0.999999999999999,0.0,0.0
1.765256680070246e-197,0.999999999999999,0.0,0.0
1.6541646162886604e-197,0.999999999999999,0.0,0.0
1.5500638568168598e-197,0.999999999999999,0.0,0.0
1.4525144212072032e-197,0.999999999999999,0.0,0.0
1.3611040180934743e-197,0.999999999999999,0.0,0.0
1.2754463026470186e-197,0.999999999999999,0.0,0.0
1.1951792436955625e-197,0.999999999999999,0.0,0.0
1.1199635936033781e-197,0.999999999999999,0.0,0.0
1.049481454445752e-197,0.999999999999999,0.0,0.0
9.83434934417719e-198,0.999999999999999,0.0,0.0
9.2154488879839e-198,0.999999999999999,0.0,0.0
8.635497401495766e-198,0.999999999999999,0.0,0.0
8.092043727622963e-198,0.999999999999999,0.0,0.0
7.582790966785545e-198,0.999999999999999,0.0,0.0
7.105586769098527e-198,0.999999999999999,0.0,0.0
6.6584142374943e-198,0.999999999999999,0.0,0.0
6.239383403334534e-198,0.999999999999999,0.0,0.0
5.846723238483368e-198,0.999999999999999,0.0,0.0
5.4787741700810175e-198,0.999999999999999,0.0,0.0
5.1339810663816036e-198,0.999999999999999,0.0,0.0
4.810886664009921e-198,0.999999999999999,0.0,0.0
4.508125408857553e-198,0.999999999999999,0.0,0.0
4.224417684586961e-198,0.999999999999999,0.0,0.0
3.958564404350391e-198,0.999999999999999,0.0,0.0
3.709441942865578e-198,0.999999999999999,0.0,0.0
3.4759973874287384e-198,0.999999999999999,0.0,0.0
3.2572440877933043e-198,0.999999999999999,0.0,0.0
3.052257486106049e-198,0.999999999999999,0.0,0.0
2.8601712092758594e-198,0.999999999999999,0.0,0.0
2.68017340725962e-198,0.999999999999999,0.0,0.0
2.5115033217890208e-198,0.999999999999999,0.0,0.0
2.3534480710360557e-198,0.999999999999999,0.0,0.0
2.2053396366276485e-198,0.999999999999999,0.0,0.0
2.0665520402750614e-198,0.999999999999999,0.0,0.0
1.9364986980851498e-198,0.999999999999999,0.0,0.0
1.8146299413714964e-198,0.999999999999999,0.0,0.0
1.700430693487163e-198,0.999999999999999,0.0,0.0
1.593418292860233e-198,0.999999999999999,0.0,0.0
1.4931404530312232e-198,0.999999999999999,0.0,0.0
1.3991733510704991e-198,0.999999999999999,0.0,0.0
1.3111198362964136e-198,0.999999999999999,0.0,0.0
1.2286077517233378e-198,0.999999999999999,0.0,0.0
1.1512883611452108e-198,0.999999999999999,0.0,0.0
1.078834875206695e-198,0.999999999999999,0.0,0.0
1.0109410702323998e-198,0.999999999999999,0.0,0.0
9.47319993976672e-199,0.999999999999999,0.0,0.0
8.877027528238219e-199,0.999999999999999,0.0,0.0
8.318373753129043e-199,0.999999999999999,0.0,0.0
7.794877471837586e-199,0.999999999999999,0.0,0.0
7.304326134432895e-199,0.999999999999999,0.0,0.0
6.844646432342415e-199,0.999999999999999,0.0,0.0
6.413895535541431e-199,0.999999999999999,0.0,0.0
6.010252881208328e-199,0.999999999999999,0.0,0.0
5.63201247914052e-199,0.999999999999999,0.0,0.0
5.277575701410005e-199,0.999999999999999,0.0,0.0
4.945444525784115e-199,0.999999999999999,0.0,0.0
4.634215204354871e-199,0.999999999999999,0.0,0.0
4.342572330617496e-199,0.999999999999999,0.0,0.0
4.0692832799226648e-199,0.999999999999999,0.0,0.0
3.813192999805147e-199,0.999999999999999,0.0,0.0
3.573219128170235e-199,0.999999999999999,0.0,0.0
3.3483474187050297e-199,0.999999999999999,0.0,0.0
3.137627454180163e-199,0.999999999999999,0.0,0.0
2.940168629524269e-199,0.999999999999999,0.0,0.0
2.755136387693733e-199,0.999999999999999,0.0,0.0
2.581748692428668e-199,0.999999999999999,0.0,0.0
2.419272722987274e-199,0.999999999999999,0.0,0.0
2.26702177688891e-199,0.999999999999999,0.0,0.0
2.1243523675753797e-199,0.999999999999999,0.0,0.0
1.9906615047237204e-199,0.999999999999999,0.0,0.0
1.865384145715786e-199,0.999999999999999,0.0,0.0
1.7479908074932846e-199,0.999999999999999,0.0,0.0
1.6379853287048166e-199,0.999999999999999,0.0,0.0
1.534902772686654e-199,0.999999999999999,0.0,0.0
1.4383074624142393e-199,0.999999999999999,0.0,0.0
1.3477911391191508e-199,0.999999999999999,0.0,0.0
1.262971236788957e-199,0.999999999999999,0.0,0.0
1.1834892652571548e-199,0.999999999999999,0.0,0.0
1.109009295049345e-199,0.999999999999999,0.0,0.0
1.039216537581864e-199,0.999999999999999,0.0,0.0
9.738160147121085e-200,0.999999999999999,0.0,0.0
9.125313120174148e-200,0.999999999999999,0.0,0.0
8.55103410533253e-200,0.999999999999999,0.0,0.0
8.012895920130868e-200,0.999999999999999,0.0,0.0
7.508624130829971e-200,0.999999999999999,0.0,0.0
7.03608743955348e-200,0.999999999999999,0.0,0.0
6.593288676386312e-200,0.999999999999999,0.0,0.0
6.178356358363096e-200,0.999999999999999,0.0,0.0
5.78953677967082e-200,0.999999999999999,0.0,0.0
5.425186599635002e-200,0.999999999999999,0.0,0.0
5.0837658971626163e-200,0.999999999999999,0.0,0.0
4.7638316622864944e-200,0.999999999999999,0.0,0.0
4.464031697303267e-200,0.999999999999999,0.0,0.0
4.1830989017281214e-200,0.999999999999999,0.0,0.0
3.9198459169117896e-200,0.999999999999999,0.0,0.0
3.673160107685324e-200,0.999999999999999,0.0,0.0
3.441998859822654e-200,0.999999999999999,0.0,0.0
3.2253851734456974e-200,0.999999999999999,0.0,0.0
3.022403533747639e-200,0.999999999999999,0.0,0.0
2.832196041582012e-200,0.999999999999999,0.0,0.0
2.653958787563598e-200,0.999999999999999,0.0,0.0
2.486938454356315e-200,0.999999999999999,0.0,0.0
2.330429132787717e-200,0.999999999999999,0.0,0.0
2.1837693383334537e-200,0.999999999999999,0.0,0.0
2.0463392153618996e-200,0.999999999999999,0.0,0.0
1.91755791732274e-200,0.999999999999999,0.0,0.0
1.7968811518069026e-200,0.999999999999999,0.0,0.0
1.6837988801020776e-200,0.999999999999999,0.0,0.0
1.577833161521016e-200,0.999999999999999,0.0,0.0
1.478536133391703e-200,0.999999999999999,0.0,0.0
1.3854881181718463e-200,0.999999999999999,0.0,0.0
1.2982958496874405e-200,0.999999999999999,0.0,0.0
1.2165908109986161e-200,0.999999999999999,0.0,0.0
1.1400276768677934e-200,0.999999999999999,0.0,0.0
1.0682828542472496e-200,0.999999999999999,0.0,0.0
1.001053114617494e-200,0.999999999999999,0.0,0.0
9.380543123960425e-201,0.999999999999999,0.0,0.0
8.790201839999695e-201,0.999999999999999,0.0,0.0
8.23701222486486e-201,0.999999999999999,0.0,0.0
7.71863623015231e-201,0.999999999999999,0.0,0.0
7.232882946752859e-201,0.999999999999999,0.0,0.0
6.777699345004111e-201,0.999999999999999,0.0,0.0
6.351161597588452e-201,0.999999999999999,0.0,0.0
5.951466948502986e-201,0.999999999999999,0.0,0.0
5.576926093735745e-201,0.999999999999999,0.0,0.0
5.225956041445205e-201,0.999999999999999,0.0,0.0
4.897073421466738e-201,0.999999999999999,0.0,0.0
4.588888215868739e-201,0.999999999999999,0.0,0.0
4.300097884060694e-201,0.999999999999999,0.0,0.0
4.0294818576230414e-201,0.999999999999999,0.0,0.0
3.775896381591314e-201,0.999999999999999,0.0,0.0
3.538269680391289e-201,0.999999999999999,0.0,0.0
3.31559742799407e-201,0.999999999999999,0.0,0.0
3.1069385031457462e-201,0.999999999999999,0.0,0.0
2.911411011731186e-201,0.999999999999999,0.0,0.0
2.7281885594605164e-201,0.999999999999999,0.0,0.0
2.556496759124874e-201,0.999999999999999,0.0,0.0
2.39560995765937e-201,0.999999999999999,0.0,0.0
2.2448481691802542e-201,0.999999999999999,0.0,0.0
2.1035742010338066e-201,0.999999999999999,0.0,0.0
1.9711909607102263e-201,0.999999999999999,0.0,0.0
1.8471389322402414e-201,0.999999999999999,0.0,0.0
1.7308938114084555e-201,0.999999999999999,0.0,0.0
1.6219642897886944e-201,0.999999999999999,0.0,0.0
1.5198899782356066e-201,0.999999999999999,0.0,0.0
1.424239461056188e-201,0.999999999999999,0.0,0.0
1.3346084726372071e-201,0.999999999999999,0.0,0.0
1.2506181888220755e-201,0.999999999999999,0.0,0.0
1.1719136258156893e-201,0.999999999999999,0.0,0.0
1.0981621398502347e-201,0.999999999999999,0.0,0.0
1.0290520212708164e-201,0.999999999999999,0.0,0.0
9.642911770988302e-202,0.999999999999999,0.0,0.0
9.036058965049504e-202,0.999999999999999,0.0,0.0
8.467396939740244e-202,0.999999999999999,0.0,0.0
7.934522252725213e-202,0.999999999999999,0.0,0.0
7.435182716368902e-202,0.999999999999999,0.0,0.0
6.96726787889511e-202,0.999999999999999,0.0,0.0
6.528800104591144e-202,0.999999999999999,0.0,0.0
6.117926215357313e-202,0.999999999999999,0.0,0.0
5.732909658274826e-202,0.999999999999999,0.0,0.0
5.372123166088438e-202,0.999999999999999,0.0,0.0
5.034041879583474e-202,0.999999999999999,0.0,0.0
4.717236902789048e-202,0.999999999999999,0.0,0.0
4.420369263768621e-202,0.999999999999999,0.0,0.0
4.142184255473282e-202,0.999999999999999,0.0,0.0
3.8815061327394232e-202,0.999999999999999,0.0,0.0
3.637233143017756e-202,0.999999999999999,0.0,0.0
3.408332869831113e-202,0.999999999999999,0.0,0.0
3.19383786928021e-202,0.999999999999999,0.0,0.0
2.9928415811551313e-202,0.999999999999999,0.0,0.0
2.8044944973708986e-202,0.999999999999999,0.0,0.0
2.6280005715330793e-202,0.999999999999999,0.0,0.0
2.4626138544584957e-202,0.999999999999999,0.0,0.0
2.307635341431125e-202,0.999999999999999,0.0,0.0
2.1624100178681486e-202,0.999999999999999,0.0,0.0
2.0263240909097027e-202,0.999999999999999,0.0,0.0
1.8988023952316861e-202,0.999999999999999,0.0,0.0
1.779305962117318e-202,0.999999999999999,0.0,0.0
1.6673297415131695e-202,0.999999999999999,0.0,0.0
1.5624004674419649e-202,0.999999999999999,0.0,0.0
1.4640746577503486e-202,0.999999999999999,0.0,0.0
1.3719367397375797e-202,0.999999999999999,0.0,0.0
1.2855972937431522e-202,0.999999999999999,0.0,0.0
1.2046914072698804e-202,0.999999999999999,0.0,0.0
1.1288771326861818e-202,0.999999999999999,0.0,0.0
1.0578340419890511e-202,0.999999999999999,0.0,0.0
9.912618725194509e-203,0.999999999999999,0.0,0.0
9.28879257906259e-203,0.999999999999999,0.0,0.0
8.704225388751165e-203,0.999999999999999,0.0,0.0
8.156446488960818e-203,0.999999999999999,0.0,0.0
7.64314069960294e-203,0.999999999999999,0.0,0.0
7.162138540722491e-203,0.999999999999999,0.0,0.0
6.711407063220402e-203,0.999999999999999,0.0,0.0
6.289041256621786e-203,0.999999999999999,0.0,0.0
5.893255997575012e-203,0.999999999999999,0.0,0.0
5.522378505052077e-203,0.999999999999999,0.0,0.0
5.174841270362282e-203,0.999999999999999,0.0,0.0
4.8491754320980175e-203,0.999999999999999,0.0,0.0
4.544004568011956e-203,0.999999999999999,0.0,0.0
4.2580388775870865e-203,0.999999999999999,0.0,0.0
3.990069730712338e-203,0.999999999999999,0.0,0.0
3.738964559423804e-203,0.999999999999999,0.0,0.0
3.503662071121611e-203,0.999999999999999,0.0,0.0
3.2831677630311435e-203,0.999999999999999,0.0,0.0
3.0765497189505586e-203,0.999999999999999,0.0,0.0
2.8829346705196e-203,0.999999999999999,0.0,0.0
2.701504306362721e-203,0.999999999999999,0.0,0.0
2.531491813507159e-203,0.999999999999999,0.0,0.0
2.3721786364583075e-203,0.999999999999999,0.0,0.0
2.222891440234666e-203,0.999999999999999,0.0,0.0
2.082999264526676e-203,0.999999999999999,0.0,0.0
1.9519108569515325e-203,0.999999999999999,0.0,0.0
1.8290721741330093e-203,0.999999999999999,0.0,0.0
1.7139640400446445e-203,0.999999999999999,0.0,0.0
1.60609995171931e-203,0.999999999999999,0.0,0.0
1.50502402305102e-203,0.999999999999999,0.0,0.0
1.4103090579984877e-203,0.999999999999999,0.0,0.0
1.3215547450468543e-203,0.999999999999999,0.0,0.0
1.238385965296501e-203,0.999999999999999,0.0,0.0
1.1604512070281088e-203,0.999999999999999,0.0,0.0
1.0874210800431455e-203,0.999999999999999,0.0,0.0
1.0189869235006611e-203,0.999999999999999,0.0,0.0
9.548595013664295e-204,0.999999999999999,0.0,0.0
8.947677799607748e-204,0.999999999999999,0.0,0.0
8.384577824384004e-204,0.999999999999999,0.0,0.0
7.85691515358699e-204,0.999999999999999,0.0,0.0
7.362459628097033e-204,0.999999999999999,0.0,0.0
6.8991214383436e-204,0.999999999999999,0.0,0.0
6.4649422917535e-204,0.999999999999999,0.0,0.0
6.0580871360538936e-204,0.999999999999999,0.0,0.0
5.676836403448752e-204,0.999999999999999,0.0,0.0
5.319578742888895e-204,0.999999999999999,0.0,0.0
4.984804209718646e-204,0.999999999999999,0.0,0.0
4.671097883915227e-204,0.999999999999999,0.0,0.0
4.3771338899484735e-204,0.999999999999999,0.0,0.0
4.101669792985904e-204,0.999999999999999,0.0,0.0
3.843541347758743e-204,0.999999999999999,0.0,0.0
3.6016575778950966e-204,0.999999999999999,0.0,0.0
3.374996164923114e-204,0.999999999999999,0.0,0.0
3.1625991274558346e-204,0.999999999999999,0.0,0.0
2.9635687722958534e-204,0.999999999999999,0.0,0.0
2.7770639003472003e-204,0.999999999999999,0.0,0.0
2.6022962512987725e-204,0.999999999999999,0.0,0.0
2.438527172052824e-204,0.999999999999999,0.0,0.0
2.2850644948176688e-204,0.999999999999999,0.0,0.0
2.1412596116698997e-204,0.999999999999999,0.0,0.0
2.006504733221798e-204,0.999999999999999,0.0,0.0
1.8802303198077338e-204,0.999999999999999,0.0,0.0
1.7619026743324934e-204,0.999999999999999,0.0,0.0
1.6510216866077493e-204,0.999999999999999,0.0,0.0
1.547118719643132e-204,0.999999999999999,0.0,0.0
1.4497546289583482e-204,0.999999999999999,0.0,0.0
1.3585179065449932e-204,0.999999999999999,0.0,0.0
1.2730229416335354e-204,0.999999999999999,0.0,0.0
1.19290839091463e-204,0.999999999999999,0.0,0.0
1.1178356513265248e-204,0.999999999999999,0.0,0.0
1.0474874289538131e-204,0.999999999999999,0.0,0.0
9.815663979890044e-205,0.999999999999999,0.0,0.0
9.19793944089033e-205,0.999999999999999,0.0,0.0
8.61908986815517e-205,0.999999999999999,0.0,0.0
8.076668761818266e-205,0.999999999999999,0.0,0.0
7.568383586432356e-205,0.999999999999999,0.0,0.0
7.092086081599241e-205,0.999999999999999,0.0,0.0
6.645763182376354e-205,0.999999999999999,0.0,0.0
6.227528511085102e-205,0.999999999999999,0.0,0.0
5.835614404561184e-205,0.999999999999999,0.0,0.0
5.468364443150216e-205,0.999999999999999,0.0,0.0
5.124226449872534e-205,0.999999999999999,0.0,0.0
4.801745930168241e-205,0.999999999999999,0.0,0.0
4.4995599244956885e-205,0.999999999999999,0.0,0.0
4.216391247801458e-205,0.999999999999999,0.0,0.0
3.9510430915150662e-205,0.999999999999999,0.0,0.0
3.7023939652537696e-205,0.999999999999999,0.0,0.0
3.4693929568586835e-205,0.999999999999999,0.0,0.0
3.2510552907287975e-205,0.999999999999999,0.0,0.0
3.046458165680256e-205,0.999999999999999,0.0,0.0
2.8547368547396767e-205,0.999999999999999,0.0,0.0
2.6750810503873245e-205,0.999999999999999,0.0,0.0
2.5067314398033763e-205,0.999999999999999,0.0,0.0
2.348976495642587e-205,0.999999999999999,0.0,0.0
2.201149468773618e-205,0.999999999999999,0.0,0.0
2.062625570272879e-205,0.999999999999999,0.0,0.0
1.9328193307626194e-205,0.999999999999999,0.0,0.0
1.8111821259325448e-205,0.999999999999999,0.0,0.0
1.697199857786612e-205,0.999999999999999,0.0,0.0
1.5903907818148244e-205,0.999999999999999,0.0,0.0
1.4903034709065958e-205,0.999999999999999,0.0,0.0
1.3965149074001908e-205,0.999999999999999,0.0,0.0
1.3086286952043174e-205,0.999999999999999,0.0,0.0
1.2262733844354233e-205,0.999999999999999,0.0,0.0
1.1491009014898045e-205,0.999999999999999,0.0,0.0
1.0767850779152393e-205,0.999999999999999,0.0,0.0
1.0090202718644505e-205,0.999999999999999,0.0,0.0
9.455200763039852e-206,0.999999999999999,0.0,0.0
8.860161085187722e-206,0.999999999999999,0.0,0.0
8.302568757962184e-206,0.999999999999999,0.0,0.0
7.780067124956705e-206,0.999999999999999,0.0,0.0
7.290447840107821e-206,0.999999999999999,0.0,0.0
6.831641534150463e-206,0.999999999999999,0.0,0.0
6.401709068456821e-206,0.999999999999999,0.0,0.0
5.998833339293253e-206,0.999999999999999,0.0,0.0
5.621311597855998e-206,0.999999999999999,0.0,0.0
5.267548253626458e-206,0.999999999999999,0.0,0.0
4.936048130629522e-206,0.999999999999999,0.0,0.0
4.6254101480925865e-206,0.999999999999999,0.0,0.0
4.334321398796679e-206,0.999999999999999,0.0,0.0
4.0615516000919084e-206,0.999999999999999,0.0,0.0
3.8059478941245386e-206,0.999999999999999,0.0,0.0
3.566429975298904e-206,0.999999999999999,0.0,0.0
3.34198552438047e-206,0.999999999999999,0.0,0.0
3.131665929942319e-206,0.999999999999999,0.0,0.0
2.9345822790718256e-206,0.999999999999999,0.0,0.0
2.7499016003922895e-206,0.999999999999999,0.0,0.0
2.576843343520712e-206,0.999999999999999,0.0,0.0
2.4146760800821936e-206,0.999999999999999,0.0,0.0
2.262714412337826e-206,0.999999999999999,0.0,0.0
2.1203160763604524e-206,0.999999999999999,0.0,0.0
1.9868792275148876e-206,0.999999999999999,0.0,0.0
1.8618398967697364e-206,0.999999999999999,0.0,0.0
1.7446696070899298e-206,0.999999999999999,0.0,0.0
1.6348731398357083e-206,0.999999999999999,0.0,0.0
1.5319864417277583e-206,0.999999999999999,0.0,0.0
1.4355746635323224e-206,0.999999999999999,0.0,0.0
1.3452303221768122e-206,0.999999999999999,0.0,0.0
1.2605715785281307e-206,0.999999999999999,0.0,0.0
1.1812406235547562e-206,0.999999999999999,0.0,0.0
1.1069021660517246e-206,0.999999999999999,0.0,0.0
1.0372420155368996e-206,0.999999999999999,0.0,0.0
9.719657543291641e-207,0.999999999999999,0.0,0.0
9.107974931960831e-207,0.999999999999999,0.0,0.0
8.534787053118072e-207,0.999999999999999,0.0,0.0
7.997671335969498e-207,0.999999999999999,0.0,0.0
7.494357668223272e-207,0.999999999999999,0.0,0.0
7.022718801490791e-207,0.999999999999999,0.0,0.0
6.58076136050022e-207,0.999999999999999,0.0,0.0
6.166617418122961e-207,0.999999999999999,0.0,0.0
5.778536600604972e-207,0.999999999999999,0.0,0.0
5.4148786896358495e-207,0.999999999999999,0.0,0.0
5.07410668998839e-207,0.999999999999999,0.0,0.0
4.754780333429111e-207,0.999999999999999,0.0,0.0
4.455549991444105e-207,0.999999999999999,0.0,0.0
4.175150971052434e-207,0.999999999999999,0.0,0.0
3.912398169598399e-207,0.999999999999999,0.0,0.0
3.66618106593125e-207,0.999999999999999,0.0,0.0
3.435459026802601e-207,0.999999999999999,0.0,0.0
3.2192569086441295e-207,0.999999999999999,0.0,0.0
3.0166609361365103e-207,0.999999999999999,0.0,0.0
2.8268148401504247e-207,0.999999999999999,0.0,0.0
2.6489162387367044e-207,0.999999999999999,0.0,0.0
2.482213245869908e-207,0.999999999999999,0.0,0.0
2.3260012936122324e-207,0.999999999999999,0.0,0.0
2.1796201542666854e-207,0.999999999999999,0.0,0.0
2.042451149933679e-207,0.999999999999999,0.0,0.0
1.9139145376772815e-207,0.999999999999999,0.0,0.0
1.7934670592495623e-207,0.999999999999999,0.0,0.0
1.6805996450169778e-207,0.999999999999999,0.0,0.0
1.5748352623844723e-207,0.999999999999999,0.0,0.0
1.4757268996236842e-207,0.999999999999999,0.0,0.0
1.3828556765839438e-207,0.999999999999999,0.0,0.0
1.2958290743009956e-207,0.999999999999999,0.0,0.0
1.2142792760209229e-207,0.999999999999999,0.0,0.0
1.1378616126276277e-207,0.999999999999999,0.0,0.0
1.066253105903486e-207,0.999999999999999,0.0,0.0
9.991511034662936e-208,0.999999999999999,0.0,0.0
9.362719996130784e-208,0.999999999999999,0.0,0.0
8.773500366644438e-208,0.999999999999999,0.0,0.0
8.221361817433429e-208,0.999999999999999,0.0,0.0
7.7039707424100155e-208,0.999999999999999,0.0,0.0
7.219140395214715e-208,0.999999999999999,0.0,0.0
6.7648216469624775e-208,0.999999999999999,0.0,0.0
6.339094325627259e-208,0.999999999999999,0.0,0.0
5.940159100460998e-208,0.999999999999999,0.0,0.0
5.566329877146619e-208,0.999999999999999,0.0,0.0
5.216026671543278e-208,0.999999999999999,0.0,0.0
4.8877689319048265e-208,0.999999999999999,0.0,0.0
4.580169281347936e-208,0.999999999999999,0.0,0.0
4.291927654122532e-208,0.999999999999999,0.0,0.0
4.021825800901527e-208,0.999999999999999,0.0,0.0
3.7687221398665783e-208,0.999999999999999,0.0,0.0
3.531546931828011e-208,0.999999999999999,0.0,0.0
3.30929775898665e-208,0.999999999999999,0.0,0.0
3.101035288228588e-208,0.999999999999999,0.0,0.0
2.9058793010465267e-208,0.999999999999999,0.0,0.0
2.7230049733081927e-208,0.999999999999999,0.0,0.0
2.5516393891483353e-208,0.999999999999999,0.0,0.0
2.3910582742503064e-208,0.999999999999999,0.0,0.0
2.240582934710488e-208,0.999999999999999,0.0,0.0
2.0995773885477148e-208,0.999999999999999,0.0,0.0
1.967445677734058e-208,0.999999999999999,0.0,0.0
1.8436293493863079e-208,0.999999999999999,0.0,0.0
1.7276050954724373e-208,0.999999999999999,0.0,0.0
1.618882541057303e-208,0.999999999999999,0.0,0.0
1.5170021717396372e-208,0.999999999999999,0.0,0.0
1.4215333915206625e-208,0.999999999999999,0.0,0.0
1.332072702895945e-208,0.999999999999999,0.0,0.0
1.2482420014786665e-208,0.999999999999999,0.0,0.0
1.1696869779465625e-208,0.999999999999999,0.0,0.0
1.0960756205583788e-208,0.999999999999999,0.0,0.0
1.027096811910751e-208,0.999999999999999,0.0,0.0
9.624590140047198e-209,0.999999999999999,0.0,0.0
9.018890360643335e-209,0.999999999999999,0.0,0.0
8.451308798995403e-209,0.999999999999999,0.0,0.0
7.919446579333097e-209,0.999999999999999,0.0,0.0
7.421055793200442e-209,0.999999999999999,0.0,0.0
6.954029998701184e-209,0.999999999999999,0.0,0.0
6.516395317650704e-209,0.999999999999999,0.0,0.0
6.106302093006643e-209,0.999999999999999,0.0,0.0
5.722017071318506e-209,0.999999999999999,0.0,0.0
5.361916077155469e-209,0.999999999999999,0.0,0.0
5.024477148550956e-209,0.999999999999999,0.0,0.0
4.7082741044510294e-209,0.999999999999999,0.0,0.0
4.411970516979519e-209,0.999999999999999,0.0,0.0
4.134314063043733e-209,0.999999999999999,0.0,0.0
3.8741312314078925e-209,0.999999999999999,0.0,0.0
3.630322362863817e-209,0.999999999999999,0.0,0.0
3.401857002536199e-209,0.999999999999999,0.0,0.0
3.1877695446790527e-209,0.999999999999999,0.0,0.0
2.9871551515561284e-209,0.999999999999999,0.0,0.0
2.799165929156494e-209,0.999999999999999,0.0,0.0
2.6230073435820044e-209,0.999999999999999,0.0,0.0
2.457934862960555e-209,0.999999999999999,0.0,0.0
2.3032508106922298e-209,0.999999999999999,0.0,0.0
2.1583014167286122e-209,0.999999999999999,0.0,0.0
2.0224740544225479e-209,0.999999999999999,0.0,0.0
1.8951946512699307e-209,0.999999999999999,0.0,0.0
1.7759252626000514e-209,0.999999999999999,0.0,0.0
1.664161797959746e-209,0.999999999999999,0.0,0.0
1.5594318905819333e-209,0.999999999999999,0.0,0.0
1.4612929009338822e-209,0.999999999999999,0.0,0.0
1.3693300459072324e-209,0.999999999999999,0.0,0.0
1.2831546457428133e-209,0.999999999999999,0.0,0.0
1.2024024812809142e-209,0.999999999999999,0.0,0.0
1.1267322545939486e-209,0.999999999999999,0.0,0.0
1.0558241464953917e-209,0.999999999999999,0.0,0.0
9.893784648283287e-210,0.999999999999999,0.0,0.0
9.271143778206183e-210,0.999999999999999,0.0,0.0
8.687687271532182e-210,0.999999999999999,0.0,0.0
8.140949157251195e-210,0.999999999999999,0.0,0.0
7.62861865414045e-210,0.999999999999999,0.0,0.0
7.148530404278996e-210,0.999999999999999,0.0,0.0
6.698655321191837e-210,0.999999999999999,0.0,0.0
6.277092013943462e-210,0.999999999999999,0.0,0.0
5.882058750934856e-210,0.999999999999999,0.0,0.0
5.51188592943907e-210,0.999999999999999,0.0,0.0
5.1650090190479405e-210,0.999999999999999,0.0,0.0
4.8399619492055504e-210,0.999999999999999,0.0,0.0
4.5353709128809105e-210,0.999999999999999,0.0,0.0
4.2499485601911795e-210,0.999999999999999,0.0,0.0
3.9824885574348504e-210,0.999999999999999,0.0,0.0
3.731860488538727e-210,0.999999999999999,0.0,0.0
3.497005077369726e-210,0.999999999999999,0.0,0.0
3.27692971071867e-210,0.999999999999999,0.0,0.0
3.070704243034024e-210,0.999999999999999,0.0,0.0
2.8774570651743455e-210,0.999999999999999,0.0,0.0
2.696371420564066e-210,0.999999999999999,0.0,0.0
2.5266819531829103e-210,0.999999999999999,0.0,0.0
2.3676714727990566e-210,0.999999999999999,0.0,0.0
2.2186679237743524e-210,0.999999999999999,0.0,0.0
2.079041544630278e-210,0.999999999999999,0.0,0.0
1.9482022063696e-210,0.999999999999999,0.0,0.0
1.82559691830417e-210,0.999999999999999,0.0,0.0
1.7107074908472843e-210,0.999999999999999,0.0,0.0
1.6030483453924264e-210,0.999999999999999,0.0,0.0
1.5021644620218708e-210,0.999999999999999,0.0,0.0
1.4076294563711776e-210,0.999999999999999,0.0,0.0
1.3190437775214577e-210,0.999999999999999,0.0,0.0
1.2360330193028363e-210,0.999999999999999,0.0,0.0
1.1582463378718548e-210,0.999999999999999,0.0,0.0
1.0853549688747254e-210,0.999999999999999,0.0,0.0
1.0170508379292508e-210,0.999999999999999,0.0,0.0
9.53045258552627e-211,0.999999999999999,0.0,0.0
8.930677120319405e-211,0.999999999999999,0.0,0.0
8.368647040804968e-211,0.999999999999999,0.0,0.0
7.841986934476588e-211,0.999999999999999,0.0,0.0
7.348470879539712e-211,0.999999999999999,0.0,0.0
6.88601303708336e-211,0.999999999999999,0.0,0.0
6.452658835310249e-211,0.999999999999999,0.0,0.0
6.0465767085656156e-211,0.999999999999999,0.0,0.0
5.666050356249822e-211,0.999999999999999,0.0,0.0
5.309471488897153e-211,0.999999999999999,0.0,0.0
4.975333030762215e-211,0.999999999999999,0.0,0.0
4.662222750184735e-211,0.999999999999999,0.0,0.0
4.368817290811613e-211,0.999999999999999,0.0,0.0
4.093876578449249e-211,0.999999999999999,0.0,0.0
3.836238579906779e-211,0.999999999999999,0.0,0.0
3.594814391678569e-211,0.999999999999999,0.0,0.0
3.3685836377083165e-211,0.999999999999999,0.0,0.0
3.1565901567834883e-211,0.999999999999999,0.0,0.0
2.957937961332931e-211,0.999999999999999,0.0,0.0
2.7717874505475564e-211,0.999999999999999,0.0,0.0
2.5973518618189107e-211,0.999999999999999,0.0,0.0
2.433893945497686e-211,0.999999999999999,0.0,0.0
2.2807228489180745e-211,0.999999999999999,0.0,0.0
2.1371911965183546e-211,0.999999999999999,0.0,0.0
2.002692353716858e-211,0.999999999999999,0.0,0.0
1.8766578629791406e-211,0.999999999999999,0.0,0.0
1.758555041239927e-211,0.999999999999999,0.0,0.0
1.6478847285253585e-211,0.999999999999999,0.0,0.0
1.5441791782601387e-211,0.999999999999999,0.0,0.0
1.4470000803429761e-211,0.999999999999999,0.0,0.0
1.3559367086348886e-211,0.999999999999999,0.0,0.0
1.2706041850307485e-211,0.999999999999999,0.0,0.0
1.190641852777193e-211,0.999999999999999,0.0,0.0
1.1157117521617484e-211,0.999999999999999,0.0,0.0
1.045497192130691e-211,0.999999999999999,0.0,0.0
9.797014117986038e-212,0.999999999999999,0.0,0.0
9.180463261925215e-212,0.999999999999999,0.0,0.0
8.602713509295635e-212,0.999999999999999,0.0,0.0
8.061323008605759e-212,0.999999999999999,0.0,0.0
7.55400358024911e-212,0.999999999999999,0.0,0.0
7.078611045544205e-212,0.999999999999999,0.0,0.0
6.63313616439245e-212,0.999999999999999,0.0,0.0
6.215696143252123e-212,0.999999999999999,0.0,0.0
5.824526677537005e-212,0.999999999999999,0.0,0.0
5.457974494806992e-212,0.999999999999999,0.0,0.0
5.114490367234543e-212,0.999999999999999,0.0,0.0
4.792622563814298e-212,0.999999999999999,0.0,0.0
4.4910107146416686e-212,0.999999999999999,0.0,0.0
4.2083800613278954e-212,0.999999999999999,0.0,0.0
3.943536069251011e-212,0.999999999999999,0.0,0.0
3.6953593788714667e-212,0.999999999999999,0.0,0.0
3.462801074774222e-212,0.999999999999999,0.0,0.0
3.2448782524419746e-212,0.999999999999999,0.0,0.0
3.040669864022553e-212,0.999999999999999,0.0,0.0
2.8493128255326625e-212,0.999999999999999,0.0,0.0
2.66999836904514e-212,0.999999999999999,0.0,0.0
2.501968624442282e-212,0.999999999999999,0.0,0.0
2.3445134162880735e-212,0.999999999999999,0.0,0.0
2.1969672622813414e-212,0.999999999999999,0.0,0.0
2.058706560603837e-212,0.999999999999999,0.0,0.0
1.9291469542756126e-212,0.999999999999999,0.0,0.0
1.8077408613781708e-212,0.999999999999999,0.0,0.0
1.6939751607069175e-212,0.999999999999999,0.0,0.0
1.5873690230713496e-212,0.999999999999999,0.0,0.0
1.4874718790770053e-212,0.999999999999999,0.0,0.0
1.3938615148000314e-212,0.999999999999999,0.0,0.0
1.306142287305761e-212,0.999999999999999,0.0,0.0
1.2239434524692185e-212,0.999999999999999,0.0,0.0
1.1469175980301045e-212,0.999999999999999,0.0,0.0
1.0747391752595911e-212,0.999999999999999,0.0,0.0
1.0071031230330357e-212,0.999999999999999,0.0,0.0
9.437235784932764e-213,0.999999999999999,0.0,0.0
8.843326688551442e-213,0.999999999999999,0.0,0.0
8.28679379244771e-213,0.999999999999999,0.0,0.0
7.765284917886298e-213,0.999999999999999,0.0,0.0
7.27659591468384e-213,0.999999999999999,0.0,0.0
6.818661345398021e-213,0.999999999999999,0.0,0.0
6.389545755784252e-213,0.999999999999999,0.0,0.0
5.987435494624557e-213,0.999999999999999,0.0,0.0
5.610631048355309e-213,0.999999999999999,0.0,0.0
5.257539858096209e-213,0.999999999999999,0.0,0.0
4.9266695887217806e-213,0.999999999999999,0.0,0.0
4.616621821527211e-213,0.999999999999999,0.0,0.0
4.326086143830667e-213,0.999999999999999,0.0,0.0
4.053834610531869e-213,0.999999999999999,0.0,0.0
3.798716554218787e-213,0.999999999999999,0.0,0.0
3.559653721887432e-213,0.999999999999999,0.0,0.0
3.335635717720162e-213,0.999999999999999,0.0,0.0
3.12571573266147e-213,0.999999999999999,0.0,0.0
2.92900654274235e-213,0.999999999999999,0.0,0.0
2.7446767592402332e-213,0.999999999999999,0.0,0.0
2.5719473148258276e-213,0.999999999999999,0.0,0.0
2.4100881708456227e-213,0.999999999999999,0.0,0.0
2.258415231823422e-213,0.999999999999999,0.0,0.0
2.116287454140095e-213,0.999999999999999,0.0,0.0
1.9831041366714166e-213,0.999999999999999,0.0,0.0
1.8583023819329156e-213,0.999999999999999,0.0,0.0
1.7413547170012932e-213,0.999999999999999,0.0,0.0
1.631766864157267e-213,0.999999999999999,0.0,0.0
1.5290756518274977e-213,0.999999999999999,0.0,0.0
1.432847056996218e-213,0.999999999999999,0.0,0.0
1.342674370812843e-213,0.999999999999999,0.0,0.0
1.2581764796425318e-213,0.999999999999999,0.0,0.0
1.1789962542945802e-213,0.999999999999999,0.0,0.0
1.104799040620741e-213,0.999999999999999,0.0,0.0
1.0352712451040064e-213,0.999999999999999,0.0,0.0
9.701190094598625e-214,0.999999999999999,0.0,0.0
9.090669686482368e-214,0.999999999999999,0.0,0.0
8.518570870468915e-214,0.999999999999999,0.0,0.0
7.982475678673675e-214,0.999999999999999,0.0,0.0
7.480118312041371e-214,0.999999999999999,0.0,0.0
7.009375563977085e-214,0.999999999999999,0.0,0.0
6.568257846642379e-214,0.999999999999999,0.0,0.0
6.154900781989289e-214,0.999999999999999,0.0,0.0
5.767557321991803e-214,0.999999999999999,0.0,0.0
5.404590364771073e-214,0.999999999999999,0.0,0.0
5.06446583540654e-214,0.999999999999999,0.0,0.0
4.745746202189088e-214,0.999999999999999,0.0,0.0
4.447084400912785e-214,0.999999999999999,0.0,0.0
4.1672181415262815e-214,0.999999999999999,0.0,0.0
3.904964573081042e-214,0.999999999999999,0.0,0.0
3.6592152844278547e-214,0.999999999999999,0.0,0.0
3.4289316195321435e-214,0.999999999999999,0.0,0.0
3.2131402876083344e-214,0.999999999999999,0.0,0.0
3.0109292495195493e-214,0.999999999999999,0.0,0.0
2.8214438630565695e-214,0.999999999999999,0.0,0.0
2.6438832708041323e-214,0.999999999999999,0.0,0.0
2.4774970153279307e-214,0.999999999999999,0.0,0.0
2.3215818673764464e-214,0.999999999999999,0.0,0.0
2.1754788536920603e-214,0.999999999999999,0.0,0.0
2.0385704718695193e-214,0.999999999999999,0.0,0.0
1.9102780804903947e-214,0.999999999999999,0.0,0.0
1.790059453502982e-214,0.999999999999999,0.0,0.0
1.6774064885112448e-214,0.999999999999999,0.0,0.0
1.5718430592869343e-214,0.999999999999999,0.0,0.0
1.4729230034285433e-214,0.999999999999999,0.0,0.0
1.3802282366619694e-214,0.999999999999999,0.0,0.0
1.293366985813002e-214,0.999999999999999,0.0,0.0
1.2119721329833178e-214,0.999999999999999,0.0,0.0
1.1356996639316616e-214,0.999999999999999,0.0,0.0
1.0642272141023254e-214,0.999999999999999,0.0,0.0
9.972527061557247e-215,0.999999999999999,0.0,0.0
9.344930732426223e-215,0.999999999999999,0.0,0.0
8.756830626259294e-215,0.999999999999999,0.0,0.0
8.205741145936111e-215,0.999999999999999,0.0,0.0
7.689333119244355e-215,0.999999999999999,0.0,0.0
7.205423954664982e-215,0.999999999999999,0.0,0.0
6.75196841667877e-215,0.999999999999999,0.0,0.0
6.327049981606154e-215,0.999999999999999,0.0,0.0
5.928872737445889e-215,0.999999999999999,0.0,0.0
5.555753793477336e-215,0.999999999999999,0.0,0.0
5.206116167545674e-215,0.999999999999999,0.0,0.0
4.878482120968203e-215,0.999999999999999,0.0,0.0
4.571466912891858e-215,0.999999999999999,0.0,0.0
4.283772947704778e-215,0.999999999999999,0.0,0.0
4.014184290766053e-215,0.999999999999999,0.0,0.0
3.761561529274464e-215,0.999999999999999,0.0,0.0
3.5248369565557313e-215,0.999999999999999,0.0,0.0
3.3030100594147466e-215,0.999999999999999,0.0,0.0
3.0951432894801215e-215,0.999999999999999,0.0,0.0
2.900358100668719e-215,0.999999999999999,0.0,0.0
2.7178312360225506e-215,0.999999999999999,0.0,0.0
2.546791248224409e-215,0.999999999999999,0.0,0.0
2.3865152390862526e-215,0.999999999999999,0.0,0.0
2.2363258042298184e-215,0.999999999999999,0.0,0.0
2.0955881700462061e-215,0.999999999999999,0.0,0.0
1.963707510833833e-215,0.999999999999999,0.0,0.0
1.840126434775676e-215,0.999999999999999,0.0,0.0
1.7243226281303182e-215,0.999999999999999,0.0,0.0
1.615806647680007e-215,0.999999999999999,0.0,0.0
1.5141198521055332e-215,0.999999999999999,0.0,0.0
1.4188324635449195e-215,0.999999999999999,0.0,0.0
1.329541751143115e-215,0.999999999999999,0.0,0.0
1.245870328915502e-215,0.999999999999999,0.0,0.0
1.1674645607311504e-215,0.999999999999999,0.0,0.0
1.0939930656745083e-215,0.999999999999999,0.0,0.0
1.025145317468458e-215,0.999999999999999,0.0,0.0
9.606303320392184e-216,0.999999999999999,0.0,0.0
9.001754376761054e-216,0.999999999999999,0.0,0.0
8.435251225882445e-216,0.999999999999999,0.0,0.0
7.904399549874546e-216,0.999999999999999,0.0,0.0
7.406955711330422e-216,0.999999999999999,0.0,0.0
6.94081727061496e-216,0.999999999999999,0.0,0.0
6.504014099932267e-216,0.999999999999999,0.0,0.0
6.094700056607274e-216,0.999999999999999,0.0,0.0
5.71114518038876e-216,0.999999999999999,0.0,0.0
5.351728381795824e-216,0.999999999999999,0.0,0.0
5.014930590605183e-216,0.999999999999999,0.0,0.0
4.6993283355214826e-216,0.999999999999999,0.0,0.0
4.40358772789518e-216,0.999999999999999,0.0,0.0
4.126458824060259e-216,0.999999999999999,0.0,0.0
3.8667703424642865e-216,0.999999999999999,0.0,0.0
3.62342471326282e-216,0.999999999999999,0.0,0.0
3.395393439455349e-216,0.999999999999999,0.0,0.0
3.181712749956675e-216,0.999999999999999,0.0,0.0
2.981479526231497e-216,0.999999999999999,0.0,0.0
2.793847485276172e-216,0.999999999999999,0.0,0.0
2.618023602815083e-216,0.999999999999999,0.0,0.0
2.4532647615942948e-216,0.999999999999999,0.0,0.0
2.2988746106065615e-216,0.999999999999999,0.0,0.0
2.1542006219732434e-216,0.999999999999999,0.0,0.0
2.018631333044078e-216,0.999999999999999,0.0,0.0
1.891593762058585e-216,0.999999999999999,0.0,0.0
1.7725509864464292e-216,0.999999999999999,0.0,0.0
1.6609998735314603e-216,0.999999999999999,0.0,0.0
1.556468954048284e-216,0.999999999999999,0.0,0.0
1.4585164294838057e-216,0.999999999999999,0.0,0.0
1.3667283048218118e-216,0.999999999999999,0.0,0.0
1.2807166387986468e-216,0.999999999999999,0.0,0.0
1.2001179042747273e-216,0.999999999999999,0.0,0.0
1.124591451792018e-216,0.999999999999999,0.0,0.0
1.053818069823718e-216,0.999999999999999,0.0,0.0
9.874986356310742e-217,0.999999999999999,0.0,0.0
9.25352851025183e-217,0.999999999999999,0.0,0.0
8.671180576904988e-217,0.999999999999999,0.0,0.0
8.125481270630254e-217,0.999999999999999,0.0,0.0
7.614124200712799e-217,0.999999999999999,0.0,0.0
7.134948123433863e-217,0.999999999999999,0.0,0.0
6.685927807603489e-217,0.999999999999999,0.0,0.0
6.265165474948385e-217,0.999999999999999,0.0,0.0
5.8708827791777864e-217,0.999999999999999,0.0,0.0
5.501413289826993e-217,0.999999999999999,0.0,0.0
5.155195449111612e-217,0.999999999999999,0.0,0.0
4.830765972024769e-217,0.999999999999999,0.0,0.0
4.5267536617828765e-217,0.999999999999999,0.0,0.0
4.2418736144810314e-217,0.999999999999999,0.0,0.0
3.9749217884640925e-217,0.999999999999999,0.0,0.0
3.724769915460958e-217,0.999999999999999,0.0,0.0
3.490360731974026e-217,0.999999999999999,0.0,0.0
3.2707035107693625e-217,0.999999999999999,0.0,0.0
3.064869873581491e-217,0.999999999999999,0.0,0.0
2.8719898673352458e-217,0.999999999999999,0.0,0.0
2.691248287300903e-217,0.999999999999999,0.0,0.0
2.5218812316424492e-217,0.999999999999999,0.0,0.0
2.363172872796835e-217,0.999999999999999,0.0,0.0
2.2144524320384905e-217,0.999999999999999,0.0,0.0
2.075091344442143e-217,0.999999999999999,0.0,0.0
1.944500602261686e-217,0.999999999999999,0.0,0.0
1.822128265496933e-217,0.999999999999999,0.0,0.0
1.7074571291266912e-217,0.999999999999999,0.0,0.0
1.6000025371487603e-217,0.999999999999999,0.0,0.0
1.4993103341879109e-217,0.999999999999999,0.0,0.0
1.4049549460143531e-217,0.999999999999999,0.0,0.0
1.3165375808600292e-217,0.999999999999999,0.0,0.0
1.2336845439306141e-217,0.999999999999999,0.0,0.0
1.1560456579895384e-217,0.999999999999999,0.0,0.0
1.0832927833386473e-217,0.999999999999999,0.0,0.0
1.015118430940219e-217,0.999999999999999,0.0,0.0
9.512344628187183e-218,0.999999999999999,0.0,0.0
8.913708742495511e-218,0.999999999999999,0.0,0.0
8.352746525877595e-218,0.999999999999999,0.0,0.0
7.827087079135104e-218,0.999999999999999,0.0,0.0
7.334508709747656e-218,0.999999999999999,0.0,0.0
6.872929541919521e-218,0.999999999999999,0.0,0.0
6.440398717559812e-218,0.999999999999999,0.0,0.0
6.035088151007233e-218,0.999999999999999,0.0,0.0
5.65528480265083e-218,0.999999999999999,0.0,0.0
5.299383438791317e-218,0.999999999999999,0.0,0.0
4.965879847142619e-218,0.999999999999999,0.0,0.0
4.653364479299058e-218,0.999999999999999,0.0,0.0
4.36051649329813e-218,0.999999999999999,0.0,0.0
4.086098171099879e-218,0.999999999999999,0.0,0.0
3.8289496873883863e-218,0.999999999999999,0.0,0.0
3.587984207585808e-218,0.999999999999999,0.0,0.0
3.3621832943607794e-218,0.999999999999999,0.0,0.0
3.150592603216846e-218,0.999999999999999,0.0,0.0
2.9523178489683986e-218,0.999999999999999,0.0,0.0
2.76652102605647e-218,0.999999999999999,0.0,0.0
2.5924168667296054e-218,0.999999999999999,0.0,0.0
2.4292695221203656e-218,0.999999999999999,0.0,0.0
2.2763894521900717e-218,0.999999999999999,0.0,0.0
2.1331305113971868e-218,0.999999999999999,0.0,0.0
1.998887217771949e-218,0.999999999999999,0.0,0.0
1.8730921938550414e-218,0.999999999999999,0.0,0.0
1.7552137686844574e-218,0.999999999999999,0.0,0.0
1.644753730695392e-218,0.999999999999999,0.0,0.0
1.541245222035823e-218,0.999999999999999,0.0,0.0
1.4442507653981322e-218,0.999999999999999,0.0,0.0
1.3533604150272002e-218,0.999999999999999,0.0,0.0
1.2681900240902335e-218,0.999999999999999,0.0,0.0
1.1883796210853877e-218,0.999999999999999,0.0,0.0
1.1135918884270975e-218,0.999999999999999,0.0,0.0
1.0435107367778787e-218,0.999999999999999,0.0,0.0
9.778399691010306e-219,0.999999999999999,0.0,0.0
9.163020287878789e-219,0.999999999999999,0.0,0.0
8.586368265685345e-219,0.999999999999999,0.0,0.0
8.046006412481232e-219,0.999999999999999,0.0,0.0
7.539650896224616e-219,0.999999999999999,0.0,0.0
7.065161612195427e-219,0.999999999999999,0.0,0.0
6.6205331378718e-219,0.999999999999999,0.0,0.0
6.203886257038988e-219,0.999999999999999,0.0,0.0
5.813460017307522e-219,0.999999999999999,0.0,0.0
5.447604287471834e-219,0.999999999999999,0.0,0.0
5.104772783253095e-219,0.999999999999999,0.0,0.0
4.783516531949694e-219,0.999999999999999,0.0,0.0
4.4824777483737684e-219,0.999999999999999,0.0,0.0
4.2003840961905286e-219,0.999999999999999,0.0,0.0
3.936043310406001e-219,0.999999999999999,0.0,0.0
3.688338158275204e-219,0.999999999999999,0.0,0.0
3.456221717333109e-219,0.999999999999999,0.0,0.0
3.238712950591044e-219,0.999999999999999,0.0,0.0
3.0348925601971725e-219,0.999999999999999,0.0,0.0
2.843899102036591e-219,0.999999999999999,0.0,0.0
2.664925344849466e-219,0.999999999999999,0.0,0.0
2.4972148584790647e-219,0.999999999999999,0.0,0.0
2.3400588168299604e-219,0.999999999999999,0.0,0.0
2.1927930020241553e-219,0.999999999999999,0.0,0.0
2.0547949970932306e-219,0.999999999999999,0.0,0.0
1.9254815553414735e-219,0.999999999999999,0.0,0.0
1.8043061352616302e-219,0.999999999999999,0.0,0.0
1.6907565905846402e-219,0.999999999999999,0.0,0.0
1.5843530057003784e-219,0.999999999999999,0.0,0.0
1.484645667300838e-219,0.999999999999999,0.0,0.0
1.3912131636729373e-219,0.999999999999999,0.0,0.0
1.3036606036076298e-219,0.999999999999999,0.0,0.0
1.2216179473975676e-219,0.999999999999999,0.0,0.0
1.1447384428692972e-219,0.999999999999999,0.0,0.0
1.0726971598399034e-219,0.999999999999999,0.0,0.0
1.0051896168039987e-219,0.999999999999999,0.0,0.0
9.419304940467724e-220,0.999999999999999,0.0,0.0
8.826524277440858e-220,0.999999999999999,0.0,0.0
8.27104879952897e-220,0.999999999999999,0.0,0.0
7.750530797160434e-220,0.999999999999999,0.0,0.0
7.262770308059763e-220,0.999999999999999,0.0,0.0
6.805705819136898e-220,0.999999999999999,0.0,0.0
6.377405553530097e-220,0.999999999999999,0.0,0.0
5.9760593059772424e-220,0.999999999999999,0.0,0.0
5.599970792007851e-220,0.999999999999999,0.0,0.0
5.247550478619774e-220,0.999999999999999,0.0,0.0
4.917308866139532e-220,0.999999999999999,0.0,0.0
4.607850192872146e-220,0.999999999999999,0.0,0.0
4.317866535933273e-220,0.999999999999999,0.0,0.0
4.046132283330878e-220,0.999999999999999,0.0,0.0
3.791498953932776e-220,0.999999999999999,0.0,0.0
3.5528903434267094e-220,0.999999999999999,0.0,0.0
3.3292979757574177e-220,0.999999999999999,0.0,0.0
3.1197768408162777e-220,0.999999999999999,0.0,0.0
2.9234414003688957e-220,0.999999999999999,0.0,0.0
2.7394618453397738e-220,0.999999999999999,0.0,0.0
2.5670605886355106e-220,0.999999999999999,0.0,0.0
2.405508978683499e-220,0.999999999999999,0.0,0.0
2.254124219795942e-220,0.999999999999999,0.0,0.0
2.1122664863431373e-220,0.999999999999999,0.0,0.0
1.9793362185391376e-220,0.999999999999999,0.0,0.0
1.854771588410446e-220,0.999999999999999,0.0,0.0
1.73804612523771e-220,0.999999999999999,0.0,0.0
1.628666490434367e-220,0.999999999999999,0.0,0.0
1.526170392457802e-220,0.999999999999999,0.0,0.0
1.430124632940414e-220,0.999999999999999,0.0,0.0
1.3401232757825922e-220,0.999999999999999,0.0,0.0
1.255785931469298e-220,0.999999999999999,0.0,0.0
1.1767561493589403e-220,0.999999999999999,0.0,0.0
1.1026999111495744e-220,0.999999999999999,0.0,0.0
1.0333042191550808e-220,0.999999999999999,0.0,0.0
9.6827577342469e-221,0.999999999999999,0.0,0.0
9.073397321147207e-221,0.999999999999999,0.0,0.0
8.502385498732553e-221,0.999999999999999,0.0,0.0
7.967308893282042e-221,0.999999999999999,0.0,0.0
7.46590601078177e-221,0.999999999999999,0.0,0.0
6.99605767875105e-221,0.999999999999999,0.0,0.0
6.5557780895886775e-221,0.999999999999999,0.0,0.0
6.143206407584039e-221,0.999999999999999,0.0,0.0
5.756598904120229e-221,0.999999999999999,0.0,0.0
5.394321587828708e-221,0.999999999999999,0.0,0.0
5.054843298546945e-221,0.999999999999999,0.0,0.0
4.736729235890771e-221,0.999999999999999,0.0,0.0
4.438634895090011e-221,0.999999999999999,0.0,0.0
4.15930038445732e-221,0.999999999999999,0.0,0.0
3.897545100473056e-221,0.999999999999999,0.0,0.0
3.652262737980522e-221,0.999999999999999,0.0,0.0
3.4224166144022244e-221,0.999999999999999,0.0,0.0
3.207035288215032e-221,0.999999999999999,0.0,0.0
3.005208453165751e-221,0.999999999999999,0.0,0.0
2.816083090874096e-221,0.999999999999999,0.0,0.0
2.63885986556208e-221,0.999999999999999,0.0,0.0
2.4727897456721936e-221,0.999999999999999,0.0,0.0
2.317170838095685e-221,0.999999999999999,0.0,0.0
2.1713454216308612e-221,0.999999999999999,0.0,0.0
2.0346971671333508e-221,0.999999999999999,0.0,0.0
1.9066485326093365e-221,0.999999999999999,0.0,0.0
1.786658322242154e-221,0.999999999999999,0.0,0.0
1.6742193990355143e-221,0.999999999999999,0.0,0.0
1.5688565414058692e-221,0.999999999999999,0.0,0.0
1.4701244346648352e-221,0.999999999999999,0.0,0.0
1.3776057889027052e-221,0.999999999999999,0.0,0.0
1.290909575318304e-221,0.999999999999999,0.0,0.0
1.209669373541068e-221,0.999999999999999,0.0,0.0
1.133541822960318e-221,0.999999999999999,0.0,0.0
1.062205171516296e-221,0.999999999999999,0.0,0.0
9.953579158194517e-222,0.999999999999999,0.0,0.0
9.327175268504547e-222,0.999999999999999,0.0,0.0
8.740192558551283e-222,0.999999999999999,0.0,0.0
8.190150153874316e-222,0.999999999999999,0.0,0.0
7.67472330771234e-222,0.999999999999999,0.0,0.0
7.191733575492507e-222,0.999999999999999,0.0,0.0
6.739139607663993e-222,0.999999999999999,0.0,0.0
6.315028521961813e-222,0.999999999999999,0.0,0.0
5.917607818635883e-222,0.999999999999999,0.0,0.0
5.54519780447514e-222,0.999999999999999,0.0,0.0
5.196224493606974e-222,0.999999999999999,0.0,0.0
4.869212955067292e-222,0.999999999999999,0.0,0.0
4.562781079024804e-222,0.999999999999999,0.0,0.0
4.275633735312577e-222,0.999999999999999,0.0,0.0
4.0065572995779497e-222,0.999999999999999,0.0,0.0
3.754414523915671e-222,0.999999999999999,0.0,0.0
3.5181397303050595e-222,0.999999999999999,0.0,0.0
3.296734306536304e-222,0.999999999999999,0.0,0.0
3.089262485589506e-222,0.999999999999999,0.0,0.0
2.8948473906280686e-222,0.999999999999999,0.0,0.0
2.712667328890638e-222,0.999999999999999,0.0,0.0
2.5419523188177972e-222,0.999999999999999,0.0,0.0
2.3819808357354507e-222,0.999999999999999,0.0,0.0
2.2320767623405795e-222,0.999999999999999,0.0,0.0
2.0916065311006292e-222,0.999999999999999,0.0,0.0
1.9599764464889313e-222,0.999999999999999,0.0,0.0
1.8366301757386125e-222,0.999999999999999,0.0,0.0
1.721046397509704e-222,0.999999999999999,0.0,0.0
1.6127365985315706e-222,0.999999999999999,0.0,0.0
1.511243008908198e-222,0.999999999999999,0.0,0.0
1.41613666735994e-222,0.999999999999999,0.0,0.0
1.3270156082244878e-222,0.999999999999999,0.0,0.0
1.243503162554452e-222,0.999999999999999,0.0,0.0
1.1652463661311661e-222,0.999999999999999,0.0,0.0
1.0919144676662059e-222,0.999999999999999,0.0,0.0
1.0231975308855542e-222,0.999999999999999,0.0,0.0
9.58805124588145e-223,0.999999999999999,0.0,0.0
8.984650951423318e-223,0.999999999999999,0.0,0.0
8.41922416232255e-223,0.999999999999999,0.0,0.0
7.889381109925782e-223,0.999999999999999,0.0,0.0
7.392882419760093e-223,0.999999999999999,0.0,0.0
6.927629646847166e-223,0.999999999999999,0.0,0.0
6.491656406654061e-223,0.999999999999999,0.0,0.0
6.083120064195665e-223,0.999999999999999,0.0,0.0
5.700293946162918e-223,0.999999999999999,0.0,0.0
5.3415600431615046e-223,0.999999999999999,0.0,0.0
5.005402171217095e-223,0.999999999999999,0.0,0.0
4.690399563644349e-223,0.999999999999999,0.0,0.0
4.395220866195792e-223,0.999999999999999,0.0,0.0
4.1186185101111525e-223,0.999999999999999,0.0,0.0
3.85942343928492e-223,0.999999999999999,0.0,0.0
3.6165401692665765e-223,0.999999999999999,0.0,0.0
3.388942157210426e-223,0.999999999999999,0.0,0.0
3.1756674632061847e-223,0.999999999999999,0.0,0.0
2.9758146846530005e-223,0.999999999999999,0.0,0.0
2.7885391464935905e-223,0.999999999999999,0.0,0.0
2.613049331206566e-223,0.999999999999999,0.0,0.0
2.448603533468371e-223,0.999999999999999,0.0,0.0
2.294506725345793e-223,0.999999999999999,0.0,0.0
2.1501076187698313e-223,0.999999999999999,0.0,0.0
2.01479591287551e-223,0.999999999999999,0.0,0.0
1.8879997145735512e-223,0.999999999999999,0.0,0.0
1.7691831214519925e-223,0.999999999999999,0.0,0.0
1.6578439567919114e-223,0.999999999999999,0.0,0.0
1.5535116471243372e-223,0.999999999999999,0.0,0.0
1.455745233357867e-223,0.999999999999999,0.0,0.0
1.3641315070710497e-223,0.999999999999999,0.0,0.0
1.278283264092597e-223,0.999999999999999,0.0,0.0
1.1978376679882063e-223,0.999999999999999,0.0,0.0
1.1224547165372954e-223,0.999999999999999,0.0,0.0
1.0518158047182275e-223,0.999999999999999,0.0,0.0
9.856223781285107e-224,0.999999999999999,0.0,0.0
9.235946711486661e-224,0.999999999999999,0.0,0.0
8.654705245166323e-224,0.999999999999999,0.0,0.0
8.11004277315201e-224,0.999999999999999,0.0,0.0
7.599657286894828e-224,0.999999999999999,0.0,0.0
7.121391649061176e-224,0.999999999999999,0.0,0.0
6.673224476421063e-224,0.999999999999999,0.0,0.0
6.253261596499314e-224,0.999999999999999,0.0,0.0
5.859728041881299e-224,0.999999999999999,0.0,0.0
5.490960548337234e-224,0.999999999999999,0.0,0.0
5.14540052505848e-224,0.999999999999999,0.0,0.0
4.821587467294635e-224,0.999999999999999,0.0,0.0
4.518152783550017e-224,0.999999999999999,0.0,0.0
4.233814011250278e-224,0.999999999999999,0.0,0.0
3.9673693964317294e-224,0.999999999999999,0.0,0.0
3.717692814544519e-224,0.999999999999999,0.0,0.0
3.4837290109024974e-224,0.999999999999999,0.0,0.0
3.264489140663604e-224,0.999999999999999,0.0,0.0
3.059046589490557e-224,0.999999999999999,0.0,0.0
2.866533057227927e-224,0.999999999999999,0.0,0.0
2.6861348880433095e-224,0.999999999999999,0.0,0.0
2.517089631521989e-224,0.999999999999999,0.0,0.0
2.358682820180603e-224,0.999999999999999,0.0,0.0
2.2102449497800186e-224,0.999999999999999,0.0,0.0
2.0711486496747452e-224,0.999999999999999,0.0,0.0
1.9408060312394164e-224,0.999999999999999,0.0,0.0
1.8186662031654871e-224,0.999999999999999,0.0,0.0
1.7042129431265934e-224,0.999999999999999,0.0,0.0
1.5969625159718925e-224,0.999999999999999,0.0,0.0
1.4964616292260107e-224,0.999999999999999,0.0,0.0
1.4022855172545464e-224,0.999999999999999,0.0,0.0
1.3140361459978764e-224,0.999999999999999,0.0,0.0
1.231340530685606e-224,0.999999999999999,0.0,0.0
1.1538491594214942e-224,0.999999999999999,0.0,0.0
1.081234515976168e-224,0.999999999999999,0.0,0.0
1.0131896955442202e-224,0.999999999999999,0.0,0.0
9.494271076152145e-225,0.999999999999999,0.0,0.0
8.89677260476294e-225,0.999999999999999,0.0,0.0
8.336876222091126e-225,0.999999999999999,0.0,0.0
7.812215533671086e-225,0.999999999999999,0.0,0.0
7.320573068220935e-225,0.999999999999999,0.0,0.0
6.859870905530241e-225,0.999999999999999,0.0,0.0
6.428161894158432e-225,0.999999999999999,0.0,0.0
6.023621421825656e-225,0.999999999999999,0.0,0.0
5.644539703713732e-225,0.999999999999999,0.0,0.0
5.289314556083811e-225,0.999999999999999,0.0,0.0
4.9564446246685405e-225,0.999999999999999,0.0,0.0
4.6445230392186195e-225,0.999999999999999,0.0,0.0
4.3522314673847794e-225,0.999999999999999,0.0,0.0
4.078334542803991e-225,0.999999999999999,0.0,0.0
3.821674643840292e-225,0.999999999999999,0.0,0.0
3.5811670009126475e-225,0.999999999999999,0.0,0.0
3.3557951117310325e-225,0.999999999999999,0.0,0.0
3.1446064450632924e-225,0.999999999999999,0.0,0.0
2.946708414874813e-225,0.999999999999999,0.0,0.0
2.7612646078257555e-225,0.999999999999999,0.0,0.0
2.5874912481814192e-225,0.999999999999999,0.0,0.0
2.424653885194737e-225,0.999999999999999,0.0,0.0
2.272064288960152e-225,0.999999999999999,0.0,0.0
2.1290775416192615e-225,0.999999999999999,0.0,0.0
1.9950893116242353e-225,0.999999999999999,0.0,0.0
1.8695332995387298e-225,0.999999999999999,0.0,0.0
1.751878844581001e-225,0.999999999999999,0.0,0.0
1.6416286817933102e-225,0.999999999999999,0.0,0.0
1.5383168403583268e-225,0.999999999999999,0.0,0.0
1.4415066741797892e-225,0.999999999999999,0.0,0.0
1.350789016403703e-225,0.999999999999999,0.0,0.0
1.2657804500801848e-225,0.999999999999999,0.0,0.0
1.1861216876569228e-225,0.999999999999999,0.0,0.0
1.111476052455213e-225,0.999999999999999,0.0,0.0
1.0415280557105435e-225,0.999999999999999,0.0,0.0
9.759820631636115e-226,0.999999999999999,0.0,0.0
9.145610455661362e-226,0.999999999999999,0.0,0.0
8.570054078205004e-226,0.999999999999999,0.0,0.0
8.030718918045915e-226,0.999999999999999,0.0,0.0
7.525325482446487e-226,0.999999999999999,0.0,0.0
7.051737732907498e-226,0.999999999999999,0.0,0.0
6.6079540572303726e-226,0.999999999999999,0.0,0.0
6.192098809730383e-226,0.999999999999999,0.0,0.0
5.802414383845602e-226,0.999999999999999,0.0,0.0
5.437253783636621e-226,0.999999999999999,0.0,0.0
5.095073662780548e-226,0.999999999999999,0.0,0.0
4.774427801638718e-226,0.999999999999999,0.0,0.0
4.473960994829004e-226,0.999999999999999,0.0,0.0
4.192403323468661e-226,0.999999999999999,0.0,0.0
3.92856478787939e-226,0.999999999999999,0.0,0.0
3.6813302780698474e-226,0.999999999999999,0.0,0.0
3.44965486073839e-226,0.999999999999999,0.0,0.0
3.2325593628766536e-226,0.999999999999999,0.0,0.0
3.029126233308117e-226,0.999999999999999,0.0,0.0
2.8384956646705024e-226,0.999999999999999,0.0,0.0
2.659861959451621e-226,0.999999999999999,0.0,0.0
2.492470124719771e-226,0.999999999999999,0.0,0.0
2.335612681156353e-226,0.999999999999999,0.0,0.0
2.1886266729041274e-226,0.999999999999999,0.0,0.0
2.0508908655932784e-226,0.999999999999999,0.0,0.0
1.921823120702777e-226,0.999999999999999,0.0,0.0
1.800877935159821e-226,0.999999999999999,0.0,0.0
1.6875441357784961e-226,0.999999999999999,0.0,0.0
1.5813427187932422e-226,0.999999999999999,0.0,0.0
1.4818248253559353e-226,0.999999999999999,0.0,0.0
1.3885698444400568e-226,0.999999999999999,0.0,0.0
1.3011836351338935e-226,0.999999999999999,0.0,0.0
1.2192968608093248e-226,0.999999999999999,0.0,0.0
1.1425634281255713e-226,0.999999999999999,0.0,0.0
1.070659024270387e-226,0.999999999999999,0.0,0.0
1.0032797462563573e-226,0.999999999999999,0.0,0.0
9.401408164790465e-227,0.999999999999999,0.0,0.0
8.809753791083147e-227,0.999999999999999,0.0,0.0
8.255333722257729e-227,0.999999999999999,0.0,0.0
7.7358047094147725e-227,0.999999999999999,0.0,0.0
7.248970970229603e-227,0.999999999999999,0.0,0.0
6.792774908508108e-227,0.999999999999999,0.0,0.0
6.36528841778433e-227,0.999999999999999,0.0,0.0
5.964704732204651e-227,0.999999999999999,0.0,0.0
5.589330790256427e-227,0.999999999999999,0.0,0.0
5.237580079066462e-227,0.999999999999999,0.0,0.0
4.90796592902588e-227,0.999999999999999,0.0,0.0
4.599095230401193e-227,0.999999999999999,0.0,0.0
4.309662545374909e-227,0.999999999999999,0.0,0.0
4.0384445906303066e-227,0.999999999999999,0.0,0.0
3.784295067161092e-227,0.999999999999999,0.0,0.0
3.5461398154542015e-227,0.999999999999999,0.0,0.0
3.3229722755691915e-227,0.999999999999999,0.0,0.0
3.1138492329263032e-227,0.999999999999999,0.0,0.0
2.917886831822842e-227,0.999999999999999,0.0,0.0
2.734256839829036e-227,0.999999999999999,0.0,0.0
2.5621831472749103e-227,0.999999999999999,0.0,0.0
2.400938487033296e-227,0.999999999999999,0.0,0.0
2.24984136073518e-227,0.999999999999999,0.0,0.0
2.1082531584260994e-227,0.999999999999999,0.0,0.0
1.9755754594898285e-227,0.999999999999999,0.0,0.0
1.8512475034317633e-227,0.999999999999999,0.0,0.0
1.7347438198323003e-227,0.999999999999999,0.0,0.0
1.6255720074532344e-227,0.999999999999999,0.0,0.0
1.523270653110608e-227,0.999999999999999,0.0,0.0
1.4274073815181464e-227,0.999999999999999,0.0,0.0
1.3375770278589778e-227,0.999999999999999,0.0,0.0
1.253399925362031e-227,0.999999999999999,0.0,0.0
1.1745203006455778e-227,0.999999999999999,0.0,0.0
1.1006047700458617e-227,0.999999999999999,0.0,0.0
1.0313409305755661e-227,0.999999999999999,0.0,0.0
9.66436039556827e-228,0.999999999999999,0.0,0.0
9.056157773482752e-228,0.999999999999999,0.0,0.0
8.486230879367948e-228,0.999999999999999,0.0,0.0
7.952170924937701e-228,0.999999999999999,0.0,0.0
7.451720713039852e-228,0.999999999999999,0.0,0.0
6.982765097643092e-228,0.999999999999999,0.0,0.0
6.543322044200957e-228,0.999999999999999,0.0,0.0
6.131534252609707e-228,0.999999999999999,0.0,0.0
5.745661307354636e-228,0.999999999999999,0.0,0.0
5.384072321667507e-228,0.999999999999999,0.0,0.0
5.0452390446057526e-228,0.999999999999999,0.0,0.0
4.727729401920597e-228,0.999999999999999,0.0,0.0
4.4302014434146754e-228,0.999999999999999,0.0,0.0
4.151397671207729e-228,0.999999999999999,0.0,0.0
3.890139724938871e-228,0.999999999999999,0.0,0.0
3.6453234014425106e-228,0.999999999999999,0.0,0.0
3.4159139878486516e-228,0.999999999999999,0.0,0.0
3.200941888382986e-228,0.999999999999999,0.0,0.0
2.9994985263835057e-228,0.999999999999999,0.0,0.0
2.8107325042135695e-228,0.999999999999999,0.0,0.0
2.63384600484134e-228,0.999999999999999,0.0,0.0
2.468091419876923e-228,0.999999999999999,0.0,0.0
2.3127681898156493e-228,0.999999999999999,0.0,0.0
2.1672198431328326e-228,0.999999999999999,0.0,0.0
2.0308312217157764e-228,0.999999999999999,0.0,0.0
1.903025880906356e-228,0.999999999999999,0.0,0.0
1.7832636531654904e-228,0.999999999999999,0.0,0.0
1.6710383650623685e-228,0.999999999999999,0.0,0.0
1.565875697939309e-228,0.999999999999999,0.0,0.0
1.4673311832103877e-228,0.999999999999999,0.0,0.0
1.3749883238209924e-228,0.999999999999999,0.0,0.0
1.2884568339286679e-228,0.999999999999999,0.0,0.0
1.2073709893652996e-228,0.999999999999999,0.0,0.0
1.131388081908879e-228,0.999999999999999,0.0,0.0
1.0601869708318512e-228,0.999999999999999,0.0,0.0
9.934667256041877e-229,0.999999999999999,0.0,0.0
9.309453540145834e-229,0.999999999999999,0.0,0.0
8.723586103342008e-229,0.999999999999999,0.0,0.0
8.174588784856825e-229,0.999999999999999,0.0,0.0
7.66014125497159e-229,0.999999999999999,0.0,0.0
7.178069208180414e-229,0.999999999999999,0.0,0.0
6.72633517351749e-229,0.999999999999999,0.0,0.0
6.303029903213688e-229,0.999999999999999,0.0,0.0
5.906364303286774e-229,0.999999999999999,0.0,0.0
5.534661871959958e-229,0.999999999999999,0.0,0.0
5.186351613949878e-229,0.999999999999999,0.0,0.0
4.859961400676349e-229,0.999999999999999,0.0,0.0
4.554111748330892e-229,0.999999999999999,0.0,0.0
4.267509987507129e-229,0.999999999999999,0.0,0.0
3.998944799751075e-229,0.999999999999999,0.0,0.0
3.7472810979401245e-229,0.999999999999999,0.0,0.0
3.51145522885273e-229,0.999999999999999,0.0,0.0
3.2904704776524873e-229,0.999999999999999,0.0,0.0
3.083392855286403e-229,0.999999999999999,0.0,0.0
2.889347150992832e-229,0.999999999999999,0.0,0.0
2.7075132332350667e-229,0.999999999999999,0.0,0.0
2.5371225834265258e-229,0.999999999999999,0.0,0.0
2.3774550477973705e-229,0.999999999999999,0.0,0.0
2.227835793674368e-229,0.999999999999999,0.0,0.0
2.0876324573097532e-229,0.999999999999999,0.0,0.0
1.956252471204427e-229,0.999999999999999,0.0,0.0
1.8331405596294607e-229,0.999999999999999,0.0,0.0
1.717776391760761e-229,0.999999999999999,0.0,0.0
1.6096723825079002e-229,0.999999999999999,0.0,0.0
1.5083716317423467e-229,0.999999999999999,0.0,0.0
1.4134459932152704e-229,0.999999999999999,0.0,0.0
1.3244942650032298e-229,0.999999999999999,0.0,0.0
1.2411404938336866e-229,0.999999999999999,0.0,0.0
1.1630323861235977e-229,0.999999999999999,0.0,0.0
1.089839819015368e-229,0.999999999999999,0.0,0.0
1.0212534451170696e-229,0.999999999999999,0.0,0.0
9.569833850498873e-230,0.999999999999999,0.0,0.0
8.967580022768567e-230,0.999999999999999,0.0,0.0
8.403227550347258e-230,0.999999999999999,0.0,0.0
7.87439120516645e-230,0.999999999999999,0.0,0.0
7.378835867587614e-230,0.999999999999999,0.0,0.0
6.914467079699343e-230,0.999999999999999,0.0,0.0
6.4793221931194125e-230,0.999999999999999,0.0,0.0
6.071562073888015e-230,0.999999999999999,0.0,0.0
5.689463329393032e-230,0.999999999999999,0.0,0.0
5.331411024474538e-230,0.999999999999999,0.0,0.0
4.99589185592325e-230,0.999999999999999,0.0,0.0
4.681487756525057e-230,0.999999999999999,0.0,0.0
4.386869901619165e-230,0.999999999999999,0.0,0.0
4.110793092838699e-230,0.999999999999999,0.0,0.0
3.8520904952967e-230,0.999999999999999,0.0,0.0
3.6096687059743046e-230,0.999999999999999,0.0,0.0
3.3825031324677184e-230,0.999999999999999,0.0,0.0
3.16963366256232e-230,0.999999999999999,0.0,0.0
2.9701606063314144e-230,0.999999999999999,0.0,0.0
2.783240893608961e-230,0.999999999999999,0.0,0.0
2.608084510764955e-230,0.999999999999999,0.0,0.0
2.4439511617235365e-230,0.999999999999999,0.0,0.0
2.2901471391116707e-230,0.999999999999999,0.0,0.0
2.146022392314346e-230,0.999999999999999,0.0,0.0
2.01096778004447e-230,0.999999999999999,0.0,0.0
1.88441249581548e-230,0.999999999999999,0.0,0.0
1.7658216554354736e-230,0.999999999999999,0.0,0.0
1.6546940363264292e-230,0.999999999999999,0.0,0.0
1.550559959113777e-230,0.999999999999999,0.0,0.0
1.4529793025328964e-230,0.999999999999999,0.0,0.0
1.3615396432625599e-230,0.999999999999999,0.0,0.0
1.275854512823364e-230,0.999999999999999,0.0,0.0
1.1955617641739398e-230,0.999999999999999,0.0,0.0
1.1203220411014001e-230,0.999999999999999,0.0,0.0
1.0498173439369063e-230,0.999999999999999,0.0,0.0
9.837496855343829e-231,0.999999999999999,0.0,0.0
9.218398318318883e-231,0.999999999999999,0.0,0.0
8.638261216726388e-231,0.999999999999999,0.0,0.0
8.0946336089768e-231,0.999999999999999,0.0,0.0
7.585217860361006e-231,0.999999999999999,0.0,0.0
7.107860932128386e-231,0.999999999999999,0.0,0.0
6.66054528169775e-231,0.999999999999999,0.0,0.0
6.24138033554099e-231,0.999999999999999,0.0,0.0
5.84859449869971e-231,0.999999999999999,0.0,0.0
5.480527667163163e-231,0.999999999999999,0.0,0.0
5.135624211461182e-231,0.999999999999999,0.0,0.0
4.8124264018173196e-231,0.999999999999999,0.0,0.0
4.509568247073726e-231,0.999999999999999,0.0,0.0
4.225769721348056e-231,0.999999999999999,0.0,0.0
3.959831354021436e-231,0.999999999999999,0.0,0.0
3.7106291601921705e-231,0.999999999999999,0.0,0.0
3.4771098901688017e-231,0.999999999999999,0.0,0.0
3.2582865779245773e-231,0.999999999999999,0.0,0.0
3.0532343696989284e-231,0.999999999999999,0.0,0.0
2.861086615115598e-231,0.999999999999999,0.0,0.0
2.681031204296581e-231,0.999999999999999,0.0,0.0
2.5123071354907433e-231,0.999999999999999,0.0,0.0
2.3542012987102453e-231,0.999999999999999,0.0,0.0
2.2060454617808514e-231,0.999999999999999,0.0,0.0
2.0672134460677125e-231,0.999999999999999,0.0,0.0
1.9371184799398592e-231,0.999999999999999,0.0,0.0
1.8152107187878643e-231,0.999999999999999,0.0,0.0
1.7009749211130613e-231,0.999999999999999,0.0,0.0
1.593928270866339e-231,0.999999999999999,0.0,0.0
1.493618336832661e-231,0.999999999999999,0.0,0.0
1.399621160436673e-231,0.999999999999999,0.0,0.0
1.311539463887534e-231,0.999999999999999,0.0,0.0
1.2290009710897262e-231,0.999999999999999,0.0,0.0
1.1516568342231843e-231,0.999999999999999,0.0,0.0
1.0791801593427189e-231,0.999999999999999,0.0,0.0
1.011264624765191e-231,0.999999999999999,0.0,0.0
9.476231864050737e-232,0.999999999999999,0.0,0.0
8.879868645865196e-232,0.999999999999999,0.0,0.0
8.321036072044088e-232,0.999999999999999,0.0,0.0
7.797372244295474e-232,0.999999999999999,0.0,0.0
7.306663904555575e-232,0.999999999999999,0.0,0.0
6.846837080683594e-232,0.999999999999999,0.0,0.0
6.415948320846607e-232,0.999999999999999,0.0,0.0
6.0121764795467435e-232,0.999999999999999,0.0,0.0
5.6338150205744555e-232,0.999999999999999,0.0,0.0
5.279264804356378e-232,0.999999999999999,0.0,0.0
4.947027329213613e-232,0.999999999999999,0.0,0.0
4.635698397964716e-232,0.999999999999999,0.0,0.0
4.3439621831053585e-232,0.999999999999999,0.0,0.0
4.070585665481229e-232,0.999999999999999,0.0,0.0
3.8144134229493084e-232,0.999999999999999,0.0,0.0
3.574362747001855e-232,0.999999999999999,0.0,0.0
3.349419066713585e-232,0.999999999999999,0.0,0.0
3.138631660671424e-232,0.999999999999999,0.0,0.0
2.9411096387633474e-232,0.999999999999999,0.0,0.0
2.756018176843412e-232,0.999999999999999,0.0,0.0
2.5825749883588264e-232,0.999999999999999,0.0,0.0
2.42004701802645e-232,0.999999999999999,0.0,0.0
2.2677473435845824e-232,0.999999999999999,0.0,0.0
2.1250322725253444e-232,0.999999999999999,0.0,0.0
1.991298621537025e-232,0.999999999999999,0.0,0.0
1.865981167157999e-232,0.999999999999999,0.0,0.0
1.7485502568674317e-232,0.999999999999999,0.0,0.0
1.6385095705160877e-232,0.999999999999999,0.0,0.0
1.5353940226359529e-232,0.999999999999999,0.0,0.0
1.438767796762812e-232,0.999999999999999,0.0,0.0
1.3482225034638764e-232,0.999999999999999,0.0,0.0
1.2633754542853864e-232,0.999999999999999,0.0,0.0
1.1838680443250534e-232,0.999999999999999,0.0,0.0
1.1093642365933042e-232,0.999999999999999,0.0,0.0
1.0395491417575044e-232,0.999999999999999,0.0,0.0
9.741276872664659e-233,0.999999999999999,0.0,0.0
9.12823370230312e-233,0.999999999999999,0.0,0.0
8.553770887847648e-233,0.999999999999999,0.0,0.0
8.015460470006303e-233,0.999999999999999,0.0,0.0
7.5110272871009805e-233,0.999999999999999,0.0,0.0
7.038339359127442e-233,0.999999999999999,0.0,0.0
6.595398876970754e-233,0.999999999999999,0.0,0.0
6.180333758692162e-233,0.999999999999999,0.0,0.0
5.791389737200175e-233,0.999999999999999,0.0,0.0
5.426922945864504e-233,0.999999999999999,0.0,0.0
5.085392970736049e-233,0.999999999999999,0.0,0.0
4.765356340008242e-233,0.999999999999999,0.0,0.0
4.465460423203037e-233,0.999999999999999,0.0,0.0
4.184437714296548e-233,0.999999999999999,0.0,0.0
3.921100474622029e-233,0.999999999999999,0.0,0.0
3.6743357129085192e-233,0.999999999999999,0.0,0.0
3.443100481238331e-233,0.999999999999999,0.0,0.0
3.226417467041826e-233,0.999999999999999,0.0,0.0
3.023370862499098e-233,0.999999999999999,0.0,0.0
2.8331024938906463e-233,0.999999999999999,0.0,0.0
2.654808194537793e-233,0.999999999999999,0.0,0.0
2.487734406003124e-233,0.999999999999999,0.0,0.0
2.331174993185977e-233,0.999999999999999,0.0,0.0
2.1844682598520188e-233,0.999999999999999,0.0,0.0
2.046994151983087e-233,0.999999999999999,0.0,0.0
1.9181716371272935e-233,0.999999999999999,0.0,0.0
1.797456248673251e-233,0.999999999999999,0.0,0.0
1.6843377846693236e-233,0.999999999999999,0.0,0.0
1.5783381514620028e-233,0.999999999999999,0.0,0.0
1.4790093430395646e-233,0.999999999999999,0.0,0.0
1.38593154754074e-233,0.999999999999999,0.0,0.0
1.2987113729255783e-233,0.999999999999999,0.0,0.0
1.216980184309327e-233,0.999999999999999,0.0,0.0
1.1403925459320927e-233,0.999999999999999,0.0,0.0
1.0686247611792876e-233,0.999999999999999,0.0,0.0
1.0013735044822802e-233,0.999999999999999,0.0,0.0
9.383545393169942e-234,0.999999999999999,0.0,0.0
8.793015168820952e-234,0.999999999999999,0.0,0.0
8.239648503793951e-234,0.999999999999999,0.0,0.0
7.721106601386366e-234,0.999999999999999,0.0,0.0
7.235197851282386e-234,0.999999999999999,0.0,0.0
6.779868566741699e-234,0.999999999999999,0.0,0.0
6.353194304720346e-234,0.999999999999999,0.0,0.0
5.953371732238302e-234,0.999999999999999,0.0,0.0
5.5787110046171e-234,0.999999999999999,0.0,0.0
5.227628623374224e-234,0.999999999999999,0.0,0.0
4.8986407435882537e-234,0.999999999999999,0.0,0.0
4.590356902448435e-234,0.999999999999999,0.0,0.0
4.3014741424824734e-234,0.999999999999999,0.0,0.0
4.030771504624455e-234,0.999999999999999,0.0,0.0
3.7771048678479164e-234,0.999999999999999,0.0,0.0
3.5394021135538496e-234,0.999999999999999,0.0,0.0
3.3166585942759866e-234,0.999999999999999,0.0,0.0
3.1079328875519146e-234,0.999999999999999,0.0,0.0
2.912342817013807e-234,0.999999999999999,0.0,0.0
2.729061723881977e-234,0.999999999999999,0.0,0.0
2.557314973102755e-234,0.999999999999999,0.0,0.0
2.396376679363949e-234,0.999999999999999,0.0,0.0
2.2455666391504148e-234,0.999999999999999,0.0,0.0
2.10424745587313e-234,0.999999999999999,0.0,0.0
1.9718218459211575e-234,0.999999999999999,0.0,0.0
1.8477301142505654e-234,0.999999999999999,0.0,0.0
1.7314477888409192e-234,0.999999999999999,0.0,0.0
1.6224834040214002e-234,0.999999999999999,0.0,0.0
1.520376423297817e-234,0.999999999999999,0.0,0.0
1.424695292901359e-234,0.999999999999999,0.0,0.0
1.335035617832448e-234,0.999999999999999,0.0,0.0
1.2510184526907594e-234,0.999999999999999,0.0,0.0
1.1722887000676271e-234,0.999999999999999,0.0,0.0
1.0985136097316639e-234,0.999999999999999,0.0,0.0
1.0293813722644228e-234,0.999999999999999,0.0,0.0
9.6459980120212e-235,0.999999999999999,0.0,0.0
9.038950981135095e-235,0.999999999999999,0.0,0.0
8.470106953945278e-235,0.999999999999999,0.0,0.0
7.937061718887964e-235,0.999999999999999,0.0,0.0
7.437562367508653e-235,0.999999999999999,0.0,0.0
6.969497772575121e-235,0.999999999999999,0.0,0.0
6.530889665426804e-235,0.999999999999999,0.0,0.0
6.119884274849145e-235,0.999999999999999,0.0,0.0
5.7347444921347076e-235,0.999999999999999,0.0,0.0
5.3738425292167864e-235,0.999999999999999,0.0,0.0
5.0356530388452264e-235,0.999999999999999,0.0,0.0
4.718746667726966e-235,0.999999999999999,0.0,0.0
4.421784015383735e-235,0.999999999999999,0.0,0.0
4.143509973194098e-235,0.999999999999999,0.0,0.0
3.8827484196939036e-235,0.999999999999999,0.0,0.0
3.6383972497148605e-235,0.999999999999999,0.0,0.0
3.409423716352005e-235,0.999999999999999,0.0,0.0
3.194860066072911e-235,0.999999999999999,0.0,0.0
2.993799448520517e-235,0.999999999999999,0.0,0.0
2.8053920837223945e-235,0.999999999999999,0.0,0.0
2.6288416705072233e-235,0.999999999999999,0.0,0.0
2.463402020948692e-235,0.999999999999999,0.0,0.0
2.3083739066123516e-235,0.999999999999999,0.0,0.0
2.1631021032761237e-235,0.999999999999999,0.0,0.0
2.0269726216340148e-235,0.999999999999999,0.0,0.0
1.899410112278643e-235,0.999999999999999,0.0,0.0
1.779875433994774e-235,0.999999999999999,0.0,0.0
1.6678633750862895e-235,0.999999999999999,0.0,0.0
1.5629005181058058e-235,0.999999999999999,0.0,0.0
1.4645432389622572e-235,0.999999999999999,0.0,0.0
1.3723758319496913e-235,0.999999999999999,0.0,0.0
1.2860087527727445e-235,0.999999999999999,0.0,0.0
1.2050769721429599e-235,0.999999999999999,0.0,0.0
1.129238432987454e-235,0.999999999999999,0.0,0.0
1.0581726047493374e-235,0.999999999999999,0.0,0.0
9.915791286696651e-236,0.999999999999999,0.0,0.0
9.291765483252157e-236,0.999999999999999,0.0,0.0
8.707011200567381e-236,0.999999999999999,0.0,0.0
8.159056982599533e-236,0.999999999999999,0.0,0.0
7.645586908280104e-236,0.999999999999999,0.0,0.0
7.164430803305891e-236,0.999999999999999,0.0,0.0
6.71355506792675e-236,0.999999999999999,0.0,0.0
6.291054081963832e-236,0.999999999999999,0.0,0.0
5.89514215073176e-236,0.999999999999999,0.0,0.0
5.524145957824252e-236,0.999999999999999,0.0,0.0
5.17649749286505e-236,0.999999999999999,0.0,0.0
4.850727424333318e-236,0.999999999999999,0.0,0.0
4.545458889453915e-236,0.999999999999999,0.0,0.0
4.259401674905549e-236,0.999999999999999,0.0,0.0
3.991346763751683e-236,0.999999999999999,0.0,0.0
3.740161225546847e-236,0.999999999999999,0.0,0.0
3.504783428021487e-236,0.999999999999999,0.0,0.0
3.2842185501075777e-236,0.999999999999999,0.0,0.0
3.0775343773408738e-236,0.999999999999999,0.0,0.0
2.8838573618691238e-236,0.999999999999999,0.0,0.0
2.7023689304139256e-236,0.999999999999999,0.0,0.0
2.532302024581867e-236,0.999999999999999,0.0,0.0
2.3729378589026343e-236,0.999999999999999,0.0,0.0
2.2236028828919727e-236,0.999999999999999,0.0,0.0
2.083665934299702e-236,0.999999999999999,0.0,0.0
1.9525355715110292e-236,0.999999999999999,0.0,0.0
1.829657573826587e-236,0.999999999999999,0.0,0.0
1.7145125990561667e-236,0.999999999999999,0.0,0.0
1.606613988525997e-236,0.999999999999999,0.0,0.0
1.5055057102224617e-236,0.999999999999999,0.0,0.0
1.4107604313789797e-236,0.999999999999999,0.0,0.0
1.3219777123598656e-236,0.999999999999999,0.0,0.0
1.238782314207642e-236,0.999999999999999,0.0,0.0
1.160822612700675e-236,0.999999999999999,0.0,0.0
1.087769112218174e-236,0.999999999999999,0.0,0.0
1.0193130531314176e-236,0.999999999999999,0.0,0.0
9.551651068353742e-237,0.999999999999999,0.0,0.0
8.950541529052761e-237,0.999999999999999,0.0,0.0
8.387261332098237e-237,0.999999999999999,0.0,0.0
7.859429781379389e-237,0.999999999999999,0.0,0.0
7.364816004007847e-237,0.999999999999999,0.0,0.0
6.901329521563649e-237,0.999999999999999,0.0,0.0
6.467011414716559e-237,0.999999999999999,0.0,0.0
6.060026043880095e-237,0.999999999999999,0.0,0.0
5.678653290905719e-237,0.999999999999999,0.0,0.0
5.321281289026817e-237,0.999999999999999,0.0,0.0
4.986399610325677e-237,0.999999999999999,0.0,0.0
4.672592881930388e-237,0.999999999999999,0.0,0.0
4.3785348039605955e-237,0.999999999999999,0.0,0.0
4.1029825439390527e-237,0.999999999999999,0.0,0.0
3.8447714839770133e-237,0.999999999999999,0.0,0.0
3.602810298532527e-237,0.999999999999999,0.0,0.0
3.3760763419378394e-237,0.999999999999999,0.0,0.0
3.1636113262013543e-237,0.999999999999999,0.0,0.0
2.9645172708164334e-237,0.999999999999999,0.0,0.0
2.77795270745897e-237,0.999999999999999,0.0,0.0
2.603129123532932e-237,0.999999999999999,0.0,0.0
2.4393076295325722e-237,0.999999999999999,0.0,0.0
2.2857958361359557e-237,0.999999999999999,0.0,0.0
2.141944927830885e-237,0.999999999999999,0.0,0.0
2.0071469207049394e-237,0.999999999999999,0.0,0.0
1.880832092809716e-237,0.999999999999999,0.0,0.0
1.7624665762387462e-237,0.999999999999999,0.0,0.0
1.6515501007420292e-237,0.999999999999999,0.0,0.0
1.547613879340609e-237,0.999999999999999,0.0,0.0
1.450218627004766e-237,0.999999999999999,0.0,0.0
1.3589527040218002e-237,0.999999999999999,0.0,0.0
1.2734303762063687e-237,0.999999999999999,0.0,0.0
1.1932901846001845e-237,0.999999999999999,0.0,0.0
1.118193417770633e-237,0.999999999999999,0.0,0.0
1.0478226802514972e-237,0.999999999999999,0.0,0.0
9.818805510753261e-238,0.999999999999999,0.0,0.0
9.200883267277497e-238,0.999999999999999,0.0,0.0
8.621848432108574e-238,0.999999999999999,0.0,0.0
8.079253722371034e-238,0.999999999999999,0.0,0.0
7.570805868885197e-238,0.999999999999999,0.0,0.0
7.094355923696077e-238,0.999999999999999,0.0,0.0
6.647890177574016e-238,0.999999999999999,0.0,0.0
6.229521649099936e-238,0.999999999999999,0.0,0.0
5.837482109363971e-238,0.999999999999999,0.0,0.0
5.4701146085699665e-238,0.999999999999999,0.0,0.0
5.125866472959651e-238,0.999999999999999,0.0,0.0
4.803282742458054e-238,0.999999999999999,0.0,0.0
4.501000021304491e-238,0.999999999999999,0.0,0.0
4.217740715678876e-238,0.999999999999999,0.0,0.0
3.952307633968775e-238,0.999999999999999,0.0,0.0
3.703578926855295e-238,0.999999999999999,0.0,0.0
3.470503345832159e-238,0.999999999999999,0.0,0.0
3.2520958001181554e-238,0.999999999999999,0.0,0.0
3.0474331931843154e-238,0.999999999999999,0.0,0.0
2.8556505212989548e-238,0.999999999999999,0.0,0.0
2.6759372176011393e-238,0.999999999999999,0.0,0.0
2.5075337262508416e-238,0.999999999999999,0.0,0.0
2.3497282921764892e-238,0.999999999999999,0.0,0.0
2.2018539528518087e-238,0.999999999999999,0.0,0.0
2.063285719387758e-238,0.999999999999999,0.0,0.0
1.9334379350254646e-238,0.999999999999999,0.0,0.0
1.8117617998658806e-238,0.999999999999999,0.0,0.0
1.6977430513744535e-238,0.999999999999999,0.0,0.0
1.5908997908575017e-238,0.999999999999999,0.0,0.0
1.4907804467239225e-238,0.999999999999999,0.0,0.0
1.396961865923988e-238,0.999999999999999,0.0,0.0
1.3090475254987222e-238,0.999999999999999,0.0,0.0
1.2266658566809932e-238,0.999999999999999,0.0,0.0
1.1494686744651607e-238,0.999999999999999,0.0,0.0
1.077129706007873e-238,0.999999999999999,0.0,0.0
1.00934321164032e-238,0.999999999999999,0.0,0.0
9.45822692663672e-239,0.999999999999999,0.0,0.0
8.86299680466215e-239,0.999999999999999,0.0,0.0
8.30522601844406e-239,0.999999999999999,0.0,0.0
7.782557157321406e-239,0.999999999999999,0.0,0.0
7.29278116844336e-239,0.999999999999999,0.0,0.0
6.833828020237392e-239,0.999999999999999,0.0,0.0
6.4037579534489246e-239,0.999999999999999,0.0,0.0
6.000753282775154e-239,0.999999999999999,0.0,0.0
5.623110714442775e-239,0.999999999999999,0.0,0.0
5.269234147259959e-239,0.999999999999999,0.0,0.0
4.937627926716317e-239,0.999999999999999,0.0,0.0
4.626890523619403e-239,0.999999999999999,0.0,0.0
4.335708610550599e-239,0.999999999999999,0.0,0.0
4.0628515111045906e-239,0.999999999999999,0.0,0.0
3.8071659984522435e-239,0.999999999999999,0.0,0.0
3.567571421243047e-239,0.999999999999999,0.0,0.0
3.3430551362468487e-239,0.999999999999999,0.0,0.0
3.132668228430976e-239,0.999999999999999,0.0,0.0
2.935521500383726e-239,0.999999999999999,0.0,0.0
2.7507817141335656e-239,0.999999999999999,0.0,0.0
2.5776680694801525e-239,0.999999999999999,0.0,0.0
2.415448903952876e-239,0.999999999999999,0.0,0.0
2.2634386004493566e-239,0.999999999999999,0.0,0.0
2.120994689484059e-239,0.999999999999999,0.0,0.0
1.9875151337997316e-239,0.999999999999999,0.0,0.0
1.8624357838651035e-239,0.999999999999999,0.0,0.0
1.7452279935045446e-239,0.999999999999999,0.0,0.0
1.6353963855821772e-239,0.999999999999999,0.0,0.0
1.5324767582971301e-239,0.999999999999999,0.0,0.0
1.4360341232409255e-239,0.999999999999999,0.0,0.0
1.3456608669248717e-239,0.999999999999999,0.0,0.0
1.2609750280071837e-239,0.999999999999999,0.0,0.0
1.1816186829385526e-239,0.999999999999999,0.0,0.0
1.107256433203121e-239,0.999999999999999,0.0,0.0
1.0375739877612053e-239,0.999999999999999,0.0,0.0
9.722768347024814e-240,0.999999999999999,0.0,0.0
9.110889964953896e-240,0.999999999999999,0.0,0.0
8.53751863571843e-240,0.999999999999999,0.0,0.0
8.000231013173949e-240,0.999999999999999,0.0,0.0
7.496756258472796e-240,0.999999999999999,0.0,0.0
7.024966442394537e-240,0.999999999999999,0.0,0.0
6.582867551681976e-240,0.999999999999999,0.0,0.0
6.168591061371184e-240,0.999999999999999,0.0,0.0
5.780386037496074e-240,0.999999999999999,0.0,0.0
5.416611736789762e-240,0.999999999999999,0.0,0.0
5.075730672105398e-240,0.999999999999999,0.0,0.0
4.7563021142476e-240,0.999999999999999,0.0,0.0
4.456976002750059e-240,0.999999999999999,0.0,0.0
4.176487239863292e-240,0.999999999999999,0.0,0.0
3.913650343636162e-240,0.999999999999999,0.0,0.0
3.6673544374925007e-240,0.999999999999999,0.0,0.0
3.4365585551263247e-240,0.999999999999999,0.0,0.0
3.2202872408718706e-240,0.999999999999999,0.0,0.0
3.0176264269534506e-240,0.999999999999999,0.0,0.0
2.8277195701904046e-240,0.999999999999999,0.0,0.0
2.649764031828964e-240,0.999999999999999,0.0,0.0
2.483007685200449e-240,0.999999999999999,0.0,0.0
2.326745736868109e-240,0.999999999999999,0.0,0.0
2.1803177478272188e-240,0.999999999999999,0.0,0.0
2.0431048421685897e-240,0.999999999999999,0.0,0.0
1.9145270914079312e-240,0.999999999999999,0.0,0.0
1.7940410634259838e-240,0.999999999999999,0.0,0.0
1.6811375256600358e-240,0.999999999999999,0.0,0.0
1.5753392928394073e-240,0.999999999999999,0.0,0.0
1.4761992101683766e-240,0.999999999999999,0.0,0.0
1.3832982634325028e-240,0.999999999999999,0.0,0.0
1.2962438080407321e-240,0.999999999999999,0.0,0.0
1.214667909518362e-240,0.999999999999999,0.0,0.0
1.1382257884369739e-240,0.999999999999999,0.0,0.0
1.0665943632088569e-240,0.999999999999999,0.0,0.0
9.994708845870608e-241,0.999999999999999,0.0,0.0
9.365716560998104e-241,0.999999999999999,0.0,0.0
8.776308350112166e-241,0.999999999999999,0.0,0.0
8.223993087405598e-241,0.999999999999999,0.0,0.0
7.706436419913467e-241,0.999999999999999,0.0,0.0
7.221450901401964e-241,0.999999999999999,0.0,0.0
6.766986747156582e-241,0.999999999999999,0.0,0.0
6.341123170594817e-241,0.999999999999999,0.0,0.0
5.942060265087741e-241,0.999999999999999,0.0,0.0
5.568111396679049e-241,0.999999999999999,0.0,0.0
5.217696075549531e-241,0.999999999999999,0.0,0.0
4.889333276098286e-241,0.999999999999999,0.0,0.0
4.581635177408114e-241,0.999999999999999,0.0,0.0
4.29330129763924e-241,0.999999999999999,0.0,0.0
4.023112997560453e-241,0.999999999999999,0.0,0.0
3.7699283299869385e-241,0.999999999999999,0.0,0.0
3.532677213355986e-241,0.999999999999999,0.0,0.0
3.310356909041782e-241,0.999999999999999,0.0,0.0
3.102027783294218e-241,0.999999999999999,0.0,0.0
2.9068093358895845e-241,0.999999999999999,0.0,0.0
2.7238764787083256e-241,0.999999999999999,0.0,0.0
2.5524560485112935e-241,0.999999999999999,0.0,0.0
2.3918235391758088e-241,0.999999999999999,0.0,0.0
2.2413000395803602e-241,0.999999999999999,0.0,0.0
2.1002493641959605e-241,0.999999999999999,0.0,0.0
1.9680753642566386e-241,0.999999999999999,0.0,0.0
1.8442194081447687e-241,0.999999999999999,0.0,0.0
1.7281580203421158e-241,0.999999999999999,0.0,0.0
1.61940066896766e-241,0.999999999999999,0.0,0.0
1.5174876925512567e-241,0.999999999999999,0.0,0.0
1.4219883572806677e-241,0.999999999999999,0.0,0.0
1.3324990365109484e-241,0.999999999999999,0.0,0.0
1.2486415048419082e-241,0.999999999999999,0.0,0.0
1.1700613395535873e-241,0.999999999999999,0.0,0.0
1.0964264226434404e-241,0.999999999999999,0.0,0.0
1.0274255371341026e-241,0.999999999999999,0.0,0.0
9.627670517190582e-242,0.999999999999999,0.0,0.0
9.021776881868797e-242,0.999999999999999,0.0,0.0
8.454013664145741e-242,0.999999999999999,0.0,0.0
7.921981220484176e-242,0.999999999999999,0.0,0.0
7.4234309229787e-242,0.999999999999999,0.0,0.0
6.9562556555604075e-242,0.999999999999999,0.0,0.0
6.518480908299414e-242,0.999999999999999,0.0,0.0
6.108256432165422e-242,0.999999999999999,0.0,0.0
5.723848418975297e-242,0.999999999999999,0.0,0.0
5.363632173476298e-242,0.999999999999999,0.0,0.0
5.026085246593641e-242,0.999999999999999,0.0,0.0
4.709781000820133e-242,0.999999999999999,0.0,0.0
4.413382580552102e-242,0.999999999999999,0.0,0.0
4.135637261887327e-242,0.999999999999999,0.0,0.0
3.875371158004459e-242,0.999999999999999,0.0,0.0
3.631484257746297e-242,0.999999999999999,0.0,0.0
3.4029457764375497e-242,0.999999999999999,0.0,0.0
3.1887897992873972e-242,0.999999999999999,0.0,0.0
2.9881111989637276e-242,0.999999999999999,0.0,0.0
2.800061810084747e-242,0.999999999999999,0.0,0.0
2.6238468444594998e-242,0.999999999999999,0.0,0.0
2.458721531926363e-242,0.999999999999999,0.0,0.0
2.3039879725920616e-242,0.999999999999999,0.0,0.0
2.1589921871672376e-242,0.999999999999999,0.0,0.0
2.023121352931854e-242,0.999999999999999,0.0,0.0
1.895801213648286e-242,0.999999999999999,0.0,0.0
1.7764936524751186e-242,0.999999999999999,0.0,0.0
1.6646944176236215e-242,0.999999999999999,0.0,0.0
1.5599309911444007e-242,0.999999999999999,0.0,0.0
1.461760591836698e-242,0.999999999999999,0.0,0.0
1.3697683038396523e-242,0.999999999999999,0.0,0.0
1.2835653229960431e-242,0.999999999999999,0.0,0.0
1.2027873135767933e-242,0.999999999999999,0.0,0.0
1.1270928684209548e-242,0.999999999999999,0.0,0.0
1.0561620659829725e-242,0.999999999999999,0.0,0.0
9.896951181886142e-243,0.999999999999999,0.0,0.0
9.274111033847399e-243,0.999999999999999,0.0,0.0
8.690467790277469e-243,0.999999999999999,0.0,0.0
8.143554690925312e-243,0.999999999999999,0.0,0.0
7.631060214996121e-243,0.999999999999999,0.0,0.0
7.150818311540056e-243,0.999999999999999,0.0,0.0
6.700799244667284e-243,0.999999999999999,0.0,0.0
6.279101014896781e-243,0.999999999999999,0.0,0.0
5.883941320381323e-243,0.999999999999999,0.0,0.0
5.51365002403291e-243,0.999999999999999,0.0,0.0
5.166662094711022e-243,0.999999999999999,0.0,0.0
4.841510992639738e-243,0.999999999999999,0.0,0.0
4.5368224710972624e-243,0.999999999999999,0.0,0.0
4.2513087681808057e-243,0.999999999999999,0.0,0.0
3.9837631640983664e-243,0.999999999999999,0.0,0.0
3.7330548809839046e-243,0.999999999999999,0.0,0.0
3.49812430368003e-243,0.999999999999999,0.0,0.0
3.277978501288917e-243,0.999999999999999,0.0,0.0
3.0716870305633324e-243,0.999999999999999,0.0,0.0
2.8783780034008737e-243,0.999999999999999,0.0,0.0
2.697234401820735e-243,0.999999999999999,0.0,0.0
2.527490624848294e-243,0.999999999999999,0.0,0.0
2.368429252712978e-243,0.999999999999999,0.0,0.0
2.2193780146833376e-243,0.999999999999999,0.0,0.0
2.0797069477239206e-243,0.999999999999999,0.0,0.0
1.9488257339650475e-243,0.999999999999999,0.0,0.0
1.826181205732346e-243,0.999999999999999,0.0,0.0
1.7112550075910776e-243,0.999999999999999,0.0,0.0
1.6035614055239264e-243,0.999999999999999,0.0,0.0
1.5026452339827635e-243,0.999999999999999,0.0,0.0
1.408079972137633e-243,0.999999999999999,0.0,0.0
1.319465941192251e-243,0.999999999999999,0.0,0.0
1.2364286151469948e-243,0.999999999999999,0.0,0.0
1.1586170378698469e-243,0.999999999999999,0.0,0.0
1.0857023397850637e-243,0.999999999999999,0.0,0.0
1.0173763479103754e-243,0.999999999999999,0.0,0.0
9.533502833680572e-244,0.999999999999999,0.0,0.0
8.933535408649202e-244,0.999999999999999,0.0,0.0
8.371325449827114e-244,0.999999999999999,0.0,0.0
7.844496784450475e-244,0.999999999999999,0.0,0.0
7.35082277831221e-244,0.999999999999999,0.0,0.0
6.88821692492272e-244,0.999999999999999,0.0,0.0
6.454724026918528e-244,0.999999999999999,0.0,0.0
6.048511932447127e-244,0.999999999999999,0.0,0.0
5.667863791602047e-244,0.999999999999999,0.0,0.0
5.3111708001800084e-244,0.999999999999999,0.0,0.0
4.9769254000917827e-244,0.999999999999999,0.0,0.0
4.6637149076883844e-244,0.999999999999999,0.0,0.0
4.370215543072791e-244,0.999999999999999,0.0,0.0
4.0951868351621664e-244,0.999999999999999,0.0,0.0
3.837466378853659e-244,0.999999999999999,0.0,0.0
3.595964922135005e-244,0.999999999999999,0.0,0.0
3.369661762375672e-244,0.999999999999999,0.0,0.0
3.157600432341044e-244,0.999999999999999,0.0,0.0
2.958884657696626e-244,0.999999999999999,0.0,0.0
2.772674568916728e-244,0.999999999999999,0.0,0.0
2.5981831515873115e-244,0.999999999999999,0.0,0.0
2.434672920100244e-244,0.999999999999999,0.0,0.0
2.2814528006803802e-244,0.999999999999999,0.0,0.0
2.1378752105716282e-244,0.999999999999999,0.0,0.0
2.003333321037216e-244,0.999999999999999,0.0,0.0
1.877258492606268e-244,0.999999999999999,0.0,0.0
1.7591178717267934e-244,0.999999999999999,0.0,0.0
1.6484121386673818e-244,0.999999999999999,0.0,0.0
1.544673397149129e-244,0.999999999999999,0.0,0.0
1.4474631967883628e-244,0.999999999999999,0.0,0.0
1.3563706799920453e-244,0.999999999999999,0.0,0.0
1.2710108454737288e-244,0.999999999999999,0.0,0.0
1.1910229210508422e-244,0.999999999999999,0.0,0.0
1.1160688388459555e-244,0.999999999999999,0.0,0.0
1.0458318064474825e-244,0.999999999999999,0.0,0.0
9.800149679908502e-245,0.999999999999999,0.0,0.0
9.183401495012154e-245,0.999999999999999,0.0,0.0
8.60546683194933e-245,0.999999999999999,0.0,0.0
8.063903057707052e-245,0.999999999999999,0.0,0.0
7.556421260340527e-245,0.999999999999999,0.0,0.0
7.080876574917853e-245,0.999999999999999,0.0,0.0
6.635259118277492e-245,0.999999999999999,0.0,0.0
6.217685494284353e-245,0.999999999999999,0.0,0.0
5.826390833681574e-245,0.999999999999999,0.0,0.0
5.459721334894552e-245,0.999999999999999,0.0,0.0
5.116127274261029e-245,0.999999999999999,0.0,0.0
4.794156456145049e-245,0.999999999999999,0.0,0.0
4.4924480752518115e-245,0.999999999999999,0.0,0.0
4.209726965202549e-245,0.999999999999999,0.0,0.0
3.944798209061129e-245,0.999999999999999,0.0,0.0
3.696542089033835e-245,0.999999999999999,0.0,0.0
3.4639093539972956e-245,0.999999999999999,0.0,0.0
3.2459167848528555e-245,0.999999999999999,0.0,0.0
3.0416430389643858e-245,0.999999999999999,0.0,0.0
2.8502247561161372e-245,0.999999999999999,0.0,0.0
2.6708529095324958e-245,0.999999999999999,0.0,0.0
2.502769386537296e-245,0.999999999999999,0.0,0.0
2.3452637844008765e-245,0.999999999999999,0.0,0.0
2.197670407832582e-245,0.999999999999999,0.0,0.0
2.059365455428649e-245,0.999999999999999,0.0,0.0
1.9297643831840338e-245,0.999999999999999,0.0,0.0
1.808319433925107e-245,0.999999999999999,0.0,0.0
1.694517322221389e-245,0.999999999999999,0.0,0.0
1.587877064991642e-245,0.999999999999999,0.0,0.0
1.4879479486354028e-245,0.999999999999999,0.0,0.0
1.3943076240980638e-245,0.999999999999999,0.0,0.0
1.3065603218183245e-245,0.999999999999999,0.0,0.0
1.224335179013509e-245,0.999999999999999,0.0,0.0
1.1472846722330475e-245,0.999999999999999,0.0,0.0
1.0750831485553253e-245,0.999999999999999,0.0,0.0
1.007425449220029e-245,0.999999999999999,0.0,0.0
9.440256198787854e-246,0.999999999999999,0.0,0.0
8.846157020129872e-246,0.999999999999999,0.0,0.0
8.289446004107499e-246,0.999999999999999,0.0,0.0
7.767770219164046e-246,0.999999999999999,0.0,0.0
7.27892480967168e-246,0.999999999999999,0.0,0.0
6.820843677139026e-246,0.999999999999999,0.0,0.0
6.391590747873918e-246,0.999999999999999,0.0,0.0
5.989351790194208e-246,0.999999999999999,0.0,0.0
5.612426746602173e-246,0.999999999999999,0.0,0.0
5.259222548514564e-246,0.999999999999999,0.0,0.0
4.928246383179854e-246,0.999999999999999,0.0,0.0
4.618099384325388e-246,0.999999999999999,0.0,0.0
4.3274707198680685e-246,0.999999999999999,0.0,0.0
4.0551320517003344e-246,0.999999999999999,0.0,0.0
3.7999323441358127e-246,0.999999999999999,0.0,0.0
3.560792999072608e-246,0.999999999999999,0.0,0.0
3.3367032973130564e-246,0.999999999999999,0.0,0.0
3.1267161267727486e-246,0.999999999999999,0.0,0.0
2.9299439795241526e-246,0.999999999999999,0.0,0.0
2.7455552007564e-246,0.999999999999999,0.0,0.0
2.57277047379751e-246,0.999999999999999,0.0,0.0
2.4108595263430473e-246,0.999999999999999,0.0,0.0
2.2591380439701347e-246,0.999999999999999,0.0,0.0
2.1169647778918272e-246,0.999999999999999,0.0,0.0
1.9837388347278165e-246,0.999999999999999,0.0,0.0
1.858897136836708e-246,0.999999999999999,0.0,0.0
1.74191204247601e-246,0.999999999999999,0.0,0.0
1.6322891157314665e-246,0.999999999999999,0.0,0.0
1.5295650367903735e-246,0.999999999999999,0.0,0.0
1.433305643726676e-246,0.999999999999999,0.0,0.0
1.3431040975214783e-246,0.999999999999999,0.0,0.0
1.2585791625634488e-246,0.999999999999999,0.0,0.0
1.179373595361681e-246,0.999999999999999,0.0,0.0
1.1051526346609268e-246,0.999999999999999,0.0,0.0
1.0356025865776909e-246,0.999999999999999,0.0,0.0
9.704294987772892e-247,0.999999999999999,0.0,0.0
9.093579180882934e-247,0.999999999999999,0.0,0.0
8.521297263034396e-247,0.999999999999999,0.0,0.0
7.985030492465258e-247,0.999999999999999,0.0,0.0
7.482512344944891e-247,0.999999999999999,0.0,0.0
7.011618934340128e-247,0.999999999999999,0.0,0.0
6.570360036039348e-247,0.999999999999999,0.0,0.0
6.156870675295154e-247,0.999999999999999,0.0,0.0
5.769403244933898e-247,0.999999999999999,0.0,0.0
5.406320119117669e-247,0.999999999999999,0.0,0.0
5.0660867319409163e-247,0.999999999999999,0.0,0.0
4.747265091608458e-247,0.999999999999999,0.0,0.0
4.4485077027826736e-247,0.999999999999999,0.0,0.0
4.168551871412732e-247,0.999999999999999,0.0,0.0
3.9062143679753265e-247,0.999999999999999,0.0,0.0
3.6603864265711385e-247,0.999999999999999,0.0,0.0
3.430029058740807e-247,0.999999999999999,0.0,0.0
3.214168662194305e-247,0.999999999999999,0.0,0.0
3.011892905894063e-247,0.999999999999999,0.0,0.0
2.8223468741002202e-247,0.999999999999999,0.0,0.0
2.644729453080846e-247,0.999999999999999,0.0,0.0
2.4782899452156194e-247,0.999999999999999,0.0,0.0
2.322324896182524e-247,0.999999999999999,0.0,0.0
2.176175121817695e-247,0.999999999999999,0.0,0.0
2.039222922082498e-247,0.999999999999999,0.0,0.0
1.9108894703626917e-247,0.999999999999999,0.0,0.0
1.790632367065598e-247,0.999999999999999,0.0,0.0
1.67794334717558e-247,0.999999999999999,0.0,0.0
1.5723461320788505e-247,0.999999999999999,0.0,0.0
1.4733944165783704e-247,0.999999999999999,0.0,0.0
1.3806699825909898e-247,0.999999999999999,0.0,0.0
1.293780931554392e-247,0.999999999999999,0.0,0.0
1.2123600280731372e-247,0.999999999999999,0.0,0.0
1.1360631478032456e-247,0.999999999999999,0.0,0.0
1.064567823015326e-247,0.999999999999999,0.0,0.0
9.97571879689092e-248,0.999999999999999,0.0,0.0
9.34792160378965e-248,0.999999999999999,0.0,0.0
8.759633274529717e-248,0.999999999999999,0.0,0.0
8.208367416468424e-248,0.999999999999999,0.0,0.0
7.691794111935333e-248,0.999999999999999,0.0,0.0
7.207730070866847e-248,0.999999999999999,0.0,0.0
6.754129403160365e-248,0.999999999999999,0.0,0.0
6.329074971747526e-248,0.999999999999999,0.0,0.0
5.9307702898403975e-248,0.999999999999999,0.0,0.0
5.557531928104436e-248,0.999999999999999,0.0,0.0
5.207782399667242e-248,0.999999999999999,0.0,0.0
4.880043492891696e-248,0.999999999999999,0.0,0.0
4.57293002373453e-248,0.999999999999999,0.0,0.0
4.285143981284755e-248,0.999999999999999,0.0,0.0
4.015469041738162e-248,0.999999999999999,0.0,0.0
3.7627654276212584e-248,0.999999999999999,0.0,0.0
3.5259650905372424e-248,0.999999999999999,0.0,0.0
3.304067197073942e-248,0.999999999999999,0.0,0.0
3.0961338987949764e-248,0.999999999999999,0.0,0.0
2.901286368436064e-248,0.999999999999999,0.0,0.0
2.71870108555351e-248,0.999999999999999,0.0,0.0
2.5476063559262258e-248,0.999999999999999,0.0,0.0
2.3872790500005708e-248,0.999999999999999,0.0,0.0
2.2370415465931044e-248,0.999999999999999,0.0,0.0
2.0962588689338485e-248,0.999999999999999,0.0,0.0
1.9643360009455817e-248,0.999999999999999,0.0,0.0
1.8407153724164617e-248,0.999999999999999,0.0,0.0
1.72487450243709e-248,0.999999999999999,0.0,0.0
1.6163237911420356e-248,0.999999999999999,0.0,0.0
1.5146044504226453e-248,0.999999999999999,0.0,0.0
1.419286564865328e-248,0.999999999999999,0.0,0.0
1.3299672747198904e-248,0.999999999999999,0.0,0.0
1.2462690732182684e-248,0.999999999999999,0.0,0.0
1.1678382110472941e-248,0.999999999999999,0.0,0.0
1.0943432012320211e-248,0.999999999999999,0.0,0.0
1.0254734181105238e-248,0.999999999999999,0.0,0.0
9.6093778447875e-249,0.999999999999999,0.0,0.0
9.004635413566673e-249,0.999999999999999,0.0,0.0
8.437950951761341e-249,0.999999999999999,0.0,0.0
7.90692937518152e-249,0.999999999999999,0.0,0.0
7.409326328337815e-249,0.999999999999999,0.0,0.0
6.943038698703393e-249,0.999999999999999,0.0,0.0
6.506095727937419e-249,0.999999999999999,0.0,0.0
6.096650682501667e-249,0.999999999999999,0.0,0.0
5.712973048466276e-249,0.999999999999999,0.0,0.0
5.353441217516095e-249,0.999999999999999,0.0,0.0
5.016535633245143e-249,0.999999999999999,0.0,0.0
4.700832368772076e-249,0.999999999999999,0.0,0.0
4.404997108532535e-249,0.999999999999999,0.0,0.0
4.12777950881252e-249,0.999999999999999,0.0,0.0
3.868007913187642e-249,0.999999999999999,0.0,0.0
3.624584400533143e-249,0.999999999999999,0.0,0.0
3.3964801446751537e-249,0.999999999999999,0.0,0.0
3.182731066070831e-249,0.999999999999999,0.0,0.0
2.982433757139246e-249,0.999999999999999,0.0,0.0
2.7947416640215004e-249,0.999999999999999,0.0,0.0
2.6188615086323273e-249,0.999999999999999,0.0,0.0
2.454049935881024e-249,0.999999999999999,0.0,0.0
2.299610371891247e-249,0.999999999999999,0.0,0.0
2.1548900799409724e-249,0.999999999999999,0.0,0.0
2.0192774016795978e-249,0.999999999999999,0.0,0.0
1.8921991719622189e-249,0.999999999999999,0.0,0.0
1.7731182963749217e-249,0.999999999999999,0.0,0.0
1.6615314812125283e-249,0.999999999999999,0.0,0.0
1.556967106314579e-249,0.999999999999999,0.0,0.0
1.4589832317691238e-249,0.999999999999999,0.0,0.0
1.3671657300596786e-249,0.999999999999999,0.0,0.0
1.281126535760896e-249,0.999999999999999,0.0,0.0
1.2005020053853092e-249,0.999999999999999,0.0,0.0
1.1249513804490656e-249,0.999999999999999,0.0,0.0
1.0541553472608172e-249,0.999999999999999,0.0,0.0
9.878146873467371e-250,0.999999999999999,0.0,0.0
9.256490128076987e-250,0.999999999999999,0.0,0.0
8.673955812636228e-250,0.999999999999999,0.0,0.0
8.128081853763747e-250,0.999999999999999,0.0,0.0
7.61656112257788e-250,0.999999999999999,0.0,0.0
7.137231683647731e-250,0.999999999999999,0.0,0.0
6.688067657602411e-250,0.999999999999999,0.0,0.0
6.267170658779351e-250,0.999999999999999,0.0,0.0
5.872761771723055e-250,0.999999999999999,0.0,0.0
5.5031740326230664e-250,0.999999999999999,0.0,0.0
5.156845383914031e-250,0.999999999999999,0.0,0.0
4.832312072260592e-250,0.999999999999999,0.0,0.0
4.5282024620237756e-250,0.999999999999999,0.0,0.0
4.2432312380615696e-250,0.999999999999999,0.0,0.0
3.9761939733619153e-250,0.999999999999999,0.0,0.0
3.7259620385482763e-250,0.999999999999999,0.0,0.0
3.4914778317428956e-250,0.999999999999999,0.0,0.0
3.271750308626802e-250,0.999999999999999,0.0,0.0
3.0658507938044437e-250,0.999999999999999,0.0,0.0
2.872909055769726e-250,0.999999999999999,0.0,0.0
2.6921096288843597e-250,0.999999999999999,0.0,0.0
2.5226883668233995e-250,0.999999999999999,0.0,0.0
2.3639292129211712e-250,0.999999999999999,0.0,0.0
2.2151611737674874e-250,0.999999999999999,0.0,0.0
2.0757554832631033e-250,0.999999999999999,0.0,0.0
1.9451229451483267e-250,0.999999999999999,0.0,0.0
1.8227114427730207e-250,0.999999999999999,0.0,0.0
1.7080036055830724e-250,0.999999999999999,0.0,0.0
1.6005146224607645e-250,0.999999999999999,0.0,0.0
1.4997901926771615e-250,0.999999999999999,0.0,0.0
1.4054046057962454e-250,0.999999999999999,0.0,0.0
1.316958942415531e-250,0.999999999999999,0.0,0.0
1.2340793881386236e-250,0.999999999999999,0.0,0.0
1.1564156536537438e-250,0.999999999999999,0.0,0.0
1.083639494240704e-250,0.999999999999999,0.0,0.0
1.0154433224490512e-250,0.999999999999999,0.0,0.0
9.515389080838802e-251,0.999999999999999,0.0,0.0
8.916561600048257e-251,0.999999999999999,0.0,0.0
8.355419845895212e-251,0.999999999999999,0.0,0.0
7.82959216036838e-251,0.999999999999999,0.0,0.0
7.336856139888439e-251,0.999999999999999,0.0,0.0
6.875129242349454e-251,0.999999999999999,0.0,0.0
6.44245998528292e-251,0.999999999999999,0.0,0.0
6.037019697943584e-251,0.999999999999999,0.0,0.0
5.657094792457347e-251,0.999999999999999,0.0,0.0
5.301079521365362e-251,0.999999999999999,0.0,0.0
4.967469190954181e-251,0.999999999999999,0.0,0.0
4.654853801688195e-251,0.999999999999999,0.0,0.0
4.3619120888657155e-251,0.999999999999999,0.0,0.0
4.087405938311646e-251,0.999999999999999,0.0,0.0
3.830175153504714e-251,0.999999999999999,0.0,0.0
3.589132552022612e-251,0.999999999999999,0.0,0.0
3.3632593705802432e-251,0.999999999999999,0.0,0.0
3.1516009592405128e-251,0.999999999999999,0.0,0.0
2.953262746599323e-251,0.999999999999999,0.0,0.0
2.76740645889167e-251,0.999999999999999,0.0,0.0
2.5932465770389467e-251,0.999999999999999,0.0,0.0
2.4300470166632143e-251,0.999999999999999,0.0,0.0
2.2771180170365656e-251,0.999999999999999,0.0,0.0
2.1338132258167657e-251,0.999999999999999,0.0,0.0
1.9995269672478454e-251,0.999999999999999,0.0,0.0
1.8736916822797363e-251,0.999999999999999,0.0,0.0
1.7557755297876446e-251,0.999999999999999,0.0,0.0
1.645280138752753e-251,0.999999999999999,0.0,0.0
1.541738501903871e-251,0.999999999999999,0.0,0.0
1.4447130019175373e-251,0.999999999999999,0.0,0.0
1.353793561834341e-251,0.999999999999999,0.0,0.0
1.268595911874214e-251,0.999999999999999,0.0,0.0
1.1887599653254204e-251,0.999999999999999,0.0,0.0
1.1139482966429534e-251,0.999999999999999,0.0,0.0
1.0438447153240468e-251,0.999999999999999,0.0,0.0
9.781529295333054e-252,0.999999999999999,0.0,0.0
9.165952938292816e-252,0.999999999999999,0.0,0.0
8.589116356997842e-252,0.999999999999999,0.0,0.0
8.04858155946285e-252,0.999999999999999,0.0,0.0
7.542063982699137e-252,0.999999999999999,0.0,0.0
7.067422837040099e-252,0.999999999999999,0.0,0.0
6.622652058122751e-252,0.999999999999999,0.0,0.0
6.205871828283914e-252,0.999999999999999,0.0,0.0
5.815320631536353e-252,0.999999999999999,0.0,0.0
5.449347808545365e-252,0.999999999999999,0.0,0.0
5.106406580139492e-252,0.999999999999999,0.0,0.0
4.785047509869332e-252,0.999999999999999,0.0,0.0
4.483912377984053e-252,0.999999999999999,0.0,0.0
4.2017284409340477e-252,0.999999999999999,0.0,0.0
3.9373030521375738e-252,0.999999999999999,0.0,0.0
3.6895186212761693e-252,0.999999999999999,0.0,0.0
3.4573278908143255e-252,0.999999999999999,0.0,0.0
3.239749509779724e-252,0.999999999999999,0.0,0.0
3.035863886096664e-252,0.999999999999999,0.0,0.0
2.844809299942632e-252,0.999999999999999,0.0,0.0
2.665778261701157e-252,0.999999999999999,0.0,0.0
2.498014099117909e-252,0.999999999999999,0.0,0.0
2.3408077592356753e-252,0.999999999999999,0.0,0.0
2.193494811591658e-252,0.999999999999999,0.0,0.0
2.0554526400111375e-252,0.999999999999999,0.0,0.0
1.9260978111286552e-252,0.999999999999999,0.0,0.0
1.804883608514811e-252,0.999999999999999,0.0,0.0
1.6912977219866906e-252,0.999999999999999,0.0,0.0
1.5848600823358274e-252,0.999999999999999,0.0,0.0
1.4851208323222066e-252,0.999999999999999,0.0,0.0
1.391658425358742e-252,0.999999999999999,0.0,0.0
1.304077843850345e-252,0.999999999999999,0.0,0.0
1.2220089296574188e-252,0.999999999999999,0.0,0.0
1.145104819627501e-252,0.999999999999999,0.0,0.0
1.0730404795828584e-252,0.999999999999999,0.0,0.0
1.0055113305679409e-252,0.999999999999999,0.0,0.0
9.422319615505607e-253,0.999999999999999,0.0,0.0
8.82934923136035e-253,0.999999999999999,0.0,0.0
8.273695971959488e-253,0.999999999999999,0.0,0.0
7.753011376340343e-253,0.999999999999999,0.0,0.0
7.265094778123314e-253,0.999999999999999,0.0,0.0
6.807884004425281e-253,0.999999999999999,0.0,0.0
6.379446660113885e-253,0.999999999999999,0.0,0.0
5.977971960565719e-253,0.999999999999999,0.0,0.0
5.601763078409686e-253,0.999999999999999,0.0,0.0
5.249229971909131e-253,0.999999999999999,0.0,0.0
4.918882664672013e-253,0.999999999999999,0.0,0.0
4.6093249482858994e-253,0.999999999999999,0.0,0.0
4.3192484812620477e-253,0.999999999999999,0.0,0.0
4.0474272593478577e-253,0.999999999999999,0.0,0.0
3.792712433836529e-253,0.999999999999999,0.0,0.0
3.554027455973585e-253,0.999999999999999,0.0,0.0
3.3303635269381706e-253,0.999999999999999,0.0,0.0
3.120775334168517e-253,0.999999999999999,0.0,0.0
2.9243770560112287e-253,0.999999999999999,0.0,0.0
2.740338617808079e-253,0.999999999999999,0.0,0.0
2.5678821835967312e-253,0.999999999999999,0.0,0.0
2.4062788685975928e-253,0.999999999999999,0.0,0.0
2.2548456585921855e-253,0.999999999999999,0.0,0.0
2.1129425231728166e-253,0.999999999999999,0.0,0.0
1.979969710662741e-253,0.999999999999999,0.0,0.0
1.8553652132738403e-253,0.999999999999999,0.0,0.0
1.7386023917883266e-253,0.999999999999999,0.0,0.0
1.629187749725236e-253,0.999999999999999,0.0,0.0
1.5266588475842444e-253,0.999999999999999,0.0,0.0
1.4305823483513954e-253,0.999999999999999,0.0,0.0
1.3405521860060875e-253,0.999999999999999,0.0,0.0
1.256187849288548e-253,0.999999999999999,0.0,0.0
1.1771327734741554e-253,0.999999999999999,0.0,0.0
1.1030528333574684e-253,0.999999999999999,0.0,0.0
1.0336349310765775e-253,0.999999999999999,0.0,0.0
9.68585672809239e-254,0.999999999999999,0.0,0.0
9.076301287478666e-254,0.999999999999999,0.0,0.0
8.505106711124285e-254,0.999999999999999,0.0,0.0
7.969858852901303e-254,0.999999999999999,0.0,0.0
7.468295494998297e-254,0.999999999999999,0.0,0.0
6.998296786687467e-254,0.999999999999999,0.0,0.0
6.5578762848043015e-254,0.999999999999999,0.0,0.0
6.145172558072483e-254,0.999999999999999,0.0,0.0
5.758441319789862e-254,0.999999999999999,0.0,0.0
5.3960480556243604e-254,0.999999999999999,0.0,0.0
5.0564611153613346e-254,0.999999999999999,0.0,0.0
4.738245239404714e-254,0.999999999999999,0.0,0.0
4.4400554926717944e-254,0.999999999999999,0.0,0.0
4.1606315802433504e-254,0.999999999999999,0.0,0.0
3.898792520744264e-254,0.999999999999999,0.0,0.0
3.653431654941759e-254,0.999999999999999,0.0,0.0
3.423511968465171e-254,0.999999999999999,0.0,0.0
3.2080617088787753e-254,0.999999999999999,0.0,0.0
3.0061702785833007e-254,0.999999999999999,0.0,0.0
2.8169843861875313e-254,0.999999999999999,0.0,0.0
2.639704440083816e-254,0.999999999999999,0.0,0.0
2.4735811689849884e-254,0.999999999999999,0.0,0.0
2.317912455139434e-254,0.999999999999999,0.0,0.0
2.1720403668399384e-254,0.999999999999999,0.0,0.0
2.0353483776842542e-254,0.999999999999999,0.0,0.0
1.9072587608346255e-254,0.999999999999999,0.0,0.0
1.787230147263144e-254,0.999999999999999,0.0,0.0
1.674755237662899e-254,0.999999999999999,0.0,0.0
1.5693586583543377e-254,0.999999999999999,0.0,0.0
1.4705949521248585e-254,0.999999999999999,0.0,0.0
1.3780466955099443e-254,0.999999999999999,0.0,0.0
1.2913227345585534e-254,0.999999999999999,0.0,0.0
1.2100565316262515e-254,0.999999999999999,0.0,0.0
1.13390461620883e-254,0.999999999999999,0.0,0.0
1.06254513326888e-254,0.999999999999999,0.0,0.0
9.956764829198427e-255,0.999999999999999,0.0,0.0
9.330160457181807e-255,0.999999999999999,0.0,0.0
8.742989881761341e-255,0.999999999999999,0.0,0.0
8.192771434465769e-255,0.999999999999999,0.0,0.0
7.677179624492046e-255,0.999999999999999,0.0,0.0
7.194035310050013e-255,0.999999999999999,0.0,0.0
6.74129648824918e-255,0.999999999999999,0.0,0.0
6.317049664601213e-255,0.999999999999999,0.0,0.0
5.919501765661442e-255,0.999999999999999,0.0,0.0
5.546972560628267e-255,0.999999999999999,0.0,0.0
5.197887559870475e-255,0.999999999999999,0.0,0.0
4.870771360368167e-255,0.999999999999999,0.0,0.0
4.564241409941916e-255,0.999999999999999,0.0,0.0
4.277002163914736e-255,0.999999999999999,0.0,0.0
4.0078396095100764e-255,0.999999999999999,0.0,0.0
3.7556161348432985e-255,0.999999999999999,0.0,0.0
3.5192657208204715e-255,0.999999999999999,0.0,0.0
3.297789435623139e-255,0.999999999999999,0.0,0.0
3.090251212736535e-255,0.999999999999999,0.0,0.0
2.895773894677165e-255,0.999999999999999,0.0,0.0
2.7135355256985956e-255,0.999999999999999,0.0,0.0
2.542765877806647e-255,0.999999999999999,0.0,0.0
2.382743195401222e-255,0.999999999999999,0.0,0.0
2.232791144786057e-255,0.999999999999999,0.0,0.0
2.0922759556535275e-255,0.999999999999999,0.0,0.0
1.960603742463041e-255,0.999999999999999,0.0,0.0
1.8372179943918587e-255,0.999999999999999,0.0,0.0
1.7215972232496501e-255,0.999999999999999,0.0,0.0
1.6132527594157336e-255,0.999999999999999,0.0,0.0
1.5117266864835524e-255,0.999999999999999,0.0,0.0
1.4165899058831963e-255,0.999999999999999,0.0,0.0
1.327440323302116e-255,0.999999999999999,0.0,0.0
1.2439011492389656e-255,0.999999999999999,0.0,0.0
1.1656193065078883e-255,0.999999999999999,0.0,0.0
1.0922639379625792e-255,0.999999999999999,0.0,0.0
1.0235250081330452e-255,0.999999999999999,0.0,0.0
9.591119928648977e-256,0.999999999999999,0.0,0.0
8.987526514229547e-256,0.999999999999999,0.0,0.0
8.421918758694671e-256,0.999999999999999,0.0,0.0
7.891906128538806e-256,0.999999999999999,0.0,0.0
7.395248532570933e-256,0.999999999999999,0.0,0.0
6.929846854199516e-256,0.999999999999999,0.0,0.0
6.493734079544718e-256,0.999999999999999,0.0,0.0
6.085066983880913e-256,0.999999999999999,0.0,0.0
5.702118341272397e-256,0.999999999999999,0.0,0.0
5.343269624476393e-256,0.999999999999999,0.0,0.0
5.0070041642596283e-256,0.999999999999999,0.0,0.0
4.691900739216387e-256,0.999999999999999,0.0,0.0
4.3966275689955257e-256,0.999999999999999,0.0,0.0
4.1199366855488804e-256,0.999999999999999,0.0,0.0
3.8606586586112475e-256,0.999999999999999,0.0,0.0
3.6176976531192274e-256,0.999999999999999,0.0,0.0
3.3900267976792013e-256,0.999999999999999,0.0,0.0
3.176683844509311e-256,0.999999999999999,0.0,0.0
2.976767102512268e-256,0.999999999999999,0.0,0.0
2.7894316262901594e-256,0.999999999999999,0.0,0.0
2.6138856449941886e-256,0.999999999999999,0.0,0.0
2.4493872159159257e-256,0.999999999999999,0.0,0.0
2.2952410886765125e-256,0.999999999999999,0.0,0.0
2.1507957667603706e-256,0.999999999999999,0.0,0.0
2.0154407539740153e-256,0.999999999999999,0.0,0.0
1.8886039741921776e-256,0.999999999999999,0.0,0.0
1.7697493534858197e-256,0.999999999999999,0.0,0.0
1.658374554412949e-256,0.999999999999999,0.0,0.0
1.5540088528962322e-256,0.999999999999999,0.0,0.0
1.4562111487140694e-256,0.999999999999999,0.0,0.0
1.3645681011964915e-256,0.999999999999999,0.0,0.0
1.2786923822464262e-256,0.999999999999999,0.0,0.0
1.1982210393027503e-256,0.999999999999999,0.0,0.0
1.122813961326214e-256,0.999999999999999,0.0,0.0
1.0521524413247473e-256,0.999999999999999,0.0,0.0
9.859378293426822e-257,0.999999999999999,0.0,0.0
9.238902702207665e-257,0.999999999999999,0.0,0.0
8.657475207921297e-257,0.999999999999999,0.0,0.0
8.112638415150958e-257,0.999999999999999,0.0,0.0
7.602089578583446e-257,0.999999999999999,0.0,0.0
7.12367087048729e-257,0.999999999999999,0.0,0.0
6.675360260683109e-257,0.999999999999999,0.0,0.0
6.2552629704605e-257,0.999999999999999,0.0,0.0
5.86160346432152e-257,0.999999999999999,0.0,0.0
5.4927179457039914e-257,0.999999999999999,0.0,0.0
5.147047324967904e-257,0.999999999999999,0.0,0.0
4.823130629924201e-257,0.999999999999999,0.0,0.0
4.519598831055645e-257,0.999999999999999,0.0,0.0
4.235169055332132e-257,0.999999999999999,0.0,0.0
3.968639164165238e-257,0.999999999999999,0.0,0.0
3.718882672585782e-257,0.999999999999999,0.0,0.0
3.484843988170384e-257,0.999999999999999,0.0,0.0
3.2655339495944116e-257,0.999999999999999,0.0,0.0
3.060025645955057e-257,0.999999999999999,0.0,0.0
2.8674504991949844e-257,0.999999999999999,0.0,0.0
2.6869945930689517e-257,0.999999999999999,0.0,0.0
2.517895233137844e-257,0.999999999999999,0.0,0.0
2.359437723250971e-257,0.999999999999999,0.0,0.0
2.210952344892485e-257,0.999999999999999,0.0,0.0
2.071811526625156e-257,0.999999999999999,0.0,0.0
1.94142719166821e-257,0.999999999999999,0.0,0.0
1.8192482723987884e-257,0.999999999999999,0.0,0.0
1.704758381272121e-257,0.999999999999999,0.0,0.0
1.5974736283165685e-257,0.999999999999999,0.0,0.0
1.4969405759792263e-257,0.999999999999999,0.0,0.0
1.4027343226782559e-257,0.999999999999999,0.0,0.0
1.3144567069621148e-257,0.999999999999999,0.0,0.0
1.2317346246855832e-257,0.999999999999999,0.0,0.0
1.1542184520901549e-257,0.999999999999999,0.0,0.0
1.0815805681239658e-257,0.999999999999999,0.0,0.0
1.0135139697558635e-257,0.999999999999999,0.0,0.0
9.497309744312598e-258,0.999999999999999,0.0,0.0
8.899620041857166e-258,0.999999999999999,0.0,0.0
8.339544462773375e-258,0.999999999999999,0.0,0.0
7.814715855224403e-258,0.999999999999999,0.0,0.0
7.322916038220447e-258,0.999999999999999,0.0,0.0
6.8620664265068645e-258,0.999999999999999,0.0,0.0
6.430219245451789e-258,0.999999999999999,0.0,0.0
6.0255492988030775e-258,0.999999999999999,0.0,0.0
5.646346254521108e-258,0.999999999999999,0.0,0.0
5.291007416083621e-258,0.999999999999999,0.0,0.0
4.958030948710608e-258,0.999999999999999,0.0,0.0
4.6460095318799885e-258,0.999999999999999,0.0,0.0
4.353624411306516e-258,0.999999999999999,0.0,0.0
4.079639825244684e-258,0.999999999999999,0.0,0.0
3.8228977815584684e-258,0.999999999999999,0.0,0.0
3.58231316348328e-258,0.999999999999999,0.0,0.0
3.356869143394677e-258,0.999999999999999,0.0,0.0
3.1456128852002044e-258,0.999999999999999,0.0,0.0
2.9476515171905773e-258,0.999999999999999,0.0,0.0
2.7621483583295146e-258,0.999999999999999,0.0,0.0
2.588319382032689e-258,0.999999999999999,0.0,0.0
2.4254299024900044e-258,0.999999999999999,0.0,0.0
2.2727914695259883e-258,0.999999999999999,0.0,0.0
2.1297589588744624e-258,0.999999999999999,0.0,0.0
1.9957278455695863e-258,0.999999999999999,0.0,0.0
1.870131648929288e-258,0.999999999999999,0.0,0.0
1.7524395383323481e-258,0.999999999999999,0.0,0.0
1.64215408966998e-258,0.999999999999999,0.0,0.0
1.538809182989582e-258,0.999999999999999,0.0,0.0
1.4419680324450814e-258,0.999999999999999,0.0,0.0
1.3512213402274817e-258,0.999999999999999,0.0,0.0
1.2661855666732258e-258,0.999999999999999,0.0,0.0
1.186501309239011e-258,0.999999999999999,0.0,0.0
1.111831783491815e-258,0.999999999999999,0.0,0.0
1.0418613996940597e-258,0.999999999999999,0.0,0.0
9.762944289678655e-259,0.999999999999999,0.0,0.0
9.148537534009622e-259,0.999999999999999,0.0,0.0
8.572796948115913e-259,0.999999999999999,0.0,0.0
8.033289172221942e-259,0.999999999999999,0.0,0.0
7.527733984032036e-259,0.999999999999999,0.0,0.0
7.053994661401847e-259,0.999999999999999,0.0,0.0
6.610068951511184e-259,0.999999999999999,0.0,0.0
6.194080608369643e-259,0.999999999999999,0.0,0.0
5.804271462888375e-259,0.999999999999999,0.0,0.0
5.438993992002288e-259,0.999999999999999,0.0,0.0
5.096704355436157e-259,0.999999999999999,0.0,0.0
4.775955870684655e-259,0.999999999999999,0.0,0.0
4.475392898628363e-259,0.999999999999999,0.0,0.0
4.193745113943422e-259,0.999999999999999,0.0,0.0
3.9298221360887933e-259,0.999999999999999,0.0,0.0
3.6825084981790416e-259,0.999999999999999,0.0,0.0
3.4507589324786824e-259,0.999999999999999,0.0,0.0
3.233593952592277e-259,0.999999999999999,0.0,0.0
3.0300957136784695e-259,0.999999999999999,0.0,0.0
2.839404133191216e-259,0.999999999999999,0.0,0.0
2.660713255752574e-259,0.999999999999999,0.0,0.0
2.4932678467932305e-259,0.999999999999999,0.0,0.0
2.3363602005638404e-259,0.999999999999999,0.0,0.0
2.1893271490262773e-259,0.999999999999999,0.0,0.0
2.051547258982918e-259,0.999999999999999,0.0,0.0
1.9224382055976631e-259,0.999999999999999,0.0,0.0
1.801454311207917e-259,0.999999999999999,0.0,0.0
1.6880842390253505e-259,0.999999999999999,0.0,0.0
1.5818488319779e-259,0.999999999999999,0.0,0.0
1.4822990875589057e-259,0.999999999999999,0.0,0.0
1.389014260124106e-259,0.999999999999999,0.0,0.0
1.3016000826158818e-259,0.999999999999999,0.0,0.0
1.219687100198885e-259,0.999999999999999,0.0,0.0
1.1429291087641891e-259,0.999999999999999,0.0,0.0
1.0710016917023205e-259,0.999999999999999,0.0,0.0
1.0036008487608592e-259,0.999999999999999,0.0,0.0
9.404417111914956e-260,0.999999999999999,0.0,0.0
8.812573377561312e-260,0.999999999999999,0.0,0.0
8.257975865033568e-260,0.999999999999999,0.0,0.0
7.738280575468882e-260,0.999999999999999,0.0,0.0
7.251291023776272e-260,0.999999999999999,0.0,0.0
6.794948955222176e-260,0.999999999999999,0.0,0.0
6.367325646244742e-260,0.999999999999999,0.0,0.0
5.966613752729858e-260,0.999999999999999,0.0,0.0
5.591119671295778e-260,0.999999999999999,0.0,0.0
5.2392563813014005e-260,0.999999999999999,0.0,0.0
4.909536737325063e-260,0.999999999999999,0.0,0.0
4.600567183764586e-260,0.999999999999999,0.0,0.0
4.3110418649934334e-260,0.999999999999999,0.0,0.0
4.0397371061796174e-260,0.999999999999999,0.0,0.0
3.7855062414406235e-260,0.999999999999999,0.0,0.0
3.5472747674756154e-260,0.999999999999999,0.0,0.0
3.3240358021918084e-260,0.999999999999999,0.0,0.0
3.114845829130966e-260,0.999999999999999,0.0,0.0
2.9188207097098898e-260,0.999999999999999,0.0,0.0
2.735131946420689e-260,0.999999999999999,0.0,0.0
2.5630031811973062e-260,0.999999999999999,0.0,0.0
2.4017069141486826e-260,0.999999999999999,0.0,0.0
2.250561428790336e-260,0.999999999999999,0.0,0.0
2.1089279107788915e-260,0.999999999999999,0.0,0.0
1.9762077479719214e-260,0.999999999999999,0.0,0.0
1.8518400004018494e-260,0.999999999999999,0.0,0.0
1.7352990294707847e-260,0.999999999999999,0.0,0.0
1.6260922763461228e-260,0.999999999999999,0.0,0.0
1.5237581801673175e-260,0.999999999999999,0.0,0.0
1.4278642272651686e-260,0.999999999999999,0.0,0.0
1.3380051231486646e-260,0.999999999999999,0.0,0.0
1.2538010795333164e-260,0.999999999999999,0.0,0.0
1.1748962091711246e-260,0.999999999999999,0.0,0.0
1.1009570216979535e-260,0.999999999999999,0.0,0.0
1.0316710141410318e-260,0.999999999999999,0.0,0.0
9.667453501293779e-261,0.999999999999999,0.0,0.0
9.0590562222485e-261,0.999999999999999,0.0,0.0
8.48894692142832e-261,0.999999999999999,0.0,0.0
7.954716039607621e-261,0.999999999999999,0.0,0.0
7.454105657211943e-261,0.999999999999999,0.0,0.0
6.984999951251542e-261,0.999999999999999,0.0,0.0
6.545416252824224e-261,0.999999999999999,0.0,0.0
6.133496667392128e-261,0.999999999999999,0.0,0.0
5.747500222415664e-261,0.999999999999999,0.0,0.0
5.385795509156702e-261,0.999999999999999,0.0,0.0
5.046853787551658e-261,0.999999999999999,0.0,0.0
4.729242525012368e-261,0.999999999999999,0.0,0.0
4.431619341846534e-261,0.999999999999999,0.0,0.0
4.15272633770816e-261,0.999999999999999,0.0,0.0
3.8913847750988135e-261,0.999999999999999,0.0,0.0
3.646490097449575e-261,0.999999999999999,0.0,0.0
3.417007260727683e-261,0.999999999999999,0.0,0.0
3.201966358836977e-261,0.999999999999999,0.0,0.0
3.0004585243229315e-261,0.999999999999999,0.0,0.0
2.8116320870566975e-261,0.999999999999999,0.0,0.0
2.6346889746628528e-261,0.999999999999999,0.0,0.0
2.4688813394773348e-261,0.999999999999999,0.0,0.0
2.313508397779435e-261,0.999999999999999,0.0,0.0
2.167913467938909e-261,0.999999999999999,0.0,0.0
2.0314811949599773e-261,0.999999999999999,0.0,0.0
1.9036349496917793e-261,0.999999999999999,0.0,0.0
1.7838343917130955e-261,0.999999999999999,0.0,0.0
1.6715731855908838e-261,0.999999999999999,0.0,0.0
1.5663768608604425e-261,0.999999999999999,0.0,0.0
1.4678008066824272e-261,0.999999999999999,0.0,0.0
1.375428392701171e-261,0.999999999999999,0.0,0.0
1.2888692081621373e-261,0.999999999999999,0.0,0.0
1.2077574118461636e-261,0.999999999999999,0.0,0.0
1.1317501858465105e-261,0.999999999999999,0.0,0.0
1.06052628665363e-261,0.999999999999999,0.0,0.0
9.937846874238315e-262,0.999999999999999,0.0,0.0
9.312433056934091e-262,0.999999999999999,0.0,0.0
8.726378111609371e-262,0.999999999999999,0.0,0.0
8.177205084988356e-262,0.999999999999999,0.0,0.0
7.662592904724305e-262,0.999999999999999,0.0,0.0
7.180366569418731e-262,0.999999999999999,0.0,0.0
6.728487956007514e-262,0.999999999999999,0.0,0.0
6.305047205661411e-262,0.999999999999999,0.0,0.0
5.908254651793623e-262,0.999999999999999,0.0,0.0
5.536433256058252e-262,0.999999999999999,0.0,0.0
5.188011520370477e-262,0.999999999999999,0.0,0.0
4.8615168449912216e-262,0.999999999999999,0.0,0.0
4.5555693046043327e-262,0.999999999999999,0.0,0.0
4.268875816080953e-262,0.999999999999999,0.0,0.0
4.0002246732812205e-262,0.999999999999999,0.0,0.0
3.7484804257947044e-262,0.999999999999999,0.0,0.0
3.5125790799746516e-262,0.999999999999999,0.0,0.0
3.29152360198327e-262,0.999999999999999,0.0,0.0
3.084379703841744e-262,0.999999999999999,0.0,0.0
2.890271894674762e-262,0.999999999999999,0.0,0.0
2.7083797804602134e-262,0.999999999999999,0.0,0.0
2.5379345966449794e-262,0.999999999999999,0.0,0.0
2.3782159589719826e-262,0.999999999999999,0.0,0.0
2.228548818785896e-262,0.999999999999999,0.0,0.0
2.0883006099491573e-262,0.999999999999999,0.0,0.0
1.9568785753097734e-262,0.999999999999999,0.0,0.0
1.8337272614212566e-262,0.999999999999999,0.0,0.0
1.7183261709261702e-262,0.999999999999999,0.0,0.0
1.6101875626811065e-262,0.999999999999999,0.0,0.0
1.5088543903253635e-262,0.999999999999999,0.0,0.0
1.4138983705806995e-262,0.999999999999999,0.0,0.0
1.324918173117869e-262,0.999999999999999,0.0,0.0
1.2415377243394314e-262,0.999999999999999,0.0,0.0
1.1634046179097918e-262,0.999999999999999,0.0,0.0
1.0901886253146058e-262,0.999999999999999,0.0,0.0
1.0215803001544429e-262,0.999999999999999,0.0,0.0
9.572896702737772e-263,0.999999999999999,0.0,0.0
8.97045012197607e-263,0.999999999999999,0.0,0.0
8.405917026958725e-263,0.999999999999999,0.0,0.0
7.876911426218297e-263,0.999999999999999,0.0,0.0
7.381197484759925e-263,0.999999999999999,0.0,0.0
6.916680074335058e-263,0.999999999999999,0.0,0.0
6.481395918410338e-263,0.999999999999999,0.0,0.0
6.07350529440596e-263,0.999999999999999,0.0,0.0
5.691284258133153e-263,0.999999999999999,0.0,0.0
5.33311735756745e-263,0.999999999999999,0.0,0.0
4.997490805162626e-263,0.999999999999999,0.0,0.0
4.682986079848163e-263,0.999999999999999,0.0,0.0
4.388273931669198e-263,0.999999999999999,0.0,0.0
4.1121087637296196e-263,0.999999999999999,0.0,0.0
3.853323367693679e-263,0.999999999999999,0.0,0.0
3.610823990595803e-263,0.999999999999999,0.0,0.0
3.3835857121085146e-263,0.999999999999999,0.0,0.0
3.1706481127305805e-263,0.999999999999999,0.0,0.0
2.9711112145870125e-263,0.999999999999999,0.0,0.0
2.7841316776847926e-263,0.999999999999999,0.0,0.0
2.6089192355478315e-263,0.999999999999999,0.0,0.0
2.444733355166429e-263,0.999999999999999,0.0,0.0
2.2908801071445544e-263,0.999999999999999,0.0,0.0
2.1467092328166686e-263,0.999999999999999,0.0,0.0
2.011611395938296e-263,0.999999999999999,0.0,0.0
1.8850156073346528e-263,0.999999999999999,0.0,0.0
1.7663868116226478e-263,0.999999999999999,0.0,0.0
1.6552236258065625e-263,0.999999999999999,0.0,0.0
1.5510562201896227e-263,0.999999999999999,0.0,0.0
1.4534443326451587e-263,0.999999999999999,0.0,0.0
1.3619754078547002e-263,0.999999999999999,0.0,0.0
1.2762628536485184e-263,0.999999999999999,0.0,0.0
1.1959444070790668e-263,0.999999999999999,0.0,0.0
1.120680603321547e-263,0.999999999999999,0.0,0.0
1.0501533409304319e-263,0.999999999999999,0.0,0.0
9.840645373880222e-264,0.999999999999999,0.0,0.0
9.221348692627294e-264,0.999999999999999,0.0,0.0
8.641025916523807e-264,0.999999999999999,0.0,0.0
8.097224319229413e-264,0.999999999999999,0.0,0.0
7.587645530670549e-264,0.999999999999999,0.0,0.0
7.1101358230104865e-264,0.999999999999999,0.0,0.0
6.662677007947861e-264,0.999999999999999,0.0,0.0
6.243377906871187e-264,0.999999999999999,0.0,0.0
5.850466357818121e-264,0.999999999999999,0.0,0.0
5.4822817254569565e-264,0.999999999999999,0.0,0.0
5.137267882433942e-264,0.999999999999999,0.0,0.0
4.813966632422113e-264,0.999999999999999,0.0,0.0
4.511011547074309e-264,0.999999999999999,0.0,0.0
4.2271221908323e-264,0.999999999999999,0.0,0.0
3.9610987091832692e-264,0.999999999999999,0.0,0.0
3.7118167574909903e-264,0.999999999999999,0.0,0.0
3.47822274896848e-264,0.999999999999999,0.0,0.0
3.259329401707734e-264,0.999999999999999,0.0,0.0
3.054211565946136e-264,0.999999999999999,0.0,0.0
2.862002313933538e-264,0.999999999999999,0.0,0.0
2.6818892758738843e-264,0.999999999999999,0.0,0.0
2.5131112064552913e-264,0.999999999999999,0.0,0.0
2.354954767457061e-264,0.999999999999999,0.0,0.0
2.2067515128353716e-264,0.999999999999999,0.0,0.0
2.0678750635451407e-264,0.999999999999999,0.0,0.0
1.9377384601574874e-264,0.999999999999999,0.0,0.0
1.8157916820836718e-264,0.999999999999999,0.0,0.0
1.7015193229205362e-264,0.999999999999999,0.0,0.0
1.5944384120923352e-264,0.999999999999999,0.0,0.0
1.4940963735821492e-264,0.999999999999999,0.0,0.0
1.4000691131254893e-264,0.999999999999999,0.0,0.0
1.3119592257816411e-264,0.999999999999999,0.0,0.0
1.2293943163070746e-264,0.999999999999999,0.0,0.0
1.1520254252319992e-264,0.999999999999999,0.0,0.0
1.0795255539878983e-264,0.999999999999999,0.0,0.0
1.0115882828525174e-264,0.999999999999999,0.0,0.0
9.47926475871062e-265,0.999999999999999,0.0,0.0
8.882710672799833e-265,0.999999999999999,0.0,0.0
8.323699243041764e-265,0.999999999999999,0.0,0.0
7.799867815212281e-265,0.999999999999999,0.0,0.0
7.309002422888136e-265,0.999999999999999,0.0,0.0
6.849028430147918e-265,0.999999999999999,0.0,0.0
6.418001763151476e-265,0.999999999999999,0.0,0.0
6.0141006935382e-265,0.999999999999999,0.0,0.0
5.635618138916831e-265,0.999999999999999,0.0,0.0
5.280954447904884e-265,0.999999999999999,0.0,0.0
4.9486106392237863e-265,0.999999999999999,0.0,0.0
4.6371820662748344e-265,0.999999999999999,0.0,0.0
4.345352480419406e-265,0.999999999999999,0.0,0.0
4.0718884678719424e-265,0.999999999999999,0.0,0.0
3.815634236693318e-265,0.999999999999999,0.0,0.0
3.5755067318518874e-265,0.999999999999999,0.0,0.0
3.35049105770609e-265,0.999999999999999,0.0,0.0
3.139636188561788e-265,0.999999999999999,0.0,0.0
2.9420509491750713e-265,0.999999999999999,0.0,0.0
2.7569002482121805e-265,0.999999999999999,0.0,0.0
2.5834015487473136e-265,0.999999999999999,0.0,0.0
2.4208215608809243e-265,0.999999999999999,0.0,0.0
2.2684731424999105e-265,0.999999999999999,0.0,0.0
2.1257123950807955e-265,0.999999999999999,0.0,0.0
1.9919359422613532e-265,0.999999999999999,0.0,0.0
1.8665783796785992e-265,0.999999999999999,0.0,0.0
1.7491098852949203e-265,0.999999999999999,0.0,0.0
1.6390339801124217e-265,0.999999999999999,0.0,0.0
1.5358854298111763e-265,0.999999999999999,0.0,0.0
1.4392282784426846e-265,0.999999999999999,0.0,0.0
1.348654005867971e-265,0.999999999999999,0.0,0.0
1.2637798011527603e-265,0.999999999999999,0.0,0.0
1.1842469446222556e-265,0.999999999999999,0.0,0.0
1.1097192917373006e-265,0.999999999999999,0.0,0.0
1.0398818523840444e-265,0.999999999999999,0.0,0.0
9.744394595724991e-266,0.999999999999999,0.0,0.0
9.131155219172603e-266,0.999999999999999,0.0,0.0
8.556508546277694e-266,0.999999999999999,0.0,0.0
8.018025840673126e-266,0.999999999999999,0.0,0.0
7.513431212508901e-266,0.999999999999999,0.0,0.0
7.040591999434586e-266,0.999999999999999,0.0,0.0
6.597509752930818e-266,0.999999999999999,0.0,0.0
6.182311791893754e-266,0.999999999999999,0.0,0.0
5.793243287773788e-266,0.999999999999999,0.0,0.0
5.428659847816491e-266,0.999999999999999,0.0,0.0
5.087020565058947e-266,0.999999999999999,0.0,0.0
4.766881505707376e-266,0.999999999999999,0.0,0.0
4.466889606370544e-266,0.999999999999999,0.0,0.0
4.1857769553556946e-266,0.999999999999999,0.0,0.0
3.922355433856985e-266,0.999999999999999,0.0,0.0
3.675511694387465e-266,0.999999999999999,0.0,0.0
3.444202455231034e-266,0.999999999999999,0.0,0.0
3.227450091026417e-266,0.999999999999999,0.0,0.0
3.0243385008468387e-266,0.999999999999999,0.0,0.0
2.8340092363118866e-266,0.999999999999999,0.0,0.0
2.655657873367074e-266,0.999999999999999,0.0,0.0
2.488530612396491e-266,0.999999999999999,0.0,0.0
2.331921092298951e-266,0.999999999999999,0.0,0.0
2.185167405062378e-266,0.999999999999999,0.0,0.0
2.047649298218578e-266,0.999999999999999,0.0,0.0
1.918785553354593e-266,0.999999999999999,0.0,0.0
1.798031529600965e-266,0.999999999999999,0.0,0.0
1.684876861714489e-266,0.999999999999999,0.0,0.0
1.5788433030264373e-266,0.999999999999999,0.0,0.0
1.4794827041395025e-266,0.999999999999999,0.0,0.0
1.3863751188304483e-266,0.999999999999999,0.0,0.0
1.2991270291530952e-266,0.999999999999999,0.0,0.0
1.2173696822400591e-266,0.999999999999999,0.0,0.0
1.14075753177376e-266,0.999999999999999,0.0,0.0
1.0689667775395987e-266,0.999999999999999,0.0,0.0
1.001693996888742e-266,0.999999999999999,0.0,0.0
9.386548623264146e-267,0.999999999999999,0.0,0.0
8.795829398055992e-267,0.999999999999999,0.0,0.0
8.242285626471513e-267,0.999999999999999,0.0,0.0
7.723577763269668e-267,0.999999999999999,0.0,0.0
7.237513496703605e-267,0.999999999999999,0.0,0.0
6.782038482744792e-267,0.999999999999999,0.0,0.0
6.355227662425862e-267,0.999999999999999,0.0,0.0
5.955277125604997e-267,0.999999999999999,0.0,0.0
5.580496486764191e-267,0.999999999999999,0.0,0.0
5.229301740617783e-267,0.999999999999999,0.0,0.0
4.900208567335613e-267,0.999999999999999,0.0,0.0
4.591826059085391e-267,0.999999999999999,0.0,0.0
4.3028508413796236e-267,0.999999999999999,0.0,0.0
4.032061564381011e-267,0.999999999999999,0.0,0.0
3.7783137408839367e-267,0.999999999999999,0.0,0.0
3.5405349091548216e-267,0.999999999999999,0.0,0.0
3.3177201001871505e-267,0.999999999999999,0.0,0.0
3.1089275902136027e-267,0.999999999999999,0.0,0.0
2.913274920523325e-267,0.999999999999999,0.0,0.0
2.7299351677621618e-267,0.999999999999999,0.0,0.0
2.5581334489523177e-267,0.999999999999999,0.0,0.0
2.3971436464599633e-267,0.999999999999999,0.0,0.0
2.246285339068907e-267,0.999999999999999,0.0,0.0
2.1049209261895557e-267,0.999999999999999,0.0,0.0
1.972452933048672e-267,0.999999999999999,0.0,0.0
1.8483214854703525e-267,0.999999999999999,0.0,0.0
1.7320019435754159e-267,0.999999999999999,0.0,0.0
1.6230026843980746e-267,0.999999999999999,0.0,0.0
1.5208630240481357e-267,0.999999999999999,0.0,0.0
1.425151270636792e-267,0.999999999999999,0.0,0.0
1.3354628997367086e-267,0.999999999999999,0.0,0.0
1.251418844665019e-267,0.999999999999999,0.0,0.0
1.1726638943631333e-267,0.999999999999999,0.0,0.0
1.0988651921020164e-267,0.999999999999999,0.0,0.0
1.0297108286677403e-267,0.999999999999999,0.0,0.0
9.649085240814216e-268,0.999999999999999,0.0,0.0
9.041843922818562e-268,0.999999999999999,0.0,0.0
8.472817835497975e-268,0.999999999999999,0.0,0.0
7.939601997813995e-268,0.999999999999999,0.0,0.0
7.43994278026244e-268,0.999999999999999,0.0,0.0
6.971728379938873e-268,0.999999999999999,0.0,0.0
6.532979895032282e-268,0.999999999999999,0.0,0.0
6.121842961023421e-268,0.999999999999999,0.0,0.0
5.736579913238324e-268,0.999999999999999,0.0,0.0
5.375562442632139e-268,0.999999999999999,0.0,0.0
5.03726471376303e-268,0.999999999999999,0.0,0.0
4.7202569158693986e-268,0.999999999999999,0.0,0.0
4.4231992197940797e-268,0.999999999999999,0.0,0.0
4.1448361152145976e-268,0.999999999999999,0.0,0.0
3.883991104245816e-268,0.999999999999999,0.0,0.0
3.639561728987586e-268,0.999999999999999,0.0,0.0
3.410514912001392e-268,0.999999999999999,0.0,0.0
3.1958825900225677e-268,0.999999999999999,0.0,0.0
2.9947576224540454e-268,0.999999999999999,0.0,0.0
2.8062899573489254e-268,0.999999999999999,0.0,0.0
2.6296830386774585e-268,0.999999999999999,0.0,0.0
2.4641904396937886e-268,0.999999999999999,0.0,0.0
2.30911270817344e-268,0.999999999999999,0.0,0.0
2.163794410187979e-268,0.999999999999999,0.0,0.0
2.0276213599224076e-268,0.999999999999999,0.0,0.0
1.9000180238271483e-268,0.999999999999999,0.0,0.0
1.7804450881333045e-268,0.999999999999999,0.0,0.0
1.6683971794503332e-268,0.999999999999999,0.0,0.0
1.563400728812266e-268,0.999999999999999,0.0,0.0
1.4650119701448988e-268,0.999999999999999,0.0,0.0
1.372815064694499e-268,0.999999999999999,0.0,0.0
1.286420343490955e-268,0.999999999999999,0.0,0.0
1.20546266041716e-268,0.999999999999999,0.0,0.0
1.1295998489239024e-268,0.999999999999999,0.0,0.0
1.0585112758675865e-268,0.999999999999999,0.0,0.0
9.918964863586014e-269,0.999999999999999,0.0,0.0
9.294739338928063e-269,0.999999999999999,0.0,0.0
8.7097979039905e-269,0.999999999999999,0.0,0.0
8.161668311734076e-269,0.999999999999999,0.0,0.0
7.648033899873232e-269,0.999999999999999,0.0,0.0
7.166723799534375e-269,0.999999999999999,0.0,0.0
6.715703760108043e-269,0.999999999999999,0.0,0.0
6.293067551516288e-269,0.999999999999999,0.0,0.0
5.8970289075571254e-269,0.999999999999999,0.0,0.0
5.525913976274656e-269,0.999999999999999,0.0,0.0
5.178154245446485e-269,0.999999999999999,0.0,0.0
4.852279913288095e-269,0.999999999999999,0.0,0.0
4.5469136763555386e-269,0.999999999999999,0.0,0.0
4.260764908391125e-269,0.999999999999999,0.0,0.0
3.992624205509042e-269,0.999999999999999,0.0,0.0
3.741358274666247e-269,0.999999999999999,0.0,0.0
3.505905143814792e-269,0.999999999999999,0.0,0.0
3.2852696734913695e-269,0.999999999999999,0.0,0.0
3.078519350873874e-269,0.999999999999999,0.0,0.0
2.8847803485286085e-269,0.999999999999999,0.0,0.0
2.7032338311904885e-269,0.999999999999999,0.0,0.0
2.533112494966907e-269,0.999999999999999,0.0,0.0
2.3736973243382385e-269,0.999999999999999,0.0,0.0
2.2243145532485016e-269,0.999999999999999,0.0,0.0
2.0843328174422628e-269,0.999999999999999,0.0,0.0
1.953160486012177e-269,0.999999999999999,0.0,0.0
1.8302431608789826e-269,0.999999999999999,0.0,0.0
1.715061333635543e-269,0.999999999999999,0.0,0.0
1.60712818985161e-269,0.999999999999999,0.0,0.0
1.5059875515592373e-269,0.999999999999999,0.0,0.0
1.4112119492227911e-269,0.999999999999999,0.0,0.0
1.3224008150447547e-269,0.999999999999999,0.0,0.0
1.2391787899713662e-269,0.999999999999999,0.0,0.0
1.1611941372426714e-269,0.999999999999999,0.0,0.0
1.0881172557818786e-269,0.999999999999999,0.0,0.0
1.0196392871408795e-269,0.999999999999999,0.0,0.0
9.554708101142087e-270,0.999999999999999,0.0,0.0
8.953406175042439e-270,0.999999999999999,0.0,0.0
8.38994569867666e-270,0.999999999999999,0.0,0.0
7.861945213985484e-270,0.999999999999999,0.0,0.0
7.367173134083398e-270,0.999999999999999,0.0,0.0
6.903538311486942e-270,0.999999999999999,0.0,0.0
6.469081199908242e-270,0.999999999999999,0.0,0.0
6.0619655722591996e-270,0.999999999999999,0.0,0.0
5.6804707598626275e-270,0.999999999999999,0.0,0.0
5.322984380069419e-270,0.999999999999999,0.0,0.0
4.987995521545161e-270,0.999999999999999,0.0,0.0
4.6740883584238706e-270,0.999999999999999,0.0,0.0
4.379936166339189e-270,0.999999999999999,0.0,0.0
4.104295715041837e-270,0.999999999999999,0.0,0.0
3.846002013903841e-270,0.999999999999999,0.0,0.0
3.60396338810144e-270,0.999999999999999,0.0,0.0
3.377156864666258e-270,0.999999999999999,0.0,0.0
3.1646238489039305e-270,0.999999999999999,0.0,0.0
2.9654660729066336e-270,0.999999999999999,0.0,0.0
2.7788417990359564e-270,0.999999999999999,0.0,0.0
2.603962262330193e-270,0.999999999999999,0.0,0.0
2.440088336799932e-270,0.999999999999999,0.0,0.0
2.2865274115220885e-270,0.999999999999999,0.0,0.0
2.142630463329236e-270,0.999999999999999,0.0,0.0
2.0077893137219916e-270,0.999999999999999,0.0,0.0
1.8814340584108414e-270,0.999999999999999,0.0,0.0
1.763030658623391e-270,0.999999999999999,0.0,0.0
1.6520786839967398e-270,0.999999999999999,0.0,0.0
1.5481091975153404e-270,0.999999999999999,0.0,0.0
1.4506827735550643e-270,0.999999999999999,0.0,0.0
1.3593876406567636e-270,0.999999999999999,0.0,0.0
1.2738379411797839e-270,0.999999999999999,0.0,0.0
1.1936721004798825e-270,0.999999999999999,0.0,0.0
1.1185512987188983e-270,0.999999999999999,0.0,0.0
1.0481580388473025e-270,0.999999999999999,0.0,0.0
9.82194804707227e-271,0.999999999999999,0.0,0.0
9.203828035844582e-271,0.999999999999999,0.0,0.0
8.624607878948134e-271,0.999999999999999,0.0,0.0
8.0818395102477e-271,0.999999999999999,0.0,0.0
7.573228926596349e-271,0.999999999999999,0.0,0.0
7.09662649226226e-271,0.999999999999999,0.0,0.0
6.650017853522473e-271,0.999999999999999,0.0,0.0
6.231515425024197e-271,0.999999999999999,0.0,0.0
5.839350411930932e-271,0.999999999999999,0.0,0.0
5.471865334135081e-271,0.999999999999999,0.0,0.0
5.12750702094077e-271,0.999999999999999,0.0,0.0
4.804820046608962e-271,0.999999999999999,0.0,0.0
4.502440579020326e-271,0.999999999999999,0.0,0.0
4.2190906154572817e-271,0.999999999999999,0.0,0.0
3.9535725811428513e-271,0.999999999999999,0.0,0.0
3.704764267707113e-271,0.999999999999999,0.0,0.0
3.4716140901887485e-271,0.999999999999999,0.0,0.0
3.2531366425254696e-271,0.999999999999999,0.0,0.0
3.048408532748669e-271,0.999999999999999,0.0,0.0
2.856564480279784e-271,0.999999999999999,0.0,0.0
2.676793658833679e-271,0.999999999999999,0.0,0.0
2.508336269472342e-271,0.999999999999999,0.0,0.0
2.3504803293249875e-271,0.999999999999999,0.0,0.0
2.2025586624021112e-271,0.999999999999999,0.0,0.0
2.0639460797852183e-271,0.999999999999999,0.0,0.0
1.934056737274344e-271,0.999999999999999,0.0,0.0
1.8123416593254891e-271,0.999999999999999,0.0,0.0
1.6982864188129313e-271,0.999999999999999,0.0,0.0
1.5914089628099555e-271,0.999999999999999,0.0,0.0
1.4912575751987017e-271,0.999999999999999,0.0,0.0
1.3974089674981184e-271,0.999999999999999,0.0,0.0
1.309466489840941e-271,0.999999999999999,0.0,0.0
1.2270584545384093e-271,0.999999999999999,0.0,0.0
1.1498365651472925e-271,0.999999999999999,0.0,0.0
1.0774744443996972e-271,0.999999999999999,0.0,0.0
1.009666254773973e-271,0.999999999999999,0.0,0.0
9.461254058765756e-272,0.999999999999999,0.0,0.0
8.865833431716572e-272,0.999999999999999,0.0,0.0
8.307884129389627e-272,0.999999999999999,0.0,0.0
7.785047986627971e-272,0.999999999999999,0.0,0.0
7.295115243567192e-272,0.999999999999999,0.0,0.0
6.83601520611534e-272,0.999999999999999,0.0,0.0
6.405807494192429e-272,0.999999999999999,0.0,0.0
6.002673840740362e-272,0.999999999999999,0.0,0.0
5.6249104068418735e-272,0.999999999999999,0.0,0.0
5.270920580468456e-272,0.999999999999999,0.0,0.0
4.9392082284212895e-272,0.999999999999999,0.0,0.0
4.62837137294457e-272,0.999999999999999,0.0,0.0
4.337096266285542e-272,0.999999999999999,0.0,0.0
4.0641518381574486e-272,0.999999999999999,0.0,0.0
3.808384492637664e-272,0.999999999999999,0.0,0.0
3.568713232510174e-272,0.999999999999999,0.0,0.0
3.344125090445513e-272,0.999999999999999,0.0,0.0
3.133670847708083e-272,0.999999999999999,0.0,0.0
2.9364610222960483e-272,0.999999999999999,0.0,0.0
2.75166210955772e-272,0.999999999999999,0.0,0.0
2.5784930593954548e-272,0.999999999999999,0.0,0.0
2.416221975168012e-272,0.999999999999999,0.0,0.0
2.2641630203393284e-272,0.999999999999999,0.0,0.0
2.1216735197997044e-272,0.999999999999999,0.0,0.0
1.9881512436081705e-272,0.999999999999999,0.0,0.0
1.863031861675811e-272,0.999999999999999,0.0,0.0
1.745786558632302e-272,0.999999999999999,0.0,0.0
1.6359197987949186e-272,0.999999999999999,0.0,0.0
1.5329672317936983e-272,0.999999999999999,0.0,0.0
1.4364937300009e-272,0.999999999999999,0.0,0.0
1.3460915494699885e-272,0.999999999999999,0.0,0.0
1.261378606611377e-272,0.999999999999999,0.0,0.0
1.1819968633213176e-272,0.999999999999999,0.0,0.0
1.107610813738715e-272,0.999999999999999,0.0,0.0
1.0379060662341545e-272,0.999999999999999,0.0,0.0
9.725880146379466e-273,0.999999999999999,0.0,0.0
9.113805930911464e-273,0.999999999999999,0.0,0.0
8.540251092569475e-273,0.999999999999999,0.0,0.0
8.002791509610282e-273,0.999999999999999,0.0,0.0
7.49915561639787e-273,0.999999999999999,0.0,0.0
7.02721480266207e-273,0.999999999999999,0.0,0.0
6.584974416956139e-273,0.999999999999999,0.0,0.0
6.170565336289474e-273,0.999999999999999,0.0,0.0
5.782236066304651e-273,0.999999999999999,0.0,0.0
5.418345338610286e-273,0.999999999999999,0.0,0.0
5.077355173982445e-273,0.999999999999999,0.0,0.0
4.7578243821163154e-273,0.999999999999999,0.0,0.0
4.458402470454938e-273,0.999999999999999,0.0,0.0
4.177823936350738e-273,0.999999999999999,0.0,0.0
3.9149029184357444e-273,0.999999999999999,0.0,0.0
3.668528184594617e-273,0.999999999999999,0.0,0.0
3.4376584353571796e-273,0.999999999999999,0.0,0.0
3.221317902860337e-273,0.999999999999999,0.0,0.0
3.018592226778441e-273,0.999999999999999,0.0,0.0
2.828624589791777e-273,0.999999999999999,0.0,0.0
2.6506120962597856e-273,0.999999999999999,0.0,0.0
2.4838023787935325e-273,0.999999999999999,0.0,0.0
2.3274904183851434e-273,0.999999999999999,0.0,0.0
2.181015564654533e-273,0.999999999999999,0.0,0.0
2.0437587436195378e-273,0.999999999999999,0.0,0.0
1.9151398411881246e-273,0.999999999999999,0.0,0.0
1.794615251314056e-273,0.999999999999999,0.0,0.0
1.6816755784533059e-273,0.999999999999999,0.0,0.0
1.5758434846107066e-273,0.999999999999999,0.0,0.0
1.4766716718773866e-273,0.999999999999999,0.0,0.0
1.3837409919322271e-273,0.999999999999999,0.0,0.0
1.2966586745171688e-273,0.999999999999999,0.0,0.0
1.2150566673990452e-273,0.999999999999999,0.0,0.0
1.1385900808018122e-273,0.999999999999999,0.0,0.0
1.0669357297345883e-273,0.999999999999999,0.0,0.0
9.997907680546751e-274,0.999999999999999,0.0,0.0
9.36871408492444e-274,0.999999999999999,0.0,0.0
8.779117232282905e-274,0.999999999999999,0.0,0.0
8.226625199523125e-274,0.999999999999999,0.0,0.0
7.70890288656394e-274,0.999999999999999,0.0,0.0
7.223762147073222e-274,0.999999999999999,0.0,0.0
6.769152540297097e-274,0.999999999999999,0.0,0.0
6.343152664899916e-274,0.999999999999999,0.0,0.0
5.943962038187571e-274,0.999999999999999,0.0,0.0
5.569893486391818e-274,0.999999999999999,0.0,0.0
5.219366013853232e-274,0.999999999999999,0.0,0.0
4.890898120964505e-274,0.999999999999999,0.0,0.0
4.58310154263245e-274,0.999999999999999,0.0,0.0
4.2946753807944187e-274,0.999999999999999,0.0,0.0
4.02440060619029e-274,0.999999999999999,0.0,0.0
3.7711349061518393e-274,0.999999999999999,0.0,0.0
3.533807856633742e-274,0.999999999999999,0.0,0.0
3.3114163980808695e-274,0.999999999999999,0.0,0.0
3.103020596010686e-274,0.999999999999999,0.0,0.0
2.9077396683929107e-274,0.999999999999999,0.0,0.0
2.7247482630362133e-274,0.999999999999999,0.0,0.0
2.553272969248379e-274,0.999999999999999,0.0,0.0
2.3925890490265036e-274,0.999999999999999,0.0,0.0
2.2420173739616637e-274,0.999999999999999,0.0,0.0
2.1009215549119034e-274,0.999999999999999,0.0,0.0
1.968705252312163e-274,0.999999999999999,0.0,0.0
1.844809655753196e-274,0.999999999999999,0.0,0.0
1.728711122176955e-274,0.999999999999999,0.0,0.0
1.619918962706313e-274,0.999999999999999,0.0,0.0
1.5179733687551781e-274,0.999999999999999,0.0,0.0
1.4224434686537446e-274,0.999999999999999,0.0,0.0
1.3329255065752253e-274,0.999999999999999,0.0,0.0
1.2490411360673258e-274,0.999999999999999,0.0,0.0
1.1704358209760984e-274,0.999999999999999,0.0,0.0
1.0967773370036968e-274,0.999999999999999,0.0,0.0
1.0277543675668874e-274,0.999999999999999,0.0,0.0
9.630751880217346e-275,0.999999999999999,0.0,0.0
9.024664326933507e-275,0.999999999999999,0.0,0.0
8.456719394995789e-275,0.999999999999999,0.0,0.0
7.924516672854294e-275,0.999999999999999,0.0,0.0
7.425806812923932e-275,0.999999999999999,0.0,0.0
6.958482024747376e-275,0.999999999999999,0.0,0.0
6.520567166447285e-275,0.999999999999999,0.0,0.0
6.110211396815954e-275,0.999999999999999,0.0,0.0
5.725680352760062e-275,0.999999999999999,0.0,0.0
5.3653488190385865e-275,0.999999999999999,0.0,0.0
5.027693859312633e-275,0.999999999999999,0.0,0.0
4.711288379475662e-275,0.999999999999999,0.0,0.0
4.414795096059606e-275,0.999999999999999,0.0,0.0
4.136960884224436e-275,0.999999999999999,0.0,0.0
3.876611481443025e-275,0.999999999999999,0.0,0.0
3.6326465244965043e-275,0.999999999999999,0.0,0.0
3.404034898804052e-275,0.999999999999999,0.0,0.0
3.189810380431101e-275,0.999999999999999,0.0,0.0
2.9890675523569906e-275,0.999999999999999,0.0,0.0
2.8009579777422122e-275,0.999999999999999,0.0,0.0
2.6246866140216137e-275,0.999999999999999,0.0,0.0
2.4595084526677873e-275,0.999999999999999,0.0,0.0
2.3047253704226345e-275,0.999999999999999,0.0,0.0
2.1596831786888856e-275,0.999999999999999,0.0,0.0
2.0237688586108695e-275,0.999999999999999,0.0,0.0
1.896407970158637e-275,0.999999999999999,0.0,0.0
1.7770622242649652e-275,0.999999999999999,0.0,0.0
1.6652272077539195e-275,0.999999999999999,0.0,0.0
1.5604302514454078e-275,0.999999999999999,0.0,0.0
1.462228432425303e-275,0.999999999999999,0.0,0.0
1.3702067020377567e-275,0.999999999999999,0.0,0.0
1.2839761316876833e-275,0.999999999999999,0.0,0.0
1.2031722690393315e-275,0.999999999999999,0.0,0.0
1.1274535976634309e-275,0.999999999999999,0.0,0.0
1.0565000936226362e-275,0.999999999999999,0.0,0.0
9.900118728946987e-276,0.999999999999999,0.0,0.0
9.277079239167131e-276,0.999999999999999,0.0,0.0
8.693249198935607e-276,0.999999999999999,0.0,0.0
8.146161058507813e-276,0.999999999999999,0.0,0.0
7.633502557280214e-276,0.999999999999999,0.0,0.0
7.153106951052272e-276,0.999999999999999,0.0,0.0
6.702943854311475e-276,0.999999999999999,0.0,0.0
6.2811106588365124e-276,0.999999999999999,0.0,0.0
5.8858244923494405e-276,0.999999999999999,0.0,0.0
5.51541468323019e-276,0.999999999999999,0.0,0.0
5.168315699445622e-276,0.999999999999999,0.0,0.0
4.8430605318496365e-276,0.999999999999999,0.0,0.0
4.538274493888908e-276,0.999999999999999,0.0,0.0
4.252669411508828e-276,0.999999999999999,0.0,0.0
3.985038178703333e-276,0.999999999999999,0.0,0.0
3.7342496556977445e-276,0.999999999999999,0.0,0.0
3.499243888201865e-276,0.999999999999999,0.0,0.0
3.2790276275275387e-276,0.999999999999999,0.0,0.0
3.0726701326365553e-276,0.999999999999999,0.0,0.0
2.8792992363762735e-276,0.999999999999999,0.0,0.0
2.6980976592769846e-276,0.999999999999999,0.0,0.0
2.5282995553313203e-276,0.999999999999999,0.0,0.0
2.369187275156494e-276,0.999999999999999,0.0,0.0
2.220088332858917e-276,0.999999999999999,0.0,0.0
2.080372563781696e-276,0.999999999999999,0.0,0.0
1.949449461122257e-276,0.999999999999999,0.0,0.0
1.826765680163358e-276,0.999999999999999,0.0,0.0
1.7118026995691457e-276,0.999999999999999,0.0,0.0
1.6040746298617657e-276,0.999999999999999,0.0,0.0
1.503126159816075e-276,0.999999999999999,0.0,0.0
1.4085306320929272e-276,0.999999999999999,0.0,0.0
1.319888239977715e-276,0.999999999999999,0.0,0.0
1.2368243376027165e-276,0.999999999999999,0.0,0.0
1.1589878565114166e-276,0.999999999999999,0.0,0.0
1.0860498218724394e-276,0.999999999999999,0.0,0.0
1.0177019620718853e-276,0.999999999999999,0.0,0.0
9.536554058075377e-277,0.999999999999999,0.0,0.0
8.936394611782224e-277,0.999999999999999,0.0,0.0
8.374004716081604e-277,0.999999999999999,0.0,0.0
7.84700743770891e-277,0.999999999999999,0.0,0.0
7.353175429816526e-277,0.999999999999999,0.0,0.0
6.890421518122586e-277,0.999999999999999,0.0,0.0
6.456789879497192e-277,0.999999999999999,0.0,0.0
6.050447775702489e-277,0.999999999999999,0.0,0.0
5.669677807349362e-277,0.999999999999999,0.0,0.0
5.312870655332223e-277,0.999999999999999,0.0,0.0
4.978518279063637e-277,0.999999999999999,0.0,0.0
4.665207542761245e-277,0.999999999999999,0.0,0.0
4.371614242848541e-277,0.999999999999999,0.0,0.0
4.0964975112264343e-277,0.999999999999999,0.0,0.0
3.838694570761049e-277,0.999999999999999,0.0,0.0
3.5971158208219513e-277,0.999999999999999,0.0,0.0
3.370740232099862e-277,0.999999999999999,0.0,0.0
3.158611031240136e-277,0.999999999999999,0.0,0.0
2.9598316570531567e-277,0.999999999999999,0.0,0.0
2.773561971210631e-277,0.999999999999999,0.0,0.0
2.599014707412343e-277,0.999999999999999,0.0,0.0
2.435452144015817e-277,0.999999999999999,0.0,0.0
2.282182986065803e-277,0.999999999999999,0.0,0.0
2.138559443545526e-277,0.999999999999999,0.0,0.0
2.0039744935009706e-277,0.999999999999999,0.0,0.0
1.8778593144665987e-277,0.999999999999999,0.0,0.0
1.7596808823491423e-277,0.999999999999999,0.0,0.0
1.648939717608506e-277,0.999999999999999,0.0,0.0
1.5451677742142661e-277,0.999999999999999,0.0,0.0
1.4479264614554716e-277,0.999999999999999,0.0,0.0
1.3568047902429566e-277,0.999999999999999,0.0,0.0
1.271417636069529e-277,0.999999999999999,0.0,0.0
1.1914041112864655e-277,0.999999999999999,0.0,0.0
1.1164260398167617e-277,0.999999999999999,0.0,0.0
1.0461665278585283e-277,0.999999999999999,0.0,0.0
9.803286245376387e-278,0.999999999999999,0.0,0.0
9.186340668488862e-278,0.999999999999999,0.0,0.0
8.608221035811689e-278,0.999999999999999,0.0,0.0
8.066483932560322e-278,0.999999999999999,0.0,0.0
7.558839714217262e-278,0.999999999999999,0.0,0.0
7.083142829380555e-278,0.999999999999999,0.0,0.0
6.637382751619902e-278,0.999999999999999,0.0,0.0
6.219675482013982e-278,0.999999999999999,0.0,0.0
5.828255586454563e-278,0.999999999999999,0.0,0.0
5.4614687340632005e-278,0.999999999999999,0.0,0.0
5.117764705184216e-278,0.999999999999999,0.0,0.0
4.795690839402358e-278,0.999999999999999,0.0,0.0
4.493885895893264e-278,0.999999999999999,0.0,0.0
4.21107430015758e-278,0.999999999999999,0.0,0.0
3.946060752822648e-278,0.999999999999999,0.0,0.0
3.69772517772592e-278,0.999999999999999,0.0,0.0
3.4650179879282554e-278,0.999999999999999,0.0,0.0
3.246955649648958e-278,0.999999999999999,0.0,0.0
3.0426165253735996e-278,0.999999999999999,0.0,0.0
2.851136978565563e-278,0.999999999999999,0.0,0.0
2.671707723517941e-278,0.999999999999999,0.0,0.0
2.5035704049184732e-278,0.999999999999999,0.0,0.0
2.3460143926711067e-278,0.999999999999999,0.0,0.0
2.1983737784275366e-278,0.999999999999999,0.0,0.0
2.0600245611346054e-278,0.999999999999999,0.0,0.0
1.9303820097023164e-278,0.999999999999999,0.0,0.0
1.808898191645816e-278,0.999999999999999,0.0,0.0
1.69505965725618e-278,0.999999999999999,0.0,0.0
1.588385269512182e-278,0.999999999999999,0.0,0.0
1.4884241705612033e-278,0.999999999999999,0.0,0.0
1.3947538761746336e-278,0.999999999999999,0.0,0.0
1.306978490124011e-278,0.999999999999999,0.0,0.0
1.2247270309309835e-278,0.999999999999999,0.0,0.0
1.1476518639191229e-278,0.999999999999999,0.0,0.0
1.0754272319406816e-278,0.999999999999999,0.0,0.0
1.0077478785684264e-278,0.999999999999999,0.0,0.0
9.443277579334906e-279,0.999999999999999,0.0,0.0
8.848988257563898e-279,0.999999999999999,0.0,0.0
8.292099064615102e-279,0.999999999999999,0.0,0.0
7.77025631586947e-279,0.999999999999999,0.0,0.0
7.281254450028923e-279,0.999999999999999,0.0,0.0
6.8230267073414534e-279,0.999999999999999,0.0,0.0
6.393636394469064e-279,0.999999999999999,0.0,0.0
5.9912686990796545e-279,0.999999999999999,0.0,0.0
5.614223019567321e-279,0.999999999999999,0.0,0.0
5.26090577748273e-279,0.999999999999999,0.0,0.0
4.929823682295436e-279,0.999999999999999,0.0,0.0
4.619577420021702e-279,0.999999999999999,0.0,0.0
4.328855739042933e-279,0.999999999999999,0.0,0.0
4.056429908118502e-279,0.999999999999999,0.0,0.0
3.801148523169828e-279,0.999999999999999,0.0,0.0
3.561932640886658e-279,0.999999999999999,0.0,0.0
3.3377712185878087e-279,0.999999999999999,0.0,0.0
3.127716841062982e-279,0.999999999999999,0.0,0.0
2.9308817163352394e-279,0.999999999999999,0.0,0.0
2.7464339234202507e-279,0.999999999999999,0.0,0.0
2.5735938962235423e-279,0.999999999999999,0.0,0.0
2.411631128714974e-279,0.999999999999999,0.0,0.0
2.2598610874549118e-279,0.999999999999999,0.0,0.0
2.1176423184229354e-279,0.999999999999999,0.0,0.0
1.984373735921118e-279,0.999999999999999,0.0,0.0
1.8594920820934835e-279,0.999999999999999,0.0,0.0
1.7424695463243158e-279,0.999999999999999,0.0,0.0
1.6328115344537545e-279,0.999999999999999,0.0,0.0
1.5300545783822856e-279,0.999999999999999,0.0,0.0
1.4337643772291094e-279,0.999999999999999,0.0,0.0
1.3435339617653578e-279,0.999999999999999,0.0,0.0
1.2589819743641691e-279,0.999999999999999,0.0,0.0
1.1797510571978535e-279,0.999999999999999,0.0,0.0
1.1055063418698813e-279,0.999999999999999,0.0,0.0
1.0359340340981475e-279,0.999999999999999,0.0,0.0
9.707400874676965e-280,0.999999999999999,0.0,0.0
9.09648960647538e-280,0.999999999999999,0.0,0.0
8.524024528189497e-280,0.999999999999999,0.0,0.0
7.987586123932194e-280,0.999999999999999,0.0,0.0
7.484907144065384e-280,0.999999999999999,0.0,0.0
7.013863022700175e-280,0.999999999999999,0.0,0.0
6.572462898247959e-280,0.999999999999999,0.0,0.0
6.158841199070924e-280,0.999999999999999,0.0,0.0
5.77124975866883e-280,0.999999999999999,0.0,0.0
5.408050427077016e-280,0.999999999999999,0.0,0.0
5.067708147247795e-280,0.999999999999999,0.0,0.0
4.748784467152666e-280,0.999999999999999,0.0,0.0
4.449931460184334e-280,0.999999999999999,0.0,0.0
4.169886028163191e-280,0.999999999999999,0.0,0.0
3.907464562869989e-280,0.999999999999999,0.0,0.0
3.6615579435417653e-280,0.999999999999999,0.0,0.0
3.4311268491879823e-280,0.999999999999999,0.0,0.0
3.21519736591446e-280,0.999999999999999,0.0,0.0
3.0128568706895153e-280,0.999999999999999,0.0,0.0
2.823250174155101e-280,0.999999999999999,0.0,0.0
2.6455759061805816e-280,0.999999999999999,0.0,0.0
2.4790831288827534e-280,0.999999999999999,0.0,0.0
2.323068162797064e-280,0.999999999999999,0.0,0.0
2.1768716127859055e-280,0.999999999999999,0.0,0.0
2.0398755811140064e-280,0.999999999999999,0.0,0.0
1.9115010559120407e-280,0.999999999999999,0.0,0.0
1.791205463990815e-280,0.999999999999999,0.0,0.0
1.6784803776630444e-280,0.999999999999999,0.0,0.0
1.5728493658806316e-280,0.999999999999999,0.0,0.0
1.4738659806053048e-280,0.999999999999999,0.0,0.0
1.38111186990204e-280,0.999999999999999,0.0,0.0
1.2941950097802833e-280,0.999999999999999,0.0,0.0
1.2127480473098737e-280,0.999999999999999,0.0,0.0
1.1364267480088675e-280,0.999999999999999,0.0,0.0
1.0649085409411697e-280,0.999999999999999,0.0,0.0
9.978911553748485e-281,0.999999999999999,0.0,0.0
9.350913432389889e-281,0.999999999999999,0.0,0.0
8.762436819795621e-281,0.999999999999999,0.0,0.0
8.210994527546025e-281,0.999999999999999,0.0,0.0
7.694255892273962e-281,0.999999999999999,0.0,0.0
7.210036925147706e-281,0.999999999999999,0.0,0.0
6.756291081271776e-281,0.999999999999999,0.0,0.0
6.331100609992702e-281,0.999999999999999,0.0,0.0
5.932668449551901e-281,0.999999999999999,0.0,0.0
5.559310631828535e-281,0.999999999999999,0.0,0.0
5.209449165071097e-281,0.999999999999999,0.0,0.0
4.881605364536675e-281,0.999999999999999,0.0,0.0
4.574393602849951e-281,0.999999999999999,0.0,0.0
4.286515453667895e-281,0.999999999999999,0.0,0.0
4.016754203898442e-281,0.999999999999999,0.0,0.0
3.7639697112791134e-281,0.999999999999999,0.0,0.0
3.5270935855812145e-281,0.999999999999999,0.0,0.0
3.3051246730730255e-281,0.999999999999999,0.0,0.0
3.097124825157135e-281,0.999999999999999,0.0,0.0
2.9022149332981243e-281,0.999999999999999,0.0,0.0
2.719571213482264e-281,0.999999999999999,0.0,0.0
2.54842172450556e-281,0.999999999999999,0.0,0.0
2.388043105374724e-281,0.999999999999999,0.0,0.0
2.237757518031751e-281,0.999999999999999,0.0,0.0
2.09692978248056e-281,0.999999999999999,0.0,0.0
1.9649646922073615e-281,0.999999999999999,0.0,0.0
1.841304498548399e-281,0.999999999999999,0.0,0.0
1.7254265533727892e-281,0.999999999999999,0.0,0.0
1.6168411001172867e-281,0.999999999999999,0.0,0.0
1.5150892038368145e-281,0.999999999999999,0.0,0.0
1.4197408115221438e-281,0.999999999999999,0.0,0.0
1.3303929344866852e-281,0.999999999999999,0.0,0.0
1.2466679451402723e-281,0.999999999999999,0.0,0.0
1.168211980951274e-281,0.999999999999999,0.0,0.0
1.0946934488514057e-281,0.999999999999999,0.0,0.0
1.0258016237621247e-281,0.999999999999999,0.0,0.0
9.612453353193012e-282,0.999999999999999,0.0,0.0
9.007517372456238e-282,0.999999999999999,0.0,0.0
8.440651541695112e-282,0.999999999999999,0.0,0.0
7.909460010166214e-282,0.999999999999999,0.0,0.0
7.411697704067863e-282,0.999999999999999,0.0,0.0
6.945260837766146e-282,0.999999999999999,0.0,0.0
6.50817802217348e-282,0.999999999999999,0.0,0.0
6.098601932699377e-282,0.999999999999999,0.0,0.0
5.714801501558123e-282,0.999999999999999,0.0,0.0
5.355154601434265e-282,0.999999999999999,0.0,0.0
5.018141189583525e-282,0.999999999999999,0.0,0.0
4.70233688339275e-282,0.999999999999999,0.0,0.0
4.406406940246135e-282,0.999999999999999,0.0,0.0
4.129100616253658e-282,0.999999999999999,0.0,0.0
3.869245879998995e-282,0.999999999999999,0.0,0.0
3.6257444589646446e-282,0.999999999999999,0.0,0.0
3.397567197698027e-282,0.999999999999999,0.0,0.0
3.1837497080999294e-282,0.999999999999999,0.0,0.0
2.9833882934512867e-282,0.999999999999999,0.0,0.0
2.7956361289512564e-282,0.999999999999999,0.0,0.0
2.6196996826236895e-282,0.999999999999999,0.0,0.0
2.454835361464996e-282,0.999999999999999,0.0,0.0
2.300346368658404e-282,0.999999999999999,0.0,0.0
2.1555797585716665e-282,0.999999999999999,0.0,0.0
2.019923677091205e-282,0.999999999999999,0.0,0.0
1.8928047756289986e-282,0.999999999999999,0.0,0.0
1.773685787872556e-282,0.999999999999999,0.0,0.0
1.6620632590361328e-282,0.999999999999999,0.0,0.0
1.557465418015911e-282,0.999999999999999,0.0,0.0
1.4594501834558288e-282,0.999999999999999,0.0,0.0
1.3676032952967257e-282,0.999999999999999,0.0,0.0
1.2815365639118232e-282,0.999999999999999,0.0,0.0
1.2008862294285337e-282,0.999999999999999,0.0,0.0
1.1253114243022937e-282,0.999999999999999,0.0,0.0
1.0544927326445102e-282,0.999999999999999,0.0,0.0
9.881308402156421e-283,0.999999999999999,0.0,0.0
9.25945269377627e-283,0.999999999999999,0.0,0.0
8.676731936589484e-283,0.999999999999999,0.0,0.0
8.130683269221199e-283,0.999999999999999,0.0,0.0
7.618998824386668e-283,0.999999999999999,0.0,0.0
7.139515974721482e-283,0.999999999999999,0.0,0.0
6.690208192466357e-283,0.999999999999999,0.0,0.0
6.269176484375054e-283,0.999999999999999,0.0,0.0
5.874641365645184e-283,0.999999999999999,0.0,0.0
5.504935338949834e-283,0.999999999999999,0.0,0.0
5.158495846782733e-283,0.999999999999999,0.0,0.0
4.833858667330152e-283,0.999999999999999,0.0,0.0
4.529651725957273e-283,0.999999999999999,0.0,0.0
4.24458929615336e-283,0.999999999999999,0.0,0.0
3.9774665654260983e-283,0.999999999999999,0.0,0.0
3.7271545431779474e-283,0.999999999999999,0.0,0.0
3.4925952890426937e-283,0.999999999999999,0.0,0.0
3.2727974415148455e-283,0.999999999999999,0.0,0.0
3.066832027973678e-283,0.999999999999999,0.0,0.0
2.873828538393056e-283,0.999999999999999,0.0,0.0
2.692971246142618e-283,0.999999999999999,0.0,0.0
2.5234957603302397e-283,0.999999999999999,0.0,0.0
2.3646857951142965e-283,0.999999999999999,0.0,0.0
2.2158701423312725e-283,0.999999999999999,0.0,0.0
2.0764198346435652e-283,0.999999999999999,0.0,0.0
1.945745487217562e-283,0.999999999999999,0.0,0.0
1.8232948066966398e-283,0.999999999999999,0.0,0.0
1.7085502569407841e-283,0.999999999999999,0.0,0.0
1.6010268716671155e-283,0.999999999999999,0.0,0.0
1.500270204746474e-283,0.999999999999999,0.0,0.0
1.4058544094930182e-283,0.999999999999999,0.0,0.0
1.317380438828986e-283,0.999999999999999,0.0,0.0
1.234474358717634e-283,0.999999999999999,0.0,0.0
1.1567857677361038e-283,0.999999999999999,0.0,0.0
1.0839863161085617e-283,0.999999999999999,0.0,0.0
1.0157683179403256e-283,0.999999999999999,0.0,0.0
9.518434507876065e-284,0.999999999999999,0.0,0.0
8.919415370666096e-284,0.999999999999999,0.0,0.0
8.35809402151643e-284,0.999999999999999,0.0,0.0
7.83209804335996e-284,0.999999999999999,0.0,0.0
7.339204321330848e-284,0.999999999999999,0.0,0.0
6.877329646799703e-284,0.999999999999999,0.0,0.0
6.444521912720567e-284,0.999999999999999,0.0,0.0
6.038951863076972e-284,0.999999999999999,0.0,0.0
5.658905361556199e-284,0.999999999999999,0.0,0.0
5.3027761467754105e-284,0.999999999999999,0.0,0.0
4.969059043439706e-284,0.999999999999999,0.0,0.0
4.656343600739158e-284,0.999999999999999,0.0,0.0
4.3633081310975945e-284,0.999999999999999,0.0,0.0
4.0887141240779944e-284,0.999999999999999,0.0,0.0
3.831401011834926e-284,0.999999999999999,0.0,0.0
3.59028126399029e-284,0.999999999999999,0.0,0.0
3.364335791200934e-284,0.999999999999999,0.0,0.0
3.152609637991366e-284,0.999999999999999,0.0,0.0
2.9542079466473965e-284,0.999999999999999,0.0,0.0
2.768292175112143e-284,0.999999999999999,0.0,0.0
2.5940765528994097e-284,0.999999999999999,0.0,0.0
2.430824760045382e-284,0.999999999999999,0.0,0.0
2.2778468150622915e-284,0.999999999999999,0.0,0.0
2.1344961587410183e-284,0.999999999999999,0.0,0.0
2.000166921477364e-284,0.999999999999999,0.0,0.0
1.87429136257239e-284,0.999999999999999,0.0,0.0
1.756337470684055e-284,0.999999999999999,0.0,0.0
1.6458067152884958e-284,0.999999999999999,0.0,0.0
1.5422319396475304e-284,0.999999999999999,0.0,0.0
1.4451753863770427e-284,0.999999999999999,0.0,0.0
1.3542268472713376e-284,0.999999999999999,0.0,0.0
1.2690019295637236e-284,0.999999999999999,0.0,0.0
1.1891404312956992e-284,0.999999999999999,0.0,0.0
1.1143048189282632e-284,0.999999999999999,0.0,0.0
1.0441788007609899e-284,0.999999999999999,0.0,0.0
9.784659901294486e-285,0.999999999999999,0.0,0.0
9.168886527309875e-285,0.999999999999999,0.0,0.0
8.59186532784471e-285,0.999999999999999,0.0,0.0
8.051157530627517e-285,0.999999999999999,0.0,0.0
7.544477841488785e-285,0.999999999999999,0.0,0.0
7.069684785596154e-285,0.999999999999999,0.0,0.0
6.624771656540102e-285,0.999999999999999,0.0,0.0
6.207858035016514e-285,0.999999999999999,0.0,0.0
5.817181841260012e-285,0.999999999999999,0.0,0.0
5.451091887637731e-285,0.999999999999999,0.0,0.0
5.1080408999271866e-285,0.999999999999999,0.0,0.0
4.786578977782767e-285,0.999999999999999,0.0,0.0
4.485347466751589e-285,0.999999999999999,0.0,0.0
4.203073215938891e-285,0.999999999999999,0.0,0.0
3.938563197053039e-285,0.999999999999999,0.0,0.0
3.690699462087646e-285,0.999999999999999,0.0,0.0
3.458434418329483e-285,0.999999999999999,0.0,0.0
3.2407864007220942e-285,0.999999999999999,0.0,0.0
3.0368355228717486e-285,0.999999999999999,0.0,0.0
2.845719789160078e-285,0.999999999999999,0.0,0.0
2.6666314515312914e-285,0.999999999999999,0.0,0.0
2.4988135955559732e-285,0.999999999999999,0.0,0.0
2.3415569413425194e-285,0.999999999999999,0.0,0.0
2.1941968457752922e-285,0.999999999999999,0.0,0.0
2.0561104934095147e-285,0.999999999999999,0.0,0.0
1.9267142641502396e-285,0.999999999999999,0.0,0.0
1.805461266589935e-285,0.999999999999999,0.0,0.0
1.6918390265793716e-285,0.999999999999999,0.0,0.0
1.5853673212625836e-285,0.999999999999999,0.0,0.0
1.48559614942148e-285,0.999999999999999,0.0,0.0
1.3921038295518044e-285,0.999999999999999,0.0,0.0
1.3044952176319763e-285,0.999999999999999,0.0,0.0
1.2224000370522444e-285,0.999999999999999,0.0,0.0
1.1454713136456198e-285,0.999999999999999,0.0,0.0
1.0733839092062653e-285,0.999999999999999,0.0,0.0
1.0058331472972806e-285,0.999999999999999,0.0,0.0
9.425335255398737e-286,0.999999999999999,0.0,0.0
8.832175089414312e-286,0.999999999999999,0.0,0.0
8.276343991625009e-286,0.999999999999999,0.0,0.0
7.755492749436616e-286,0.999999999999999,0.0,0.0
7.267419992140066e-286,0.999999999999999,0.0,0.0
6.81006288684801e-286,0.999999999999999,0.0,0.0
6.38148841995959e-286,0.999999999999999,0.0,0.0
5.97988522730469e-286,0.999999999999999,0.0,0.0
5.603555938437839e-286,0.999999999999999,0.0,0.0
5.250910002725052e-286,0.999999999999999,0.0,0.0
4.920456966903155e-286,0.999999999999999,0.0,0.0
4.610800175699284e-286,0.999999999999999,0.0,0.0
4.320630868886323e-286,0.999999999999999,0.0,0.0
4.0487226498255653e-286,0.999999999999999,0.0,0.0
3.7939263021179484e-286,0.999999999999999,0.0,0.0
3.55516493245654e-286,0.999999999999999,0.0,0.0
3.3314294191515846e-286,0.999999999999999,0.0,0.0
3.1217741470913705e-286,0.999999999999999,0.0,0.0
2.925313011112789e-286,0.999999999999999,0.0,0.0
2.7412156708898864e-286,0.999999999999999,0.0,0.0
2.568704041511737e-286,0.999999999999999,0.0,0.0
2.407049004917125e-286,0.999999999999999,0.0,0.0
2.2555673282869514e-286,0.999999999999999,0.0,0.0
2.11361877636999e-286,0.999999999999999,0.0,0.0
1.980603405537286e-286,0.999999999999999,0.0,0.0
1.8559590281285468e-286,0.999999999999999,0.0,0.0
1.7391588363736224e-286,0.999999999999999,0.0,0.0
1.6297091758466115e-286,0.999999999999999,0.0,0.0
1.5271474590421282e-286,0.999999999999999,0.0,0.0
1.4310402102554856e-286,0.999999999999999,0.0,0.0
1.34098123350351e-286,0.999999999999999,0.0,0.0
1.25658989574273e-286,0.999999999999999,0.0,0.0
1.1775095181289813e-286,0.999999999999999,0.0,0.0
1.1034058685191108e-286,0.999999999999999,0.0,0.0
1.0339657488433576e-286,0.999999999999999,0.0,0.0
9.688956713779603e-287,0.999999999999999,0.0,0.0
9.079206183232742e-287,0.999999999999999,0.0,0.0
8.507828794447719e-287,0.999999999999999,0.0,0.0
7.972409628642333e-287,0.999999999999999,0.0,0.0
7.470685743975986e-287,0.999999999999999,0.0,0.0
7.000536611256695e-287,0.999999999999999,0.0,0.0
6.559975151553222e-287,0.999999999999999,0.0,0.0
6.147139337832938e-287,0.999999999999999,0.0,0.0
5.760284325129826e-287,0.999999999999999,0.0,0.0
5.3977750759809e-287,0.999999999999999,0.0,0.0
5.058079449962558e-287,0.999999999999999,0.0,0.0
4.7397617281198585e-287,0.999999999999999,0.0,0.0
4.44147654491984e-287,0.999999999999999,0.0,0.0
4.161963202082346e-287,0.999999999999999,0.0,0.0
3.9000403402558465e-287,0.999999999999999,0.0,0.0
3.6546009460181666e-287,0.999999999999999,0.0,0.0
3.424607673099275e-287,0.999999999999999,0.0,0.0
3.2090884580513464e-287,0.999999999999999,0.0,0.0
3.007132411835788e-287,0.999999999999999,0.0,0.0
2.817885969963074e-287,0.999999999999999,0.0,0.0
2.64054928491401e-287,0.999999999999999,0.0,0.0
2.4743728455950473e-287,0.999999999999999,0.0,0.0
2.3186543095398094e-287,0.999999999999999,0.0,0.0
2.1727355344681896e-287,0.999999999999999,0.0,0.0
2.0359997966569312e-287,0.999999999999999,0.0,0.0
1.907869184365179e-287,0.999999999999999,0.0,0.0
1.7878021552983445e-287,0.999999999999999,0.0,0.0
1.6752912477869472e-287,0.999999999999999,0.0,0.0
1.5698609360067513e-287,0.999999999999999,0.0,0.0
1.4710656201753212e-287,0.999999999999999,0.0,0.0
1.378487743230586e-287,0.999999999999999,0.0,0.0
1.2917360260315826e-287,0.999999999999999,0.0,0.0
1.2104438136224717e-287,0.999999999999999,0.0,0.0
1.1342675255703443e-287,0.999999999999999,0.0,0.0
1.0628852038271814e-287,0.999999999999999,0.0,0.0
9.959951519785325e-288,0.999999999999999,0.0,0.0
9.333146601277122e-288,0.999999999999999,0.0,0.0
8.74578810026258e-288,0.999999999999999,0.0,0.0
8.195393554005465e-288,0.999999999999999,0.0,0.0
7.679636727422864e-288,0.999999999999999,0.0,0.0
7.196337781284154e-288,0.999999999999999,0.0,0.0
6.743454059150078e-288,0.999999999999999,0.0,0.0
6.3190714541130134e-288,0.999999999999999,0.0,0.0
5.9213963188500874e-288,0.999999999999999,0.0,0.0
5.548747884797108e-288,0.999999999999999,0.0,0.0
5.199551158403024e-288,0.999999999999999,0.0,0.0
4.872330264441054e-288,0.999999999999999,0.0,0.0
4.5657022082420564e-288,0.999999999999999,0.0,0.0
4.278371030486327e-288,0.999999999999999,0.0,0.0
4.009122329849114e-288,0.999999999999999,0.0,0.0
3.756818130349893e-288,0.999999999999999,0.0,0.0
3.520392071712324e-288,0.999999999999999,0.0,0.0
3.298844902407014e-288,0.999999999999999,0.0,0.0
3.091240256328476e-288,0.999999999999999,0.0,0.0
2.8967006952564955e-288,0.999999999999999,0.0,0.0
2.7144040003753908e-288,0.999999999999999,0.0,0.0
2.543579697177346e-288,0.999999999999999,0.0,0.0
2.3835057990623548e-288,0.999999999999999,0.0,0.0
2.233505755871652e-288,0.999999999999999,0.0,0.0
2.0929455944576427e-288,0.999999999999999,0.0,0.0
1.9612312392049977e-288,0.999999999999999,0.0,0.0
1.837806001178124e-288,0.999999999999999,0.0,0.0
1.7221482252829286e-288,0.999999999999999,0.0,0.0
1.6137690854986442e-288,0.999999999999999,0.0,0.0
1.5122105188612799e-288,0.999999999999999,0.0,0.0
1.4170432894667217e-288,0.999999999999999,0.0,0.0
1.3278651743110036e-288,0.999999999999999,0.0,0.0
1.244299263300241e-288,0.999999999999999,0.0,0.0
1.1659923662452305e-288,0.999999999999999,0.0,0.0
1.092613520107907e-288,0.999999999999999,0.0,0.0
1.0238525901905536e-288,0.999999999999999,0.0,0.0
9.594189593557085e-289,0.999999999999999,0.0,0.0
8.990402997367767e-289,0.999999999999999,0.0,0.0
8.424614217479964e-289,0.999999999999999,0.0,0.0
7.894431955291163e-289,0.999999999999999,0.0,0.0
7.397615402662853e-289,0.999999999999999,0.0,0.0
6.932064771175337e-289,0.999999999999999,0.0,0.0
6.4958124174004475e-289,0.999999999999999,0.0,0.0
6.087014526683304e-289,0.999999999999999,0.0,0.0
5.70394332028468e-289,0.999999999999999,0.0,0.0
5.344979752947606e-289,0.999999999999999,0.0,0.0
5.008606670024555e-289,0.999999999999999,0.0,0.0
4.693402395243904e-289,0.999999999999999,0.0,0.0
4.39803472201446e-289,0.999999999999999,0.0,0.0
4.121255282872377e-289,0.999999999999999,0.0,0.0
3.8618942732730052e-289,0.999999999999999,0.0,0.0
3.618855507427852e-289,0.999999999999999,0.0,0.0
3.3911117852902198e-289,0.999999999999999,0.0,0.0
3.1777005511081426e-289,0.999999999999999,0.0,0.0
2.9777198251955587e-289,0.999999999999999,0.0,0.0
2.790324391727406e-289,0.999999999999999,0.0,0.0
2.6147222264464e-289,0.999999999999999,0.0,0.0
2.45017114918326e-289,0.999999999999999,0.0,0.0
2.2959756870422895e-289,0.999999999999999,0.0,0.0
2.151484134994617e-289,0.999999999999999,0.0,0.0
2.0160858014557347e-289,0.999999999999999,0.0,0.0
1.8892084272058002e-289,0.999999999999999,0.0,0.0
1.770315766743808e-289,0.999999999999999,0.0,0.0
1.6589053218532533e-289,0.999999999999999,0.0,0.0
1.5545062178002383e-289,0.999999999999999,0.0,0.0
1.4566772131877966e-289,0.999999999999999,0.0,0.0
1.3650048350551156e-289,0.999999999999999,0.0,0.0
1.2791016313396757e-289,0.999999999999999,0.0,0.0
1.1986045333163658e-289,0.999999999999999,0.0,0.0
1.1231733210924412e-289,0.999999999999999,0.0,0.0
1.052489185672763e-289,0.999999999999999,0.0,0.0
9.86253381517905e-290,0.999999999999999,0.0,0.0
9.241859639001841e-290,0.999999999999999,0.0,0.0
8.660246057210666e-290,0.999999999999999,0.0,0.0
8.115234887892453e-290,0.999999999999999,0.0,0.0
7.604522648733884e-290,0.999999999999999,0.0,0.0
7.125950821384652e-290,0.999999999999999,0.0,0.0
6.677496728508933e-290,0.999999999999999,0.0,0.0
6.25726498496707e-290,0.999999999999999,0.0,0.0
5.863479486995986e-290,0.999999999999999,0.0,0.0
5.494475905530737e-290,0.999999999999999,0.0,0.0
5.148694651940287e-290,0.999999999999999,0.0,0.0
4.8246742864473226e-290,0.999999999999999,0.0,0.0
4.5210453413728576e-290,0.999999999999999,0.0,0.0
4.2365245330996677e-290,0.999999999999999,0.0,0.0
3.9699093382914933e-290,0.999999999999999,0.0,0.0
3.7200729114444693e-290,0.999999999999999,0.0,0.0
3.4859593222898927e-290,0.999999999999999,0.0,0.0
3.266579092919266e-290,0.999999999999999,0.0,0.0
3.061005015769341e-290,0.999999999999999,0.0,0.0
2.868368234791932e-290,0.999999999999999,0.0,0.0
2.687854573245613e-290,0.999999999999999,0.0,0.0
2.5187010925887687e-290,0.999999999999999,0.0,0.0
2.360192867930196e-290,0.999999999999999,0.0,0.0
2.211659966408752e-290,0.999999999999999,0.0,0.0
2.0724746157312046e-290,0.999999999999999,0.0,0.0
1.9420485509011504e-290,0.999999999999999,0.0,0.0
1.81983052792499e-290,0.999999999999999,0.0,0.0
1.7053039939866652e-290,0.999999999999999,0.0,0.0
1.5979849042441922e-290,0.999999999999999,0.0,0.0
1.497419676020701e-290,0.999999999999999,0.0,0.0
1.4031832717434072e-290,0.999999999999999,0.0,0.0
1.3148774025280762e-290,0.999999999999999,0.0,0.0
1.232128844816457e-290,0.999999999999999,0.0,0.0
1.1545878629519758e-290,0.999999999999999,0.0,0.0
1.08192673102673e-290,0.999999999999999,0.0,0.0
1.0138383477523833e-290,0.999999999999999,0.0,0.0
9.500349385007366e-291,0.999999999999999,0.0,0.0
8.902468390281667e-291,0.999999999999999,0.0,0.0
8.342213557433583e-291,0.999999999999999,0.0,0.0
7.817216977012689e-291,0.999999999999999,0.0,0.0
7.325259758094118e-291,0.999999999999999,0.0,0.0
6.864262650166172e-291,0.999999999999999,0.0,0.0
6.432277255206233e-291,0.999999999999999,0.0,0.0
6.027477792802966e-291,0.999999999999999,0.0,0.0
5.6481533835201695e-291,0.999999999999999,0.0,0.0
5.2927008178880534e-291,0.999999999999999,0.0,0.0
4.9596177804601644e-291,0.999999999999999,0.0,0.0
4.64749650029753e-291,0.999999999999999,0.0,0.0
4.355017801043888e-291,0.999999999999999,0.0,0.0
4.080945525444706e-291,0.999999999999999,0.0,0.0
3.8241213107453244e-291,0.999999999999999,0.0,0.0
3.583459692886479e-291,0.999999999999999,0.0,0.0
3.3579435188051865e-291,0.999999999999999,0.0,0.0
3.1466196474511222e-291,0.999999999999999,0.0,0.0
2.948594921348899e-291,0.999999999999999,0.0,0.0
2.7630323916801164e-291,0.999999999999999,0.0,0.0
2.5891477809305344e-291,0.999999999999999,0.0,0.0
2.4262061681517967e-291,0.999999999999999,0.0,0.0
2.273518882828016e-291,0.999999999999999,0.0,0.0
2.1304405942191788e-291,0.999999999999999,0.0,0.0
1.996366583879528e-291,0.999999999999999,0.0,0.0
1.870730189823257e-291,0.999999999999999,0.0,0.0
1.7530004115353125e-291,0.999999999999999,0.0,0.0
1.642679665704923e-291,0.999999999999999,0.0,0.0
1.5393016831964852e-291,0.999999999999999,0.0,0.0
1.442429538369388e-291,0.999999999999999,0.0,0.0
1.3516538024177198e-291,0.999999999999999,0.0,0.0
1.2665908129249756e-291,0.999999999999999,0.0,0.0
1.1868810523200575e-291,0.999999999999999,0.0,0.0
1.1121876283811388e-291,0.999999999999999,0.0,0.0
1.0421948503652578e-291,0.999999999999999,0.0,0.0
9.766068947456763e-292,0.999999999999999,0.0,0.0
9.151465549177564e-292,0.999999999999999,0.0,0.0
8.575540695890074e-292,0.999999999999999,0.0,0.0
8.035860249015067e-292,0.999999999999999,0.0,0.0
7.530143256465313e-292,0.999999999999999,0.0,0.0
7.056252312232527e-292,0.999999999999999,0.0,0.0
6.612184522669878e-292,0.999999999999999,0.0,0.0
6.196063041289152e-292,0.999999999999999,0.0,0.0
5.806129136294538e-292,0.999999999999999,0.0,0.0
5.440734757326552e-292,0.999999999999999,0.0,0.0
5.098335569999552e-292,0.999999999999999,0.0,0.0
4.777484428793403e-292,0.999999999999999,0.0,0.0
4.476825260712573e-292,0.999999999999999,0.0,0.0
4.195087333862013e-292,0.999999999999999,0.0,0.0
3.93107988671604e-292,0.999999999999999,0.0,0.0
3.6836870953809083e-292,0.999999999999999,0.0,0.0
3.4518633575802532e-292,0.999999999999999,0.0,0.0
3.2346288734312605e-292,0.999999999999999,0.0,0.0
3.031065504333751e-292,0.999999999999999,0.0,0.0
2.840312892469844e-292,0.999999999999999,0.0,0.0
2.6615648245133116e-292,0.999999999999999,0.0,0.0
2.4940658241798917e-292,0.999999999999999,0.0,0.0
2.3371079592170245e-292,0.999999999999999,0.0,0.0
2.1900278493377877e-292,0.999999999999999,0.0,0.0
2.052203862453115e-292,0.999999999999999,0.0,0.0
1.9230534873522063e-292,0.999999999999999,0.0,0.0
1.8020308717267948e-292,0.999999999999999,0.0,0.0
1.6886245151337736e-292,0.999999999999999,0.0,0.0
1.5823551071455113e-292,0.999999999999999,0.0,0.0
1.482773501550833e-292,0.999999999999999,0.0,0.0
1.3894588180446503e-292,0.999999999999999,0.0,0.0
1.302016663383063e-292,0.999999999999999,0.0,0.0
1.2200774644856638e-292,0.999999999999999,0.0,0.0
1.143294906439928e-292,0.999999999999999,0.0,0.0
1.0713444688059337e-292,0.999999999999999,0.0,0.0
1.0039220540351246e-292,0.999999999999999,0.0,0.0
9.407427022061473e-293,0.999999999999999,0.0,0.0
8.815393866456092e-293,0.999999999999999,0.0,0.0
8.260618853434661e-293,0.999999999999999,0.0,0.0
7.740757233930912e-293,0.999999999999999,0.0,0.0
7.253611819862629e-293,0.999999999999999,0.0,0.0
6.797123697746035e-293,0.999999999999999,0.0,0.0
6.369363526725874e-293,0.999999999999999,0.0,0.0
5.968523384242472e-293,0.999999999999999,0.0,0.0
5.592909124871555e-293,0.999999999999999,0.0,0.0
5.240933220041602e-293,0.999999999999999,0.0,0.0
4.9111080483658756e-293,0.999999999999999,0.0,0.0
4.602039608230807e-293,0.999999999999999,0.0,0.0
4.312421626067094e-293,0.999999999999999,0.0,0.0
4.0410300354021776e-293,0.999999999999999,0.0,0.0
3.786717803359902e-293,0.999999999999999,0.0,0.0
3.548410082741627e-293,0.999999999999999,0.0,0.0
3.325099669199123e-293,0.999999999999999,0.0,0.0
3.115842744299058e-293,0.999999999999999,0.0,0.0
2.919754886487192e-293,0.999999999999999,0.0,0.0
2.7360073330926775e-293,0.999999999999999,0.0,0.0
2.5638234775738745e-293,0.999999999999999,0.0,0.0
2.4024755872013374e-293,0.999999999999999,0.0,0.0
2.2512817273053066e-293,0.999999999999999,0.0,0.0
2.1096028790880793e-293,0.999999999999999,0.0,0.0
1.9768402388197288e-293,0.999999999999999,0.0,0.0
1.8524326870022633e-293,0.999999999999999,0.0,0.0
1.7358544168056822e-293,0.999999999999999,0.0,0.0
1.6266127117525393e-293,0.999999999999999,0.0,0.0
1.5242458632584384e-293,0.999999999999999,0.0,0.0
1.4283212192269617e-293,0.999999999999999,0.0,0.0
1.3384333554514575e-293,0.999999999999999,0.0,0.0
1.254202362095127e-293,0.999999999999999,0.0,0.0
1.1752722380072563e-293,0.999999999999999,0.0,0.0
1.1013093860891812e-293,0.999999999999999,0.0,0.0
1.0320012033506746e-293,0.999999999999999,0.0,0.0
9.670547596976507e-294,0.999999999999999,0.0,0.0
9.061955598670957e-294,0.999999999999999,0.0,0.0
8.491663832765622e-294,0.999999999999999,0.0,0.0
7.957261968848674e-294,0.999999999999999,0.0,0.0
7.456491364692148e-294,0.999999999999999,0.0,0.0
6.987235520131199e-294,0.999999999999999,0.0,0.0
6.547511131704873e-294,0.999999999999999,0.0,0.0
6.135459710250938e-294,0.999999999999999,0.0,0.0
5.7493397260266475e-294,0.999999999999999,0.0,0.0
5.387519248156914e-294,0.999999999999999,0.0,0.0
5.0484690473006e-294,0.999999999999999,0.0,0.0
4.7307561323834566e-294,0.999999999999999,0.0,0.0
4.4330376940807865e-294,0.999999999999999,0.0,0.0
4.1540554294520536e-294,0.999999999999999,0.0,0.0
3.8926302237405736e-294,0.999999999999999,0.0,0.0
3.647657166860989e-294,0.999999999999999,0.0,0.0
3.4181008835117864e-294,0.999999999999999,0.0,0.0
3.2029911571756285e-294,0.999999999999999,0.0,0.0
3.0014188295124074e-294,0.999999999999999,0.0,0.0
2.812531957813853e-294,0.999999999999999,0.0,0.0
2.6355322142792356e-294,0.999999999999999,0.0,0.0
2.469671511893744e-294,0.999999999999999,0.0,0.0
2.3142488426488687e-294,0.999999999999999,0.0,0.0
2.168607314741563e-294,0.999999999999999,0.0,0.0
2.032131376229949e-294,0.999999999999999,0.0,0.0
1.9042442134113867e-294,0.999999999999999,0.0,0.0
1.7844053129271837e-294,0.999999999999999,0.0,0.0
1.6721081772902186e-294,0.999999999999999,0.0,0.0
1.5668781841801836e-294,0.999999999999999,0.0,0.0
1.4682705804587842e-294,0.999999999999999,0.0,0.0
1.3758686024266366e-294,0.999999999999999,0.0,0.0
1.2892817143771444e-294,0.999999999999999,0.0,0.0
1.2081439580026333e-294,0.999999999999999,0.0,0.0
1.132112405676529e-294,0.999999999999999,0.0,0.0
1.0608657110743955e-294,0.999999999999999,0.0,0.0
9.941027510080533e-295,0.999999999999999,0.0,0.0
9.31541352732511e-295,0.999999999999999,0.0,0.0
8.729171013466862e-295,0.999999999999999,0.0,0.0
8.179822222474133e-295,0.999999999999999,0.0,0.0
7.665045339134444e-295,0.999999999999999,0.0,0.0
7.182664665933999e-295,0.999999999999999,0.0,0.0
6.730641427501655e-295,0.999999999999999,0.0,0.0
6.30706515375248e-295,0.999999999999999,0.0,0.0
5.91014560531185e-295,0.999999999999999,0.0,0.0
5.53820520709303e-295,0.999999999999999,0.0,0.0
5.1896719580488145e-295,0.999999999999999,0.0,0.0
4.86307278713044e-295,0.999999999999999,0.0,0.0
4.557027327372775e-295,0.999999999999999,0.0,0.0
4.27024208179207e-295,0.999999999999999,0.0,0.0
4.001504956438505e-295,0.999999999999999,0.0,0.0
3.749680137497553e-295,0.999999999999999,0.0,0.0
3.5137032907882996e-295,0.999999999999999,0.0,0.0
3.2925770633694707e-295,0.999999999999999,0.0,0.0
3.085366868240754e-295,0.999999999999999,0.0,0.0
2.8911969343235216e-295,0.999999999999999,0.0,0.0
2.709246605026248e-295,0.999999999999999,0.0,0.0
2.5387468697505582e-295,0.999999999999999,0.0,0.0
2.378977113678367e-295,0.999999999999999,0.0,0.0
2.229262072103126e-295,0.999999999999999,0.0,0.0
2.088968976432702e-295,0.999999999999999,0.0,0.0
1.9575048798015085e-295,0.999999999999999,0.0,0.0
1.8343141509886196e-295,0.999999999999999,0.0,0.0
1.7188761260499553e-295,0.999999999999999,0.0,0.0
1.610702907739184e-295,0.999999999999999,0.0,0.0
1.5093373034166294e-295,0.999999999999999,0.0,0.0
1.4143508927307828e-295,0.999999999999999,0.0,0.0
1.3253422169054981e-295,0.999999999999999,0.0,0.0
1.241935081979922e-295,0.999999999999999,0.0,0.0
1.1637769688298212e-295,0.999999999999999,0.0,0.0
1.0905375432502856e-295,0.999999999999999,0.0,0.0
1.0219072598026946e-295,0.999999999999999,0.0,0.0
9.575960535251188e-296,0.999999999999999,0.0,0.0
8.973321139766937e-296,0.999999999999999,0.0,0.0
8.408607364344788e-296,0.999999999999999,0.0,0.0
7.879432453874018e-296,0.999999999999999,0.0,0.0
7.383559857774491e-296,0.999999999999999,0.0,0.0
6.918893777245966e-296,0.999999999999999,0.0,0.0
6.483470307402907e-296,0.999999999999999,0.0,0.0
6.075449136857127e-296,0.999999999999999,0.0,0.0
5.693105769666667e-296,0.999999999999999,0.0,0.0
5.334824236777097e-296,0.999999999999999,0.0,0.0
4.999090266150227e-296,0.999999999999999,0.0,0.0
4.6844848827138853e-296,0.999999999999999,0.0,0.0
4.38967841108302e-296,0.999999999999999,0.0,0.0
4.113424855704729e-296,0.999999999999999,0.0,0.0
3.8545566346749554e-296,0.999999999999999,0.0,0.0
3.6119796449694106e-296,0.999999999999999,0.0,0.0
3.3846686382319866e-296,0.999999999999999,0.0,0.0
3.171662887576486e-296,0.999999999999999,0.0,0.0
2.972062127087471e-296,0.999999999999999,0.0,0.0
2.785022746858587e-296,0.999999999999999,0.0,0.0
2.6097542274867363e-296,0.999999999999999,0.0,0.0
2.445515798952546e-296,0.999999999999999,0.0,0.0
2.291613309765931e-296,0.999999999999999,0.0,0.0
2.147396293144237e-296,0.999999999999999,0.0,0.0
2.0122552178232097e-296,0.999999999999999,0.0,0.0
1.8856189118813743e-296,0.999999999999999,0.0,0.0
1.766952148689659e-296,0.999999999999999,0.0,0.0
1.6557533847833073e-296,0.999999999999999,0.0,0.0
1.5515526400952298e-296,0.999999999999999,0.0,0.0
1.4539095115916245e-296,0.999999999999999,0.0,0.0
1.362411311914531e-296,0.999999999999999,0.0,0.0
1.2766713251643098e-296,0.999999999999999,0.0,0.0
1.1963271724501386e-296,0.999999999999999,0.0,0.0
1.121039280300547e-296,0.999999999999999,0.0,0.0
1.0504894454607462e-296,0.999999999999999,0.0,0.0
9.843794900108884e-297,0.999999999999999,0.0,0.0
9.224300011211354e-297,0.999999999999999,0.0,0.0
8.64379150117122e-297,0.999999999999999,0.0,0.0
8.099815858646175e-297,0.999999999999999,0.0,0.0
7.590073977962845e-297,0.999999999999999,0.0,0.0
7.112411441977854e-297,0.999999999999999,0.0,0.0
6.664809416462992e-297,0.999999999999999,0.0,0.0
6.245376117529742e-297,0.999999999999999,0.0,0.0
5.852338816030339e-297,0.999999999999999,0.0,0.0
5.484036345142072e-297,0.999999999999999,0.0,0.0
5.138912079468249e-297,0.999999999999999,0.0,0.0
4.8155073559820704e-297,0.999999999999999,0.0,0.0
4.512455309007142e-297,0.999999999999999,0.0,0.0
4.2284750931782305e-297,0.999999999999999,0.0,0.0
3.962366469965708e-297,0.999999999999999,0.0,0.0
3.713004734883686e-297,0.999999999999999,0.0,0.0
3.479335963941767e-297,0.999999999999999,0.0,0.0
3.260372559249594e-297,0.999999999999999,0.0,0.0
3.0551890749477682e-297,0.999999999999999,0.0,0.0
2.862918305823476e-297,0.999999999999999,0.0,0.0
2.6827476220794247e-297,0.999999999999999,0.0,0.0
2.5139155347650263e-297,0.999999999999999,0.0,0.0
2.3557084773536808e-297,0.999999999999999,0.0,0.0
2.207457789863529e-297,0.999999999999999,0.0,0.0
2.0685368927751132e-297,0.999999999999999,0.0,0.0
1.9383586388015375e-297,0.999999999999999,0.0,0.0
1.816372831318425e-297,0.999999999999999,0.0,0.0
1.7020638989653488e-297,0.999999999999999,0.0,0.0
1.5949487165904728e-297,0.999999999999999,0.0,0.0
1.4945745633286502e-297,0.999999999999999,0.0,0.0
1.4005172091828302e-297,0.999999999999999,0.0,0.0
1.3123791220217292e-297,0.999999999999999,0.0,0.0
1.2297877874156722e-297,0.999999999999999,0.0,0.0
1.1523941342094086e-297,0.999999999999999,0.0,0.0
1.0798710591776109e-297,0.999999999999999,0.0,0.0
1.0119120445275295e-297,0.999999999999999,0.0,0.0
9.482298624057015e-298,0.999999999999999,0.0,0.0
8.885553609333228e-298,0.999999999999999,0.0,0.0
8.32636326639485e-298,0.999999999999999,0.0,0.0
7.802364184843617e-298,0.999999999999999,0.0,0.0
7.311341689670103e-298,0.999999999999999,0.0,0.0
6.851220480959835e-298,0.999999999999999,0.0,0.0
6.42005586266636e-298,0.999999999999999,0.0,0.0
6.016025523379786e-298,0.999999999999999,0.0,0.0
5.637421834352331e-298,0.999999999999999,0.0,0.0
5.282644632228587e-298,0.999999999999999,0.0,0.0
4.950194455976804e-298,0.999999999999999,0.0,0.0
4.63866620943719e-298,0.999999999999999,0.0,0.0
4.346743222702039e-298,0.999999999999999,0.0,0.0
4.0731916872282445e-298,0.999999999999999,0.0,0.0
3.816855441162218e-298,0.999999999999999,0.0,0.0
3.576651082837506e-298,0.999999999999999,0.0,0.0
3.351563391792343e-298,0.999999999999999,0.0,0.0
3.1406410379541433e-298,0.999999999999999,0.0,0.0
2.9429925608558535e-298,0.999999999999999,0.0,0.0
2.757782601890385e-298,0.999999999999999,0.0,0.0
2.5842283736787903e-298,0.999999999999999,0.0,0.0
2.421596351630029e-298,0.999999999999999,0.0,0.0
2.269199173709233e-298,0.999999999999999,0.0,0.0
2.126392735311393e-298,0.999999999999999,0.0,0.0
1.9925734669619805e-298,0.999999999999999,0.0,0.0
1.8671757833387543e-298,0.999999999999999,0.0,0.0
1.7496696928330684e-298,0.999999999999999,0.0,0.0
1.639558557547528e-298,0.999999999999999,0.0,0.0
1.5363769942626543e-298,0.999999999999999,0.0,0.0
1.4396889075010196e-298,0.999999999999999,0.0,0.0
1.349085646375629e-298,0.999999999999999,0.0,0.0
1.2641842774324911e-298,0.999999999999999,0.0,0.0
1.1846259661875683e-298,0.999999999999999,0.0,0.0
1.110074460517699e-298,0.999999999999999,0.0,0.0
1.0402146694955605e-298,0.999999999999999,0.0,0.0
9.747513316621394e-299,0.999999999999999,0.0,0.0
9.134077671081808e-299,0.999999999999999,0.0,0.0
8.559247080903049e-299,0.999999999999999,0.0,0.0
8.020592032394074e-299,0.999999999999999,0.0,0.0
7.515835907299936e-299,0.999999999999999,0.0,0.0
7.042845360705619e-299,0.999999999999999,0.0,0.0
6.599621304482692e-299,0.999999999999999,0.0,0.0
6.184290458170457e-299,0.999999999999999,0.0,0.0
5.795097431581494e-299,0.999999999999999,0.0,0.0
5.430397305668851e-299,0.999999999999999,0.0,0.0
5.088648680298003e-299,0.999999999999999,0.0,0.0
4.7684071595400973e-299,0.999999999999999,0.0,0.0
4.4683192469521567e-299,0.999999999999999,0.0,0.0
4.187116625042723e-299,0.999999999999999,0.0,0.0
3.923610794745186e-299,0.999999999999999,0.0,0.0
3.676688052242603e-299,0.999999999999999,0.0,0.0
3.4453047819136246e-299,0.999999999999999,0.0,0.0
3.228483045505229e-299,0.999999999999999,0.0,0.0
3.025306448889964e-299,0.999999999999999,0.0,0.0
2.834916268938598e-299,0.999999999999999,0.0,0.0
2.6565078241384634e-299,0.999999999999999,0.0,0.0
2.4893270736179627e-299,0.999999999999999,0.0,0.0
2.3326674302030514e-299,0.999999999999999,0.0,0.0
2.185866774036135e-299,0.999999999999999,0.0,0.0
2.0483046541354713e-299,0.999999999999999,0.0,0.0
1.9193996660675145e-299,0.999999999999999,0.0,0.0
1.7986069946489642e-299,0.999999999999999,0.0,0.0
1.6854161112927842e-299,0.999999999999999,0.0,0.0
1.5793486162660558e-299,0.999999999999999,0.0,0.0
1.4799562167399963e-299,0.999999999999999,0.0,0.0
1.3868188320863995e-299,0.999999999999999,0.0,0.0
1.2995428184125606e-299,0.999999999999999,0.0,0.0
1.2177593048307032e-299,0.999999999999999,0.0,0.0
1.1411226344301764e-299,0.999999999999999,0.0,0.0
1.0693089033632113e-299,0.999999999999999,0.0,0.0
1.0020145918697033e-299,0.999999999999999,0.0,0.0
9.389552814550621e-300,0.999999999999999,0.0,0.0
8.798644527993046e-300,0.999999999999999,0.0,0.0
8.244923593167633e-300,0.999999999999999,0.0,0.0
7.726049716055309e-300,0.999999999999999,0.0,0.0
7.239829883253678e-300,0.999999999999999,0.0,0.0
6.784209093235628e-300,0.999999999999999,0.0,0.0
6.357261670913253e-300,0.999999999999999,0.0,0.0
5.9571831287982215e-300,0.999999999999999,0.0,0.0
5.582282540359886e-300,0.999999999999999,0.0,0.0
5.2309753933472405e-300,0.999999999999999,0.0,0.0
4.9017768928693886e-300,0.999999999999999,0.0,0.0
4.593295685930079e-300,0.999999999999999,0.0,0.0
4.3042279808931435e-300,0.999999999999999,0.0,0.0
4.033352037024834e-300,0.999999999999999,0.0,0.0
3.779523000823187e-300,0.999999999999999,0.0,0.0
3.5416680673102255e-300,0.999999999999999,0.0,0.0
3.318781945836279e-300,0.999999999999999,0.0,0.0
3.109922611232687e-300,0.999999999999999,0.0,0.0
2.9142073223552022e-300,0.999999999999999,0.0,0.0
2.7308088911905264e-300,0.999999999999999,0.0,0.0
2.5589521867573858e-300,0.999999999999999,0.0,0.0
2.397910859025961e-300,0.999999999999999,0.0,0.0
2.2470042690093363e-300,0.999999999999999,0.0,0.0
2.1055946120520563e-300,0.999999999999999,0.0,0.0
1.9730842221574033e-300,0.999999999999999,0.0,0.0
1.848913045960167e-300,0.999999999999999,0.0,0.0
1.7325562756686995e-300,0.999999999999999,0.0,0.0
1.6235221309718987e-300,0.999999999999999,0.0,0.0
1.5213497805363977e-300,0.999999999999999,0.0,0.0
1.4256073943091863e-300,0.999999999999999,0.0,0.0
1.3358903183937483e-300,0.999999999999999,0.0,0.0
1.2518193647858598e-300,0.999999999999999,0.0,0.0
1.173039208740632e-300,0.999999999999999,0.0,0.0
1.0992168869972982e-300,0.999999999999999,0.0,0.0
1.030040390514509e-300,0.999999999999999,0.0,0.0
9.652173457683516e-301,0.999999999999999,0.0,0.0
9.044737790396175e-301,0.999999999999999,0.0,0.0
8.47552958467596e-301,0.999999999999999,0.0,0.0
7.942143089763465e-301,0.999999999999999,0.0,0.0
7.442323954874044e-301,0.999999999999999,0.0,0.0
6.9739597012148035e-301,0.999999999999999,0.0,0.0
6.535070793621642e-301,0.999999999999999,0.0,0.0
6.123802274080732e-301,0.999999999999999,0.0,0.0
5.738415921773642e-301,0.999999999999999,0.0,0.0
5.377282906510629e-301,0.999999999999999,0.0,0.0
5.038876904501937e-301,0.999999999999999,0.0,0.0
4.721767647371007e-301,0.999999999999999,0.0,0.0
4.424614877144587e-301,0.999999999999999,0.0,0.0
4.146162681670591e-301,0.999999999999999,0.0,0.0
3.8852341865224234e-301,0.999999999999999,0.0,0.0
3.6407265809551866e-301,0.999999999999999,0.0,0.0
3.4116064568910234e-301,0.999999999999999,0.0,0.0
3.1969054412338985e-301,0.999999999999999,0.0,0.0
2.9957161030538434e-301,0.999999999999999,0.0,0.0
2.8071881183424434e-301,0.999999999999999,0.0,0.0
2.63052467612995e-301,0.999999999999999,0.0,0.0
2.4649791107745284e-301,0.999999999999999,0.0,0.0
2.3098517461900518e-301,0.999999999999999,0.0,0.0
2.164486938674614e-301,0.999999999999999,0.0,0.0
2.02827030584132e-301,0.999999999999999,0.0,0.0
1.9006261299394598e-301,0.999999999999999,0.0,0.0
1.7810149245912492e-301,0.999999999999999,0.0,0.0
1.6689311546599703e-301,0.999999999999999,0.0,0.0
1.5639010996125747e-301,0.999999999999999,0.0,0.0
1.4654808513462784e-301,0.999999999999999,0.0,0.0
1.373254438016986e-301,0.999999999999999,0.0,0.0
1.2868320659399363e-301,0.999999999999999,0.0,0.0
1.2058484721319808e-301,0.999999999999999,0.0,0.0
1.129961380532541e-301,0.999999999999999,0.0,0.0
1.0588500553784823e-301,0.999999999999999,0.0,0.0
9.92213945618761e-302,0.999999999999999,0.0,0.0
9.297714146394864e-302,0.999999999999999,0.0,0.0
8.712585499305907e-302,0.999999999999999,0.0,0.0
8.164280476631871e-302,0.999999999999999,0.0,0.0
7.650481674632918e-302,0.999999999999999,0.0,0.0
7.169017529642768e-302,0.999999999999999,0.0,0.0
6.717853139984327e-302,0.999999999999999,0.0,0.0
6.295081665485352e-302,0.999999999999999,0.0,0.0
5.898916268244336e-302,0.999999999999999,0.0,0.0
5.527682560584351e-302,0.999999999999999,0.0,0.0
5.179811528276258e-302,0.999999999999999,0.0,0.0
4.853832899121341e-302,0.999999999999999,0.0,0.0
4.548368928865816e-302,0.999999999999999,0.0,0.0
4.2621285781834233e-302,0.999999999999999,0.0,0.0
3.9939020561152397e-302,0.999999999999999,0.0,0.0
3.7425557069045946e-302,0.999999999999999,0.0,0.0
3.5070272186164007e-302,0.999999999999999,0.0,0.0
3.2863211332901657e-302,0.999999999999999,0.0,0.0
3.0795046396504334e-302,0.999999999999999,0.0,0.0
2.885703630592577e-302,0.999999999999999,0.0,0.0
2.704099008780985e-302,0.999999999999999,0.0,0.0
2.5339232247452805e-302,0.999999999999999,0.0,0.0
2.3744570328428983e-302,0.999999999999999,0.0,0.0
2.2250264513771364e-302,0.999999999999999,0.0,0.0
2.084999914022655e-302,0.999999999999999,0.0,0.0
1.9537856005189737e-302,0.999999999999999,0.0,0.0
1.8308289353501667e-302,0.999999999999999,0.0,0.0
1.71561024383897e-302,0.999999999999999,0.0,0.0
1.6076425557488076e-302,0.999999999999999,0.0,0.0
1.5064695471106923e-302,0.999999999999999,0.0,0.0
1.4116636115761627e-302,0.999999999999999,0.0,0.0
1.322824053144852e-302,0.999999999999999,0.0,0.0
1.2395753926282773e-302,0.999999999999999,0.0,0.0
1.1615657806921454e-302,0.999999999999999,0.0,0.0
1.0884655107699129e-302,0.999999999999999,0.0,0.0
1.0199656255624566e-302,0.999999999999999,0.0,0.0
9.5577661123424e-303,0.999999999999999,0.0,0.0
8.956271737870146e-303,0.999999999999999,0.0,0.0
8.392630924394177e-303,0.999999999999999,0.0,0.0
7.864461451662878e-303,0.999999999999999,0.0,0.0
7.369531018565077e-303,0.999999999999999,0.0,0.0
6.90574780833968e-303,0.999999999999999,0.0,0.0
6.471151647540511e-303,0.999999999999999,0.0,0.0
6.06390572138983e-303,0.999999999999999,0.0,0.0
5.6822888105056e-303,0.999999999999999,0.0,0.0
5.3246880161911106e-303,0.999999999999999,0.0,0.0
4.989591943540527e-303,0.999999999999999,0.0,0.0
4.6755843135488186e-303,0.999999999999999,0.0,0.0
4.381337977227759e-303,0.999999999999999,0.0,0.0
4.1056093064287334e-303,0.999999999999999,0.0,0.0
3.847232937665239e-303,0.999999999999999,0.0,0.0
3.6051168467199177e-303,0.999999999999999,0.0,0.0
3.378237733219019e-303,0.999999999999999,0.0,0.0
3.1656366956672497e-303,0.999999999999999,0.0,0.0
2.966415178663615e-303,0.999999999999999,0.0,0.0
2.7797311751692066e-303,0.999999999999999,0.0,0.0
2.6047956677758734e-303,0.999999999999999,0.0,0.0
2.4408692939348524e-303,0.999999999999999,0.0,0.0
2.287259221050985e-303,0.999999999999999,0.0,0.0
2.143316218235154e-303,0.999999999999999,0.0,0.0
2.008431912338738e-303,0.999999999999999,0.0,0.0
1.8820362166727526e-303,0.999999999999999,0.0,0.0
1.7635949215441917e-303,0.999999999999999,0.0,0.0
1.6526074364260098e-303,0.999999999999999,0.0,0.0
1.5486046742180488e-303,0.999999999999999,0.0,0.0
1.451147068656773e-303,0.999999999999999,0.0,0.0
1.3598227164944213e-303,0.999999999999999,0.0,0.0
1.2742456365955163e-303,0.999999999999999,0.0,0.0
1.1940541385928332e-303,0.999999999999999,0.0,0.0
1.1189092942079686e-303,0.999999999999999,0.0,0.0
1.0484935047755707e-303,0.999999999999999,0.0,0.0
9.825091589168876e-304,0.999999999999999,0.0,0.0
9.206773746893137e-304,0.999999999999999,0.0,0.0
8.627368208956421e-304,0.999999999999999,0.0,0.0
8.084426125713053e-304,0.999999999999999,0.0,0.0
7.575652759813943e-304,0.999999999999999,0.0,0.0
7.098897787530306e-304,0.999999999999999,0.0,0.0
6.652146210439608e-304,0.999999999999999,0.0,0.0
6.233509839062058e-304,0.999999999999999,0.0,0.0
5.841219312453391e-304,0.999999999999999,0.0,0.0
5.473616620024843e-304,0.999999999999999,0.0,0.0
5.129148093983889e-304,0.999999999999999,0.0,0.0
4.806357842778392e-304,0.999999999999999,0.0,0.0
4.503881597790715e-304,0.999999999999999,0.0,0.0
4.2204409472749125e-304,0.999999999999999,0.0,0.0
3.954837933166833e-304,0.999999999999999,0.0,0.0
3.705949987930608e-304,0.999999999999999,0.0,0.0
3.472725190042196e-304,0.999999999999999,0.0,0.0
3.2541778180573274e-304,0.999999999999999,0.0,0.0
3.049384184473196e-304,0.999999999999999,0.0,0.0
2.85747873177576e-304,0.999999999999999,0.0,0.0
2.677650374172647e-304,0.999999999999999,0.0,0.0
2.5091390695500597e-304,0.999999999999999,0.0,0.0
2.351232607165093e-304,0.999999999999999,0.0,0.0
2.2032635974966894e-304,0.999999999999999,0.0,0.0
2.064606651532883e-304,0.999999999999999,0.0,0.0
1.9346757375726256e-304,0.999999999999999,0.0,0.0
1.812921704370751e-304,0.999999999999999,0.0,0.0
1.6988299601576874e-304,0.999999999999999,0.0,0.0
1.5919182977243262e-304,0.999999999999999,0.0,0.0
1.4917348563797924e-304,0.999999999999999,0.0,0.0
1.397856212168366e-304,0.999999999999999,0.0,0.0
1.3098855882738773e-304,0.999999999999999,0.0,0.0
1.227451178047875e-304,0.999999999999999,0.0,0.0
1.1502045735738727e-304,0.999999999999999,0.0,0.0
1.0778192931260145e-304,0.999999999999999,0.0,0.0
1.0099894012984906e-304,0.999999999999999,0.0,0.0
9.464282159736956e-305,0.999999999999999,0.0,0.0
8.868670966641468e-305,0.999999999999999,0.0,0.0
8.310543091071088e-305,0.999999999999999,0.0,0.0
7.787539613131469e-305,0.999999999999999,0.0,0.0
7.297450065718343e-305,0.999999999999999,0.0,0.0
6.838203092008288e-305,0.999999999999999,0.0,0.0
6.407857690897222e-305,0.999999999999999,0.0,0.0
6.004595013385559e-305,0.999999999999999,0.0,0.0
5.626710675237594e-305,0.999999999999999,0.0,0.0
5.272607553424652e-305,0.999999999999999,0.0,0.0
4.940789035906275e-305,0.999999999999999,0.0,0.0
4.629852696219734e-305,0.999999999999999,0.0,0.0
4.338484366143611e-305,0.999999999999999,0.0,0.0
4.065452581383641e-305,0.999999999999999,0.0,0.0
3.809603376805579e-305,0.999999999999999,0.0,0.0
3.5698554092172126e-305,0.999999999999999,0.0,0.0
3.345195387086031e-305,0.999999999999999,0.0,0.0
3.134673787876312e-305,0.999999999999999,0.0,0.0
2.937400844905003e-305,0.999999999999999,0.0,0.0
2.7525427867549083e-305,0.999999999999999,0.0,0.0
2.579318313351102e-305,0.999999999999999,0.0,0.0
2.4169952938067663e-305,0.999999999999999,0.0,0.0
2.2648876720819255e-305,0.999999999999999,0.0,0.0
2.1223525673769033e-305,0.999999999999999,0.0,0.0
1.9887875570053442e-305,0.999999999999999,0.0,0.0
1.8636281302629003e-305,0.999999999999999,0.0,0.0
1.7463453025304008e-305,0.999999999999999,0.0,0.0
1.6364433795275323e-305,0.999999999999999,0.0,0.0
1.53345786226769e-305,0.999999999999999,0.0,0.0
1.4369534838593119e-305,0.999999999999999,0.0,0.0
1.3465223698562664e-305,0.999999999999999,0.0,0.0
1.2617823143820385e-305,0.999999999999999,0.0,0.0
1.182375164741779e-305,0.999999999999999,0.0,0.0
1.1079653076947972e-305,0.999999999999999,0.0,0.0
1.038238250989754e-305,0.999999999999999,0.0,0.0
9.72899294167426e-306,0.999999999999999,0.0,0.0
9.116722830132147e-306,0.999999999999999,0.0,0.0
8.542984423951027e-306,0.999999999999999,0.0,0.0
8.005352825540709e-306,0.999999999999999,0.0,0.0
7.501555742244201e-306,0.999999999999999,0.0,0.0
7.029463882523638e-306,0.999999999999999,0.0,0.0
6.587081956538464e-306,0.999999999999999,0.0,0.0
6.172540243080009e-306,0.999999999999999,0.0,0.0
5.784086687220155e-306,0.999999999999999,0.0,0.0
5.420079495274953e-306,0.999999999999999,0.0,0.0
5.078980195785891e-306,0.999999999999999,0.0,0.0
4.759347137191147e-306,0.999999999999999,0.0,0.0
4.459829394704822e-306,0.999999999999999,0.0,0.0
4.179161060651656e-306,0.999999999999999,0.0,0.0
3.916155894125416e-306,0.999999999999999,0.0,0.0
3.6697023073577965e-306,0.999999999999999,0.0,0.0
3.4387586676077964e-306,0.999999999999999,0.0,0.0
3.2223488947150734e-306,0.999999999999999,0.0,0.0
3.019558335710383e-306,0.999999999999999,0.0,0.0
2.8295298990472188e-306,0.999999999999999,0.0,0.0
2.6514604321160142e-306,0.999999999999999,0.0,0.0
2.4845973267305353e-306,0.999999999999999,0.0,0.0
2.3282353382395914e-306,0.999999999999999,0.0,0.0
2.1817136048200857e-306,0.999999999999999,0.0,0.0
2.0444128543534847e-306,0.999999999999999,0.0,0.0
1.9157527870806092e-306,0.999999999999999,0.0,0.0
1.795189622972577e-306,0.999999999999999,0.0,0.0
1.682213803451886e-306,0.999999999999999,0.0,0.0
1.576347837750001e-306,0.999999999999999,0.0,0.0
1.4771442847990958e-306,0.999999999999999,0.0,0.0
1.3841838621284531e-306,0.999999999999999,0.0,0.0
1.297073673772788e-306,0.999999999999999,0.0,0.0
1.2154455497027814e-306,0.999999999999999,0.0,0.0
1.1389544897594463e-306,0.999999999999999,0.0,0.0
1.0672772055156363e-306,0.999999999999999,0.0,0.0
1.0001107539018929e-306,0.999999999999999,0.0,0.0
9.371712568216738e-307,0.999999999999999,0.0,0.0
8.781927013444277e-307,0.999999999999999,0.0,0.0
8.229258154055536e-307,0.999999999999999,0.0,0.0
7.711370142613998e-307,0.999999999999999,0.0,0.0
7.226074132465151e-307,0.999999999999999,0.0,0.0
6.771319026605794e-307,0.999999999999999,0.0,0.0
6.345182808750371e-307,0.999999999999999,0.0,0.0
5.945864419955226e-307,0.999999999999999,0.0,0.0
5.571676146467407e-307,0.999999999999999,0.0,0.0
5.221036486625381e-307,0.999999999999999,0.0,0.0
4.892463466663722e-307,0.999999999999999,0.0,0.0
4.5845683771710965e-307,0.999999999999999,0.0,0.0
4.296049903728773e-307,0.999999999999999,0.0,0.0
4.025688626922887e-307,0.999999999999999,0.0,0.0
3.7723418684848316e-307,0.999999999999999,0.0,0.0
3.534938861777056e-307,0.999999999999999,0.0,0.0
3.3124762262123997e-307,0.999999999999999,0.0,0.0
3.1040137264796527e-307,0.999999999999999,0.0,0.0
2.9086702986517673e-307,0.999999999999999,0.0,0.0
2.7256203263811243e-307,0.999999999999999,0.0,0.0
2.55409015144324e-307,0.999999999999999,0.0,0.0
2.3933548038807766e-307,0.999999999999999,0.0,0.0
2.242734937927851e-307,0.999999999999999,0.0,0.0
2.1015939607643732e-307,0.999999999999999,0.0,0.0
1.9693353419651285e-307,0.999999999999999,0.0,0.0
1.8454000922720274e-307,0.999999999999999,0.0,0.0
1.7292644010335895e-307,0.999999999999999,0.0,0.0
1.620437422326332e-307,0.999999999999999,0.0,0.0
1.5184592004011323e-307,0.999999999999999,0.0,0.0
1.4228987256864946e-307,0.999999999999999,0.0,0.0
1.3333521131324435e-307,0.999999999999999,0.0,0.0
1.2494408951958393e-307,0.999999999999999,0.0,0.0
1.1708104222524405e-307,0.999999999999999,0.0,0.0
1.0971283636750797e-307,0.999999999999999,0.0,0.0
1.0280833032427757e-307,0.999999999999999,0.0,0.0
9.633834229443e-308,0.999999999999999,0.0,0.0
9.027552696133117e-308,0.999999999999999,0.0,0.0
8.459425991822594e-308,0.999999999999999,0.0,0.0
7.927052936703062e-308,0.999999999999999,0.0,0.0
7.428183463279413e-308,0.999999999999999,0.0,0.0
6.960709106490056e-308,0.999999999999999,0.0,0.0
6.522654092307935e-308,0.999999999999999,0.0,0.0
6.112166987158412e-308,0.999999999999999,0.0,0.0
5.72751287286038e-308,0.999999999999999,0.0,0.0
5.367066014018109e-308,0.999999999999999,0.0,0.0
5.029302986872643e-308,0.999999999999999,0.0,0.0
4.712796240571964e-308,0.999999999999999,0.0,0.0
4.4162080636466664e-308,0.999999999999999,0.0,0.0
4.1382849301905933e-308,0.999999999999999,0.0,0.0
3.8778522018505913e-308,0.999999999999999,0.0,0.0
3.6338091632334516e-308,0.999999999999999,0.0,0.0
3.405124369747228e-308,0.999999999999999,0.0,0.0
3.1908312882146676e-308,0.999999999999999,0.0,0.0
2.990024211833845e-308,0.999999999999999,0.0,0.0
2.8018544322206546e-308,0.999999999999999,0.0,0.0
2.625526652354336e-308,0.999999999999999,0.0,0.0
2.460295625265406e-308,0.999999999999999,0.0,0.0
2.305463004259455e-308,0.999999999999999,0.0,0.0
2.160374391364312e-308,0.999999999999999,0.0,0.0
2.0244165715258974e-308,0.999999999999999,0.0,0.0
1.8970149208631145e-308,0.999999999999999,0.0,0.0
1.777630978027811e-308,0.999999999999999,0.0,0.0
1.6657601684051956e-308,0.999999999999999,0.0,0.0
1.5609296715360774e-308,0.999999999999999,0.0,0.0
1.462696422747604e-308,0.999999999999999,0.0,0.0
1.370645240546437e-308,0.999999999999999,0.0,0.0
1.2843870718598e-308,0.999999999999999,0.0,0.0
1.2035573477079474e-308,0.999999999999999,0.0,0.0
1.1278144423583153e-308,0.999999999999999,0.0,0.0
1.0568382294489963e-308,0.999999999999999,0.0,0.0
9.90328728979017e-309,0.999999999999999,0.0,0.0
9.28004839446932e-309,0.999999999999999,0.0,0.0
8.696031497791406e-309,0.999999999999999,0.0,0.0
8.148768260265586e-309,0.999999999999999,0.0,0.0
7.635945681242826e-309,0.999999999999999,0.0,0.0
7.15539632305e-309,0.999999999999999,0.0,0.0
6.705089150344013e-309,0.999999999999999,0.0,0.0
6.283120945968434e-309,0.999999999999999,0.0,0.0
5.88770826703204e-309,0.999999999999999,0.0,0.0
5.517179907211606e-309,0.999999999999999,0.0,0.0
5.169969833421066e-309,0.999999999999999,0.0,0.0
4.844610566993914e-309,0.999999999999999,0.0,0.0
4.53972698140453e-309,0.999999999999999,0.0,0.0
4.254030490314573e-309,0.999999999999999,0.0,0.0
3.98631360138031e-309,0.999999999999999,0.0,0.0
3.735444812802593e-309,0.999999999999999,0.0,0.0
3.500363831049875e-309,0.999999999999999,0.0,0.0
3.28007708954196e-309,0.999999999999999,0.0,0.0
3.07365354935436e-309,0.999999999999999,0.0,0.0
2.880220764194876e-309,0.999999999999999,0.0,0.0
2.69896119302121e-309,0.999999999999999,0.0,0.0
2.529108744714823e-309,0.999999999999999,0.0,0.0
2.369945540207226e-309,0.999999999999999,0.0,0.0
2.220798878373824e-309,0.999999999999999,0.0,0.0
2.08103839287176e-309,0.999999999999999,0.0,0.0
1.9500733879051e-309,0.999999999999999,0.0,0.0
1.827350341657056e-309,0.999999999999999,0.0,0.0
1.71235056683757e-309,0.999999999999999,0.0,0.0
1.604588018458495e-309,0.999999999999999,0.0,0.0
1.50360723957105e-309,0.999999999999999,0.0,0.0
1.408981436283207e-309,0.999999999999999,0.0,0.0
1.320310673921093e-309,0.999999999999999,0.0,0.0
1.23722018671052e-309,0.999999999999999,0.0,0.0
1.159358793834537e-309,0.999999999999999,0.0,0.0
1.086397415172437e-309,0.999999999999999,0.0,0.0
1.018027680447126e-309,0.999999999999999,0.0,0.0
9.53960625902315e-310,0.999999999999999,0.0,0.0
8.93925473001124e-310,0.999999999999999,0.0,0.0
8.3766848398428e-310,0.999999999999999,0.0,0.0
7.849518894509e-310,0.999999999999999,0.0,0.0
7.3555288342936e-310,0.999999999999999,0.0,0.0
6.8926268169087e-310,0.999999999999999,0.0,0.0
6.45885639325776e-310,0.999999999999999,0.0,0.0
6.05238423852993e-310,0.999999999999999,0.0,0.0
5.6714924036775e-310,0.999999999999999,0.0,0.0
5.31457105452787e-310,0.999999999999999,0.0,0.0
4.98011166784087e-310,0.999999999999999,0.0,0.0
4.66670065555616e-310,0.999999999999999,0.0,0.0
4.3730133902821e-310,0.999999999999999,0.0,0.0
4.0978086067763e-310,0.999999999999999,0.0,0.0
3.8399231557547e-310,0.999999999999999,0.0,0.0
3.59826708785724e-310,0.999999999999999,0.0,0.0
3.3718190469913e-310,0.999999999999999,0.0,0.0
3.15962195358425e-310,0.999999999999999,0.0,0.0
2.9607789594995e-310,0.999999999999999,0.0,0.0
2.77444965752013e-310,0.999999999999999,0.0,0.0
2.59984652937914e-310,0.999999999999999,0.0,0.0
2.4362316173242e-310,0.999999999999999,0.0,0.0
2.2829134051491e-310,0.999999999999999,0.0,0.0
2.13924389551013e-310,0.999999999999999,0.0,0.0
2.0046158711738e-310,0.999999999999999,0.0,0.0
1.87846032862163e-310,0.999999999999999,0.0,0.0
1.76024407316463e-310,0.999999999999999,0.0,0.0
1.64946746540277e-310,0.999999999999999,0.0,0.0
1.54566230950617e-310,0.999999999999999,0.0,0.0
1.44838987439174e-310,0.999999999999999,0.0,0.0
1.35723903943207e-310,0.999999999999999,0.0,0.0
1.2718245568598e-310,0.999999999999999,0.0,0.0
1.1917854235231e-310,0.999999999999999,0.0,0.0
1.11678335511073e-310,0.999999999999999,0.0,0.0
1.0465013563981e-310,0.999999999999999,0.0,0.0
9.806423814711e-311,0.999999999999999,0.0,0.0
9.1892807826563e-311,0.999999999999999,0.0,0.0
8.610976121165e-311,0.999999999999999,0.0,0.0
8.06906563343e-311,0.999999999999999,0.0,0.0
7.5612589421267e-311,0.999999999999999,0.0,0.0
7.0854098091644e-311,0.999999999999999,0.0,0.0
6.6395070646373e-311,0.999999999999999,0.0,0.0
6.2216661066447e-311,0.999999999999999,0.0,0.0
5.830120936047e-311,0.999999999999999,0.0,0.0
5.463216692492e-311,0.999999999999999,0.0,0.0
5.1194026601717e-311,0.999999999999999,0.0,0.0
4.797225713743e-311,0.999999999999999,0.0,0.0
4.4953241767133e-311,0.999999999999999,0.0,0.0
4.212422066331e-311,0.999999999999999,0.0,0.0
3.947323700665e-311,0.999999999999999,0.0,0.0
3.6989086450687e-311,0.999999999999999,0.0,0.0
3.4661269766806e-311,0.999999999999999,0.0,0.0
3.2479948469366e-311,0.999999999999999,0.0,0.0
3.0435903233497e-311,0.999999999999999,0.0,0.0
2.8520494929744e-311,0.999999999999999,0.0,0.0
2.672562811089e-311,0.999999999999999,0.0,0.0
2.504371679668e-311,0.999999999999999,0.0,0.0
2.3467652411755e-311,0.999999999999999,0.0,0.0
2.199077374138e-311,0.999999999999999,0.0,0.0
2.0606838777893e-311,0.999999999999999,0.0,0.0
1.9309998338936e-311,0.999999999999999,0.0,0.0
1.8094771345995e-311,0.999999999999999,0.0,0.0
1.695602165867e-311,0.999999999999999,0.0,0.0
1.588893636685e-311,0.999999999999999,0.0,0.0
1.4889005449032e-311,0.999999999999999,0.0,0.0
1.395200271075e-311,0.999999999999999,0.0,0.0
1.3073967922656e-311,0.999999999999999,0.0,0.0
1.225119008262e-311,0.999999999999999,0.0,0.0
1.148019173126e-311,0.999999999999999,0.0,0.0
1.075771425451e-311,0.999999999999999,0.0,0.0
1.008070411111e-311,0.999999999999999,0.0,0.0
9.446299926884e-312,0.999999999999999,0.0,0.0
8.851820401143e-312,0.999999999999999,0.0,0.0
8.29475297424e-312,0.999999999999999,0.0,0.0
7.772743208255e-312,0.999999999999999,0.0,0.0
7.283584835993e-312,0.999999999999999,0.0,0.0
6.825210436227e-312,0.999999999999999,0.0,0.0
6.39568269578e-312,0.999999999999999,0.0,0.0
5.993186221476e-312,0.999999999999999,0.0,0.0
5.616019867433e-312,0.999999999999999,0.0,0.0
5.262589545175e-312,0.999999999999999,0.0,0.0
4.93140148623e-312,0.999999999999999,0.0,0.0
4.62105592877e-312,0.999999999999999,0.0,0.0
4.330241201496e-312,0.999999999999999,0.0,0.0
4.05772817992e-312,0.999999999999999,0.0,0.0
3.802365091447e-312,0.999999999999999,0.0,0.0
3.563072647447e-312,0.999999999999999,0.0,0.0
3.338839481653e-312,0.999999999999999,0.0,0.0
3.128717875633e-312,0.999999999999999,0.0,0.0
2.93181975327e-312,0.999999999999999,0.0,0.0
2.74731292732e-312,0.999999999999999,0.0,0.0
2.57441758219e-312,0.999999999999999,0.0,0.0
2.41240297804e-312,0.999999999999999,0.0,0.0
2.26058436235e-312,0.999999999999999,0.0,0.0
2.118320075805e-312,0.999999999999999,0.0,0.0
1.985008840317e-312,0.999999999999999,0.0,0.0
1.860087217766e-312,0.999999999999999,0.0,0.0
1.7430272286e-312,0.999999999999999,0.0,0.0
1.633334120377e-312,0.999999999999999,0.0,0.0
1.53054427665e-312,0.999999999999999,0.0,0.0
1.43422325755e-312,0.999999999999999,0.0,0.0
1.34396396359e-312,0.999999999999999,0.0,0.0
1.25938491509e-312,0.999999999999999,0.0,0.0
1.18012863984e-312,0.999999999999999,0.0,0.0
1.105860162284e-312,0.999999999999999,0.0,0.0
1.0362655877e-312,0.999999999999999,0.0,0.0
9.71050775564e-313,0.999999999999999,0.0,0.0
9.09940096355e-313,0.999999999999999,0.0,0.0
8.52675266623e-313,0.999999999999999,0.0,0.0
7.99014257334e-313,0.999999999999999,0.0,0.0
7.48730270966e-313,0.999999999999999,0.0,0.0
7.01610782926e-313,0.999999999999999,0.0,0.0
6.5745664335e-313,0.999999999999999,0.0,0.0
6.16081235354e-313,0.999999999999999,0.0,0.0
5.7730968634e-313,0.999999999999999,0.0,0.0
5.40978128884e-313,0.999999999999999,0.0,0.0
5.0693300815e-313,0.999999999999999,0.0,0.0
4.75030432897e-313,0.999999999999999,0.0,0.0
4.45135567326e-313,0.999999999999999,0.0,0.0
4.1712206119e-313,0.999999999999999,0.0,0.0
3.90871515787e-313,0.999999999999999,0.0,0.0
3.66272983545e-313,0.999999999999999,0.0,0.0
3.43222499097e-313,0.999999999999999,0.0,0.0
3.2162263989e-313,0.999999999999999,0.0,0.0
3.013821144e-313,0.999999999999999,0.0,0.0
2.8241537633e-313,0.999999999999999,0.0,0.0
2.64642263017e-313,0.999999999999999,0.0,0.0
2.47987656643e-313,0.999999999999999,0.0,0.0
2.3238116673e-313,0.999999999999999,0.0,0.0
2.1775683267e-313,0.999999999999999,0.0,0.0
2.040528449e-313,0.999999999999999,0.0,0.0
1.9121128372e-313,0.999999999999999,0.0,0.0
1.79177874433e-313,0.999999999999999,0.0,0.0
1.67901758003e-313,0.999999999999999,0.0,0.0
1.57335276073e-313,0.999999999999999,0.0,0.0
1.47433769557e-313,0.999999999999999,0.0,0.0
1.38155389864e-313,0.999999999999999,0.0,0.0
1.29460922054e-313,0.999999999999999,0.0,0.0
1.2131361907e-313,0.999999999999999,0.0,0.0
1.1367904646e-313,0.999999999999999,0.0,0.0
1.0652493679e-313,0.999999999999999,0.0,0.0
9.9821053323e-314,0.999999999999999,0.0,0.0
9.3539062187e-314,0.999999999999999,0.0,0.0
8.7652412624e-314,0.999999999999999,0.0,0.0
8.2136224797e-314,0.999999999999999,0.0,0.0
7.6967184606e-314,0.999999999999999,0.0,0.0
7.2123445176e-314,0.999999999999999,0.0,0.0
6.758453451e-314,0.999999999999999,0.0,0.0
6.3331268963e-314,0.999999999999999,0.0,0.0
5.934567217e-314,0.999999999999999,0.0,0.0
5.561089905e-314,0.999999999999999,0.0,0.0
5.2111164637e-314,0.999999999999999,0.0,0.0
4.8831677363e-314,0.999999999999999,0.0,0.0
4.5758576506e-314,0.999999999999999,0.0,0.0
4.287887365e-314,0.999999999999999,0.0,0.0
4.0180397773e-314,0.999999999999999,0.0,0.0
3.7651743805e-314,0.999999999999999,0.0,0.0
3.528222442e-314,0.999999999999999,0.0,0.0
3.3061824874e-314,0.999999999999999,0.0,0.0
3.0981160686e-314,0.999999999999999,0.0,0.0
2.9031437956e-314,0.999999999999999,0.0,0.0
2.72044162e-314,0.999999999999999,0.0,0.0
2.549237354e-314,0.999999999999999,0.0,0.0
2.388807405e-314,0.999999999999999,0.0,0.0
2.2384737185e-314,0.999999999999999,0.0,0.0
2.097600911e-314,0.999999999999999,0.0,0.0
1.9655935846e-314,0.999999999999999,0.0,0.0
1.8418938135e-314,0.999999999999999,0.0,0.0
1.725978781e-314,0.999999999999999,0.0,0.0
1.6173585746e-314,0.999999999999999,0.0,0.0
1.5155741124e-314,0.999999999999999,0.0,0.0
1.4201952034e-314,0.999999999999999,0.0,0.0
1.3308187305e-314,0.999999999999999,0.0,0.0
1.2470669445e-314,0.999999999999999,0.0,0.0
1.1685858706e-314,0.999999999999999,0.0,0.0
1.0950438084e-314,0.999999999999999,0.0,0.0
1.0261299344e-314,0.999999999999999,0.0,0.0
9.61552985e-315,0.999999999999999,0.0,0.0
9.010400256e-315,0.999999999999999,0.0,0.0
8.443352997e-315,0.999999999999999,0.0,0.0
7.911991457e-315,0.999999999999999,0.0,0.0
7.41406984e-315,0.999999999999999,0.0,0.0
6.947483687e-315,0.999999999999999,0.0,0.0
6.510260985e-315,0.999999999999999,0.0,0.0
6.100553807e-315,0.999999999999999,0.0,0.0
5.71663054e-315,0.999999999999999,0.0,0.0
5.356868534e-315,0.999999999999999,0.0,0.0
5.01974726e-315,0.999999999999999,0.0,0.0
4.70384188e-315,0.999999999999999,0.0,0.0
4.407817222e-315,0.999999999999999,0.0,0.0
4.13042215e-315,0.999999999999999,0.0,0.0
3.87048424e-315,0.999999999999999,0.0,0.0
3.62690489e-315,0.999999999999999,0.0,0.0
3.3986546e-315,0.999999999999999,0.0,0.0
3.184768675e-315,0.999999999999999,0.0,0.0
2.984343134e-315,0.999999999999999,0.0,0.0
2.79653088e-315,0.999999999999999,0.0,0.0
2.620538123e-315,0.999999999999999,0.0,0.0
2.455621036e-315,0.999999999999999,0.0,0.0
2.3010826e-315,0.999999999999999,0.0,0.0
2.15626966e-315,0.999999999999999,0.0,0.0
2.02057016e-315,0.999999999999999,0.0,0.0
1.89341057e-315,0.999999999999999,0.0,0.0
1.77425346e-315,0.999999999999999,0.0,0.0
1.662595206e-315,0.999999999999999,0.0,0.0
1.55796389e-315,0.999999999999999,0.0,0.0
1.459917284e-315,0.999999999999999,0.0,0.0
1.368041e-315,0.999999999999999,0.0,0.0
1.28194672e-315,0.999999999999999,0.0,0.0
1.20127058e-315,0.999999999999999,0.0,0.0
1.125671584e-315,0.999999999999999,0.0,0.0
1.05483023e-315,0.999999999999999,0.0,0.0
9.88447094e-316,0.999999999999999,0.0,0.0
9.2624162e-316,0.999999999999999,0.0,0.0
8.67950895e-316,0.999999999999999,0.0,0.0
8.13328554e-316,0.999999999999999,0.0,0.0
7.6214373e-316,0.999999999999999,0.0,0.0
7.14180097e-316,0.999999999999999,0.0,0.0
6.6923494e-316,0.999999999999999,0.0,0.0
6.27118295e-316,0.999999999999999,0.0,0.0
5.8765216e-316,0.999999999999999,0.0,0.0
5.5066972e-316,0.999999999999999,0.0,0.0
5.16014685e-316,0.999999999999999,0.0,0.0
4.83540575e-316,0.999999999999999,0.0,0.0
4.53110143e-316,0.999999999999999,0.0,0.0
4.2459478e-316,0.999999999999999,0.0,0.0
3.97873955e-316,0.999999999999999,0.0,0.0
3.72834743e-316,0.999999999999999,0.0,0.0
3.4937131e-316,0.999999999999999,0.0,0.0
3.27384493e-316,0.999999999999999,0.0,0.0
3.06781357e-316,0.999999999999999,0.0,0.0
2.87474833e-316,0.999999999999999,0.0,0.0
2.69383315e-316,0.999999999999999,0.0,0.0
2.5243034e-316,0.999999999999999,0.0,0.0
2.36544264e-316,0.999999999999999,0.0,0.0
2.21657932e-316,0.999999999999999,0.0,0.0
2.0770844e-316,0.999999999999999,0.0,0.0
1.94636825e-316,0.999999999999999,0.0,0.0
1.82387836e-316,0.999999999999999,0.0,0.0
1.7090971e-316,0.999999999999999,0.0,0.0
1.6015393e-316,0.999999999999999,0.0,0.0
1.5007504e-316,0.999999999999999,0.0,0.0
1.40630435e-316,0.999999999999999,0.0,0.0
1.3178021e-316,0.999999999999999,0.0,0.0
1.23486945e-316,0.999999999999999,0.0,0.0
1.157156e-316,0.999999999999999,0.0,0.0
1.08433323e-316,0.999999999999999,0.0,0.0
1.01609343e-316,0.999999999999999,0.0,0.0
9.521481e-317,0.999999999999999,0.0,0.0
8.92227e-317,0.999999999999999,0.0,0.0
8.360769e-317,0.999999999999999,0.0,0.0
7.834605e-317,0.999999999999999,0.0,0.0
7.341553e-317,0.999999999999999,0.0,0.0
6.8795306e-317,0.999999999999999,0.0,0.0
6.4465844e-317,0.999999999999999,0.0,0.0
6.040885e-317,0.999999999999999,0.0,0.0
5.6607166e-317,0.999999999999999,0.0,0.0
5.3044736e-317,0.999999999999999,0.0,0.0
4.970649e-317,0.999999999999999,0.0,0.0
4.657834e-317,0.999999999999999,0.0,0.0
4.364705e-317,0.999999999999999,0.0,0.0
4.0900226e-317,0.999999999999999,0.0,0.0
3.8326273e-317,0.999999999999999,0.0,0.0
3.5914304e-317,0.999999999999999,0.0,0.0
3.3654126e-317,0.999999999999999,0.0,0.0
3.1536185e-317,0.999999999999999,0.0,0.0
2.9551534e-317,0.999999999999999,0.0,0.0
2.769178e-317,0.999999999999999,0.0,0.0
2.594907e-317,0.999999999999999,0.0,0.0
2.431603e-317,0.999999999999999,0.0,0.0
2.278576e-317,0.999999999999999,0.0,0.0
2.1351793e-317,0.999999999999999,0.0,0.0
2.0008073e-317,0.999999999999999,0.0,0.0
1.874891e-317,0.999999999999999,0.0,0.0
1.7568994e-317,0.999999999999999,0.0,0.0
1.6463335e-317,0.999999999999999,0.0,0.0
1.5427254e-317,0.999999999999999,0.0,0.0
1.445638e-317,0.999999999999999,0.0,0.0
1.3546603e-317,0.999999999999999,0.0,0.0
1.2694083e-317,0.999999999999999,0.0,0.0
1.189521e-317,0.999999999999999,0.0,0.0
1.1146615e-317,0.999999999999999,0.0,0.0
1.044513e-317,0.999999999999999,0.0,0.0
9.78779e-318,0.999999999999999,0.0,0.0
9.17182e-318,0.999999999999999,0.0,0.0
8.594613e-318,0.999999999999999,0.0,0.0
8.053734e-318,0.999999999999999,0.0,0.0
7.54689e-318,0.999999999999999,0.0,0.0
7.071947e-318,0.999999999999999,0.0,0.0
6.626893e-318,0.999999999999999,0.0,0.0
6.209847e-318,0.999999999999999,0.0,0.0
5.819046e-318,0.999999999999999,0.0,0.0
5.452835e-318,0.999999999999999,0.0,0.0
5.109676e-318,0.999999999999999,0.0,0.0
4.78811e-318,0.999999999999999,0.0,0.0
4.486783e-318,0.999999999999999,0.0,0.0
4.20442e-318,0.999999999999999,0.0,0.0
3.939823e-318,0.999999999999999,0.0,0.0
3.69188e-318,0.999999999999999,0.0,0.0
3.45954e-318,0.999999999999999,0.0,0.0
3.24182e-318,0.999999999999999,0.0,0.0
3.037807e-318,0.999999999999999,0.0,0.0
2.84663e-318,0.999999999999999,0.0,0.0
2.667485e-318,0.999999999999999,0.0,0.0
2.49961e-318,0.999999999999999,0.0,0.0
2.342306e-318,0.999999999999999,0.0,0.0
2.1949e-318,0.999999999999999,0.0,0.0
2.05677e-318,0.999999999999999,0.0,0.0
1.92733e-318,0.999999999999999,0.0,0.0
1.806037e-318,0.999999999999999,0.0,0.0
1.69238e-318,0.999999999999999,0.0,0.0
1.585877e-318,0.999999999999999,0.0,0.0
1.48607e-318,0.999999999999999,0.0,0.0
1.39255e-318,0.999999999999999,0.0,0.0
1.30491e-318,0.999999999999999,0.0,0.0
1.222793e-318,0.999999999999999,0.0,0.0
1.145837e-318,0.999999999999999,0.0,0.0
1.07373e-318,0.999999999999999,0.0,0.0
1.006155e-318,0.999999999999999,0.0,0.0
9.42835e-319,0.999999999999999,0.0,0.0
8.835e-319,0.999999999999999,0.0,0.0
8.279e-319,0.999999999999999,0.0,0.0
7.75797e-319,0.999999999999999,0.0,0.0
7.26973e-319,0.999999999999999,0.0,0.0
6.81223e-319,0.999999999999999,0.0,0.0
6.38353e-319,0.999999999999999,0.0,0.0
5.9818e-319,0.999999999999999,0.0,0.0
5.60537e-319,0.999999999999999,0.0,0.0
5.2526e-319,0.999999999999999,0.0,0.0
4.92203e-319,0.999999999999999,0.0,0.0
4.6123e-319,0.999999999999999,0.0,0.0
4.32204e-319,0.999999999999999,0.0,0.0
4.05e-319,0.999999999999999,0.0,0.0
3.79517e-319,0.999999999999999,0.0,0.0
3.5563e-319,0.999999999999999,0.0,0.0
3.33247e-319,0.999999999999999,0.0,0.0
3.1228e-319,0.999999999999999,0.0,0.0
2.92625e-319,0.999999999999999,0.0,0.0
2.7421e-319,0.999999999999999,0.0,0.0
2.56954e-319,0.999999999999999,0.0,0.0
2.40783e-319,0.999999999999999,0.0,0.0
2.2563e-319,0.999999999999999,0.0,0.0
2.1143e-319,0.999999999999999,0.0,0.0
1.98125e-319,0.999999999999999,0.0,0.0
1.85655e-319,0.999999999999999,0.0,0.0
1.7397e-319,0.999999999999999,0.0,0.0
1.6302e-319,0.999999999999999,0.0,0.0
1.52765e-319,0.999999999999999,0.0,0.0
1.4315e-319,0.999999999999999,0.0,0.0
1.3414e-319,0.999999999999999,0.0,0.0
1.257e-319,0.999999999999999,0.0,0.0
1.1779e-319,0.999999999999999,0.0,0.0
1.10374e-319,0.999999999999999,0.0,0.0
1.0343e-319,0.999999999999999,0.0,0.0
9.692e-320,0.999999999999999,0.0,0.0
9.082e-320,0.999999999999999,0.0,0.0
8.511e-320,0.999999999999999,0.0,0.0
7.975e-320,0.999999999999999,0.0,0.0
7.473e-320,0.999999999999999,0.0,0.0
7.003e-320,0.999999999999999,0.0,0.0
6.562e-320,0.999999999999999,0.0,0.0
6.149e-320,0.999999999999999,0.0,0.0
5.7623e-320,0.999999999999999,0.0,0.0
5.3996e-320,0.999999999999999,0.0,0.0
5.0597e-320,0.999999999999999,0.0,0.0
4.741e-320,0.999999999999999,0.0,0.0
4.443e-320,0.999999999999999,0.0,0.0
4.1635e-320,0.999999999999999,0.0,0.0
3.901e-320,0.999999999999999,0.0,0.0
3.6556e-320,0.999999999999999,0.0,0.0
3.426e-320,0.999999999999999,0.0,0.0
3.21e-320,0.999999999999999,0.0,0.0
3.008e-320,0.999999999999999,0.0,0.0
2.8186e-320,0.999999999999999,0.0,0.0
2.6413e-320,0.999999999999999,0.0,0.0
2.4753e-320,0.999999999999999,0.0,0.0
2.3196e-320,0.999999999999999,0.0,0.0
2.1734e-320,0.999999999999999,0.0,0.0
2.0365e-320,0.999999999999999,0.0,0.0
1.9086e-320,0.999999999999999,0.0,0.0
1.7885e-320,0.999999999999999,0.0,0.0
1.676e-320,0.999999999999999,0.0,0.0
1.57e-320,0.999999999999999,0.0,0.0
1.4713e-320,0.999999999999999,0.0,0.0
1.379e-320,0.999999999999999,0.0,0.0
1.292e-320,0.999999999999999,0.0,0.0
1.211e-320,0.999999999999999,0.0,0.0
1.135e-320,0.999999999999999,0.0,0.0
1.063e-320,0.999999999999999,0.0,0.0
9.965e-321,0.999999999999999,0.0,0.0
9.34e-321,0.999999999999999,0.0,0.0
8.75e-321,0.999999999999999,0.0,0.0
8.197e-321,0.999999999999999,0.0,0.0
7.683e-321,0.999999999999999,0.0,0.0
7.2e-321,0.999999999999999,0.0,0.0
6.744e-321,0.999999999999999,0.0,0.0
6.32e-321,0.999999999999999,0.0,0.0
5.924e-321,0.999999999999999,0.0,0.0
5.55e-321,0.999999999999999,0.0,0.0
5.203e-321,0.999999999999999,0.0,0.0
4.87e-321,0.999999999999999,0.0,0.0
4.565e-321,0.999999999999999,0.0,0.0
4.28e-321,0.999999999999999,0.0,0.0
4.01e-321,0.999999999999999,0.0,0.0
3.76e-321,0.999999999999999,0.0,0.0
3.523e-321,0.999999999999999,0.0,0.0
3.3e-321,0.999999999999999,0.0,0.0
3.093e-321,0.999999999999999,0.0,0.0
2.895e-321,0.999999999999999,0.0,0.0
2.717e-321,0.999999999999999,0.0,0.0
2.544e-321,0.999999999999999,0.0,0.0
2.386e-321,0.999999999999999,0.0,0.0
2.233e-321,0.999999999999999,0.0,0.0
2.095e-321,0.999999999999999,0.0,0.0
1.96e-321,0.999999999999999,0.0,0.0
1.84e-321,0.999999999999999,0.0,0.0
1.724e-321,0.999999999999999,0.0,0.0
1.616e-321,0.999999999999999,0.0,0.0
1.51e-321,0.999999999999999,0.0,0.0
1.42e-321,0.999999999999999,0.0,0.0
1.33e-321,0.999999999999999,0.0,0.0
1.245e-321,0.999999999999999,0.0,0.0
1.166e-321,0.999999999999999,0.0,0.0
1.09e-321,0.999999999999999,0.0,0.0
1.023e-321,0.999999999999999,0.0,0.0
9.6e-322,0.999999999999999,0.0,0.0
9e-322,0.999999999999999,0.0,0.0
8.45e-322,0.999999999999999,0.0,0.0
7.9e-322,0.999999999999999,0.0,0.0
7.4e-322,0.999999999999999,0.0,0.0
6.9e-322,0.999999999999999,0.0,0.0
6.5e-322,0.999999999999999,0.0,0.0
6.1e-322,0.999999999999999,0.0,0.0
5.7e-322,0.999999999999999,0.0,0.0
5.34e-322,0.999999999999999,0.0,0.0
5e-322,0.999999999999999,0.0,0.0
4.7e-322,0.999999999999999,0.0,0.0
4.4e-322,0.999999999999999,0.0,0.0
4.1e-322,0.999999999999999,0.0,0.0
3.85e-322,0.999999999999999,0.0,0.0
3.6e-322,0.999999999999999,0.0,0.0
3.4e-322,0.999999999999999,0.0,0.0
3.16e-322,0.999999999999999,0.0,0.0
2.96e-322,0.999999999999999,0.0,0.0
2.77e-322,0.999999999999999,0.0,0.0
2.6e-322,0.999999999999999,0.0,0.0
2.47e-322,0.999999999999999,0.0,0.0
2.27e-322,0.999999999999999,0.0,0.0
2.17e-322,0.999999999999999,0.0,0.0
2.03e-322,0.999999999999999,0.0,0.0
1.9e-322,0.999999999999999,0.0,0.0
1.8e-322,0.999999999999999,0.0,0.0
1.7e-322,0.999999999999999,0.0,0.0
1.53e-322,0.999999999999999,0.0,0.0
1.43e-322,0.999999999999999,0.0,0.0
1.4e-322,0.999999999999999,0.0,0.0
1.3e-322,0.999999999999999,0.0,0.0
1.2e-322,0.999999999999999,0.0,0.0
1.14e-322,0.999999999999999,0.0,0.0
1.04e-322,0.999999999999999,0.0,0.0
1e-322,0.999999999999999,0.0,0.0
9.4e-323,0.999999999999999,0.0,0.0
9e-323,0.999999999999999,0.0,0.0
8e-323,0.999999999999999,0.0,0.0
7.4e-323,0.999999999999999,0.0,0.0
7e-323,0.999999999999999,0.0,0.0
7e-323,0.999999999999999,0.0,0.0
6.4e-323,0.999999999999999,0.0,0.0
6e-323,0.999999999999999,0.0,0.0
5.4e-323,0.999999999999999,0.0,0.0
5e-323,0.999999999999999,0.0,0.0
5e-323,0.999999999999999,0.0,0.0
4.4e-323,0.999999999999999,0.0,0.0
4.4e-323,0.999999999999999,0.0,0.0
4e-323,0.999999999999999,0.0,0.0
4e-323,0.999999999999999,0.0,0.0
3.5e-323,0.999999999999999,0.0,0.0
3.5e-323,0.999999999999999,0.0,0.0
3e-323,0.999999999999999,0.0,0.0
3e-323,0.999999999999999,0.0,0.0
2.5e-323,0.999999999999999,0.0,0.0
2.5e-323,0.999999999999999,0.0,0.0
2.5e-323,0.999999999999999,0.0,0.0
2e-323,0.999999999999999,0.0,0.0
2e-323,0.999999999999999,0.0,0.0
2e-323,0.999999999999999,0.0,0.0
2e-323,0.999999999999999,0.0,0.0
1.5e-323,0.999999999999999,0.0,0.0
1.5e-323,0.999999999999999,0.0,0.0
1.5e-323,0.999999999999999,0.0,0.0
1.5e-323,0.999999999999999,0.0,0.0
1.5e-323,0.999999999999999,0.0,0.0
1e-323,0.999999999999999,0.0,0.0
1e-323,0.999999999999999,0.0,0.0
1e-323,0.999999999999999,0.0,0.0
1e-323,0.999999999999999,0.0,0.0
1e-323,0.999999999999999,0.0,0.0
1e-323,0.999999999999999,0.0,0.0
1e-323,0.999999999999999,0.0,0.0
1e-323,0.999999999999999,0.0,0.0
5e-324,0.999999999999999,0.0,0.0
5e-324,0.999999999999999,0.0,0.0
5e-324,0.999999999999999,0.0,0.0
5e-324,0.999999999999999,0.0,0.0
5e-324,0.999999999999999,0.0,0.0
5e-324,0.999999999999999,0.0,0.0
5e-324,0.999999999999999,0.0,0.0
5e-324,0.999999999999999,0.0,0.0
5e-324,0.999999999999999,0.0,0.0
5e-324,0.999999999999999,0.0,0.0
5e-324,0.999999999999999,0.0,0.0
5e-324,0.999999999999999,0.0,0.0
5e-324,0.999999999999999,0.0,0.0
5e-324,0.999999999999999,0.0,0.0
5e-324,0.999999999999999,0.0,0.0
5e-324,0.999999999999999,0.0,0.0
5e-324,0.999999999999999,0.0,0.0
0.0,0.999999999999999,0.0,0.0
0.0,0.999999999999999,0.0,0.0
0.0,0.999999999999999,0.0,0.0
0.0,0.999999999999999,0.0,0.0
0.0,0.999999999999999,0.0,0.0
0.0,0.999999999999999,0.0,0.0
0.0,0.999999999999999,0.0,0.0
0.0,0.999999999999999,0.0,0.0
0.0,0.999999999999999,0.0,0.0
0.0,0.999999999999999,0.0,0.0
0.0,0.999999999999999,0.0,0.0
0.0,0.999999999999999,0.0,0.0
0.0,0.999999999999999,0.0,0.0
0.0,0.999999999999999,0.0,0.0
0.0,0.999999999999999,0.0,0.0
0.0,0.999999999999999,0.0,0.0
0.0,0.999999999999999,0.0,0.0
0.0,0.999999999999999,0.0,0.0
0.0,0.999999999999999,0.0,0.0
0.0,0.999999999999999,0.0,0.0
0.0,0.999999999999999,0.0,0.0
0.0,0.999999999999999,0.0,0.0
0.0,0.999999999999999,0.0,0.0
0.0,0.999999999999999,0.0,0.0
0.0,0.999999999999999,0.0,0.0
0.0,0.999999999999999,0.0,0.0
0.0,0.999999999999999,0.0,0.0
0.0,0.999999999999999,0.0,0.0
0.0,0.999999999999999,0.0,0.0
0.0,0.999999999999999,0.0,0.0
0.0,0.999999999999999,0.0,0.0
0.0,0.999999999999999,0.0,0.0
0.0,0.999999999999999,0.0,0.0
0.0,0.999999999999999,0.0,0.0
0.0,0.999999999999999,0.0,0.0
0.0,0.999999999999999,0.0,0.0
0.0,0.999999999999999,0.0,0.0
0.0,0.999999999999999,0.0,0.0
0.0,0.999999999999999,0.0,0.0
0.0,0.999999999999999,0.0,0.0
0.0,0.999999999999999,0.0,0.0
0.0,0.999999999999999,0.0,0.0
0.0,0.999999999999999,0.0,0.0
0.0,0.999999999999999,0.0,0.0
0.0,0.999999999999999,0.0,0.0
0.0,0.999999999999999,0.0,0.0
0.0,0.999999999999999,0.0,0.0
0.0,0.999999999999999,0.0,0.0
0.0,0.999999999999999,0.0,0.0
0.0,0.999999999999999,0.0,0.0
0.0,0.999999999999999,0.0,0.0
0.0,0.999999999999999,0.0,0.0
0.0,0.999999999999999,0.0,0.0
0.0,0.999999999999999,0.0,0.0
0.0,0.999999999999999,0.0,0.0
0.0,0.999999999999999,0.0,0.0
0.0,0.999999999999999,0.0,0.0
0.0,0.999999999999999,0.0,0.0
0.0,0.999999999999999,0.0,0.0
0.0,0.999999999999999,0.0,0.0
0.0,0.999999999999999,0.0,0.0
0.0,0.999999999999999,0.0,0.0
0.0,0.999999999999999,0.0,0.0
0.0,0.999999999999999,0.0,0.0
0.0,0.999999999999999,0.0,0.0
0.0,0.999999999999999,0.0,0.0
0.0,0.999999999999999,0.0,0.0
0.0,0.999999999999999,0.0,0.0
0.0,0.999999999999999,0.0,0.0
0.0,0.999999999999999,0.0,0.0
0.0,0.999999999999999,0.0,0.0
0.0,0.999999999999999,0.0,0.0
0.0,0.999999999999999,0.0,0.0
0.0,0.999999999999999,0.0,0.0
0.0,0.999999999999999,0.0,0.0
0.0,0.999999999999999,0.0,0.0
0.0,0.999999999999999,0.0,0.0
0.0,0.999999999999999,0.0,0.0
0.0,0.999999999999999,0.0,0.0
0.0,0.999999999999999,0.0,0.0
0.0,0.999999999999999,0.0,0.0
0.0,0.999999999999999,0.0,0.0
0.0,0.999999999999999,0.0,0.0
0.0,0.999999999999999,0.0,0.0
0.0,0.999999999999999,0.0,0.0
0.0,0.999999999999999,0.0,0.0
0.0,0.999999999999999,0.0,0.0
0.0,0.999999999999999,0.0,0.0
0.0,0.999999999999999,0.0,0.0
0.0,0.999999999999999,0.0,0.0
0.0,0.999999999999999,0.0,0.0
0.0,0.999999999999999,0.0,0.0
0.0,0.999999999999999,0.0,0.0
0.0,0.999999999999999,0.0,0.0
0.0,0.999999999999999,0.0,0.0
0.0,0.999999999999999,0.0,0.0
0.0,0.999999999999999,0.0,0.0
0.0,0.999999999999999,0.0,0.0
0.0,0.999999999999999,0.0,0.0
0.0,0.999999999999999,0.0,0.0
0.0,0.999999999999999,0.0,0.0
0.0,0.999999999999999,0.0,0.0
0.0,0.999999999999999,0.0,0.0
0.0,0.999999999999999,0.0,0.0
0.0,0.999999999999999,0.0,0.0
0.0,0.999999999999999,0.0,0.0
0.0,0.999999999999999,0.0,0.0
0.0,0.999999999999999,0.0,0.0
0.0,0.999999999999999,0.0,0.0
0.0,0.999999999999999,0.0,0.0
0.0,0.999999999999999,0.0,0.0
0.0,0.999999999999999,0.0,0.0
0.0,0.999999999999999,0.0,0.0
0.0,0.999999999999999,0.0,0.0
0.0,0.999999999999999,0.0,0.0
0.0,0.999999999999999,0.0,0.0
0.0,0.999999999999999,0.0,0.0
0.0,0.999999999999999,0.0,0.0
0.0,0.999999999999999,0.0,0.0
0.0,0.999999999999999,0.0,0.0
0.0,0.999999999999999,0.0,0.0
0.0,0.999999999999999,0.0,0.0
0.0,0.999999999999999,0.0,0.0
0.0,0.999999999999999,0.0,0.0
0.0,0.999999999999999,0.0,0.0
0.0,0.999999999999999,0.0,0.0
0.0,0.999999999999999,0.0,0.0
0.0,0.999999999999999,0.0,0.0
0.0,0.999999999999999,0.0,0.0
0.0,0.999999999999999,0.0,0.0
0.0,0.999999999999999,0.0,0.0
0.0,0.999999999999999,0.0,0.0
0.0,0.999999999999999,0.0,0.0
0.0,0.999999999999999,0.0,0.0
0.0,0.999999999999999,0.0,0.0
0.0,0.999999999999999,0.0,0.0
0.0,0.999999999999999,0.0,0.0
0.0,0.999999999999999,0.0,0.0
0.0,0.999999999999999,0.0,0.0
0.0,0.999999999999999,0.0,0.0
0.0,0.999999999999999,0.0,0.0
0.0,0.999999999999999,0.0,0.0
0.0,0.999999999999999,0.0,0.0
0.0,0.999999999999999,0.0,0.0
0.0,0.999999999999999,0.0,0.0
0.0,0.999999999999999,0.0,0.0
0.0,0.999999999999999,0.0,0.0
0.0,0.999999999999999,0.0,0.0
0.0,0.999999999999999,0.0,0.0
0.0,0.999999999999999,0.0,0.0
0.0,0.999999999999999,0.0,0.0
0.0,0.999999999999999,0.0,0.0
0.0,0.999999999999999,0.0,0.0
0.0,0.999999999999999,0.0,0.0
0.0,0.999999999999999,0.0,0.0
0.0,0.999999999999999,0.0,0.0
0.0,0.999999999999999,0.0,0.0
0.0,0.999999999999999,0.0,0.0
0.0,0.999999999999999,0.0,0.0
0.0,0.999999999999999,0.0,0.0
0.0,0.999999999999999,0.0,0.0
0.0,0.999999999999999,0.0,0.0
0.0,0.999999999999999,0.0,0.0
0.0,0.999999999999999,0.0,0.0
0.0,0.999999999999999,0.0,0.0
0.0,0.999999999999999,0.0,0.0
0.0,0.999999999999999,0.0,0.0
0.0,0.999999999999999,0.0,0.0
0.0,0.999999999999999,0.0,0.0
0.0,0.999999999999999,0.0,0.0
0.0,0.999999999999999,0.0,0.0
0.0,0.999999999999999,0.0,0.0
0.0,0.999999999999999,0.0,0.0
0.0,0.999999999999999,0.0,0.0
0.0,0.999999999999999,0.0,0.0
0.0,0.999999999999999,0.0,0.0
0.0,0.999999999999999,0.0,0.0
0.0,0.999999999999999,0.0,0.0
0.0,0.999999999999999,0.0,0.0
0.0,0.999999999999999,0.0,0.0
0.0,0.999999999999999,0.0,0.0
0.0,0.999999999999999,0.0,0.0
0.0,0.999999999999999,0.0,0.0
0.0,0.999999999999999,0.0,0.0
0.0,0.999999999999999,0.0,0.0
0.0,0.999999999999999,0.0,0.0
0.0,0.999999999999999,0.0,0.0
0.0,0.999999999999999,0.0,0.0
0.0,0.999999999999999,0.0,0.0
0.0,0.999999999999999,0.0,0.0
0.0,0.999999999999999,0.0,0.0
0.0,0.999999999999999,0.0,0.0
0.0,0.999999999999999,0.0,0.0
0.0,0.999999999999999,0.0,0.0
0.0,0.999999999999999,0.0,0.0
0.0,0.999999999999999,0.0,0.0
0.0,0.999999999999999,0.0,0.0
0.0,0.999999999999999,0.0,0.0
0.0,0.999999999999999,0.0,0.0
0.0,0.999999999999999,0.0,0.0
0.0,0.999999999999999,0.0,0.0
0.0,0.999999999999999,0.0,0.0
0.0,0.999999999999999,0.0,0.0
0.0,0.999999999999999,0.0,0.0
0.0,0.999999999999999,0.0,0.0
0.0,0.999999999999999,0.0,0.0
0.0,0.999999999999999,0.0,0.0
0.0,0.999999999999999,0.0,0.0
0.0,0.999999999999999,0.0,0.0
0.0,0.999999999999999,0.0,0.0
0.0,0.999999999999999,0.0,0.0
0.0,0.999999999999999,0.0,0.0
0.0,0.999999999999999,0.0,0.0
0.0,0.999999999999999,0.0,0.0
0.0,0.999999999999999,0.0,0.0
0.0,0.999999999999999,0.0,0.0
0.0,0.999999999999999,0.0,0.0
0.0,0.999999999999999,0.0,0.0
0.0,0.999999999999999,0.0,0.0
0.0,0.999999999999999,0.0,0.0
0.0,0.999999999999999,0.0,0.0
0.0,0.999999999999999,0.0,0.0
0.0,0.999999999999999,0.0,0.0
0.0,0.999999999999999,0.0,0.0
0.0,0.999999999999999,0.0,0.0
0.0,0.999999999999999,0.0,0.0
0.0,0.999999999999999,0.0,0.0
0.0,0.999999999999999,0.0,0.0
0.0,0.999999999999999,0.0,0.0
0.0,0.999999999999999,0.0,0.0
0.0,0.999999999999999,0.0,0.0
0.0,0.999999999999999,0.0,0.0
0.0,0.999999999999999,0.0,0.0
0.0,0.999999999999999,0.0,0.0
0.0,0.999999999999999,0.0,0.0
0.0,0.999999999999999,0.0,0.0
0.0,0.999999999999999,0.0,0.0
0.0,0.999999999999999,0.0,0.0
0.0,0.999999999999999,0.0,0.0
0.0,0.999999999999999,0.0,0.0
0.0,0.999999999999999,0.0,0.0
0.0,0.999999999999999,0.0,0.0
0.0,0.999999999999999,0.0,0.0
0.0,0.999999999999999,0.0,0.0
0.0,0.999999999999999,0.0,0.0
0.0,0.999999999999999,0.0,0.0
0.0,0.999999999999999,0.0,0.0
0.0,0.999999999999999,0.0,0.0
0.0,0.999999999999999,0.0,0.0
0.0,0.999999999999999,0.0,0.0
0.0,0.999999999999999,0.0,0.0
0.0,0.999999999999999,0.0,0.0
0.0,0.999999999999999,0.0,0.0
0.0,0.999999999999999,0.0,0.0
0.0,0.999999999999999,0.0,0.0
0.0,0.999999999999999,0.0,0.0
0.0,0.999999999999999,0.0,0.0
0.0,0.999999999999999,0.0,0.0
0.0,0.999999999999999,0.0,0.0
0.0,0.999999999999999,0.0,0.0
0.0,0.999999999999999,0.0,0.0
0.0,0.999999999999999,0.0,0.0
0.0,0.999999999999999,0.0,0.0
0.0,0.999999999999999,0.0,0.0
0.0,0.999999999999999,0.0,0.0
0.0,0.999999999999999,0.0,0.0
0.0,0.999999999999999,0.0,0.0
0.0,0.999999999999999,0.0,0.0
0.0,0.999999999999999,0.0,0.0
0.0,0.999999999999999,0.0,0.0
0.0,0.999999999999999,0.0,0.0
0.0,0.999999999999999,0.0,0.0
0.0,0.999999999999999,0.0,0.0
0.0,0.999999999999999,0.0,0.0
0.0,0.999999999999999,0.0,0.0
0.0,0.999999999999999,0.0,0.0
0.0,0.999999999999999,0.0,0.0
0.0,0.999999999999999,0.0,0.0
0.0,0.999999999999999,0.0,0.0
0.0,0.999999999999999,0.0,0.0
0.0,0.999999999999999,0.0,0.0
0.0,0.999999999999999,0.0,0.0
0.0,0.999999999999999,0.0,0.0
0.0,0.999999999999999,0.0,0.0
0.0,0.999999999999999,0.0,0.0
0.0,0.999999999999999,0.0,0.0
0.0,0.999999999999999,0.0,0.0
0.0,0.999999999999999,0.0,0.0
0.0,0.999999999999999,0.0,0.0
0.0,0.999999999999999,0.0,0.0
0.0,0.999999999999999,0.0,0.0
0.0,0.999999999999999,0.0,0.0
0.0,0.999999999999999,0.0,0.0
0.0,0.999999999999999,0.0,0.0
0.0,0.999999999999999,0.0,0.0
0.0,0.999999999999999,0.0,0.0
0.0,0.999999999999999,0.0,0.0
0.0,0.999999999999999,0.0,0.0
0.0,0.999999999999999,0.0,0.0
0.0,0.999999999999999,0.0,0.0
0.0,0.999999999999999,0.0,0.0
0.0,0.999999999999999,0.0,0.0
0.0,0.999999999999999,0.0,0.0
0.0,0.999999999999999,0.0,0.0
0.0,0.999999999999999,0.0,0.0
0.0,0.999999999999999,0.0,0.0
0.0,0.999999999999999,0.0,0.0
0.0,0.999999999999999,0.0,0.0
0.0,0.999999999999999,0.0,0.0
0.0,0.999999999999999,0.0,0.0
0.0,0.999999999999999,0.0,0.0
0.0,0.999999999999999,0.0,0.0
0.0,0.999999999999999,0.0,0.0
0.0,0.999999999999999,0.0,0.0
0.0,0.999999999999999,0.0,0.0
0.0,0.999999999999999,0.0,0.0
0.0,0.999999999999999,0.0,0.0
0.0,0.999999999999999,0.0,0.0
0.0,0.999999999999999,0.0,0.0
0.0,0.999999999999999,0.0,0.0
0.0,0.999999999999999,0.0,0.0
0.0,0.999999999999999,0.0,0.0
0.0,0.999999999999999,0.0,0.0
0.0,0.999999999999999,0.0,0.0
0.0,0.999999999999999,0.0,0.0
0.0,0.999999999999999,0.0,0.0
0.0,0.999999999999999,0.0,0.0
0.0,0.999999999999999,0.0,0.0
0.0,0.999999999999999,0.0,0.0
0.0,0.999999999999999,0.0,0.0
0.0,0.999999999999999,0.0,0.0
0.0,0.999999999999999,0.0,0.0
0.0,0.999999999999999,0.0,0.0
0.0,0.999999999999999,0.0,0.0
0.0,0.999999999999999,0.0,0.0
0.0,0.999999999999999,0.0,0.0
0.0,0.999999999999999,0.0,0.0
0.0,0.999999999999999,0.0,0.0
0.0,0.999999999999999,0.0,0.0
0.0,0.999999999999999,0.0,0.0
0.0,0.999999999999999,0.0,0.0
0.0,0.999999999999999,0.0,0.0
0.0,0.999999999999999,0.0,0.0
0.0,0.999999999999999,0.0,0.0
0.0,0.999999999999999,0.0,0.0
0.0,0.999999999999999,0.0,0.0
0.0,0.999999999999999,0.0,0.0
0.0,0.999999999999999,0.0,0.0
0.0,0.999999999999999,0.0,0.0
0.0,0.999999999999999,0.0,0.0
0.0,0.999999999999999,0.0,0.0
0.0,0.999999999999999,0.0,0.0
0.0,0.999999999999999,0.0,0.0
0.0,0.999999999999999,0.0,0.0
0.0,0.999999999999999,0.0,0.0
0.0,0.999999999999999,0.0,0.0
0.0,0.999999999999999,0.0,0.0
0.0,0.999999999999999,0.0,0.0
0.0,0.999999999999999,0.0,0.0
0.0,0.999999999999999,0.0,0.0
0.0,0.999999999999999,0.0,0.0
0.0,0.999999999999999,0.0,0.0
0.0,0.999999999999999,0.0,0.0
0.0,0.999999999999999,0.0,0.0
0.0,0.999999999999999,0.0,0.0
0.0,0.999999999999999,0.0,0.0
0.0,0.999999999999999,0.0,0.0
0.0,0.999999999999999,0.0,0.0
0.0,0.999999999999999,0.0,0.0
0.0,0.999999999999999,0.0,0.0
0.0,0.999999999999999,0.0,0.0
0.0,0.999999999999999,0.0,0.0
0.0,0.999999999999999,0.0,0.0
0.0,0.999999999999999,0.0,0.0
0.0,0.999999999999999,0.0,0.0
0.0,0.999999999999999,0.0,0.0
0.0,0.999999999999999,0.0,0.0
0.0,0.999999999999999,0.0,0.0
0.0,0.999999999999999,0.0,0.0
0.0,0.999999999999999,0.0,0.0
0.0,0.999999999999999,0.0,0.0
0.0,0.999999999999999,0.0,0.0
0.0,0.999999999999999,0.0,0.0
0.0,0.999999999999999,0.0,0.0
0.0,0.999999999999999,0.0,0.0
0.0,0.999999999999999,0.0,0.0
0.0,0.999999999999999,0.0,0.0
0.0,0.999999999999999,0.0,0.0
0.0,0.999999999999999,0.0,0.0
0.0,0.999999999999999,0.0,0.0
0.0,0.999999999999999,0.0,0.0
0.0,0.999999999999999,0.0,0.0
0.0,0.999999999999999,0.0,0.0
0.0,0.999999999999999,0.0,0.0
0.0,0.999999999999999,0.0,0.0
0.0,0.999999999999999,0.0,0.0
0.0,0.999999999999999,0.0,0.0
0.0,0.999999999999999,0.0,0.0
0.0,0.999999999999999,0.0,0.0
0.0,0.999999999999999,0.0,0.0
0.0,0.999999999999999,0.0,0.0
0.0,0.999999999999999,0.0,0.0
0.0,0.999999999999999,0.0,0.0
0.0,0.999999999999999,0.0,0.0
0.0,0.999999999999999,0.0,0.0
0.0,0.999999999999999,0.0,0.0
0.0,0.999999999999999,0.0,0.0
0.0,0.999999999999999,0.0,0.0
0.0,0.999999999999999,0.0,0.0
0.0,0.999999999999999,0.0,0.0
0.0,0.999999999999999,0.0,0.0
0.0,0.999999999999999,0.0,0.0
0.0,0.999999999999999,0.0,0.0
0.0,0.999999999999999,0.0,0.0
0.0,0.999999999999999,0.0,0.0
0.0,0.999999999999999,0.0,0.0
0.0,0.999999999999999,0.0,0.0
0.0,0.999999999999999,0.0,0.0
0.0,0.999999999999999,0.0,0.0
0.0,0.999999999999999,0.0,0.0
0.0,0.999999999999999,0.0,0.0
0.0,0.999999999999999,0.0,0.0
0.0,0.999999999999999,0.0,0.0
0.0,0.999999999999999,0.0,0.0
0.0,0.999999999999999,0.0,0.0
0.0,0.999999999999999,0.0,0.0
0.0,0.999999999999999,0.0,0.0
0.0,0.999999999999999,0.0,0.0
0.0,0.999999999999999,0.0,0.0
0.0,0.999999999999999,0.0,0.0
0.0,0.999999999999999,0.0,0.0
0.0,0.999999999999999,0.0,0.0
0.0,0.999999999999999,0.0,0.0
0.0,0.999999999999999,0.0,0.0
0.0,0.999999999999999,0.0,0.0
0.0,0.999999999999999,0.0,0.0
0.0,0.999999999999999,0.0,0.0
0.0,0.999999999999999,0.0,0.0
0.0,0.999999999999999,0.0,0.0
0.0,0.999999999999999,0.0,0.0
0.0,0.999999999999999,0.0,0.0
0.0,0.999999999999999,0.0,0.0
0.0,0.999999999999999,0.0,0.0
0.0,0.999999999999999,0.0,0.0
0.0,0.999999999999999,0.0,0.0
0.0,0.999999999999999,0.0,0.0
0.0,0.999999999999999,0.0,0.0
0.0,0.999999999999999,0.0,0.0
0.0,0.999999999999999,0.0,0.0
0.0,0.999999999999999,0.0,0.0
0.0,0.999999999999999,0.0,0.0
0.0,0.999999999999999,0.0,0.0
0.0,0.999999999999999,0.0,0.0
0.0,0.999999999999999,0.0,0.0
0.0,0.999999999999999,0.0,0.0
0.0,0.999999999999999,0.0,0.0
0.0,0.999999999999999,0.0,0.0
0.0,0.999999999999999,0.0,0.0
0.0,0.999999999999999,0.0,0.0
0.0,0.999999999999999,0.0,0.0
0.0,0.999999999999999,0.0,0.0
0.0,0.999999999999999,0.0,0.0
0.0,0.999999999999999,0.0,0.0
0.0,0.999999999999999,0.0,0.0
0.0,0.999999999999999,0.0,0.0
0.0,0.999999999999999,0.0,0.0
0.0,0.999999999999999,0.0,0.0
0.0,0.999999999999999,0.0,0.0
0.0,0.999999999999999,0.0,0.0
0.0,0.999999999999999,0.0,0.0
0.0,0.999999999999999,0.0,0.0
0.0,0.999999999999999,0.0,0.0
0.0,0.999999999999999,0.0,0.0
0.0,0.999999999999999,0.0,0.0
0.0,0.999999999999999,0.0,0.0
0.0,0.999999999999999,0.0,0.0
0.0,0.999999999999999,0.0,0.0
0.0,0.999999999999999,0.0,0.0
0.0,0.999999999999999,0.0,0.0
0.0,0.999999999999999,0.0,0.0
0.0,0.999999999999999,0.0,0.0
0.0,0.999999999999999,0.0,0.0
0.0,0.999999999999999,0.0,0.0
0.0,0.999999999999999,0.0,0.0
0.0,0.999999999999999,0.0,0.0
0.0,0.999999999999999,0.0,0.0
0.0,0.999999999999999,0.0,0.0
0.0,0.999999999999999,0.0,0.0
0.0,0.999999999999999,0.0,0.0
0.0,0.999999999999999,0.0,0.0
0.0,0.999999999999999,0.0,0.0
0.0,0.999999999999999,0.0,0.0
0.0,0.999999999999999,0.0,0.0
0.0,0.999999999999999,0.0,0.0
0.0,0.999999999999999,0.0,0.0
0.0,0.999999999999999,0.0,0.0
0.0,0.999999999999999,0.0,0.0
0.0,0.999999999999999,0.0,0.0
0.0,0.999999999999999,0.0,0.0
0.0,0.999999999999999,0.0,0.0
0.0,0.999999999999999,0.0,0.0
0.0,0.999999999999999,0.0,0.0
0.0,0.999999999999999,0.0,0.0
0.0,0.999999999999999,0.0,0.0
0.0,0.999999999999999,0.0,0.0
0.0,0.999999999999999,0.0,0.0
0.0,0.999999999999999,0.0,0.0
0.0,0.999999999999999,0.0,0.0
0.0,0.999999999999999,0.0,0.0
0.0,0.999999999999999,0.0,0.0
0.0,0.999999999999999,0.0,0.0
0.0,0.999999999999999,0.0,0.0
0.0,0.999999999999999,0.0,0.0
0.0,0.999999999999999,0.0,0.0
0.0,0.999999999999999,0.0,0.0
0.0,0.999999999999999,0.0,0.0
0.0,0.999999999999999,0.0,0.0
0.0,0.999999999999999,0.0,0.0
0.0,0.999999999999999,0.0,0.0
0.0,0.999999999999999,0.0,0.0
0.0,0.999999999999999,0.0,0.0
0.0,0.999999999999999,0.0,0.0
0.0,0.999999999999999,0.0,0.0
0.0,0.999999999999999,0.0,0.0
0.0,0.999999999999999,0.0,0.0
0.0,0.999999999999999,0.0,0.0
0.0,0.999999999999999,0.0,0.0
0.0,0.999999999999999,0.0,0.0
0.0,0.999999999999999,0.0,0.0
0.0,0.999999999999999,0.0,0.0
0.0,0.999999999999999,0.0,0.0
0.0,0.999999999999999,0.0,0.0
0.0,0.999999999999999,0.0,0.0
0.0,0.999999999999999,0.0,0.0
0.0,0.999999999999999,0.0,0.0
0.0,0.999999999999999,0.0,0.0
0.0,0.999999999999999,0.0,0.0
0.0,0.999999999999999,0.0,0.0
0.0,0.999999999999999,0.0,0.0
0.0,0.999999999999999,0.0,0.0
0.0,0.999999999999999,0.0,0.0
0.0,0.999999999999999,0.0,0.0
0.0,0.999999999999999,0.0,0.0
0.0,0.999999999999999,0.0,0.0
0.0,0.999999999999999,0.0,0.0
0.0,0.999999999999999,0.0,0.0
0.0,0.999999999999999,0.0,0.0
0.0,0.999999999999999,0.0,0.0
0.0,0.999999999999999,0.0,0.0
0.0,0.999999999999999,0.0,0.0
0.0,0.999999999999999,0.0,0.0
0.0,0.999999999999999,0.0,0.0
0.0,0.999999999999999,0.0,0.0
0.0,0.999999999999999,0.0,0.0
0.0,0.999999999999999,0.0,0.0
0.0,0.999999999999999,0.0,0.0
0.0,0.999999999999999,0.0,0.0
0.0,0.999999999999999,0.0,0.0
0.0,0.999999999999999,0.0,0.0
0.0,0.999999999999999,0.0,0.0
0.0,0.999999999999999,0.0,0.0
0.0,0.999999999999999,0.0,0.0
0.0,0.999999999999999,0.0,0.0
0.0,0.999999999999999,0.0,0.0
0.0,0.999999999999999,0.0,0.0
0.0,0.999999999999999,0.0,0.0
0.0,0.999999999999999,0.0,0.0
0.0,0.999999999999999,0.0,0.0
0.0,0.999999999999999,0.0,0.0
0.0,0.999999999999999,0.0,0.0
0.0,0.999999999999999,0.0,0.0
0.0,0.999999999999999,0.0,0.0
0.0,0.999999999999999,0.0,0.0
0.0,0.999999999999999,0.0,0.0
0.0,0.999999999999999,0.0,0.0
0.0,0.999999999999999,0.0,0.0
0.0,0.999999999999999,0.0,0.0
0.0,0.999999999999999,0.0,0.0
0.0,0.999999999999999,0.0,0.0
0.0,0.999999999999999,0.0,0.0
0.0,0.999999999999999,0.0,0.0
0.0,0.999999999999999,0.0,0.0
0.0,0.999999999999999,0.0,0.0
0.0,0.999999999999999,0.0,0.0
0.0,0.999999999999999,0.0,0.0
0.0,0.999999999999999,0.0,0.0
0.0,0.999999999999999,0.0,0.0
0.0,0.999999999999999,0.0,0.0
0.0,0.999999999999999,0.0,0.0
0.0,0.999999999999999,0.0,0.0
0.0,0.999999999999999,0.0,0.0
0.0,0.999999999999999,0.0,0.0
0.0,0.999999999999999,0.0,0.0
0.0,0.999999999999999,0.0,0.0
0.0,0.999999999999999,0.0,0.0
0.0,0.999999999999999,0.0,0.0
0.0,0.999999999999999,0.0,0.0
0.0,0.999999999999999,0.0,0.0
0.0,0.999999999999999,0.0,0.0
0.0,0.999999999999999,0.0,0.0
0.0,0.999999999999999,0.0,0.0
0.0,0.999999999999999,0.0,0.0
0.0,0.999999999999999,0.0,0.0
0.0,0.999999999999999,0.0,0.0
0.0,0.999999999999999,0.0,0.0
0.0,0.999999999999999,0.0,0.0
0.0,0.999999999999999,0.0,0.0
0.0,0.999999999999999,0.0,0.0
0.0,0.999999999999999,0.0,0.0
0.0,0.999999999999999,0.0,0.0
0.0,0.999999999999999,0.0,0.0
0.0,0.999999999999999,0.0,0.0
0.0,0.999999999999999,0.0,0.0
0.0,0.999999999999999,0.0,0.0
0.0,0.999999999999999,0.0,0.0
0.0,0.999999999999999,0.0,0.0
0.0,0.999999999999999,0.0,0.0
0.0,0.999999999999999,0.0,0.0
0.0,0.999999999999999,0.0,0.0
0.0,0.999999999999999,0.0,0.0
0.0,0.999999999999999,0.0,0.0
0.0,0.999999999999999,0.0,0.0
0.0,0.999999999999999,0.0,0.0
0.0,0.999999999999999,0.0,0.0
0.0,0.999999999999999,0.0,0.0
0.0,0.999999999999999,0.0,0.0
0.0,0.999999999999999,0.0,0.0
0.0,0.999999999999999,0.0,0.0
0.0,0.999999999999999,0.0,0.0
0.0,0.999999999999999,0.0,0.0
0.0,0.999999999999999,0.0,0.0
0.0,0.999999999999999,0.0,0.0
0.0,0.999999999999999,0.0,0.0
0.0,0.999999999999999,0.0,0.0
0.0,0.999999999999999,0.0,0.0
0.0,0.999999999999999,0.0,0.0
0.0,0.999999999999999,0.0,0.0
0.0,0.999999999999999,0.0,0.0
0.0,0.999999999999999,0.0,0.0
0.0,0.999999999999999,0.0,0.0
0.0,0.999999999999999,0.0,0.0
0.0,0.999999999999999,0.0,0.0
0.0,0.999999999999999,0.0,0.0
0.0,0.999999999999999,0.0,0.0
0.0,0.999999999999999,0.0,0.0
0.0,0.999999999999999,0.0,0.0
0.0,0.999999999999999,0.0,0.0
0.0,0.999999999999999,0.0,0.0
0.0,0.999999999999999,0.0,0.0
0.0,0.999999999999999,0.0,0.0
0.0,0.999999999999999,0.0,0.0
0.0,0.999999999999999,0.0,0.0
0.0,0.999999999999999,0.0,0.0
0.0,0.999999999999999,0.0,0.0
0.0,0.999999999999999,0.0,0.0
0.0,0.999999999999999,0.0,0.0
0.0,0.999999999999999,0.0,0.0
0.0,0.999999999999999,0.0,0.0
0.0,0.999999999999999,0.0,0.0
0.0,0.999999999999999,0.0,0.0
0.0,0.999999999999999,0.0,0.0
0.0,0.999999999999999,0.0,0.0
0.0,0.999999999999999,0.0,0.0
0.0,0.999999999999999,0.0,0.0
0.0,0.999999999999999,0.0,0.0
0.0,0.999999999999999,0.0,0.0
0.0,0.999999999999999,0.0,0.0
0.0,0.999999999999999,0.0,0.0
0.0,0.999999999999999,0.0,0.0
0.0,0.999999999999999,0.0,0.0
0.0,0.999999999999999,0.0,0.0
0.0,0.999999999999999,0.0,0.0
0.0,0.999999999999999,0.0,0.0
0.0,0.999999999999999,0.0,0.0
0.0,0.999999999999999,0.0,0.0
0.0,0.999999999999999,0.0,0.0
0.0,0.999999999999999,0.0,0.0
0.0,0.999999999999999,0.0,0.0
0.0,0.999999999999999,0.0,0.0
0.0,0.999999999999999,0.0,0.0
0.0,0.999999999999999,0.0,0.0
0.0,0.999999999999999,0.0,0.0
0.0,0.999999999999999,0.0,0.0
0.0,0.999999999999999,0.0,0.0
0.0,0.999999999999999,0.0,0.0
0.0,0.999999999999999,0.0,0.0
0.0,0.999999999999999,0.0,0.0
0.0,0.999999999999999,0.0,0.0
0.0,0.999999999999999,0.0,0.0
0.0,0.999999999999999,0.0,0.0
0.0,0.999999999999999,0.0,0.0
0.0,0.999999999999999,0.0,0.0
0.0,0.999999999999999,0.0,0.0
0.0,0.999999999999999,0.0,0.0
0.0,0.999999999999999,0.0,0.0
0.0,0.999999999999999,0.0,0.0
0.0,0.999999999999999,0.0,0.0
0.0,0.999999999999999,0.0,0.0
0.0,0.999999999999999,0.0,0.0
0.0,0.999999999999999,0.0,0.0
0.0,0.999999999999999,0.0,0.0
0.0,0.999999999999999,0.0,0.0
0.0,0.999999999999999,0.0,0.0
0.0,0.999999999999999,0.0,0.0
0.0,0.999999999999999,0.0,0.0
0.0,0.999999999999999,0.0,0.0
0.0,0.999999999999999,0.0,0.0
0.0,0.999999999999999,0.0,0.0
0.0,0.999999999999999,0.0,0.0
0.0,0.999999999999999,0.0,0.0
0.0,0.999999999999999,0.0,0.0
0.0,0.999999999999999,0.0,0.0
0.0,0.999999999999999,0.0,0.0
0.0,0.999999999999999,0.0,0.0
0.0,0.999999999999999,0.0,0.0
0.0,0.999999999999999,0.0,0.0
0.0,0.999999999999999,0.0,0.0
0.0,0.999999999999999,0.0,0.0
0.0,0.999999999999999,0.0,0.0
0.0,0.999999999999999,0.0,0.0
0.0,0.999999999999999,0.0,0.0
0.0,0.999999999999999,0.0,0.0
0.0,0.999999999999999,0.0,0.0
0.0,0.999999999999999,0.0,0.0
0.0,0.999999999999999,0.0,0.0
0.0,0.999999999999999,0.0,0.0
0.0,0.999999999999999,0.0,0.0
0.0,0.999999999999999,0.0,0.0
0.0,0.999999999999999,0.0,0.0
0.0,0.999999999999999,0.0,0.0
0.0,0.999999999999999,0.0,0.0
0.0,0.999999999999999,0.0,0.0
0.0,0.999999999999999,0.0,0.0
0.0,0.999999999999999,0.0,0.0
0.0,0.999999999999999,0.0,0.0
0.0,0.999999999999999,0.0,0.0
0.0,0.999999999999999,0.0,0.0
0.0,0.999999999999999,0.0,0.0
0.0,0.999999999999999,0.0,0.0
0.0,0.999999999999999,0.0,0.0
0.0,0.999999999999999,0.0,0.0
0.0,0.999999999999999,0.0,0.0
0.0,0.999999999999999,0.0,0.0
0.0,0.999999999999999,0.0,0.0
0.0,0.999999999999999,0.0,0.0
0.0,0.999999999999999,0.0,0.0
0.0,0.999999999999999,0.0,0.0
0.0,0.999999999999999,0.0,0.0
0.0,0.999999999999999,0.0,0.0
0.0,0.999999999999999,0.0,0.0
0.0,0.999999999999999,0.0,0.0
0.0,0.999999999999999,0.0,0.0
0.0,0.999999999999999,0.0,0.0
0.0,0.999999999999999,0.0,0.0
0.0,0.999999999999999,0.0,0.0
0.0,0.999999999999999,0.0,0.0
0.0,0.999999999999999,0.0,0.0
0.0,0.999999999999999,0.0,0.0
0.0,0.999999999999999,0.0,0.0
0.0,0.999999999999999,0.0,0.0
0.0,0.999999999999999,0.0,0.0
0.0,0.999999999999999,0.0,0.0
0.0,0.999999999999999,0.0,0.0
0.0,0.999999999999999,0.0,0.0
0.0,0.999999999999999,0.0,0.0
0.0,0.999999999999999,0.0,0.0
0.0,0.999999999999999,0.0,0.0
0.0,0.999999999999999,0.0,0.0
0.0,0.999999999999999,0.0,0.0
0.0,0.999999999999999,0.0,0.0
0.0,0.999999999999999,0.0,0.0
0.0,0.999999999999999,0.0,0.0
0.0,0.999999999999999,0.0,0.0
0.0,0.999999999999999,0.0,0.0
0.0,0.999999999999999,0.0,0.0
0.0,0.999999999999999,0.0,0.0
0.0,0.999999999999999,0.0,0.0
0.0,0.999999999999999,0.0,0.0
0.0,0.999999999999999,0.0,0.0
0.0,0.999999999999999,0.0,0.0
0.0,0.999999999999999,0.0,0.0
0.0,0.999999999999999,0.0,0.0
0.0,0.999999999999999,0.0,0.0
0.0,0.999999999999999,0.0,0.0
0.0,0.999999999999999,0.0,0.0
0.0,0.999999999999999,0.0,0.0
0.0,0.999999999999999,0.0,0.0
0.0,0.999999999999999,0.0,0.0
0.0,0.999999999999999,0.0,0.0
0.0,0.999999999999999,0.0,0.0
0.0,0.999999999999999,0.0,0.0
0.0,0.999999999999999,0.0,0.0
0.0,0.999999999999999,0.0,0.0
0.0,0.999999999999999,0.0,0.0
0.0,0.999999999999999,0.0,0.0
0.0,0.999999999999999,0.0,0.0
0.0,0.999999999999999,0.0,0.0
0.0,0.999999999999999,0.0,0.0
0.0,0.999999999999999,0.0,0.0
0.0,0.999999999999999,0.0,0.0
0.0,0.999999999999999,0.0,0.0
0.0,0.999999999999999,0.0,0.0
0.0,0.999999999999999,0.0,0.0
0.0,0.999999999999999,0.0,0.0
0.0,0.999999999999999,0.0,0.0
0.0,0.999999999999999,0.0,0.0
0.0,0.999999999999999,0.0,0.0
0.0,0.999999999999999,0.0,0.0
0.0,0.999999999999999,0.0,0.0
0.0,0.999999999999999,0.0,0.0
0.0,0.999999999999999,0.0,0.0
0.0,0.999999999999999,0.0,0.0
0.0,0.999999999999999,0.0,0.0
0.0,0.999999999999999,0.0,0.0
0.0,0.999999999999999,0.0,0.0
0.0,0.999999999999999,0.0,0.0
0.0,0.999999999999999,0.0,0.0
0.0,0.999999999999999,0.0,0.0
0.0,0.999999999999999,0.0,0.0
0.0,0.999999999999999,0.0,0.0
0.0,0.999999999999999,0.0,0.0
0.0,0.999999999999999,0.0,0.0
0.0,0.999999999999999,0.0,0.0
0.0,0.999999999999999,0.0,0.0
0.0,0.999999999999999,0.0,0.0
0.0,0.999999999999999,0.0,0.0
0.0,0.999999999999999,0.0,0.0
0.0,0.999999999999999,0.0,0.0
0.0,0.999999999999999,0.0,0.0
0.0,0.999999999999999,0.0,0.0
0.0,0.999999999999999,0.0,0.0
0.0,0.999999999999999,0.0,0.0
0.0,0.999999999999999,0.0,0.0
0.0,0.999999999999999,0.0,0.0
0.0,0.999999999999999,0.0,0.0
0.0,0.999999999999999,0.0,0.0
0.0,0.999999999999999,0.0,0.0
0.0,0.999999999999999,0.0,0.0
0.0,0.999999999999999,0.0,0.0
0.0,0.999999999999999,0.0,0.0
0.0,0.999999999999999,0.0,0.0
0.0,0.999999999999999,0.0,0.0
0.0,0.999999999999999,0.0,0.0
0.0,0.999999999999999,0.0,0.0
0.0,0.999999999999999,0.0,0.0
0.0,0.999999999999999,0.0,0.0
0.0,0.999999999999999,0.0,0.0
0.0,0.999999999999999,0.0,0.0
0.0,0.999999999999999,0.0,0.0
0.0,0.999999999999999,0.0,0.0
0.0,0.999999999999999,0.0,0.0
0.0,0.999999999999999,0.0,0.0
0.0,0.999999999999999,0.0,0.0
0.0,0.999999999999999,0.0,0.0
0.0,0.999999999999999,0.0,0.0
0.0,0.999999999999999,0.0,0.0
0.0,0.999999999999999,0.0,0.0
0.0,0.999999999999999,0.0,0.0
0.0,0.999999999999999,0.0,0.0
0.0,0.999999999999999,0.0,0.0
0.0,0.999999999999999,0.0,0.0
0.0,0.999999999999999,0.0,0.0
0.0,0.999999999999999,0.0,0.0
0.0,0.999999999999999,0.0,0.0
0.0,0.999999999999999,0.0,0.0
0.0,0.999999999999999,0.0,0.0
0.0,0.999999999999999,0.0,0.0
0.0,0.999999999999999,0.0,0.0
0.0,0.999999999999999,0.0,0.0
0.0,0.999999999999999,0.0,0.0
0.0,0.999999999999999,0.0,0.0
0.0,0.999999999999999,0.0,0.0
0.0,0.999999999999999,0.0,0.0
0.0,0.999999999999999,0.0,0.0
0.0,0.999999999999999,0.0,0.0
0.0,0.999999999999999,0.0,0.0
0.0,0.999999999999999,0.0,0.0
0.0,0.999999999999999,0.0,0.0
0.0,0.999999999999999,0.0,0.0
0.0,0.999999999999999,0.0,0.0
0.0,0.999999999999999,0.0,0.0
0.0,0.999999999999999,0.0,0.0
0.0,0.999999999999999,0.0,0.0
0.0,0.999999999999999,0.0,0.0
0.0,0.999999999999999,0.0,0.0
0.0,0.999999999999999,0.0,0.0
0.0,0.999999999999999,0.0,0.0
0.0,0.999999999999999,0.0,0.0
0.0,0.999999999999999,0.0,0.0
0.0,0.999999999999999,0.0,0.0
0.0,0.999999999999999,0.0,0.0
0.0,0.999999999999999,0.0,0.0
0.0,0.999999999999999,0.0,0.0
0.0,0.999999999999999,0.0,0.0
0.0,0.999999999999999,0.0,0.0
0.0,0.999999999999999,0.0,0.0
0.0,0.999999999999999,0.0,0.0
0.0,0.999999999999999,0.0,0.0
0.0,0.999999999999999,0.0,0.0
0.0,0.999999999999999,0.0,0.0
0.0,0.999999999999999,0.0,0.0
0.0,0.999999999999999,0.0,0.0
0.0,0.999999999999999,0.0,0.0
0.0,0.999999999999999,0.0,0.0
0.0,0.999999999999999,0.0,0.0
0.0,0.999999999999999,0.0,0.0
0.0,0.999999999999999,0.0,0.0
0.0,0.999999999999999,0.0,0.0
0.0,0.999999999999999,0.0,0.0
0.0,0.999999999999999,0.0,0.0
0.0,0.999999999999999,0.0,0.0
0.0,0.999999999999999,0.0,0.0
0.0,0.999999999999999,0.0,0.0
0.0,0.999999999999999,0.0,0.0
0.0,0.999999999999999,0.0,0.0
0.0,0.999999999999999,0.0,0.0
0.0,0.999999999999999,0.0,0.0
0.0,0.999999999999999,0.0,0.0
0.0,0.999999999999999,0.0,0.0
0.0,0.999999999999999,0.0,0.0
0.0,0.999999999999999,0.0,0.0
0.0,0.999999999999999,0.0,0.0
0.0,0.999999999999999,0.0,0.0
0.0,0.999999999999999,0.0,0.0
0.0,0.999999999999999,0.0,0.0
0.0,0.999999999999999,0.0,0.0
0.0,0.999999999999999,0.0,0.0
0.0,0.999999999999999,0.0,0.0
0.0,0.999999999999999,0.0,0.0
0.0,0.999999999999999,0.0,0.0
0.0,0.999999999999999,0.0,0.0
0.0,0.999999999999999,0.0,0.0
0.0,0.999999999999999,0.0,0.0
0.0,0.999999999999999,0.0,0.0
0.0,0.999999999999999,0.0,0.0
0.0,0.999999999999999,0.0,0.0
0.0,0.999999999999999,0.0,0.0
0.0,0.999999999999999,0.0,0.0
0.0,0.999999999999999,0.0,0.0
0.0,0.999999999999999,0.0,0.0
0.0,0.999999999999999,0.0,0.0
0.0,0.999999999999999,0.0,0.0
0.0,0.999999999999999,0.0,0.0
0.0,0.999999999999999,0.0,0.0
0.0,0.999999999999999,0.0,0.0
0.0,0.999999999999999,0.0,0.0
0.0,0.999999999999999,0.0,0.0
0.0,0.999999999999999,0.0,0.0
0.0,0.999999999999999,0.0,0.0
0.0,0.999999999999999,0.0,0.0
0.0,0.999999999999999,0.0,0.0
0.0,0.999999999999999,0.0,0.0
0.0,0.999999999999999,0.0,0.0
0.0,0.999999999999999,0.0,0.0
0.0,0.999999999999999,0.0,0.0
0.0,0.999999999999999,0.0,0.0
0.0,0.999999999999999,0.0,0.0
0.0,0.999999999999999,0.0,0.0
0.0,0.999999999999999,0.0,0.0
0.0,0.999999999999999,0.0,0.0
0.0,0.999999999999999,0.0,0.0
0.0,0.999999999999999,0.0,0.0
0.0,0.999999999999999,0.0,0.0
0.0,0.999999999999999,0.0,0.0
0.0,0.999999999999999,0.0,0.0
0.0,0.999999999999999,0.0,0.0
0.0,0.999999999999999,0.0,0.0
0.0,0.999999999999999,0.0,0.0
0.0,0.999999999999999,0.0,0.0
0.0,0.999999999999999,0.0,0.0
0.0,0.999999999999999,0.0,0.0
0.0,0.999999999999999,0.0,0.0
0.0,0.999999999999999,0.0,0.0
0.0,0.999999999999999,0.0,0.0
0.0,0.999999999999999,0.0,0.0
0.0,0.999999999999999,0.0,0.0
0.0,0.999999999999999,0.0,0.0
0.0,0.999999999999999,0.0,0.0
0.0,0.999999999999999,0.0,0.0
0.0,0.999999999999999,0.0,0.0
0.0,0.999999999999999,0.0,0.0
0.0,0.999999999999999,0.0,0.0
0.0,0.999999999999999,0.0,0.0
0.0,0.999999999999999,0.0,0.0
0.0,0.999999999999999,0.0,0.0
0.0,0.999999999999999,0.0,0.0
0.0,0.999999999999999,0.0,0.0
0.0,0.999999999999999,0.0,0.0
0.0,0.999999999999999,0.0,0.0
0.0,0.999999999999999,0.0,0.0
0.0,0.999999999999999,0.0,0.0
0.0,0.999999999999999,0.0,0.0
0.0,0.999999999999999,0.0,0.0
0.0,0.999999999999999,0.0,0.0
0.0,0.999999999999999,0.0,0.0
0.0,0.999999999999999,0.0,0.0
0.0,0.999999999999999,0.0,0.0
0.0,0.999999999999999,0.0,0.0
0.0,0.999999999999999,0.0,0.0
0.0,0.999999999999999,0.0,0.0
0.0,0.999999999999999,0.0,0.0
0.0,0.999999999999999,0.0,0.0
0.0,0.999999999999999,0.0,0.0
0.0,0.999999999999999,0.0,0.0
0.0,0.999999999999999,0.0,0.0
0.0,0.999999999999999,0.0,0.0
0.0,0.999999999999999,0.0,0.0
0.0,0.999999999999999,0.0,0.0
0.0,0.999999999999999,0.0,0.0
0.0,0.999999999999999,0.0,0.0
0.0,0.999999999999999,0.0,0.0
0.0,0.999999999999999,0.0,0.0
0.0,0.999999999999999,0.0,0.0
0.0,0.999999999999999,0.0,0.0
0.0,0.999999999999999,0.0,0.0
0.0,0.999999999999999,0.0,0.0
0.0,0.999999999999999,0.0,0.0
0.0,0.999999999999999,0.0,0.0
0.0,0.999999999999999,0.0,0.0
0.0,0.999999999999999,0.0,0.0
0.0,0.999999999999999,0.0,0.0
0.0,0.999999999999999,0.0,0.0
0.0,0.999999999999999,0.0,0.0
0.0,0.999999999999999,0.0,0.0
0.0,0.999999999999999,0.0,0.0
0.0,0.999999999999999,0.0,0.0
0.0,0.999999999999999,0.0,0.0
0.0,0.999999999999999,0.0,0.0
0.0,0.999999999999999,0.0,0.0
0.0,0.999999999999999,0.0,0.0
0.0,0.999999999999999,0.0,0.0
0.0,0.999999999999999,0.0,0.0
0.0,0.999999999999999,0.0,0.0
0.0,0.999999999999999,0.0,0.0
0.0,0.999999999999999,0.0,0.0
0.0,0.999999999999999,0.0,0.0
0.0,0.999999999999999,0.0,0.0
0.0,0.999999999999999,0.0,0.0
0.0,0.999999999999999,0.0,0.0
0.0,0.999999999999999,0.0,0.0
0.0,0.999999999999999,0.0,0.0
0.0,0.999999999999999,0.0,0.0
0.0,0.999999999999999,0.0,0.0
0.0,0.999999999999999,0.0,0.0
0.0,0.999999999999999,0.0,0.0
0.0,0.999999999999999,0.0,0.0
0.0,0.999999999999999,0.0,0.0
0.0,0.999999999999999,0.0,0.0
0.0,0.999999999999999,0.0,0.0
0.0,0.999999999999999,0.0,0.0
0.0,0.999999999999999,0.0,0.0
0.0,0.999999999999999,0.0,0.0
0.0,0.999999999999999,0.0,0.0
0.0,0.999999999999999,0.0,0.0
0.0,0.999999999999999,0.0,0.0
0.0,0.999999999999999,0.0,0.0
0.0,0.999999999999999,0.0,0.0
0.0,0.999999999999999,0.0,0.0
0.0,0.999999999999999,0.0,0.0
0.0,0.999999999999999,0.0,0.0
0.0,0.999999999999999,0.0,0.0
0.0,0.999999999999999,0.0,0.0
0.0,0.999999999999999,0.0,0.0
0.0,0.999999999999999,0.0,0.0
0.0,0.999999999999999,0.0,0.0
0.0,0.999999999999999,0.0,0.0
0.0,0.999999999999999,0.0,0.0
0.0,0.999999999999999,0.0,0.0
0.0,0.999999999999999,0.0,0.0
0.0,0.999999999999999,0.0,0.0
0.0,0.999999999999999,0.0,0.0
0.0,0.999999999999999,0.0,0.0
0.0,0.999999999999999,0.0,0.0
0.0,0.999999999999999,0.0,0.0
0.0,0.999999999999999,0.0,0.0
0.0,0.999999999999999,0.0,0.0
0.0,0.999999999999999,0.0,0.0
0.0,0.999999999999999,0.0,0.0
0.0,0.999999999999999,0.0,0.0
0.0,0.999999999999999,0.0,0.0
0.0,0.999999999999999,0.0,0.0
0.0,0.999999999999999,0.0,0.0
0.0,0.999999999999999,0.0,0.0
0.0,0.999999999999999,0.0,0.0
0.0,0.999999999999999,0.0,0.0
0.0,0.999999999999999,0.0,0.0
0.0,0.999999999999999,0.0,0.0
0.0,0.999999999999999,0.0,0.0
0.0,0.999999999999999,0.0,0.0
0.0,0.999999999999999,0.0,0.0
0.0,0.999999999999999,0.0,0.0
0.0,0.999999999999999,0.0,0.0
0.0,0.999999999999999,0.0,0.0
0.0,0.999999999999999,0.0,0.0
0.0,0.999999999999999,0.0,0.0
0.0,0.999999999999999,0.0,0.0
0.0,0.999999999999999,0.0,0.0
0.0,0.999999999999999,0.0,0.0
0.0,0.999999999999999,0.0,0.0
0.0,0.999999999999999,0.0,0.0
0.0,0.999999999999999,0.0,0.0
0.0,0.999999999999999,0.0,0.0
0.0,0.999999999999999,0.0,0.0
0.0,0.999999999999999,0.0,0.0
0.0,0.999999999999999,0.0,0.0
0.0,0.999999999999999,0.0,0.0
0.0,0.999999999999999,0.0,0.0
0.0,0.999999999999999,0.0,0.0
0.0,0.999999999999999,0.0,0.0
0.0,0.999999999999999,0.0,0.0
0.0,0.999999999999999,0.0,0.0
0.0,0.999999999999999,0.0,0.0
0.0,0.999999999999999,0.0,0.0
0.0,0.999999999999999,0.0,0.0
0.0,0.999999999999999,0.0,0.0
0.0,0.999999999999999,0.0,0.0
0.0,0.999999999999999,0.0,0.0
0.0,0.999999999999999,0.0,0.0
0.0,0.999999999999999,0.0,0.0
0.0,0.999999999999999,0.0,0.0
0.0,0.999999999999999,0.0,0.0
0.0,0.999999999999999,0.0,0.0
0.0,0.999999999999999,0.0,0.0
0.0,0.999999999999999,0.0,0.0
0.0,0.999999999999999,0.0,0.0
0.0,0.999999999999999,0.0,0.0
0.0,0.999999999999999,0.0,0.0
0.0,0.999999999999999,0.0,0.0
0.0,0.999999999999999,0.0,0.0
0.0,0.999999999999999,0.0,0.0
0.0,0.999999999999999,0.0,0.0
0.0,0.999999999999999,0.0,0.0
0.0,0.999999999999999,0.0,0.0
0.0,0.999999999999999,0.0,0.0
0.0,0.999999999999999,0.0,0.0
0.0,0.999999999999999,0.0,0.0
0.0,0.999999999999999,0.0,0.0
0.0,0.999999999999999,0.0,0.0
0.0,0.999999999999999,0.0,0.0
0.0,0.999999999999999,0.0,0.0
0.0,0.999999999999999,0.0,0.0
0.0,0.999999999999999,0.0,0.0
0.0,0.999999999999999,0.0,0.0
0.0,0.999999999999999,0.0,0.0
0.0,0.999999999999999,0.0,0.0
0.0,0.999999999999999,0.0,0.0
0.0,0.999999999999999,0.0,0.0
0.0,0.999999999999999,0.0,0.0
0.0,0.999999999999999,0.0,0.0
0.0,0.999999999999999,0.0,0.0
0.0,0.999999999999999,0.0,0.0
0.0,0.999999999999999,0.0,0.0
0.0,0.999999999999999,0.0,0.0
0.0,0.999999999999999,0.0,0.0
0.0,0.999999999999999,0.0,0.0
0.0,0.999999999999999,0.0,0.0
0.0,0.999999999999999,0.0,0.0
0.0,0.999999999999999,0.0,0.0
0.0,0.999999999999999,0.0,0.0
0.0,0.999999999999999,0.0,0.0
0.0,0.999999999999999,0.0,0.0
0.0,0.999999999999999,0.0,0.0
0.0,0.999999999999999,0.0,0.0
0.0,0.999999999999999,0.0,0.0
0.0,0.999999999999999,0.0,0.0
0.0,0.999999999999999,0.0,0.0
0.0,0.999999999999999,0.0,0.0
0.0,0.999999999999999,0.0,0.0
0.0,0.999999999999999,0.0,0.0
0.0,0.999999999999999,0.0,0.0
0.0,0.999999999999999,0.0,0.0
0.0,0.999999999999999,0.0,0.0
0.0,0.999999999999999,0.0,0.0
0.0,0.999999999999999,0.0,0.0
0.0,0.999999999999999,0.0,0.0
0.0,0.999999999999999,0.0,0.0
0.0,0.999999999999999,0.0,0.0
0.0,0.999999999999999,0.0,0.0
0.0,0.999999999999999,0.0,0.0
0.0,0.999999999999999,0.0,0.0
0.0,0.999999999999999,0.0,0.0
0.0,0.999999999999999,0.0,0.0
0.0,0.999999999999999,0.0,0.0
0.0,0.999999999999999,0.0,0.0
0.0,0.999999999999999,0.0,0.0
0.0,0.999999999999999,0.0,0.0
0.0,0.999999999999999,0.0,0.0
0.0,0.999999999999999,0.0,0.0
0.0,0.999999999999999,0.0,0.0
0.0,0.999999999999999,0.0,0.0
0.0,0.999999999999999,0.0,0.0
0.0,0.999999999999999,0.0,0.0
0.0,0.999999999999999,0.0,0.0
0.0,0.999999999999999,0.0,0.0
0.0,0.999999999999999,0.0,0.0
0.0,0.999999999999999,0.0,0.0
0.0,0.999999999999999,0.0,0.0
0.0,0.999999999999999,0.0,0.0
0.0,0.999999999999999,0.0,0.0
0.0,0.999999999999999,0.0,0.0
0.0,0.999999999999999,0.0,0.0
0.0,0.999999999999999,0.0,0.0
0.0,0.999999999999999,0.0,0.0
0.0,0.999999999999999,0.0,0.0
0.0,0.999999999999999,0.0,0.0
0.0,0.999999999999999,0.0,0.0
0.0,0.999999999999999,0.0,0.0
0.0,0.999999999999999,0.0,0.0
0.0,0.999999999999999,0.0,0.0
0.0,0.999999999999999,0.0,0.0
0.0,0.999999999999999,0.0,0.0
0.0,0.999999999999999,0.0,0.0
0.0,0.999999999999999,0.0,0.0
0.0,0.999999999999999,0.0,0.0
0.0,0.999999999999999,0.0,0.0
0.0,0.999999999999999,0.0,0.0
0.0,0.999999999999999,0.0,0.0
0.0,0.999999999999999,0.0,0.0
0.0,0.999999999999999,0.0,0.0
0.0,0.999999999999999,0.0,0.0
0.0,0.999999999999999,0.0,0.0
0.0,0.999999999999999,0.0,0.0
0.0,0.999999999999999,0.0,0.0
0.0,0.999999999999999,0.0,0.0
0.0,0.999999999999999,0.0,0.0
0.0,0.999999999999999,0.0,0.0
0.0,0.999999999999999,0.0,0.0
0.0,0.999999999999999,0.0,0.0
0.0,0.999999999999999,0.0,0.0
0.0,0.999999999999999,0.0,0.0
0.0,0.999999999999999,0.0,0.0
0.0,0.999999999999999,0.0,0.0
0.0,0.999999999999999,0.0,0.0
0.0,0.999999999999999,0.0,0.0
0.0,0.999999999999999,0.0,0.0
0.0,0.999999999999999,0.0,0.0
0.0,0.999999999999999,0.0,0.0
0.0,0.999999999999999,0.0,0.0
0.0,0.999999999999999,0.0,0.0
0.0,0.999999999999999,0.0,0.0
0.0,0.999999999999999,0.0,0.0
0.0,0.999999999999999,0.0,0.0
0.0,0.999999999999999,0.0,0.0
0.0,0.999999999999999,0.0,0.0
0.0,0.999999999999999,0.0,0.0
0.0,0.999999999999999,0.0,0.0
0.0,0.999999999999999,0.0,0.0
0.0,0.999999999999999,0.0,0.0
0.0,0.999999999999999,0.0,0.0
0.0,0.999999999999999,0.0,0.0
0.0,0.999999999999999,0.0,0.0
0.0,0.999999999999999,0.0,0.0
0.0,0.999999999999999,0.0,0.0
0.0,0.999999999999999,0.0,0.0
0.0,0.999999999999999,0.0,0.0
0.0,0.999999999999999,0.0,0.0
0.0,0.999999999999999,0.0,0.0
0.0,0.999999999999999,0.0,0.0
0.0,0.999999999999999,0.0,0.0
0.0,0.999999999999999,0.0,0.0
0.0,0.999999999999999,0.0,0.0
0.0,0.999999999999999,0.0,0.0
0.0,0.999999999999999,0.0,0.0
0.0,0.999999999999999,0.0,0.0
0.0,0.999999999999999,0.0,0.0
0.0,0.999999999999999,0.0,0.0
0.0,0.999999999999999,0.0,0.0
0.0,0.999999999999999,0.0,0.0
0.0,0.999999999999999,0.0,0.0
0.0,0.999999999999999,0.0,0.0
0.0,0.999999999999999,0.0,0.0
0.0,0.999999999999999,0.0,0.0
0.0,0.999999999999999,0.0,0.0
0.0,0.999999999999999,0.0,0.0
0.0,0.999999999999999,0.0,0.0
0.0,0.999999999999999,0.0,0.0
0.0,0.999999999999999,0.0,0.0
0.0,0.999999999999999,0.0,0.0
0.0,0.999999999999999,0.0,0.0
0.0,0.999999999999999,0.0,0.0
0.0,0.999999999999999,0.0,0.0
0.0,0.999999999999999,0.0,0.0
0.0,0.999999999999999,0.0,0.0
0.0,0.999999999999999,0.0,0.0
0.0,0.999999999999999,0.0,0.0
0.0,0.999999999999999,0.0,0.0
0.0,0.999999999999999,0.0,0.0
0.0,0.999999999999999,0.0,0.0
0.0,0.999999999999999,0.0,0.0
0.0,0.999999999999999,0.0,0.0
0.0,0.999999999999999,0.0,0.0
0.0,0.999999999999999,0.0,0.0
0.0,0.999999999999999,0.0,0.0
0.0,0.999999999999999,0.0,0.0
0.0,0.999999999999999,0.0,0.0
0.0,0.999999999999999,0.0,0.0
0.0,0.999999999999999,0.0,0.0
0.0,0.999999999999999,0.0,0.0
0.0,0.999999999999999,0.0,0.0
0.0,0.999999999999999,0.0,0.0
0.0,0.999999999999999,0.0,0.0
0.0,0.999999999999999,0.0,0.0
0.0,0.999999999999999,0.0,0.0
0.0,0.999999999999999,0.0,0.0
0.0,0.999999999999999,0.0,0.0
0.0,0.999999999999999,0.0,0.0
0.0,0.999999999999999,0.0,0.0
0.0,0.999999999999999,0.0,0.0
0.0,0.999999999999999,0.0,0.0
0.0,0.999999999999999,0.0,0.0
0.0,0.999999999999999,0.0,0.0
0.0,0.999999999999999,0.0,0.0
0.0,0.999999999999999,0.0,0.0
0.0,0.999999999999999,0.0,0.0
0.0,0.999999999999999,0.0,0.0
0.0,0.999999999999999,0.0,0.0
0.0,0.999999999999999,0.0,0.0
0.0,0.999999999999999,0.0,0.0
0.0,0.999999999999999,0.0,0.0
0.0,0.999999999999999,0.0,0.0
0.0,0.999999999999999,0.0,0.0
0.0,0.999999999999999,0.0,0.0
0.0,0.999999999999999,0.0,0.0
0.0,0.999999999999999,0.0,0.0
0.0,0.999999999999999,0.0,0.0
0.0,0.999999999999999,0.0,0.0
0.0,0.999999999999999,0.0,0.0
0.0,0.999999999999999,0.0,0.0
0.0,0.999999999999999,0.0,0.0
0.0,0.999999999999999,0.0,0.0
0.0,0.999999999999999,0.0,0.0
0.0,0.999999999999999,0.0,0.0
0.0,0.999999999999999,0.0,0.0
0.0,0.999999999999999,0.0,0.0
0.0,0.999999999999999,0.0,0.0
0.0,0.999999999999999,0.0,0.0
0.0,0.999999999999999,0.0,0.0
0.0,0.999999999999999,0.0,0.0
0.0,0.999999999999999,0.0,0.0
0.0,0.999999999999999,0.0,0.0
0.0,0.999999999999999,0.0,0.0
0.0,0.999999999999999,0.0,0.0
0.0,0.999999999999999,0.0,0.0
0.0,0.999999999999999,0.0,0.0
0.0,0.999999999999999,0.0,0.0
0.0,0.999999999999999,0.0,0.0
0.0,0.999999999999999,0.0,0.0
0.0,0.999999999999999,0.0,0.0
0.0,0.999999999999999,0.0,0.0
0.0,0.999999999999999,0.0,0.0
0.0,0.999999999999999,0.0,0.0
0.0,0.999999999999999,0.0,0.0
0.0,0.999999999999999,0.0,0.0
0.0,0.999999999999999,0.0,0.0
0.0,0.999999999999999,0.0,0.0
0.0,0.999999999999999,0.0,0.0
0.0,0.999999999999999,0.0,0.0
0.0,0.999999999999999,0.0,0.0
0.0,0.999999999999999,0.0,0.0
0.0,0.999999999999999,0.0,0.0
0.0,0.999999999999999,0.0,0.0
0.0,0.999999999999999,0.0,0.0
0.0,0.999999999999999,0.0,0.0
0.0,0.999999999999999,0.0,0.0
0.0,0.999999999999999,0.0,0.0
0.0,0.999999999999999,0.0,0.0
0.0,0.999999999999999,0.0,0.0
0.0,0.999999999999999,0.0,0.0
0.0,0.999999999999999,0.0,0.0
0.0,0.999999999999999,0.0,0.0
0.0,0.999999999999999,0.0,0.0
0.0,0.999999999999999,0.0,0.0
0.0,0.999999999999999,0.0,0.0
0.0,0.999999999999999,0.0,0.0
0.0,0.999999999999999,0.0,0.0
0.0,0.999999999999999,0.0,0.0
0.0,0.999999999999999,0.0,0.0
0.0,0.999999999999999,0.0,0.0
0.0,0.999999999999999,0.0,0.0
0.0,0.999999999999999,0.0,0.0
0.0,0.999999999999999,0.0,0.0
0.0,0.999999999999999,0.0,0.0
0.0,0.999999999999999,0.0,0.0
0.0,0.999999999999999,0.0,0.0
0.0,0.999999999999999,0.0,0.0
0.0,0.999999999999999,0.0,0.0
0.0,0.999999999999999,0.0,0.0
0.0,0.999999999999999,0.0,0.0
0.0,0.999999999999999,0.0,0.0
0.0,0.999999999999999,0.0,0.0
0.0,0.999999999999999,0.0,0.0
0.0,0.999999999999999,0.0,0.0
0.0,0.999999999999999,0.0,0.0
0.0,0.999999999999999,0.0,0.0
0.0,0.999999999999999,0.0,0.0
0.0,0.999999999999999,0.0,0.0
0.0,0.999999999999999,0.0,0.0
0.0,0.999999999999999,0.0,0.0
0.0,0.999999999999999,0.0,0.0
0.0,0.999999999999999,0.0,0.0
0.0,0.999999999999999,0.0,0.0
0.0,0.999999999999999,0.0,0.0
0.0,0.999999999999999,0.0,0.0
0.0,0.999999999999999,0.0,0.0
0.0,0.999999999999999,0.0,0.0
0.0,0.999999999999999,0.0,0.0
0.0,0.999999999999999,0.0,0.0
0.0,0.999999999999999,0.0,0.0
0.0,0.999999999999999,0.0,0.0
0.0,0.999999999999999,0.0,0.0
0.0,0.999999999999999,0.0,0.0
0.0,0.999999999999999,0.0,0.0
0.0,0.999999999999999,0.0,0.0
0.0,0.999999999999999,0.0,0.0
0.0,0.999999999999999,0.0,0.0
0.0,0.999999999999999,0.0,0.0
0.0,0.999999999999999,0.0,0.0
0.0,0.999999999999999,0.0,0.0
0.0,0.999999999999999,0.0,0.0
0.0,0.999999999999999,0.0,0.0
0.0,0.999999999999999,0.0,0.0
0.0,0.999999999999999,0.0,0.0
0.0,0.999999999999999,0.0,0.0
0.0,0.999999999999999,0.0,0.0
0.0,0.999999999999999,0.0,0.0
0.0,0.999999999999999,0.0,0.0
0.0,0.999999999999999,0.0,0.0
0.0,0.999999999999999,0.0,0.0
0.0,0.999999999999999,0.0,0.0
0.0,0.999999999999999,0.0,0.0
0.0,0.999999999999999,0.0,0.0
0.0,0.999999999999999,0.0,0.0
0.0,0.999999999999999,0.0,0.0
0.0,0.999999999999999,0.0,0.0
0.0,0.999999999999999,0.0,0.0
0.0,0.999999999999999,0.0,0.0
0.0,0.999999999999999,0.0,0.0
0.0,0.999999999999999,0.0,0.0
0.0,0.999999999999999,0.0,0.0
0.0,0.999999999999999,0.0,0.0
0.0,0.999999999999999,0.0,0.0
0.0,0.999999999999999,0.0,0.0
0.0,0.999999999999999,0.0,0.0
0.0,0.999999999999999,0.0,0.0
0.0,0.999999999999999,0.0,0.0
0.0,0.999999999999999,0.0,0.0
0.0,0.999999999999999,0.0,0.0
0.0,0.999999999999999,0.0,0.0
0.0,0.999999999999999,0.0,0.0
0.0,0.999999999999999,0.0,0.0
0.0,0.999999999999999,0.0,0.0
0.0,0.999999999999999,0.0,0.0
0.0,0.999999999999999,0.0,0.0
0.0,0.999999999999999,0.0,0.0
0.0,0.999999999999999,0.0,0.0
0.0,0.999999999999999,0.0,0.0
0.0,0.999999999999999,0.0,0.0
0.0,0.999999999999999,0.0,0.0
0.0,0.999999999999999,0.0,0.0
0.0,0.999999999999999,0.0,0.0
0.0,0.999999999999999,0.0,0.0
0.0,0.999999999999999,0.0,0.0
0.0,0.999999999999999,0.0,0.0
0.0,0.999999999999999,0.0,0.0
0.0,0.999999999999999,0.0,0.0
0.0,0.999999999999999,0.0,0.0
0.0,0.999999999999999,0.0,0.0
0.0,0.999999999999999,0.0,0.0
0.0,0.999999999999999,0.0,0.0
0.0,0.999999999999999,0.0,0.0
0.0,0.999999999999999,0.0,0.0
0.0,0.999999999999999,0.0,0.0
0.0,0.999999999999999,0.0,0.0
0.0,0.999999999999999,0.0,0.0
0.0,0.999999999999999,0.0,0.0
0.0,0.999999999999999,0.0,0.0
0.0,0.999999999999999,0.0,0.0
0.0,0.999999999999999,0.0,0.0
0.0,0.999999999999999,0.0,0.0
0.0,0.999999999999999,0.0,0.0
0.0,0.999999999999999,0.0,0.0
0.0,0.999999999999999,0.0,0.0
0.0,0.999999999999999,0.0,0.0
0.0,0.999999999999999,0.0,0.0
0.0,0.999999999999999,0.0,0.0
0.0,0.999999999999999,0.0,0.0
0.0,0.999999999999999,0.0,0.0
0.0,0.999999999999999,0.0,0.0
0.0,0.999999999999999,0.0,0.0
0.0,0.999999999999999,0.0,0.0
0.0,0.999999999999999,0.0,0.0
0.0,0.999999999999999,0.0,0.0
0.0,0.999999999999999,0.0,0.0
0.0,0.999999999999999,0.0,0.0
0.0,0.999999999999999,0.0,0.0
0.0,0.999999999999999,0.0,0.0
0.0,0.999999999999999,0.0,0.0
0.0,0.999999999999999,0.0,0.0
0.0,0.999999999999999,0.0,0.0
0.0,0.999999999999999,0.0,0.0
0.0,0.999999999999999,0.0,0.0
0.0,0.999999999999999,0.0,0.0
0.0,0.999999999999999,0.0,0.0
0.0,0.999999999999999,0.0,0.0
0.0,0.999999999999999,0.0,0.0
0.0,0.999999999999999,0.0,0.0
0.0,0.999999999999999,0.0,0.0
0.0,0.999999999999999,0.0,0.0
0.0,0.999999999999999,0.0,0.0
0.0,0.999999999999999,0.0,0.0
0.0,0.999999999999999,0.0,0.0
0.0,0.999999999999999,0.0,0.0
0.0,0.999999999999999,0.0,0.0
0.0,0.999999999999999,0.0,0.0
0.0,0.999999999999999,0.0,0.0
0.0,0.999999999999999,0.0,0.0
0.0,0.999999999999999,0.0,0.0
0.0,0.999999999999999,0.0,0.0
0.0,0.999999999999999,0.0,0.0
0.0,0.999999999999999,0.0,0.0
0.0,0.999999999999999,0.0,0.0
0.0,0.999999999999999,0.0,0.0
0.0,0.999999999999999,0.0,0.0
0.0,0.999999999999999,0.0,0.0
0.0,0.999999999999999,0.0,0.0
0.0,0.999999999999999,0.0,0.0
0.0,0.999999999999999,0.0,0.0
0.0,0.999999999999999,0.0,0.0
0.0,0.999999999999999,0.0,0.0
0.0,0.999999999999999,0.0,0.0
0.0,0.999999999999999,0.0,0.0
0.0,0.999999999999999,0.0,0.0
0.0,0.999999999999999,0.0,0.0
0.0,0.999999999999999,0.0,0.0
0.0,0.999999999999999,0.0,0.0
0.0,0.999999999999999,0.0,0.0
0.0,0.999999999999999,0.0,0.0
0.0,0.999999999999999,0.0,0.0
0.0,0.999999999999999,0.0,0.0
0.0,0.999999999999999,0.0,0.0
0.0,0.999999999999999,0.0,0.0
0.0,0.999999999999999,0.0,0.0
0.0,0.999999999999999,0.0,0.0
0.0,0.999999999999999,0.0,0.0
0.0,0.999999999999999,0.0,0.0
0.0,0.999999999999999,0.0,0.0
0.0,0.999999999999999,0.0,0.0
0.0,0.999999999999999,0.0,0.0
0.0,0.999999999999999,0.0,0.0
0.0,0.999999999999999,0.0,0.0
0.0,0.999999999999999,0.0,0.0
0.0,0.999999999999999,0.0,0.0
0.0,0.999999999999999,0.0,0.0
0.0,0.999999999999999,0.0,0.0
0.0,0.999999999999999,0.0,0.0
0.0,0.999999999999999,0.0,0.0
0.0,0.999999999999999,0.0,0.0
0.0,0.999999999999999,0.0,0.0
0.0,0.999999999999999,0.0,0.0
0.0,0.999999999999999,0.0,0.0
0.0,0.999999999999999,0.0,0.0
0.0,0.999999999999999,0.0,0.0
0.0,0.999999999999999,0.0,0.0
0.0,0.999999999999999,0.0,0.0
0.0,0.999999999999999,0.0,0.0
0.0,0.999999999999999,0.0,0.0
0.0,0.999999999999999,0.0,0.0
0.0,0.999999999999999,0.0,0.0
0.0,0.999999999999999,0.0,0.0
0.0,0.999999999999999,0.0,0.0
0.0,0.999999999999999,0.0,0.0
0.0,0.999999999999999,0.0,0.0
0.0,0.999999999999999,0.0,0.0
0.0,0.999999999999999,0.0,0.0
0.0,0.999999999999999,0.0,0.0
0.0,0.999999999999999,0.0,0.0
0.0,0.999999999999999,0.0,0.0
0.0,0.999999999999999,0.0,0.0
0.0,0.999999999999999,0.0,0.0
0.0,0.999999999999999,0.0,0.0
0.0,0.999999999999999,0.0,0.0
0.0,0.999999999999999,0.0,0.0
0.0,0.999999999999999,0.0,0.0
0.0,0.999999999999999,0.0,0.0
0.0,0.999999999999999,0.0,0.0
0.0,0.999999999999999,0.0,0.0
0.0,0.999999999999999,0.0,0.0
0.0,0.999999999999999,0.0,0.0
0.0,0.999999999999999,0.0,0.0
0.0,0.999999999999999,0.0,0.0
0.0,0.999999999999999,0.0,0.0
0.0,0.999999999999999,0.0,0.0
0.0,0.999999999999999,0.0,0.0
0.0,0.999999999999999,0.0,0.0
0.0,0.999999999999999,0.0,0.0
0.0,0.999999999999999,0.0,0.0
0.0,0.999999999999999,0.0,0.0
0.0,0.999999999999999,0.0,0.0
0.0,0.999999999999999,0.0,0.0
0.0,0.999999999999999,0.0,0.0
0.0,0.999999999999999,0.0,0.0
0.0,0.999999999999999,0.0,0.0
0.0,0.999999999999999,0.0,0.0
0.0,0.999999999999999,0.0,0.0
0.0,0.999999999999999,0.0,0.0
0.0,0.999999999999999,0.0,0.0
0.0,0.999999999999999,0.0,0.0
0.0,0.999999999999999,0.0,0.0
0.0,0.999999999999999,0.0,0.0
0.0,0.999999999999999,0.0,0.0
0.0,0.999999999999999,0.0,0.0
0.0,0.999999999999999,0.0,0.0
0.0,0.999999999999999,0.0,0.0
0.0,0.999999999999999,0.0,0.0
0.0,0.999999999999999,0.0,0.0
0.0,0.999999999999999,0.0,0.0
0.0,0.999999999999999,0.0,0.0
0.0,0.999999999999999,0.0,0.0
0.0,0.999999999999999,0.0,0.0
0.0,0.999999999999999,0.0,0.0
0.0,0.999999999999999,0.0,0.0
0.0,0.999999999999999,0.0,0.0
0.0,0.999999999999999,0.0,0.0
0.0,0.999999999999999,0.0,0.0
0.0,0.999999999999999,0.0,0.0
0.0,0.999999999999999,0.0,0.0
0.0,0.999999999999999,0.0,0.0
0.0,0.999999999999999,0.0,0.0
0.0,0.999999999999999,0.0,0.0
0.0,0.999999999999999,0.0,0.0
0.0,0.999999999999999,0.0,0.0
0.0,0.999999999999999,0.0,0.0
0.0,0.999999999999999,0.0,0.0
0.0,0.999999999999999,0.0,0.0
0.0,0.999999999999999,0.0,0.0
0.0,0.999999999999999,0.0,0.0
0.0,0.999999999999999,0.0,0.0
0.0,0.999999999999999,0.0,0.0
0.0,0.999999999999999,0.0,0.0
0.0,0.999999999999999,0.0,0.0
0.0,0.999999999999999,0.0,0.0
0.0,0.999999999999999,0.0,0.0
0.0,0.999999999999999,0.0,0.0
0.0,0.999999999999999,0.0,0.0
0.0,0.999999999999999,0.0,0.0
0.0,0.999999999999999,0.0,0.0
0.0,0.999999999999999,0.0,0.0
0.0,0.999999999999999,0.0,0.0
0.0,0.999999999999999,0.0,0.0
0.0,0.999999999999999,0.0,0.0
0.0,0.999999999999999,0.0,0.0
0.0,0.999999999999999,0.0,0.0
0.0,0.999999999999999,0.0,0.0
0.0,0.999999999999999,0.0,0.0
0.0,0.999999999999999,0.0,0.0
0.0,0.999999999999999,0.0,0.0
0.0,0.999999999999999,0.0,0.0
0.0,0.999999999999999,0.0,0.0
0.0,0.999999999999999,0.0,0.0
0.0,0.999999999999999,0.0,0.0
0.0,0.999999999999999,0.0,0.0
0.0,0.999999999999999,0.0,0.0
0.0,0.999999999999999,0.0,0.0
0.0,0.999999999999999,0.0,0.0
0.0,0.999999999999999,0.0,0.0
0.0,0.999999999999999,0.0,0.0
0.0,0.999999999999999,0.0,0.0
0.0,0.999999999999999,0.0,0.0
0.0,0.999999999999999,0.0,0.0
0.0,0.999999999999999,0.0,0.0
0.0,0.999999999999999,0.0,0.0
0.0,0.999999999999999,0.0,0.0
0.0,0.999999999999999,0.0,0.0
0.0,0.999999999999999,0.0,0.0
0.0,0.999999999999999,0.0,0.0
0.0,0.999999999999999,0.0,0.0
0.0,0.999999999999999,0.0,0.0
0.0,0.999999999999999,0.0,0.0
0.0,0.999999999999999,0.0,0.0
0.0,0.999999999999999,0.0,0.0
0.0,0.999999999999999,0.0,0.0
0.0,0.999999999999999,0.0,0.0
0.0,0.999999999999999,0.0,0.0
0.0,0.999999999999999,0.0,0.0
0.0,0.999999999999999,0.0,0.0
0.0,0.999999999999999,0.0,0.0
0.0,0.999999999999999,0.0,0.0
0.0,0.999999999999999,0.0,0.0
0.0,0.999999999999999,0.0,0.0
0.0,0.999999999999999,0.0,0.0
0.0,0.999999999999999,0.0,0.0
0.0,0.999999999999999,0.0,0.0
0.0,0.999999999999999,0.0,0.0
0.0,0.999999999999999,0.0,0.0
0.0,0.999999999999999,0.0,0.0
0.0,0.999999999999999,0.0,0.0
0.0,0.999999999999999,0.0,0.0
0.0,0.999999999999999,0.0,0.0
0.0,0.999999999999999,0.0,0.0
0.0,0.999999999999999,0.0,0.0
0.0,0.999999999999999,0.0,0.0
0.0,0.999999999999999,0.0,0.0
0.0,0.999999999999999,0.0,0.0
0.0,0.999999999999999,0.0,0.0
0.0,0.999999999999999,0.0,0.0
0.0,0.999999999999999,0.0,0.0
0.0,0.999999999999999,0.0,0.0
0.0,0.999999999999999,0.0,0.0
0.0,0.999999999999999,0.0,0.0
0.0,0.999999999999999,0.0,0.0
0.0,0.999999999999999,0.0,0.0
0.0,0.999999999999999,0.0,0.0
0.0,0.999999999999999,0.0,0.0
0.0,0.999999999999999,0.0,0.0
0.0,0.999999999999999,0.0,0.0
0.0,0.999999999999999,0.0,0.0
0.0,0.999999999999999,0.0,0.0
0.0,0.999999999999999,0.0,0.0
0.0,0.999999999999999,0.0,0.0
0.0,0.999999999999999,0.0,0.0
0.0,0.999999999999999,0.0,0.0
0.0,0.999999999999999,0.0,0.0
0.0,0.999999999999999,0.0,0.0
0.0,0.999999999999999,0.0,0.0
0.0,0.999999999999999,0.0,0.0
0.0,0.999999999999999,0.0,0.0
0.0,0.999999999999999,0.0,0.0
0.0,0.999999999999999,0.0,0.0
0.0,0.999999999999999,0.0,0.0
0.0,0.999999999999999,0.0,0.0
0.0,0.999999999999999,0.0,0.0
0.0,0.999999999999999,0.0,0.0
0.0,0.999999999999999,0.0,0.0
0.0,0.999999999999999,0.0,0.0
0.0,0.999999999999999,0.0,0.0
0.0,0.999999999999999,0.0,0.0
0.0,0.999999999999999,0.0,0.0
0.0,0.999999999999999,0.0,0.0
0.0,0.999999999999999,0.0,0.0
0.0,0.999999999999999,0.0,0.0
0.0,0.999999999999999,0.0,0.0
0.0,0.999999999999999,0.0,0.0
0.0,0.999999999999999,0.0,0.0
0.0,0.999999999999999,0.0,0.0
0.0,0.999999999999999,0.0,0.0
0.0,0.999999999999999,0.0,0.0
0.0,0.999999999999999,0.0,0.0
0.0,0.999999999999999,0.0,0.0
0.0,0.999999999999999,0.0,0.0
0.0,0.999999999999999,0.0,0.0
0.0,0.999999999999999,0.0,0.0
0.0,0.999999999999999,0.0,0.0
0.0,0.999999999999999,0.0,0.0
0.0,0.999999999999999,0.0,0.0
0.0,0.999999999999999,0.0,0.0
0.0,0.999999999999999,0.0,0.0
0.0,0.999999999999999,0.0,0.0
0.0,0.999999999999999,0.0,0.0
0.0,0.999999999999999,0.0,0.0
0.0,0.999999999999999,0.0,0.0
0.0,0.999999999999999,0.0,0.0
0.0,0.999999999999999,0.0,0.0
0.0,0.999999999999999,0.0,0.0
0.0,0.999999999999999,0.0,0.0
0.0,0.999999999999999,0.0,0.0
0.0,0.999999999999999,0.0,0.0
0.0,0.999999999999999,0.0,0.0
0.0,0.999999999999999,0.0,0.0
0.0,0.999999999999999,0.0,0.0
0.0,0.999999999999999,0.0,0.0
0.0,0.999999999999999,0.0,0.0
0.0,0.999999999999999,0.0,0.0
0.0,0.999999999999999,0.0,0.0
0.0,0.999999999999999,0.0,0.0
0.0,0.999999999999999,0.0,0.0
0.0,0.999999999999999,0.0,0.0
0.0,0.999999999999999,0.0,0.0
0.0,0.999999999999999,0.0,0.0
0.0,0.999999999999999,0.0,0.0
0.0,0.999999999999999,0.0,0.0
0.0,0.999999999999999,0.0,0.0
0.0,0.999999999999999,0.0,0.0
0.0,0.999999999999999,0.0,0.0
0.0,0.999999999999999,0.0,0.0
0.0,0.999999999999999,0.0,0.0
0.0,0.999999999999999,0.0,0.0
0.0,0.999999999999999,0.0,0.0
0.0,0.999999999999999,0.0,0.0
0.0,0.999999999999999,0.0,0.0
0.0,0.999999999999999,0.0,0.0
0.0,0.999999999999999,0.0,0.0
0.0,0.999999999999999,0.0,0.0
0.0,0.999999999999999,0.0,0.0
0.0,0.999999999999999,0.0,0.0
0.0,0.999999999999999,0.0,0.0
0.0,0.999999999999999,0.0,0.0
0.0,0.999999999999999,0.0,0.0
0.0,0.999999999999999,0.0,0.0
0.0,0.999999999999999,0.0,0.0
0.0,0.999999999999999,0.0,0.0
0.0,0.999999999999999,0.0,0.0
0.0,0.999999999999999,0.0,0.0
0.0,0.999999999999999,0.0,0.0
0.0,0.999999999999999,0.0,0.0
0.0,0.999999999999999,0.0,0.0
0.0,0.999999999999999,0.0,0.0
0.0,0.999999999999999,0.0,0.0
0.0,0.999999999999999,0.0,0.0
0.0,0.999999999999999,0.0,0.0
0.0,0.999999999999999,0.0,0.0
0.0,0.999999999999999,0.0,0.0
0.0,0.999999999999999,0.0,0.0
0.0,0.999999999999999,0.0,0.0
0.0,0.999999999999999,0.0,0.0
0.0,0.999999999999999,0.0,0.0
0.0,0.999999999999999,0.0,0.0
0.0,0.999999999999999,0.0,0.0
0.0,0.999999999999999,0.0,0.0
0.0,0.999999999999999,0.0,0.0
0.0,0.999999999999999,0.0,0.0
0.0,0.999999999999999,0.0,0.0
0.0,0.999999999999999,0.0,0.0
0.0,0.999999999999999,0.0,0.0
0.0,0.999999999999999,0.0,0.0
0.0,0.999999999999999,0.0,0.0
0.0,0.999999999999999,0.0,0.0
0.0,0.999999999999999,0.0,0.0
0.0,0.999999999999999,0.0,0.0
0.0,0.999999999999999,0.0,0.0
0.0,0.999999999999999,0.0,0.0
0.0,0.999999999999999,0.0,0.0
0.0,0.999999999999999,0.0,0.0
0.0,0.999999999999999,0.0,0.0
0.0,0.999999999999999,0.0,0.0
0.0,0.999999999999999,0.0,0.0
0.0,0.999999999999999,0.0,0.0
0.0,0.999999999999999,0.0,0.0
0.0,0.999999999999999,0.0,0.0
0.0,0.999999999999999,0.0,0.0
0.0,0.999999999999999,0.0,0.0
0.0,0.999999999999999,0.0,0.0
0.0,0.999999999999999,0.0,0.0
0.0,0.999999999999999,0.0,0.0
0.0,0.999999999999999,0.0,0.0
0.0,0.999999999999999,0.0,0.0
0.0,0.999999999999999,0.0,0.0
0.0,0.999999999999999,0.0,0.0
0.0,0.999999999999999,0.0,0.0
0.0,0.999999999999999,0.0,0.0
0.0,0.999999999999999,0.0,0.0
0.0,0.999999999999999,0.0,0.0
0.0,0.999999999999999,0.0,0.0
0.0,0.999999999999999,0.0,0.0
0.0,0.999999999999999,0.0,0.0
0.0,0.999999999999999,0.0,0.0
0.0,0.999999999999999,0.0,0.0
0.0,0.999999999999999,0.0,0.0
0.0,0.999999999999999,0.0,0.0
0.0,0.999999999999999,0.0,0.0
0.0,0.999999999999999,0.0,0.0
0.0,0.999999999999999,0.0,0.0
0.0,0.999999999999999,0.0,0.0
0.0,0.999999999999999,0.0,0.0
0.0,0.999999999999999,0.0,0.0
0.0,0.999999999999999,0.0,0.0
0.0,0.999999999999999,0.0,0.0
0.0,0.999999999999999,0.0,0.0
0.0,0.999999999999999,0.0,0.0
0.0,0.999999999999999,0.0,0.0
0.0,0.999999999999999,0.0,0.0
0.0,0.999999999999999,0.0,0.0
0.0,0.999999999999999,0.0,0.0
0.0,0.999999999999999,0.0,0.0
0.0,0.999999999999999,0.0,0.0
0.0,0.999999999999999,0.0,0.0
0.0,0.999999999999999,0.0,0.0
0.0,0.999999999999999,0.0,0.0
0.0,0.999999999999999,0.0,0.0
0.0,0.999999999999999,0.0,0.0
0.0,0.999999999999999,0.0,0.0
0.0,0.999999999999999,0.0,0.0
0.0,0.999999999999999,0.0,0.0
0.0,0.999999999999999,0.0,0.0
0.0,0.999999999999999,0.0,0.0
0.0,0.999999999999999,0.0,0.0
0.0,0.999999999999999,0.0,0.0
0.0,0.999999999999999,0.0,0.0
0.0,0.999999999999999,0.0,0.0
0.0,0.999999999999999,0.0,0.0
0.0,0.999999999999999,0.0,0.0
0.0,0.999999999999999,0.0,0.0
0.0,0.999999999999999,0.0,0.0
0.0,0.999999999999999,0.0,0.0
0.0,0.999999999999999,0.0,0.0
0.0,0.999999999999999,0.0,0.0
0.0,0.999999999999999,0.0,0.0
0.0,0.999999999999999,0.0,0.0
0.0,0.999999999999999,0.0,0.0
0.0,0.999999999999999,0.0,0.0
0.0,0.999999999999999,0.0,0.0
0.0,0.999999999999999,0.0,0.0
0.0,0.999999999999999,0.0,0.0
0.0,0.999999999999999,0.0,0.0
0.0,0.999999999999999,0.0,0.0
0.0,0.999999999999999,0.0,0.0
0.0,0.999999999999999,0.0,0.0
0.0,0.999999999999999,0.0,0.0
0.0,0.999999999999999,0.0,0.0
0.0,0.999999999999999,0.0,0.0
0.0,0.999999999999999,0.0,0.0
0.0,0.999999999999999,0.0,0.0
0.0,0.999999999999999,0.0,0.0
0.0,0.999999999999999,0.0,0.0
0.0,0.999999999999999,0.0,0.0
0.0,0.999999999999999,0.0,0.0
0.0,0.999999999999999,0.0,0.0
0.0,0.999999999999999,0.0,0.0
0.0,0.999999999999999,0.0,0.0
0.0,0.999999999999999,0.0,0.0
0.0,0.999999999999999,0.0,0.0
0.0,0.999999999999999,0.0,0.0
0.0,0.999999999999999,0.0,0.0
0.0,0.999999999999999,0.0,0.0
0.0,0.999999999999999,0.0,0.0
0.0,0.999999999999999,0.0,0.0
0.0,0.999999999999999,0.0,0.0
0.0,0.999999999999999,0.0,0.0
0.0,0.999999999999999,0.0,0.0
0.0,0.999999999999999,0.0,0.0
0.0,0.999999999999999,0.0,0.0
0.0,0.999999999999999,0.0,0.0
0.0,0.999999999999999,0.0,0.0
0.0,0.999999999999999,0.0,0.0
0.0,0.999999999999999,0.0,0.0
0.0,0.999999999999999,0.0,0.0
0.0,0.999999999999999,0.0,0.0
0.0,0.999999999999999,0.0,0.0
0.0,0.999999999999999,0.0,0.0
0.0,0.999999999999999,0.0,0.0
0.0,0.999999999999999,0.0,0.0
0.0,0.999999999999999,0.0,0.0
0.0,0.999999999999999,0.0,0.0
0.0,0.999999999999999,0.0,0.0
0.0,0.999999999999999,0.0,0.0
0.0,0.999999999999999,0.0,0.0
0.0,0.999999999999999,0.0,0.0
0.0,0.999999999999999,0.0,0.0
0.0,0.999999999999999,0.0,0.0
0.0,0.999999999999999,0.0,0.0
0.0,0.999999999999999,0.0,0.0
0.0,0.999999999999999,0.0,0.0
0.0,0.999999999999999,0.0,0.0
0.0,0.999999999999999,0.0,0.0
0.0,0.999999999999999,0.0,0.0
0.0,0.999999999999999,0.0,0.0
0.0,0.999999999999999,0.0,0.0
0.0,0.999999999999999,0.0,0.0
0.0,0.999999999999999,0.0,0.0
0.0,0.999999999999999,0.0,0.0
0.0,0.999999999999999,0.0,0.0
0.0,0.999999999999999,0.0,0.0
0.0,0.999999999999999,0.0,0.0
0.0,0.999999999999999,0.0,0.0
0.0,0.999999999999999,0.0,0.0
0.0,0.999999999999999,0.0,0.0
0.0,0.999999999999999,0.0,0.0
0.0,0.999999999999999,0.0,0.0
0.0,0.999999999999999,0.0,0.0
0.0,0.999999999999999,0.0,0.0
0.0,0.999999999999999,0.0,0.0
0.0,0.999999999999999,0.0,0.0
0.0,0.999999999999999,0.0,0.0
0.0,0.999999999999999,0.0,0.0
0.0,0.999999999999999,0.0,0.0
0.0,0.999999999999999,0.0,0.0
0.0,0.999999999999999,0.0,0.0
0.0,0.999999999999999,0.0,0.0
0.0,0.999999999999999,0.0,0.0
0.0,0.999999999999999,0.0,0.0
0.0,0.999999999999999,0.0,0.0
0.0,0.999999999999999,0.0,0.0
0.0,0.999999999999999,0.0,0.0
0.0,0.999999999999999,0.0,0.0
0.0,0.999999999999999,0.0,0.0
0.0,0.999999999999999,0.0,0.0
0.0,0.999999999999999,0.0,0.0
0.0,0.999999999999999,0.0,0.0
0.0,0.999999999999999,0.0,0.0
0.0,0.999999999999999,0.0,0.0
0.0,0.999999999999999,0.0,0.0
0.0,0.999999999999999,0.0,0.0
0.0,0.999999999999999,0.0,0.0
0.0,0.999999999999999,0.0,0.0
0.0,0.999999999999999,0.0,0.0
0.0,0.999999999999999,0.0,0.0
0.0,0.999999999999999,0.0,0.0
0.0,0.999999999999999,0.0,0.0
0.0,0.999999999999999,0.0,0.0
0.0,0.999999999999999,0.0,0.0
0.0,0.999999999999999,0.0,0.0
0.0,0.999999999999999,0.0,0.0
0.0,0.999999999999999,0.0,0.0
0.0,0.999999999999999,0.0,0.0
0.0,0.999999999999999,0.0,0.0
0.0,0.999999999999999,0.0,0.0
0.0,0.999999999999999,0.0,0.0
0.0,0.999999999999999,0.0,0.0
0.0,0.999999999999999,0.0,0.0
0.0,0.999999999999999,0.0,0.0
0.0,0.999999999999999,0.0,0.0
0.0,0.999999999999999,0.0,0.0
0.0,0.999999999999999,0.0,0.0
0.0,0.999999999999999,0.0,0.0
0.0,0.999999999999999,0.0,0.0
0.0,0.999999999999999,0.0,0.0
0.0,0.999999999999999,0.0,0.0
0.0,0.999999999999999,0.0,0.0
0.0,0.999999999999999,0.0,0.0
0.0,0.999999999999999,0.0,0.0
0.0,0.999999999999999,0.0,0.0
0.0,0.999999999999999,0.0,0.0
0.0,0.999999999999999,0.0,0.0
0.0,0.999999999999999,0.0,0.0
0.0,0.999999999999999,0.0,0.0
0.0,0.999999999999999,0.0,0.0
0.0,0.999999999999999,0.0,0.0
0.0,0.999999999999999,0.0,0.0
0.0,0.999999999999999,0.0,0.0
0.0,0.999999999999999,0.0,0.0
0.0,0.999999999999999,0.0,0.0
0.0,0.999999999999999,0.0,0.0
0.0,0.999999999999999,0.0,0.0
0.0,0.999999999999999,0.0,0.0
0.0,0.999999999999999,0.0,0.0
0.0,0.999999999999999,0.0,0.0
0.0,0.999999999999999,0.0,0.0
0.0,0.999999999999999,0.0,0.0
0.0,0.999999999999999,0.0,0.0
0.0,0.999999999999999,0.0,0.0
0.0,0.999999999999999,0.0,0.0
0.0,0.999999999999999,0.0,0.0
0.0,0.999999999999999,0.0,0.0
0.0,0.999999999999999,0.0,0.0
0.0,0.999999999999999,0.0,0.0
0.0,0.999999999999999,0.0,0.0
0.0,0.999999999999999,0.0,0.0
0.0,0.999999999999999,0.0,0.0
0.0,0.999999999999999,0.0,0.0
0.0,0.999999999999999,0.0,0.0
0.0,0.999999999999999,0.0,0.0
0.0,0.999999999999999,0.0,0.0
0.0,0.999999999999999,0.0,0.0
0.0,0.999999999999999,0.0,0.0
0.0,0.999999999999999,0.0,0.0
0.0,0.999999999999999,0.0,0.0
0.0,0.999999999999999,0.0,0.0
0.0,0.999999999999999,0.0,0.0
0.0,0.999999999999999,0.0,0.0
0.0,0.999999999999999,0.0,0.0
0.0,0.999999999999999,0.0,0.0
0.0,0.999999999999999,0.0,0.0
0.0,0.999999999999999,0.0,0.0
0.0,0.999999999999999,0.0,0.0
0.0,0.999999999999999,0.0,0.0
0.0,0.999999999999999,0.0,0.0
0.0,0.999999999999999,0.0,0.0
0.0,0.999999999999999,0.0,0.0
0.0,0.999999999999999,0.0,0.0
0.0,0.999999999999999,0.0,0.0
0.0,0.999999999999999,0.0,0.0
0.0,0.999999999999999,0.0,0.0
0.0,0.999999999999999,0.0,0.0
0.0,0.999999999999999,0.0,0.0
0.0,0.999999999999999,0.0,0.0
0.0,0.999999999999999,0.0,0.0
0.0,0.999999999999999,0.0,0.0
0.0,0.999999999999999,0.0,0.0
0.0,0.999999999999999,0.0,0.0
0.0,0.999999999999999,0.0,0.0
0.0,0.999999999999999,0.0,0.0
0.0,0.999999999999999,0.0,0.0
0.0,0.999999999999999,0.0,0.0
0.0,0.999999999999999,0.0,0.0
0.0,0.999999999999999,0.0,0.0
0.0,0.999999999999999,0.0,0.0
0.0,0.999999999999999,0.0,0.0
0.0,0.999999999999999,0.0,0.0
0.0,0.999999999999999,0.0,0.0
0.0,0.999999999999999,0.0,0.0
0.0,0.999999999999999,0.0,0.0
0.0,0.999999999999999,0.0,0.0
0.0,0.999999999999999,0.0,0.0
0.0,0.999999999999999,0.0,0.0
0.0,0.999999999999999,0.0,0.0
0.0,0.999999999999999,0.0,0.0
0.0,0.999999999999999,0.0,0.0
0.0,0.999999999999999,0.0,0.0
0.0,0.999999999999999,0.0,0.0
0.0,0.999999999999999,0.0,0.0
0.0,0.999999999999999,0.0,0.0
0.0,0.999999999999999,0.0,0.0
0.0,0.999999999999999,0.0,0.0
0.0,0.999999999999999,0.0,0.0
0.0,0.999999999999999,0.0,0.0
0.0,0.999999999999999,0.0,0.0
0.0,0.999999999999999,0.0,0.0
0.0,0.999999999999999,0.0,0.0
0.0,0.999999999999999,0.0,0.0
0.0,0.999999999999999,0.0,0.0
0.0,0.999999999999999,0.0,0.0
0.0,0.999999999999999,0.0,0.0
0.0,0.999999999999999,0.0,0.0
0.0,0.999999999999999,0.0,0.0
0.0,0.999999999999999,0.0,0.0
0.0,0.999999999999999,0.0,0.0
0.0,0.999999999999999,0.0,0.0
0.0,0.999999999999999,0.0,0.0
0.0,0.999999999999999,0.0,0.0
0.0,0.999999999999999,0.0,0.0
0.0,0.999999999999999,0.0,0.0
0.0,0.999999999999999,0.0,0.0
0.0,0.999999999999999,0.0,0.0
0.0,0.999999999999999,0.0,0.0
0.0,0.999999999999999,0.0,0.0
0.0,0.999999999999999,0.0,0.0
0.0,0.999999999999999,0.0,0.0
0.0,0.999999999999999,0.0,0.0
0.0,0.999999999999999,0.0,0.0
0.0,0.999999999999999,0.0,0.0
0.0,0.999999999999999,0.0,0.0
0.0,0.999999999999999,0.0,0.0
0.0,0.999999999999999,0.0,0.0
0.0,0.999999999999999,0.0,0.0
0.0,0.999999999999999,0.0,0.0
0.0,0.999999999999999,0.0,0.0
0.0,0.999999999999999,0.0,0.0
0.0,0.999999999999999,0.0,0.0
0.0,0.999999999999999,0.0,0.0
0.0,0.999999999999999,0.0,0.0
0.0,0.999999999999999,0.0,0.0
0.0,0.999999999999999,0.0,0.0
0.0,0.999999999999999,0.0,0.0
0.0,0.999999999999999,0.0,0.0
0.0,0.999999999999999,0.0,0.0
0.0,0.999999999999999,0.0,0.0
0.0,0.999999999999999,0.0,0.0
0.0,0.999999999999999,0.0,0.0
0.0,0.999999999999999,0.0,0.0
0.0,0.999999999999999,0.0,0.0
0.0,0.999999999999999,0.0,0.0
0.0,0.999999999999999,0.0,0.0
0.0,0.999999999999999,0.0,0.0
0.0,0.999999999999999,0.0,0.0
0.0,0.999999999999999,0.0,0.0
0.0,0.999999999999999,0.0,0.0
0.0,0.999999999999999,0.0,0.0
0.0,0.999999999999999,0.0,0.0
0.0,0.999999999999999,0.0,0.0
0.0,0.999999999999999,0.0,0.0
0.0,0.999999999999999,0.0,0.0
0.0,0.999999999999999,0.0,0.0
0.0,0.999999999999999,0.0,0.0
0.0,0.999999999999999,0.0,0.0
0.0,0.999999999999999,0.0,0.0
0.0,0.999999999999999,0.0,0.0
0.0,0.999999999999999,0.0,0.0
0.0,0.999999999999999,0.0,0.0
0.0,0.999999999999999,0.0,0.0
0.0,0.999999999999999,0.0,0.0
0.0,0.999999999999999,0.0,0.0
0.0,0.999999999999999,0.0,0.0
0.0,0.999999999999999,0.0,0.0
0.0,0.999999999999999,0.0,0.0
0.0,0.999999999999999,0.0,0.0
0.0,0.999999999999999,0.0,0.0
0.0,0.999999999999999,0.0,0.0
0.0,0.999999999999999,0.0,0.0
0.0,0.999999999999999,0.0,0.0
0.0,0.999999999999999,0.0,0.0
0.0,0.999999999999999,0.0,0.0
0.0,0.999999999999999,0.0,0.0
0.0,0.999999999999999,0.0,0.0
0.0,0.999999999999999,0.0,0.0
0.0,0.999999999999999,0.0,0.0
0.0,0.999999999999999,0.0,0.0
0.0,0.999999999999999,0.0,0.0
0.0,0.999999999999999,0.0,0.0
0.0,0.999999999999999,0.0,0.0
0.0,0.999999999999999,0.0,0.0
0.0,0.999999999999999,0.0,0.0
0.0,0.999999999999999,0.0,0.0
0.0,0.999999999999999,0.0,0.0
0.0,0.999999999999999,0.0,0.0
0.0,0.999999999999999,0.0,0.0
0.0,0.999999999999999,0.0,0.0
0.0,0.999999999999999,0.0,0.0
0.0,0.999999999999999,0.0,0.0
0.0,0.999999999999999,0.0,0.0
0.0,0.999999999999999,0.0,0.0
0.0,0.999999999999999,0.0,0.0
0.0,0.999999999999999,0.0,0.0
0.0,0.999999999999999,0.0,0.0
0.0,0.999999999999999,0.0,0.0
0.0,0.999999999999999,0.0,0.0
0.0,0.999999999999999,0.0,0.0
0.0,0.999999999999999,0.0,0.0
0.0,0.999999999999999,0.0,0.0
0.0,0.999999999999999,0.0,0.0
0.0,0.999999999999999,0.0,0.0
0.0,0.999999999999999,0.0,0.0
0.0,0.999999999999999,0.0,0.0
0.0,0.999999999999999,0.0,0.0
0.0,0.999999999999999,0.0,0.0
0.0,0.999999999999999,0.0,0.0
0.0,0.999999999999999,0.0,0.0
0.0,0.999999999999999,0.0,0.0
0.0,0.999999999999999,0.0,0.0
0.0,0.999999999999999,0.0,0.0
0.0,0.999999999999999,0.0,0.0
0.0,0.999999999999999,0.0,0.0
0.0,0.999999999999999,0.0,0.0
0.0,0.999999999999999,0.0,0.0
0.0,0.999999999999999,0.0,0.0
0.0,0.999999999999999,0.0,0.0
0.0,0.999999999999999,0.0,0.0
0.0,0.999999999999999,0.0,0.0
0.0,0.999999999999999,0.0,0.0
0.0,0.999999999999999,0.0,0.0
0.0,0.999999999999999,0.0,0.0
0.0,0.999999999999999,0.0,0.0
0.0,0.999999999999999,0.0,0.0
0.0,0.999999999999999,0.0,0.0
0.0,0.999999999999999,0.0,0.0
0.0,0.999999999999999,0.0,0.0
0.0,0.999999999999999,0.0,0.0
0.0,0.999999999999999,0.0,0.0
0.0,0.999999999999999,0.0,0.0
0.0,0.999999999999999,0.0,0.0
0.0,0.999999999999999,0.0,0.0
0.0,0.999999999999999,0.0,0.0
0.0,0.999999999999999,0.0,0.0
0.0,0.999999999999999,0.0,0.0
0.0,0.999999999999999,0.0,0.0
0.0,0.999999999999999,0.0,0.0
0.0,0.999999999999999,0.0,0.0
0.0,0.999999999999999,0.0,0.0
0.0,0.999999999999999,0.0,0.0
0.0,0.999999999999999,0.0,0.0
0.0,0.999999999999999,0.0,0.0
0.0,0.999999999999999,0.0,0.0
0.0,0.999999999999999,0.0,0.0
0.0,0.999999999999999,0.0,0.0
0.0,0.999999999999999,0.0,0.0
0.0,0.999999999999999,0.0,0.0
0.0,0.999999999999999,0.0,0.0
0.0,0.999999999999999,0.0,0.0
0.0,0.999999999999999,0.0,0.0
0.0,0.999999999999999,0.0,0.0
0.0,0.999999999999999,0.0,0.0
0.0,0.999999999999999,0.0,0.0
0.0,0.999999999999999,0.0,0.0
0.0,0.999999999999999,0.0,0.0
0.0,0.999999999999999,0.0,0.0
0.0,0.999999999999999,0.0,0.0
0.0,0.999999999999999,0.0,0.0
0.0,0.999999999999999,0.0,0.0
0.0,0.999999999999999,0.0,0.0
0.0,0.999999999999999,0.0,0.0
0.0,0.999999999999999,0.0,0.0
0.0,0.999999999999999,0.0,0.0
0.0,0.999999999999999,0.0,0.0
0.0,0.999999999999999,0.0,0.0
0.0,0.999999999999999,0.0,0.0
0.0,0.999999999999999,0.0,0.0
0.0,0.999999999999999,0.0,0.0
0.0,0.999999999999999,0.0,0.0
0.0,0.999999999999999,0.0,0.0
0.0,0.999999999999999,0.0,0.0
0.0,0.999999999999999,0.0,0.0
0.0,0.999999999999999,0.0,0.0
0.0,0.999999999999999,0.0,0.0
0.0,0.999999999999999,0.0,0.0
0.0,0.999999999999999,0.0,0.0
0.0,0.999999999999999,0.0,0.0
0.0,0.999999999999999,0.0,0.0
0.0,0.999999999999999,0.0,0.0
0.0,0.999999999999999,0.0,0.0
0.0,0.999999999999999,0.0,0.0
0.0,0.999999999999999,0.0,0.0
0.0,0.999999999999999,0.0,0.0
0.0,0.999999999999999,0.0,0.0
0.0,0.999999999999999,0.0,0.0
0.0,0.999999999999999,0.0,0.0
0.0,0.999999999999999,0.0,0.0
0.0,0.999999999999999,0.0,0.0
0.0,0.999999999999999,0.0,0.0
0.0,0.999999999999999,0.0,0.0
0.0,0.999999999999999,0.0,0.0
0.0,0.999999999999999,0.0,0.0
0.0,0.999999999999999,0.0,0.0
0.0,0.999999999999999,0.0,0.0
0.0,0.999999999999999,0.0,0.0
0.0,0.999999999999999,0.0,0.0
0.0,0.999999999999999,0.0,0.0
0.0,0.999999999999999,0.0,0.0
0.0,0.999999999999999,0.0,0.0
0.0,0.999999999999999,0.0,0.0
0.0,0.999999999999999,0.0,0.0
0.0,0.999999999999999,0.0,0.0
0.0,0.999999999999999,0.0,0.0
0.0,0.999999999999999,0.0,0.0
0.0,0.999999999999999,0.0,0.0
0.0,0.999999999999999,0.0,0.0
0.0,0.999999999999999,0.0,0.0
0.0,0.999999999999999,0.0,0.0
0.0,0.999999999999999,0.0,0.0
0.0,0.999999999999999,0.0,0.0
0.0,0.999999999999999,0.0,0.0
0.0,0.999999999999999,0.0,0.0
0.0,0.999999999999999,0.0,0.0
0.0,0.999999999999999,0.0,0.0
0.0,0.999999999999999,0.0,0.0
0.0,0.999999999999999,0.0,0.0
0.0,0.999999999999999,0.0,0.0
0.0,0.999999999999999,0.0,0.0
0.0,0.999999999999999,0.0,0.0
0.0,0.999999999999999,0.0,0.0
0.0,0.999999999999999,0.0,0.0
0.0,0.999999999999999,0.0,0.0
0.0,0.999999999999999,0.0,0.0
0.0,0.999999999999999,0.0,0.0
0.0,0.999999999999999,0.0,0.0
0.0,0.999999999999999,0.0,0.0
0.0,0.999999999999999,0.0,0.0
0.0,0.999999999999999,0.0,0.0
0.0,0.999999999999999,0.0,0.0
0.0,0.999999999999999,0.0,0.0
0.0,0.999999999999999,0.0,0.0
0.0,0.999999999999999,0.0,0.0
0.0,0.999999999999999,0.0,0.0
0.0,0.999999999999999,0.0,0.0
0.0,0.999999999999999,0.0,0.0
0.0,0.999999999999999,0.0,0.0
0.0,0.999999999999999,0.0,0.0
0.0,0.999999999999999,0.0,0.0
0.0,0.999999999999999,0.0,0.0
0.0,0.999999999999999,0.0,0.0
0.0,0.999999999999999,0.0,0.0
0.0,0.999999999999999,0.0,0.0
0.0,0.999999999999999,0.0,0.0
0.0,0.999999999999999,0.0,0.0
0.0,0.999999999999999,0.0,0.0
0.0,0.999999999999999,0.0,0.0
0.0,0.999999999999999,0.0,0.0
0.0,0.999999999999999,0.0,0.0
0.0,0.999999999999999,0.0,0.0
0.0,0.999999999999999,0.0,0.0
0.0,0.999999999999999,0.0,0.0
0.0,0.999999999999999,0.0,0.0
0.0,0.999999999999999,0.0,0.0
0.0,0.999999999999999,0.0,0.0
0.0,0.999999999999999,0.0,0.0
0.0,0.999999999999999,0.0,0.0
0.0,0.999999999999999,0.0,0.0
0.0,0.999999999999999,0.0,0.0
0.0,0.999999999999999,0.0,0.0
0.0,0.999999999999999,0.0,0.0
0.0,0.999999999999999,0.0,0.0
0.0,0.999999999999999,0.0,0.0
0.0,0.999999999999999,0.0,0.0
0.0,0.999999999999999,0.0,0.0
0.0,0.999999999999999,0.0,0.0
0.0,0.999999999999999,0.0,0.0
0.0,0.999999999999999,0.0,0.0
0.0,0.999999999999999,0.0,0.0
0.0,0.999999999999999,0.0,0.0
0.0,0.999999999999999,0.0,0.0
0.0,0.999999999999999,0.0,0.0
0.0,0.999999999999999,0.0,0.0
0.0,0.999999999999999,0.0,0.0
0.0,0.999999999999999,0.0,0.0
0.0,0.999999999999999,0.0,0.0
0.0,0.999999999999999,0.0,0.0
0.0,0.999999999999999,0.0,0.0
0.0,0.999999999999999,0.0,0.0
0.0,0.999999999999999,0.0,0.0
0.0,0.999999999999999,0.0,0.0
0.0,0.999999999999999,0.0,0.0
0.0,0.999999999999999,0.0,0.0
0.0,0.999999999999999,0.0,0.0
0.0,0.999999999999999,0.0,0.0
0.0,0.999999999999999,0.0,0.0
0.0,0.999999999999999,0.0,0.0
0.0,0.999999999999999,0.0,0.0
0.0,0.999999999999999,0.0,0.0
0.0,0.999999999999999,0.0,0.0
0.0,0.999999999999999,0.0,0.0
0.0,0.999999999999999,0.0,0.0
0.0,0.999999999999999,0.0,0.0
0.0,0.999999999999999,0.0,0.0
0.0,0.999999999999999,0.0,0.0
0.0,0.999999999999999,0.0,0.0
0.0,0.999999999999999,0.0,0.0
0.0,0.999999999999999,0.0,0.0
0.0,0.999999999999999,0.0,0.0
0.0,0.999999999999999,0.0,0.0
0.0,0.999999999999999,0.0,0.0
0.0,0.999999999999999,0.0,0.0
0.0,0.999999999999999,0.0,0.0
0.0,0.999999999999999,0.0,0.0
0.0,0.999999999999999,0.0,0.0
0.0,0.999999999999999,0.0,0.0
0.0,0.999999999999999,0.0,0.0
0.0,0.999999999999999,0.0,0.0
0.0,0.999999999999999,0.0,0.0
0.0,0.999999999999999,0.0,0.0
0.0,0.999999999999999,0.0,0.0
0.0,0.999999999999999,0.0,0.0
0.0,0.999999999999999,0.0,0.0
0.0,0.999999999999999,0.0,0.0
0.0,0.999999999999999,0.0,0.0
0.0,0.999999999999999,0.0,0.0
0.0,0.999999999999999,0.0,0.0
0.0,0.999999999999999,0.0,0.0
0.0,0.999999999999999,0.0,0.0
0.0,0.999999999999999,0.0,0.0
0.0,0.999999999999999,0.0,0.0
0.0,0.999999999999999,0.0,0.0
0.0,0.999999999999999,0.0,0.0
0.0,0.999999999999999,0.0,0.0
0.0,0.999999999999999,0.0,0.0
0.0,0.999999999999999,0.0,0.0
0.0,0.999999999999999,0.0,0.0
0.0,0.999999999999999,0.0,0.0
0.0,0.999999999999999,0.0,0.0
0.0,0.999999999999999,0.0,0.0
0.0,0.999999999999999,0.0,0.0
0.0,0.999999999999999,0.0,0.0
0.0,0.999999999999999,0.0,0.0
0.0,0.999999999999999,0.0,0.0
0.0,0.999999999999999,0.0,0.0
0.0,0.999999999999999,0.0,0.0
0.0,0.999999999999999,0.0,0.0
0.0,0.999999999999999,0.0,0.0
0.0,0.999999999999999,0.0,0.0
0.0,0.999999999999999,0.0,0.0
0.0,0.999999999999999,0.0,0.0
0.0,0.999999999999999,0.0,0.0
0.0,0.999999999999999,0.0,0.0
0.0,0.999999999999999,0.0,0.0
0.0,0.999999999999999,0.0,0.0
0.0,0.999999999999999,0.0,0.0
0.0,0.999999999999999,0.0,0.0
0.0,0.999999999999999,0.0,0.0
0.0,0.999999999999999,0.0,0.0
0.0,0.999999999999999,0.0,0.0
0.0,0.999999999999999,0.0,0.0
0.0,0.999999999999999,0.0,0.0
0.0,0.999999999999999,0.0,0.0
0.0,0.999999999999999,0.0,0.0
0.0,0.999999999999999,0.0,0.0
0.0,0.999999999999999,0.0,0.0
0.0,0.999999999999999,0.0,0.0
0.0,0.999999999999999,0.0,0.0
0.0,0.999999999999999,0.0,0.0
0.0,0.999999999999999,0.0,0.0
0.0,0.999999999999999,0.0,0.0
0.0,0.999999999999999,0.0,0.0
0.0,0.999999999999999,0.0,0.0
0.0,0.999999999999999,0.0,0.0
0.0,0.999999999999999,0.0,0.0
0.0,0.999999999999999,0.0,0.0
0.0,0.999999999999999,0.0,0.0
0.0,0.999999999999999,0.0,0.0
0.0,0.999999999999999,0.0,0.0
0.0,0.999999999999999,0.0,0.0
0.0,0.999999999999999,0.0,0.0
0.0,0.999999999999999,0.0,0.0
0.0,0.999999999999999,0.0,0.0
0.0,0.999999999999999,0.0,0.0
0.0,0.999999999999999,0.0,0.0
0.0,0.999999999999999,0.0,0.0
0.0,0.999999999999999,0.0,0.0
0.0,0.999999999999999,0.0,0.0
0.0,0.999999999999999,0.0,0.0
0.0,0.999999999999999,0.0,0.0
0.0,0.999999999999999,0.0,0.0
0.0,0.999999999999999,0.0,0.0
0.0,0.999999999999999,0.0,0.0
0.0,0.999999999999999,0.0,0.0
0.0,0.999999999999999,0.0,0.0
0.0,0.999999999999999,0.0,0.0
0.0,0.999999999999999,0.0,0.0
0.0,0.999999999999999,0.0,0.0
0.0,0.999999999999999,0.0,0.0
0.0,0.999999999999999,0.0,0.0
0.0,0.999999999999999,0.0,0.0
0.0,0.999999999999999,0.0,0.0
0.0,0.999999999999999,0.0,0.0
0.0,0.999999999999999,0.0,0.0
0.0,0.999999999999999,0.0,0.0
0.0,0.999999999999999,0.0,0.0
0.0,0.999999999999999,0.0,0.0
0.0,0.999999999999999,0.0,0.0
0.0,0.999999999999999,0.0,0.0
0.0,0.999999999999999,0.0,0.0
0.0,0.999999999999999,0.0,0.0
0.0,0.999999999999999,0.0,0.0
0.0,0.999999999999999,0.0,0.0
0.0,0.999999999999999,0.0,0.0
0.0,0.999999999999999,0.0,0.0
0.0,0.999999999999999,0.0,0.0
0.0,0.999999999999999,0.0,0.0
0.0,0.999999999999999,0.0,0.0
0.0,0.999999999999999,0.0,0.0
0.0,0.999999999999999,0.0,0.0
0.0,0.999999999999999,0.0,0.0
0.0,0.999999999999999,0.0,0.0
0.0,0.999999999999999,0.0,0.0
0.0,0.999999999999999,0.0,0.0
0.0,0.999999999999999,0.0,0.0
0.0,0.999999999999999,0.0,0.0
0.0,0.999999999999999,0.0,0.0
0.0,0.999999999999999,0.0,0.0
0.0,0.999999999999999,0.0,0.0
0.0,0.999999999999999,0.0,0.0
0.0,0.999999999999999,0.0,0.0
0.0,0.999999999999999,0.0,0.0
0.0,0.999999999999999,0.0,0.0
0.0,0.999999999999999,0.0,0.0
0.0,0.999999999999999,0.0,0.0
0.0,0.999999999999999,0.0,0.0
0.0,0.999999999999999,0.0,0.0
0.0,0.999999999999999,0.0,0.0
0.0,0.999999999999999,0.0,0.0
0.0,0.999999999999999,0.0,0.0
0.0,0.999999999999999,0.0,0.0
0.0,0.999999999999999,0.0,0.0
0.0,0.999999999999999,0.0,0.0
0.0,0.999999999999999,0.0,0.0
0.0,0.999999999999999,0.0,0.0
0.0,0.999999999999999,0.0,0.0
0.0,0.999999999999999,0.0,0.0
0.0,0.999999999999999,0.0,0.0
0.0,0.999999999999999,0.0,0.0
0.0,0.999999999999999,0.0,0.0
0.0,0.999999999999999,0.0,0.0
0.0,0.999999999999999,0.0,0.0
0.0,0.999999999999999,0.0,0.0
0.0,0.999999999999999,0.0,0.0
0.0,0.999999999999999,0.0,0.0
0.0,0.999999999999999,0.0,0.0
0.0,0.999999999999999,0.0,0.0
0.0,0.999999999999999,0.0,0.0
0.0,0.999999999999999,0.0,0.0
0.0,0.999999999999999,0.0,0.0
0.0,0.999999999999999,0.0,0.0
0.0,0.999999999999999,0.0,0.0
0.0,0.999999999999999,0.0,0.0
0.0,0.999999999999999,0.0,0.0
0.0,0.999999999999999,0.0,0.0
0.0,0.999999999999999,0.0,0.0
0.0,0.999999999999999,0.0,0.0
0.0,0.999999999999999,0.0,0.0
0.0,0.999999999999999,0.0,0.0
0.0,0.999999999999999,0.0,0.0
0.0,0.999999999999999,0.0,0.0
0.0,0.999999999999999,0.0,0.0
0.0,0.999999999999999,0.0,0.0
0.0,0.999999999999999,0.0,0.0
0.0,0.999999999999999,0.0,0.0
0.0,0.999999999999999,0.0,0.0
0.0,0.999999999999999,0.0,0.0
0.0,0.999999999999999,0.0,0.0
0.0,0.999999999999999,0.0,0.0
0.0,0.999999999999999,0.0,0.0
0.0,0.999999999999999,0.0,0.0
0.0,0.999999999999999,0.0,0.0
0.0,0.999999999999999,0.0,0.0
0.0,0.999999999999999,0.0,0.0
0.0,0.999999999999999,0.0,0.0
0.0,0.999999999999999,0.0,0.0
0.0,0.999999999999999,0.0,0.0
0.0,0.999999999999999,0.0,0.0
0.0,0.999999999999999,0.0,0.0
0.0,0.999999999999999,0.0,0.0
0.0,0.999999999999999,0.0,0.0
0.0,0.999999999999999,0.0,0.0
0.0,0.999999999999999,0.0,0.0
0.0,0.999999999999999,0.0,0.0
0.0,0.999999999999999,0.0,0.0
0.0,0.999999999999999,0.0,0.0
0.0,0.999999999999999,0.0,0.0
0.0,0.999999999999999,0.0,0.0
0.0,0.999999999999999,0.0,0.0
0.0,0.999999999999999,0.0,0.0
0.0,0.999999999999999,0.0,0.0
0.0,0.999999999999999,0.0,0.0
0.0,0.999999999999999,0.0,0.0
0.0,0.999999999999999,0.0,0.0
0.0,0.999999999999999,0.0,0.0
0.0,0.999999999999999,0.0,0.0
0.0,0.999999999999999,0.0,0.0
0.0,0.999999999999999,0.0,0.0
0.0,0.999999999999999,0.0,0.0
0.0,0.999999999999999,0.0,0.0
0.0,0.999999999999999,0.0,0.0
0.0,0.999999999999999,0.0,0.0
0.0,0.999999999999999,0.0,0.0
0.0,0.999999999999999,0.0,0.0
0.0,0.999999999999999,0.0,0.0
0.0,0.999999999999999,0.0,0.0
0.0,0.999999999999999,0.0,0.0
0.0,0.999999999999999,0.0,0.0
0.0,0.999999999999999,0.0,0.0
0.0,0.999999999999999,0.0,0.0
0.0,0.999999999999999,0.0,0.0
0.0,0.999999999999999,0.0,0.0
0.0,0.999999999999999,0.0,0.0
0.0,0.999999999999999,0.0,0.0
0.0,0.999999999999999,0.0,0.0
0.0,0.999999999999999,0.0,0.0
0.0,0.999999999999999,0.0,0.0
0.0,0.999999999999999,0.0,0.0
0.0,0.999999999999999,0.0,0.0
0.0,0.999999999999999,0.0,0.0
0.0,0.999999999999999,0.0,0.0
0.0,0.999999999999999,0.0,0.0
0.0,0.999999999999999,0.0,0.0
0.0,0.999999999999999,0.0,0.0
0.0,0.999999999999999,0.0,0.0
0.0,0.999999999999999,0.0,0.0
0.0,0.999999999999999,0.0,0.0
0.0,0.999999999999999,0.0,0.0
0.0,0.999999999999999,0.0,0.0
0.0,0.999999999999999,0.0,0.0
0.0,0.999999999999999,0.0,0.0
0.0,0.999999999999999,0.0,0.0
0.0,0.999999999999999,0.0,0.0
0.0,0.999999999999999,0.0,0.0
0.0,0.999999999999999,0.0,0.0
0.0,0.999999999999999,0.0,0.0
0.0,0.999999999999999,0.0,0.0
0.0,0.999999999999999,0.0,0.0
0.0,0.999999999999999,0.0,0.0
0.0,0.999999999999999,0.0,0.0
0.0,0.999999999999999,0.0,0.0
0.0,0.999999999999999,0.0,0.0
0.0,0.999999999999999,0.0,0.0
0.0,0.999999999999999,0.0,0.0
0.0,0.999999999999999,0.0,0.0
0.0,0.999999999999999,0.0,0.0
0.0,0.999999999999999,0.0,0.0
0.0,0.999999999999999,0.0,0.0
0.0,0.999999999999999,0.0,0.0
0.0,0.999999999999999,0.0,0.0
0.0,0.999999999999999,0.0,0.0
0.0,0.999999999999999,0.0,0.0
0.0,0.999999999999999,0.0,0.0
0.0,0.999999999999999,0.0,0.0
0.0,0.999999999999999,0.0,0.0
0.0,0.999999999999999,0.0,0.0
0.0,0.999999999999999,0.0,0.0
0.0,0.999999999999999,0.0,0.0
0.0,0.999999999999999,0.0,0.0
0.0,0.999999999999999,0.0,0.0
0.0,0.999999999999999,0.0,0.0
0.0,0.999999999999999,0.0,0.0
0.0,0.999999999999999,0.0,0.0
0.0,0.999999999999999,0.0,0.0
0.0,0.999999999999999,0.0,0.0
0.0,0.999999999999999,0.0,0.0
0.0,0.999999999999999,0.0,0.0
0.0,0.999999999999999,0.0,0.0
0.0,0.999999999999999,0.0,0.0
0.0,0.999999999999999,0.0,0.0
0.0,0.999999999999999,0.0,0.0
0.0,0.999999999999999,0.0,0.0
0.0,0.999999999999999,0.0,0.0
0.0,0.999999999999999,0.0,0.0
0.0,0.999999999999999,0.0,0.0
0.0,0.999999999999999,0.0,0.0
0.0,0.999999999999999,0.0,0.0
0.0,0.999999999999999,0.0,0.0
0.0,0.999999999999999,0.0,0.0
0.0,0.999999999999999,0.0,0.0
0.0,0.999999999999999,0.0,0.0
0.0,0.999999999999999,0.0,0.0
0.0,0.999999999999999,0.0,0.0
0.0,0.999999999999999,0.0,0.0
0.0,0.999999999999999,0.0,0.0
0.0,0.999999999999999,0.0,0.0
0.0,0.999999999999999,0.0,0.0
0.0,0.999999999999999,0.0,0.0
0.0,0.999999999999999,0.0,0.0
0.0,0.999999999999999,0.0,0.0
0.0,0.999999999999999,0.0,0.0
0.0,0.999999999999999,0.0,0.0
0.0,0.999999999999999,0.0,0.0
0.0,0.999999999999999,0.0,0.0
0.0,0.999999999999999,0.0,0.0
0.0,0.999999999999999,0.0,0.0
0.0,0.999999999999999,0.0,0.0
0.0,0.999999999999999,0.0,0.0
0.0,0.999999999999999,0.0,0.0
0.0,0.999999999999999,0.0,0.0
0.0,0.999999999999999,0.0,0.0
0.0,0.999999999999999,0.0,0.0
0.0,0.999999999999999,0.0,0.0
0.0,0.999999999999999,0.0,0.0
0.0,0.999999999999999,0.0,0.0
0.0,0.999999999999999,0.0,0.0
0.0,0.999999999999999,0.0,0.0
0.0,0.999999999999999,0.0,0.0
0.0,0.999999999999999,0.0,0.0
0.0,0.999999999999999,0.0,0.0
0.0,0.999999999999999,0.0,0.0
0.0,0.999999999999999,0.0,0.0
0.0,0.999999999999999,0.0,0.0
0.0,0.999999999999999,0.0,0.0
0.0,0.999999999999999,0.0,0.0
0.0,0.999999999999999,0.0,0.0
0.0,0.999999999999999,0.0,0.0
0.0,0.999999999999999,0.0,0.0
0.0,0.999999999999999,0.0,0.0
0.0,0.999999999999999,0.0,0.0
0.0,0.999999999999999,0.0,0.0
0.0,0.999999999999999,0.0,0.0
0.0,0.999999999999999,0.0,0.0
0.0,0.999999999999999,0.0,0.0
0.0,0.999999999999999,0.0,0.0
0.0,0.999999999999999,0.0,0.0
0.0,0.999999999999999,0.0,0.0
0.0,0.999999999999999,0.0,0.0
0.0,0.999999999999999,0.0,0.0
0.0,0.999999999999999,0.0,0.0
0.0,0.999999999999999,0.0,0.0
0.0,0.999999999999999,0.0,0.0
0.0,0.999999999999999,0.0,0.0
0.0,0.999999999999999,0.0,0.0
0.0,0.999999999999999,0.0,0.0
0.0,0.999999999999999,0.0,0.0
0.0,0.999999999999999,0.0,0.0
0.0,0.999999999999999,0.0,0.0
0.0,0.999999999999999,0.0,0.0
0.0,0.999999999999999,0.0,0.0
0.0,0.999999999999999,0.0,0.0
0.0,0.999999999999999,0.0,0.0
0.0,0.999999999999999,0.0,0.0
0.0,0.999999999999999,0.0,0.0
0.0,0.999999999999999,0.0,0.0
0.0,0.999999999999999,0.0,0.0
0.0,0.999999999999999,0.0,0.0
0.0,0.999999999999999,0.0,0.0
0.0,0.999999999999999,0.0,0.0
0.0,0.999999999999999,0.0,0.0
0.0,0.999999999999999,0.0,0.0
0.0,0.999999999999999,0.0,0.0
0.0,0.999999999999999,0.0,0.0
0.0,0.999999999999999,0.0,0.0
0.0,0.999999999999999,0.0,0.0
0.0,0.999999999999999,0.0,0.0
0.0,0.999999999999999,0.0,0.0
0.0,0.999999999999999,0.0,0.0
0.0,0.999999999999999,0.0,0.0
0.0,0.999999999999999,0.0,0.0
0.0,0.999999999999999,0.0,0.0
0.0,0.999999999999999,0.0,0.0
0.0,0.999999999999999,0.0,0.0
0.0,0.999999999999999,0.0,0.0
0.0,0.999999999999999,0.0,0.0
0.0,0.999999999999999,0.0,0.0
0.0,0.999999999999999,0.0,0.0
0.0,0.999999999999999,0.0,0.0
0.0,0.999999999999999,0.0,0.0
0.0,0.999999999999999,0.0,0.0
0.0,0.999999999999999,0.0,0.0
0.0,0.999999999999999,0.0,0.0
0.0,0.999999999999999,0.0,0.0
0.0,0.999999999999999,0.0,0.0
0.0,0.999999999999999,0.0,0.0
0.0,0.999999999999999,0.0,0.0
0.0,0.999999999999999,0.0,0.0
0.0,0.999999999999999,0.0,0.0
0.0,0.999999999999999,0.0,0.0
0.0,0.999999999999999,0.0,0.0
0.0,0.999999999999999,0.0,0.0
0.0,0.999999999999999,0.0,0.0
0.0,0.999999999999999,0.0,0.0
0.0,0.999999999999999,0.0,0.0
0.0,0.999999999999999,0.0,0.0
0.0,0.999999999999999,0.0,0.0
0.0,0.999999999999999,0.0,0.0
0.0,0.999999999999999,0.0,0.0
0.0,0.999999999999999,0.0,0.0
0.0,0.999999999999999,0.0,0.0
0.0,0.999999999999999,0.0,0.0
0.0,0.999999999999999,0.0,0.0
0.0,0.999999999999999,0.0,0.0
0.0,0.999999999999999,0.0,0.0
0.0,0.999999999999999,0.0,0.0
0.0,0.999999999999999,0.0,0.0
0.0,0.999999999999999,0.0,0.0
0.0,0.999999999999999,0.0,0.0
0.0,0.999999999999999,0.0,0.0
0.0,0.999999999999999,0.0,0.0
0.0,0.999999999999999,0.0,0.0
0.0,0.999999999999999,0.0,0.0
0.0,0.999999999999999,0.0,0.0
0.0,0.999999999999999,0.0,0.0
0.0,0.999999999999999,0.0,0.0
0.0,0.999999999999999,0.0,0.0
0.0,0.999999999999999,0.0,0.0
0.0,0.999999999999999,0.0,0.0
0.0,0.999999999999999,0.0,0.0
0.0,0.999999999999999,0.0,0.0
0.0,0.999999999999999,0.0,0.0
0.0,0.999999999999999,0.0,0.0
0.0,0.999999999999999,0.0,0.0
0.0,0.999999999999999,0.0,0.0
0.0,0.999999999999999,0.0,0.0
0.0,0.999999999999999,0.0,0.0
0.0,0.999999999999999,0.0,0.0
0.0,0.999999999999999,0.0,0.0
0.0,0.999999999999999,0.0,0.0
0.0,0.999999999999999,0.0,0.0
0.0,0.999999999999999,0.0,0.0
0.0,0.999999999999999,0.0,0.0
0.0,0.999999999999999,0.0,0.0
0.0,0.999999999999999,0.0,0.0
0.0,0.999999999999999,0.0,0.0
0.0,0.999999999999999,0.0,0.0
0.0,0.999999999999999,0.0,0.0
0.0,0.999999999999999,0.0,0.0
0.0,0.999999999999999,0.0,0.0
0.0,0.999999999999999,0.0,0.0
0.0,0.999999999999999,0.0,0.0
0.0,0.999999999999999,0.0,0.0
0.0,0.999999999999999,0.0,0.0
0.0,0.999999999999999,0.0,0.0
0.0,0.999999999999999,0.0,0.0
0.0,0.999999999999999,0.0,0.0
0.0,0.999999999999999,0.0,0.0
0.0,0.999999999999999,0.0,0.0
0.0,0.999999999999999,0.0,0.0
0.0,0.999999999999999,0.0,0.0
0.0,0.999999999999999,0.0,0.0
0.0,0.999999999999999,0.0,0.0
0.0,0.999999999999999,0.0,0.0
0.0,0.999999999999999,0.0,0.0
0.0,0.999999999999999,0.0,0.0
0.0,0.999999999999999,0.0,0.0
0.0,0.999999999999999,0.0,0.0
0.0,0.999999999999999,0.0,0.0
0.0,0.999999999999999,0.0,0.0
0.0,0.999999999999999,0.0,0.0
0.0,0.999999999999999,0.0,0.0
0.0,0.999999999999999,0.0,0.0
0.0,0.999999999999999,0.0,0.0
0.0,0.999999999999999,0.0,0.0
0.0,0.999999999999999,0.0,0.0
0.0,0.999999999999999,0.0,0.0
0.0,0.999999999999999,0.0,0.0
0.0,0.999999999999999,0.0,0.0
0.0,0.999999999999999,0.0,0.0
0.0,0.999999999999999,0.0,0.0
0.0,0.999999999999999,0.0,0.0
0.0,0.999999999999999,0.0,0.0
0.0,0.999999999999999,0.0,0.0
0.0,0.999999999999999,0.0,0.0
0.0,0.999999999999999,0.0,0.0
0.0,0.999999999999999,0.0,0.0
0.0,0.999999999999999,0.0,0.0
0.0,0.999999999999999,0.0,0.0
0.0,0.999999999999999,0.0,0.0
0.0,0.999999999999999,0.0,0.0
0.0,0.999999999999999,0.0,0.0
0.0,0.999999999999999,0.0,0.0
0.0,0.999999999999999,0.0,0.0
0.0,0.999999999999999,0.0,0.0
0.0,0.999999999999999,0.0,0.0
0.0,0.999999999999999,0.0,0.0
0.0,0.999999999999999,0.0,0.0
0.0,0.999999999999999,0.0,0.0
0.0,0.999999999999999,0.0,0.0
0.0,0.999999999999999,0.0,0.0
0.0,0.999999999999999,0.0,0.0
0.0,0.999999999999999,0.0,0.0
0.0,0.999999999999999,0.0,0.0
0.0,0.999999999999999,0.0,0.0
0.0,0.999999999999999,0.0,0.0
0.0,0.999999999999999,0.0,0.0
0.0,0.999999999999999,0.0,0.0
0.0,0.999999999999999,0.0,0.0
0.0,0.999999999999999,0.0,0.0
0.0,0.999999999999999,0.0,0.0
0.0,0.999999999999999,0.0,0.0
0.0,0.999999999999999,0.0,0.0
0.0,0.999999999999999,0.0,0.0
0.0,0.999999999999999,0.0,0.0
0.0,0.999999999999999,0.0,0.0
0.0,0.999999999999999,0.0,0.0
0.0,0.999999999999999,0.0,0.0
0.0,0.999999999999999,0.0,0.0
0.0,0.999999999999999,0.0,0.0
0.0,0.999999999999999,0.0,0.0
0.0,0.999999999999999,0.0,0.0
0.0,0.999999999999999,0.0,0.0
0.0,0.999999999999999,0.0,0.0
0.0,0.999999999999999,0.0,0.0
0.0,0.999999999999999,0.0,0.0
0.0,0.999999999999999,0.0,0.0
0.0,0.999999999999999,0.0,0.0
0.0,0.999999999999999,0.0,0.0
0.0,0.999999999999999,0.0,0.0
0.0,0.999999999999999,0.0,0.0
0.0,0.999999999999999,0.0,0.0
0.0,0.999999999999999,0.0,0.0
0.0,0.999999999999999,0.0,0.0
0.0,0.999999999999999,0.0,0.0
0.0,0.999999999999999,0.0,0.0
0.0,0.999999999999999,0.0,0.0
0.0,0.999999999999999,0.0,0.0
0.0,0.999999999999999,0.0,0.0
0.0,0.999999999999999,0.0,0.0
0.0,0.999999999999999,0.0,0.0
0.0,0.999999999999999,0.0,0.0
0.0,0.999999999999999,0.0,0.0
0.0,0.999999999999999,0.0,0.0
0.0,0.999999999999999,0.0,0.0
0.0,0.999999999999999,0.0,0.0
0.0,0.999999999999999,0.0,0.0
0.0,0.999999999999999,0.0,0.0
0.0,0.999999999999999,0.0,0.0
0.0,0.999999999999999,0.0,0.0
0.0,0.999999999999999,0.0,0.0
0.0,0.999999999999999,0.0,0.0
0.0,0.999999999999999,0.0,0.0
0.0,0.999999999999999,0.0,0.0
0.0,0.999999999999999,0.0,0.0
0.0,0.999999999999999,0.0,0.0
0.0,0.999999999999999,0.0,0.0
0.0,0.999999999999999,0.0,0.0
0.0,0.999999999999999,0.0,0.0
0.0,0.999999999999999,0.0,0.0
0.0,0.999999999999999,0.0,0.0
0.0,0.999999999999999,0.0,0.0
0.0,0.999999999999999,0.0,0.0
0.0,0.999999999999999,0.0,0.0
0.0,0.999999999999999,0.0,0.0
0.0,0.999999999999999,0.0,0.0
0.0,0.999999999999999,0.0,0.0
0.0,0.999999999999999,0.0,0.0
0.0,0.999999999999999,0.0,0.0
0.0,0.999999999999999,0.0,0.0
0.0,0.999999999999999,0.0,0.0
0.0,0.999999999999999,0.0,0.0
0.0,0.999999999999999,0.0,0.0
0.0,0.999999999999999,0.0,0.0
0.0,0.999999999999999,0.0,0.0
0.0,0.999999999999999,0.0,0.0
0.0,0.999999999999999,0.0,0.0
0.0,0.999999999999999,0.0,0.0
0.0,0.999999999999999,0.0,0.0
0.0,0.999999999999999,0.0,0.0
0.0,0.999999999999999,0.0,0.0
0.0,0.999999999999999,0.0,0.0
0.0,0.999999999999999,0.0,0.0
0.0,0.999999999999999,0.0,0.0
0.0,0.999999999999999,0.0,0.0
0.0,0.999999999999999,0.0,0.0
0.0,0.999999999999999,0.0,0.0
0.0,0.999999999999999,0.0,0.0
0.0,0.999999999999999,0.0,0.0
0.0,0.999999999999999,0.0,0.0
0.0,0.999999999999999,0.0,0.0
0.0,0.999999999999999,0.0,0.0
0.0,0.999999999999999,0.0,0.0
0.0,0.999999999999999,0.0,0.0
0.0,0.999999999999999,0.0,0.0
0.0,0.999999999999999,0.0,0.0
0.0,0.999999999999999,0.0,0.0
0.0,0.999999999999999,0.0,0.0
0.0,0.999999999999999,0.0,0.0
0.0,0.999999999999999,0.0,0.0
0.0,0.999999999999999,0.0,0.0
0.0,0.999999999999999,0.0,0.0
0.0,0.999999999999999,0.0,0.0
0.0,0.999999999999999,0.0,0.0
0.0,0.999999999999999,0.0,0.0
0.0,0.999999999999999,0.0,0.0
0.0,0.999999999999999,0.0,0.0
0.0,0.999999999999999,0.0,0.0
0.0,0.999999999999999,0.0,0.0
0.0,0.999999999999999,0.0,0.0
0.0,0.999999999999999,0.0,0.0
0.0,0.999999999999999,0.0,0.0
0.0,0.999999999999999,0.0,0.0
0.0,0.999999999999999,0.0,0.0
0.0,0.999999999999999,0.0,0.0
0.0,0.999999999999999,0.0,0.0
0.0,0.999999999999999,0.0,0.0
0.0,0.999999999999999,0.0,0.0
0.0,0.999999999999999,0.0,0.0
0.0,0.999999999999999,0.0,0.0
0.0,0.999999999999999,0.0,0.0
0.0,0.999999999999999,0.0,0.0
0.0,0.999999999999999,0.0,0.0
0.0,0.999999999999999,0.0,0.0
0.0,0.999999999999999,0.0,0.0
0.0,0.999999999999999,0.0,0.0
0.0,0.999999999999999,0.0,0.0
0.0,0.999999999999999,0.0,0.0
0.0,0.999999999999999,0.0,0.0
0.0,0.999999999999999,0.0,0.0
0.0,0.999999999999999,0.0,0.0
0.0,0.999999999999999,0.0,0.0
0.0,0.999999999999999,0.0,0.0
0.0,0.999999999999999,0.0,0.0
0.0,0.999999999999999,0.0,0.0
0.0,0.999999999999999,0.0,0.0
0.0,0.999999999999999,0.0,0.0
0.0,0.999999999999999,0.0,0.0
0.0,0.999999999999999,0.0,0.0
0.0,0.999999999999999,0.0,0.0
0.0,0.999999999999999,0.0,0.0
0.0,0.999999999999999,0.0,0.0
0.0,0.999999999999999,0.0,0.0
0.0,0.999999999999999,0.0,0.0
0.0,0.999999999999999,0.0,0.0
0.0,0.999999999999999,0.0,0.0
0.0,0.999999999999999,0.0,0.0
0.0,0.999999999999999,0.0,0.0
0.0,0.999999999999999,0.0,0.0
0.0,0.999999999999999,0.0,0.0
0.0,0.999999999999999,0.0,0.0
0.0,0.999999999999999,0.0,0.0
0.0,0.999999999999999,0.0,0.0
0.0,0.999999999999999,0.0,0.0
0.0,0.999999999999999,0.0,0.0
0.0,0.999999999999999,0.0,0.0
0.0,0.999999999999999,0.0,0.0
0.0,0.999999999999999,0.0,0.0
0.0,0.999999999999999,0.0,0.0
0.0,0.999999999999999,0.0,0.0
0.0,0.999999999999999,0.0,0.0
0.0,0.999999999999999,0.0,0.0
0.0,0.999999999999999,0.0,0.0
0.0,0.999999999999999,0.0,0.0
0.0,0.999999999999999,0.0,0.0
0.0,0.999999999999999,0.0,0.0
0.0,0.999999999999999,0.0,0.0
0.0,0.999999999999999,0.0,0.0
0.0,0.999999999999999,0.0,0.0
0.0,0.999999999999999,0.0,0.0
0.0,0.999999999999999,0.0,0.0
0.0,0.999999999999999,0.0,0.0
0.0,0.999999999999999,0.0,0.0
0.0,0.999999999999999,0.0,0.0
0.0,0.999999999999999,0.0,0.0
0.0,0.999999999999999,0.0,0.0
0.0,0.999999999999999,0.0,0.0
0.0,0.999999999999999,0.0,0.0
0.0,0.999999999999999,0.0,0.0
0.0,0.999999999999999,0.0,0.0
0.0,0.999999999999999,0.0,0.0
0.0,0.999999999999999,0.0,0.0
0.0,0.999999999999999,0.0,0.0
0.0,0.999999999999999,0.0,0.0
0.0,0.999999999999999,0.0,0.0
0.0,0.999999999999999,0.0,0.0
0.0,0.999999999999999,0.0,0.0
0.0,0.999999999999999,0.0,0.0
0.0,0.999999999999999,0.0,0.0
0.0,0.999999999999999,0.0,0.0
0.0,0.999999999999999,0.0,0.0
0.0,0.999999999999999,0.0,0.0
0.0,0.999999999999999,0.0,0.0
0.0,0.999999999999999,0.0,0.0
0.0,0.999999999999999,0.0,0.0
0.0,0.999999999999999,0.0,0.0
0.0,0.999999999999999,0.0,0.0
0.0,0.999999999999999,0.0,0.0
0.0,0.999999999999999,0.0,0.0
0.0,0.999999999999999,0.0,0.0
0.0,0.999999999999999,0.0,0.0
0.0,0.999999999999999,0.0,0.0
0.0,0.999999999999999,0.0,0.0
0.0,0.999999999999999,0.0,0.0
0.0,0.999999999999999,0.0,0.0
0.0,0.999999999999999,0.0,0.0
0.0,0.999999999999999,0.0,0.0
0.0,0.999999999999999,0.0,0.0
0.0,0.999999999999999,0.0,0.0
0.0,0.999999999999999,0.0,0.0
0.0,0.999999999999999,0.0,0.0
0.0,0.999999999999999,0.0,0.0
0.0,0.999999999999999,0.0,0.0
0.0,0.999999999999999,0.0,0.0
0.0,0.999999999999999,0.0,0.0
0.0,0.999999999999999,0.0,0.0
0.0,0.999999999999999,0.0,0.0
0.0,0.999999999999999,0.0,0.0
0.0,0.999999999999999,0.0,0.0
0.0,0.999999999999999,0.0,0.0
0.0,0.999999999999999,0.0,0.0
0.0,0.999999999999999,0.0,0.0
0.0,0.999999999999999,0.0,0.0
0.0,0.999999999999999,0.0,0.0
0.0,0.999999999999999,0.0,0.0
0.0,0.999999999999999,0.0,0.0
0.0,0.999999999999999,0.0,0.0
0.0,0.999999999999999,0.0,0.0
0.0,0.999999999999999,0.0,0.0
0.0,0.999999999999999,0.0,0.0
0.0,0.999999999999999,0.0,0.0
0.0,0.999999999999999,0.0,0.0
0.0,0.999999999999999,0.0,0.0
0.0,0.999999999999999,0.0,0.0
0.0,0.999999999999999,0.0,0.0
0.0,0.999999999999999,0.0,0.0
0.0,0.999999999999999,0.0,0.0
0.0,0.999999999999999,0.0,0.0
0.0,0.999999999999999,0.0,0.0
0.0,0.999999999999999,0.0,0.0
0.0,0.999999999999999,0.0,0.0
0.0,0.999999999999999,0.0,0.0
0.0,0.999999999999999,0.0,0.0
0.0,0.999999999999999,0.0,0.0
0.0,0.999999999999999,0.0,0.0
0.0,0.999999999999999,0.0,0.0
0.0,0.999999999999999,0.0,0.0
0.0,0.999999999999999,0.0,0.0
0.0,0.999999999999999,0.0,0.0
0.0,0.999999999999999,0.0,0.0
0.0,0.999999999999999,0.0,0.0
0.0,0.999999999999999,0.0,0.0
0.0,0.999999999999999,0.0,0.0
0.0,0.999999999999999,0.0,0.0
0.0,0.999999999999999,0.0,0.0
0.0,0.999999999999999,0.0,0.0
0.0,0.999999999999999,0.0,0.0
0.0,0.999999999999999,0.0,0.0
0.0,0.999999999999999,0.0,0.0
0.0,0.999999999999999,0.0,0.0
0.0,0.999999999999999,0.0,0.0
0.0,0.999999999999999,0.0,0.0
0.0,0.999999999999999,0.0,0.0
0.0,0.999999999999999,0.0,0.0
0.0,0.999999999999999,0.0,0.0
0.0,0.999999999999999,0.0,0.0
0.0,0.999999999999999,0.0,0.0
0.0,0.999999999999999,0.0,0.0
0.0,0.999999999999999,0.0,0.0
0.0,0.999999999999999,0.0,0.0
0.0,0.999999999999999,0.0,0.0
0.0,0.999999999999999,0.0,0.0
0.0,0.999999999999999,0.0,0.0
0.0,0.999999999999999,0.0,0.0
0.0,0.999999999999999,0.0,0.0
0.0,0.999999999999999,0.0,0.0
0.0,0.999999999999999,0.0,0.0
0.0,0.999999999999999,0.0,0.0
0.0,0.999999999999999,0.0,0.0
0.0,0.999999999999999,0.0,0.0
0.0,0.999999999999999,0.0,0.0
0.0,0.999999999999999,0.0,0.0
0.0,0.999999999999999,0.0,0.0
0.0,0.999999999999999,0.0,0.0
0.0,0.999999999999999,0.0,0.0
0.0,0.999999999999999,0.0,0.0
0.0,0.999999999999999,0.0,0.0
0.0,0.999999999999999,0.0,0.0
0.0,0.999999999999999,0.0,0.0
0.0,0.999999999999999,0.0,0.0
0.0,0.999999999999999,0.0,0.0
0.0,0.999999999999999,0.0,0.0
0.0,0.999999999999999,0.0,0.0
0.0,0.999999999999999,0.0,0.0
0.0,0.999999999999999,0.0,0.0
0.0,0.999999999999999,0.0,0.0
0.0,0.999999999999999,0.0,0.0
0.0,0.999999999999999,0.0,0.0
0.0,0.999999999999999,0.0,0.0
0.0,0.999999999999999,0.0,0.0
0.0,0.999999999999999,0.0,0.0
0.0,0.999999999999999,0.0,0.0
0.0,0.999999999999999,0.0,0.0
0.0,0.999999999999999,0.0,0.0
0.0,0.999999999999999,0.0,0.0
0.0,0.999999999999999,0.0,0.0
0.0,0.999999999999999,0.0,0.0
0.0,0.999999999999999,0.0,0.0
0.0,0.999999999999999,0.0,0.0
0.0,0.999999999999999,0.0,0.0
0.0,0.999999999999999,0.0,0.0
0.0,0.999999999999999,0.0,0.0
0.0,0.999999999999999,0.0,0.0
0.0,0.999999999999999,0.0,0.0
0.0,0.999999999999999,0.0,0.0
0.0,0.999999999999999,0.0,0.0
0.0,0.999999999999999,0.0,0.0
0.0,0.999999999999999,0.0,0.0
0.0,0.999999999999999,0.0,0.0
0.0,0.999999999999999,0.0,0.0
0.0,0.999999999999999,0.0,0.0
0.0,0.999999999999999,0.0,0.0
0.0,0.999999999999999,0.0,0.0
0.0,0.999999999999999,0.0,0.0
0.0,0.999999999999999,0.0,0.0
0.0,0.999999999999999,0.0,0.0
0.0,0.999999999999999,0.0,0.0
0.0,0.999999999999999,0.0,0.0
0.0,0.999999999999999,0.0,0.0
0.0,0.999999999999999,0.0,0.0
0.0,0.999999999999999,0.0,0.0
0.0,0.999999999999999,0.0,0.0
0.0,0.999999999999999,0.0,0.0
0.0,0.999999999999999,0.0,0.0
0.0,0.999999999999999,0.0,0.0
0.0,0.999999999999999,0.0,0.0
0.0,0.999999999999999,0.0,0.0
0.0,0.999999999999999,0.0,0.0
0.0,0.999999999999999,0.0,0.0
0.0,0.999999999999999,0.0,0.0
0.0,0.999999999999999,0.0,0.0
0.0,0.999999999999999,0.0,0.0
0.0,0.999999999999999,0.0,0.0
0.0,0.999999999999999,0.0,0.0
0.0,0.999999999999999,0.0,0.0
0.0,0.999999999999999,0.0,0.0
0.0,0.999999999999999,0.0,0.0
0.0,0.999999999999999,0.0,0.0
0.0,0.999999999999999,0.0,0.0
0.0,0.999999999999999,0.0,0.0
0.0,0.999999999999999,0.0,0.0
0.0,0.999999999999999,0.0,0.0
0.0,0.999999999999999,0.0,0.0
0.0,0.999999999999999,0.0,0.0
0.0,0.999999999999999,0.0,0.0
0.0,0.999999999999999,0.0,0.0
0.0,0.999999999999999,0.0,0.0
0.0,0.999999999999999,0.0,0.0
0.0,0.999999999999999,0.0,0.0
0.0,0.999999999999999,0.0,0.0
0.0,0.999999999999999,0.0,0.0
0.0,0.999999999999999,0.0,0.0
0.0,0.999999999999999,0.0,0.0
0.0,0.999999999999999,0.0,0.0
0.0,0.999999999999999,0.0,0.0
0.0,0.999999999999999,0.0,0.0
0.0,0.999999999999999,0.0,0.0
0.0,0.999999999999999,0.0,0.0
0.0,0.999999999999999,0.0,0.0
0.0,0.999999999999999,0.0,0.0
0.0,0.999999999999999,0.0,0.0
0.0,0.999999999999999,0.0,0.0
0.0,0.999999999999999,0.0,0.0
0.0,0.999999999999999,0.0,0.0
0.0,0.999999999999999,0.0,0.0
0.0,0.999999999999999,0.0,0.0
0.0,0.999999999999999,0.0,0.0
0.0,0.999999999999999,0.0,0.0
0.0,0.999999999999999,0.0,0.0
0.0,0.999999999999999,0.0,0.0
0.0,0.999999999999999,0.0,0.0
0.0,0.999999999999999,0.0,0.0
0.0,0.999999999999999,0.0,0.0
0.0,0.999999999999999,0.0,0.0
0.0,0.999999999999999,0.0,0.0
0.0,0.999999999999999,0.0,0.0
0.0,0.999999999999999,0.0,0.0
0.0,0.999999999999999,0.0,0.0
0.0,0.999999999999999,0.0,0.0
0.0,0.999999999999999,0.0,0.0
0.0,0.999999999999999,0.0,0.0
0.0,0.999999999999999,0.0,0.0
0.0,0.999999999999999,0.0,0.0
0.0,0.999999999999999,0.0,0.0
0.0,0.999999999999999,0.0,0.0
0.0,0.999999999999999,0.0,0.0
0.0,0.999999999999999,0.0,0.0
0.0,0.999999999999999,0.0,0.0
0.0,0.999999999999999,0.0,0.0
0.0,0.999999999999999,0.0,0.0
0.0,0.999999999999999,0.0,0.0
0.0,0.999999999999999,0.0,0.0
0.0,0.999999999999999,0.0,0.0
0.0,0.999999999999999,0.0,0.0
0.0,0.999999999999999,0.0,0.0
0.0,0.999999999999999,0.0,0.0
0.0,0.999999999999999,0.0,0.0
0.0,0.999999999999999,0.0,0.0
0.0,0.999999999999999,0.0,0.0
0.0,0.999999999999999,0.0,0.0
0.0,0.999999999999999,0.0,0.0
0.0,0.999999999999999,0.0,0.0
0.0,0.999999999999999,0.0,0.0
0.0,0.999999999999999,0.0,0.0
0.0,0.999999999999999,0.0,0.0
0.0,0.999999999999999,0.0,0.0
0.0,0.999999999999999,0.0,0.0
0.0,0.999999999999999,0.0,0.0
0.0,0.999999999999999,0.0,0.0
0.0,0.999999999999999,0.0,0.0
0.0,0.999999999999999,0.0,0.0
0.0,0.999999999999999,0.0,0.0
0.0,0.999999999999999,0.0,0.0
0.0,0.999999999999999,0.0,0.0
0.0,0.999999999999999,0.0,0.0
0.0,0.999999999999999,0.0,0.0
0.0,0.999999999999999,0.0,0.0
0.0,0.999999999999999,0.0,0.0
0.0,0.999999999999999,0.0,0.0
0.0,0.999999999999999,0.0,0.0
0.0,0.999999999999999,0.0,0.0
0.0,0.999999999999999,0.0,0.0
0.0,0.999999999999999,0.0,0.0
0.0,0.999999999999999,0.0,0.0
0.0,0.999999999999999,0.0,0.0
0.0,0.999999999999999,0.0,0.0
0.0,0.999999999999999,0.0,0.0
0.0,0.999999999999999,0.0,0.0
0.0,0.999999999999999,0.0,0.0
0.0,0.999999999999999,0.0,0.0
0.0,0.999999999999999,0.0,0.0
0.0,0.999999999999999,0.0,0.0
0.0,0.999999999999999,0.0,0.0
0.0,0.999999999999999,0.0,0.0
0.0,0.999999999999999,0.0,0.0
0.0,0.999999999999999,0.0,0.0
0.0,0.999999999999999,0.0,0.0
0.0,0.999999999999999,0.0,0.0
0.0,0.999999999999999,0.0,0.0
0.0,0.999999999999999,0.0,0.0
0.0,0.999999999999999,0.0,0.0
0.0,0.999999999999999,0.0,0.0
0.0,0.999999999999999,0.0,0.0
0.0,0.999999999999999,0.0,0.0
0.0,0.999999999999999,0.0,0.0
0.0,0.999999999999999,0.0,0.0
0.0,0.999999999999999,0.0,0.0
0.0,0.999999999999999,0.0,0.0
0.0,0.999999999999999,0.0,0.0
0.0,0.999999999999999,0.0,0.0
0.0,0.999999999999999,0.0,0.0
0.0,0.999999999999999,0.0,0.0
0.0,0.999999999999999,0.0,0.0
0.0,0.999999999999999,0.0,0.0
0.0,0.999999999999999,0.0,0.0
0.0,0.999999999999999,0.0,0.0
0.0,0.999999999999999,0.0,0.0
0.0,0.999999999999999,0.0,0.0
0.0,0.999999999999999,0.0,0.0
0.0,0.999999999999999,0.0,0.0
0.0,0.999999999999999,0.0,0.0
0.0,0.999999999999999,0.0,0.0
0.0,0.999999999999999,0.0,0.0
0.0,0.999999999999999,0.0,0.0
0.0,0.999999999999999,0.0,0.0
0.0,0.999999999999999,0.0,0.0
0.0,0.999999999999999,0.0,0.0
0.0,0.999999999999999,0.0,0.0
0.0,0.999999999999999,0.0,0.0
0.0,0.999999999999999,0.0,0.0
0.0,0.999999999999999,0.0,0.0
0.0,0.999999999999999,0.0,0.0
0.0,0.999999999999999,0.0,0.0
0.0,0.999999999999999,0.0,0.0
0.0,0.999999999999999,0.0,0.0
0.0,0.999999999999999,0.0,0.0
0.0,0.999999999999999,0.0,0.0
0.0,0.999999999999999,0.0,0.0
0.0,0.999999999999999,0.0,0.0
0.0,0.999999999999999,0.0,0.0
0.0,0.999999999999999,0.0,0.0
0.0,0.999999999999999,0.0,0.0
0.0,0.999999999999999,0.0,0.0
0.0,0.999999999999999,0.0,0.0
0.0,0.999999999999999,0.0,0.0
0.0,0.999999999999999,0.0,0.0
0.0,0.999999999999999,0.0,0.0
0.0,0.999999999999999,0.0,0.0
0.0,0.999999999999999,0.0,0.0
0.0,0.999999999999999,0.0,0.0
0.0,0.999999999999999,0.0,0.0
0.0,0.999999999999999,0.0,0.0
0.0,0.999999999999999,0.0,0.0
0.0,0.999999999999999,0.0,0.0
0.0,0.999999999999999,0.0,0.0
0.0,0.999999999999999,0.0,0.0
0.0,0.999999999999999,0.0,0.0
0.0,0.999999999999999,0.0,0.0
0.0,0.999999999999999,0.0,0.0
0.0,0.999999999999999,0.0,0.0
0.0,0.999999999999999,0.0,0.0
0.0,0.999999999999999,0.0,0.0
0.0,0.999999999999999,0.0,0.0
0.0,0.999999999999999,0.0,0.0
0.0,0.999999999999999,0.0,0.0
0.0,0.999999999999999,0.0,0.0
0.0,0.999999999999999,0.0,0.0
0.0,0.999999999999999,0.0,0.0
0.0,0.999999999999999,0.0,0.0
0.0,0.999999999999999,0.0,0.0
0.0,0.999999999999999,0.0,0.0
0.0,0.999999999999999,0.0,0.0
0.0,0.999999999999999,0.0,0.0
0.0,0.999999999999999,0.0,0.0
0.0,0.999999999999999,0.0,0.0
0.0,0.999999999999999,0.0,0.0
0.0,0.999999999999999,0.0,0.0
0.0,0.999999999999999,0.0,0.0
0.0,0.999999999999999,0.0,0.0
0.0,0.999999999999999,0.0,0.0
0.0,0.999999999999999,0.0,0.0
0.0,0.999999999999999,0.0,0.0
0.0,0.999999999999999,0.0,0.0
0.0,0.999999999999999,0.0,0.0
0.0,0.999999999999999,0.0,0.0
0.0,0.999999999999999,0.0,0.0
0.0,0.999999999999999,0.0,0.0
0.0,0.999999999999999,0.0,0.0
0.0,0.999999999999999,0.0,0.0
0.0,0.999999999999999,0.0,0.0
0.0,0.999999999999999,0.0,0.0
0.0,0.999999999999999,0.0,0.0
0.0,0.999999999999999,0.0,0.0
0.0,0.999999999999999,0.0,0.0
0.0,0.999999999999999,0.0,0.0
0.0,0.999999999999999,0.0,0.0
0.0,0.999999999999999,0.0,0.0
0.0,0.999999999999999,0.0,0.0
0.0,0.999999999999999,0.0,0.0
0.0,0.999999999999999,0.0,0.0
0.0,0.999999999999999,0.0,0.0
0.0,0.999999999999999,0.0,0.0
0.0,0.999999999999999,0.0,0.0
0.0,0.999999999999999,0.0,0.0
0.0,0.999999999999999,0.0,0.0
0.0,0.999999999999999,0.0,0.0
0.0,0.999999999999999,0.0,0.0
0.0,0.999999999999999,0.0,0.0
0.0,0.999999999999999,0.0,0.0
0.0,0.999999999999999,0.0,0.0
0.0,0.999999999999999,0.0,0.0
0.0,0.999999999999999,0.0,0.0
0.0,0.999999999999999,0.0,0.0
0.0,0.999999999999999,0.0,0.0
0.0,0.999999999999999,0.0,0.0
0.0,0.999999999999999,0.0,0.0
0.0,0.999999999999999,0.0,0.0
0.0,0.999999999999999,0.0,0.0
0.0,0.999999999999999,0.0,0.0
0.0,0.999999999999999,0.0,0.0
0.0,0.999999999999999,0.0,0.0
0.0,0.999999999999999,0.0,0.0
0.0,0.999999999999999,0.0,0.0
0.0,0.999999999999999,0.0,0.0
0.0,0.999999999999999,0.0,0.0
0.0,0.999999999999999,0.0,0.0
0.0,0.999999999999999,0.0,0.0
0.0,0.999999999999999,0.0,0.0
0.0,0.999999999999999,0.0,0.0
0.0,0.999999999999999,0.0,0.0
0.0,0.999999999999999,0.0,0.0
0.0,0.999999999999999,0.0,0.0
0.0,0.999999999999999,0.0,0.0
0.0,0.999999999999999,0.0,0.0
0.0,0.999999999999999,0.0,0.0
0.0,0.999999999999999,0.0,0.0
0.0,0.999999999999999,0.0,0.0
0.0,0.999999999999999,0.0,0.0
0.0,0.999999999999999,0.0,0.0
0.0,0.999999999999999,0.0,0.0
0.0,0.999999999999999,0.0,0.0
0.0,0.999999999999999,0.0,0.0
0.0,0.999999999999999,0.0,0.0
0.0,0.999999999999999,0.0,0.0
0.0,0.999999999999999,0.0,0.0
0.0,0.999999999999999,0.0,0.0
0.0,0.999999999999999,0.0,0.0
0.0,0.999999999999999,0.0,0.0
0.0,0.999999999999999,0.0,0.0
0.0,0.999999999999999,0.0,0.0
0.0,0.999999999999999,0.0,0.0
0.0,0.999999999999999,0.0,0.0
0.0,0.999999999999999,0.0,0.0
0.0,0.999999999999999,0.0,0.0
0.0,0.999999999999999,0.0,0.0
0.0,0.999999999999999,0.0,0.0
0.0,0.999999999999999,0.0,0.0
0.0,0.999999999999999,0.0,0.0
0.0,0.999999999999999,0.0,0.0
0.0,0.999999999999999,0.0,0.0
0.0,0.999999999999999,0.0,0.0
0.0,0.999999999999999,0.0,0.0
0.0,0.999999999999999,0.0,0.0
0.0,0.999999999999999,0.0,0.0
0.0,0.999999999999999,0.0,0.0
0.0,0.999999999999999,0.0,0.0
0.0,0.999999999999999,0.0,0.0
0.0,0.999999999999999,0.0,0.0
0.0,0.999999999999999,0.0,0.0
0.0,0.999999999999999,0.0,0.0
0.0,0.999999999999999,0.0,0.0
0.0,0.999999999999999,0.0,0.0
0.0,0.999999999999999,0.0,0.0
0.0,0.999999999999999,0.0,0.0
0.0,0.999999999999999,0.0,0.0
0.0,0.999999999999999,0.0,0.0
0.0,0.999999999999999,0.0,0.0
0.0,0.999999999999999,0.0,0.0
0.0,0.999999999999999,0.0,0.0
0.0,0.999999999999999,0.0,0.0
0.0,0.999999999999999,0.0,0.0
0.0,0.999999999999999,0.0,0.0
0.0,0.999999999999999,0.0,0.0
0.0,0.999999999999999,0.0,0.0
0.0,0.999999999999999,0.0,0.0
0.0,0.999999999999999,0.0,0.0
0.0,0.999999999999999,0.0,0.0
0.0,0.999999999999999,0.0,0.0
0.0,0.999999999999999,0.0,0.0
0.0,0.999999999999999,0.0,0.0
0.0,0.999999999999999,0.0,0.0
0.0,0.999999999999999,0.0,0.0
0.0,0.999999999999999,0.0,0.0
0.0,0.999999999999999,0.0,0.0
0.0,0.999999999999999,0.0,0.0
0.0,0.999999999999999,0.0,0.0
0.0,0.999999999999999,0.0,0.0
0.0,0.999999999999999,0.0,0.0
0.0,0.999999999999999,0.0,0.0
0.0,0.999999999999999,0.0,0.0
0.0,0.999999999999999,0.0,0.0
0.0,0.999999999999999,0.0,0.0
0.0,0.999999999999999,0.0,0.0
0.0,0.999999999999999,0.0,0.0
0.0,0.999999999999999,0.0,0.0
0.0,0.999999999999999,0.0,0.0
0.0,0.999999999999999,0.0,0.0
0.0,0.999999999999999,0.0,0.0
0.0,0.999999999999999,0.0,0.0
0.0,0.999999999999999,0.0,0.0
0.0,0.999999999999999,0.0,0.0
0.0,0.999999999999999,0.0,0.0
0.0,0.999999999999999,0.0,0.0
0.0,0.999999999999999,0.0,0.0
0.0,0.999999999999999,0.0,0.0
0.0,0.999999999999999,0.0,0.0
0.0,0.999999999999999,0.0,0.0
0.0,0.999999999999999,0.0,0.0
0.0,0.999999999999999,0.0,0.0
0.0,0.999999999999999,0.0,0.0
0.0,0.999999999999999,0.0,0.0
0.0,0.999999999999999,0.0,0.0
0.0,0.999999999999999,0.0,0.0
0.0,0.999999999999999,0.0,0.0
0.0,0.999999999999999,0.0,0.0
0.0,0.999999999999999,0.0,0.0
0.0,0.999999999999999,0.0,0.0
0.0,0.999999999999999,0.0,0.0
0.0,0.999999999999999,0.0,0.0
0.0,0.999999999999999,0.0,0.0
0.0,0.999999999999999,0.0,0.0
0.0,0.999999999999999,0.0,0.0
0.0,0.999999999999999,0.0,0.0
0.0,0.999999999999999,0.0,0.0
0.0,0.999999999999999,0.0,0.0
0.0,0.999999999999999,0.0,0.0
0.0,0.999999999999999,0.0,0.0
0.0,0.999999999999999,0.0,0.0
0.0,0.999999999999999,0.0,0.0
0.0,0.999999999999999,0.0,0.0
0.0,0.999999999999999,0.0,0.0
0.0,0.999999999999999,0.0,0.0
0.0,0.999999999999999,0.0,0.0
0.0,0.999999999999999,0.0,0.0
0.0,0.999999999999999,0.0,0.0
0.0,0.999999999999999,0.0,0.0
0.0,0.999999999999999,0.0,0.0
0.0,0.999999999999999,0.0,0.0
0.0,0.999999999999999,0.0,0.0
0.0,0.999999999999999,0.0,0.0
0.0,0.999999999999999,0.0,0.0
0.0,0.999999999999999,0.0,0.0
0.0,0.999999999999999,0.0,0.0
0.0,0.999999999999999,0.0,0.0
0.0,0.999999999999999,0.0,0.0
0.0,0.999999999999999,0.0,0.0
0.0,0.999999999999999,0.0,0.0
0.0,0.999999999999999,0.0,0.0
0.0,0.999999999999999,0.0,0.0
0.0,0.999999999999999,0.0,0.0
0.0,0.999999999999999,0.0,0.0
0.0,0.999999999999999,0.0,0.0
0.0,0.999999999999999,0.0,0.0
0.0,0.999999999999999,0.0,0.0
0.0,0.999999999999999,0.0,0.0
0.0,0.999999999999999,0.0,0.0
0.0,0.999999999999999,0.0,0.0
0.0,0.999999999999999,0.0,0.0
0.0,0.999999999999999,0.0,0.0
0.0,0.999999999999999,0.0,0.0
0.0,0.999999999999999,0.0,0.0
0.0,0.999999999999999,0.0,0.0
0.0,0.999999999999999,0.0,0.0
0.0,0.999999999999999,0.0,0.0
0.0,0.999999999999999,0.0,0.0
0.0,0.999999999999999,0.0,0.0
0.0,0.999999999999999,0.0,0.0
0.0,0.999999999999999,0.0,0.0
0.0,0.999999999999999,0.0,0.0
0.0,0.999999999999999,0.0,0.0
0.0,0.999999999999999,0.0,0.0
0.0,0.999999999999999,0.0,0.0
0.0,0.999999999999999,0.0,0.0
0.0,0.999999999999999,0.0,0.0
0.0,0.999999999999999,0.0,0.0
0.0,0.999999999999999,0.0,0.0
0.0,0.999999999999999,0.0,0.0
0.0,0.999999999999999,0.0,0.0
0.0,0.999999999999999,0.0,0.0
0.0,0.999999999999999,0.0,0.0
0.0,0.999999999999999,0.0,0.0
0.0,0.999999999999999,0.0,0.0
0.0,0.999999999999999,0.0,0.0
0.0,0.999999999999999,0.0,0.0
0.0,0.999999999999999,0.0,0.0
0.0,0.999999999999999,0.0,0.0
0.0,0.999999999999999,0.0,0.0
0.0,0.999999999999999,0.0,0.0
0.0,0.999999999999999,0.0,0.0
0.0,0.999999999999999,0.0,0.0
0.0,0.999999999999999,0.0,0.0
0.0,0.999999999999999,0.0,0.0
0.0,0.999999999999999,0.0,0.0
0.0,0.999999999999999,0.0,0.0
0.0,0.999999999999999,0.0,0.0
0.0,0.999999999999999,0.0,0.0
0.0,0.999999999999999,0.0,0.0
0.0,0.999999999999999,0.0,0.0
0.0,0.999999999999999,0.0,0.0
0.0,0.999999999999999,0.0,0.0
0.0,0.999999999999999,0.0,0.0
0.0,0.999999999999999,0.0,0.0
0.0,0.999999999999999,0.0,0.0
0.0,0.999999999999999,0.0,0.0
0.0,0.999999999999999,0.0,0.0
0.0,0.999999999999999,0.0,0.0
0.0,0.999999999999999,0.0,0.0
0.0,0.999999999999999,0.0,0.0
0.0,0.999999999999999,0.0,0.0
0.0,0.999999999999999,0.0,0.0
0.0,0.999999999999999,0.0,0.0
0.0,0.999999999999999,0.0,0.0
0.0,0.999999999999999,0.0,0.0
0.0,0.999999999999999,0.0,0.0
0.0,0.999999999999999,0.0,0.0
0.0,0.999999999999999,0.0,0.0
0.0,0.999999999999999,0.0,0.0
0.0,0.999999999999999,0.0,0.0
0.0,0.999999999999999,0.0,0.0
0.0,0.999999999999999,0.0,0.0
0.0,0.999999999999999,0.0,0.0
0.0,0.999999999999999,0.0,0.0
0.0,0.999999999999999,0.0,0.0
0.0,0.999999999999999,0.0,0.0
0.0,0.999999999999999,0.0,0.0
0.0,0.999999999999999,0.0,0.0
0.0,0.999999999999999,0.0,0.0
0.0,0.999999999999999,0.0,0.0
0.0,0.999999999999999,0.0,0.0
0.0,0.999999999999999,0.0,0.0
0.0,0.999999999999999,0.0,0.0
0.0,0.999999999999999,0.0,0.0
0.0,0.999999999999999,0.0,0.0
0.0,0.999999999999999,0.0,0.0
0.0,0.999999999999999,0.0,0.0
0.0,0.999999999999999,0.0,0.0
0.0,0.999999999999999,0.0,0.0
0.0,0.999999999999999,0.0,0.0
0.0,0.999999999999999,0.0,0.0
0.0,0.999999999999999,0.0,0.0
0.0,0.999999999999999,0.0,0.0
0.0,0.999999999999999,0.0,0.0
0.0,0.999999999999999,0.0,0.0
0.0,0.999999999999999,0.0,0.0
0.0,0.999999999999999,0.0,0.0
0.0,0.999999999999999,0.0,0.0
0.0,0.999999999999999,0.0,0.0
0.0,0.999999999999999,0.0,0.0
0.0,0.999999999999999,0.0,0.0
0.0,0.999999999999999,0.0,0.0
0.0,0.999999999999999,0.0,0.0
0.0,0.999999999999999,0.0,0.0
0.0,0.999999999999999,0.0,0.0
0.0,0.999999999999999,0.0,0.0
0.0,0.999999999999999,0.0,0.0
0.0,0.999999999999999,0.0,0.0
0.0,0.999999999999999,0.0,0.0
0.0,0.999999999999999,0.0,0.0
0.0,0.999999999999999,0.0,0.0
0.0,0.999999999999999,0.0,0.0
0.0,0.999999999999999,0.0,0.0
0.0,0.999999999999999,0.0,0.0
0.0,0.999999999999999,0.0,0.0
0.0,0.999999999999999,0.0,0.0
0.0,0.999999999999999,0.0,0.0
0.0,0.999999999999999,0.0,0.0
0.0,0.999999999999999,0.0,0.0
0.0,0.999999999999999,0.0,0.0
0.0,0.999999999999999,0.0,0.0
0.0,0.999999999999999,0.0,0.0
0.0,0.999999999999999,0.0,0.0
0.0,0.999999999999999,0.0,0.0
0.0,0.999999999999999,0.0,0.0
0.0,0.999999999999999,0.0,0.0
0.0,0.999999999999999,0.0,0.0
0.0,0.999999999999999,0.0,0.0
0.0,0.999999999999999,0.0,0.0
0.0,0.999999999999999,0.0,0.0
0.0,0.999999999999999,0.0,0.0
0.0,0.999999999999999,0.0,0.0
0.0,0.999999999999999,0.0,0.0
0.0,0.999999999999999,0.0,0.0
0.0,0.999999999999999,0.0,0.0
0.0,0.999999999999999,0.0,0.0
0.0,0.999999999999999,0.0,0.0
0.0,0.999999999999999,0.0,0.0
0.0,0.999999999999999,0.0,0.0
0.0,0.999999999999999,0.0,0.0
0.0,0.999999999999999,0.0,0.0
0.0,0.999999999999999,0.0,0.0
0.0,0.999999999999999,0.0,0.0
0.0,0.999999999999999,0.0,0.0
0.0,0.999999999999999,0.0,0.0
0.0,0.999999999999999,0.0,0.0
0.0,0.999999999999999,0.0,0.0
0.0,0.999999999999999,0.0,0.0
0.0,0.999999999999999,0.0,0.0
0.0,0.999999999999999,0.0,0.0
0.0,0.999999999999999,0.0,0.0
0.0,0.999999999999999,0.0,0.0
0.0,0.999999999999999,0.0,0.0
0.0,0.999999999999999,0.0,0.0
0.0,0.999999999999999,0.0,0.0
0.0,0.999999999999999,0.0,0.0
0.0,0.999999999999999,0.0,0.0
0.0,0.999999999999999,0.0,0.0
0.0,0.999999999999999,0.0,0.0
0.0,0.999999999999999,0.0,0.0
0.0,0.999999999999999,0.0,0.0
0.0,0.999999999999999,0.0,0.0
0.0,0.999999999999999,0.0,0.0
0.0,0.999999999999999,0.0,0.0
0.0,0.999999999999999,0.0,0.0
0.0,0.999999999999999,0.0,0.0
0.0,0.999999999999999,0.0,0.0
0.0,0.999999999999999,0.0,0.0
0.0,0.999999999999999,0.0,0.0
0.0,0.999999999999999,0.0,0.0
0.0,0.999999999999999,0.0,0.0
0.0,0.999999999999999,0.0,0.0
0.0,0.999999999999999,0.0,0.0
0.0,0.999999999999999,0.0,0.0
0.0,0.999999999999999,0.0,0.0
0.0,0.999999999999999,0.0,0.0
0.0,0.999999999999999,0.0,0.0
0.0,0.999999999999999,0.0,0.0
0.0,0.999999999999999,0.0,0.0
0.0,0.999999999999999,0.0,0.0
0.0,0.999999999999999,0.0,0.0
0.0,0.999999999999999,0.0,0.0
0.0,0.999999999999999,0.0,0.0
0.0,0.999999999999999,0.0,0.0
0.0,0.999999999999999,0.0,0.0
0.0,0.999999999999999,0.0,0.0
0.0,0.999999999999999,0.0,0.0
0.0,0.999999999999999,0.0,0.0
0.0,0.999999999999999,0.0,0.0
0.0,0.999999999999999,0.0,0.0
0.0,0.999999999999999,0.0,0.0
0.0,0.999999999999999,0.0,0.0
0.0,0.999999999999999,0.0,0.0
0.0,0.999999999999999,0.0,0.0
0.0,0.999999999999999,0.0,0.0
0.0,0.999999999999999,0.0,0.0
0.0,0.999999999999999,0.0,0.0
0.0,0.999999999999999,0.0,0.0
0.0,0.999999999999999,0.0,0.0
0.0,0.999999999999999,0.0,0.0
0.0,0.999999999999999,0.0,0.0
0.0,0.999999999999999,0.0,0.0
0.0,0.999999999999999,0.0,0.0
0.0,0.999999999999999,0.0,0.0
0.0,0.999999999999999,0.0,0.0
0.0,0.999999999999999,0.0,0.0
0.0,0.999999999999999,0.0,0.0
0.0,0.999999999999999,0.0,0.0
0.0,0.999999999999999,0.0,0.0
0.0,0.999999999999999,0.0,0.0
0.0,0.999999999999999,0.0,0.0
0.0,0.999999999999999,0.0,0.0
0.0,0.999999999999999,0.0,0.0
0.0,0.999999999999999,0.0,0.0
0.0,0.999999999999999,0.0,0.0
0.0,0.999999999999999,0.0,0.0
0.0,0.999999999999999,0.0,0.0
0.0,0.999999999999999,0.0,0.0
0.0,0.999999999999999,0.0,0.0
0.0,0.999999999999999,0.0,0.0
0.0,0.999999999999999,0.0,0.0
0.0,0.999999999999999,0.0,0.0
0.0,0.999999999999999,0.0,0.0
0.0,0.999999999999999,0.0,0.0
0.0,0.999999999999999,0.0,0.0
0.0,0.999999999999999,0.0,0.0
0.0,0.999999999999999,0.0,0.0
0.0,0.999999999999999,0.0,0.0
0.0,0.999999999999999,0.0,0.0
0.0,0.999999999999999,0.0,0.0
0.0,0.999999999999999,0.0,0.0
0.0,0.999999999999999,0.0,0.0
0.0,0.999999999999999,0.0,0.0
0.0,0.999999999999999,0.0,0.0
0.0,0.999999999999999,0.0,0.0
0.0,0.999999999999999,0.0,0.0
0.0,0.999999999999999,0.0,0.0
0.0,0.999999999999999,0.0,0.0
0.0,0.999999999999999,0.0,0.0
0.0,0.999999999999999,0.0,0.0
0.0,0.999999999999999,0.0,0.0
0.0,0.999999999999999,0.0,0.0
0.0,0.999999999999999,0.0,0.0
0.0,0.999999999999999,0.0,0.0
0.0,0.999999999999999,0.0,0.0
0.0,0.999999999999999,0.0,0.0
0.0,0.999999999999999,0.0,0.0
0.0,0.999999999999999,0.0,0.0
0.0,0.999999999999999,0.0,0.0
0.0,0.999999999999999,0.0,0.0
0.0,0.999999999999999,0.0,0.0
0.0,0.999999999999999,0.0,0.0
0.0,0.999999999999999,0.0,0.0
0.0,0.999999999999999,0.0,0.0
0.0,0.999999999999999,0.0,0.0
0.0,0.999999999999999,0.0,0.0
0.0,0.999999999999999,0.0,0.0
0.0,0.999999999999999,0.0,0.0
0.0,0.999999999999999,0.0,0.0
0.0,0.999999999999999,0.0,0.0
0.0,0.999999999999999,0.0,0.0
0.0,0.999999999999999,0.0,0.0
0.0,0.999999999999999,0.0,0.0
0.0,0.999999999999999,0.0,0.0
0.0,0.999999999999999,0.0,0.0
0.0,0.999999999999999,0.0,0.0
0.0,0.999999999999999,0.0,0.0
0.0,0.999999999999999,0.0,0.0
0.0,0.999999999999999,0.0,0.0
0.0,0.999999999999999,0.0,0.0
0.0,0.999999999999999,0.0,0.0
0.0,0.999999999999999,0.0,0.0
0.0,0.999999999999999,0.0,0.0
0.0,0.999999999999999,0.0,0.0
0.0,0.999999999999999,0.0,0.0
0.0,0.999999999999999,0.0,0.0
0.0,0.999999999999999,0.0,0.0
0.0,0.999999999999999,0.0,0.0
0.0,0.999999999999999,0.0,0.0
0.0,0.999999999999999,0.0,0.0
0.0,0.999999999999999,0.0,0.0
0.0,0.999999999999999,0.0,0.0
0.0,0.999999999999999,0.0,0.0
0.0,0.999999999999999,0.0,0.0
0.0,0.999999999999999,0.0,0.0
0.0,0.999999999999999,0.0,0.0
0.0,0.999999999999999,0.0,0.0
0.0,0.999999999999999,0.0,0.0
0.0,0.999999999999999,0.0,0.0
0.0,0.999999999999999,0.0,0.0
0.0,0.999999999999999,0.0,0.0
0.0,0.999999999999999,0.0,0.0
0.0,0.999999999999999,0.0,0.0
0.0,0.999999999999999,0.0,0.0
0.0,0.999999999999999,0.0,0.0
0.0,0.999999999999999,0.0,0.0
0.0,0.999999999999999,0.0,0.0
0.0,0.999999999999999,0.0,0.0
0.0,0.999999999999999,0.0,0.0
0.0,0.999999999999999,0.0,0.0
0.0,0.999999999999999,0.0,0.0
0.0,0.999999999999999,0.0,0.0
0.0,0.999999999999999,0.0,0.0
0.0,0.999999999999999,0.0,0.0
0.0,0.999999999999999,0.0,0.0
0.0,0.999999999999999,0.0,0.0
0.0,0.999999999999999,0.0,0.0
0.0,0.999999999999999,0.0,0.0
0.0,0.999999999999999,0.0,0.0
0.0,0.999999999999999,0.0,0.0
0.0,0.999999999999999,0.0,0.0
0.0,0.999999999999999,0.0,0.0
0.0,0.999999999999999,0.0,0.0
0.0,0.999999999999999,0.0,0.0
0.0,0.999999999999999,0.0,0.0
0.0,0.999999999999999,0.0,0.0
0.0,0.999999999999999,0.0,0.0
0.0,0.999999999999999,0.0,0.0
0.0,0.999999999999999,0.0,0.0
0.0,0.999999999999999,0.0,0.0
0.0,0.999999999999999,0.0,0.0
0.0,0.999999999999999,0.0,0.0
0.0,0.999999999999999,0.0,0.0
0.0,0.999999999999999,0.0,0.0
0.0,0.999999999999999,0.0,0.0
0.0,0.999999999999999,0.0,0.0
0.0,0.999999999999999,0.0,0.0
0.0,0.999999999999999,0.0,0.0
0.0,0.999999999999999,0.0,0.0
0.0,0.999999999999999,0.0,0.0
0.0,0.999999999999999,0.0,0.0
0.0,0.999999999999999,0.0,0.0
0.0,0.999999999999999,0.0,0.0
0.0,0.999999999999999,0.0,0.0
0.0,0.999999999999999,0.0,0.0
0.0,0.999999999999999,0.0,0.0
0.0,0.999999999999999,0.0,0.0
0.0,0.999999999999999,0.0,0.0
0.0,0.999999999999999,0.0,0.0
0.0,0.999999999999999,0.0,0.0
0.0,0.999999999999999,0.0,0.0
0.0,0.999999999999999,0.0,0.0
0.0,0.999999999999999,0.0,0.0
0.0,0.999999999999999,0.0,0.0
0.0,0.999999999999999,0.0,0.0
0.0,0.999999999999999,0.0,0.0
0.0,0.999999999999999,0.0,0.0
0.0,0.999999999999999,0.0,0.0
0.0,0.999999999999999,0.0,0.0
0.0,0.999999999999999,0.0,0.0
0.0,0.999999999999999,0.0,0.0
0.0,0.999999999999999,0.0,0.0
0.0,0.999999999999999,0.0,0.0
0.0,0.999999999999999,0.0,0.0
0.0,0.999999999999999,0.0,0.0
0.0,0.999999999999999,0.0,0.0
0.0,0.999999999999999,0.0,0.0
0.0,0.999999999999999,0.0,0.0
0.0,0.999999999999999,0.0,0.0
0.0,0.999999999999999,0.0,0.0
0.0,0.999999999999999,0.0,0.0
0.0,0.999999999999999,0.0,0.0
0.0,0.999999999999999,0.0,0.0
0.0,0.999999999999999,0.0,0.0
0.0,0.999999999999999,0.0,0.0
0.0,0.999999999999999,0.0,0.0
0.0,0.999999999999999,0.0,0.0
0.0,0.999999999999999,0.0,0.0
0.0,0.999999999999999,0.0,0.0
0.0,0.999999999999999,0.0,0.0
0.0,0.999999999999999,0.0,0.0
0.0,0.999999999999999,0.0,0.0
0.0,0.999999999999999,0.0,0.0
0.0,0.999999999999999,0.0,0.0
0.0,0.999999999999999,0.0,0.0
0.0,0.999999999999999,0.0,0.0
0.0,0.999999999999999,0.0,0.0
0.0,0.999999999999999,0.0,0.0
0.0,0.999999999999999,0.0,0.0
0.0,0.999999999999999,0.0,0.0
0.0,0.999999999999999,0.0,0.0
0.0,0.999999999999999,0.0,0.0
0.0,0.999999999999999,0.0,0.0
0.0,0.999999999999999,0.0,0.0
0.0,0.999999999999999,0.0,0.0
0.0,0.999999999999999,0.0,0.0
0.0,0.999999999999999,0.0,0.0
0.0,0.999999999999999,0.0,0.0
0.0,0.999999999999999,0.0,0.0
0.0,0.999999999999999,0.0,0.0
0.0,0.999999999999999,0.0,0.0
0.0,0.999999999999999,0.0,0.0
0.0,0.999999999999999,0.0,0.0
0.0,0.999999999999999,0.0,0.0
0.0,0.999999999999999,0.0,0.0
0.0,0.999999999999999,0.0,0.0
0.0,0.999999999999999,0.0,0.0
0.0,0.999999999999999,0.0,0.0
0.0,0.999999999999999,0.0,0.0
0.0,0.999999999999999,0.0,0.0
0.0,0.999999999999999,0.0,0.0
0.0,0.999999999999999,0.0,0.0
0.0,0.999999999999999,0.0,0.0
0.0,0.999999999999999,0.0,0.0
0.0,0.999999999999999,0.0,0.0
0.0,0.999999999999999,0.0,0.0
0.0,0.999999999999999,0.0,0.0
0.0,0.999999999999999,0.0,0.0
0.0,0.999999999999999,0.0,0.0
0.0,0.999999999999999,0.0,0.0
0.0,0.999999999999999,0.0,0.0
0.0,0.999999999999999,0.0,0.0
0.0,0.999999999999999,0.0,0.0
0.0,0.999999999999999,0.0,0.0
0.0,0.999999999999999,0.0,0.0
0.0,0.999999999999999,0.0,0.0
0.0,0.999999999999999,0.0,0.0
0.0,0.999999999999999,0.0,0.0
0.0,0.999999999999999,0.0,0.0
0.0,0.999999999999999,0.0,0.0
0.0,0.999999999999999,0.0,0.0
0.0,0.999999999999999,0.0,0.0
0.0,0.999999999999999,0.0,0.0
0.0,0.999999999999999,0.0,0.0
0.0,0.999999999999999,0.0,0.0
0.0,0.999999999999999,0.0,0.0
0.0,0.999999999999999,0.0,0.0
0.0,0.999999999999999,0.0,0.0
0.0,0.999999999999999,0.0,0.0
0.0,0.999999999999999,0.0,0.0
0.0,0.999999999999999,0.0,0.0
0.0,0.999999999999999,0.0,0.0
0.0,0.999999999999999,0.0,0.0
0.0,0.999999999999999,0.0,0.0
0.0,0.999999999999999,0.0,0.0
0.0,0.999999999999999,0.0,0.0
0.0,0.999999999999999,0.0,0.0
0.0,0.999999999999999,0.0,0.0
0.0,0.999999999999999,0.0,0.0
0.0,0.999999999999999,0.0,0.0
0.0,0.999999999999999,0.0,0.0
0.0,0.999999999999999,0.0,0.0
0.0,0.999999999999999,0.0,0.0
0.0,0.999999999999999,0.0,0.0
0.0,0.999999999999999,0.0,0.0
0.0,0.999999999999999,0.0,0.0
0.0,0.999999999999999,0.0,0.0
0.0,0.999999999999999,0.0,0.0
0.0,0.999999999999999,0.0,0.0
0.0,0.999999999999999,0.0,0.0
0.0,0.999999999999999,0.0,0.0
0.0,0.999999999999999,0.0,0.0
0.0,0.999999999999999,0.0,0.0
0.0,0.999999999999999,0.0,0.0
0.0,0.999999999999999,0.0,0.0
0.0,0.999999999999999,0.0,0.0
0.0,0.999999999999999,0.0,0.0
0.0,0.999999999999999,0.0,0.0
0.0,0.999999999999999,0.0,0.0
0.0,0.999999999999999,0.0,0.0
0.0,0.999999999999999,0.0,0.0
0.0,0.999999999999999,0.0,0.0
0.0,0.999999999999999,0.0,0.0
0.0,0.999999999999999,0.0,0.0
0.0,0.999999999999999,0.0,0.0
0.0,0.999999999999999,0.0,0.0
0.0,0.999999999999999,0.0,0.0
0.0,0.999999999999999,0.0,0.0
0.0,0.999999999999999,0.0,0.0
0.0,0.999999999999999,0.0,0.0
0.0,0.999999999999999,0.0,0.0
0.0,0.999999999999999,0.0,0.0
0.0,0.999999999999999,0.0,0.0
0.0,0.999999999999999,0.0,0.0
0.0,0.999999999999999,0.0,0.0
0.0,0.999999999999999,0.0,0.0
0.0,0.999999999999999,0.0,0.0
0.0,0.999999999999999,0.0,0.0
0.0,0.999999999999999,0.0,0.0
0.0,0.999999999999999,0.0,0.0
0.0,0.999999999999999,0.0,0.0
0.0,0.999999999999999,0.0,0.0
0.0,0.999999999999999,0.0,0.0
0.0,0.999999999999999,0.0,0.0
0.0,0.999999999999999,0.0,0.0
0.0,0.999999999999999,0.0,0.0
0.0,0.999999999999999,0.0,0.0
0.0,0.999999999999999,0.0,0.0
0.0,0.999999999999999,0.0,0.0
0.0,0.999999999999999,0.0,0.0
0.0,0.999999999999999,0.0,0.0
0.0,0.999999999999999,0.0,0.0
0.0,0.999999999999999,0.0,0.0
0.0,0.999999999999999,0.0,0.0
0.0,0.999999999999999,0.0,0.0
0.0,0.999999999999999,0.0,0.0
0.0,0.999999999999999,0.0,0.0
0.0,0.999999999999999,0.0,0.0
0.0,0.999999999999999,0.0,0.0
0.0,0.999999999999999,0.0,0.0
0.0,0.999999999999999,0.0,0.0
0.0,0.999999999999999,0.0,0.0
0.0,0.999999999999999,0.0,0.0
0.0,0.999999999999999,0.0,0.0
0.0,0.999999999999999,0.0,0.0
0.0,0.999999999999999,0.0,0.0
0.0,0.999999999999999,0.0,0.0
0.0,0.999999999999999,0.0,0.0
0.0,0.999999999999999,0.0,0.0
0.0,0.999999999999999,0.0,0.0
0.0,0.999999999999999,0.0,0.0
0.0,0.999999999999999,0.0,0.0
0.0,0.999999999999999,0.0,0.0
0.0,0.999999999999999,0.0,0.0
0.0,0.999999999999999,0.0,0.0
0.0,0.999999999999999,0.0,0.0
0.0,0.999999999999999,0.0,0.0
0.0,0.999999999999999,0.0,0.0
0.0,0.999999999999999,0.0,0.0
0.0,0.999999999999999,0.0,0.0
0.0,0.999999999999999,0.0,0.0
0.0,0.999999999999999,0.0,0.0
0.0,0.999999999999999,0.0,0.0
0.0,0.999999999999999,0.0,0.0
0.0,0.999999999999999,0.0,0.0
0.0,0.999999999999999,0.0,0.0
0.0,0.999999999999999,0.0,0.0
0.0,0.999999999999999,0.0,0.0
0.0,0.999999999999999,0.0,0.0
0.0,0.999999999999999,0.0,0.0
0.0,0.999999999999999,0.0,0.0
0.0,0.999999999999999,0.0,0.0
0.0,0.999999999999999,0.0,0.0
0.0,0.999999999999999,0.0,0.0
0.0,0.999999999999999,0.0,0.0
0.0,0.999999999999999,0.0,0.0
0.0,0.999999999999999,0.0,0.0
0.0,0.999999999999999,0.0,0.0
0.0,0.999999999999999,0.0,0.0
0.0,0.999999999999999,0.0,0.0
0.0,0.999999999999999,0.0,0.0
0.0,0.999999999999999,0.0,0.0
0.0,0.999999999999999,0.0,0.0
0.0,0.999999999999999,0.0,0.0
0.0,0.999999999999999,0.0,0.0
0.0,0.999999999999999,0.0,0.0
0.0,0.999999999999999,0.0,0.0
0.0,0.999999999999999,0.0,0.0
0.0,0.999999999999999,0.0,0.0
0.0,0.999999999999999,0.0,0.0
0.0,0.999999999999999,0.0,0.0
0.0,0.999999999999999,0.0,0.0
0.0,0.999999999999999,0.0,0.0
0.0,0.999999999999999,0.0,0.0
0.0,0.999999999999999,0.0,0.0
0.0,0.999999999999999,0.0,0.0
0.0,0.999999999999999,0.0,0.0
0.0,0.999999999999999,0.0,0.0
0.0,0.999999999999999,0.0,0.0
0.0,0.999999999999999,0.0,0.0
0.0,0.999999999999999,0.0,0.0
0.0,0.999999999999999,0.0,0.0
0.0,0.999999999999999,0.0,0.0
0.0,0.999999999999999,0.0,0.0
0.0,0.999999999999999,0.0,0.0
0.0,0.999999999999999,0.0,0.0
0.0,0.999999999999999,0.0,0.0
0.0,0.999999999999999,0.0,0.0
0.0,0.999999999999999,0.0,0.0
0.0,0.999999999999999,0.0,0.0
0.0,0.999999999999999,0.0,0.0
0.0,0.999999999999999,0.0,0.0
0.0,0.999999999999999,0.0,0.0
0.0,0.999999999999999,0.0,0.0
0.0,0.999999999999999,0.0,0.0
0.0,0.999999999999999,0.0,0.0
0.0,0.999999999999999,0.0,0.0
0.0,0.999999999999999,0.0,0.0
0.0,0.999999999999999,0.0,0.0
0.0,0.999999999999999,0.0,0.0
0.0,0.999999999999999,0.0,0.0
0.0,0.999999999999999,0.0,0.0
0.0,0.999999999999999,0.0,0.0
0.0,0.999999999999999,0.0,0.0
0.0,0.999999999999999,0.0,0.0
0.0,0.999999999999999,0.0,0.0
0.0,0.999999999999999,0.0,0.0
0.0,0.999999999999999,0.0,0.0
0.0,0.999999999999999,0.0,0.0
0.0,0.999999999999999,0.0,0.0
0.0,0.999999999999999,0.0,0.0
0.0,0.999999999999999,0.0,0.0
0.0,0.999999999999999,0.0,0.0
0.0,0.999999999999999,0.0,0.0
0.0,0.999999999999999,0.0,0.0
0.0,0.999999999999999,0.0,0.0
0.0,0.999999999999999,0.0,0.0
0.0,0.999999999999999,0.0,0.0
0.0,0.999999999999999,0.0,0.0
0.0,0.999999999999999,0.0,0.0
0.0,0.999999999999999,0.0,0.0
0.0,0.999999999999999,0.0,0.0
0.0,0.999999999999999,0.0,0.0
0.0,0.999999999999999,0.0,0.0
0.0,0.999999999999999,0.0,0.0
0.0,0.999999999999999,0.0,0.0
0.0,0.999999999999999,0.0,0.0
0.0,0.999999999999999,0.0,0.0
0.0,0.999999999999999,0.0,0.0
0.0,0.999999999999999,0.0,0.0
0.0,0.999999999999999,0.0,0.0
0.0,0.999999999999999,0.0,0.0
0.0,0.999999999999999,0.0,0.0
0.0,0.999999999999999,0.0,0.0
0.0,0.999999999999999,0.0,0.0
0.0,0.999999999999999,0.0,0.0
0.0,0.999999999999999,0.0,0.0
0.0,0.999999999999999,0.0,0.0
0.0,0.999999999999999,0.0,0.0
0.0,0.999999999999999,0.0,0.0
0.0,0.999999999999999,0.0,0.0
0.0,0.999999999999999,0.0,0.0
0.0,0.999999999999999,0.0,0.0
0.0,0.999999999999999,0.0,0.0
0.0,0.999999999999999,0.0,0.0
0.0,0.999999999999999,0.0,0.0
0.0,0.999999999999999,0.0,0.0
0.0,0.999999999999999,0.0,0.0
0.0,0.999999999999999,0.0,0.0
0.0,0.999999999999999,0.0,0.0
0.0,0.999999999999999,0.0,0.0
0.0,0.999999999999999,0.0,0.0
0.0,0.999999999999999,0.0,0.0
0.0,0.999999999999999,0.0,0.0
0.0,0.999999999999999,0.0,0.0
0.0,0.999999999999999,0.0,0.0
0.0,0.999999999999999,0.0,0.0
0.0,0.999999999999999,0.0,0.0
0.0,0.999999999999999,0.0,0.0
0.0,0.999999999999999,0.0,0.0
0.0,0.999999999999999,0.0,0.0
0.0,0.999999999999999,0.0,0.0
0.0,0.999999999999999,0.0,0.0
0.0,0.999999999999999,0.0,0.0
0.0,0.999999999999999,0.0,0.0
0.0,0.999999999999999,0.0,0.0
0.0,0.999999999999999,0.0,0.0
0.0,0.999999999999999,0.0,0.0
0.0,0.999999999999999,0.0,0.0
0.0,0.999999999999999,0.0,0.0
0.0,0.999999999999999,0.0,0.0
0.0,0.999999999999999,0.0,0.0
0.0,0.999999999999999,0.0,0.0
0.0,0.999999999999999,0.0,0.0
0.0,0.999999999999999,0.0,0.0
0.0,0.999999999999999,0.0,0.0
0.0,0.999999999999999,0.0,0.0
0.0,0.999999999999999,0.0,0.0
0.0,0.999999999999999,0.0,0.0
0.0,0.999999999999999,0.0,0.0
0.0,0.999999999999999,0.0,0.0
0.0,0.999999999999999,0.0,0.0
0.0,0.999999999999999,0.0,0.0
0.0,0.999999999999999,0.0,0.0
0.0,0.999999999999999,0.0,0.0
0.0,0.999999999999999,0.0,0.0
0.0,0.999999999999999,0.0,0.0
0.0,0.999999999999999,0.0,0.0
0.0,0.999999999999999,0.0,0.0
0.0,0.999999999999999,0.0,0.0
0.0,0.999999999999999,0.0,0.0
0.0,0.999999999999999,0.0,0.0
0.0,0.999999999999999,0.0,0.0
0.0,0.999999999999999,0.0,0.0
0.0,0.999999999999999,0.0,0.0
0.0,0.999999999999999,0.0,0.0
0.0,0.999999999999999,0.0,0.0
0.0,0.999999999999999,0.0,0.0
0.0,0.999999999999999,0.0,0.0
0.0,0.999999999999999,0.0,0.0
0.0,0.999999999999999,0.0,0.0
0.0,0.999999999999999,0.0,0.0
0.0,0.999999999999999,0.0,0.0
0.0,0.999999999999999,0.0,0.0
0.0,0.999999999999999,0.0,0.0
0.0,0.999999999999999,0.0,0.0
0.0,0.999999999999999,0.0,0.0
0.0,0.999999999999999,0.0,0.0
0.0,0.999999999999999,0.0,0.0
0.0,0.999999999999999,0.0,0.0
0.0,0.999999999999999,0.0,0.0
0.0,0.999999999999999,0.0,0.0
0.0,0.999999999999999,0.0,0.0
0.0,0.999999999999999,0.0,0.0
0.0,0.999999999999999,0.0,0.0
0.0,0.999999999999999,0.0,0.0
0.0,0.999999999999999,0.0,0.0
0.0,0.999999999999999,0.0,0.0
0.0,0.999999999999999,0.0,0.0
0.0,0.999999999999999,0.0,0.0
0.0,0.999999999999999,0.0,0.0
0.0,0.999999999999999,0.0,0.0
0.0,0.999999999999999,0.0,0.0
0.0,0.999999999999999,0.0,0.0
0.0,0.999999999999999,0.0,0.0
0.0,0.999999999999999,0.0,0.0
0.0,0.999999999999999,0.0,0.0
0.0,0.999999999999999,0.0,0.0
0.0,0.999999999999999,0.0,0.0
0.0,0.999999999999999,0.0,0.0
0.0,0.999999999999999,0.0,0.0
0.0,0.999999999999999,0.0,0.0
0.0,0.999999999999999,0.0,0.0
0.0,0.999999999999999,0.0,0.0
0.0,0.999999999999999,0.0,0.0
0.0,0.999999999999999,0.0,0.0
0.0,0.999999999999999,0.0,0.0
0.0,0.999999999999999,0.0,0.0
0.0,0.999999999999999,0.0,0.0
0.0,0.999999999999999,0.0,0.0
0.0,0.999999999999999,0.0,0.0
0.0,0.999999999999999,0.0,0.0
0.0,0.999999999999999,0.0,0.0
0.0,0.999999999999999,0.0,0.0
0.0,0.999999999999999,0.0,0.0
0.0,0.999999999999999,0.0,0.0
0.0,0.999999999999999,0.0,0.0
0.0,0.999999999999999,0.0,0.0
0.0,0.999999999999999,0.0,0.0
0.0,0.999999999999999,0.0,0.0
0.0,0.999999999999999,0.0,0.0
0.0,0.999999999999999,0.0,0.0
0.0,0.999999999999999,0.0,0.0
0.0,0.999999999999999,0.0,0.0
0.0,0.999999999999999,0.0,0.0
0.0,0.999999999999999,0.0,0.0
0.0,0.999999999999999,0.0,0.0
0.0,0.999999999999999,0.0,0.0
0.0,0.999999999999999,0.0,0.0
0.0,0.999999999999999,0.0,0.0
0.0,0.999999999999999,0.0,0.0
0.0,0.999999999999999,0.0,0.0
0.0,0.999999999999999,0.0,0.0
0.0,0.999999999999999,0.0,0.0
0.0,0.999999999999999,0.0,0.0
0.0,0.999999999999999,0.0,0.0
0.0,0.999999999999999,0.0,0.0
0.0,0.999999999999999,0.0,0.0
0.0,0.999999999999999,0.0,0.0
0.0,0.999999999999999,0.0,0.0
0.0,0.999999999999999,0.0,0.0
0.0,0.999999999999999,0.0,0.0
0.0,0.999999999999999,0.0,0.0
0.0,0.999999999999999,0.0,0.0
0.0,0.999999999999999,0.0,0.0
0.0,0.999999999999999,0.0,0.0
0.0,0.999999999999999,0.0,0.0
0.0,0.999999999999999,0.0,0.0
0.0,0.999999999999999,0.0,0.0
0.0,0.999999999999999,0.0,0.0
0.0,0.999999999999999,0.0,0.0
0.0,0.999999999999999,0.0,0.0
0.0,0.999999999999999,0.0,0.0
0.0,0.999999999999999,0.0,0.0
0.0,0.999999999999999,0.0,0.0
0.0,0.999999999999999,0.0,0.0
0.0,0.999999999999999,0.0,0.0
0.0,0.999999999999999,0.0,0.0
0.0,0.999999999999999,0.0,0.0
0.0,0.999999999999999,0.0,0.0
0.0,0.999999999999999,0.0,0.0
0.0,0.999999999999999,0.0,0.0
0.0,0.999999999999999,0.0,0.0
0.0,0.999999999999999,0.0,0.0
0.0,0.999999999999999,0.0,0.0
0.0,0.999999999999999,0.0,0.0
0.0,0.999999999999999,0.0,0.0
0.0,0.999999999999999,0.0,0.0
0.0,0.999999999999999,0.0,0.0
0.0,0.999999999999999,0.0,0.0
0.0,0.999999999999999,0.0,0.0
0.0,0.999999999999999,0.0,0.0
0.0,0.999999999999999,0.0,0.0
0.0,0.999999999999999,0.0,0.0
0.0,0.999999999999999,0.0,0.0
0.0,0.999999999999999,0.0,0.0
0.0,0.999999999999999,0.0,0.0
0.0,0.999999999999999,0.0,0.0
0.0,0.999999999999999,0.0,0.0
0.0,0.999999999999999,0.0,0.0
0.0,0.999999999999999,0.0,0.0
0.0,0.999999999999999,0.0,0.0
0.0,0.999999999999999,0.0,0.0
0.0,0.999999999999999,0.0,0.0
0.0,0.999999999999999,0.0,0.0
0.0,0.999999999999999,0.0,0.0
0.0,0.999999999999999,0.0,0.0
0.0,0.999999999999999,0.0,0.0
0.0,0.999999999999999,0.0,0.0
0.0,0.999999999999999,0.0,0.0
0.0,0.999999999999999,0.0,0.0
0.0,0.999999999999999,0.0,0.0
0.0,0.999999999999999,0.0,0.0
0.0,0.999999999999999,0.0,0.0
0.0,0.999999999999999,0.0,0.0
0.0,0.999999999999999,0.0,0.0
0.0,0.999999999999999,0.0,0.0
0.0,0.999999999999999,0.0,0.0
0.0,0.999999999999999,0.0,0.0
0.0,0.999999999999999,0.0,0.0
0.0,0.999999999999999,0.0,0.0
0.0,0.999999999999999,0.0,0.0
0.0,0.999999999999999,0.0,0.0
0.0,0.999999999999999,0.0,0.0
0.0,0.999999999999999,0.0,0.0
0.0,0.999999999999999,0.0,0.0
0.0,0.999999999999999,0.0,0.0
0.0,0.999999999999999,0.0,0.0
0.0,0.999999999999999,0.0,0.0
0.0,0.999999999999999,0.0,0.0
0.0,0.999999999999999,0.0,0.0
0.0,0.999999999999999,0.0,0.0
0.0,0.999999999999999,0.0,0.0
0.0,0.999999999999999,0.0,0.0
0.0,0.999999999999999,0.0,0.0
0.0,0.999999999999999,0.0,0.0
0.0,0.999999999999999,0.0,0.0
0.0,0.999999999999999,0.0,0.0
0.0,0.999999999999999,0.0,0.0
0.0,0.999999999999999,0.0,0.0
0.0,0.999999999999999,0.0,0.0
0.0,0.999999999999999,0.0,0.0
0.0,0.999999999999999,0.0,0.0
0.0,0.999999999999999,0.0,0.0
0.0,0.999999999999999,0.0,0.0
0.0,0.999999999999999,0.0,0.0
0.0,0.999999999999999,0.0,0.0
0.0,0.999999999999999,0.0,0.0
0.0,0.999999999999999,0.0,0.0
0.0,0.999999999999999,0.0,0.0
0.0,0.999999999999999,0.0,0.0
0.0,0.999999999999999,0.0,0.0
0.0,0.999999999999999,0.0,0.0
0.0,0.999999999999999,0.0,0.0
0.0,0.999999999999999,0.0,0.0
0.0,0.999999999999999,0.0,0.0
0.0,0.999999999999999,0.0,0.0
0.0,0.999999999999999,0.0,0.0
0.0,0.999999999999999,0.0,0.0
0.0,0.999999999999999,0.0,0.0
0.0,0.999999999999999,0.0,0.0
0.0,0.999999999999999,0.0,0.0
0.0,0.999999999999999,0.0,0.0
0.0,0.999999999999999,0.0,0.0
0.0,0.999999999999999,0.0,0.0
0.0,0.999999999999999,0.0,0.0
0.0,0.999999999999999,0.0,0.0
0.0,0.999999999999999,0.0,0.0
0.0,0.999999999999999,0.0,0.0
0.0,0.999999999999999,0.0,0.0
0.0,0.999999999999999,0.0,0.0
0.0,0.999999999999999,0.0,0.0
0.0,0.999999999999999,0.0,0.0
0.0,0.999999999999999,0.0,0.0
0.0,0.999999999999999,0.0,0.0
0.0,0.999999999999999,0.0,0.0
0.0,0.999999999999999,0.0,0.0
0.0,0.999999999999999,0.0,0.0
0.0,0.999999999999999,0.0,0.0
0.0,0.999999999999999,0.0,0.0
0.0,0.999999999999999,0.0,0.0
0.0,0.999999999999999,0.0,0.0
0.0,0.999999999999999,0.0,0.0
0.0,0.999999999999999,0.0,0.0
0.0,0.999999999999999,0.0,0.0
0.0,0.999999999999999,0.0,0.0
0.0,0.999999999999999,0.0,0.0
0.0,0.999999999999999,0.0,0.0
0.0,0.999999999999999,0.0,0.0
0.0,0.999999999999999,0.0,0.0
0.0,0.999999999999999,0.0,0.0
0.0,0.999999999999999,0.0,0.0
0.0,0.999999999999999,0.0,0.0
0.0,0.999999999999999,0.0,0.0
0.0,0.999999999999999,0.0,0.0
0.0,0.999999999999999,0.0,0.0
0.0,0.999999999999999,0.0,0.0
0.0,0.999999999999999,0.0,0.0
0.0,0.999999999999999,0.0,0.0
0.0,0.999999999999999,0.0,0.0
0.0,0.999999999999999,0.0,0.0
0.0,0.999999999999999,0.0,0.0
0.0,0.999999999999999,0.0,0.0
0.0,0.999999999999999,0.0,0.0
0.0,0.999999999999999,0.0,0.0
0.0,0.999999999999999,0.0,0.0
0.0,0.999999999999999,0.0,0.0
0.0,0.999999999999999,0.0,0.0
0.0,0.999999999999999,0.0,0.0
0.0,0.999999999999999,0.0,0.0
0.0,0.999999999999999,0.0,0.0
0.0,0.999999999999999,0.0,0.0
0.0,0.999999999999999,0.0,0.0
0.0,0.999999999999999,0.0,0.0
0.0,0.999999999999999,0.0,0.0
0.0,0.999999999999999,0.0,0.0
0.0,0.999999999999999,0.0,0.0
0.0,0.999999999999999,0.0,0.0
0.0,0.999999999999999,0.0,0.0
0.0,0.999999999999999,0.0,0.0
0.0,0.999999999999999,0.0,0.0
0.0,0.999999999999999,0.0,0.0
0.0,0.999999999999999,0.0,0.0
0.0,0.999999999999999,0.0,0.0
0.0,0.999999999999999,0.0,0.0
0.0,0.999999999999999,0.0,0.0
0.0,0.999999999999999,0.0,0.0
0.0,0.999999999999999,0.0,0.0
0.0,0.999999999999999,0.0,0.0
0.0,0.999999999999999,0.0,0.0
0.0,0.999999999999999,0.0,0.0
0.0,0.999999999999999,0.0,0.0
0.0,0.999999999999999,0.0,0.0
0.0,0.999999999999999,0.0,0.0
0.0,0.999999999999999,0.0,0.0
0.0,0.999999999999999,0.0,0.0
0.0,0.999999999999999,0.0,0.0
0.0,0.999999999999999,0.0,0.0
0.0,0.999999999999999,0.0,0.0
0.0,0.999999999999999,0.0,0.0
0.0,0.999999999999999,0.0,0.0
0.0,0.999999999999999,0.0,0.0
0.0,0.999999999999999,0.0,0.0
0.0,0.999999999999999,0.0,0.0
0.0,0.999999999999999,0.0,0.0
0.0,0.999999999999999,0.0,0.0
0.0,0.999999999999999,0.0,0.0
0.0,0.999999999999999,0.0,0.0
0.0,0.999999999999999,0.0,0.0
0.0,0.999999999999999,0.0,0.0
0.0,0.999999999999999,0.0,0.0
0.0,0.999999999999999,0.0,0.0
0.0,0.999999999999999,0.0,0.0
0.0,0.999999999999999,0.0,0.0
0.0,0.999999999999999,0.0,0.0
0.0,0.999999999999999,0.0,0.0
0.0,0.999999999999999,0.0,0.0
0.0,0.999999999999999,0.0,0.0
0.0,0.999999999999999,0.0,0.0
0.0,0.999999999999999,0.0,0.0
0.0,0.999999999999999,0.0,0.0
0.0,0.999999999999999,0.0,0.0
0.0,0.999999999999999,0.0,0.0
0.0,0.999999999999999,0.0,0.0
0.0,0.999999999999999,0.0,0.0
0.0,0.999999999999999,0.0,0.0
0.0,0.999999999999999,0.0,0.0
0.0,0.999999999999999,0.0,0.0
0.0,0.999999999999999,0.0,0.0
0.0,0.999999999999999,0.0,0.0
0.0,0.999999999999999,0.0,0.0
0.0,0.999999999999999,0.0,0.0
0.0,0.999999999999999,0.0,0.0
0.0,0.999999999999999,0.0,0.0
0.0,0.999999999999999,0.0,0.0
0.0,0.999999999999999,0.0,0.0
0.0,0.999999999999999,0.0,0.0
0.0,0.999999999999999,0.0,0.0
0.0,0.999999999999999,0.0,0.0
0.0,0.999999999999999,0.0,0.0
0.0,0.999999999999999,0.0,0.0
0.0,0.999999999999999,0.0,0.0
0.0,0.999999999999999,0.0,0.0
0.0,0.999999999999999,0.0,0.0
0.0,0.999999999999999,0.0,0.0
0.0,0.999999999999999,0.0,0.0
0.0,0.999999999999999,0.0,0.0
0.0,0.999999999999999,0.0,0.0
0.0,0.999999999999999,0.0,0.0
0.0,0.999999999999999,0.0,0.0
0.0,0.999999999999999,0.0,0.0
0.0,0.999999999999999,0.0,0.0
0.0,0.999999999999999,0.0,0.0
0.0,0.999999999999999,0.0,0.0
0.0,0.999999999999999,0.0,0.0
0.0,0.999999999999999,0.0,0.0
0.0,0.999999999999999,0.0,0.0
0.0,0.999999999999999,0.0,0.0
0.0,0.999999999999999,0.0,0.0
0.0,0.999999999999999,0.0,0.0
0.0,0.999999999999999,0.0,0.0
0.0,0.999999999999999,0.0,0.0
0.0,0.999999999999999,0.0,0.0
0.0,0.999999999999999,0.0,0.0
0.0,0.999999999999999,0.0,0.0
0.0,0.999999999999999,0.0,0.0
0.0,0.999999999999999,0.0,0.0
0.0,0.999999999999999,0.0,0.0
0.0,0.999999999999999,0.0,0.0
0.0,0.999999999999999,0.0,0.0
0.0,0.999999999999999,0.0,0.0
0.0,0.999999999999999,0.0,0.0
0.0,0.999999999999999,0.0,0.0
0.0,0.999999999999999,0.0,0.0
0.0,0.999999999999999,0.0,0.0
0.0,0.999999999999999,0.0,0.0
0.0,0.999999999999999,0.0,0.0
0.0,0.999999999999999,0.0,0.0
0.0,0.999999999999999,0.0,0.0
0.0,0.999999999999999,0.0,0.0
0.0,0.999999999999999,0.0,0.0
0.0,0.999999999999999,0.0,0.0
0.0,0.999999999999999,0.0,0.0
0.0,0.999999999999999,0.0,0.0
0.0,0.999999999999999,0.0,0.0
0.0,0.999999999999999,0.0,0.0
0.0,0.999999999999999,0.0,0.0
0.0,0.999999999999999,0.0,0.0
0.0,0.999999999999999,0.0,0.0
0.0,0.999999999999999,0.0,0.0
0.0,0.999999999999999,0.0,0.0
0.0,0.999999999999999,0.0,0.0
0.0,0.999999999999999,0.0,0.0
0.0,0.999999999999999,0.0,0.0
0.0,0.999999999999999,0.0,0.0
0.0,0.999999999999999,0.0,0.0
0.0,0.999999999999999,0.0,0.0
0.0,0.999999999999999,0.0,0.0
0.0,0.999999999999999,0.0,0.0
0.0,0.999999999999999,0.0,0.0
0.0,0.999999999999999,0.0,0.0
0.0,0.999999999999999,0.0,0.0
0.0,0.999999999999999,0.0,0.0
0.0,0.999999999999999,0.0,0.0
0.0,0.999999999999999,0.0,0.0
0.0,0.999999999999999,0.0,0.0
0.0,0.999999999999999,0.0,0.0
0.0,0.999999999999999,0.0,0.0
0.0,0.999999999999999,0.0,0.0
0.0,0.999999999999999,0.0,0.0
0.0,0.999999999999999,0.0,0.0
0.0,0.999999999999999,0.0,0.0
0.0,0.999999999999999,0.0,0.0
0.0,0.999999999999999,0.0,0.0
0.0,0.999999999999999,0.0,0.0
0.0,0.999999999999999,0.0,0.0
0.0,0.999999999999999,0.0,0.0
0.0,0.999999999999999,0.0,0.0
0.0,0.999999999999999,0.0,0.0
0.0,0.999999999999999,0.0,0.0
0.0,0.999999999999999,0.0,0.0
0.0,0.999999999999999,0.0,0.0
0.0,0.999999999999999,0.0,0.0
0.0,0.999999999999999,0.0,0.0
0.0,0.999999999999999,0.0,0.0
0.0,0.999999999999999,0.0,0.0
0.0,0.999999999999999,0.0,0.0
0.0,0.999999999999999,0.0,0.0
0.0,0.999999999999999,0.0,0.0
0.0,0.999999999999999,0.0,0.0
0.0,0.999999999999999,0.0,0.0
0.0,0.999999999999999,0.0,0.0
0.0,0.999999999999999,0.0,0.0
0.0,0.999999999999999,0.0,0.0
0.0,0.999999999999999,0.0,0.0
0.0,0.999999999999999,0.0,0.0
0.0,0.999999999999999,0.0,0.0
0.0,0.999999999999999,0.0,0.0
0.0,0.999999999999999,0.0,0.0
0.0,0.999999999999999,0.0,0.0
0.0,0.999999999999999,0.0,0.0
0.0,0.999999999999999,0.0,0.0
0.0,0.999999999999999,0.0,0.0
0.0,0.999999999999999,0.0,0.0
0.0,0.999999999999999,0.0,0.0
0.0,0.999999999999999,0.0,0.0
0.0,0.999999999999999,0.0,0.0
0.0,0.999999999999999,0.0,0.0
0.0,0.999999999999999,0.0,0.0
0.0,0.999999999999999,0.0,0.0
0.0,0.999999999999999,0.0,0.0
0.0,0.999999999999999,0.0,0.0
0.0,0.999999999999999,0.0,0.0
0.0,0.999999999999999,0.0,0.0
0.0,0.999999999999999,0.0,0.0
0.0,0.999999999999999,0.0,0.0
0.0,0.999999999999999,0.0,0.0
0.0,0.999999999999999,0.0,0.0
0.0,0.999999999999999,0.0,0.0
0.0,0.999999999999999,0.0,0.0
0.0,0.999999999999999,0.0,0.0
0.0,0.999999999999999,0.0,0.0
0.0,0.999999999999999,0.0,0.0
0.0,0.999999999999999,0.0,0.0
0.0,0.999999999999999,0.0,0.0
0.0,0.999999999999999,0.0,0.0
0.0,0.999999999999999,0.0,0.0
0.0,0.999999999999999,0.0,0.0
0.0,0.999999999999999,0.0,0.0
0.0,0.999999999999999,0.0,0.0
0.0,0.999999999999999,0.0,0.0
0.0,0.999999999999999,0.0,0.0
0.0,0.999999999999999,0.0,0.0
0.0,0.999999999999999,0.0,0.0
0.0,0.999999999999999,0.0,0.0
0.0,0.999999999999999,0.0,0.0
0.0,0.999999999999999,0.0,0.0
0.0,0.999999999999999,0.0,0.0
0.0,0.999999999999999,0.0,0.0
0.0,0.999999999999999,0.0,0.0
0.0,0.999999999999999,0.0,0.0
0.0,0.999999999999999,0.0,0.0
0.0,0.999999999999999,0.0,0.0
0.0,0.999999999999999,0.0,0.0
0.0,0.999999999999999,0.0,0.0
0.0,0.999999999999999,0.0,0.0
0.0,0.999999999999999,0.0,0.0
0.0,0.999999999999999,0.0,0.0
0.0,0.999999999999999,0.0,0.0
0.0,0.999999999999999,0.0,0.0
0.0,0.999999999999999,0.0,0.0
0.0,0.999999999999999,0.0,0.0
0.0,0.999999999999999,0.0,0.0
0.0,0.999999999999999,0.0,0.0
0.0,0.999999999999999,0.0,0.0
0.0,0.999999999999999,0.0,0.0
0.0,0.999999999999999,0.0,0.0
0.0,0.999999999999999,0.0,0.0
0.0,0.999999999999999,0.0,0.0
0.0,0.999999999999999,0.0,0.0
0.0,0.999999999999999,0.0,0.0
0.0,0.999999999999999,0.0,0.0
0.0,0.999999999999999,0.0,0.0
0.0,0.999999999999999,0.0,0.0
0.0,0.999999999999999,0.0,0.0
0.0,0.999999999999999,0.0,0.0
0.0,0.999999999999999,0.0,0.0
0.0,0.999999999999999,0.0,0.0
0.0,0.999999999999999,0.0,0.0
0.0,0.999999999999999,0.0,0.0
0.0,0.999999999999999,0.0,0.0
0.0,0.999999999999999,0.0,0.0
0.0,0.999999999999999,0.0,0.0
0.0,0.999999999999999,0.0,0.0
0.0,0.999999999999999,0.0,0.0
0.0,0.999999999999999,0.0,0.0
0.0,0.999999999999999,0.0,0.0
0.0,0.999999999999999,0.0,0.0
0.0,0.999999999999999,0.0,0.0
0.0,0.999999999999999,0.0,0.0
0.0,0.999999999999999,0.0,0.0
0.0,0.999999999999999,0.0,0.0
0.0,0.999999999999999,0.0,0.0
0.0,0.999999999999999,0.0,0.0
0.0,0.999999999999999,0.0,0.0
0.0,0.999999999999999,0.0,0.0
0.0,0.999999999999999,0.0,0.0
0.0,0.999999999999999,0.0,0.0
0.0,0.999999999999999,0.0,0.0
0.0,0.999999999999999,0.0,0.0
0.0,0.999999999999999,0.0,0.0
0.0,0.999999999999999,0.0,0.0
0.0,0.999999999999999,0.0,0.0
0.0,0.999999999999999,0.0,0.0
0.0,0.999999999999999,0.0,0.0
0.0,0.999999999999999,0.0,0.0
0.0,0.999999999999999,0.0,0.0
0.0,0.999999999999999,0.0,0.0
0.0,0.999999999999999,0.0,0.0
0.0,0.999999999999999,0.0,0.0
0.0,0.999999999999999,0.0,0.0
0.0,0.999999999999999,0.0,0.0
0.0,0.999999999999999,0.0,0.0
0.0,0.999999999999999,0.0,0.0
0.0,0.999999999999999,0.0,0.0
0.0,0.999999999999999,0.0,0.0
0.0,0.999999999999999,0.0,0.0
0.0,0.999999999999999,0.0,0.0
0.0,0.999999999999999,0.0,0.0
0.0,0.999999999999999,0.0,0.0
0.0,0.999999999999999,0.0,0.0
0.0,0.999999999999999,0.0,0.0
0.0,0.999999999999999,0.0,0.0
0.0,0.999999999999999,0.0,0.0
0.0,0.999999999999999,0.0,0.0
0.0,0.999999999999999,0.0,0.0
0.0,0.999999999999999,0.0,0.0
0.0,0.999999999999999,0.0,0.0
0.0,0.999999999999999,0.0,0.0
0.0,0.999999999999999,0.0,0.0
0.0,0.999999999999999,0.0,0.0
0.0,0.999999999999999,0.0,0.0
0.0,0.999999999999999,0.0,0.0
0.0,0.999999999999999,0.0,0.0
0.0,0.999999999999999,0.0,0.0
0.0,0.999999999999999,0.0,0.0
0.0,0.999999999999999,0.0,0.0
0.0,0.999999999999999,0.0,0.0
0.0,0.999999999999999,0.0,0.0
0.0,0.999999999999999,0.0,0.0
0.0,0.999999999999999,0.0,0.0
0.0,0.999999999999999,0.0,0.0
0.0,0.999999999999999,0.0,0.0
0.0,0.999999999999999,0.0,0.0
0.0,0.999999999999999,0.0,0.0
0.0,0.999999999999999,0.0,0.0
0.0,0.999999999999999,0.0,0.0
0.0,0.999999999999999,0.0,0.0
0.0,0.999999999999999,0.0,0.0
0.0,0.999999999999999,0.0,0.0
0.0,0.999999999999999,0.0,0.0
0.0,0.999999999999999,0.0,0.0
0.0,0.999999999999999,0.0,0.0
0.0,0.999999999999999,0.0,0.0
0.0,0.999999999999999,0.0,0.0
0.0,0.999999999999999,0.0,0.0
0.0,0.999999999999999,0.0,0.0
0.0,0.999999999999999,0.0,0.0
0.0,0.999999999999999,0.0,0.0
0.0,0.999999999999999,0.0,0.0
0.0,0.999999999999999,0.0,0.0
0.0,0.999999999999999,0.0,0.0
0.0,0.999999999999999,0.0,0.0
0.0,0.999999999999999,0.0,0.0
0.0,0.999999999999999,0.0,0.0
0.0,0.999999999999999,0.0,0.0
0.0,0.999999999999999,0.0,0.0
0.0,0.999999999999999,0.0,0.0
0.0,0.999999999999999,0.0,0.0
0.0,0.999999999999999,0.0,0.0
0.0,0.999999999999999,0.0,0.0
0.0,0.999999999999999,0.0,0.0
0.0,0.999999999999999,0.0,0.0
0.0,0.999999999999999,0.0,0.0
0.0,0.999999999999999,0.0,0.0
0.0,0.999999999999999,0.0,0.0
0.0,0.999999999999999,0.0,0.0
0.0,0.999999999999999,0.0,0.0
0.0,0.999999999999999,0.0,0.0
0.0,0.999999999999999,0.0,0.0
0.0,0.999999999999999,0.0,0.0
0.0,0.999999999999999,0.0,0.0
0.0,0.999999999999999,0.0,0.0
0.0,0.999999999999999,0.0,0.0
0.0,0.999999999999999,0.0,0.0
0.0,0.999999999999999,0.0,0.0
0.0,0.999999999999999,0.0,0.0
0.0,0.999999999999999,0.0,0.0
0.0,0.999999999999999,0.0,0.0
0.0,0.999999999999999,0.0,0.0
0.0,0.999999999999999,0.0,0.0
0.0,0.999999999999999,0.0,0.0
0.0,0.999999999999999,0.0,0.0
0.0,0.999999999999999,0.0,0.0
0.0,0.999999999999999,0.0,0.0
0.0,0.999999999999999,0.0,0.0
0.0,0.999999999999999,0.0,0.0
0.0,0.999999999999999,0.0,0.0
0.0,0.999999999999999,0.0,0.0
0.0,0.999999999999999,0.0,0.0
0.0,0.999999999999999,0.0,0.0
0.0,0.999999999999999,0.0,0.0
0.0,0.999999999999999,0.0,0.0
0.0,0.999999999999999,0.0,0.0
0.0,0.999999999999999,0.0,0.0
0.0,0.999999999999999,0.0,0.0
0.0,0.999999999999999,0.0,0.0
0.0,0.999999999999999,0.0,0.0
0.0,0.999999999999999,0.0,0.0
0.0,0.999999999999999,0.0,0.0
0.0,0.999999999999999,0.0,0.0
0.0,0.999999999999999,0.0,0.0
0.0,0.999999999999999,0.0,0.0
0.0,0.999999999999999,0.0,0.0
0.0,0.999999999999999,0.0,0.0
0.0,0.999999999999999,0.0,0.0
0.0,0.999999999999999,0.0,0.0
0.0,0.999999999999999,0.0,0.0
0.0,0.999999999999999,0.0,0.0
0.0,0.999999999999999,0.0,0.0
0.0,0.999999999999999,0.0,0.0
0.0,0.999999999999999,0.0,0.0
0.0,0.999999999999999,0.0,0.0
0.0,0.999999999999999,0.0,0.0
0.0,0.999999999999999,0.0,0.0
0.0,0.999999999999999,0.0,0.0
0.0,0.999999999999999,0.0,0.0
0.0,0.999999999999999,0.0,0.0
0.0,0.999999999999999,0.0,0.0
0.0,0.999999999999999,0.0,0.0
0.0,0.999999999999999,0.0,0.0
0.0,0.999999999999999,0.0,0.0
0.0,0.999999999999999,0.0,0.0
0.0,0.999999999999999,0.0,0.0
0.0,0.999999999999999,0.0,0.0
0.0,0.999999999999999,0.0,0.0
0.0,0.999999999999999,0.0,0.0
0.0,0.999999999999999,0.0,0.0
0.0,0.999999999999999,0.0,0.0
0.0,0.999999999999999,0.0,0.0
0.0,0.999999999999999,0.0,0.0
0.0,0.999999999999999,0.0,0.0
0.0,0.999999999999999,0.0,0.0
0.0,0.999999999999999,0.0,0.0
0.0,0.999999999999999,0.0,0.0
0.0,0.999999999999999,0.0,0.0
0.0,0.999999999999999,0.0,0.0
0.0,0.999999999999999,0.0,0.0
0.0,0.999999999999999,0.0,0.0
0.0,0.999999999999999,0.0,0.0
0.0,0.999999999999999,0.0,0.0
0.0,0.999999999999999,0.0,0.0
0.0,0.999999999999999,0.0,0.0
0.0,0.999999999999999,0.0,0.0
0.0,0.999999999999999,0.0,0.0
0.0,0.999999999999999,0.0,0.0
0.0,0.999999999999999,0.0,0.0
0.0,0.999999999999999,0.0,0.0
0.0,0.999999999999999,0.0,0.0
0.0,0.999999999999999,0.0,0.0
0.0,0.999999999999999,0.0,0.0
0.0,0.999999999999999,0.0,0.0
0.0,0.999999999999999,0.0,0.0
0.0,0.999999999999999,0.0,0.0
0.0,0.999999999999999,0.0,0.0
0.0,0.999999999999999,0.0,0.0
0.0,0.999999999999999,0.0,0.0
0.0,0.999999999999999,0.0,0.0
0.0,0.999999999999999,0.0,0.0
0.0,0.999999999999999,0.0,0.0
0.0,0.999999999999999,0.0,0.0
0.0,0.999999999999999,0.0,0.0
0.0,0.999999999999999,0.0,0.0
0.0,0.999999999999999,0.0,0.0
0.0,0.999999999999999,0.0,0.0
0.0,0.999999999999999,0.0,0.0
0.0,0.999999999999999,0.0,0.0
0.0,0.999999999999999,0.0,0.0
0.0,0.999999999999999,0.0,0.0
0.0,0.999999999999999,0.0,0.0
0.0,0.999999999999999,0.0,0.0
0.0,0.999999999999999,0.0,0.0
0.0,0.999999999999999,0.0,0.0
0.0,0.999999999999999,0.0,0.0
0.0,0.999999999999999,0.0,0.0
0.0,0.999999999999999,0.0,0.0
0.0,0.999999999999999,0.0,0.0
0.0,0.999999999999999,0.0,0.0
0.0,0.999999999999999,0.0,0.0
0.0,0.999999999999999,0.0,0.0
0.0,0.999999999999999,0.0,0.0
0.0,0.999999999999999,0.0,0.0
0.0,0.999999999999999,0.0,0.0
0.0,0.999999999999999,0.0,0.0
0.0,0.999999999999999,0.0,0.0
0.0,0.999999999999999,0.0,0.0
0.0,0.999999999999999,0.0,0.0
0.0,0.999999999999999,0.0,0.0
0.0,0.999999999999999,0.0,0.0
0.0,0.999999999999999,0.0,0.0
0.0,0.999999999999999,0.0,0.0
0.0,0.999999999999999,0.0,0.0
0.0,0.999999999999999,0.0,0.0
0.0,0.999999999999999,0.0,0.0
0.0,0.999999999999999,0.0,0.0
0.0,0.999999999999999,0.0,0.0
0.0,0.999999999999999,0.0,0.0
0.0,0.999999999999999,0.0,0.0
0.0,0.999999999999999,0.0,0.0
0.0,0.999999999999999,0.0,0.0
0.0,0.999999999999999,0.0,0.0
0.0,0.999999999999999,0.0,0.0
0.0,0.999999999999999,0.0,0.0
0.0,0.999999999999999,0.0,0.0
0.0,0.999999999999999,0.0,0.0
0.0,0.999999999999999,0.0,0.0
0.0,0.999999999999999,0.0,0.0
0.0,0.999999999999999,0.0,0.0
0.0,0.999999999999999,0.0,0.0
0.0,0.999999999999999,0.0,0.0
0.0,0.999999999999999,0.0,0.0
0.0,0.999999999999999,0.0,0.0
0.0,0.999999999999999,0.0,0.0
0.0,0.999999999999999,0.0,0.0
0.0,0.999999999999999,0.0,0.0
0.0,0.999999999999999,0.0,0.0
0.0,0.999999999999999,0.0,0.0
0.0,0.999999999999999,0.0,0.0
0.0,0.999999999999999,0.0,0.0
0.0,0.999999999999999,0.0,0.0
0.0,0.999999999999999,0.0,0.0
0.0,0.999999999999999,0.0,0.0
0.0,0.999999999999999,0.0,0.0
0.0,0.999999999999999,0.0,0.0
0.0,0.999999999999999,0.0,0.0
0.0,0.999999999999999,0.0,0.0
0.0,0.999999999999999,0.0,0.0
0.0,0.999999999999999,0.0,0.0
0.0,0.999999999999999,0.0,0.0
0.0,0.999999999999999,0.0,0.0
0.0,0.999999999999999,0.0,0.0
0.0,0.999999999999999,0.0,0.0
0.0,0.999999999999999,0.0,0.0
0.0,0.999999999999999,0.0,0.0
0.0,0.999999999999999,0.0,0.0
0.0,0.999999999999999,0.0,0.0
0.0,0.999999999999999,0.0,0.0
0.0,0.999999999999999,0.0,0.0
0.0,0.999999999999999,0.0,0.0
0.0,0.999999999999999,0.0,0.0
0.0,0.999999999999999,0.0,0.0
0.0,0.999999999999999,0.0,0.0
0.0,0.999999999999999,0.0,0.0
0.0,0.999999999999999,0.0,0.0
0.0,0.999999999999999,0.0,0.0
0.0,0.999999999999999,0.0,0.0
0.0,0.999999999999999,0.0,0.0
0.0,0.999999999999999,0.0,0.0
0.0,0.999999999999999,0.0,0.0
0.0,0.999999999999999,0.0,0.0
0.0,0.999999999999999,0.0,0.0
0.0,0.999999999999999,0.0,0.0
0.0,0.999999999999999,0.0,0.0
0.0,0.999999999999999,0.0,0.0
0.0,0.999999999999999,0.0,0.0
0.0,0.999999999999999,0.0,0.0
0.0,0.999999999999999,0.0,0.0
0.0,0.999999999999999,0.0,0.0
0.0,0.999999999999999,0.0,0.0
0.0,0.999999999999999,0.0,0.0
0.0,0.999999999999999,0.0,0.0
0.0,0.999999999999999,0.0,0.0
0.0,0.999999999999999,0.0,0.0
0.0,0.999999999999999,0.0,0.0
0.0,0.999999999999999,0.0,0.0
0.0,0.999999999999999,0.0,0.0
0.0,0.999999999999999,0.0,0.0
0.0,0.999999999999999,0.0,0.0
0.0,0.999999999999999,0.0,0.0
0.0,0.999999999999999,0.0,0.0
0.0,0.999999999999999,0.0,0.0
0.0,0.999999999999999,0.0,0.0
0.0,0.999999999999999,0.0,0.0
0.0,0.999999999999999,0.0,0.0
0.0,0.999999999999999,0.0,0.0
0.0,0.999999999999999,0.0,0.0
0.0,0.999999999999999,0.0,0.0
0.0,0.999999999999999,0.0,0.0
0.0,0.999999999999999,0.0,0.0
0.0,0.999999999999999,0.0,0.0
0.0,0.999999999999999,0.0,0.0
0.0,0.999999999999999,0.0,0.0
0.0,0.999999999999999,0.0,0.0
0.0,0.999999999999999,0.0,0.0
0.0,0.999999999999999,0.0,0.0
0.0,0.999999999999999,0.0,0.0
0.0,0.999999999999999,0.0,0.0
0.0,0.999999999999999,0.0,0.0
0.0,0.999999999999999,0.0,0.0
0.0,0.999999999999999,0.0,0.0
0.0,0.999999999999999,0.0,0.0
0.0,0.999999999999999,0.0,0.0
0.0,0.999999999999999,0.0,0.0
0.0,0.999999999999999,0.0,0.0
0.0,0.999999999999999,0.0,0.0
0.0,0.999999999999999,0.0,0.0
0.0,0.999999999999999,0.0,0.0
0.0,0.999999999999999,0.0,0.0
0.0,0.999999999999999,0.0,0.0
0.0,0.999999999999999,0.0,0.0
0.0,0.999999999999999,0.0,0.0
0.0,0.999999999999999,0.0,0.0
0.0,0.999999999999999,0.0,0.0
0.0,0.999999999999999,0.0,0.0
0.0,0.999999999999999,0.0,0.0
0.0,0.999999999999999,0.0,0.0
0.0,0.999999999999999,0.0,0.0
0.0,0.999999999999999,0.0,0.0
0.0,0.999999999999999,0.0,0.0
0.0,0.999999999999999,0.0,0.0
0.0,0.999999999999999,0.0,0.0
0.0,0.999999999999999,0.0,0.0
0.0,0.999999999999999,0.0,0.0
0.0,0.999999999999999,0.0,0.0
0.0,0.999999999999999,0.0,0.0
0.0,0.999999999999999,0.0,0.0
0.0,0.999999999999999,0.0,0.0
0.0,0.999999999999999,0.0,0.0
0.0,0.999999999999999,0.0,0.0
0.0,0.999999999999999,0.0,0.0
0.0,0.999999999999999,0.0,0.0
0.0,0.999999999999999,0.0,0.0
0.0,0.999999999999999,0.0,0.0
0.0,0.999999999999999,0.0,0.0
0.0,0.999999999999999,0.0,0.0
0.0,0.999999999999999,0.0,0.0
0.0,0.999999999999999,0.0,0.0
0.0,0.999999999999999,0.0,0.0
0.0,0.999999999999999,0.0,0.0
0.0,0.999999999999999,0.0,0.0
0.0,0.999999999999999,0.0,0.0
0.0,0.999999999999999,0.0,0.0
0.0,0.999999999999999,0.0,0.0
0.0,0.999999999999999,0.0,0.0
0.0,0.999999999999999,0.0,0.0
0.0,0.999999999999999,0.0,0.0
0.0,0.999999999999999,0.0,0.0
0.0,0.999999999999999,0.0,0.0
0.0,0.999999999999999,0.0,0.0
0.0,0.999999999999999,0.0,0.0
0.0,0.999999999999999,0.0,0.0
0.0,0.999999999999999,0.0,0.0
0.0,0.999999999999999,0.0,0.0
0.0,0.999999999999999,0.0,0.0
0.0,0.999999999999999,0.0,0.0
0.0,0.999999999999999,0.0,0.0
0.0,0.999999999999999,0.0,0.0
0.0,0.999999999999999,0.0,0.0
0.0,0.999999999999999,0.0,0.0
0.0,0.999999999999999,0.0,0.0
0.0,0.999999999999999,0.0,0.0
0.0,0.999999999999999,0.0,0.0
0.0,0.999999999999999,0.0,0.0
0.0,0.999999999999999,0.0,0.0
0.0,0.999999999999999,0.0,0.0
0.0,0.999999999999999,0.0,0.0
0.0,0.999999999999999,0.0,0.0
0.0,0.999999999999999,0.0,0.0
0.0,0.999999999999999,0.0,0.0
0.0,0.999999999999999,0.0,0.0
0.0,0.999999999999999,0.0,0.0
0.0,0.999999999999999,0.0,0.0
0.0,0.999999999999999,0.0,0.0
0.0,0.999999999999999,0.0,0.0
0.0,0.999999999999999,0.0,0.0
0.0,0.999999999999999,0.0,0.0
0.0,0.999999999999999,0.0,0.0
0.0,0.999999999999999,0.0,0.0
0.0,0.999999999999999,0.0,0.0
0.0,0.999999999999999,0.0,0.0
0.0,0.999999999999999,0.0,0.0
0.0,0.999999999999999,0.0,0.0
0.0,0.999999999999999,0.0,0.0
0.0,0.999999999999999,0.0,0.0
0.0,0.999999999999999,0.0,0.0
0.0,0.999999999999999,0.0,0.0
0.0,0.999999999999999,0.0,0.0
0.0,0.999999999999999,0.0,0.0
0.0,0.999999999999999,0.0,0.0
0.0,0.999999999999999,0.0,0.0
0.0,0.999999999999999,0.0,0.0
0.0,0.999999999999999,0.0,0.0
0.0,0.999999999999999,0.0,0.0
0.0,0.999999999999999,0.0,0.0
0.0,0.999999999999999,0.0,0.0
0.0,0.999999999999999,0.0,0.0
0.0,0.999999999999999,0.0,0.0
0.0,0.999999999999999,0.0,0.0
0.0,0.999999999999999,0.0,0.0
0.0,0.999999999999999,0.0,0.0
0.0,0.999999999999999,0.0,0.0
0.0,0.999999999999999,0.0,0.0
0.0,0.999999999999999,0.0,0.0
0.0,0.999999999999999,0.0,0.0
0.0,0.999999999999999,0.0,0.0
0.0,0.999999999999999,0.0,0.0
0.0,0.999999999999999,0.0,0.0
0.0,0.999999999999999,0.0,0.0
0.0,0.999999999999999,0.0,0.0
0.0,0.999999999999999,0.0,0.0
0.0,0.999999999999999,0.0,0.0
0.0,0.999999999999999,0.0,0.0
0.0,0.999999999999999,0.0,0.0
0.0,0.999999999999999,0.0,0.0
0.0,0.999999999999999,0.0,0.0
0.0,0.999999999999999,0.0,0.0
0.0,0.999999999999999,0.0,0.0
0.0,0.999999999999999,0.0,0.0
0.0,0.999999999999999,0.0,0.0
0.0,0.999999999999999,0.0,0.0
0.0,0.999999999999999,0.0,0.0
0.0,0.999999999999999,0.0,0.0
0.0,0.999999999999999,0.0,0.0
0.0,0.999999999999999,0.0,0.0
0.0,0.999999999999999,0.0,0.0
0.0,0.999999999999999,0.0,0.0
0.0,0.999999999999999,0.0,0.0
0.0,0.999999999999999,0.0,0.0
0.0,0.999999999999999,0.0,0.0
0.0,0.999999999999999,0.0,0.0
0.0,0.999999999999999,0.0,0.0
0.0,0.999999999999999,0.0,0.0
0.0,0.999999999999999,0.0,0.0
0.0,0.999999999999999,0.0,0.0
0.0,0.999999999999999,0.0,0.0
0.0,0.999999999999999,0.0,0.0
0.0,0.999999999999999,0.0,0.0
0.0,0.999999999999999,0.0,0.0
0.0,0.999999999999999,0.0,0.0
0.0,0.999999999999999,0.0,0.0
0.0,0.999999999999999,0.0,0.0
0.0,0.999999999999999,0.0,0.0
0.0,0.999999999999999,0.0,0.0
0.0,0.999999999999999,0.0,0.0
0.0,0.999999999999999,0.0,0.0
0.0,0.999999999999999,0.0,0.0
0.0,0.999999999999999,0.0,0.0
0.0,0.999999999999999,0.0,0.0
0.0,0.999999999999999,0.0,0.0
0.0,0.999999999999999,0.0,0.0
0.0,0.999999999999999,0.0,0.0
0.0,0.999999999999999,0.0,0.0
0.0,0.999999999999999,0.0,0.0
0.0,0.999999999999999,0.0,0.0
0.0,0.999999999999999,0.0,0.0
0.0,0.999999999999999,0.0,0.0
0.0,0.999999999999999,0.0,0.0
0.0,0.999999999999999,0.0,0.0
0.0,0.999999999999999,0.0,0.0
0.0,0.999999999999999,0.0,0.0
0.0,0.999999999999999,0.0,0.0
0.0,0.999999999999999,0.0,0.0
0.0,0.999999999999999,0.0,0.0
0.0,0.999999999999999,0.0,0.0
0.0,0.999999999999999,0.0,0.0
0.0,0.999999999999999,0.0,0.0
0.0,0.999999999999999,0.0,0.0
0.0,0.999999999999999,0.0,0.0
0.0,0.999999999999999,0.0,0.0
0.0,0.999999999999999,0.0,0.0
0.0,0.999999999999999,0.0,0.0
0.0,0.999999999999999,0.0,0.0
0.0,0.999999999999999,0.0,0.0
0.0,0.999999999999999,0.0,0.0
0.0,0.999999999999999,0.0,0.0
0.0,0.999999999999999,0.0,0.0
0.0,0.999999999999999,0.0,0.0
0.0,0.999999999999999,0.0,0.0
0.0,0.999999999999999,0.0,0.0
0.0,0.999999999999999,0.0,0.0
0.0,0.999999999999999,0.0,0.0
0.0,0.999999999999999,0.0,0.0
0.0,0.999999999999999,0.0,0.0
0.0,0.999999999999999,0.0,0.0
0.0,0.999999999999999,0.0,0.0
0.0,0.999999999999999,0.0,0.0
0.0,0.999999999999999,0.0,0.0
0.0,0.999999999999999,0.0,0.0
0.0,0.999999999999999,0.0,0.0
0.0,0.999999999999999,0.0,0.0
0.0,0.999999999999999,0.0,0.0
0.0,0.999999999999999,0.0,0.0
0.0,0.999999999999999,0.0,0.0
0.0,0.999999999999999,0.0,0.0
0.0,0.999999999999999,0.0,0.0
0.0,0.999999999999999,0.0,0.0
0.0,0.999999999999999,0.0,0.0
0.0,0.999999999999999,0.0,0.0
0.0,0.999999999999999,0.0,0.0
0.0,0.999999999999999,0.0,0.0
0.0,0.999999999999999,0.0,0.0
0.0,0.999999999999999,0.0,0.0
0.0,0.999999999999999,0.0,0.0
0.0,0.999999999999999,0.0,0.0
0.0,0.999999999999999,0.0,0.0
0.0,0.999999999999999,0.0,0.0
0.0,0.999999999999999,0.0,0.0
0.0,0.999999999999999,0.0,0.0
0.0,0.999999999999999,0.0,0.0
0.0,0.999999999999999,0.0,0.0
0.0,0.999999999999999,0.0,0.0
0.0,0.999999999999999,0.0,0.0
0.0,0.999999999999999,0.0,0.0
0.0,0.999999999999999,0.0,0.0
0.0,0.999999999999999,0.0,0.0
0.0,0.999999999999999,0.0,0.0
0.0,0.999999999999999,0.0,0.0
0.0,0.999999999999999,0.0,0.0
0.0,0.999999999999999,0.0,0.0
0.0,0.999999999999999,0.0,0.0
0.0,0.999999999999999,0.0,0.0
0.0,0.999999999999999,0.0,0.0
0.0,0.999999999999999,0.0,0.0
0.0,0.999999999999999,0.0,0.0
0.0,0.999999999999999,0.0,0.0
0.0,0.999999999999999,0.0,0.0
0.0,0.999999999999999,0.0,0.0
0.0,0.999999999999999,0.0,0.0
0.0,0.999999999999999,0.0,0.0
0.0,0.999999999999999,0.0,0.0
0.0,0.999999999999999,0.0,0.0
0.0,0.999999999999999,0.0,0.0
0.0,0.999999999999999,0.0,0.0
0.0,0.999999999999999,0.0,0.0
0.0,0.999999999999999,0.0,0.0
0.0,0.999999999999999,0.0,0.0
0.0,0.999999999999999,0.0,0.0
0.0,0.999999999999999,0.0,0.0
0.0,0.999999999999999,0.0,0.0
0.0,0.999999999999999,0.0,0.0
0.0,0.999999999999999,0.0,0.0
0.0,0.999999999999999,0.0,0.0
0.0,0.999999999999999,0.0,0.0
0.0,0.999999999999999,0.0,0.0
0.0,0.999999999999999,0.0,0.0
0.0,0.999999999999999,0.0,0.0
0.0,0.999999999999999,0.0,0.0
0.0,0.999999999999999,0.0,0.0
0.0,0.999999999999999,0.0,0.0
0.0,0.999999999999999,0.0,0.0
0.0,0.999999999999999,0.0,0.0
0.0,0.999999999999999,0.0,0.0
0.0,0.999999999999999,0.0,0.0
0.0,0.999999999999999,0.0,0.0
0.0,0.999999999999999,0.0,0.0
0.0,0.999999999999999,0.0,0.0
0.0,0.999999999999999,0.0,0.0
0.0,0.999999999999999,0.0,0.0
0.0,0.999999999999999,0.0,0.0
0.0,0.999999999999999,0.0,0.0
0.0,0.999999999999999,0.0,0.0
0.0,0.999999999999999,0.0,0.0
0.0,0.999999999999999,0.0,0.0
0.0,0.999999999999999,0.0,0.0
0.0,0.999999999999999,0.0,0.0
0.0,0.999999999999999,0.0,0.0
0.0,0.999999999999999,0.0,0.0
0.0,0.999999999999999,0.0,0.0
0.0,0.999999999999999,0.0,0.0
0.0,0.999999999999999,0.0,0.0
0.0,0.999999999999999,0.0,0.0
0.0,0.999999999999999,0.0,0.0
0.0,0.999999999999999,0.0,0.0
0.0,0.999999999999999,0.0,0.0
0.0,0.999999999999999,0.0,0.0
0.0,0.999999999999999,0.0,0.0
0.0,0.999999999999999,0.0,0.0
0.0,0.999999999999999,0.0,0.0
0.0,0.999999999999999,0.0,0.0
0.0,0.999999999999999,0.0,0.0
0.0,0.999999999999999,0.0,0.0
0.0,0.999999999999999,0.0,0.0
0.0,0.999999999999999,0.0,0.0
0.0,0.999999999999999,0.0,0.0
0.0,0.999999999999999,0.0,0.0
0.0,0.999999999999999,0.0,0.0
0.0,0.999999999999999,0.0,0.0
0.0,0.999999999999999,0.0,0.0
0.0,0.999999999999999,0.0,0.0
0.0,0.999999999999999,0.0,0.0
0.0,0.999999999999999,0.0,0.0
0.0,0.999999999999999,0.0,0.0
0.0,0.999999999999999,0.0,0.0
0.0,0.999999999999999,0.0,0.0
0.0,0.999999999999999,0.0,0.0
0.0,0.999999999999999,0.0,0.0
0.0,0.999999999999999,0.0,0.0
0.0,0.999999999999999,0.0,0.0
0.0,0.999999999999999,0.0,0.0
0.0,0.999999999999999,0.0,0.0
0.0,0.999999999999999,0.0,0.0
0.0,0.999999999999999,0.0,0.0
0.0,0.999999999999999,0.0,0.0
0.0,0.999999999999999,0.0,0.0
0.0,0.999999999999999,0.0,0.0
0.0,0.999999999999999,0.0,0.0
0.0,0.999999999999999,0.0,0.0
0.0,0.999999999999999,0.0,0.0
0.0,0.999999999999999,0.0,0.0
0.0,0.999999999999999,0.0,0.0
0.0,0.999999999999999,0.0,0.0
0.0,0.999999999999999,0.0,0.0
0.0,0.999999999999999,0.0,0.0
0.0,0.999999999999999,0.0,0.0
0.0,0.999999999999999,0.0,0.0
0.0,0.999999999999999,0.0,0.0
0.0,0.999999999999999,0.0,0.0
0.0,0.999999999999999,0.0,0.0
0.0,0.999999999999999,0.0,0.0
0.0,0.999999999999999,0.0,0.0
0.0,0.999999999999999,0.0,0.0
0.0,0.999999999999999,0.0,0.0
0.0,0.999999999999999,0.0,0.0
0.0,0.999999999999999,0.0,0.0
0.0,0.999999999999999,0.0,0.0
0.0,0.999999999999999,0.0,0.0
0.0,0.999999999999999,0.0,0.0
0.0,0.999999999999999,0.0,0.0
0.0,0.999999999999999,0.0,0.0
0.0,0.999999999999999,0.0,0.0
0.0,0.999999999999999,0.0,0.0
0.0,0.999999999999999,0.0,0.0
0.0,0.999999999999999,0.0,0.0
0.0,0.999999999999999,0.0,0.0
0.0,0.999999999999999,0.0,0.0
0.0,0.999999999999999,0.0,0.0
0.0,0.999999999999999,0.0,0.0
0.0,0.999999999999999,0.0,0.0
0.0,0.999999999999999,0.0,0.0
0.0,0.999999999999999,0.0,0.0
0.0,0.999999999999999,0.0,0.0
0.0,0.999999999999999,0.0,0.0
0.0,0.999999999999999,0.0,0.0
0.0,0.999999999999999,0.0,0.0
0.0,0.999999999999999,0.0,0.0
0.0,0.999999999999999,0.0,0.0
0.0,0.999999999999999,0.0,0.0
0.0,0.999999999999999,0.0,0.0
0.0,0.999999999999999,0.0,0.0
0.0,0.999999999999999,0.0,0.0
0.0,0.999999999999999,0.0,0.0
0.0,0.999999999999999,0.0,0.0
0.0,0.999999999999999,0.0,0.0
0.0,0.999999999999999,0.0,0.0
0.0,0.999999999999999,0.0,0.0
0.0,0.999999999999999,0.0,0.0
0.0,0.999999999999999,0.0,0.0
0.0,0.999999999999999,0.0,0.0
0.0,0.999999999999999,0.0,0.0
0.0,0.999999999999999,0.0,0.0
0.0,0.999999999999999,0.0,0.0
0.0,0.999999999999999,0.0,0.0
0.0,0.999999999999999,0.0,0.0
0.0,0.999999999999999,0.0,0.0
0.0,0.999999999999999,0.0,0.0
0.0,0.999999999999999,0.0,0.0
0.0,0.999999999999999,0.0,0.0
0.0,0.999999999999999,0.0,0.0
0.0,0.999999999999999,0.0,0.0
0.0,0.999999999999999,0.0,0.0
0.0,0.999999999999999,0.0,0.0
0.0,0.999999999999999,0.0,0.0
0.0,0.999999999999999,0.0,0.0
0.0,0.999999999999999,0.0,0.0
0.0,0.999999999999999,0.0,0.0
0.0,0.999999999999999,0.0,0.0
0.0,0.999999999999999,0.0,0.0
0.0,0.999999999999999,0.0,0.0
0.0,0.999999999999999,0.0,0.0
0.0,0.999999999999999,0.0,0.0
0.0,0.999999999999999,0.0,0.0
0.0,0.999999999999999,0.0,0.0
0.0,0.999999999999999,0.0,0.0
0.0,0.999999999999999,0.0,0.0
0.0,0.999999999999999,0.0,0.0
0.0,0.999999999999999,0.0,0.0
0.0,0.999999999999999,0.0,0.0
0.0,0.999999999999999,0.0,0.0
0.0,0.999999999999999,0.0,0.0
0.0,0.999999999999999,0.0,0.0
0.0,0.999999999999999,0.0,0.0
0.0,0.999999999999999,0.0,0.0
0.0,0.999999999999999,0.0,0.0
0.0,0.999999999999999,0.0,0.0
0.0,0.999999999999999,0.0,0.0
0.0,0.999999999999999,0.0,0.0
0.0,0.999999999999999,0.0,0.0
0.0,0.999999999999999,0.0,0.0
0.0,0.999999999999999,0.0,0.0
0.0,0.999999999999999,0.0,0.0
0.0,0.999999999999999,0.0,0.0
0.0,0.999999999999999,0.0,0.0
0.0,0.999999999999999,0.0,0.0
0.0,0.999999999999999,0.0,0.0
0.0,0.999999999999999,0.0,0.0
0.0,0.999999999999999,0.0,0.0
0.0,0.999999999999999,0.0,0.0
0.0,0.999999999999999,0.0,0.0
0.0,0.999999999999999,0.0,0.0
0.0,0.999999999999999,0.0,0.0
0.0,0.999999999999999,0.0,0.0
0.0,0.999999999999999,0.0,0.0
0.0,0.999999999999999,0.0,0.0
0.0,0.999999999999999,0.0,0.0
0.0,0.999999999999999,0.0,0.0
0.0,0.999999999999999,0.0,0.0
0.0,0.999999999999999,0.0,0.0
0.0,0.999999999999999,0.0,0.0
0.0,0.999999999999999,0.0,0.0
0.0,0.999999999999999,0.0,0.0
0.0,0.999999999999999,0.0,0.0
0.0,0.999999999999999,0.0,0.0
0.0,0.999999999999999,0.0,0.0
0.0,0.999999999999999,0.0,0.0
0.0,0.999999999999999,0.0,0.0
0.0,0.999999999999999,0.0,0.0
0.0,0.999999999999999,0.0,0.0
0.0,0.999999999999999,0.0,0.0
0.0,0.999999999999999,0.0,0.0
0.0,0.999999999999999,0.0,0.0
0.0,0.999999999999999,0.0,0.0
0.0,0.999999999999999,0.0,0.0
0.0,0.999999999999999,0.0,0.0
0.0,0.999999999999999,0.0,0.0
0.0,0.999999999999999,0.0,0.0
0.0,0.999999999999999,0.0,0.0
0.0,0.999999999999999,0.0,0.0
0.0,0.999999999999999,0.0,0.0
0.0,0.999999999999999,0.0,0.0
0.0,0.999999999999999,0.0,0.0
0.0,0.999999999999999,0.0,0.0
0.0,0.999999999999999,0.0,0.0
0.0,0.999999999999999,0.0,0.0
0.0,0.999999999999999,0.0,0.0
0.0,0.999999999999999,0.0,0.0
0.0,0.999999999999999,0.0,0.0
0.0,0.999999999999999,0.0,0.0
0.0,0.999999999999999,0.0,0.0
0.0,0.999999999999999,0.0,0.0
0.0,0.999999999999999,0.0,0.0
0.0,0.999999999999999,0.0,0.0
0.0,0.999999999999999,0.0,0.0
0.0,0.999999999999999,0.0,0.0
0.0,0.999999999999999,0.0,0.0
0.0,0.999999999999999,0.0,0.0
0.0,0.999999999999999,0.0,0.0
0.0,0.999999999999999,0.0,0.0
0.0,0.999999999999999,0.0,0.0
0.0,0.999999999999999,0.0,0.0
0.0,0.999999999999999,0.0,0.0
0.0,0.999999999999999,0.0,0.0
0.0,0.999999999999999,0.0,0.0
0.0,0.999999999999999,0.0,0.0
0.0,0.999999999999999,0.0,0.0
0.0,0.999999999999999,0.0,0.0
0.0,0.999999999999999,0.0,0.0
0.0,0.999999999999999,0.0,0.0
0.0,0.999999999999999,0.0,0.0
0.0,0.999999999999999,0.0,0.0
0.0,0.999999999999999,0.0,0.0
0.0,0.999999999999999,0.0,0.0
0.0,0.999999999999999,0.0,0.0
0.0,0.999999999999999,0.0,0.0
0.0,0.999999999999999,0.0,0.0
0.0,0.999999999999999,0.0,0.0
0.0,0.999999999999999,0.0,0.0
0.0,0.999999999999999,0.0,0.0
0.0,0.999999999999999,0.0,0.0
0.0,0.999999999999999,0.0,0.0
0.0,0.999999999999999,0.0,0.0
0.0,0.999999999999999,0.0,0.0
0.0,0.999999999999999,0.0,0.0
0.0,0.999999999999999,0.0,0.0
0.0,0.999999999999999,0.0,0.0
0.0,0.999999999999999,0.0,0.0
0.0,0.999999999999999,0.0,0.0
0.0,0.999999999999999,0.0,0.0
0.0,0.999999999999999,0.0,0.0
0.0,0.999999999999999,0.0,0.0
0.0,0.999999999999999,0.0,0.0
0.0,0.999999999999999,0.0,0.0
0.0,0.999999999999999,0.0,0.0
0.0,0.999999999999999,0.0,0.0
0.0,0.999999999999999,0.0,0.0
0.0,0.999999999999999,0.0,0.0
0.0,0.999999999999999,0.0,0.0
0.0,0.999999999999999,0.0,0.0
0.0,0.999999999999999,0.0,0.0
0.0,0.999999999999999,0.0,0.0
0.0,0.999999999999999,0.0,0.0
0.0,0.999999999999999,0.0,0.0
0.0,0.999999999999999,0.0,0.0
0.0,0.999999999999999,0.0,0.0
0.0,0.999999999999999,0.0,0.0
0.0,0.999999999999999,0.0,0.0
0.0,0.999999999999999,0.0,0.0
0.0,0.999999999999999,0.0,0.0
0.0,0.999999999999999,0.0,0.0
0.0,0.999999999999999,0.0,0.0
0.0,0.999999999999999,0.0,0.0
0.0,0.999999999999999,0.0,0.0
0.0,0.999999999999999,0.0,0.0
0.0,0.999999999999999,0.0,0.0
0.0,0.999999999999999,0.0,0.0
0.0,0.999999999999999,0.0,0.0
0.0,0.999999999999999,0.0,0.0
0.0,0.999999999999999,0.0,0.0
0.0,0.999999999999999,0.0,0.0
0.0,0.999999999999999,0.0,0.0
0.0,0.999999999999999,0.0,0.0
0.0,0.999999999999999,0.0,0.0
0.0,0.999999999999999,0.0,0.0
0.0,0.999999999999999,0.0,0.0
0.0,0.999999999999999,0.0,0.0
0.0,0.999999999999999,0.0,0.0
0.0,0.999999999999999,0.0,0.0
0.0,0.999999999999999,0.0,0.0
0.0,0.999999999999999,0.0,0.0
0.0,0.999999999999999,0.0,0.0
0.0,0.999999999999999,0.0,0.0
0.0,0.999999999999999,0.0,0.0
0.0,0.999999999999999,0.0,0.0
0.0,0.999999999999999,0.0,0.0
0.0,0.999999999999999,0.0,0.0
0.0,0.999999999999999,0.0,0.0
0.0,0.999999999999999,0.0,0.0
0.0,0.999999999999999,0.0,0.0
0.0,0.999999999999999,0.0,0.0
0.0,0.999999999999999,0.0,0.0
0.0,0.999999999999999,0.0,0.0
0.0,0.999999999999999,0.0,0.0
0.0,0.999999999999999,0.0,0.0
0.0,0.999999999999999,0.0,0.0
0.0,0.999999999999999,0.0,0.0
0.0,0.999999999999999,0.0,0.0
0.0,0.999999999999999,0.0,0.0
0.0,0.999999999999999,0.0,0.0
0.0,0.999999999999999,0.0,0.0
0.0,0.999999999999999,0.0,0.0
0.0,0.999999999999999,0.0,0.0
0.0,0.999999999999999,0.0,0.0
0.0,0.999999999999999,0.0,0.0
0.0,0.999999999999999,0.0,0.0
0.0,0.999999999999999,0.0,0.0
0.0,0.999999999999999,0.0,0.0
0.0,0.999999999999999,0.0,0.0
0.0,0.999999999999999,0.0,0.0
0.0,0.999999999999999,0.0,0.0
0.0,0.999999999999999,0.0,0.0
0.0,0.999999999999999,0.0,0.0
0.0,0.999999999999999,0.0,0.0
0.0,0.999999999999999,0.0,0.0
0.0,0.999999999999999,0.0,0.0
0.0,0.999999999999999,0.0,0.0
0.0,0.999999999999999,0.0,0.0
0.0,0.999999999999999,0.0,0.0
0.0,0.999999999999999,0.0,0.0
0.0,0.999999999999999,0.0,0.0
0.0,0.999999999999999,0.0,0.0
0.0,0.999999999999999,0.0,0.0
0.0,0.999999999999999,0.0,0.0
0.0,0.999999999999999,0.0,0.0
0.0,0.999999999999999,0.0,0.0
0.0,0.999999999999999,0.0,0.0
0.0,0.999999999999999,0.0,0.0
0.0,0.999999999999999,0.0,0.0
0.0,0.999999999999999,0.0,0.0
0.0,0.999999999999999,0.0,0.0
0.0,0.999999999999999,0.0,0.0
0.0,0.999999999999999,0.0,0.0
0.0,0.999999999999999,0.0,0.0
0.0,0.999999999999999,0.0,0.0
0.0,0.999999999999999,0.0,0.0
0.0,0.999999999999999,0.0,0.0
0.0,0.999999999999999,0.0,0.0
0.0,0.999999999999999,0.0,0.0
0.0,0.999999999999999,0.0,0.0
0.0,0.999999999999999,0.0,0.0
0.0,0.999999999999999,0.0,0.0
0.0,0.999999999999999,0.0,0.0
0.0,0.999999999999999,0.0,0.0
0.0,0.999999999999999,0.0,0.0
0.0,0.999999999999999,0.0,0.0
0.0,0.999999999999999,0.0,0.0
0.0,0.999999999999999,0.0,0.0
0.0,0.999999999999999,0.0,0.0
0.0,0.999999999999999,0.0,0.0
0.0,0.999999999999999,0.0,0.0
0.0,0.999999999999999,0.0,0.0
0.0,0.999999999999999,0.0,0.0
0.0,0.999999999999999,0.0,0.0
0.0,0.999999999999999,0.0,0.0
0.0,0.999999999999999,0.0,0.0
0.0,0.999999999999999,0.0,0.0
0.0,0.999999999999999,0.0,0.0
0.0,0.999999999999999,0.0,0.0
0.0,0.999999999999999,0.0,0.0
0.0,0.999999999999999,0.0,0.0
0.0,0.999999999999999,0.0,0.0
0.0,0.999999999999999,0.0,0.0
0.0,0.999999999999999,0.0,0.0
0.0,0.999999999999999,0.0,0.0
0.0,0.999999999999999,0.0,0.0
0.0,0.999999999999999,0.0,0.0
0.0,0.999999999999999,0.0,0.0
0.0,0.999999999999999,0.0,0.0
0.0,0.999999999999999,0.0,0.0
0.0,0.999999999999999,0.0,0.0
0.0,0.999999999999999,0.0,0.0
0.0,0.999999999999999,0.0,0.0
0.0,0.999999999999999,0.0,0.0
0.0,0.999999999999999,0.0,0.0
0.0,0.999999999999999,0.0,0.0
0.0,0.999999999999999,0.0,0.0
0.0,0.999999999999999,0.0,0.0
0.0,0.999999999999999,0.0,0.0
0.0,0.999999999999999,0.0,0.0
0.0,0.999999999999999,0.0,0.0
0.0,0.999999999999999,0.0,0.0
0.0,0.999999999999999,0.0,0.0
0.0,0.999999999999999,0.0,0.0
0.0,0.999999999999999,0.0,0.0
0.0,0.999999999999999,0.0,0.0
0.0,0.999999999999999,0.0,0.0
0.0,0.999999999999999,0.0,0.0
0.0,0.999999999999999,0.0,0.0
0.0,0.999999999999999,0.0,0.0
0.0,0.999999999999999,0.0,0.0
0.0,0.999999999999999,0.0,0.0
0.0,0.999999999999999,0.0,0.0
0.0,0.999999999999999,0.0,0.0
0.0,0.999999999999999,0.0,0.0
0.0,0.999999999999999,0.0,0.0
0.0,0.999999999999999,0.0,0.0
0.0,0.999999999999999,0.0,0.0
0.0,0.999999999999999,0.0,0.0
0.0,0.999999999999999,0.0,0.0
0.0,0.999999999999999,0.0,0.0
0.0,0.999999999999999,0.0,0.0
0.0,0.999999999999999,0.0,0.0
0.0,0.999999999999999,0.0,0.0
0.0,0.999999999999999,0.0,0.0
0.0,0.999999999999999,0.0,0.0
0.0,0.999999999999999,0.0,0.0
0.0,0.999999999999999,0.0,0.0
0.0,0.999999999999999,0.0,0.0
0.0,0.999999999999999,0.0,0.0
0.0,0.999999999999999,0.0,0.0
0.0,0.999999999999999,0.0,0.0
0.0,0.999999999999999,0.0,0.0
0.0,0.999999999999999,0.0,0.0
0.0,0.999999999999999,0.0,0.0
0.0,0.999999999999999,0.0,0.0
0.0,0.999999999999999,0.0,0.0
0.0,0.999999999999999,0.0,0.0
0.0,0.999999999999999,0.0,0.0
0.0,0.999999999999999,0.0,0.0
0.0,0.999999999999999,0.0,0.0
0.0,0.999999999999999,0.0,0.0
0.0,0.999999999999999,0.0,0.0
0.0,0.999999999999999,0.0,0.0
0.0,0.999999999999999,0.0,0.0
0.0,0.999999999999999,0.0,0.0
0.0,0.999999999999999,0.0,0.0
0.0,0.999999999999999,0.0,0.0
0.0,0.999999999999999,0.0,0.0
0.0,0.999999999999999,0.0,0.0
0.0,0.999999999999999,0.0,0.0
0.0,0.999999999999999,0.0,0.0
0.0,0.999999999999999,0.0,0.0
0.0,0.999999999999999,0.0,0.0
0.0,0.999999999999999,0.0,0.0
0.0,0.999999999999999,0.0,0.0
0.0,0.999999999999999,0.0,0.0
0.0,0.999999999999999,0.0,0.0
0.0,0.999999999999999,0.0,0.0
0.0,0.999999999999999,0.0,0.0
0.0,0.999999999999999,0.0,0.0
0.0,0.999999999999999,0.0,0.0
0.0,0.999999999999999,0.0,0.0
0.0,0.999999999999999,0.0,0.0
0.0,0.999999999999999,0.0,0.0
0.0,0.999999999999999,0.0,0.0
0.0,0.999999999999999,0.0,0.0
0.0,0.999999999999999,0.0,0.0
0.0,0.999999999999999,0.0,0.0
0.0,0.999999999999999,0.0,0.0
0.0,0.999999999999999,0.0,0.0
0.0,0.999999999999999,0.0,0.0
0.0,0.999999999999999,0.0,0.0
0.0,0.999999999999999,0.0,0.0
0.0,0.999999999999999,0.0,0.0
0.0,0.999999999999999,0.0,0.0
0.0,0.999999999999999,0.0,0.0
0.0,0.999999999999999,0.0,0.0
0.0,0.999999999999999,0.0,0.0
0.0,0.999999999999999,0.0,0.0
0.0,0.999999999999999,0.0,0.0
0.0,0.999999999999999,0.0,0.0
0.0,0.999999999999999,0.0,0.0
0.0,0.999999999999999,0.0,0.0
0.0,0.999999999999999,0.0,0.0
0.0,0.999999999999999,0.0,0.0
0.0,0.999999999999999,0.0,0.0
0.0,0.999999999999999,0.0,0.0
0.0,0.999999999999999,0.0,0.0
0.0,0.999999999999999,0.0,0.0
0.0,0.999999999999999,0.0,0.0
0.0,0.999999999999999,0.0,0.0
0.0,0.999999999999999,0.0,0.0
0.0,0.999999999999999,0.0,0.0
0.0,0.999999999999999,0.0,0.0
0.0,0.999999999999999,0.0,0.0
0.0,0.999999999999999,0.0,0.0
0.0,0.999999999999999,0.0,0.0
0.0,0.999999999999999,0.0,0.0
0.0,0.999999999999999,0.0,0.0
0.0,0.999999999999999,0.0,0.0
0.0,0.999999999999999,0.0,0.0
0.0,0.999999999999999,0.0,0.0
0.0,0.999999999999999,0.0,0.0
0.0,0.999999999999999,0.0,0.0
0.0,0.999999999999999,0.0,0.0
0.0,0.999999999999999,0.0,0.0
0.0,0.999999999999999,0.0,0.0
0.0,0.999999999999999,0.0,0.0
0.0,0.999999999999999,0.0,0.0
0.0,0.999999999999999,0.0,0.0
0.0,0.999999999999999,0.0,0.0
0.0,0.999999999999999,0.0,0.0
0.0,0.999999999999999,0.0,0.0
0.0,0.999999999999999,0.0,0.0
0.0,0.999999999999999,0.0,0.0
0.0,0.999999999999999,0.0,0.0
0.0,0.999999999999999,0.0,0.0
0.0,0.999999999999999,0.0,0.0
0.0,0.999999999999999,0.0,0.0
0.0,0.999999999999999,0.0,0.0
0.0,0.999999999999999,0.0,0.0
0.0,0.999999999999999,0.0,0.0
0.0,0.999999999999999,0.0,0.0
0.0,0.999999999999999,0.0,0.0
0.0,0.999999999999999,0.0,0.0
0.0,0.999999999999999,0.0,0.0
0.0,0.999999999999999,0.0,0.0
0.0,0.999999999999999,0.0,0.0
0.0,0.999999999999999,0.0,0.0
0.0,0.999999999999999,0.0,0.0
0.0,0.999999999999999,0.0,0.0
0.0,0.999999999999999,0.0,0.0
0.0,0.999999999999999,0.0,0.0
0.0,0.999999999999999,0.0,0.0
0.0,0.999999999999999,0.0,0.0
0.0,0.999999999999999,0.0,0.0
0.0,0.999999999999999,0.0,0.0
0.0,0.999999999999999,0.0,0.0
0.0,0.999999999999999,0.0,0.0
0.0,0.999999999999999,0.0,0.0
0.0,0.999999999999999,0.0,0.0
0.0,0.999999999999999,0.0,0.0
0.0,0.999999999999999,0.0,0.0
0.0,0.999999999999999,0.0,0.0
0.0,0.999999999999999,0.0,0.0
0.0,0.999999999999999,0.0,0.0
0.0,0.999999999999999,0.0,0.0
0.0,0.999999999999999,0.0,0.0
0.0,0.999999999999999,0.0,0.0
0.0,0.999999999999999,0.0,0.0
0.0,0.999999999999999,0.0,0.0
0.0,0.999999999999999,0.0,0.0
0.0,0.999999999999999,0.0,0.0
0.0,0.999999999999999,0.0,0.0
0.0,0.999999999999999,0.0,0.0
0.0,0.999999999999999,0.0,0.0
0.0,0.999999999999999,0.0,0.0
0.0,0.999999999999999,0.0,0.0
0.0,0.999999999999999,0.0,0.0
0.0,0.999999999999999,0.0,0.0
0.0,0.999999999999999,0.0,0.0
0.0,0.999999999999999,0.0,0.0
0.0,0.999999999999999,0.0,0.0
0.0,0.999999999999999,0.0,0.0
0.0,0.999999999999999,0.0,0.0
0.0,0.999999999999999,0.0,0.0
0.0,0.999999999999999,0.0,0.0
0.0,0.999999999999999,0.0,0.0
0.0,0.999999999999999,0.0,0.0
0.0,0.999999999999999,0.0,0.0
0.0,0.999999999999999,0.0,0.0
0.0,0.999999999999999,0.0,0.0
0.0,0.999999999999999,0.0,0.0
0.0,0.999999999999999,0.0,0.0
0.0,0.999999999999999,0.0,0.0
0.0,0.999999999999999,0.0,0.0
0.0,0.999999999999999,0.0,0.0
0.0,0.999999999999999,0.0,0.0
0.0,0.999999999999999,0.0,0.0
0.0,0.999999999999999,0.0,0.0
0.0,0.999999999999999,0.0,0.0
0.0,0.999999999999999,0.0,0.0
0.0,0.999999999999999,0.0,0.0
0.0,0.999999999999999,0.0,0.0
0.0,0.999999999999999,0.0,0.0
0.0,0.999999999999999,0.0,0.0
0.0,0.999999999999999,0.0,0.0
0.0,0.999999999999999,0.0,0.0
0.0,0.999999999999999,0.0,0.0
0.0,0.999999999999999,0.0,0.0
0.0,0.999999999999999,0.0,0.0
0.0,0.999999999999999,0.0,0.0
0.0,0.999999999999999,0.0,0.0
0.0,0.999999999999999,0.0,0.0
0.0,0.999999999999999,0.0,0.0
0.0,0.999999999999999,0.0,0.0
0.0,0.999999999999999,0.0,0.0
0.0,0.999999999999999,0.0,0.0
0.0,0.999999999999999,0.0,0.0
0.0,0.999999999999999,0.0,0.0
0.0,0.999999999999999,0.0,0.0
0.0,0.999999999999999,0.0,0.0
0.0,0.999999999999999,0.0,0.0
0.0,0.999999999999999,0.0,0.0
0.0,0.999999999999999,0.0,0.0
0.0,0.999999999999999,0.0,0.0
0.0,0.999999999999999,0.0,0.0
0.0,0.999999999999999,0.0,0.0
0.0,0.999999999999999,0.0,0.0
0.0,0.999999999999999,0.0,0.0
0.0,0.999999999999999,0.0,0.0
0.0,0.999999999999999,0.0,0.0
0.0,0.999999999999999,0.0,0.0
0.0,0.999999999999999,0.0,0.0
0.0,0.999999999999999,0.0,0.0
0.0,0.999999999999999,0.0,0.0
0.0,0.999999999999999,0.0,0.0
0.0,0.999999999999999,0.0,0.0
0.0,0.999999999999999,0.0,0.0
0.0,0.999999999999999,0.0,0.0
0.0,0.999999999999999,0.0,0.0
0.0,0.999999999999999,0.0,0.0
0.0,0.999999999999999,0.0,0.0
0.0,0.999999999999999,0.0,0.0
0.0,0.999999999999999,0.0,0.0
0.0,0.999999999999999,0.0,0.0
0.0,0.999999999999999,0.0,0.0
0.0,0.999999999999999,0.0,0.0
0.0,0.999999999999999,0.0,0.0
0.0,0.999999999999999,0.0,0.0
0.0,0.999999999999999,0.0,0.0
0.0,0.999999999999999,0.0,0.0
0.0,0.999999999999999,0.0,0.0
0.0,0.999999999999999,0.0,0.0
0.0,0.999999999999999,0.0,0.0
0.0,0.999999999999999,0.0,0.0
0.0,0.999999999999999,0.0,0.0
0.0,0.999999999999999,0.0,0.0
0.0,0.999999999999999,0.0,0.0
0.0,0.999999999999999,0.0,0.0
0.0,0.999999999999999,0.0,0.0
0.0,0.999999999999999,0.0,0.0
0.0,0.999999999999999,0.0,0.0
0.0,0.999999999999999,0.0,0.0
0.0,0.999999999999999,0.0,0.0
0.0,0.999999999999999,0.0,0.0
0.0,0.999999999999999,0.0,0.0
0.0,0.999999999999999,0.0,0.0
0.0,0.999999999999999,0.0,0.0
0.0,0.999999999999999,0.0,0.0
0.0,0.999999999999999,0.0,0.0
0.0,0.999999999999999,0.0,0.0
0.0,0.999999999999999,0.0,0.0
0.0,0.999999999999999,0.0,0.0
0.0,0.999999999999999,0.0,0.0
0.0,0.999999999999999,0.0,0.0
0.0,0.999999999999999,0.0,0.0
0.0,0.999999999999999,0.0,0.0
0.0,0.999999999999999,0.0,0.0
0.0,0.999999999999999,0.0,0.0
0.0,0.999999999999999,0.0,0.0
0.0,0.999999999999999,0.0,0.0
0.0,0.999999999999999,0.0,0.0
0.0,0.999999999999999,0.0,0.0
0.0,0.999999999999999,0.0,0.0
0.0,0.999999999999999,0.0,0.0
0.0,0.999999999999999,0.0,0.0
0.0,0.999999999999999,0.0,0.0
0.0,0.999999999999999,0.0,0.0
0.0,0.999999999999999,0.0,0.0
0.0,0.999999999999999,0.0,0.0
0.0,0.999999999999999,0.0,0.0
0.0,0.999999999999999,0.0,0.0
0.0,0.999999999999999,0.0,0.0
0.0,0.999999999999999,0.0,0.0
0.0,0.999999999999999,0.0,0.0
0.0,0.999999999999999,0.0,0.0
0.0,0.999999999999999,0.0,0.0
0.0,0.999999999999999,0.0,0.0
0.0,0.999999999999999,0.0,0.0
0.0,0.999999999999999,0.0,0.0
0.0,0.999999999999999,0.0,0.0
0.0,0.999999999999999,0.0,0.0
0.0,0.999999999999999,0.0,0.0
0.0,0.999999999999999,0.0,0.0
0.0,0.999999999999999,0.0,0.0
0.0,0.999999999999999,0.0,0.0
0.0,0.999999999999999,0.0,0.0
0.0,0.999999999999999,0.0,0.0
0.0,0.999999999999999,0.0,0.0
0.0,0.999999999999999,0.0,0.0
0.0,0.999999999999999,0.0,0.0
0.0,0.999999999999999,0.0,0.0
0.0,0.999999999999999,0.0,0.0
0.0,0.999999999999999,0.0,0.0
0.0,0.999999999999999,0.0,0.0
0.0,0.999999999999999,0.0,0.0
0.0,0.999999999999999,0.0,0.0
0.0,0.999999999999999,0.0,0.0
0.0,0.999999999999999,0.0,0.0
0.0,0.999999999999999,0.0,0.0
0.0,0.999999999999999,0.0,0.0
0.0,0.999999999999999,0.0,0.0
0.0,0.999999999999999,0.0,0.0
0.0,0.999999999999999,0.0,0.0
0.0,0.999999999999999,0.0,0.0
0.0,0.999999999999999,0.0,0.0
0.0,0.999999999999999,0.0,0.0
0.0,0.999999999999999,0.0,0.0
0.0,0.999999999999999,0.0,0.0
0.0,0.999999999999999,0.0,0.0
0.0,0.999999999999999,0.0,0.0
0.0,0.999999999999999,0.0,0.0
0.0,0.999999999999999,0.0,0.0
0.0,0.999999999999999,0.0,0.0
0.0,0.999999999999999,0.0,0.0
0.0,0.999999999999999,0.0,0.0
0.0,0.999999999999999,0.0,0.0
0.0,0.999999999999999,0.0,0.0
0.0,0.999999999999999,0.0,0.0
0.0,0.999999999999999,0.0,0.0
0.0,0.999999999999999,0.0,0.0
0.0,0.999999999999999,0.0,0.0
0.0,0.999999999999999,0.0,0.0
0.0,0.999999999999999,0.0,0.0
0.0,0.999999999999999,0.0,0.0
0.0,0.999999999999999,0.0,0.0
0.0,0.999999999999999,0.0,0.0
0.0,0.999999999999999,0.0,0.0
0.0,0.999999999999999,0.0,0.0
0.0,0.999999999999999,0.0,0.0
0.0,0.999999999999999,0.0,0.0
0.0,0.999999999999999,0.0,0.0
0.0,0.999999999999999,0.0,0.0
0.0,0.999999999999999,0.0,0.0
0.0,0.999999999999999,0.0,0.0
0.0,0.999999999999999,0.0,0.0
0.0,0.999999999999999,0.0,0.0
0.0,0.999999999999999,0.0,0.0
0.0,0.999999999999999,0.0,0.0
0.0,0.999999999999999,0.0,0.0
0.0,0.999999999999999,0.0,0.0
0.0,0.999999999999999,0.0,0.0
0.0,0.999999999999999,0.0,0.0
0.0,0.999999999999999,0.0,0.0
0.0,0.999999999999999,0.0,0.0
0.0,0.999999999999999,0.0,0.0
0.0,0.999999999999999,0.0,0.0
0.0,0.999999999999999,0.0,0.0
0.0,0.999999999999999,0.0,0.0
0.0,0.999999999999999,0.0,0.0
0.0,0.999999999999999,0.0,0.0
0.0,0.999999999999999,0.0,0.0
0.0,0.999999999999999,0.0,0.0
0.0,0.999999999999999,0.0,0.0
0.0,0.999999999999999,0.0,0.0
0.0,0.999999999999999,0.0,0.0
0.0,0.999999999999999,0.0,0.0
0.0,0.999999999999999,0.0,0.0
0.0,0.999999999999999,0.0,0.0
0.0,0.999999999999999,0.0,0.0
0.0,0.999999999999999,0.0,0.0
0.0,0.999999999999999,0.0,0.0
0.0,0.999999999999999,0.0,0.0
0.0,0.999999999999999,0.0,0.0
0.0,0.999999999999999,0.0,0.0
0.0,0.999999999999999,0.0,0.0
0.0,0.999999999999999,0.0,0.0
0.0,0.999999999999999,0.0,0.0
0.0,0.999999999999999,0.0,0.0
0.0,0.999999999999999,0.0,0.0
0.0,0.999999999999999,0.0,0.0
0.0,0.999999999999999,0.0,0.0
0.0,0.999999999999999,0.0,0.0
0.0,0.999999999999999,0.0,0.0
0.0,0.999999999999999,0.0,0.0
0.0,0.999999999999999,0.0,0.0
0.0,0.999999999999999,0.0,0.0
0.0,0.999999999999999,0.0,0.0
0.0,0.999999999999999,0.0,0.0
0.0,0.999999999999999,0.0,0.0
0.0,0.999999999999999,0.0,0.0
0.0,0.999999999999999,0.0,0.0
0.0,0.999999999999999,0.0,0.0
0.0,0.999999999999999,0.0,0.0
0.0,0.999999999999999,0.0,0.0
0.0,0.999999999999999,0.0,0.0
0.0,0.999999999999999,0.0,0.0
0.0,0.999999999999999,0.0,0.0
0.0,0.999999999999999,0.0,0.0
0.0,0.999999999999999,0.0,0.0
0.0,0.999999999999999,0.0,0.0
0.0,0.999999999999999,0.0,0.0
0.0,0.999999999999999,0.0,0.0
0.0,0.999999999999999,0.0,0.0
0.0,0.999999999999999,0.0,0.0
0.0,0.999999999999999,0.0,0.0
0.0,0.999999999999999,0.0,0.0
0.0,0.999999999999999,0.0,0.0
0.0,0.999999999999999,0.0,0.0
0.0,0.999999999999999,0.0,0.0
0.0,0.999999999999999,0.0,0.0
0.0,0.999999999999999,0.0,0.0
0.0,0.999999999999999,0.0,0.0
0.0,0.999999999999999,0.0,0.0
0.0,0.999999999999999,0.0,0.0
0.0,0.999999999999999,0.0,0.0
0.0,0.999999999999999,0.0,0.0
0.0,0.999999999999999,0.0,0.0
0.0,0.999999999999999,0.0,0.0
0.0,0.999999999999999,0.0,0.0
0.0,0.999999999999999,0.0,0.0
0.0,0.999999999999999,0.0,0.0
0.0,0.999999999999999,0.0,0.0
0.0,0.999999999999999,0.0,0.0
0.0,0.999999999999999,0.0,0.0
0.0,0.999999999999999,0.0,0.0
0.0,0.999999999999999,0.0,0.0
0.0,0.999999999999999,0.0,0.0
0.0,0.999999999999999,0.0,0.0
0.0,0.999999999999999,0.0,0.0
0.0,0.999999999999999,0.0,0.0
0.0,0.999999999999999,0.0,0.0
0.0,0.999999999999999,0.0,0.0
0.0,0.999999999999999,0.0,0.0
0.0,0.999999999999999,0.0,0.0
0.0,0.999999999999999,0.0,0.0
0.0,0.999999999999999,0.0,0.0
0.0,0.999999999999999,0.0,0.0
0.0,0.999999999999999,0.0,0.0
0.0,0.999999999999999,0.0,0.0
0.0,0.999999999999999,0.0,0.0
0.0,0.999999999999999,0.0,0.0
0.0,0.999999999999999,0.0,0.0
0.0,0.999999999999999,0.0,0.0
0.0,0.999999999999999,0.0,0.0
0.0,0.999999999999999,0.0,0.0
0.0,0.999999999999999,0.0,0.0
0.0,0.999999999999999,0.0,0.0
0.0,0.999999999999999,0.0,0.0
0.0,0.999999999999999,0.0,0.0
0.0,0.999999999999999,0.0,0.0
0.0,0.999999999999999,0.0,0.0
0.0,0.999999999999999,0.0,0.0
0.0,0.999999999999999,0.0,0.0
0.0,0.999999999999999,0.0,0.0
0.0,0.999999999999999,0.0,0.0
0.0,0.999999999999999,0.0,0.0
0.0,0.999999999999999,0.0,0.0
0.0,0.999999999999999,0.0,0.0
0.0,0.999999999999999,0.0,0.0
0.0,0.999999999999999,0.0,0.0
0.0,0.999999999999999,0.0,0.0
0.0,0.999999999999999,0.0,0.0
0.0,0.999999999999999,0.0,0.0
0.0,0.999999999999999,0.0,0.0
0.0,0.999999999999999,0.0,0.0
0.0,0.999999999999999,0.0,0.0
0.0,0.999999999999999,0.0,0.0
0.0,0.999999999999999,0.0,0.0
0.0,0.999999999999999,0.0,0.0
0.0,0.999999999999999,0.0,0.0
0.0,0.999999999999999,0.0,0.0
0.0,0.999999999999999,0.0,0.0
0.0,0.999999999999999,0.0,0.0
0.0,0.999999999999999,0.0,0.0
0.0,0.999999999999999,0.0,0.0
0.0,0.999999999999999,0.0,0.0
0.0,0.999999999999999,0.0,0.0
0.0,0.999999999999999,0.0,0.0
0.0,0.999999999999999,0.0,0.0
0.0,0.999999999999999,0.0,0.0
0.0,0.999999999999999,0.0,0.0
0.0,0.999999999999999,0.0,0.0
0.0,0.999999999999999,0.0,0.0
0.0,0.999999999999999,0.0,0.0
0.0,0.999999999999999,0.0,0.0
0.0,0.999999999999999,0.0,0.0
0.0,0.999999999999999,0.0,0.0
0.0,0.999999999999999,0.0,0.0
0.0,0.999999999999999,0.0,0.0
0.0,0.999999999999999,0.0,0.0
0.0,0.999999999999999,0.0,0.0
0.0,0.999999999999999,0.0,0.0
0.0,0.999999999999999,0.0,0.0
0.0,0.999999999999999,0.0,0.0
0.0,0.999999999999999,0.0,0.0
0.0,0.999999999999999,0.0,0.0
0.0,0.999999999999999,0.0,0.0
0.0,0.999999999999999,0.0,0.0
0.0,0.999999999999999,0.0,0.0
0.0,0.999999999999999,0.0,0.0
0.0,0.999999999999999,0.0,0.0
0.0,0.999999999999999,0.0,0.0
0.0,0.999999999999999,0.0,0.0
0.0,0.999999999999999,0.0,0.0
0.0,0.999999999999999,0.0,0.0
0.0,0.999999999999999,0.0,0.0
0.0,0.999999999999999,0.0,0.0
0.0,0.999999999999999,0.0,0.0
0.0,0.999999999999999,0.0,0.0
0.0,0.999999999999999,0.0,0.0
0.0,0.999999999999999,0.0,0.0
0.0,0.999999999999999,0.0,0.0
0.0,0.999999999999999,0.0,0.0
0.0,0.999999999999999,0.0,0.0
0.0,0.999999999999999,0.0,0.0
0.0,0.999999999999999,0.0,0.0
0.0,0.999999999999999,0.0,0.0
0.0,0.999999999999999,0.0,0.0
0.0,0.999999999999999,0.0,0.0
0.0,0.999999999999999,0.0,0.0
0.0,0.999999999999999,0.0,0.0
0.0,0.999999999999999,0.0,0.0
0.0,0.999999999999999,0.0,0.0
0.0,0.999999999999999,0.0,0.0
0.0,0.999999999999999,0.0,0.0
0.0,0.999999999999999,0.0,0.0
0.0,0.999999999999999,0.0,0.0
0.0,0.999999999999999,0.0,0.0
0.0,0.999999999999999,0.0,0.0
0.0,0.999999999999999,0.0,0.0
0.0,0.999999999999999,0.0,0.0
0.0,0.999999999999999,0.0,0.0
0.0,0.999999999999999,0.0,0.0
0.0,0.999999999999999,0.0,0.0
0.0,0.999999999999999,0.0,0.0
0.0,0.999999999999999,0.0,0.0
0.0,0.999999999999999,0.0,0.0
0.0,0.999999999999999,0.0,0.0
0.0,0.999999999999999,0.0,0.0
0.0,0.999999999999999,0.0,0.0
0.0,0.999999999999999,0.0,0.0
0.0,0.999999999999999,0.0,0.0
0.0,0.999999999999999,0.0,0.0
0.0,0.999999999999999,0.0,0.0
0.0,0.999999999999999,0.0,0.0
0.0,0.999999999999999,0.0,0.0
0.0,0.999999999999999,0.0,0.0
0.0,0.999999999999999,0.0,0.0
0.0,0.999999999999999,0.0,0.0
0.0,0.999999999999999,0.0,0.0
0.0,0.999999999999999,0.0,0.0
0.0,0.999999999999999,0.0,0.0
0.0,0.999999999999999,0.0,0.0
0.0,0.999999999999999,0.0,0.0
0.0,0.999999999999999,0.0,0.0
0.0,0.999999999999999,0.0,0.0
0.0,0.999999999999999,0.0,0.0
0.0,0.999999999999999,0.0,0.0
0.0,0.999999999999999,0.0,0.0
0.0,0.999999999999999,0.0,0.0
0.0,0.999999999999999,0.0,0.0
0.0,0.999999999999999,0.0,0.0
0.0,0.999999999999999,0.0,0.0
0.0,0.999999999999999,0.0,0.0
0.0,0.999999999999999,0.0,0.0
0.0,0.999999999999999,0.0,0.0
0.0,0.999999999999999,0.0,0.0
0.0,0.999999999999999,0.0,0.0
0.0,0.999999999999999,0.0,0.0
0.0,0.999999999999999,0.0,0.0
0.0,0.999999999999999,0.0,0.0
0.0,0.999999999999999,0.0,0.0
0.0,0.999999999999999,0.0,0.0
0.0,0.999999999999999,0.0,0.0
0.0,0.999999999999999,0.0,0.0
0.0,0.999999999999999,0.0,0.0
0.0,0.999999999999999,0.0,0.0
0.0,0.999999999999999,0.0,0.0
0.0,0.999999999999999,0.0,0.0
0.0,0.999999999999999,0.0,0.0
0.0,0.999999999999999,0.0,0.0
0.0,0.999999999999999,0.0,0.0
0.0,0.999999999999999,0.0,0.0
0.0,0.999999999999999,0.0,0.0
0.0,0.999999999999999,0.0,0.0
0.0,0.999999999999999,0.0,0.0
0.0,0.999999999999999,0.0,0.0
0.0,0.999999999999999,0.0,0.0
0.0,0.999999999999999,0.0,0.0
0.0,0.999999999999999,0.0,0.0
0.0,0.999999999999999,0.0,0.0
0.0,0.999999999999999,0.0,0.0
0.0,0.999999999999999,0.0,0.0
0.0,0.999999999999999,0.0,0.0
0.0,0.999999999999999,0.0,0.0
0.0,0.999999999999999,0.0,0.0
0.0,0.999999999999999,0.0,0.0
0.0,0.999999999999999,0.0,0.0
0.0,0.999999999999999,0.0,0.0
0.0,0.999999999999999,0.0,0.0
0.0,0.999999999999999,0.0,0.0
0.0,0.999999999999999,0.0,0.0
0.0,0.999999999999999,0.0,0.0
0.0,0.999999999999999,0.0,0.0
0.0,0.999999999999999,0.0,0.0
0.0,0.999999999999999,0.0,0.0
0.0,0.999999999999999,0.0,0.0
0.0,0.999999999999999,0.0,0.0
0.0,0.999999999999999,0.0,0.0
0.0,0.999999999999999,0.0,0.0
0.0,0.999999999999999,0.0,0.0
0.0,0.999999999999999,0.0,0.0
0.0,0.999999999999999,0.0,0.0
0.0,0.999999999999999,0.0,0.0
0.0,0.999999999999999,0.0,0.0
0.0,0.999999999999999,0.0,0.0
0.0,0.999999999999999,0.0,0.0
0.0,0.999999999999999,0.0,0.0
0.0,0.999999999999999,0.0,0.0
0.0,0.999999999999999,0.0,0.0
0.0,0.999999999999999,0.0,0.0
0.0,0.999999999999999,0.0,0.0
0.0,0.999999999999999,0.0,0.0
0.0,0.999999999999999,0.0,0.0
0.0,0.999999999999999,0.0,0.0
0.0,0.999999999999999,0.0,0.0
0.0,0.999999999999999,0.0,0.0
0.0,0.999999999999999,0.0,0.0
0.0,0.999999999999999,0.0,0.0
0.0,0.999999999999999,0.0,0.0
0.0,0.999999999999999,0.0,0.0
0.0,0.999999999999999,0.0,0.0
0.0,0.999999999999999,0.0,0.0
0.0,0.999999999999999,0.0,0.0
0.0,0.999999999999999,0.0,0.0
0.0,0.999999999999999,0.0,0.0
0.0,0.999999999999999,0.0,0.0
0.0,0.999999999999999,0.0,0.0
0.0,0.999999999999999,0.0,0.0
0.0,0.999999999999999,0.0,0.0
0.0,0.999999999999999,0.0,0.0
0.0,0.999999999999999,0.0,0.0
0.0,0.999999999999999,0.0,0.0
0.0,0.999999999999999,0.0,0.0
0.0,0.999999999999999,0.0,0.0
0.0,0.999999999999999,0.0,0.0
0.0,0.999999999999999,0.0,0.0
0.0,0.999999999999999,0.0,0.0
0.0,0.999999999999999,0.0,0.0
0.0,0.999999999999999,0.0,0.0
0.0,0.999999999999999,0.0,0.0
0.0,0.999999999999999,0.0,0.0
0.0,0.999999999999999,0.0,0.0
0.0,0.999999999999999,0.0,0.0
0.0,0.999999999999999,0.0,0.0
0.0,0.999999999999999,0.0,0.0
0.0,0.999999999999999,0.0,0.0
0.0,0.999999999999999,0.0,0.0
0.0,0.999999999999999,0.0,0.0
0.0,0.999999999999999,0.0,0.0
0.0,0.999999999999999,0.0,0.0
0.0,0.999999999999999,0.0,0.0
0.0,0.999999999999999,0.0,0.0
0.0,0.999999999999999,0.0,0.0
0.0,0.999999999999999,0.0,0.0
0.0,0.999999999999999,0.0,0.0
0.0,0.999999999999999,0.0,0.0
0.0,0.999999999999999,0.0,0.0
0.0,0.999999999999999,0.0,0.0
0.0,0.999999999999999,0.0,0.0
0.0,0.999999999999999,0.0,0.0
0.0,0.999999999999999,0.0,0.0
0.0,0.999999999999999,0.0,0.0
0.0,0.999999999999999,0.0,0.0
0.0,0.999999999999999,0.0,0.0
0.0,0.999999999999999,0.0,0.0
0.0,0.999999999999999,0.0,0.0
0.0,0.999999999999999,0.0,0.0
0.0,0.999999999999999,0.0,0.0
0.0,0.999999999999999,0.0,0.0
0.0,0.999999999999999,0.0,0.0
0.0,0.999999999999999,0.0,0.0
0.0,0.999999999999999,0.0,0.0
0.0,0.999999999999999,0.0,0.0
0.0,0.999999999999999,0.0,0.0
0.0,0.999999999999999,0.0,0.0
0.0,0.999999999999999,0.0,0.0
0.0,0.999999999999999,0.0,0.0
0.0,0.999999999999999,0.0,0.0
0.0,0.999999999999999,0.0,0.0
0.0,0.999999999999999,0.0,0.0
0.0,0.999999999999999,0.0,0.0
0.0,0.999999999999999,0.0,0.0
0.0,0.999999999999999,0.0,0.0
0.0,0.999999999999999,0.0,0.0
0.0,0.999999999999999,0.0,0.0
0.0,0.999999999999999,0.0,0.0
0.0,0.999999999999999,0.0,0.0
0.0,0.999999999999999,0.0,0.0
0.0,0.999999999999999,0.0,0.0
0.0,0.999999999999999,0.0,0.0
0.0,0.999999999999999,0.0,0.0
0.0,0.999999999999999,0.0,0.0
0.0,0.999999999999999,0.0,0.0
0.0,0.999999999999999,0.0,0.0
0.0,0.999999999999999,0.0,0.0
0.0,0.999999999999999,0.0,0.0
0.0,0.999999999999999,0.0,0.0
0.0,0.999999999999999,0.0,0.0
0.0,0.999999999999999,0.0,0.0
0.0,0.999999999999999,0.0,0.0
0.0,0.999999999999999,0.0,0.0
0.0,0.999999999999999,0.0,0.0
0.0,0.999999999999999,0.0,0.0
0.0,0.999999999999999,0.0,0.0
0.0,0.999999999999999,0.0,0.0
0.0,0.999999999999999,0.0,0.0
0.0,0.999999999999999,0.0,0.0
0.0,0.999999999999999,0.0,0.0
0.0,0.999999999999999,0.0,0.0
0.0,0.999999999999999,0.0,0.0
0.0,0.999999999999999,0.0,0.0
0.0,0.999999999999999,0.0,0.0
0.0,0.999999999999999,0.0,0.0
0.0,0.999999999999999,0.0,0.0
0.0,0.999999999999999,0.0,0.0
0.0,0.999999999999999,0.0,0.0
0.0,0.999999999999999,0.0,0.0
0.0,0.999999999999999,0.0,0.0
0.0,0.999999999999999,0.0,0.0
0.0,0.999999999999999,0.0,0.0
0.0,0.999999999999999,0.0,0.0
0.0,0.999999999999999,0.0,0.0
0.0,0.999999999999999,0.0,0.0
0.0,0.999999999999999,0.0,0.0
0.0,0.999999999999999,0.0,0.0
0.0,0.999999999999999,0.0,0.0
0.0,0.999999999999999,0.0,0.0
0.0,0.999999999999999,0.0,0.0
0.0,0.999999999999999,0.0,0.0
0.0,0.999999999999999,0.0,0.0
0.0,0.999999999999999,0.0,0.0
0.0,0.999999999999999,0.0,0.0
0.0,0.999999999999999,0.0,0.0
0.0,0.999999999999999,0.0,0.0
0.0,0.999999999999999,0.0,0.0
0.0,0.999999999999999,0.0,0.0
0.0,0.999999999999999,0.0,0.0
0.0,0.999999999999999,0.0,0.0
0.0,0.999999999999999,0.0,0.0
0.0,0.999999999999999,0.0,0.0
0.0,0.999999999999999,0.0,0.0
0.0,0.999999999999999,0.0,0.0
0.0,0.999999999999999,0.0,0.0
0.0,0.999999999999999,0.0,0.0
0.0,0.999999999999999,0.0,0.0
0.0,0.999999999999999,0.0,0.0
0.0,0.999999999999999,0.0,0.0
0.0,0.999999999999999,0.0,0.0
0.0,0.999999999999999,0.0,0.0
0.0,0.999999999999999,0.0,0.0
0.0,0.999999999999999,0.0,0.0
0.0,0.999999999999999,0.0,0.0
0.0,0.999999999999999,0.0,0.0
0.0,0.999999999999999,0.0,0.0
0.0,0.999999999999999,0.0,0.0
0.0,0.999999999999999,0.0,0.0
0.0,0.999999999999999,0.0,0.0
0.0,0.999999999999999,0.0,0.0
0.0,0.999999999999999,0.0,0.0
0.0,0.999999999999999,0.0,0.0
0.0,0.999999999999999,0.0,0.0
0.0,0.999999999999999,0.0,0.0
0.0,0.999999999999999,0.0,0.0
0.0,0.999999999999999,0.0,0.0
0.0,0.999999999999999,0.0,0.0
0.0,0.999999999999999,0.0,0.0
0.0,0.999999999999999,0.0,0.0
0.0,0.999999999999999,0.0,0.0
0.0,0.999999999999999,0.0,0.0
0.0,0.999999999999999,0.0,0.0
0.0,0.999999999999999,0.0,0.0
0.0,0.999999999999999,0.0,0.0
0.0,0.999999999999999,0.0,0.0
0.0,0.999999999999999,0.0,0.0
0.0,0.999999999999999,0.0,0.0
0.0,0.999999999999999,0.0,0.0
0.0,0.999999999999999,0.0,0.0
0.0,0.999999999999999,0.0,0.0
0.0,0.999999999999999,0.0,0.0
0.0,0.999999999999999,0.0,0.0
0.0,0.999999999999999,0.0,0.0
0.0,0.999999999999999,0.0,0.0
0.0,0.999999999999999,0.0,0.0
0.0,0.999999999999999,0.0,0.0
0.0,0.999999999999999,0.0,0.0
0.0,0.999999999999999,0.0,0.0
0.0,0.999999999999999,0.0,0.0
0.0,0.999999999999999,0.0,0.0
0.0,0.999999999999999,0.0,0.0
0.0,0.999999999999999,0.0,0.0
0.0,0.999999999999999,0.0,0.0
0.0,0.999999999999999,0.0,0.0
0.0,0.999999999999999,0.0,0.0
0.0,0.999999999999999,0.0,0.0
0.0,0.999999999999999,0.0,0.0
0.0,0.999999999999999,0.0,0.0
0.0,0.999999999999999,0.0,0.0
0.0,0.999999999999999,0.0,0.0
0.0,0.999999999999999,0.0,0.0
0.0,0.999999999999999,0.0,0.0
0.0,0.999999999999999,0.0,0.0
0.0,0.999999999999999,0.0,0.0
0.0,0.999999999999999,0.0,0.0
0.0,0.999999999999999,0.0,0.0
0.0,0.999999999999999,0.0,0.0
0.0,0.999999999999999,0.0,0.0
0.0,0.999999999999999,0.0,0.0
0.0,0.999999999999999,0.0,0.0
0.0,0.999999999999999,0.0,0.0
0.0,0.999999999999999,0.0,0.0
0.0,0.999999999999999,0.0,0.0
0.0,0.999999999999999,0.0,0.0
0.0,0.999999999999999,0.0,0.0
0.0,0.999999999999999,0.0,0.0
0.0,0.999999999999999,0.0,0.0
0.0,0.999999999999999,0.0,0.0
0.0,0.999999999999999,0.0,0.0
0.0,0.999999999999999,0.0,0.0
0.0,0.999999999999999,0.0,0.0
0.0,0.999999999999999,0.0,0.0
0.0,0.999999999999999,0.0,0.0
0.0,0.999999999999999,0.0,0.0
0.0,0.999999999999999,0.0,0.0
0.0,0.999999999999999,0.0,0.0
0.0,0.999999999999999,0.0,0.0
0.0,0.999999999999999,0.0,0.0
0.0,0.999999999999999,0.0,0.0
0.0,0.999999999999999,0.0,0.0
0.0,0.999999999999999,0.0,0.0
0.0,0.999999999999999,0.0,0.0
0.0,0.999999999999999,0.0,0.0
0.0,0.999999999999999,0.0,0.0
0.0,0.999999999999999,0.0,0.0
0.0,0.999999999999999,0.0,0.0
0.0,0.999999999999999,0.0,0.0
0.0,0.999999999999999,0.0,0.0
0.0,0.999999999999999,0.0,0.0
0.0,0.999999999999999,0.0,0.0
0.0,0.999999999999999,0.0,0.0
0.0,0.999999999999999,0.0,0.0
0.0,0.999999999999999,0.0,0.0
0.0,0.999999999999999,0.0,0.0
0.0,0.999999999999999,0.0,0.0
0.0,0.999999999999999,0.0,0.0
0.0,0.999999999999999,0.0,0.0
0.0,0.999999999999999,0.0,0.0
0.0,0.999999999999999,0.0,0.0
0.0,0.999999999999999,0.0,0.0
0.0,0.999999999999999,0.0,0.0
0.0,0.999999999999999,0.0,0.0
0.0,0.999999999999999,0.0,0.0
0.0,0.999999999999999,0.0,0.0
0.0,0.999999999999999,0.0,0.0
0.0,0.999999999999999,0.0,0.0
0.0,0.999999999999999,0.0,0.0
0.0,0.999999999999999,0.0,0.0
0.0,0.999999999999999,0.0,0.0
0.0,0.999999999999999,0.0,0.0
0.0,0.999999999999999,0.0,0.0
0.0,0.999999999999999,0.0,0.0
0.0,0.999999999999999,0.0,0.0
0.0,0.999999999999999,0.0,0.0
0.0,0.999999999999999,0.0,0.0
0.0,0.999999999999999,0.0,0.0
0.0,0.999999999999999,0.0,0.0
0.0,0.999999999999999,0.0,0.0
0.0,0.999999999999999,0.0,0.0
0.0,0.999999999999999,0.0,0.0
0.0,0.999999999999999,0.0,0.0
0.0,0.999999999999999,0.0,0.0
0.0,0.999999999999999,0.0,0.0
0.0,0.999999999999999,0.0,0.0
0.0,0.999999999999999,0.0,0.0
0.0,0.999999999999999,0.0,0.0
0.0,0.999999999999999,0.0,0.0
0.0,0.999999999999999,0.0,0.0
0.0,0.999999999999999,0.0,0.0
0.0,0.999999999999999,0.0,0.0
0.0,0.999999999999999,0.0,0.0
0.0,0.999999999999999,0.0,0.0
0.0,0.999999999999999,0.0,0.0
0.0,0.999999999999999,0.0,0.0
0.0,0.999999999999999,0.0,0.0
0.0,0.999999999999999,0.0,0.0
0.0,0.999999999999999,0.0,0.0
0.0,0.999999999999999,0.0,0.0
0.0,0.999999999999999,0.0,0.0
0.0,0.999999999999999,0.0,0.0
0.0,0.999999999999999,0.0,0.0
0.0,0.999999999999999,0.0,0.0
0.0,0.999999999999999,0.0,0.0
0.0,0.999999999999999,0.0,0.0
0.0,0.999999999999999,0.0,0.0
0.0,0.999999999999999,0.0,0.0
0.0,0.999999999999999,0.0,0.0
0.0,0.999999999999999,0.0,0.0
0.0,0.999999999999999,0.0,0.0
0.0,0.999999999999999,0.0,0.0
0.0,0.999999999999999,0.0,0.0
0.0,0.999999999999999,0.0,0.0
0.0,0.999999999999999,0.0,0.0
0.0,0.999999999999999,0.0,0.0
0.0,0.999999999999999,0.0,0.0
0.0,0.999999999999999,0.0,0.0
0.0,0.999999999999999,0.0,0.0
0.0,0.999999999999999,0.0,0.0
0.0,0.999999999999999,0.0,0.0
0.0,0.999999999999999,0.0,0.0
0.0,0.999999999999999,0.0,0.0
0.0,0.999999999999999,0.0,0.0
0.0,0.999999999999999,0.0,0.0
0.0,0.999999999999999,0.0,0.0
0.0,0.999999999999999,0.0,0.0
0.0,0.999999999999999,0.0,0.0
0.0,0.999999999999999,0.0,0.0
0.0,0.999999999999999,0.0,0.0
0.0,0.999999999999999,0.0,0.0
0.0,0.999999999999999,0.0,0.0
0.0,0.999999999999999,0.0,0.0
0.0,0.999999999999999,0.0,0.0
0.0,0.999999999999999,0.0,0.0
0.0,0.999999999999999,0.0,0.0
0.0,0.999999999999999,0.0,0.0
0.0,0.999999999999999,0.0,0.0
0.0,0.999999999999999,0.0,0.0
0.0,0.999999999999999,0.0,0.0
0.0,0.999999999999999,0.0,0.0
0.0,0.999999999999999,0.0,0.0
0.0,0.999999999999999,0.0,0.0
0.0,0.999999999999999,0.0,0.0
0.0,0.999999999999999,0.0,0.0
0.0,0.999999999999999,0.0,0.0
0.0,0.999999999999999,0.0,0.0
0.0,0.999999999999999,0.0,0.0
0.0,0.999999999999999,0.0,0.0
0.0,0.999999999999999,0.0,0.0
0.0,0.999999999999999,0.0,0.0
0.0,0.999999999999999,0.0,0.0
0.0,0.999999999999999,0.0,0.0
0.0,0.999999999999999,0.0,0.0
0.0,0.999999999999999,0.0,0.0
0.0,0.999999999999999,0.0,0.0
0.0,0.999999999999999,0.0,0.0
0.0,0.999999999999999,0.0,0.0
0.0,0.999999999999999,0.0,0.0
0.0,0.999999999999999,0.0,0.0
0.0,0.999999999999999,0.0,0.0
0.0,0.999999999999999,0.0,0.0
0.0,0.999999999999999,0.0,0.0
0.0,0.999999999999999,0.0,0.0
0.0,0.999999999999999,0.0,0.0
0.0,0.999999999999999,0.0,0.0
0.0,0.999999999999999,0.0,0.0
0.0,0.999999999999999,0.0,0.0
0.0,0.999999999999999,0.0,0.0
0.0,0.999999999999999,0.0,0.0
0.0,0.999999999999999,0.0,0.0
0.0,0.999999999999999,0.0,0.0
0.0,0.999999999999999,0.0,0.0
0.0,0.999999999999999,0.0,0.0
0.0,0.999999999999999,0.0,0.0
0.0,0.999999999999999,0.0,0.0
0.0,0.999999999999999,0.0,0.0
0.0,0.999999999999999,0.0,0.0
0.0,0.999999999999999,0.0,0.0
0.0,0.999999999999999,0.0,0.0
0.0,0.999999999999999,0.0,0.0
0.0,0.999999999999999,0.0,0.0
0.0,0.999999999999999,0.0,0.0
0.0,0.999999999999999,0.0,0.0
0.0,0.999999999999999,0.0,0.0
0.0,0.999999999999999,0.0,0.0
0.0,0.999999999999999,0.0,0.0
0.0,0.999999999999999,0.0,0.0
0.0,0.999999999999999,0.0,0.0
0.0,0.999999999999999,0.0,0.0
0.0,0.999999999999999,0.0,0.0
0.0,0.999999999999999,0.0,0.0
0.0,0.999999999999999,0.0,0.0
0.0,0.999999999999999,0.0,0.0
0.0,0.999999999999999,0.0,0.0
0.0,0.999999999999999,0.0,0.0
0.0,0.999999999999999,0.0,0.0
0.0,0.999999999999999,0.0,0.0
0.0,0.999999999999999,0.0,0.0
0.0,0.999999999999999,0.0,0.0
0.0,0.999999999999999,0.0,0.0
0.0,0.999999999999999,0.0,0.0
0.0,0.999999999999999,0.0,0.0
0.0,0.999999999999999,0.0,0.0
0.0,0.999999999999999,0.0,0.0
0.0,0.999999999999999,0.0,0.0
0.0,0.999999999999999,0.0,0.0
0.0,0.999999999999999,0.0,0.0
0.0,0.999999999999999,0.0,0.0
0.0,0.999999999999999,0.0,0.0
0.0,0.999999999999999,0.0,0.0
0.0,0.999999999999999,0.0,0.0
0.0,0.999999999999999,0.0,0.0
0.0,0.999999999999999,0.0,0.0
0.0,0.999999999999999,0.0,0.0
0.0,0.999999999999999,0.0,0.0
0.0,0.999999999999999,0.0,0.0
0.0,0.999999999999999,0.0,0.0
0.0,0.999999999999999,0.0,0.0
0.0,0.999999999999999,0.0,0.0
0.0,0.999999999999999,0.0,0.0
0.0,0.999999999999999,0.0,0.0
0.0,0.999999999999999,0.0,0.0
0.0,0.999999999999999,0.0,0.0
0.0,0.999999999999999,0.0,0.0
0.0,0.999999999999999,0.0,0.0
0.0,0.999999999999999,0.0,0.0
0.0,0.999999999999999,0.0,0.0
0.0,0.999999999999999,0.0,0.0
0.0,0.999999999999999,0.0,0.0
0.0,0.999999999999999,0.0,0.0
0.0,0.999999999999999,0.0,0.0
0.0,0.999999999999999,0.0,0.0
0.0,0.999999999999999,0.0,0.0
0.0,0.999999999999999,0.0,0.0
0.0,0.999999999999999,0.0,0.0
0.0,0.999999999999999,0.0,0.0
0.0,0.999999999999999,0.0,0.0
0.0,0.999999999999999,0.0,0.0
0.0,0.999999999999999,0.0,0.0
0.0,0.999999999999999,0.0,0.0
0.0,0.999999999999999,0.0,0.0
0.0,0.999999999999999,0.0,0.0
0.0,0.999999999999999,0.0,0.0
0.0,0.999999999999999,0.0,0.0
0.0,0.999999999999999,0.0,0.0
0.0,0.999999999999999,0.0,0.0
0.0,0.999999999999999,0.0,0.0
0.0,0.999999999999999,0.0,0.0
0.0,0.999999999999999,0.0,0.0
0.0,0.999999999999999,0.0,0.0
0.0,0.999999999999999,0.0,0.0
0.0,0.999999999999999,0.0,0.0
0.0,0.999999999999999,0.0,0.0
0.0,0.999999999999999,0.0,0.0
0.0,0.999999999999999,0.0,0.0
0.0,0.999999999999999,0.0,0.0
0.0,0.999999999999999,0.0,0.0
0.0,0.999999999999999,0.0,0.0
0.0,0.999999999999999,0.0,0.0
0.0,0.999999999999999,0.0,0.0
0.0,0.999999999999999,0.0,0.0
0.0,0.999999999999999,0.0,0.0
0.0,0.999999999999999,0.0,0.0
0.0,0.999999999999999,0.0,0.0
0.0,0.999999999999999,0.0,0.0
0.0,0.999999999999999,0.0,0.0
0.0,0.999999999999999,0.0,0.0
0.0,0.999999999999999,0.0,0.0
0.0,0.999999999999999,0.0,0.0
0.0,0.999999999999999,0.0,0.0
0.0,0.999999999999999,0.0,0.0
0.0,0.999999999999999,0.0,0.0
0.0,0.999999999999999,0.0,0.0
0.0,0.999999999999999,0.0,0.0
0.0,0.999999999999999,0.0,0.0
0.0,0.999999999999999,0.0,0.0
0.0,0.999999999999999,0.0,0.0
0.0,0.999999999999999,0.0,0.0
0.0,0.999999999999999,0.0,0.0
0.0,0.999999999999999,0.0,0.0
0.0,0.999999999999999,0.0,0.0
0.0,0.999999999999999,0.0,0.0
0.0,0.999999999999999,0.0,0.0
0.0,0.999999999999999,0.0,0.0
0.0,0.999999999999999,0.0,0.0
0.0,0.999999999999999,0.0,0.0
0.0,0.999999999999999,0.0,0.0
0.0,0.999999999999999,0.0,0.0
0.0,0.999999999999999,0.0,0.0
0.0,0.999999999999999,0.0,0.0
0.0,0.999999999999999,0.0,0.0
0.0,0.999999999999999,0.0,0.0
0.0,0.999999999999999,0.0,0.0
0.0,0.999999999999999,0.0,0.0
0.0,0.999999999999999,0.0,0.0
0.0,0.999999999999999,0.0,0.0
0.0,0.999999999999999,0.0,0.0
0.0,0.999999999999999,0.0,0.0
0.0,0.999999999999999,0.0,0.0
0.0,0.999999999999999,0.0,0.0
0.0,0.999999999999999,0.0,0.0
0.0,0.999999999999999,0.0,0.0
0.0,0.999999999999999,0.0,0.0
0.0,0.999999999999999,0.0,0.0
0.0,0.999999999999999,0.0,0.0
0.0,0.999999999999999,0.0,0.0
0.0,0.999999999999999,0.0,0.0
0.0,0.999999999999999,0.0,0.0
0.0,0.999999999999999,0.0,0.0
0.0,0.999999999999999,0.0,0.0
0.0,0.999999999999999,0.0,0.0
0.0,0.999999999999999,0.0,0.0
0.0,0.999999999999999,0.0,0.0
0.0,0.999999999999999,0.0,0.0
0.0,0.999999999999999,0.0,0.0
0.0,0.999999999999999,0.0,0.0
0.0,0.999999999999999,0.0,0.0
0.0,0.999999999999999,0.0,0.0
0.0,0.999999999999999,0.0,0.0
0.0,0.999999999999999,0.0,0.0
0.0,0.999999999999999,0.0,0.0
0.0,0.999999999999999,0.0,0.0
0.0,0.999999999999999,0.0,0.0
0.0,0.999999999999999,0.0,0.0
0.0,0.999999999999999,0.0,0.0
0.0,0.999999999999999,0.0,0.0
0.0,0.999999999999999,0.0,0.0
0.0,0.999999999999999,0.0,0.0
0.0,0.999999999999999,0.0,0.0
0.0,0.999999999999999,0.0,0.0
0.0,0.999999999999999,0.0,0.0
0.0,0.999999999999999,0.0,0.0
0.0,0.999999999999999,0.0,0.0
0.0,0.999999999999999,0.0,0.0
0.0,0.999999999999999,0.0,0.0
0.0,0.999999999999999,0.0,0.0
0.0,0.999999999999999,0.0,0.0
0.0,0.999999999999999,0.0,0.0
0.0,0.999999999999999,0.0,0.0
0.0,0.999999999999999,0.0,0.0
0.0,0.999999999999999,0.0,0.0
0.0,0.999999999999999,0.0,0.0
0.0,0.999999999999999,0.0,0.0
0.0,0.999999999999999,0.0,0.0
0.0,0.999999999999999,0.0,0.0
0.0,0.999999999999999,0.0,0.0
0.0,0.999999999999999,0.0,0.0
0.0,0.999999999999999,0.0,0.0
0.0,0.999999999999999,0.0,0.0
0.0,0.999999999999999,0.0,0.0
0.0,0.999999999999999,0.0,0.0
0.0,0.999999999999999,0.0,0.0
0.0,0.999999999999999,0.0,0.0
0.0,0.999999999999999,0.0,0.0
0.0,0.999999999999999,0.0,0.0
0.0,0.999999999999999,0.0,0.0
0.0,0.999999999999999,0.0,0.0
0.0,0.999999999999999,0.0,0.0
0.0,0.999999999999999,0.0,0.0
0.0,0.999999999999999,0.0,0.0
0.0,0.999999999999999,0.0,0.0
0.0,0.999999999999999,0.0,0.0
0.0,0.999999999999999,0.0,0.0
0.0,0.999999999999999,0.0,0.0
0.0,0.999999999999999,0.0,0.0
0.0,0.999999999999999,0.0,0.0
0.0,0.999999999999999,0.0,0.0
0.0,0.999999999999999,0.0,0.0
0.0,0.999999999999999,0.0,0.0
0.0,0.999999999999999,0.0,0.0
0.0,0.999999999999999,0.0,0.0
0.0,0.999999999999999,0.0,0.0
0.0,0.999999999999999,0.0,0.0
0.0,0.999999999999999,0.0,0.0
0.0,0.999999999999999,0.0,0.0
0.0,0.999999999999999,0.0,0.0
0.0,0.999999999999999,0.0,0.0
0.0,0.999999999999999,0.0,0.0
0.0,0.999999999999999,0.0,0.0
0.0,0.999999999999999,0.0,0.0
0.0,0.999999999999999,0.0,0.0
0.0,0.999999999999999,0.0,0.0
0.0,0.999999999999999,0.0,0.0
0.0,0.999999999999999,0.0,0.0
0.0,0.999999999999999,0.0,0.0
0.0,0.999999999999999,0.0,0.0
0.0,0.999999999999999,0.0,0.0
0.0,0.999999999999999,0.0,0.0
0.0,0.999999999999999,0.0,0.0
0.0,0.999999999999999,0.0,0.0
0.0,0.999999999999999,0.0,0.0
0.0,0.999999999999999,0.0,0.0
0.0,0.999999999999999,0.0,0.0
0.0,0.999999999999999,0.0,0.0
0.0,0.999999999999999,0.0,0.0
0.0,0.999999999999999,0.0,0.0
0.0,0.999999999999999,0.0,0.0
0.0,0.999999999999999,0.0,0.0
0.0,0.999999999999999,0.0,0.0
0.0,0.999999999999999,0.0,0.0
0.0,0.999999999999999,0.0,0.0
0.0,0.999999999999999,0.0,0.0
0.0,0.999999999999999,0.0,0.0
0.0,0.999999999999999,0.0,0.0
0.0,0.999999999999999,0.0,0.0
0.0,0.999999999999999,0.0,0.0
0.0,0.999999999999999,0.0,0.0
0.0,0.999999999999999,0.0,0.0
0.0,0.999999999999999,0.0,0.0
0.0,0.999999999999999,0.0,0.0
0.0,0.999999999999999,0.0,0.0
0.0,0.999999999999999,0.0,0.0
0.0,0.999999999999999,0.0,0.0
0.0,0.999999999999999,0.0,0.0
0.0,0.999999999999999,0.0,0.0
0.0,0.999999999999999,0.0,0.0
0.0,0.999999999999999,0.0,0.0
0.0,0.999999999999999,0.0,0.0
0.0,0.999999999999999,0.0,0.0
0.0,0.999999999999999,0.0,0.0
0.0,0.999999999999999,0.0,0.0
0.0,0.999999999999999,0.0,0.0
0.0,0.999999999999999,0.0,0.0
0.0,0.999999999999999,0.0,0.0
0.0,0.999999999999999,0.0,0.0
0.0,0.999999999999999,0.0,0.0
0.0,0.999999999999999,0.0,0.0
0.0,0.999999999999999,0.0,0.0
0.0,0.999999999999999,0.0,0.0
0.0,0.999999999999999,0.0,0.0
0.0,0.999999999999999,0.0,0.0
0.0,0.999999999999999,0.0,0.0
0.0,0.999999999999999,0.0,0.0
0.0,0.999999999999999,0.0,0.0
0.0,0.999999999999999,0.0,0.0
0.0,0.999999999999999,0.0,0.0
0.0,0.999999999999999,0.0,0.0
0.0,0.999999999999999,0.0,0.0
0.0,0.999999999999999,0.0,0.0
0.0,0.999999999999999,0.0,0.0
0.0,0.999999999999999,0.0,0.0
0.0,0.999999999999999,0.0,0.0
0.0,0.999999999999999,0.0,0.0
0.0,0.999999999999999,0.0,0.0
0.0,0.999999999999999,0.0,0.0
0.0,0.999999999999999,0.0,0.0
0.0,0.999999999999999,0.0,0.0
0.0,0.999999999999999,0.0,0.0
0.0,0.999999999999999,0.0,0.0
0.0,0.999999999999999,0.0,0.0
0.0,0.999999999999999,0.0,0.0
0.0,0.999999999999999,0.0,0.0
0.0,0.999999999999999,0.0,0.0
0.0,0.999999999999999,0.0,0.0
0.0,0.999999999999999,0.0,0.0
0.0,0.999999999999999,0.0,0.0
0.0,0.999999999999999,0.0,0.0
0.0,0.999999999999999,0.0,0.0
0.0,0.999999999999999,0.0,0.0
0.0,0.999999999999999,0.0,0.0
0.0,0.999999999999999,0.0,0.0
0.0,0.999999999999999,0.0,0.0
0.0,0.999999999999999,0.0,0.0
0.0,0.999999999999999,0.0,0.0
0.0,0.999999999999999,0.0,0.0
0.0,0.999999999999999,0.0,0.0
0.0,0.999999999999999,0.0,0.0
0.0,0.999999999999999,0.0,0.0
0.0,0.999999999999999,0.0,0.0
0.0,0.999999999999999,0.0,0.0
0.0,0.999999999999999,0.0,0.0
0.0,0.999999999999999,0.0,0.0
0.0,0.999999999999999,0.0,0.0
0.0,0.999999999999999,0.0,0.0
0.0,0.999999999999999,0.0,0.0
0.0,0.999999999999999,0.0,0.0
0.0,0.999999999999999,0.0,0.0
0.0,0.999999999999999,0.0,0.0
0.0,0.999999999999999,0.0,0.0
0.0,0.999999999999999,0.0,0.0
0.0,0.999999999999999,0.0,0.0
0.0,0.999999999999999,0.0,0.0
0.0,0.999999999999999,0.0,0.0
0.0,0.999999999999999,0.0,0.0
0.0,0.999999999999999,0.0,0.0
0.0,0.999999999999999,0.0,0.0
0.0,0.999999999999999,0.0,0.0
0.0,0.999999999999999,0.0,0.0
0.0,0.999999999999999,0.0,0.0
0.0,0.999999999999999,0.0,0.0
0.0,0.999999999999999,0.0,0.0
0.0,0.999999999999999,0.0,0.0
0.0,0.999999999999999,0.0,0.0
0.0,0.999999999999999,0.0,0.0
0.0,0.999999999999999,0.0,0.0
0.0,0.999999999999999,0.0,0.0
0.0,0.999999999999999,0.0,0.0
0.0,0.999999999999999,0.0,0.0
0.0,0.999999999999999,0.0,0.0
0.0,0.999999999999999,0.0,0.0
0.0,0.999999999999999,0.0,0.0
0.0,0.999999999999999,0.0,0.0
0.0,0.999999999999999,0.0,0.0
0.0,0.999999999999999,0.0,0.0
0.0,0.999999999999999,0.0,0.0
0.0,0.999999999999999,0.0,0.0
0.0,0.999999999999999,0.0,0.0
0.0,0.999999999999999,0.0,0.0
0.0,0.999999999999999,0.0,0.0
0.0,0.999999999999999,0.0,0.0
0.0,0.999999999999999,0.0,0.0
0.0,0.999999999999999,0.0,0.0
0.0,0.999999999999999,0.0,0.0
0.0,0.999999999999999,0.0,0.0
0.0,0.999999999999999,0.0,0.0
0.0,0.999999999999999,0.0,0.0
0.0,0.999999999999999,0.0,0.0
0.0,0.999999999999999,0.0,0.0
0.0,0.999999999999999,0.0,0.0
0.0,0.999999999999999,0.0,0.0
0.0,0.999999999999999,0.0,0.0
0.0,0.999999999999999,0.0,0.0
0.0,0.999999999999999,0.0,0.0
0.0,0.999999999999999,0.0,0.0
0.0,0.999999999999999,0.0,0.0
0.0,0.999999999999999,0.0,0.0
0.0,0.999999999999999,0.0,0.0
0.0,0.999999999999999,0.0,0.0
0.0,0.999999999999999,0.0,0.0
0.0,0.999999999999999,0.0,0.0
0.0,0.999999999999999,0.0,0.0
0.0,0.999999999999999,0.0,0.0
0.0,0.999999999999999,0.0,0.0
0.0,0.999999999999999,0.0,0.0
0.0,0.999999999999999,0.0,0.0
0.0,0.999999999999999,0.0,0.0
0.0,0.999999999999999,0.0,0.0
0.0,0.999999999999999,0.0,0.0
0.0,0.999999999999999,0.0,0.0
0.0,0.999999999999999,0.0,0.0
0.0,0.999999999999999,0.0,0.0
0.0,0.999999999999999,0.0,0.0
0.0,0.999999999999999,0.0,0.0
0.0,0.999999999999999,0.0,0.0
0.0,0.999999999999999,0.0,0.0
0.0,0.999999999999999,0.0,0.0
0.0,0.999999999999999,0.0,0.0
0.0,0.999999999999999,0.0,0.0
0.0,0.999999999999999,0.0,0.0
0.0,0.999999999999999,0.0,0.0
0.0,0.999999999999999,0.0,0.0
0.0,0.999999999999999,0.0,0.0
0.0,0.999999999999999,0.0,0.0
0.0,0.999999999999999,0.0,0.0
0.0,0.999999999999999,0.0,0.0
0.0,0.999999999999999,0.0,0.0
0.0,0.999999999999999,0.0,0.0
0.0,0.999999999999999,0.0,0.0
0.0,0.999999999999999,0.0,0.0
0.0,0.999999999999999,0.0,0.0
0.0,0.999999999999999,0.0,0.0
0.0,0.999999999999999,0.0,0.0
0.0,0.999999999999999,0.0,0.0
0.0,0.999999999999999,0.0,0.0
0.0,0.999999999999999,0.0,0.0
0.0,0.999999999999999,0.0,0.0
0.0,0.999999999999999,0.0,0.0
0.0,0.999999999999999,0.0,0.0
0.0,0.999999999999999,0.0,0.0
0.0,0.999999999999999,0.0,0.0
0.0,0.999999999999999,0.0,0.0
0.0,0.999999999999999,0.0,0.0
0.0,0.999999999999999,0.0,0.0
0.0,0.999999999999999,0.0,0.0
0.0,0.999999999999999,0.0,0.0
0.0,0.999999999999999,0.0,0.0
0.0,0.999999999999999,0.0,0.0
0.0,0.999999999999999,0.0,0.0
0.0,0.999999999999999,0.0,0.0
0.0,0.999999999999999,0.0,0.0
0.0,0.999999999999999,0.0,0.0
0.0,0.999999999999999,0.0,0.0
0.0,0.999999999999999,0.0,0.0
0.0,0.999999999999999,0.0,0.0
0.0,0.999999999999999,0.0,0.0
0.0,0.999999999999999,0.0,0.0
0.0,0.999999999999999,0.0,0.0
0.0,0.999999999999999,0.0,0.0
0.0,0.999999999999999,0.0,0.0
0.0,0.999999999999999,0.0,0.0
0.0,0.999999999999999,0.0,0.0
0.0,0.999999999999999,0.0,0.0
0.0,0.999999999999999,0.0,0.0
0.0,0.999999999999999,0.0,0.0
0.0,0.999999999999999,0.0,0.0
0.0,0.999999999999999,0.0,0.0
0.0,0.999999999999999,0.0,0.0
0.0,0.999999999999999,0.0,0.0
0.0,0.999999999999999,0.0,0.0
0.0,0.999999999999999,0.0,0.0
0.0,0.999999999999999,0.0,0.0
0.0,0.999999999999999,0.0,0.0
0.0,0.999999999999999,0.0,0.0
0.0,0.999999999999999,0.0,0.0
0.0,0.999999999999999,0.0,0.0
0.0,0.999999999999999,0.0,0.0
0.0,0.999999999999999,0.0,0.0
0.0,0.999999999999999,0.0,0.0
0.0,0.999999999999999,0.0,0.0
0.0,0.999999999999999,0.0,0.0
0.0,0.999999999999999,0.0,0.0
0.0,0.999999999999999,0.0,0.0
0.0,0.999999999999999,0.0,0.0
0.0,0.999999999999999,0.0,0.0
0.0,0.999999999999999,0.0,0.0
0.0,0.999999999999999,0.0,0.0
0.0,0.999999999999999,0.0,0.0
0.0,0.999999999999999,0.0,0.0
0.0,0.999999999999999,0.0,0.0
0.0,0.999999999999999,0.0,0.0
0.0,0.999999999999999,0.0,0.0
0.0,0.999999999999999,0.0,0.0
0.0,0.999999999999999,0.0,0.0
0.0,0.999999999999999,0.0,0.0
0.0,0.999999999999999,0.0,0.0
0.0,0.999999999999999,0.0,0.0
0.0,0.999999999999999,0.0,0.0
0.0,0.999999999999999,0.0,0.0
0.0,0.999999999999999,0.0,0.0
0.0,0.999999999999999,0.0,0.0
0.0,0.999999999999999,0.0,0.0
0.0,0.999999999999999,0.0,0.0
0.0,0.999999999999999,0.0,0.0
0.0,0.999999999999999,0.0,0.0
0.0,0.999999999999999,0.0,0.0
0.0,0.999999999999999,0.0,0.0
0.0,0.999999999999999,0.0,0.0
0.0,0.999999999999999,0.0,0.0
0.0,0.999999999999999,0.0,0.0
0.0,0.999999999999999,0.0,0.0
0.0,0.999999999999999,0.0,0.0
0.0,0.999999999999999,0.0,0.0
0.0,0.999999999999999,0.0,0.0
0.0,0.999999999999999,0.0,0.0
0.0,0.999999999999999,0.0,0.0
0.0,0.999999999999999,0.0,0.0
0.0,0.999999999999999,0.0,0.0
0.0,0.999999999999999,0.0,0.0
0.0,0.999999999999999,0.0,0.0
0.0,0.999999999999999,0.0,0.0
0.0,0.999999999999999,0.0,0.0
0.0,0.999999999999999,0.0,0.0
0.0,0.999999999999999,0.0,0.0
0.0,0.999999999999999,0.0,0.0
0.0,0.999999999999999,0.0,0.0
0.0,0.999999999999999,0.0,0.0
0.0,0.999999999999999,0.0,0.0
0.0,0.999999999999999,0.0,0.0
0.0,0.999999999999999,0.0,0.0
0.0,0.999999999999999,0.0,0.0
0.0,0.999999999999999,0.0,0.0
0.0,0.999999999999999,0.0,0.0
0.0,0.999999999999999,0.0,0.0
0.0,0.999999999999999,0.0,0.0
0.0,0.999999999999999,0.0,0.0
0.0,0.999999999999999,0.0,0.0
0.0,0.999999999999999,0.0,0.0
0.0,0.999999999999999,0.0,0.0
0.0,0.999999999999999,0.0,0.0
0.0,0.999999999999999,0.0,0.0
0.0,0.999999999999999,0.0,0.0
0.0,0.999999999999999,0.0,0.0
0.0,0.999999999999999,0.0,0.0
0.0,0.999999999999999,0.0,0.0
0.0,0.999999999999999,0.0,0.0
0.0,0.999999999999999,0.0,0.0
0.0,0.999999999999999,0.0,0.0
0.0,0.999999999999999,0.0,0.0
0.0,0.999999999999999,0.0,0.0
0.0,0.999999999999999,0.0,0.0
0.0,0.999999999999999,0.0,0.0
0.0,0.999999999999999,0.0,0.0
0.0,0.999999999999999,0.0,0.0
0.0,0.999999999999999,0.0,0.0
0.0,0.999999999999999,0.0,0.0
0.0,0.999999999999999,0.0,0.0
0.0,0.999999999999999,0.0,0.0
0.0,0.999999999999999,0.0,0.0
0.0,0.999999999999999,0.0,0.0
0.0,0.999999999999999,0.0,0.0
0.0,0.999999999999999,0.0,0.0
0.0,0.999999999999999,0.0,0.0
0.0,0.999999999999999,0.0,0.0
0.0,0.999999999999999,0.0,0.0
0.0,0.999999999999999,0.0,0.0
0.0,0.999999999999999,0.0,0.0
0.0,0.999999999999999,0.0,0.0
0.0,0.999999999999999,0.0,0.0
0.0,0.999999999999999,0.0,0.0
0.0,0.999999999999999,0.0,0.0
0.0,0.999999999999999,0.0,0.0
0.0,0.999999999999999,0.0,0.0
0.0,0.999999999999999,0.0,0.0
0.0,0.999999999999999,0.0,0.0
0.0,0.999999999999999,0.0,0.0
0.0,0.999999999999999,0.0,0.0
0.0,0.999999999999999,0.0,0.0
0.0,0.999999999999999,0.0,0.0
0.0,0.999999999999999,0.0,0.0
0.0,0.999999999999999,0.0,0.0
0.0,0.999999999999999,0.0,0.0
0.0,0.999999999999999,0.0,0.0
0.0,0.999999999999999,0.0,0.0
0.0,0.999999999999999,0.0,0.0
0.0,0.999999999999999,0.0,0.0
0.0,0.999999999999999,0.0,0.0
0.0,0.999999999999999,0.0,0.0
0.0,0.999999999999999,0.0,0.0
0.0,0.999999999999999,0.0,0.0
0.0,0.999999999999999,0.0,0.0
0.0,0.999999999999999,0.0,0.0
0.0,0.999999999999999,0.0,0.0
0.0,0.999999999999999,0.0,0.0
0.0,0.999999999999999,0.0,0.0
0.0,0.999999999999999,0.0,0.0
0.0,0.999999999999999,0.0,0.0
0.0,0.999999999999999,0.0,0.0
0.0,0.999999999999999,0.0,0.0
0.0,0.999999999999999,0.0,0.0
0.0,0.999999999999999,0.0,0.0
0.0,0.999999999999999,0.0,0.0
0.0,0.999999999999999,0.0,0.0
0.0,0.999999999999999,0.0,0.0
0.0,0.999999999999999,0.0,0.0
0.0,0.999999999999999,0.0,0.0
0.0,0.999999999999999,0.0,0.0
0.0,0.999999999999999,0.0,0.0
0.0,0.999999999999999,0.0,0.0
0.0,0.999999999999999,0.0,0.0
0.0,0.999999999999999,0.0,0.0
0.0,0.999999999999999,0.0,0.0
0.0,0.999999999999999,0.0,0.0
0.0,0.999999999999999,0.0,0.0
0.0,0.999999999999999,0.0,0.0
0.0,0.999999999999999,0.0,0.0
0.0,0.999999999999999,0.0,0.0
0.0,0.999999999999999,0.0,0.0
0.0,0.999999999999999,0.0,0.0
0.0,0.999999999999999,0.0,0.0
0.0,0.999999999999999,0.0,0.0
0.0,0.999999999999999,0.0,0.0
0.0,0.999999999999999,0.0,0.0
0.0,0.999999999999999,0.0,0.0
0.0,0.999999999999999,0.0,0.0
0.0,0.999999999999999,0.0,0.0
0.0,0.999999999999999,0.0,0.0
0.0,0.999999999999999,0.0,0.0
0.0,0.999999999999999,0.0,0.0
0.0,0.999999999999999,0.0,0.0
0.0,0.999999999999999,0.0,0.0
0.0,0.999999999999999,0.0,0.0
0.0,0.999999999999999,0.0,0.0
0.0,0.999999999999999,0.0,0.0
0.0,0.999999999999999,0.0,0.0
0.0,0.999999999999999,0.0,0.0
0.0,0.999999999999999,0.0,0.0
0.0,0.999999999999999,0.0,0.0
0.0,0.999999999999999,0.0,0.0
0.0,0.999999999999999,0.0,0.0
0.0,0.999999999999999,0.0,0.0
0.0,0.999999999999999,0.0,0.0
0.0,0.999999999999999,0.0,0.0
0.0,0.999999999999999,0.0,0.0
0.0,0.999999999999999,0.0,0.0
0.0,0.999999999999999,0.0,0.0
0.0,0.999999999999999,0.0,0.0
0.0,0.999999999999999,0.0,0.0
0.0,0.999999999999999,0.0,0.0
0.0,0.999999999999999,0.0,0.0
0.0,0.999999999999999,0.0,0.0
0.0,0.999999999999999,0.0,0.0
0.0,0.999999999999999,0.0,0.0
0.0,0.999999999999999,0.0,0.0
0.0,0.999999999999999,0.0,0.0
0.0,0.999999999999999,0.0,0.0
0.0,0.999999999999999,0.0,0.0
0.0,0.999999999999999,0.0,0.0
0.0,0.999999999999999,0.0,0.0
0.0,0.999999999999999,0.0,0.0
0.0,0.999999999999999,0.0,0.0
0.0,0.999999999999999,0.0,0.0
0.0,0.999999999999999,0.0,0.0
0.0,0.999999999999999,0.0,0.0
0.0,0.999999999999999,0.0,0.0
0.0,0.999999999999999,0.0,0.0
0.0,0.999999999999999,0.0,0.0
0.0,0.999999999999999,0.0,0.0
0.0,0.999999999999999,0.0,0.0
0.0,0.999999999999999,0.0,0.0
0.0,0.999999999999999,0.0,0.0
0.0,0.999999999999999,0.0,0.0
0.0,0.999999999999999,0.0,0.0
0.0,0.999999999999999,0.0,0.0
0.0,0.999999999999999,0.0,0.0
0.0,0.999999999999999,0.0,0.0
0.0,0.999999999999999,0.0,0.0
0.0,0.999999999999999,0.0,0.0
0.0,0.999999999999999,0.0,0.0
0.0,0.999999999999999,0.0,0.0
0.0,0.999999999999999,0.0,0.0
0.0,0.999999999999999,0.0,0.0
0.0,0.999999999999999,0.0,0.0
0.0,0.999999999999999,0.0,0.0
0.0,0.999999999999999,0.0,0.0
0.0,0.999999999999999,0.0,0.0
0.0,0.999999999999999,0.0,0.0
0.0,0.999999999999999,0.0,0.0
0.0,0.999999999999999,0.0,0.0
0.0,0.999999999999999,0.0,0.0
0.0,0.999999999999999,0.0,0.0
0.0,0.999999999999999,0.0,0.0
0.0,0.999999999999999,0.0,0.0
0.0,0.999999999999999,0.0,0.0
0.0,0.999999999999999,0.0,0.0
0.0,0.999999999999999,0.0,0.0
0.0,0.999999999999999,0.0,0.0
0.0,0.999999999999999,0.0,0.0
0.0,0.999999999999999,0.0,0.0
0.0,0.999999999999999,0.0,0.0
0.0,0.999999999999999,0.0,0.0
0.0,0.999999999999999,0.0,0.0
0.0,0.999999999999999,0.0,0.0
0.0,0.999999999999999,0.0,0.0
0.0,0.999999999999999,0.0,0.0
0.0,0.999999999999999,0.0,0.0
0.0,0.999999999999999,0.0,0.0
0.0,0.999999999999999,0.0,0.0
0.0,0.999999999999999,0.0,0.0
0.0,0.999999999999999,0.0,0.0
0.0,0.999999999999999,0.0,0.0
0.0,0.999999999999999,0.0,0.0
0.0,0.999999999999999,0.0,0.0
0.0,0.999999999999999,0.0,0.0
0.0,0.999999999999999,0.0,0.0
0.0,0.999999999999999,0.0,0.0
0.0,0.999999999999999,0.0,0.0
0.0,0.999999999999999,0.0,0.0
0.0,0.999999999999999,0.0,0.0
0.0,0.999999999999999,0.0,0.0
0.0,0.999999999999999,0.0,0.0
0.0,0.999999999999999,0.0,0.0
0.0,0.999999999999999,0.0,0.0
0.0,0.999999999999999,0.0,0.0
0.0,0.999999999999999,0.0,0.0
0.0,0.999999999999999,0.0,0.0
0.0,0.999999999999999,0.0,0.0
0.0,0.999999999999999,0.0,0.0
0.0,0.999999999999999,0.0,0.0
0.0,0.999999999999999,0.0,0.0
0.0,0.999999999999999,0.0,0.0
0.0,0.999999999999999,0.0,0.0
0.0,0.999999999999999,0.0,0.0
0.0,0.999999999999999,0.0,0.0
0.0,0.999999999999999,0.0,0.0
0.0,0.999999999999999,0.0,0.0
0.0,0.999999999999999,0.0,0.0
0.0,0.999999999999999,0.0,0.0
0.0,0.999999999999999,0.0,0.0
0.0,0.999999999999999,0.0,0.0
0.0,0.999999999999999,0.0,0.0
0.0,0.999999999999999,0.0,0.0
0.0,0.999999999999999,0.0,0.0
0.0,0.999999999999999,0.0,0.0
0.0,0.999999999999999,0.0,0.0
0.0,0.999999999999999,0.0,0.0
0.0,0.999999999999999,0.0,0.0
0.0,0.999999999999999,0.0,0.0
0.0,0.999999999999999,0.0,0.0
0.0,0.999999999999999,0.0,0.0
0.0,0.999999999999999,0.0,0.0
0.0,0.999999999999999,0.0,0.0
0.0,0.999999999999999,0.0,0.0
0.0,0.999999999999999,0.0,0.0
0.0,0.999999999999999,0.0,0.0
0.0,0.999999999999999,0.0,0.0
0.0,0.999999999999999,0.0,0.0
0.0,0.999999999999999,0.0,0.0
0.0,0.999999999999999,0.0,0.0
0.0,0.999999999999999,0.0,0.0
0.0,0.999999999999999,0.0,0.0
0.0,0.999999999999999,0.0,0.0
0.0,0.999999999999999,0.0,0.0
0.0,0.999999999999999,0.0,0.0
0.0,0.999999999999999,0.0,0.0
0.0,0.999999999999999,0.0,0.0
0.0,0.999999999999999,0.0,0.0
0.0,0.999999999999999,0.0,0.0
0.0,0.999999999999999,0.0,0.0
0.0,0.999999999999999,0.0,0.0
0.0,0.999999999999999,0.0,0.0
0.0,0.999999999999999,0.0,0.0
0.0,0.999999999999999,0.0,0.0
0.0,0.999999999999999,0.0,0.0
0.0,0.999999999999999,0.0,0.0
0.0,0.999999999999999,0.0,0.0
0.0,0.999999999999999,0.0,0.0
0.0,0.999999999999999,0.0,0.0
0.0,0.999999999999999,0.0,0.0
0.0,0.999999999999999,0.0,0.0
0.0,0.999999999999999,0.0,0.0
0.0,0.999999999999999,0.0,0.0
0.0,0.999999999999999,0.0,0.0
0.0,0.999999999999999,0.0,0.0
0.0,0.999999999999999,0.0,0.0
0.0,0.999999999999999,0.0,0.0
0.0,0.999999999999999,0.0,0.0
0.0,0.999999999999999,0.0,0.0
0.0,0.999999999999999,0.0,0.0
0.0,0.999999999999999,0.0,0.0
0.0,0.999999999999999,0.0,0.0
0.0,0.999999999999999,0.0,0.0
0.0,0.999999999999999,0.0,0.0
0.0,0.999999999999999,0.0,0.0
0.0,0.999999999999999,0.0,0.0
0.0,0.999999999999999,0.0,0.0
0.0,0.999999999999999,0.0,0.0
0.0,0.999999999999999,0.0,0.0
0.0,0.999999999999999,0.0,0.0
0.0,0.999999999999999,0.0,0.0
0.0,0.999999999999999,0.0,0.0
0.0,0.999999999999999,0.0,0.0
0.0,0.999999999999999,0.0,0.0
0.0,0.999999999999999,0.0,0.0
0.0,0.999999999999999,0.0,0.0
0.0,0.999999999999999,0.0,0.0
0.0,0.999999999999999,0.0,0.0
0.0,0.999999999999999,0.0,0.0
0.0,0.999999999999999,0.0,0.0
0.0,0.999999999999999,0.0,0.0
0.0,0.999999999999999,0.0,0.0
0.0,0.999999999999999,0.0,0.0
0.0,0.999999999999999,0.0,0.0
0.0,0.999999999999999,0.0,0.0
0.0,0.999999999999999,0.0,0.0
0.0,0.999999999999999,0.0,0.0
0.0,0.999999999999999,0.0,0.0
0.0,0.999999999999999,0.0,0.0
0.0,0.999999999999999,0.0,0.0
0.0,0.999999999999999,0.0,0.0
0.0,0.999999999999999,0.0,0.0
0.0,0.999999999999999,0.0,0.0
0.0,0.999999999999999,0.0,0.0
0.0,0.999999999999999,0.0,0.0
0.0,0.999999999999999,0.0,0.0
0.0,0.999999999999999,0.0,0.0
0.0,0.999999999999999,0.0,0.0
0.0,0.999999999999999,0.0,0.0
0.0,0.999999999999999,0.0,0.0
0.0,0.999999999999999,0.0,0.0
0.0,0.999999999999999,0.0,0.0
0.0,0.999999999999999,0.0,0.0
0.0,0.999999999999999,0.0,0.0
0.0,0.999999999999999,0.0,0.0
0.0,0.999999999999999,0.0,0.0
0.0,0.999999999999999,0.0,0.0
0.0,0.999999999999999,0.0,0.0
0.0,0.999999999999999,0.0,0.0
0.0,0.999999999999999,0.0,0.0
0.0,0.999999999999999,0.0,0.0
0.0,0.999999999999999,0.0,0.0
0.0,0.999999999999999,0.0,0.0
0.0,0.999999999999999,0.0,0.0
0.0,0.999999999999999,0.0,0.0
0.0,0.999999999999999,0.0,0.0
0.0,0.999999999999999,0.0,0.0
0.0,0.999999999999999,0.0,0.0
0.0,0.999999999999999,0.0,0.0
0.0,0.999999999999999,0.0,0.0
0.0,0.999999999999999,0.0,0.0
0.0,0.999999999999999,0.0,0.0
0.0,0.999999999999999,0.0,0.0
0.0,0.999999999999999,0.0,0.0
0.0,0.999999999999999,0.0,0.0
0.0,0.999999999999999,0.0,0.0
0.0,0.999999999999999,0.0,0.0
0.0,0.999999999999999,0.0,0.0
0.0,0.999999999999999,0.0,0.0
0.0,0.999999999999999,0.0,0.0
0.0,0.999999999999999,0.0,0.0
0.0,0.999999999999999,0.0,0.0
0.0,0.999999999999999,0.0,0.0
0.0,0.999999999999999,0.0,0.0
0.0,0.999999999999999,0.0,0.0
0.0,0.999999999999999,0.0,0.0
0.0,0.999999999999999,0.0,0.0
0.0,0.999999999999999,0.0,0.0
0.0,0.999999999999999,0.0,0.0
0.0,0.999999999999999,0.0,0.0
0.0,0.999999999999999,0.0,0.0
0.0,0.999999999999999,0.0,0.0
0.0,0.999999999999999,0.0,0.0
0.0,0.999999999999999,0.0,0.0
0.0,0.999999999999999,0.0,0.0
0.0,0.999999999999999,0.0,0.0
0.0,0.999999999999999,0.0,0.0
0.0,0.999999999999999,0.0,0.0
0.0,0.999999999999999,0.0,0.0
0.0,0.999999999999999,0.0,0.0
0.0,0.999999999999999,0.0,0.0
0.0,0.999999999999999,0.0,0.0
0.0,0.999999999999999,0.0,0.0
0.0,0.999999999999999,0.0,0.0
0.0,0.999999999999999,0.0,0.0
0.0,0.999999999999999,0.0,0.0
0.0,0.999999999999999,0.0,0.0
0.0,0.999999999999999,0.0,0.0
0.0,0.999999999999999,0.0,0.0
0.0,0.999999999999999,0.0,0.0
0.0,0.999999999999999,0.0,0.0
0.0,0.999999999999999,0.0,0.0
0.0,0.999999999999999,0.0,0.0
0.0,0.999999999999999,0.0,0.0
0.0,0.999999999999999,0.0,0.0
0.0,0.999999999999999,0.0,0.0
0.0,0.999999999999999,0.0,0.0
0.0,0.999999999999999,0.0,0.0
0.0,0.999999999999999,0.0,0.0
0.0,0.999999999999999,0.0,0.0
0.0,0.999999999999999,0.0,0.0
0.0,0.999999999999999,0.0,0.0
0.0,0.999999999999999,0.0,0.0
0.0,0.999999999999999,0.0,0.0
0.0,0.999999999999999,0.0,0.0
0.0,0.999999999999999,0.0,0.0
0.0,0.999999999999999,0.0,0.0
0.0,0.999999999999999,0.0,0.0
0.0,0.999999999999999,0.0,0.0
0.0,0.999999999999999,0.0,0.0
0.0,0.999999999999999,0.0,0.0
0.0,0.999999999999999,0.0,0.0
0.0,0.999999999999999,0.0,0.0
0.0,0.999999999999999,0.0,0.0
0.0,0.999999999999999,0.0,0.0
0.0,0.999999999999999,0.0,0.0
0.0,0.999999999999999,0.0,0.0
0.0,0.999999999999999,0.0,0.0
0.0,0.999999999999999,0.0,0.0
0.0,0.999999999999999,0.0,0.0
0.0,0.999999999999999,0.0,0.0
0.0,0.999999999999999,0.0,0.0
0.0,0.999999999999999,0.0,0.0
0.0,0.999999999999999,0.0,0.0
0.0,0.999999999999999,0.0,0.0
0.0,0.999999999999999,0.0,0.0
0.0,0.999999999999999,0.0,0.0
0.0,0.999999999999999,0.0,0.0
0.0,0.999999999999999,0.0,0.0
0.0,0.999999999999999,0.0,0.0
0.0,0.999999999999999,0.0,0.0
0.0,0.999999999999999,0.0,0.0
0.0,0.999999999999999,0.0,0.0
0.0,0.999999999999999,0.0,0.0
0.0,0.999999999999999,0.0,0.0
0.0,0.999999999999999,0.0,0.0
0.0,0.999999999999999,0.0,0.0
0.0,0.999999999999999,0.0,0.0
0.0,0.999999999999999,0.0,0.0
0.0,0.999999999999999,0.0,0.0
0.0,0.999999999999999,0.0,0.0
0.0,0.999999999999999,0.0,0.0
0.0,0.999999999999999,0.0,0.0
0.0,0.999999999999999,0.0,0.0
0.0,0.999999999999999,0.0,0.0
0.0,0.999999999999999,0.0,0.0
0.0,0.999999999999999,0.0,0.0
0.0,0.999999999999999,0.0,0.0
0.0,0.999999999999999,0.0,0.0
0.0,0.999999999999999,0.0,0.0
0.0,0.999999999999999,0.0,0.0
0.0,0.999999999999999,0.0,0.0
0.0,0.999999999999999,0.0,0.0
0.0,0.999999999999999,0.0,0.0
0.0,0.999999999999999,0.0,0.0
0.0,0.999999999999999,0.0,0.0
0.0,0.999999999999999,0.0,0.0
0.0,0.999999999999999,0.0,0.0
0.0,0.999999999999999,0.0,0.0
0.0,0.999999999999999,0.0,0.0
0.0,0.999999999999999,0.0,0.0
0.0,0.999999999999999,0.0,0.0
0.0,0.999999999999999,0.0,0.0
0.0,0.999999999999999,0.0,0.0
0.0,0.999999999999999,0.0,0.0
0.0,0.999999999999999,0.0,0.0
0.0,0.999999999999999,0.0,0.0
0.0,0.999999999999999,0.0,0.0
0.0,0.999999999999999,0.0,0.0
0.0,0.999999999999999,0.0,0.0
0.0,0.999999999999999,0.0,0.0
0.0,0.999999999999999,0.0,0.0
0.0,0.999999999999999,0.0,0.0
0.0,0.999999999999999,0.0,0.0
0.0,0.999999999999999,0.0,0.0
0.0,0.999999999999999,0.0,0.0
0.0,0.999999999999999,0.0,0.0
0.0,0.999999999999999,0.0,0.0
0.0,0.999999999999999,0.0,0.0
0.0,0.999999999999999,0.0,0.0
0.0,0.999999999999999,0.0,0.0
0.0,0.999999999999999,0.0,0.0
0.0,0.999999999999999,0.0,0.0
0.0,0.999999999999999,0.0,0.0
0.0,0.999999999999999,0.0,0.0
0.0,0.999999999999999,0.0,0.0
0.0,0.999999999999999,0.0,0.0
0.0,0.999999999999999,0.0,0.0
0.0,0.999999999999999,0.0,0.0
0.0,0.999999999999999,0.0,0.0
0.0,0.999999999999999,0.0,0.0
0.0,0.999999999999999,0.0,0.0
0.0,0.999999999999999,0.0,0.0
0.0,0.999999999999999,0.0,0.0
0.0,0.999999999999999,0.0,0.0
0.0,0.999999999999999,0.0,0.0
0.0,0.999999999999999,0.0,0.0
0.0,0.999999999999999,0.0,0.0
0.0,0.999999999999999,0.0,0.0
0.0,0.999999999999999,0.0,0.0
0.0,0.999999999999999,0.0,0.0
0.0,0.999999999999999,0.0,0.0
0.0,0.999999999999999,0.0,0.0
0.0,0.999999999999999,0.0,0.0
0.0,0.999999999999999,0.0,0.0
0.0,0.999999999999999,0.0,0.0
0.0,0.999999999999999,0.0,0.0
0.0,0.999999999999999,0.0,0.0
0.0,0.999999999999999,0.0,0.0
0.0,0.999999999999999,0.0,0.0
0.0,0.999999999999999,0.0,0.0
0.0,0.999999999999999,0.0,0.0
0.0,0.999999999999999,0.0,0.0
0.0,0.999999999999999,0.0,0.0
0.0,0.999999999999999,0.0,0.0
0.0,0.999999999999999,0.0,0.0
0.0,0.999999999999999,0.0,0.0
0.0,0.999999999999999,0.0,0.0
0.0,0.999999999999999,0.0,0.0
0.0,0.999999999999999,0.0,0.0
0.0,0.999999999999999,0.0,0.0
0.0,0.999999999999999,0.0,0.0
0.0,0.999999999999999,0.0,0.0
0.0,0.999999999999999,0.0,0.0
0.0,0.999999999999999,0.0,0.0
0.0,0.999999999999999,0.0,0.0
0.0,0.999999999999999,0.0,0.0
0.0,0.999999999999999,0.0,0.0
0.0,0.999999999999999,0.0,0.0
0.0,0.999999999999999,0.0,0.0
0.0,0.999999999999999,0.0,0.0
0.0,0.999999999999999,0.0,0.0
0.0,0.999999999999999,0.0,0.0
0.0,0.999999999999999,0.0,0.0
0.0,0.999999999999999,0.0,0.0
0.0,0.999999999999999,0.0,0.0
0.0,0.999999999999999,0.0,0.0
0.0,0.999999999999999,0.0,0.0
0.0,0.999999999999999,0.0,0.0
0.0,0.999999999999999,0.0,0.0
0.0,0.999999999999999,0.0,0.0
0.0,0.999999999999999,0.0,0.0
0.0,0.999999999999999,0.0,0.0
0.0,0.999999999999999,0.0,0.0
0.0,0.999999999999999,0.0,0.0
0.0,0.999999999999999,0.0,0.0
0.0,0.999999999999999,0.0,0.0
0.0,0.999999999999999,0.0,0.0
0.0,0.999999999999999,0.0,0.0
0.0,0.999999999999999,0.0,0.0
0.0,0.999999999999999,0.0,0.0
0.0,0.999999999999999,0.0,0.0
0.0,0.999999999999999,0.0,0.0
0.0,0.999999999999999,0.0,0.0
0.0,0.999999999999999,0.0,0.0
0.0,0.999999999999999,0.0,0.0
0.0,0.999999999999999,0.0,0.0
0.0,0.999999999999999,0.0,0.0
0.0,0.999999999999999,0.0,0.0
0.0,0.999999999999999,0.0,0.0
0.0,0.999999999999999,0.0,0.0
0.0,0.999999999999999,0.0,0.0
0.0,0.999999999999999,0.0,0.0
0.0,0.999999999999999,0.0,0.0
0.0,0.999999999999999,0.0,0.0
0.0,0.999999999999999,0.0,0.0
0.0,0.999999999999999,0.0,0.0
0.0,0.999999999999999,0.0,0.0
0.0,0.999999999999999,0.0,0.0
0.0,0.999999999999999,0.0,0.0
0.0,0.999999999999999,0.0,0.0
0.0,0.999999999999999,0.0,0.0
0.0,0.999999999999999,0.0,0.0
0.0,0.999999999999999,0.0,0.0
0.0,0.999999999999999,0.0,0.0
0.0,0.999999999999999,0.0,0.0
0.0,0.999999999999999,0.0,0.0
0.0,0.999999999999999,0.0,0.0
0.0,0.999999999999999,0.0,0.0
0.0,0.999999999999999,0.0,0.0
0.0,0.999999999999999,0.0,0.0
0.0,0.999999999999999,0.0,0.0
0.0,0.999999999999999,0.0,0.0
0.0,0.999999999999999,0.0,0.0
0.0,0.999999999999999,0.0,0.0
0.0,0.999999999999999,0.0,0.0
0.0,0.999999999999999,0.0,0.0
0.0,0.999999999999999,0.0,0.0
0.0,0.999999999999999,0.0,0.0
0.0,0.999999999999999,0.0,0.0
0.0,0.999999999999999,0.0,0.0
0.0,0.999999999999999,0.0,0.0
0.0,0.999999999999999,0.0,0.0
0.0,0.999999999999999,0.0,0.0
0.0,0.999999999999999,0.0,0.0
0.0,0.999999999999999,0.0,0.0
0.0,0.999999999999999,0.0,0.0
0.0,0.999999999999999,0.0,0.0
0.0,0.999999999999999,0.0,0.0
0.0,0.999999999999999,0.0,0.0
0.0,0.999999999999999,0.0,0.0
0.0,0.999999999999999,0.0,0.0
0.0,0.999999999999999,0.0,0.0
0.0,0.999999999999999,0.0,0.0
0.0,0.999999999999999,0.0,0.0
0.0,0.999999999999999,0.0,0.0
0.0,0.999999999999999,0.0,0.0
0.0,0.999999999999999,0.0,0.0
0.0,0.999999999999999,0.0,0.0
0.0,0.999999999999999,0.0,0.0
0.0,0.999999999999999,0.0,0.0
0.0,0.999999999999999,0.0,0.0
0.0,0.999999999999999,0.0,0.0
0.0,0.999999999999999,0.0,0.0
0.0,0.999999999999999,0.0,0.0
0.0,0.999999999999999,0.0,0.0
0.0,0.999999999999999,0.0,0.0
0.0,0.999999999999999,0.0,0.0
0.0,0.999999999999999,0.0,0.0
0.0,0.999999999999999,0.0,0.0
0.0,0.999999999999999,0.0,0.0
0.0,0.999999999999999,0.0,0.0
0.0,0.999999999999999,0.0,0.0
0.0,0.999999999999999,0.0,0.0
0.0,0.999999999999999,0.0,0.0
0.0,0.999999999999999,0.0,0.0
0.0,0.999999999999999,0.0,0.0
0.0,0.999999999999999,0.0,0.0
0.0,0.999999999999999,0.0,0.0
0.0,0.999999999999999,0.0,0.0
0.0,0.999999999999999,0.0,0.0
0.0,0.999999999999999,0.0,0.0
0.0,0.999999999999999,0.0,0.0
0.0,0.999999999999999,0.0,0.0
0.0,0.999999999999999,0.0,0.0
0.0,0.999999999999999,0.0,0.0
0.0,0.999999999999999,0.0,0.0
0.0,0.999999999999999,0.0,0.0
0.0,0.999999999999999,0.0,0.0
0.0,0.999999999999999,0.0,0.0
0.0,0.999999999999999,0.0,0.0
0.0,0.999999999999999,0.0,0.0
0.0,0.999999999999999,0.0,0.0
0.0,0.999999999999999,0.0,0.0
0.0,0.999999999999999,0.0,0.0
0.0,0.999999999999999,0.0,0.0
0.0,0.999999999999999,0.0,0.0
0.0,0.999999999999999,0.0,0.0
0.0,0.999999999999999,0.0,0.0
0.0,0.999999999999999,0.0,0.0
0.0,0.999999999999999,0.0,0.0
0.0,0.999999999999999,0.0,0.0
0.0,0.999999999999999,0.0,0.0
0.0,0.999999999999999,0.0,0.0
0.0,0.999999999999999,0.0,0.0
0.0,0.999999999999999,0.0,0.0
0.0,0.999999999999999,0.0,0.0
0.0,0.999999999999999,0.0,0.0
0.0,0.999999999999999,0.0,0.0
0.0,0.999999999999999,0.0,0.0
0.0,0.999999999999999,0.0,0.0
0.0,0.999999999999999,0.0,0.0
0.0,0.999999999999999,0.0,0.0
0.0,0.999999999999999,0.0,0.0
0.0,0.999999999999999,0.0,0.0
0.0,0.999999999999999,0.0,0.0
0.0,0.999999999999999,0.0,0.0
0.0,0.999999999999999,0.0,0.0
0.0,0.999999999999999,0.0,0.0
0.0,0.999999999999999,0.0,0.0
0.0,0.999999999999999,0.0,0.0
0.0,0.999999999999999,0.0,0.0
0.0,0.999999999999999,0.0,0.0
0.0,0.999999999999999,0.0,0.0
0.0,0.999999999999999,0.0,0.0
0.0,0.999999999999999,0.0,0.0
0.0,0.999999999999999,0.0,0.0
0.0,0.999999999999999,0.0,0.0
0.0,0.999999999999999,0.0,0.0
0.0,0.999999999999999,0.0,0.0
0.0,0.999999999999999,0.0,0.0
0.0,0.999999999999999,0.0,0.0
0.0,0.999999999999999,0.0,0.0
0.0,0.999999999999999,0.0,0.0
0.0,0.999999999999999,0.0,0.0
0.0,0.999999999999999,0.0,0.0
0.0,0.999999999999999,0.0,0.0
0.0,0.999999999999999,0.0,0.0
0.0,0.999999999999999,0.0,0.0
0.0,0.999999999999999,0.0,0.0
0.0,0.999999999999999,0.0,0.0
0.0,0.999999999999999,0.0,0.0
0.0,0.999999999999999,0.0,0.0
0.0,0.999999999999999,0.0,0.0
0.0,0.999999999999999,0.0,0.0
0.0,0.999999999999999,0.0,0.0
0.0,0.999999999999999,0.0,0.0
0.0,0.999999999999999,0.0,0.0
0.0,0.999999999999999,0.0,0.0
0.0,0.999999999999999,0.0,0.0
0.0,0.999999999999999,0.0,0.0
0.0,0.999999999999999,0.0,0.0
0.0,0.999999999999999,0.0,0.0
0.0,0.999999999999999,0.0,0.0
0.0,0.999999999999999,0.0,0.0
0.0,0.999999999999999,0.0,0.0
0.0,0.999999999999999,0.0,0.0
0.0,0.999999999999999,0.0,0.0
0.0,0.999999999999999,0.0,0.0
0.0,0.999999999999999,0.0,0.0
0.0,0.999999999999999,0.0,0.0
0.0,0.999999999999999,0.0,0.0
0.0,0.999999999999999,0.0,0.0
0.0,0.999999999999999,0.0,0.0
0.0,0.999999999999999,0.0,0.0
0.0,0.999999999999999,0.0,0.0
0.0,0.999999999999999,0.0,0.0
0.0,0.999999999999999,0.0,0.0
0.0,0.999999999999999,0.0,0.0
0.0,0.999999999999999,0.0,0.0
0.0,0.999999999999999,0.0,0.0
0.0,0.999999999999999,0.0,0.0
0.0,0.999999999999999,0.0,0.0
0.0,0.999999999999999,0.0,0.0
0.0,0.999999999999999,0.0,0.0
0.0,0.999999999999999,0.0,0.0
0.0,0.999999999999999,0.0,0.0
0.0,0.999999999999999,0.0,0.0
0.0,0.999999999999999,0.0,0.0
0.0,0.999999999999999,0.0,0.0
0.0,0.999999999999999,0.0,0.0
0.0,0.999999999999999,0.0,0.0
0.0,0.999999999999999,0.0,0.0
0.0,0.999999999999999,0.0,0.0
0.0,0.999999999999999,0.0,0.0
0.0,0.999999999999999,0.0,0.0
0.0,0.999999999999999,0.0,0.0
0.0,0.999999999999999,0.0,0.0
0.0,0.999999999999999,0.0,0.0
0.0,0.999999999999999,0.0,0.0
0.0,0.999999999999999,0.0,0.0
0.0,0.999999999999999,0.0,0.0
0.0,0.999999999999999,0.0,0.0
0.0,0.999999999999999,0.0,0.0
0.0,0.999999999999999,0.0,0.0
0.0,0.999999999999999,0.0,0.0
0.0,0.999999999999999,0.0,0.0
0.0,0.999999999999999,0.0,0.0
0.0,0.999999999999999,0.0,0.0
0.0,0.999999999999999,0.0,0.0
0.0,0.999999999999999,0.0,0.0
0.0,0.999999999999999,0.0,0.0
0.0,0.999999999999999,0.0,0.0
0.0,0.999999999999999,0.0,0.0
0.0,0.999999999999999,0.0,0.0
0.0,0.999999999999999,0.0,0.0
0.0,0.999999999999999,0.0,0.0
0.0,0.999999999999999,0.0,0.0
0.0,0.999999999999999,0.0,0.0
0.0,0.999999999999999,0.0,0.0
0.0,0.999999999999999,0.0,0.0
0.0,0.999999999999999,0.0,0.0
0.0,0.999999999999999,0.0,0.0
0.0,0.999999999999999,0.0,0.0
0.0,0.999999999999999,0.0,0.0
0.0,0.999999999999999,0.0,0.0
0.0,0.999999999999999,0.0,0.0
0.0,0.999999999999999,0.0,0.0
0.0,0.999999999999999,0.0,0.0
0.0,0.999999999999999,0.0,0.0
0.0,0.999999999999999,0.0,0.0
0.0,0.999999999999999,0.0,0.0
0.0,0.999999999999999,0.0,0.0
0.0,0.999999999999999,0.0,0.0
0.0,0.999999999999999,0.0,0.0
0.0,0.999999999999999,0.0,0.0
0.0,0.999999999999999,0.0,0.0
0.0,0.999999999999999,0.0,0.0
0.0,0.999999999999999,0.0,0.0
0.0,0.999999999999999,0.0,0.0
0.0,0.999999999999999,0.0,0.0
0.0,0.999999999999999,0.0,0.0
0.0,0.999999999999999,0.0,0.0
0.0,0.999999999999999,0.0,0.0
0.0,0.999999999999999,0.0,0.0
0.0,0.999999999999999,0.0,0.0
0.0,0.999999999999999,0.0,0.0
0.0,0.999999999999999,0.0,0.0
0.0,0.999999999999999,0.0,0.0
0.0,0.999999999999999,0.0,0.0
0.0,0.999999999999999,0.0,0.0
0.0,0.999999999999999,0.0,0.0
0.0,0.999999999999999,0.0,0.0
0.0,0.999999999999999,0.0,0.0
0.0,0.999999999999999,0.0,0.0
0.0,0.999999999999999,0.0,0.0
0.0,0.999999999999999,0.0,0.0
0.0,0.999999999999999,0.0,0.0
0.0,0.999999999999999,0.0,0.0
0.0,0.999999999999999,0.0,0.0
0.0,0.999999999999999,0.0,0.0
0.0,0.999999999999999,0.0,0.0
0.0,0.999999999999999,0.0,0.0
0.0,0.999999999999999,0.0,0.0
0.0,0.999999999999999,0.0,0.0
0.0,0.999999999999999,0.0,0.0
0.0,0.999999999999999,0.0,0.0
0.0,0.999999999999999,0.0,0.0
0.0,0.999999999999999,0.0,0.0
0.0,0.999999999999999,0.0,0.0
0.0,0.999999999999999,0.0,0.0
0.0,0.999999999999999,0.0,0.0
0.0,0.999999999999999,0.0,0.0
0.0,0.999999999999999,0.0,0.0
0.0,0.999999999999999,0.0,0.0
0.0,0.999999999999999,0.0,0.0
0.0,0.999999999999999,0.0,0.0
0.0,0.999999999999999,0.0,0.0
0.0,0.999999999999999,0.0,0.0
0.0,0.999999999999999,0.0,0.0
0.0,0.999999999999999,0.0,0.0
0.0,0.999999999999999,0.0,0.0
0.0,0.999999999999999,0.0,0.0
0.0,0.999999999999999,0.0,0.0
0.0,0.999999999999999,0.0,0.0
0.0,0.999999999999999,0.0,0.0
0.0,0.999999999999999,0.0,0.0
0.0,0.999999999999999,0.0,0.0
0.0,0.999999999999999,0.0,0.0
0.0,0.999999999999999,0.0,0.0
0.0,0.999999999999999,0.0,0.0
0.0,0.999999999999999,0.0,0.0
0.0,0.999999999999999,0.0,0.0
0.0,0.999999999999999,0.0,0.0
0.0,0.999999999999999,0.0,0.0
0.0,0.999999999999999,0.0,0.0
0.0,0.999999999999999,0.0,0.0
0.0,0.999999999999999,0.0,0.0
0.0,0.999999999999999,0.0,0.0
0.0,0.999999999999999,0.0,0.0
0.0,0.999999999999999,0.0,0.0
0.0,0.999999999999999,0.0,0.0
0.0,0.999999999999999,0.0,0.0
0.0,0.999999999999999,0.0,0.0
0.0,0.999999999999999,0.0,0.0
0.0,0.999999999999999,0.0,0.0
0.0,0.999999999999999,0.0,0.0
0.0,0.999999999999999,0.0,0.0
0.0,0.999999999999999,0.0,0.0
0.0,0.999999999999999,0.0,0.0
0.0,0.999999999999999,0.0,0.0
0.0,0.999999999999999,0.0,0.0
0.0,0.999999999999999,0.0,0.0
0.0,0.999999999999999,0.0,0.0
0.0,0.999999999999999,0.0,0.0
0.0,0.999999999999999,0.0,0.0
0.0,0.999999999999999,0.0,0.0
0.0,0.999999999999999,0.0,0.0
0.0,0.999999999999999,0.0,0.0
0.0,0.999999999999999,0.0,0.0
0.0,0.999999999999999,0.0,0.0
0.0,0.999999999999999,0.0,0.0
0.0,0.999999999999999,0.0,0.0
0.0,0.999999999999999,0.0,0.0
0.0,0.999999999999999,0.0,0.0
0.0,0.999999999999999,0.0,0.0
0.0,0.999999999999999,0.0,0.0
0.0,0.999999999999999,0.0,0.0
0.0,0.999999999999999,0.0,0.0
0.0,0.999999999999999,0.0,0.0
0.0,0.999999999999999,0.0,0.0
0.0,0.999999999999999,0.0,0.0
0.0,0.999999999999999,0.0,0.0
0.0,0.999999999999999,0.0,0.0
0.0,0.999999999999999,0.0,0.0
0.0,0.999999999999999,0.0,0.0
0.0,0.999999999999999,0.0,0.0
0.0,0.999999999999999,0.0,0.0
0.0,0.999999999999999,0.0,0.0
0.0,0.999999999999999,0.0,0.0
0.0,0.999999999999999,0.0,0.0
0.0,0.999999999999999,0.0,0.0
0.0,0.999999999999999,0.0,0.0
0.0,0.999999999999999,0.0,0.0
0.0,0.999999999999999,0.0,0.0
0.0,0.999999999999999,0.0,0.0
0.0,0.999999999999999,0.0,0.0
0.0,0.999999999999999,0.0,0.0
0.0,0.999999999999999,0.0,0.0
0.0,0.999999999999999,0.0,0.0
0.0,0.999999999999999,0.0,0.0
0.0,0.999999999999999,0.0,0.0
0.0,0.999999999999999,0.0,0.0
0.0,0.999999999999999,0.0,0.0
0.0,0.999999999999999,0.0,0.0
0.0,0.999999999999999,0.0,0.0
0.0,0.999999999999999,0.0,0.0
0.0,0.999999999999999,0.0,0.0
0.0,0.999999999999999,0.0,0.0
0.0,0.999999999999999,0.0,0.0
0.0,0.999999999999999,0.0,0.0
0.0,0.999999999999999,0.0,0.0
0.0,0.999999999999999,0.0,0.0
0.0,0.999999999999999,0.0,0.0
0.0,0.999999999999999,0.0,0.0
0.0,0.999999999999999,0.0,0.0
0.0,0.999999999999999,0.0,0.0
0.0,0.999999999999999,0.0,0.0
0.0,0.999999999999999,0.0,0.0
0.0,0.999999999999999,0.0,0.0
0.0,0.999999999999999,0.0,0.0
0.0,0.999999999999999,0.0,0.0
0.0,0.999999999999999,0.0,0.0
0.0,0.999999999999999,0.0,0.0
0.0,0.999999999999999,0.0,0.0
0.0,0.999999999999999,0.0,0.0
0.0,0.999999999999999,0.0,0.0
0.0,0.999999999999999,0.0,0.0
0.0,0.999999999999999,0.0,0.0
0.0,0.999999999999999,0.0,0.0
0.0,0.999999999999999,0.0,0.0
0.0,0.999999999999999,0.0,0.0
0.0,0.999999999999999,0.0,0.0
0.0,0.999999999999999,0.0,0.0
0.0,0.999999999999999,0.0,0.0
0.0,0.999999999999999,0.0,0.0
0.0,0.999999999999999,0.0,0.0
0.0,0.999999999999999,0.0,0.0
0.0,0.999999999999999,0.0,0.0
0.0,0.999999999999999,0.0,0.0
0.0,0.999999999999999,0.0,0.0
0.0,0.999999999999999,0.0,0.0
0.0,0.999999999999999,0.0,0.0
0.0,0.999999999999999,0.0,0.0
0.0,0.999999999999999,0.0,0.0
0.0,0.999999999999999,0.0,0.0
0.0,0.999999999999999,0.0,0.0
0.0,0.999999999999999,0.0,0.0
0.0,0.999999999999999,0.0,0.0
0.0,0.999999999999999,0.0,0.0
0.0,0.999999999999999,0.0,0.0
0.0,0.999999999999999,0.0,0.0
0.0,0.999999999999999,0.0,0.0
0.0,0.999999999999999,0.0,0.0
0.0,0.999999999999999,0.0,0.0
0.0,0.999999999999999,0.0,0.0
0.0,0.999999999999999,0.0,0.0
0.0,0.999999999999999,0.0,0.0
0.0,0.999999999999999,0.0,0.0
0.0,0.999999999999999,0.0,0.0
0.0,0.999999999999999,0.0,0.0
0.0,0.999999999999999,0.0,0.0
0.0,0.999999999999999,0.0,0.0
0.0,0.999999999999999,0.0,0.0
0.0,0.999999999999999,0.0,0.0
0.0,0.999999999999999,0.0,0.0
0.0,0.999999999999999,0.0,0.0
0.0,0.999999999999999,0.0,0.0
0.0,0.999999999999999,0.0,0.0
0.0,0.999999999999999,0.0,0.0
0.0,0.999999999999999,0.0,0.0
0.0,0.999999999999999,0.0,0.0
0.0,0.999999999999999,0.0,0.0
0.0,0.999999999999999,0.0,0.0
0.0,0.999999999999999,0.0,0.0
0.0,0.999999999999999,0.0,0.0
0.0,0.999999999999999,0.0,0.0
0.0,0.999999999999999,0.0,0.0
0.0,0.999999999999999,0.0,0.0
0.0,0.999999999999999,0.0,0.0
0.0,0.999999999999999,0.0,0.0
0.0,0.999999999999999,0.0,0.0
0.0,0.999999999999999,0.0,0.0
0.0,0.999999999999999,0.0,0.0
0.0,0.999999999999999,0.0,0.0
0.0,0.999999999999999,0.0,0.0
0.0,0.999999999999999,0.0,0.0
0.0,0.999999999999999,0.0,0.0
0.0,0.999999999999999,0.0,0.0
0.0,0.999999999999999,0.0,0.0
0.0,0.999999999999999,0.0,0.0
0.0,0.999999999999999,0.0,0.0
0.0,0.999999999999999,0.0,0.0
0.0,0.999999999999999,0.0,0.0
0.0,0.999999999999999,0.0,0.0
0.0,0.999999999999999,0.0,0.0
0.0,0.999999999999999,0.0,0.0
0.0,0.999999999999999,0.0,0.0
0.0,0.999999999999999,0.0,0.0
0.0,0.999999999999999,0.0,0.0
0.0,0.999999999999999,0.0,0.0
0.0,0.999999999999999,0.0,0.0
0.0,0.999999999999999,0.0,0.0
0.0,0.999999999999999,0.0,0.0
0.0,0.999999999999999,0.0,0.0
0.0,0.999999999999999,0.0,0.0
0.0,0.999999999999999,0.0,0.0
0.0,0.999999999999999,0.0,0.0
0.0,0.999999999999999,0.0,0.0
0.0,0.999999999999999,0.0,0.0
0.0,0.999999999999999,0.0,0.0
0.0,0.999999999999999,0.0,0.0
0.0,0.999999999999999,0.0,0.0
0.0,0.999999999999999,0.0,0.0
0.0,0.999999999999999,0.0,0.0
0.0,0.999999999999999,0.0,0.0
0.0,0.999999999999999,0.0,0.0
0.0,0.999999999999999,0.0,0.0
0.0,0.999999999999999,0.0,0.0
0.0,0.999999999999999,0.0,0.0
0.0,0.999999999999999,0.0,0.0
0.0,0.999999999999999,0.0,0.0
0.0,0.999999999999999,0.0,0.0
0.0,0.999999999999999,0.0,0.0
0.0,0.999999999999999,0.0,0.0
0.0,0.999999999999999,0.0,0.0
0.0,0.999999999999999,0.0,0.0
0.0,0.999999999999999,0.0,0.0
0.0,0.999999999999999,0.0,0.0
0.0,0.999999999999999,0.0,0.0
0.0,0.999999999999999,0.0,0.0
0.0,0.999999999999999,0.0,0.0
0.0,0.999999999999999,0.0,0.0
0.0,0.999999999999999,0.0,0.0
0.0,0.999999999999999,0.0,0.0
0.0,0.999999999999999,0.0,0.0
0.0,0.999999999999999,0.0,0.0
0.0,0.999999999999999,0.0,0.0
0.0,0.999999999999999,0.0,0.0
0.0,0.999999999999999,0.0,0.0
0.0,0.999999999999999,0.0,0.0
0.0,0.999999999999999,0.0,0.0
0.0,0.999999999999999,0.0,0.0
0.0,0.999999999999999,0.0,0.0
0.0,0.999999999999999,0.0,0.0
0.0,0.999999999999999,0.0,0.0
0.0,0.999999999999999,0.0,0.0
0.0,0.999999999999999,0.0,0.0
0.0,0.999999999999999,0.0,0.0
0.0,0.999999999999999,0.0,0.0
0.0,0.999999999999999,0.0,0.0
0.0,0.999999999999999,0.0,0.0
0.0,0.999999999999999,0.0,0.0
0.0,0.999999999999999,0.0,0.0
0.0,0.999999999999999,0.0,0.0
0.0,0.999999999999999,0.0,0.0
0.0,0.999999999999999,0.0,0.0
0.0,0.999999999999999,0.0,0.0
0.0,0.999999999999999,0.0,0.0
0.0,0.999999999999999,0.0,0.0
0.0,0.999999999999999,0.0,0.0
0.0,0.999999999999999,0.0,0.0
0.0,0.999999999999999,0.0,0.0
0.0,0.999999999999999,0.0,0.0
0.0,0.999999999999999,0.0,0.0
0.0,0.999999999999999,0.0,0.0
0.0,0.999999999999999,0.0,0.0
0.0,0.999999999999999,0.0,0.0
0.0,0.999999999999999,0.0,0.0
0.0,0.999999999999999,0.0,0.0
0.0,0.999999999999999,0.0,0.0
0.0,0.999999999999999,0.0,0.0
0.0,0.999999999999999,0.0,0.0
0.0,0.999999999999999,0.0,0.0
0.0,0.999999999999999,0.0,0.0
0.0,0.999999999999999,0.0,0.0
0.0,0.999999999999999,0.0,0.0
0.0,0.999999999999999,0.0,0.0
0.0,0.999999999999999,0.0,0.0
0.0,0.999999999999999,0.0,0.0
0.0,0.999999999999999,0.0,0.0
0.0,0.999999999999999,0.0,0.0
0.0,0.999999999999999,0.0,0.0
0.0,0.999999999999999,0.0,0.0
0.0,0.999999999999999,0.0,0.0
0.0,0.999999999999999,0.0,0.0
0.0,0.999999999999999,0.0,0.0
0.0,0.999999999999999,0.0,0.0
0.0,0.999999999999999,0.0,0.0
0.0,0.999999999999999,0.0,0.0
0.0,0.999999999999999,0.0,0.0
0.0,0.999999999999999,0.0,0.0
0.0,0.999999999999999,0.0,0.0
0.0,0.999999999999999,0.0,0.0
0.0,0.999999999999999,0.0,0.0
0.0,0.999999999999999,0.0,0.0
0.0,0.999999999999999,0.0,0.0
0.0,0.999999999999999,0.0,0.0
0.0,0.999999999999999,0.0,0.0
0.0,0.999999999999999,0.0,0.0
0.0,0.999999999999999,0.0,0.0
0.0,0.999999999999999,0.0,0.0
0.0,0.999999999999999,0.0,0.0
0.0,0.999999999999999,0.0,0.0
0.0,0.999999999999999,0.0,0.0
0.0,0.999999999999999,0.0,0.0
0.0,0.999999999999999,0.0,0.0
0.0,0.999999999999999,0.0,0.0
0.0,0.999999999999999,0.0,0.0
0.0,0.999999999999999,0.0,0.0
0.0,0.999999999999999,0.0,0.0
0.0,0.999999999999999,0.0,0.0
0.0,0.999999999999999,0.0,0.0
0.0,0.999999999999999,0.0,0.0
0.0,0.999999999999999,0.0,0.0
0.0,0.999999999999999,0.0,0.0
0.0,0.999999999999999,0.0,0.0
0.0,0.999999999999999,0.0,0.0
0.0,0.999999999999999,0.0,0.0
0.0,0.999999999999999,0.0,0.0
0.0,0.999999999999999,0.0,0.0
0.0,0.999999999999999,0.0,0.0
0.0,0.999999999999999,0.0,0.0
0.0,0.999999999999999,0.0,0.0
0.0,0.999999999999999,0.0,0.0
0.0,0.999999999999999,0.0,0.0
0.0,0.999999999999999,0.0,0.0
0.0,0.999999999999999,0.0,0.0
0.0,0.999999999999999,0.0,0.0
0.0,0.999999999999999,0.0,0.0
0.0,0.999999999999999,0.0,0.0
0.0,0.999999999999999,0.0,0.0
0.0,0.999999999999999,0.0,0.0
0.0,0.999999999999999,0.0,0.0
0.0,0.999999999999999,0.0,0.0
0.0,0.999999999999999,0.0,0.0
0.0,0.999999999999999,0.0,0.0
0.0,0.999999999999999,0.0,0.0
0.0,0.999999999999999,0.0,0.0
0.0,0.999999999999999,0.0,0.0
0.0,0.999999999999999,0.0,0.0
0.0,0.999999999999999,0.0,0.0
0.0,0.999999999999999,0.0,0.0
0.0,0.999999999999999,0.0,0.0
0.0,0.999999999999999,0.0,0.0
0.0,0.999999999999999,0.0,0.0
0.0,0.999999999999999,0.0,0.0
0.0,0.999999999999999,0.0,0.0
0.0,0.999999999999999,0.0,0.0
0.0,0.999999999999999,0.0,0.0
0.0,0.999999999999999,0.0,0.0
0.0,0.999999999999999,0.0,0.0
0.0,0.999999999999999,0.0,0.0
0.0,0.999999999999999,0.0,0.0
0.0,0.999999999999999,0.0,0.0
0.0,0.999999999999999,0.0,0.0
0.0,0.999999999999999,0.0,0.0
0.0,0.999999999999999,0.0,0.0
0.0,0.999999999999999,0.0,0.0
0.0,0.999999999999999,0.0,0.0
0.0,0.999999999999999,0.0,0.0
0.0,0.999999999999999,0.0,0.0
0.0,0.999999999999999,0.0,0.0
0.0,0.999999999999999,0.0,0.0
0.0,0.999999999999999,0.0,0.0
0.0,0.999999999999999,0.0,0.0
0.0,0.999999999999999,0.0,0.0
0.0,0.999999999999999,0.0,0.0
0.0,0.999999999999999,0.0,0.0
0.0,0.999999999999999,0.0,0.0
0.0,0.999999999999999,0.0,0.0
0.0,0.999999999999999,0.0,0.0
0.0,0.999999999999999,0.0,0.0
0.0,0.999999999999999,0.0,0.0
0.0,0.999999999999999,0.0,0.0
0.0,0.999999999999999,0.0,0.0
0.0,0.999999999999999,0.0,0.0
0.0,0.999999999999999,0.0,0.0
0.0,0.999999999999999,0.0,0.0
0.0,0.999999999999999,0.0,0.0
0.0,0.999999999999999,0.0,0.0
0.0,0.999999999999999,0.0,0.0
0.0,0.999999999999999,0.0,0.0
0.0,0.999999999999999,0.0,0.0
0.0,0.999999999999999,0.0,0.0
0.0,0.999999999999999,0.0,0.0
0.0,0.999999999999999,0.0,0.0
0.0,0.999999999999999,0.0,0.0
0.0,0.999999999999999,0.0,0.0
0.0,0.999999999999999,0.0,0.0
0.0,0.999999999999999,0.0,0.0
0.0,0.999999999999999,0.0,0.0
0.0,0.999999999999999,0.0,0.0
0.0,0.999999999999999,0.0,0.0
0.0,0.999999999999999,0.0,0.0
0.0,0.999999999999999,0.0,0.0
0.0,0.999999999999999,0.0,0.0
0.0,0.999999999999999,0.0,0.0
0.0,0.999999999999999,0.0,0.0
0.0,0.999999999999999,0.0,0.0
0.0,0.999999999999999,0.0,0.0
0.0,0.999999999999999,0.0,0.0
0.0,0.999999999999999,0.0,0.0
0.0,0.999999999999999,0.0,0.0
0.0,0.999999999999999,0.0,0.0
0.0,0.999999999999999,0.0,0.0
0.0,0.999999999999999,0.0,0.0
0.0,0.999999999999999,0.0,0.0
0.0,0.999999999999999,0.0,0.0
0.0,0.999999999999999,0.0,0.0
0.0,0.999999999999999,0.0,0.0
0.0,0.999999999999999,0.0,0.0
0.0,0.999999999999999,0.0,0.0
0.0,0.999999999999999,0.0,0.0
0.0,0.999999999999999,0.0,0.0
0.0,0.999999999999999,0.0,0.0
0.0,0.999999999999999,0.0,0.0
0.0,0.999999999999999,0.0,0.0
0.0,0.999999999999999,0.0,0.0
0.0,0.999999999999999,0.0,0.0
0.0,0.999999999999999,0.0,0.0
0.0,0.999999999999999,0.0,0.0
0.0,0.999999999999999,0.0,0.0
0.0,0.999999999999999,0.0,0.0
0.0,0.999999999999999,0.0,0.0
0.0,0.999999999999999,0.0,0.0
0.0,0.999999999999999,0.0,0.0
0.0,0.999999999999999,0.0,0.0
0.0,0.999999999999999,0.0,0.0
0.0,0.999999999999999,0.0,0.0
0.0,0.999999999999999,0.0,0.0
0.0,0.999999999999999,0.0,0.0
0.0,0.999999999999999,0.0,0.0
0.0,0.999999999999999,0.0,0.0
0.0,0.999999999999999,0.0,0.0
0.0,0.999999999999999,0.0,0.0
0.0,0.999999999999999,0.0,0.0
0.0,0.999999999999999,0.0,0.0
0.0,0.999999999999999,0.0,0.0
0.0,0.999999999999999,0.0,0.0
0.0,0.999999999999999,0.0,0.0
0.0,0.999999999999999,0.0,0.0
0.0,0.999999999999999,0.0,0.0
0.0,0.999999999999999,0.0,0.0
0.0,0.999999999999999,0.0,0.0
0.0,0.999999999999999,0.0,0.0
0.0,0.999999999999999,0.0,0.0
0.0,0.999999999999999,0.0,0.0
0.0,0.999999999999999,0.0,0.0
0.0,0.999999999999999,0.0,0.0
0.0,0.999999999999999,0.0,0.0
0.0,0.999999999999999,0.0,0.0
0.0,0.999999999999999,0.0,0.0
0.0,0.999999999999999,0.0,0.0
0.0,0.999999999999999,0.0,0.0
0.0,0.999999999999999,0.0,0.0
0.0,0.999999999999999,0.0,0.0
0.0,0.999999999999999,0.0,0.0
0.0,0.999999999999999,0.0,0.0
0.0,0.999999999999999,0.0,0.0
0.0,0.999999999999999,0.0,0.0
0.0,0.999999999999999,0.0,0.0
0.0,0.999999999999999,0.0,0.0
0.0,0.999999999999999,0.0,0.0
0.0,0.999999999999999,0.0,0.0
0.0,0.999999999999999,0.0,0.0
0.0,0.999999999999999,0.0,0.0
0.0,0.999999999999999,0.0,0.0
0.0,0.999999999999999,0.0,0.0
0.0,0.999999999999999,0.0,0.0
0.0,0.999999999999999,0.0,0.0
0.0,0.999999999999999,0.0,0.0
0.0,0.999999999999999,0.0,0.0
0.0,0.999999999999999,0.0,0.0
0.0,0.999999999999999,0.0,0.0
0.0,0.999999999999999,0.0,0.0
0.0,0.999999999999999,0.0,0.0
0.0,0.999999999999999,0.0,0.0
0.0,0.999999999999999,0.0,0.0
0.0,0.999999999999999,0.0,0.0
0.0,0.999999999999999,0.0,0.0
0.0,0.999999999999999,0.0,0.0
0.0,0.999999999999999,0.0,0.0
0.0,0.999999999999999,0.0,0.0
0.0,0.999999999999999,0.0,0.0
0.0,0.999999999999999,0.0,0.0
0.0,0.999999999999999,0.0,0.0
0.0,0.999999999999999,0.0,0.0
0.0,0.999999999999999,0.0,0.0
0.0,0.999999999999999,0.0,0.0
0.0,0.999999999999999,0.0,0.0
0.0,0.999999999999999,0.0,0.0
0.0,0.999999999999999,0.0,0.0
0.0,0.999999999999999,0.0,0.0
0.0,0.999999999999999,0.0,0.0
0.0,0.999999999999999,0.0,0.0
0.0,0.999999999999999,0.0,0.0
0.0,0.999999999999999,0.0,0.0
0.0,0.999999999999999,0.0,0.0
0.0,0.999999999999999,0.0,0.0
0.0,0.999999999999999,0.0,0.0
0.0,0.999999999999999,0.0,0.0
0.0,0.999999999999999,0.0,0.0
0.0,0.999999999999999,0.0,0.0
0.0,0.999999999999999,0.0,0.0
0.0,0.999999999999999,0.0,0.0
0.0,0.999999999999999,0.0,0.0
0.0,0.999999999999999,0.0,0.0
0.0,0.999999999999999,0.0,0.0
0.0,0.999999999999999,0.0,0.0
0.0,0.999999999999999,0.0,0.0
0.0,0.999999999999999,0.0,0.0
0.0,0.999999999999999,0.0,0.0
0.0,0.999999999999999,0.0,0.0
0.0,0.999999999999999,0.0,0.0
0.0,0.999999999999999,0.0,0.0
0.0,0.999999999999999,0.0,0.0
0.0,0.999999999999999,0.0,0.0
0.0,0.999999999999999,0.0,0.0
0.0,0.999999999999999,0.0,0.0
0.0,0.999999999999999,0.0,0.0
0.0,0.999999999999999,0.0,0.0
0.0,0.999999999999999,0.0,0.0
0.0,0.999999999999999,0.0,0.0
0.0,0.999999999999999,0.0,0.0
0.0,0.999999999999999,0.0,0.0
0.0,0.999999999999999,0.0,0.0
0.0,0.999999999999999,0.0,0.0
0.0,0.999999999999999,0.0,0.0
0.0,0.999999999999999,0.0,0.0
0.0,0.999999999999999,0.0,0.0
0.0,0.999999999999999,0.0,0.0
0.0,0.999999999999999,0.0,0.0
0.0,0.999999999999999,0.0,0.0
0.0,0.999999999999999,0.0,0.0
0.0,0.999999999999999,0.0,0.0
0.0,0.999999999999999,0.0,0.0
0.0,0.999999999999999,0.0,0.0
0.0,0.999999999999999,0.0,0.0
0.0,0.999999999999999,0.0,0.0
0.0,0.999999999999999,0.0,0.0
0.0,0.999999999999999,0.0,0.0
0.0,0.999999999999999,0.0,0.0
0.0,0.999999999999999,0.0,0.0
0.0,0.999999999999999,0.0,0.0
0.0,0.999999999999999,0.0,0.0
0.0,0.999999999999999,0.0,0.0
0.0,0.999999999999999,0.0,0.0
0.0,0.999999999999999,0.0,0.0
0.0,0.999999999999999,0.0,0.0
0.0,0.999999999999999,0.0,0.0
0.0,0.999999999999999,0.0,0.0
0.0,0.999999999999999,0.0,0.0
0.0,0.999999999999999,0.0,0.0
0.0,0.999999999999999,0.0,0.0
