NormalCell,CancerCell,Apoptosis,Empty
0.9975,0.0025,0.0,0.0
0.9972788109653483,0.0027211890346517586,0.0,0.0
0.9970381102039316,0.002961889796068385,0.0,0.0
0.9967761872602422,0.0032238127397578513,0.0,0.0
0.9964911837156581,0.00350881628434181,0.0,0.0
0.9961810807546773,0.003818919245322699,0.0,0.0
0.9958436857541888,0.004156314245811265,0.0,0.0
0.9954766178318231,0.00452338216817696,0.0,0.0
0.9950772922877614,0.004922707712238651,0.0,0.0
0.9946429038732765,0.005357096126723597,0.0,0.0
0.9941704088188729,0.005829591181127256,0.0,0.0
0.9936565055553873,0.006343494444612788,0.0,0.0
0.9930976140630315,0.006902385936968681,0.0,0.0
0.9924898537863739,0.007510146213626366,0.0,0.0
0.9918290200579896,0.00817097994201078,0.0,0.0
0.991110558980314,0.008889441019686313,0.0,0.0
0.9903295407245604,0.009670459275439964,0.0,0.0
0.9894806312178823,0.010519368782117922,0.0,0.0
0.9885580622058663,0.011441937794133963,0.0,0.0
0.9875555996975491,0.012444400302451076,0.0,0.0
0.9864665108252296,0.01353348917477058,0.0,0.0
0.9852835291821749,0.014716470817825279,0.0,0.0
0.9839988187388466,0.016001181261153546,0.0,0.0
0.9826039364834722,0.017396063516528077,0.0,0.0
0.9810897939867602,0.018910206013239998,0.0,0.0
0.9794466181544645,0.02055338184553581,0.0,0.0
0.9776639115065437,0.022336088493456654,0.0,0.0
0.9757304124091039,0.024269587590896483,0.0,0.0
0.9736340557863451,0.026365944213655203,0.0,0.0
0.9713619349555329,0.028638065044467424,0.0,0.0
0.9689002653595561,0.03109973464044419,0.0,0.0
0.9662343511196626,0.03376564888033779,0.0,0.0
0.9633485554958214,0.03665144450417894,0.0,0.0
0.9602262765236591,0.03977372347634132,0.0,0.0
0.9568499292940928,0.043150070705907595,0.0,0.0
0.9532009365527264,0.0467990634472741,0.0,0.0
0.9492597295175765,0.05074027048242392,0.0,0.0
0.945005761041026,0.05499423895897455,0.0,0.0
0.9404175334683775,0.059582466531622975,0.0,0.0
0.9354726437621168,0.0645273562378836,0.0,0.0
0.9301478486564347,0.06985215134356566,0.0,0.0
0.9244191527662943,0.07558084723370612,0.0,0.0
0.9182619226817472,0.08173807731825326,0.0,0.0
0.9116510301104712,0.08834896988952931,0.0,0.0
0.904561027065631,0.09543897293436959,0.0,0.0
0.8969663559054208,0.1030336440945797,0.0,0.0
0.8888415966863186,0.11115840331368204,0.0,0.0
0.8801617537647209,0.11983824623527971,0.0,0.0
0.8709025828428933,0.12909741715710724,0.0,0.0
0.8610409586802027,0.13895904131979792,0.0,0.0
0.8505552824612052,0.14944471753879535,0.0,0.0
0.8394259263204159,0.1605740736795845,0.0,0.0
0.8276357107760444,0.172364289223956,0.0,0.0
0.8151704088470291,0.18482959115297123,0.0,0.0
0.8020192684676937,0.19798073153230666,0.0,0.0
0.788175542546997,0.21182445745300338,0.0,0.0
0.7736370137477213,0.22636298625227902,0.0,0.0
0.7584064989161631,0.24159350108383726,0.0,0.0
0.7424923162309888,0.2575076837690116,0.0,0.0
0.7259086967350128,0.2740913032649876,0.0,0.0
0.7086761211472179,0.29132387885278244,0.0,0.0
0.6908215628986372,0.3091784371013631,0.0,0.0
0.6723786193440365,0.32762138065596375,0.0,0.0
0.6533875151764815,0.3466124848235188,0.0,0.0
0.6338949652548472,0.36610503474515305,0.0,0.0
0.6139538883059479,0.3860461116940524,0.0,0.0
0.5936229681529899,0.40637703184701046,0.0,0.0
0.5729660650267492,0.4270339349732511,0.0,0.0
0.5520514858256285,0.44794851417437187,0.0,0.0
0.5309511285287508,0.46904887147124946,0.0,0.0
0.5097395219172671,0.4902604780827332,0.0,0.0
0.48849278690582965,0.5115072130941707,0.0,0.0
0.46728754974960063,0.5327124502503997,0.0,0.0
0.446199839869908,0.5538001601300923,0.0,0.0
0.42530400584056616,0.5746959941594342,0.0,0.0
0.40467168213397964,0.5953283178660207,0.0,0.0
0.3843708366157166,0.6156291633842838,0.0,0.0
0.36446492470152064,0.6355350752984796,0.0,0.0
0.34501217086176433,0.654987829138236,0.0,0.0
0.3260649921589747,0.6739350078410257,0.0,0.0
0.30766957215287355,0.6923304278471268,0.0,0.0
0.2898655872177098,0.7101344127822905,0.0,0.0
0.2726860814607213,0.7273139185392791,0.0,0.0
0.2561574813113558,0.7438425186886445,0.0,0.0
0.24029973668452592,0.7597002633154745,0.0,0.0
0.22512657253008939,0.774873427469911,0.0,0.0
0.21064583259694633,0.789354167403054,0.0,0.0
0.19685989631662854,0.8031401036833717,0.0,0.0
0.18376614973876038,0.81623385026124,0.0,0.0
0.17135749227719851,0.8286425077228019,0.0,0.0
0.15962286247550636,0.8403771375244941,0.0,0.0
0.1485477678923178,0.8514522321076826,0.0,0.0
0.1381148063681242,0.8618851936318762,0.0,0.0
0.12830416821092386,0.8716958317890766,0.0,0.0
0.11909411110012376,0.8809058888998768,0.0,0.0
0.11046140165541583,0.8895385983445847,0.0,0.0
0.10238171957762984,0.8976182804223707,0.0,0.0
0.09483002199549835,0.9051699780045022,0.0,0.0
0.08778086712220523,0.9122191328777953,0.0,0.0
0.08120869753334241,0.9187913024666581,0.0,0.0
0.0750880843323919,0.9249119156676087,0.0,0.0
0.06939393418998471,0.9306060658100158,0.0,0.0
0.06410166175420189,0.9358983382457986,0.0,0.0
0.05918733025960706,0.9408126697403933,0.0,0.0
0.05462776334197597,0.9453722366580244,0.0,0.0
0.05040063112240452,0.949599368877596,0.0,0.0
0.04648451358516458,0.9535154864148359,0.0,0.0
0.04285894416206907,0.9571410558379314,0.0,0.0
0.03950443627277756,0.9604955637272229,0.0,0.0
0.03640249537274505,0.9635975046272555,0.0,0.0
0.033535618842575506,0.966464381157425,0.0,0.0
0.03088728582568207,0.9691127141743184,0.0,0.0
0.028441938894090146,0.9715580611059105,0.0,0.0
0.02618495920143493,0.9738150407985657,0.0,0.0
0.024102636572309915,0.9758973634276907,0.0,0.0
0.022182135781189518,0.9778178642188111,0.0,0.0
0.02041146009401428,0.9795885399059863,0.0,0.0
0.01877941298206856,0.9812205870179319,0.0,0.0
0.01727555877114479,0.9827244412288557,0.0,0.0
0.015890182858788095,0.9841098171412125,0.0,0.0
0.01461425201788827,0.9853857479821123,0.0,0.0
0.0134393752050233,0.9865606247949772,0.0,0.0
0.012357765205603716,0.9876422347943968,0.0,0.0
0.011362201373793736,0.9886377986262067,0.0,0.0
0.010445993662154212,0.9895540063378462,0.0,0.0
0.009602948082752479,0.9903970519172479,0.0,0.0
0.008827333696960931,0.9911726663030395,0.0,0.0
0.008113851194239534,0.9918861488057609,0.0,0.0
0.007457603089873556,0.9925423969101268,0.0,0.0
0.006854065547012646,0.9931459344529878,0.0,0.0
0.006299061808618319,0.9937009381913822,0.0,0.0
0.00578873720934984,0.9942112627906506,0.0,0.0
0.005319535725363625,0.9946804642746369,0.0,0.0
0.00488817801090749,0.9951118219890931,0.0,0.0
0.004491640863969276,0.9955083591360314,0.0,0.0
0.004127138058666303,0.9958728619413344,0.0,0.0
0.003792102479173099,0.9962078975208276,0.0,0.0
0.003484169488467893,0.9965158305115328,0.0,0.0
0.003201161464767576,0.9967988385352331,0.0,0.0
0.002941073438991102,0.9970589265610096,0.0,0.0
0.0027020597677528645,0.9972979402322478,0.0,0.0
0.0024824217780815058,0.9975175782219192,0.0,0.0
0.0022805963221533233,0.9977194036778474,0.0,0.0
0.002095145182713403,0.9979048548172872,0.0,0.0
0.0019247452724414083,0.9980752547275593,0.0,0.0
0.0017681795732291223,0.9982318204267716,0.0,0.0
0.0016243287641135875,0.9983756712358871,0.0,0.0
0.0014921634894053423,0.9985078365105955,0.0,0.0
0.0013707372213279138,0.9986292627786729,0.0,0.0
0.001259179674212887,0.9987408203257879,0.0,0.0
0.0011566907299519124,0.9988433092700489,0.0,0.0
0.0010625348369760468,0.9989374651630248,0.0,0.0
0.0009760358475016786,0.9990239641524993,0.0,0.0
0.0008965722601426325,0.9991034277398583,0.0,0.0
0.000823572837234685,0.9991764271627663,0.0,0.0
0.0007565125683489828,0.9992434874316519,0.0,0.0
0.0006949089534840487,0.9993050910465169,0.0,0.0
0.0006383185813231228,0.9993616814186779,0.0,0.0
0.0005863339797266302,0.9994136660202743,0.0,0.0
0.0005385807173016891,0.9994614192826993,0.0,0.0
0.0004947147364555198,0.9995052852635454,0.0,0.0
0.00045441989980166163,0.9995455801001993,0.0,0.0
0.0004174057331516417,0.9995825942668494,0.0,0.0
0.00038340534959496514,0.999616594650406,0.0,0.0
0.0003521735403519204,0.999647826459649,0.0,0.0
0.0003234850191816217,0.9996765149808193,0.0,0.0
0.00029713280814682884,0.9997028671918541,0.0,0.0
0.0002729267534821538,0.9997270732465188,0.0,0.0
0.00025069216118793627,0.9997493078388131,0.0,0.0
0.0002302685427828068,0.9997697314572181,0.0,0.0
0.00021150846239806687,0.999788491537603,0.0,0.0
0.00019427647709058496,0.9998057235229105,0.0,0.0
0.00017844816289183728,0.9998215518371093,0.0,0.0
0.00016390921970269718,0.9998360907802984,0.0,0.0
0.00015055464869007803,0.999849445351311,0.0,0.0
0.00013828799634583717,0.9998617120036554,0.0,0.0
0.00012702065983352767,0.9998729793401676,0.0,0.0
0.00011667124867752158,0.9998833287513237,0.0,0.0
0.00010716499824441891,0.9998928350017569,0.0,0.0
9.84332308310119e-05,0.9999015667691702,0.0,0.0
9.041286050874225e-05,0.9999095871394925,0.0,0.0
8.304593818374855e-05,0.9999169540618175,0.0,0.0
7.627923361628237e-05,0.9999237207663849,0.0,0.0
7.006385140535664e-05,0.9999299361485958,0.0,0.0
6.435487818572633e-05,0.9999356451218155,0.0,0.0
5.91110585063104e-05,0.9999408889414948,0.0,0.0
5.4294497063442644e-05,0.9999457055029377,0.0,0.0
4.987038515027788e-05,0.9999501296148509,0.0,0.0
4.580674935656213e-05,0.9999541932506446,0.0,0.0
4.207422071198694e-05,0.9999579257792892,0.0,0.0
3.864582261258616e-05,0.9999613541773887,0.0,0.0
3.549677600410985e-05,0.9999645032239972,0.0,0.0
3.2604320419959054e-05,0.9999673956795815,0.0,0.0
2.994754958494875e-05,0.9999700524504165,0.0,0.0
2.7507260400679002e-05,0.9999724927396008,0.0,0.0
2.5265814224369412e-05,0.9999747341857771,0.0,0.0
2.3207009441324323e-05,0.9999767929905602,0.0,0.0
2.1315964412367923e-05,0.9999786840355891,0.0,0.0
1.9579009952193343e-05,0.9999804209900494,0.0,0.0
1.798359056313456e-05,0.9999820164094383,0.0,0.0
1.6518173711881725e-05,0.9999834818262896,0.0,0.0
1.5172166494565567e-05,0.999984827833507,0.0,0.0
1.3935839088847086e-05,0.9999860641609126,0.0,0.0
1.2800254440543582e-05,0.9999871997455609,0.0,0.0
1.1757203677249424e-05,0.9999882427963243,0.0,0.0
1.0799146782690843e-05,0.9999892008532189,0.0,0.0
9.919158103483028e-06,0.9999900808418981,0.0,0.0
9.11087629480638e-06,0.9999908891237068,0.0,0.0
8.368458343536151e-06,0.9999916315416582,0.0,0.0
7.686537336775463e-06,0.9999923134626648,0.0,0.0
7.060183670766474e-06,0.9999929398163309,0.0,0.0
6.484869419982266e-06,0.9999935151305818,0.0,0.0
5.956435609011112e-06,0.9999940435643927,0.0,0.0
5.471062150798775e-06,0.9999945289378509,0.0,0.0
5.025240234064218e-06,0.9999949747597676,0.0,0.0
4.615746960387784e-06,0.9999953842530414,0.0,0.0
4.23962204771582e-06,0.9999957603779541,0.0,0.0
3.8941464319487016e-06,0.9999961058535699,0.0,0.0
3.5768226119878236e-06,0.9999964231773899,0.0,0.0
3.2853565962098876e-06,0.9999967146434057,0.0,0.0
3.017641319904592e-06,0.999996982358682,0.0,0.0
2.771741413837932e-06,0.999997228258588,0.0,0.0
2.5458792138642967e-06,0.999997454120788,0.0,0.0
2.3384219104768177e-06,0.9999976615780913,0.0,0.0
2.1478697454216086e-06,0.9999978521302565,0.0,0.0
1.9728451700670826e-06,0.9999980271548319,0.0,0.0
1.8120828871689393e-06,0.9999981879171148,0.0,0.0
1.664420704054917e-06,0.9999983355792978,0.0,0.0
1.5287911311169875e-06,0.9999984712088709,0.0,0.0
1.4042136648847018e-06,0.999998595786337,0.0,0.0
1.2897876999007368e-06,0.999998710212302,0.0,0.0
1.1846860181640442e-06,0.9999988153139837,0.0,0.0
1.0881488090802207e-06,0.9999989118511928,0.0,0.0
9.994781766928776e-07,0.9999990005218252,0.0,0.0
9.180330944916425e-07,0.9999990819669073,0.0,0.0
8.432247713273664e-07,0.9999991567752307,0.0,0.0
7.745123949365165e-07,0.9999992254876071,0.0,0.0
7.113992223060793e-07,0.9999992886007797,0.0,0.0
6.534289886172768e-07,0.9999993465710133,0.0,0.0
6.001826088091432e-07,0.9999993998173932,0.0,0.0
5.512751479181386e-07,0.999999448724854,0.0,0.0
5.063530382927886e-07,0.9999994936469636,0.0,0.0
4.650915235668492e-07,0.9999995349084783,0.0,0.0
4.271923109136298e-07,0.9999995728076909,0.0,0.0
3.923814146096793e-07,0.9999996076185873,0.0,0.0
3.604071753189431e-07,0.9999996395928266,0.0,0.0
3.310384407787342e-07,0.9999996689615611,0.0,0.0
3.040628947355894e-07,0.9999996959371071,0.0,0.0
2.792855220507529e-07,0.9999997207144798,0.0,0.0
2.565271988793756e-07,0.999999743472803,0.0,0.0
2.3562339773166378e-07,0.9999997643766042,0.0,0.0
2.164229980546811e-07,0.9999997835770038,0.0,0.0
1.9878719373631352e-07,0.9999998012128082,0.0,0.0
1.8258848963355393e-07,0.9999998174115123,0.0,0.0
1.6770977987082314e-07,0.999999832290222,0.0,0.0
1.5404350124516134e-07,0.9999998459565006,0.0,0.0
1.4149085561807773e-07,0.9999998585091463,0.0,0.0
1.2996109567255616e-07,0.9999998700389062,0.0,0.0
1.1937086887178853e-07,0.999999880629133,0.0,0.0
1.0964361487695545e-07,0.999999890356387,0.0,0.0
1.007090120678368e-07,0.9999998992909899,0.0,0.0
9.250246916500731e-08,0.9999999074975328,0.0,0.0
8.496465827841967e-08,0.9999999150353438,0.0,0.0
7.80410860066568e-08,0.9999999219589161,0.0,0.0
7.168169948621099e-08,0.9999999283183025,0.0,0.0
6.584052454280905e-08,0.9999999341594775,0.0,0.0
6.047533332887513e-08,0.9999999395246688,0.0,0.0
5.554733904438574e-08,0.999999944452663,0.0,0.0
5.102091553416305e-08,0.9999999489790866,0.0,0.0
4.686333973449166e-08,0.9999999531366625,0.0,0.0
4.30445551071268e-08,0.9999999569554471,0.0,0.0
3.953695435048582e-08,0.9999999604630478,0.0,0.0
3.6315179817174935e-08,0.9999999636848225,0.0,0.0
3.335594019500687e-08,0.9999999666440621,0.0,0.0
3.063784212623873e-08,0.9999999693621602,0.0,0.0
2.814123554775209e-08,0.9999999718587668,0.0,0.0
2.5848071634089834e-08,0.9999999741519306,0.0,0.0
2.374177231637439e-08,0.99999997625823,0.0,0.0
2.1807110433817185e-08,0.9999999781928919,0.0,0.0
2.003009965139573e-08,0.9999999799699028,0.0,0.0
1.8397893347877132e-08,0.9999999816021091,0.0,0.0
1.6898691743216366e-08,0.9999999831013107,0.0,0.0
1.5521656593922636e-08,0.9999999844783457,0.0,0.0
1.4256832839698435e-08,0.9999999857431695,0.0,0.0
1.3095076634908812e-08,0.9999999869049258,0.0,0.0
1.2027989244596351e-08,0.9999999879720132,0.0,0.0
1.1047856327154135e-08,0.999999988952146,0.0,0.0
1.0147592164710764e-08,0.9999999898524102,0.0,0.0
9.320688438050185e-09,0.999999990679314,0.0,0.0
8.56116717574299e-09,0.9999999914388353,0.0,0.0
7.863537537342615e-09,0.9999999921364648,0.0,0.0
7.2227561182175756e-09,0.9999999927772463,0.0,0.0
6.6341904890499216e-09,0.9999999933658118,0.0,0.0
6.0935857064146485e-09,0.9999999939064166,0.0,0.0
5.597033552333644e-09,0.9999999944029687,0.0,0.0
5.1409442804264905e-09,0.999999994859058,0.0,0.0
4.722020664401425e-09,0.9999999952779817,0.0,0.0
4.337234161274185e-09,0.9999999956627681,0.0,0.0
3.983803016990513e-09,0.9999999960161994,0.0,0.0
3.6591721561704127e-09,0.9999999963408303,0.0,0.0
3.360994710590259e-09,0.9999999966390076,0.0,0.0
3.0871150528658376e-09,0.9999999969128873,0.0,0.0
2.8355532126810274e-09,0.9999999971644492,0.0,0.0
2.604490562901706e-09,0.9999999973955118,0.0,0.0
2.392256672094902e-09,0.9999999976077457,0.0,0.0
2.197317228405556e-09,0.9999999978026851,0.0,0.0
2.0182629474884536e-09,0.9999999979817393,0.0,0.0
1.8537993843069837e-09,0.9999999981462028,0.0,0.0
1.7027375751447058e-09,0.9999999982972646,0.0,0.0
1.5639854421776337e-09,0.9999999984360167,0.0,0.0
1.436539898467934e-09,0.9999999985634622,0.0,0.0
1.3194795963033312e-09,0.9999999986805226,0.0,0.0
1.2119582664574747e-09,0.9999999987880439,0.0,0.0
1.1131986002184987e-09,0.9999999988868035,0.0,0.0
1.0224866299568521e-09,0.9999999989775155,0.0,0.0
9.391665676076003e-10,0.9999999990608356,0.0,0.0
8.626360637528077e-10,0.9999999991373661,0.0,0.0
7.923418530302838e-10,0.9999999992076605,0.0,0.0
7.277757543878531e-10,0.9999999992722266,0.0,0.0
6.684709972676127e-10,0.9999999993315314,0.0,0.0
6.139988471609016e-10,0.9999999993860036,0.0,0.0
5.639655061389573e-10,0.9999999994360368,0.0,0.0
5.180092659521314e-10,0.999999999481993,0.0,0.0
4.757978931164373e-10,0.9999999995242044,0.0,0.0
4.3702622708332383e-10,0.999999999562976,0.0,0.0
4.0141397412901515e-10,0.9999999995985882,0.0,0.0
3.6870368101468714e-10,0.9999999996312985,0.0,0.0
3.3865887376836984e-10,0.9999999996613433,0.0,0.0
3.1106234813319163e-10,0.9999999996889399,0.0,0.0
2.857145993230269e-10,0.9999999997142877,0.0,0.0
2.624323797337098e-10,0.9999999997375698,0.0,0.0
2.4104737418301336e-10,0.9999999997589549,0.0,0.0
2.2140498310224663e-10,0.9999999997785973,0.0,0.0
2.0336320488274427e-10,0.9999999997966391,0.0,0.0
1.867916092973454e-10,0.9999999998132106,0.0,0.0
1.7157039457537382e-10,0.9999999998284319,0.0,0.0
1.5758952131438855e-10,0.9999999998424128,0.0,0.0
1.4474791696745571e-10,0.9999999998552545,0.0,0.0
1.3295274515490603e-10,0.9999999998670497,0.0,0.0
1.2211873451818077e-10,0.9999999998778837,0.0,0.0
1.1216756226382026e-10,0.9999999998878348,0.0,0.0
1.0302728794102166e-10,0.9999999998969752,0.0,0.0
9.463183335934936e-11,0.9999999999053706,0.0,0.0
8.692050488674386e-11,0.999999999913082,0.0,0.0
7.983755467435721e-11,0.999999999920165,0.0,0.0
7.333177763615814e-11,0.9999999999266707,0.0,0.0
6.735614126973371e-11,0.9999999999326463,0.0,0.0
6.18674456421346e-11,0.999999999938135,0.0,0.0
5.6826011082684745e-11,0.9999999999431765,0.0,0.0
5.2195391324979016e-11,0.9999999999478071,0.0,0.0
4.794211002427367e-11,0.9999999999520603,0.0,0.0
4.403541874546313e-11,0.9999999999559671,0.0,0.0
4.044707467205489e-11,0.9999999999595555,0.0,0.0
3.715113642912403e-11,0.9999999999628514,0.0,0.0
3.412377654418128e-11,0.9999999999658787,0.0,0.0
3.1343109190169795e-11,0.9999999999686594,0.0,0.0
2.878903196528519e-11,0.9999999999712135,0.0,0.0
2.6443080565790863e-11,0.9999999999735594,0.0,0.0
2.428829530120833e-11,0.9999999999757142,0.0,0.0
2.2309098486874865e-11,0.9999999999776934,0.0,0.0
2.049118182749705e-11,0.9999999999795112,0.0,0.0
1.882140297755719e-11,0.9999999999811809,0.0,0.0
1.7287690530772114e-11,0.9999999999827147,0.0,0.0
1.5878956751740502e-11,0.9999999999841235,0.0,0.0
1.4585017418885678e-11,0.9999999999854174,0.0,0.0
1.3396518199211015e-11,0.9999999999866058,0.0,0.0
1.2304867022605595e-11,0.9999999999876975,0.0,0.0
1.1302171966810783e-11,0.9999999999887003,0.0,0.0
1.0381184203996698e-11,0.9999999999896212,0.0,0.0
9.535245596489755e-12,0.9999999999904672,0.0,0.0
8.758240562802744e-12,0.9999999999912442,0.0,0.0
8.044551865990406e-12,0.999999999991958,0.0,0.0
7.389020004709305e-12,0.9999999999926135,0.0,0.0
6.7869059134059795e-12,0.9999999999932156,0.0,0.0
6.233856701980189e-12,0.9999999999937687,0.0,0.0
5.7258741872435e-12,0.9999999999942767,0.0,0.0
5.259285988676267e-12,0.9999999999947433,0.0,0.0
4.830718979524299e-12,0.9999999999951719,0.0,0.0
4.4370749013040415e-12,0.9999999999955655,0.0,0.0
4.07550796542513e-12,0.999999999995927,0.0,0.0
3.743404280004748e-12,0.9999999999962591,0.0,0.0
3.4383629531431268e-12,0.9999999999965642,0.0,0.0
3.158178736049272e-12,0.9999999999968445,0.0,0.0
2.90082608053809e-12,0.9999999999971019,0.0,0.0
2.6644444956450747e-12,0.9999999999973381,0.0,0.0
2.4473250974964755e-12,0.9999999999975553,0.0,0.0
2.2478982551993317e-12,0.9999999999977547,0.0,0.0
2.0647222434392555e-12,0.9999999999979379,0.0,0.0
1.8964728197516847e-12,0.9999999999981061,0.0,0.0
1.7419336511171118e-12,0.9999999999982606,0.0,0.0
1.5999875206708498e-12,0.9999999999984026,0.0,0.0
1.4696082509576108e-12,0.9999999999985328,0.0,0.0
1.3498532853413232e-12,0.9999999999986526,0.0,0.0
1.239856873938647e-12,0.9999999999987627,0.0,0.0
1.1388238148149511e-12,0.9999999999988637,0.0,0.0
1.0460237051957045e-12,0.9999999999989565,0.0,0.0
9.60785661133311e-13,0.9999999999990418,0.0,0.0
8.824934674560355e-13,0.99999999999912,0.0,0.0
8.105811229363385e-13,0.999999999999192,0.0,0.0
7.445287484731037e-13,0.999999999999258,0.0,0.0
6.838588287065976e-13,0.9999999999993188,0.0,0.0
6.281327598955057e-13,0.9999999999993744,0.0,0.0
5.769476790994549e-13,0.9999999999994256,0.0,0.0
5.29933551744095e-13,0.9999999999994726,0.0,0.0
4.867504965137413e-13,0.9999999999995158,0.0,0.0
4.4708632823230726e-13,0.9999999999995555,0.0,0.0
4.106543009691677e-13,0.9999999999995919,0.0,0.0
3.7719103505408703e-13,0.9999999999996253,0.0,0.0
3.4645461301488993e-13,0.9999999999996559,0.0,0.0
3.1822283067275213e-13,0.9999999999996843,0.0,0.0
2.9229159075167694e-13,0.9999999999997101,0.0,0.0
2.6847342738900775e-13,0.999999999999734,0.0,0.0
2.4659615088015377e-13,0.9999999999997559,0.0,0.0
2.2650160285992316e-13,0.9999999999997758,0.0,0.0
2.0804451292124028e-13,0.9999999999997944,0.0,0.0
1.9109144840534984e-13,0.9999999999998113,0.0,0.0
1.7551984977118009e-13,0.9999999999998269,0.0,0.0
1.6121714457021772e-13,0.9999999999998412,0.0,0.0
1.48079933621514e-13,0.9999999999998543,0.0,0.0
1.3601324350340061e-13,0.9999999999998664,0.0,0.0
1.2492983995792116e-13,0.9999999999998775,0.0,0.0
1.147495972443416e-13,0.9999999999998878,0.0,0.0
1.0539891888257969e-13,0.9999999999998971,0.0,0.0
9.681020559890808e-14,0.9999999999999056,0.0,0.0
8.8921366627527e-14,0.9999999999999136,0.0,0.0
8.167537083503777e-14,0.9999999999999208,0.0,0.0
7.501983442274113e-14,0.9999999999999275,0.0,0.0
6.89066422261184e-14,0.9999999999999336,0.0,0.0
6.329159987373897e-14,0.9999999999999393,0.0,0.0
5.813411429093119e-14,0.9999999999999445,0.0,0.0
5.3396900238467604e-14,0.9999999999999492,0.0,0.0
4.904571076473159e-14,0.9999999999999535,0.0,0.0
4.504908962271142e-14,0.9999999999999575,0.0,0.0
4.13781438619588e-14,0.9999999999999613,0.0,0.0
3.8006334951500993e-14,0.9999999999999646,0.0,0.0
3.490928692366206e-14,0.9999999999999677,0.0,0.0
3.206461015179875e-14,0.9999999999999706,0.0,0.0
2.945173948797982e-14,0.9999999999999731,0.0,0.0
2.70517855904501e-14,0.9999999999999756,0.0,0.0
2.4847398366074568e-14,0.9999999999999778,0.0,0.0
2.2822641540540633e-14,0.9999999999999798,0.0,0.0
2.0962877449543594e-14,0.9999999999999817,0.0,0.0
1.925466121807097e-14,0.9999999999999833,0.0,0.0
1.768564356277139e-14,0.9999999999999849,0.0,0.0
1.624448151473284e-14,0.9999999999999863,0.0,0.0
1.492075641725449e-14,0.9999999999999877,0.0,0.0
1.370489860578985e-14,0.9999999999999889,0.0,0.0
1.2588118225546458e-14,0.99999999999999,0.0,0.0
1.1562341686598884e-14,0.999999999999991,0.0,0.0
1.062015329712705e-14,0.999999999999992,0.0,0.0
9.754741652826516e-15,0.9999999999999929,0.0,0.0
8.959850394921303e-15,0.9999999999999938,0.0,0.0
8.229732980791959e-15,0.9999999999999944,0.0,0.0
7.559111140240166e-15,0.9999999999999951,0.0,0.0
6.9431367170559546e-15,0.9999999999999958,0.0,0.0
6.377356620027009e-15,0.9999999999999963,0.0,0.0
5.8576806300089094e-15,0.9999999999999969,0.0,0.0
5.38035183032249e-15,0.9999999999999973,0.0,0.0
4.941919446709498e-15,0.9999999999999978,0.0,0.0
4.53921390049722e-15,0.9999999999999981,0.0,0.0
4.169323894622838e-15,0.9999999999999986,0.0,0.0
3.8295753668644714e-15,0.9999999999999989,0.0,0.0
3.517512158124579e-15,0.9999999999999991,0.0,0.0
3.230878256010076e-15,0.9999999999999994,0.0,0.0
2.967601485341905e-15,0.9999999999999997,0.0,0.0
2.7257785276871215e-15,1.0,0.0,0.0
2.503661161614548e-15,1.0000000000000002,0.0,0.0
2.2996436242000573e-15,1.0000000000000004,0.0,0.0
2.112251002413459e-15,1.0000000000000007,0.0,0.0
1.9401285704643276e-15,1.0000000000000007,0.0,0.0
1.7820319960227707e-15,1.0000000000000009,0.0,0.0
1.6368183445125395e-15,1.0000000000000009,0.0,0.0
1.5034378164434127e-15,1.000000000000001,0.0,0.0
1.38092615804919e-15,1.0000000000000013,0.0,0.0
1.2683976903651813e-15,1.0000000000000013,0.0,0.0
1.1650389063499935e-15,1.0000000000000016,0.0,0.0
1.0701025897630004e-15,1.0000000000000018,0.0,0.0
9.82902413280841e-16,1.0000000000000018,0.0,0.0
9.028079768008659e-16,1.000000000000002,0.0,0.0
8.292402500617199e-16,1.0000000000000022,0.0,0.0
7.616673866341986e-16,1.0000000000000022,0.0,0.0
6.996008790202726e-16,1.0000000000000022,0.0,0.0
6.425920270641692e-16,1.0000000000000022,0.0,0.0
5.902286941444404e-16,1.0000000000000022,0.0,0.0
5.42132327696408e-16,1.0000000000000022,0.0,0.0
4.979552225253228e-16,1.0000000000000022,0.0,0.0
4.573780071257808e-16,1.0000000000000022,0.0,0.0
4.2010733483513657e-16,1.0000000000000022,0.0,0.0
3.8587376312946777e-16,1.0000000000000022,0.0,0.0
3.5442980573078813e-16,1.0000000000000022,0.0,0.0
3.2554814344352357e-16,1.0000000000000022,0.0,0.0
2.990199807857715e-16,1.0000000000000022,0.0,0.0
2.7465353653486466e-16,1.0000000000000022,0.0,0.0
2.522726572748736e-16,1.0000000000000022,0.0,0.0
2.3171554392290585e-16,1.0000000000000022,0.0,0.0
2.1283358202782067e-16,1.0000000000000022,0.0,0.0
1.954902673851877e-16,1.0000000000000022,0.0,0.0
1.795602192013885e-16,1.0000000000000022,0.0,0.0
1.6492827367268543e-16,1.0000000000000022,0.0,0.0
1.5148865142642841e-16,1.0000000000000022,0.0,0.0
1.3914419280554561e-16,1.0000000000000022,0.0,0.0
1.27805655467926e-16,1.0000000000000022,0.0,0.0
1.1739106922279836e-16,1.0000000000000022,0.0,0.0
1.0782514343999606e-16,1.0000000000000022,0.0,0.0
9.903872274806578e-17,1.0000000000000022,0.0,0.0
9.096828708627406e-17,1.0000000000000022,0.0,0.0
8.355549249621548e-17,1.0000000000000022,0.0,0.0
7.674674933324697e-17,1.0000000000000022,0.0,0.0
7.049283484849335e-17,1.0000000000000022,0.0,0.0
6.474853734064624e-17,1.0000000000000022,0.0,0.0
5.947232930500687e-17,1.0000000000000022,0.0,0.0
5.4626067216854875e-17,1.0000000000000022,0.0,0.0
5.0174715778773586e-17,1.0000000000000022,0.0,0.0
4.608609463842082e-17,1.0000000000000022,0.0,0.0
4.2330645745680696e-17,1.0000000000000022,0.0,0.0
3.88812196673412e-17,1.0000000000000022,0.0,0.0
3.5712879314492733e-17,1.0000000000000022,0.0,0.0
3.280271966372548e-17,1.0000000000000022,0.0,0.0
3.012970216882794e-17,1.0000000000000022,0.0,0.0
2.767450266589189e-17,1.0000000000000022,0.0,0.0
2.5419371672277314e-17,1.0000000000000022,0.0,0.0
2.3348006069490482e-17,1.0000000000000022,0.0,0.0
2.1445431242326475e-17,1.0000000000000022,0.0,0.0
1.9697892822219437e-17,1.0000000000000022,0.0,0.0
1.8092757252175995e-17,1.0000000000000022,0.0,0.0
1.661842045444146e-17,1.0000000000000022,0.0,0.0
1.526422394062593e-17,1.0000000000000022,0.0,0.0
1.4020377757821555e-17,1.0000000000000022,0.0,0.0
1.2877889713661836e-17,1.0000000000000022,0.0,0.0
1.1828500368666604e-17,1.0000000000000022,0.0,0.0
1.0864623325909932e-17,1.0000000000000022,0.0,0.0
9.979290386344432e-18,1.0000000000000022,0.0,0.0
9.16610117329087e-18,1.0000000000000022,0.0,0.0
8.419176861911237e-18,1.0000000000000022,0.0,0.0
7.733117679159638e-18,1.0000000000000022,0.0,0.0
7.102963866963582e-18,1.0000000000000022,0.0,0.0
6.524159826424999e-18,1.0000000000000022,0.0,0.0
5.992521183827122e-18,1.0000000000000022,0.0,0.0
5.504204540356019e-18,1.0000000000000022,0.0,0.0
5.055679686847115e-18,1.0000000000000022,0.0,0.0
4.643704082687542e-18,1.0000000000000022,0.0,0.0
4.2652994143734884e-18,1.0000000000000022,0.0,0.0
3.917730064256325e-18,1.0000000000000022,0.0,0.0
3.598483333820625e-18,1.0000000000000022,0.0,0.0
3.3052512785213627e-18,1.0000000000000022,0.0,0.0
3.0359140228580727e-18,1.0000000000000022,0.0,0.0
2.7885244350648894e-18,1.0000000000000022,0.0,0.0
2.5612940506245287e-18,1.0000000000000022,0.0,0.0
2.3525801428424448e-18,1.0000000000000022,0.0,0.0
2.1608738470098935e-18,1.0000000000000022,0.0,0.0
1.984789252301383e-18,1.0000000000000022,0.0,0.0
1.8230533825480867e-18,1.0000000000000022,0.0,0.0
1.6744969934547767e-18,1.0000000000000022,0.0,0.0
1.5380461197301923e-18,1.0000000000000022,0.0,0.0
1.4127143110221348e-18,1.0000000000000022,0.0,0.0
1.2975955005281938e-18,1.0000000000000022,0.0,0.0
1.1918574547268335e-18,1.0000000000000022,0.0,0.0
1.094735756874691e-18,1.0000000000000022,0.0,0.0
1.0055282807747168e-18,1.0000000000000022,0.0,0.0
9.235901148641223e-19,1.0000000000000022,0.0,0.0
8.483288999266215e-19,1.0000000000000022,0.0,0.0
7.792005467236815e-19,1.0000000000000022,0.0,0.0
7.157053025860624e-19,1.0000000000000022,0.0,0.0
6.573841385296853e-19,1.0000000000000022,0.0,0.0
6.03815430777042e-19,1.0000000000000022,0.0,0.0
5.546119126937241e-19,1.0000000000000022,0.0,0.0
5.094178751045694e-19,1.0000000000000022,0.0,0.0
4.679065947495492e-19,1.0000000000000022,0.0,0.0
4.297779722888154e-19,1.0000000000000022,0.0,0.0
3.947563627812359e-19,1.0000000000000022,0.0,0.0
3.625885829521983e-19,1.0000000000000022,0.0,0.0
3.330420808445356e-19,1.0000000000000022,0.0,0.0
3.0590325462034994e-19,1.0000000000000022,0.0,0.0
2.809759083597739e-19,1.0000000000000022,0.0,0.0
2.5807983369310695e-19,1.0000000000000022,0.0,0.0
2.3704950701245713e-19,1.0000000000000022,0.0,0.0
2.1773289284458265e-19,1.0000000000000022,0.0,0.0
1.9999034473410318e-19,1.0000000000000022,0.0,0.0
1.8369359569118755e-19,1.0000000000000022,0.0,0.0
1.687248309053163e-19,1.0000000000000022,0.0,0.0
1.5497583602144768e-19,1.0000000000000022,0.0,0.0
1.423472148211818e-19,1.0000000000000022,0.0,0.0
1.307476706532717e-19,1.0000000000000022,0.0,0.0
1.2009334641869375e-19,1.0000000000000022,0.0,0.0
1.1030721833880329e-19,1.0000000000000022,0.0,0.0
1.0131853912391601e-19,1.0000000000000022,0.0,0.0
9.306232651678946e-20,1.0000000000000022,0.0,0.0
8.547889351350924e-20,1.0000000000000022,0.0,0.0
7.851341686558472e-20,1.0000000000000022,0.0,0.0
7.21155407438078e-20,1.0000000000000022,0.0,0.0
6.623901269862371e-20,1.0000000000000022,0.0,0.0
6.084134928524646e-20,1.0000000000000022,0.0,0.0
5.588352893620759e-20,1.0000000000000022,0.0,0.0
5.132970986100807e-20,1.0000000000000022,0.0,0.0
4.714697093347286e-20,1.0000000000000022,0.0,0.0
4.330507369359364e-20,1.0000000000000022,0.0,0.0
3.9776243743288957e-20,1.0000000000000022,0.0,0.0
3.653496995571653e-20,1.0000000000000022,0.0,0.0
3.355782004655272e-20,1.0000000000000022,0.0,0.0
3.0823271173940393e-20,1.0000000000000022,0.0,0.0
2.8311554342453857e-20,1.0000000000000022,0.0,0.0
2.6004511486223603e-20,1.0000000000000022,0.0,0.0
2.388546419802551e-20,1.0000000000000022,0.0,0.0
2.1939093155331918e-20,1.0000000000000022,0.0,0.0
2.0151327371653944e-20,1.0000000000000022,0.0,0.0
1.850924247253491e-20,1.0000000000000022,0.0,0.0
1.7000967260796955e-20,1.0000000000000022,0.0,0.0
1.561559789556886e-20,1.0000000000000022,0.0,0.0
1.434311906466572e-20,1.0000000000000022,0.0,0.0
1.3174331580448459e-20,1.0000000000000022,0.0,0.0
1.2100785875728668e-20,1.0000000000000022,0.0,0.0
1.1114720918937883e-20,1.0000000000000022,0.0,0.0
1.0209008106957878e-20,1.0000000000000022,0.0,0.0
9.377099729994054e-21,1.0000000000000022,0.0,0.0
8.612981635926657e-21,1.0000000000000022,0.0,0.0
7.911129751934169e-21,1.0000000000000022,0.0,0.0
7.266470149068704e-21,1.0000000000000022,0.0,0.0
6.674342361076462e-21,1.0000000000000022,0.0,0.0
6.130465692282381e-21,1.0000000000000022,0.0,0.0
5.6309082709670644e-21,1.0000000000000022,0.0,0.0
5.172058624512207e-21,1.0000000000000022,0.0,0.0
4.750599570821453e-21,1.0000000000000022,0.0,0.0
4.363484237268763e-21,1.0000000000000022,0.0,0.0
4.00791403380703e-21,1.0000000000000022,0.0,0.0
3.6813184209969545e-21,1.0000000000000022,0.0,0.0
3.3813363266922816e-21,1.0000000000000022,0.0,0.0
3.105799077036241e-21,1.0000000000000022,0.0,0.0
2.852714718371462e-21,1.0000000000000022,0.0,0.0
2.6202536167210696e-21,1.0000000000000022,0.0,0.0
2.4067352307346407e-21,1.0000000000000022,0.0,0.0
2.2106159624760976e-21,1.0000000000000022,0.0,0.0
2.0304779982227008e-21,1.0000000000000022,0.0,0.0
1.8650190586014305e-21,1.0000000000000022,0.0,0.0
1.7130429839629663e-21,1.0000000000000022,0.0,0.0
1.5734510869316928e-21,1.0000000000000022,0.0,0.0
1.445234209616335e-21,1.0000000000000022,0.0,0.0
1.3274654280600642e-21,1.0000000000000022,0.0,0.0
1.219293351188033e-21,1.0000000000000022,0.0,0.0
1.119935965808125e-21,1.0000000000000022,0.0,0.0
1.0286749831683062e-21,1.0000000000000022,0.0,0.0
9.448506461998993e-22,1.0000000000000022,0.0,0.0
8.678569599065496e-22,1.0000000000000022,0.0,0.0
7.971373104177263e-22,1.0000000000000022,0.0,0.0
7.321804410353857e-22,1.0000000000000022,0.0,0.0
6.725167561832527e-22,1.0000000000000022,0.0,0.0
6.177149265386978e-22,1.0000000000000022,0.0,0.0
5.673787708045376e-22,1.0000000000000022,0.0,0.0
5.211443915780151e-22,1.0000000000000022,0.0,0.0
4.786775446111695e-22,1.0000000000000022,0.0,0.0
4.396712224440722e-22,1.0000000000000022,0.0,0.0
4.038434349421832e-22,1.0000000000000022,0.0,0.0
3.7093517069256663e-22,1.0000000000000022,0.0,0.0
3.407085245211977e-22,1.0000000000000022,0.0,0.0
3.129449775945385e-22,1.0000000000000022,0.0,0.0
2.874438176716446e-22,1.0000000000000022,0.0,0.0
2.640206880862613e-22,1.0000000000000022,0.0,0.0
2.4250625496900096e-22,1.0000000000000022,0.0,0.0
2.2274498307449237e-22,1.0000000000000022,0.0,0.0
2.0459401136353416e-22,1.0000000000000022,0.0,0.0
1.8792212021144906e-22,1.0000000000000022,0.0,0.0
1.726087827762325e-22,1.0000000000000022,0.0,0.0
1.58543293668509e-22,1.0000000000000022,0.0,0.0
1.4562396862415164e-22,1.0000000000000022,0.0,0.0
1.337574093937223e-22,1.0000000000000022,0.0,0.0
1.2285782853436543e-22,1.0000000000000022,0.0,0.0
1.1284642922284312e-22,1.0000000000000022,0.0,0.0
1.0365083560616681e-22,1.0000000000000022,0.0,0.0
9.52045695716338e-23,1.0000000000000022,0.0,0.0
8.744657015365918e-23,1.0000000000000022,0.0,0.0
8.032075210302963e-23,1.0000000000000022,0.0,0.0
7.377560042732425e-23,1.0000000000000022,0.0,0.0
6.776379797129549e-23,1.0000000000000022,0.0,0.0
6.224188334486041e-23,1.0000000000000022,0.0,0.0
5.71699367257462e-23,1.0000000000000022,0.0,0.0
5.251129126534875e-23,1.0000000000000022,0.0,0.0
4.82322680114581e-23,1.0000000000000022,0.0,0.0
4.430193243151576e-23,1.0000000000000022,0.0,0.0
4.069187077622675e-23,1.0000000000000022,0.0,0.0
3.73759846667818e-23,1.0000000000000022,0.0,0.0
3.4330302420690163e-23,1.0000000000000022,0.0,0.0
3.1532805752232334e-23,1.0000000000000022,0.0,0.0
2.896327059469077e-23,1.0000000000000022,0.0,0.0
2.6603120893607507e-23,1.0000000000000022,0.0,0.0
2.4435294314089954e-23,1.0000000000000022,0.0,0.0
2.244411889131665e-23,1.0000000000000022,0.0,0.0
2.0615199732507e-23,1.0000000000000022,0.0,0.0
1.8935314951284567e-23,1.0000000000000022,0.0,0.0
1.7392320082107606e-23,1.0000000000000022,0.0,0.0
1.597506028374577e-23,1.0000000000000022,0.0,0.0
1.4673289697091747e-23,1.0000000000000022,0.0,0.0
1.3477597374317696e-23,1.0000000000000022,0.0,0.0
1.2379339243892763e-23,1.0000000000000022,0.0,0.0
1.1370575619613479e-23,1.0000000000000022,0.0,0.0
1.0444013801878201e-23,1.0000000000000022,0.0,0.0
9.592955356250488e-24,1.0000000000000022,0.0,0.0
8.811247688170008e-24,1.0000000000000022,0.0,0.0
8.093239563727835e-24,1.0000000000000022,0.0,0.0
7.433740254950567e-24,1.0000000000000022,0.0,0.0
6.827982014240407e-24,1.0000000000000022,0.0,0.0
6.2715856066860245e-24,1.0000000000000022,0.0,0.0
5.7605286510654305e-24,1.0000000000000022,0.0,0.0
5.291116540667033e-24,1.0000000000000022,0.0,0.0
4.859955733705503e-24,1.0000000000000022,0.0,0.0
4.463929220239667e-24,1.0000000000000022,0.0,0.0
4.1001739882343156e-24,1.0000000000000022,0.0,0.0
3.7660603258603406e-24,1.0000000000000022,0.0,0.0
3.4591728104023945e-24,1.0000000000000022,0.0,0.0
3.17729284633635e-24,1.0000000000000022,0.0,0.0
2.9183826263382895e-24,1.0000000000000022,0.0,0.0
2.68057039927366e-24,1.0000000000000022,0.0,0.0
2.4621369386637905e-24,1.0000000000000022,0.0,0.0
2.2615031138056745e-24,1.0000000000000022,0.0,0.0
2.077218473692353e-24,1.0000000000000022,0.0,0.0
1.9079507612031312e-24,1.0000000000000022,0.0,0.0
1.752476281758099e-24,1.0000000000000022,0.0,0.0
1.6096710568086393e-24,1.0000000000000022,0.0,0.0
1.4785026982094656e-24,1.0000000000000022,0.0,0.0
1.3580229447292242e-24,1.0000000000000022,0.0,0.0
1.2473608067435223e-24,1.0000000000000022,0.0,0.0
1.1457162695510146e-24,1.0000000000000022,0.0,0.0
1.0523545097916476e-24,1.0000000000000022,0.0,0.0
9.66600583155556e-25,1.0000000000000022,0.0,0.0
8.87834544978235e-25,1.0000000000000022,0.0,0.0
8.154869684470855e-25,1.0000000000000022,0.0,0.0
7.490348280189083e-25,1.0000000000000022,0.0,0.0
6.879977182881501e-25,1.0000000000000022,0.0,0.0
6.319343809708032e-25,1.0000000000000022,0.0,0.0
5.804395148963248e-25,1.0000000000000022,0.0,0.0
5.33140845945913e-25,1.0000000000000022,0.0,0.0
4.896964357547109e-25,1.0000000000000022,0.0,0.0
4.497922097216233e-25,1.0000000000000022,0.0,0.0
4.1313968645587487e-25,1.0000000000000022,0.0,0.0
3.794738922457e-25,1.0000000000000022,0.0,0.0
3.4855144547213825e-25,1.0000000000000022,0.0,0.0
3.201487971195035e-25,1.0000000000000022,0.0,0.0
2.940606146625723e-25,1.0000000000000022,0.0,0.0
2.700982976470536e-25,1.0000000000000022,0.0,0.0
2.4808861423196142e-25,1.0000000000000022,0.0,0.0
2.27872448836985e-25,1.0000000000000022,0.0,0.0
2.0930365184116823e-25,1.0000000000000022,0.0,0.0
1.9224798301697401e-25,1.0000000000000022,0.0,0.0
1.765821410614545e-25,1.0000000000000022,0.0,0.0
1.6219287220867405e-25,1.0000000000000022,0.0,0.0
1.489761514792372e-25,1.0000000000000022,0.0,0.0
1.3683643064789197e-25,1.0000000000000022,0.0,0.0
1.2568594749250812e-25,1.0000000000000022,0.0,0.0
1.1544409133075317e-25,1.0000000000000022,0.0,0.0
1.0603682025771171e-25,1.0000000000000022,0.0,0.0
9.739612587145916e-26,1.0000000000000022,0.0,0.0
8.945954161690576e-26,1.0000000000000022,0.0,0.0
8.216969119355995e-26,1.0000000000000022,0.0,0.0
7.547387376249487e-26,1.0000000000000022,0.0,0.0
6.932368295383664e-26,1.0000000000000022,0.0,0.0
6.367465692044797e-26,1.0000000000000022,0.0,0.0
5.848595690792511e-26,1.0000000000000022,0.0,0.0
5.372007201717968e-26,1.0000000000000022,0.0,0.0
4.9342548025232466e-26,1.0000000000000022,0.0,0.0
4.5321738303771436e-26,1.0000000000000022,0.0,0.0
4.162857503477833e-26,1.0000000000000022,0.0,0.0
3.8236359069262873e-26,1.0000000000000022,0.0,0.0
3.512056690992105e-26,1.0000000000000022,0.0,0.0
3.225867342232855e-26,1.0000000000000022,0.0,0.0
2.9629988992987627e-26,1.0000000000000022,0.0,0.0
2.72155099569868e-26,1.0000000000000022,0.0,0.0
2.4997781213963366e-26,1.0000000000000022,0.0,0.0
2.296077003917237e-26,1.0000000000000022,0.0,0.0
2.1089750177398615e-26,1.0000000000000022,0.0,0.0
1.9371195381786814e-26,1.0000000000000022,0.0,0.0
1.7792681627945408e-26,1.0000000000000022,0.0,0.0
1.6342797296396096e-26,1.0000000000000022,0.0,0.0
1.5011060674047095e-26,1.0000000000000022,0.0,0.0
1.3787844178279888e-26,1.0000000000000022,0.0,0.0
1.2664304755839279e-26,1.0000000000000022,0.0,0.0
1.1632319953356354e-26,1.0000000000000022,0.0,0.0
1.068442919733616e-26,1.0000000000000022,0.0,0.0
9.813779859102903e-27,1.0000000000000022,0.0,0.0
9.014077714787597e-27,1.0000000000000022,0.0,0.0
8.279541442216327e-27,1.0000000000000022,0.0,0.0
7.604860825741493e-27,1.0000000000000022,0.0,0.0
6.98515836686436e-27,1.0000000000000022,0.0,0.0
6.415954023118864e-27,1.0000000000000022,0.0,0.0
5.893132820301951e-27,1.0000000000000022,0.0,0.0
5.4129151039080985e-27,1.0000000000000022,0.0,0.0
4.9718292147053914e-27,1.0000000000000022,0.0,0.0
4.566686390915492e-27,1.0000000000000022,0.0,0.0
4.19455771555671e-27,1.0000000000000022,0.0,0.0
3.852752942294592e-27,1.0000000000000022,0.0,0.0
3.53880104672479e-27,1.0000000000000022,0.0,0.0
3.2504323624867724e-27,1.0000000000000022,0.0,0.0
2.9855621730641462e-27,1.0000000000000022,0.0,0.0
2.7422756406511074e-27,1.0000000000000022,0.0,0.0
2.5188139631305777e-27,1.0000000000000022,0.0,0.0
2.3135616590880666e-27,1.0000000000000022,0.0,0.0
2.125034888940246e-27,1.0000000000000022,0.0,0.0
1.951870727747649e-27,1.0000000000000022,0.0,0.0
1.7928173121609703e-27,1.0000000000000022,0.0,0.0
1.646724790269839e-27,1.0000000000000022,0.0,0.0
1.5125370089274171e-27,1.0000000000000022,0.0,0.0
1.3892838784556189e-27,1.0000000000000022,0.0,0.0
1.2760743595327841e-27,1.0000000000000022,0.0,0.0
1.1720900215635977e-27,1.0000000000000022,0.0,0.0
1.0765791259624948e-27,1.0000000000000022,0.0,0.0
9.888511915765683e-28,1.0000000000000022,0.0,0.0
9.082720029595521e-28,1.0000000000000022,0.0,0.0
8.342590254099712e-28,1.0000000000000022,0.0,0.0
7.662771936271927e-28,1.0000000000000022,0.0,0.0
7.038350435401213e-28,1.0000000000000022,0.0,0.0
6.46481159344196e-28,1.0000000000000022,0.0,0.0
5.938009100610968e-28,1.0000000000000022,0.0,0.0
5.454134520286268e-28,1.0000000000000022,0.0,0.0
5.009689756507373e-28,1.0000000000000022,0.0,0.0
4.601461765035023e-28,1.0000000000000022,0.0,0.0
4.226499325147995e-28,1.0000000000000022,0.0,0.0
3.8820917042522662e-28,1.0000000000000022,0.0,0.0
3.5657490610616747e-28,1.0000000000000022,0.0,0.0
3.275184445677896e-28,1.0000000000000022,0.0,0.0
3.008297266442129e-28,1.0000000000000022,0.0,0.0
2.7631581040346733e-28,1.0000000000000022,0.0,0.0
2.537994763038278e-28,1.0000000000000022,0.0,0.0
2.3311794601272275e-28,1.0000000000000022,0.0,0.0
2.1412170562611645e-28,1.0000000000000022,0.0,0.0
1.9667342478101207e-28,1.0000000000000022,0.0,0.0
1.806469638469691e-28,1.0000000000000022,0.0,0.0
1.6592646201927916e-28,1.0000000000000022,0.0,0.0
1.52405499721313e-28,1.0000000000000022,0.0,0.0
1.3998632926075603e-28,1.0000000000000022,0.0,0.0
1.2857916817788162e-28,1.0000000000000022,0.0,0.0
1.1810155017723393e-28,1.0000000000000022,0.0,0.0
1.0847772895038105e-28,1.0000000000000022,0.0,0.0
9.96381305797687e-29,1.0000000000000022,0.0,0.0
9.15188505649128e-29,1.0000000000000022,0.0,0.0
8.406119183476035e-29,1.0000000000000022,0.0,0.0
7.721124040635086e-29,1.0000000000000022,0.0,0.0
7.091947562206847e-29,1.0000000000000022,0.0,0.0
6.514041214775597e-29,1.0000000000000022,0.0,0.0
5.983227114357155e-29,1.0000000000000022,0.0,0.0
5.49566782303693e-29,1.0000000000000022,0.0,0.0
5.0478386068098383e-29,1.0000000000000022,0.0,0.0
4.636501954064458e-29,1.0000000000000022,0.0,0.0
4.2586841704967716e-29,1.0000000000000022,0.0,0.0
3.9116538812500717e-29,1.0000000000000022,0.0,0.0
3.592902284865585e-29,1.0000000000000022,0.0,0.0
3.300125016292839e-29,1.0000000000000022,0.0,0.0
3.0312054878412183e-29,1.0000000000000022,0.0,0.0
2.784199587638711e-29,1.0000000000000022,0.0,0.0
2.5573216249777466e-29,1.0000000000000022,0.0,0.0
2.3489314209421782e-29,1.0000000000000022,0.0,0.0
2.1575224509891093e-29,1.0000000000000022,0.0,0.0
1.9817109537642135e-29,1.0000000000000022,0.0,0.0
1.820225927414413e-29,1.0000000000000022,0.0,0.0
1.6718999410778202e-29,1.0000000000000022,0.0,0.0
1.5356606951240407e-29,1.0000000000000022,0.0,0.0
1.4105232691309037e-29,1.0000000000000022,0.0,0.0
1.295583001555579e-29,1.0000000000000022,0.0,0.0
1.1900089496247698e-29,1.0000000000000022,0.0,0.0
1.0930378821632742e-29,1.0000000000000022,0.0,0.0
1.0039687619330048e-29,1.0000000000000022,0.0,0.0
9.221576775933975e-30,1.0000000000000022,0.0,0.0
8.470131886446025e-30,1.0000000000000022,0.0,0.0
7.779920497004533e-30,1.0000000000000022,0.0,0.0
7.145952831805054e-30,1.0000000000000022,0.0,0.0
6.563645720292883e-30,1.0000000000000022,0.0,0.0
6.0287894638449186e-30,1.0000000000000022,0.0,0.0
5.537517402408742e-30,1.0000000000000022,0.0,0.0
5.0862779610856304e-30,1.0000000000000022,0.0,0.0
4.6718089745726506e-30,1.0000000000000022,0.0,0.0
4.291114103846382e-30,1.0000000000000022,0.0,0.0
3.941441174596337e-30,1.0000000000000022,0.0,0.0
3.6202622808091814e-30,1.0000000000000022,0.0,0.0
3.325255509665695e-30,1.0000000000000022,0.0,0.0
3.054288155633461e-30,1.0000000000000022,0.0,0.0
2.8054013024041897e-30,1.0000000000000022,0.0,0.0
2.576795661213185e-30,1.0000000000000022,0.0,0.0
2.36681856316129e-30,1.0000000000000022,0.0,0.0
2.1739520115023277e-30,1.0000000000000022,0.0,0.0
1.9968017075219093e-30,1.0000000000000022,0.0,0.0
1.8340869706719114e-30,1.0000000000000022,0.0,0.0
1.6846314800897977e-30,1.0000000000000022,0.0,0.0
1.5473547705700437e-30,1.0000000000000022,0.0,0.0
1.4212644215091163e-30,1.0000000000000022,0.0,0.0
1.3054488823551953e-30,1.0000000000000022,0.0,0.0
1.1990708826953474e-30,1.0000000000000022,0.0,0.0
1.1013613793394027e-30,1.0000000000000022,0.0,0.0
1.0116139966419172e-30,1.0000000000000022,0.0,0.0
9.291799198693952e-31,1.0000000000000022,0.0,0.0
8.534632046951662e-31,1.0000000000000022,0.0,0.0
7.8391646891263675e-31,1.0000000000000022,0.0,0.0
7.2003693522083206e-31,1.0000000000000022,0.0,0.0
6.613627964741578e-31,1.0000000000000022,0.0,0.0
6.07469877119525e-31,1.0000000000000022,0.0,0.0
5.579685666852141e-31,1.0000000000000022,0.0,0.0
5.125010031526149e-31,1.0000000000000022,0.0,0.0
4.707384858484661e-31,1.0000000000000022,0.0,0.0
4.323790991545026e-31,1.0000000000000022,0.0,0.0
3.971455298554879e-31,1.0000000000000022,0.0,0.0
3.6478306234649032e-31,1.0000000000000022,0.0,0.0
3.3505773720606487e-31,1.0000000000000022,0.0,0.0
3.0775465982303314e-31,1.0000000000000022,0.0,0.0
2.8267644684934155e-31,1.0000000000000022,0.0,0.0
2.596417992478704e-31,1.0000000000000022,0.0,0.0
2.384841916192653e-31,1.0000000000000022,0.0,0.0
2.1905066833248325e-31,1.0000000000000022,0.0,0.0
2.0120073775586637e-31,1.0000000000000022,0.0,0.0
1.8480535659475925e-31,1.0000000000000022,0.0,0.0
1.6974599699309667e-31,1.0000000000000022,0.0,0.0
1.559137896547177e-31,1.0000000000000022,0.0,0.0
1.4320873678973514e-31,1.0000000000000022,0.0,0.0
1.3153898919607896e-31,1.0000000000000022,0.0,0.0
1.2082018224998673e-31,1.0000000000000022,0.0,0.0
1.1097482600508795e-31,1.0000000000000022,0.0,0.0
1.0193174499089865e-31,1.0000000000000022,0.0,0.0
9.362556366083626e-32,1.0000000000000022,0.0,0.0
8.599623376988186e-32,1.0000000000000022,0.0,0.0
7.898860026513954e-32,1.0000000000000022,0.0,0.0
7.255200255096675e-32,1.0000000000000022,0.0,0.0
6.663990824608375e-32,1.0000000000000022,0.0,0.0
6.120957678496618e-32,1.0000000000000022,0.0,0.0
5.622175043157939e-32,1.0000000000000022,0.0,0.0
5.164037047168654e-32,1.0000000000000022,0.0,0.0
4.743231653198674e-32,1.0000000000000022,0.0,0.0
4.356716714153163e-32,1.0000000000000022,0.0,0.0
4.0016979804436514e-32,1.0000000000000022,0.0,0.0
3.6756088993955714e-32,1.0000000000000022,0.0,0.0
3.376092060755199e-32,1.0000000000000022,0.0,0.0
3.100982154159167e-32,1.0000000000000022,0.0,0.0
2.8482903153602407e-32,1.0000000000000022,0.0,0.0
2.616189748042815e-32,1.0000000000000022,0.0,0.0
2.403002517283309e-32,1.0000000000000022,0.0,0.0
2.207187419180812e-32,1.0000000000000022,0.0,0.0
2.0273288389633817e-32,1.0000000000000022,0.0,0.0
1.8621265170213976e-32,1.0000000000000022,0.0,0.0
1.710386148883108e-32,1.0000000000000022,0.0,0.0
1.571010751176352e-32,1.0000000000000022,0.0,0.0
1.4429927311580208e-32,1.0000000000000022,0.0,0.0
1.3254066024791614e-32,1.0000000000000022,0.0,0.0
1.2174022945254733e-32,1.0000000000000022,0.0,0.0
1.1181990069641206e-32,1.0000000000000022,0.0,0.0
1.0270795650692628e-32,1.0000000000000022,0.0,0.0
9.433852350190058e-33,1.0000000000000022,0.0,0.0
8.665109616817737e-33,1.0000000000000022,0.0,0.0
7.959009944644148e-33,1.0000000000000022,0.0,0.0
7.310448695997942e-33,1.0000000000000022,0.0,0.0
6.71473719828446e-33,1.0000000000000022,0.0,0.0
6.167568847957035e-33,1.0000000000000022,0.0,0.0
5.664987976596997e-33,1.0000000000000022,0.0,0.0
5.203361254024562e-33,1.0000000000000022,0.0,0.0
4.779351421703847e-33,1.0000000000000022,0.0,0.0
4.3898931665517536e-33,1.0000000000000022,0.0,0.0
4.032170960734161e-33,1.0000000000000022,0.0,0.0
3.7035987072457096e-33,1.0000000000000022,0.0,0.0
3.4018010441240375e-33,1.0000000000000022,0.0,0.0
3.124596172140214e-33,1.0000000000000022,0.0,0.0
2.8699800818208267e-33,1.0000000000000022,0.0,0.0
2.636112065773426e-33,1.0000000000000022,0.0,0.0
2.4213014115789504e-33,1.0000000000000022,0.0,0.0
2.2239951790494618e-33,1.0000000000000022,0.0,0.0
2.042766973488782e-33,1.0000000000000022,0.0,0.0
1.876306633794062e-33,1.0000000000000022,0.0,0.0
1.7234107608500252e-33,1.0000000000000022,0.0,0.0
1.5829740177423775e-33,1.0000000000000022,0.0,0.0
1.4539811388966405e-33,1.0000000000000022,0.0,0.0
1.3354995903737103e-33,1.0000000000000022,0.0,0.0
1.226672828260901e-33,1.0000000000000022,0.0,0.0
1.1267141064210536e-33,1.0000000000000022,0.0,0.0
1.0349007888337983e-33,1.0000000000000022,0.0,0.0
9.5056912541093e-34,1.0000000000000022,0.0,0.0
8.731094535184595e-34,1.0000000000000022,0.0,0.0
8.019617905155008e-34,1.0000000000000022,0.0,0.0
7.366117854469323e-34,1.0000000000000022,0.0,0.0
6.765870006232296e-34,1.0000000000000022,0.0,0.0
6.214534962057259e-34,1.0000000000000022,0.0,0.0
5.708126931060941e-34,1.0000000000000022,0.0,0.0
5.242984915208685e-34,1.0000000000000022,0.0,0.0
4.8157462426990215e-34,1.0000000000000022,0.0,0.0
4.423322258051292e-34,1.0000000000000022,0.0,0.0
4.062875993151623e-34,1.0000000000000022,0.0,0.0
3.7318016578335346e-34,1.0000000000000022,0.0,0.0
3.4277058017235424e-34,1.0000000000000022,0.0,0.0
3.148390011164235e-34,1.0000000000000022,0.0,0.0
2.891835016124935e-34,1.0000000000000022,0.0,0.0
2.656186092203322e-34,1.0000000000000022,0.0,0.0
2.4397396521840664e-34,1.0000000000000022,0.0,0.0
2.2409309302202308e-34,1.0000000000000022,0.0,0.0
2.0583226696021416e-34,1.0000000000000022,0.0,0.0
1.8905947323337274e-34,1.0000000000000022,0.0,0.0
1.7365345554003605e-34,1.0000000000000022,0.0,0.0
1.5950283847332877e-34,1.0000000000000022,0.0,0.0
1.465053223497952e-34,1.0000000000000022,0.0,0.0
1.3456694364976122e-34,1.0000000000000022,0.0,0.0
1.2360139572269489e-34,1.0000000000000022,0.0,0.0
1.1352940484671048e-34,1.0000000000000022,0.0,0.0
1.0427815713153561e-34,1.0000000000000022,0.0,0.0
9.578077212182535e-35,1.0000000000000022,0.0,0.0
8.79758192953207e-35,1.0000000000000022,0.0,0.0
8.080687396044999e-35,1.0000000000000022,0.0,0.0
7.42221093428039e-35,1.0000000000000022,0.0,0.0
6.817392191153709e-35,1.0000000000000022,0.0,0.0
6.261858723705173e-35,1.0000000000000022,0.0,0.0
5.751594389203961e-35,1.0000000000000022,0.0,0.0
5.282910311069489e-35,1.0000000000000022,0.0,0.0
4.852418210712358e-35,1.0000000000000022,0.0,0.0
4.4570059125017024e-35,1.0000000000000022,0.0,0.0
4.0938148447758944e-35,1.0000000000000022,0.0,0.0
3.760219374243668e-35,1.0000000000000022,0.0,0.0
3.453807824376938e-35,1.0000000000000022,0.0,0.0
3.172365040570729e-35,1.0000000000000022,0.0,0.0
2.9138563760277654e-35,1.0000000000000022,0.0,0.0
2.67641298259615e-35,1.0000000000000022,0.0,0.0
2.4583183002225515e-35,1.0000000000000022,0.0,0.0
2.2579956473484893e-35,1.0000000000000022,0.0,0.0
2.0739968225364272e-35,1.0000000000000022,0.0,0.0
1.9049916349229028e-35,1.0000000000000022,0.0,0.0
1.7497582878107303e-35,1.0000000000000022,0.0,0.0
1.6071745458799596e-35,1.0000000000000022,0.0,0.0
1.4762096221623137e-35,1.0000000000000022,0.0,0.0
1.3559167261272475e-35,1.0000000000000022,0.0,0.0
1.2454262190071835e-35,1.0000000000000022,0.0,0.0
1.143939326879404e-35,1.0000000000000022,0.0,0.0
1.0507223660543124e-35,1.0000000000000022,0.0,0.0
9.651014390234002e-36,1.0000000000000022,0.0,0.0
8.864575626221057e-36,1.0000000000000022,0.0,0.0
8.14222193187375e-36,1.0000000000000022,0.0,0.0
7.478731163597461e-36,1.0000000000000022,0.0,0.0
6.869306718159236e-36,1.0000000000000022,0.0,0.0
6.309542856391336e-36,1.0000000000000022,0.0,0.0
5.7953928525856946e-36,1.0000000000000022,0.0,0.0
5.3231397393203196e-36,1.0000000000000022,0.0,0.0
4.889369436221874e-36,1.0000000000000022,0.0,0.0
4.490946068403047e-36,1.0000000000000022,0.0,0.0
4.124989296143167e-36,1.0000000000000022,0.0,0.0
3.7888534919205394e-36,1.0000000000000022,0.0,0.0
3.480108614260081e-36,1.0000000000000022,0.0,0.0
3.19652264012673e-36,1.0000000000000022,0.0,0.0
2.936045428862339e-36,1.0000000000000022,0.0,0.0
2.696793901012906e-36,1.0000000000000022,0.0,0.0
2.4770384248987714e-36,1.0000000000000022,0.0,0.0
2.275190312511621e-36,1.0000000000000022,0.0,0.0
2.0897903343418152e-36,1.0000000000000022,0.0,0.0
1.9194981701057897e-36,1.0000000000000022,0.0,0.0
1.763082719109192e-36,1.0000000000000022,0.0,0.0
1.619413200196041e-36,1.0000000000000022,0.0,0.0
1.4874509769423732e-36,1.0000000000000022,0.0,0.0
1.3662420489958836e-36,1.0000000000000022,0.0,0.0
1.2549101552788767e-36,1.0000000000000022,0.0,0.0
1.1526504391951996e-36,1.0000000000000022,0.0,0.0
1.0587236300447604e-36,1.0000000000000022,0.0,0.0
9.72450698581075e-37,1.0000000000000022,0.0,0.0
8.932079480750236e-37,1.0000000000000022,0.0,0.0
8.204225053964298e-37,1.0000000000000022,0.0,0.0
7.535681795169378e-37,1.0000000000000022,0.0,0.0
6.921616574938765e-37,1.0000000000000022,0.0,0.0
6.357590104345722e-37,1.0000000000000022,0.0,0.0
5.839524841815184e-37,1.0000000000000022,0.0,0.0
5.363675515171638e-37,1.0000000000000022,0.0,0.0
4.926602045776904e-37,1.0000000000000022,0.0,0.0
4.525144679017089e-37,1.0000000000000022,0.0,0.0
4.156401141348437e-37,1.0000000000000022,0.0,0.0
3.817705658762507e-37,1.0000000000000022,0.0,0.0
3.506609684987919e-37,1.0000000000000022,0.0,0.0
3.220864200106215e-37,1.0000000000000022,0.0,0.0
2.958403451612433e-37,1.0000000000000022,0.0,0.0
2.7173300203789214e-37,1.0000000000000022,0.0,0.0
2.495901103559095e-37,1.0000000000000022,0.0,0.0
2.2925159152655394e-37,1.0000000000000022,0.0,0.0
2.105704113937604e-37,1.0000000000000022,0.0,0.0
1.9341151727359625e-37,1.0000000000000022,0.0,0.0
1.7765086161190395e-37,1.0000000000000022,0.0,0.0
1.6317450520181752e-37,1.0000000000000022,0.0,0.0
1.4987779347800155e-37,1.0000000000000022,0.0,0.0
1.3766459993276126e-37,1.0000000000000022,0.0,0.0
1.2644663118441788e-37,1.0000000000000022,0.0,0.0
1.1614278867404908e-37,1.0000000000000022,0.0,0.0
1.0667858237608073e-37,1.0000000000000022,0.0,0.0
9.798559228424191e-38,1.0000000000000022,0.0,0.0
9.000097377977948e-38,1.0000000000000022,0.0,0.0
8.2667003306069e-38,1.0000000000000022,0.0,0.0
7.593066106514705e-38,1.0000000000000022,0.0,0.0
6.97432477193348e-38,1.0000000000000022,0.0,0.0
6.406003232695651e-38,1.0000000000000022,0.0,0.0
5.883992896695939e-38,1.0000000000000022,0.0,0.0
5.404519971464263e-38,1.0000000000000022,0.0,0.0
4.964118182120482e-38,1.0000000000000022,0.0,0.0
4.559603712479705e-38,1.0000000000000022,0.0,0.0
4.188052188148755e-38,1.0000000000000022,0.0,0.0
3.8467775352166967e-38,1.0000000000000022,0.0,0.0
3.533312561701594e-38,1.0000000000000022,0.0,0.0
3.245391121370114e-38,1.0000000000000022,0.0,0.0
2.9809317309860723e-38,1.0000000000000022,0.0,0.0
2.738022522551371e-38,1.0000000000000022,0.0,0.0
2.5149074217539e-38,1.0000000000000022,0.0,0.0
2.309973452701641e-38,1.0000000000000022,0.0,0.0
2.1217390771645275e-38,1.0000000000000022,0.0,0.0
1.9488434840244182e-38,1.0000000000000022,0.0,0.0
1.7900367515029385e-38,1.0000000000000022,0.0,0.0
1.64417081104654e-38,1.0000000000000022,0.0,0.0
1.510191147543598e-38,1.0000000000000022,0.0,0.0
1.3871291758715526e-38,1.0000000000000022,0.0,0.0
1.2740952386615318e-38,1.0000000000000022,0.0,0.0
1.1702721746588827e-38,1.0000000000000022,0.0,0.0
1.0749094111830781e-38,1.0000000000000022,0.0,0.0
9.87317537979353e-39,1.0000000000000022,0.0,0.0
9.068633232345794e-39,1.0000000000000022,0.0,0.0
8.32965135726439e-39,1.0000000000000022,0.0,0.0
7.650887400110356e-39,1.0000000000000022,0.0,0.0
7.027434342509111e-39,1.0000000000000022,0.0,0.0
6.454785027624918e-39,1.0000000000000022,0.0,0.0
5.928799576372108e-39,1.0000000000000022,0.0,0.0
5.4456754588036226e-39,1.0000000000000022,0.0,0.0
5.001920004312656e-39,1.0000000000000022,0.0,0.0
4.594325151914152e-39,1.0000000000000022,0.0,0.0
4.219944258067268e-39,1.0000000000000022,0.0,0.0
3.876070794374559e-39,1.0000000000000022,0.0,0.0
3.560218781156217e-39,1.0000000000000022,0.0,0.0
3.270104815446931e-39,1.0000000000000022,0.0,0.0
3.003631563489578e-39,1.0000000000000022,0.0,0.0
2.758872598387285e-39,1.0000000000000022,0.0,0.0
2.534058473300039e-39,1.0000000000000022,0.0,0.0
2.327563929504183e-39,1.0000000000000022,0.0,0.0
2.1378961468374535e-39,1.0000000000000022,0.0,0.0
1.963683951587984e-39,1.0000000000000022,0.0,0.0
1.8036679038073873e-39,1.0000000000000022,0.0,0.0
1.6566911923856872e-39,1.0000000000000022,0.0,0.0
1.5216912720654626e-39,1.0000000000000022,0.0,0.0
1.3976921819363023e-39,1.0000000000000022,0.0,0.0
1.2837974898773166e-39,1.0000000000000022,0.0,0.0
1.1791838119406538e-39,1.0000000000000022,0.0,0.0
1.0830948598254146e-39,1.0000000000000022,0.0,0.0
9.948359734091008e-40,1.0000000000000022,0.0,0.0
9.137690988103886e-40,1.0000000000000022,0.0,0.0
8.393081756779094e-40,1.0000000000000022,0.0,0.0
7.709149003581644e-40,1.0000000000000022,0.0,0.0
7.080948343130513e-40,1.0000000000000022,0.0,0.0
6.5039382965341524e-40,1.0000000000000022,0.0,0.0
5.973947459475753e-40,1.0000000000000022,0.0,0.0
5.48714434569504e-40,1.0000000000000022,0.0,0.0
5.040009687854747e-40,1.0000000000000022,0.0,0.0
4.6293109955451974e-40,1.0000000000000022,0.0,0.0
4.252079186498042e-40,1.0000000000000022,0.0,0.0
3.905587122068159e-40,1.0000000000000022,0.0,0.0
3.587329891809311e-40,1.0000000000000022,0.0,0.0
3.2950067046139803e-40,1.0000000000000022,0.0,0.0
3.0265042555021877e-40,1.0000000000000022,0.0,0.0
2.7798814478120886e-40,1.0000000000000022,0.0,0.0
2.5533553603438003e-40,1.0000000000000022,0.0,0.0
2.3452883580081094e-40,1.0000000000000022,0.0,0.0
2.154176252798501e-40,1.0000000000000022,0.0,0.0
1.9786374294981023e-40,1.0000000000000022,0.0,0.0
1.8174028575075298e-40,1.0000000000000022,0.0,0.0
1.6693069165857008e-40,1.0000000000000022,0.0,0.0
1.5332789701797388e-40,1.0000000000000022,0.0,0.0
1.408335625424664e-40,1.0000000000000022,0.0,0.0
1.2935736238577473e-40,1.0000000000000022,0.0,0.0
1.1881633114520515e-40,1.0000000000000022,0.0,0.0
1.091342640761784e-40,1.0000000000000022,0.0,0.0
1.0024116618189051e-40,1.0000000000000022,0.0,0.0
9.207274619537854e-41,1.0000000000000022,0.0,0.0
8.456995179581332e-41,1.0000000000000022,0.0,0.0
7.767854269893794e-41,1.0000000000000022,0.0,0.0
7.134869853537553e-41,1.0000000000000022,0.0,0.0
6.553465868202366e-41,1.0000000000000022,0.0,0.0
6.019439144275252e-41,1.0000000000000022,0.0,0.0
5.528929018680031e-41,1.0000000000000022,0.0,0.0
5.078389424814541e-41,1.0000000000000022,0.0,0.0
4.664563256814109e-41,1.0000000000000022,0.0,0.0
4.2844588228116916e-41,1.0000000000000022,0.0,0.0
3.935328216967192e-41,1.0000000000000022,0.0,0.0
3.614647453909921e-41,1.0000000000000022,0.0,0.0
3.3200982219792315e-41,1.0000000000000022,0.0,0.0
3.0495511233512273e-41,1.0000000000000022,0.0,0.0
2.801050279888649e-41,1.0000000000000022,0.0,0.0
2.5727991934243245e-41,1.0000000000000022,0.0,0.0
2.363147758257304e-41,1.0000000000000022,0.0,0.0
2.1705803319705452e-41,1.0000000000000022,0.0,0.0
1.993704778329978e-41,1.0000000000000022,0.0,0.0
1.8312424030522935e-41,1.0000000000000022,0.0,0.0
1.6820187096836605e-41,1.0000000000000022,0.0,0.0
1.5449549087604302e-41,1.0000000000000022,0.0,0.0
1.4190601188686265e-41,1.0000000000000022,0.0,0.0
1.3034242032210023e-41,1.0000000000000022,0.0,0.0
1.1972111899648045e-41,1.0000000000000022,0.0,0.0
1.0996532286533863e-41,1.0000000000000022,0.0,0.0
1.0100450391909266e-41,1.0000000000000022,0.0,0.0
9.277388131197561e-42,1.0000000000000022,0.0,0.0
8.52139530389949e-42,1.0000000000000022,0.0,0.0
7.827006577544899e-42,1.0000000000000022,0.0,0.0
7.189201976922358e-42,1.0000000000000022,0.0,0.0
6.603370592949761e-42,1.0000000000000022,0.0,0.0
6.065277248824832e-42,1.0000000000000022,0.0,0.0
5.5710318824736597e-42,1.0000000000000022,0.0,0.0
5.117061423952453e-42,1.0000000000000022,0.0,0.0
4.700083964494545e-42,1.0000000000000022,0.0,0.0
4.3170850304618156e-42,1.0000000000000022,0.0,0.0
3.965295790676747e-42,1.0000000000000022,0.0,0.0
3.642173039588409e-42,1.0000000000000022,0.0,0.0
3.345380811563793e-42,1.0000000000000022,0.0,0.0
3.072773493387879e-42,1.0000000000000022,0.0,0.0
2.8223803128868692e-42,1.0000000000000022,0.0,0.0
2.592391091537527e-42,1.0000000000000022,0.0,0.0
2.381143158063302e-42,1.0000000000000022,0.0,0.0
2.1871093284111447e-42,1.0000000000000022,0.0,0.0
2.0088868652121092e-42,1.0000000000000022,0.0,0.0
1.8451873369098886e-42,1.0000000000000022,0.0,0.0
1.6948273032454308e-42,1.0000000000000022,0.0,0.0
1.5567197597597963e-42,1.0000000000000022,0.0,0.0
1.429866279464619e-42,1.0000000000000022,0.0,0.0
1.3133497948696065e-42,1.0000000000000022,0.0,0.0
1.2063279681858661e-42,1.0000000000000022,0.0,0.0
1.108027101775974e-42,1.0000000000000022,0.0,0.0
1.0177365448273368e-42,1.0000000000000022,0.0,0.0
9.348035558127583e-43,1.0000000000000022,0.0,0.0
8.586285835971726e-43,1.0000000000000022,0.0,0.0
7.886609330760369e-43,1.0000000000000022,0.0,0.0
7.243947840107907e-43,1.0000000000000022,0.0,0.0
6.65365534280177e-43,1.0000000000000022,0.0,0.0
6.111464411115233e-43,1.0000000000000022,0.0,0.0
5.613455360102926e-43,1.0000000000000022,0.0,0.0
5.156027910848637e-43,1.0000000000000022,0.0,0.0
4.735875162809294e-43,1.0000000000000022,0.0,0.0
4.349959687092235e-43,1.0000000000000022,0.0,0.0
3.995491567835809e-43,1.0000000000000022,0.0,0.0
3.6699082329469306e-43,1.0000000000000022,0.0,0.0
3.370855928385013e-43,1.0000000000000022,0.0,0.0
3.0961727020635005e-43,1.0000000000000022,0.0,0.0
2.8438727743537877e-43,1.0000000000000022,0.0,0.0
2.6121321822004863e-43,1.0000000000000022,0.0,0.0
2.399275593064432e-43,1.0000000000000022,0.0,0.0
2.2037641933668647e-43,1.0000000000000022,0.0,0.0
2.024184563876187e-43,1.0000000000000022,0.0,0.0
1.859238461613638e-43,1.0000000000000022,0.0,0.0
1.7077334344077562e-43,1.0000000000000022,0.0,0.0
1.568574200247019e-43,1.0000000000000022,0.0,0.0
1.4407547291090271e-43,1.0000000000000022,0.0,0.0
1.3233509700230525e-43,1.0000000000000022,0.0,0.0
1.215514170787379e-43,1.0000000000000022,0.0,0.0
1.116464742047374e-43,1.0000000000000022,0.0,0.0
1.0254866213755966e-43,1.0000000000000022,0.0,0.0
9.419220966099382e-44,1.0000000000000022,0.0,0.0
8.651670510259227e-44,1.0000000000000022,0.0,0.0
7.946665959688813e-44,1.0000000000000022,0.0,0.0
7.299110593727964e-44,1.0000000000000022,0.0,0.0
6.704323011654322e-44,1.0000000000000022,0.0,0.0
6.158003289225524e-44,1.0000000000000022,0.0,0.0
5.6562018930462e-44,1.0000000000000022,0.0,0.0
5.195291128031055e-44,1.0000000000000022,0.0,0.0
4.771938911547924e-44,1.0000000000000022,0.0,0.0
4.383084684645042e-44,1.0000000000000022,0.0,0.0
4.0259172862164984e-44,1.0000000000000022,0.0,0.0
3.6978546301505924e-44,1.0000000000000022,0.0,0.0
3.396525038540206e-44,1.0000000000000022,0.0,0.0
3.119750096006542e-44,1.0000000000000022,0.0,0.0
2.865528901184226e-44,1.0000000000000022,0.0,0.0
2.6320236015163374e-44,1.0000000000000022,0.0,0.0
2.4175461067854217e-44,1.0000000000000022,0.0,0.0
2.2205458853280236e-44,1.0000000000000022,0.0,0.0
2.039598754707378e-44,1.0000000000000022,0.0,0.0
1.8733965858081646e-44,1.0000000000000022,0.0,0.0
1.7207378459206862e-44,1.0000000000000022,0.0,0.0
1.5805189124471707e-44,1.0000000000000022,0.0,0.0
1.4517260944339857e-44,1.0000000000000022,0.0,0.0
1.333428304250676e-44,1.0000000000000022,0.0,0.0
1.2247703264368691e-44,1.0000000000000022,0.0,0.0
1.124966635055223e-44,1.0000000000000022,0.0,0.0
1.033295714853934e-44,1.0000000000000022,0.0,0.0
9.490948451845337e-45,1.0000000000000022,0.0,0.0
8.717553089661152e-45,1.0000000000000022,0.0,0.0
8.007179920599478e-45,1.0000000000000022,0.0,0.0
7.354693412408411e-45,1.0000000000000022,0.0,0.0
6.755376515440406e-45,1.0000000000000022,0.0,0.0
6.204896561476083e-45,1.0000000000000022,0.0,0.0
5.699273941373752e-45,1.0000000000000022,0.0,0.0
5.234853335104561e-45,1.0000000000000022,0.0,0.0
4.808277286185329e-45,1.0000000000000022,0.0,0.0
4.416461929469503e-45,1.0000000000000022,0.0,0.0
4.056574696824105e-45,1.0000000000000022,0.0,0.0
3.7260138395193235e-45,1.0000000000000022,0.0,0.0
3.422389619291044e-45,1.0000000000000022,0.0,0.0
3.143507032100049e-45,1.0000000000000022,0.0,0.0
2.8873499396919813e-45,1.0000000000000022,0.0,0.0
2.652066494239658e-45,1.0000000000000022,0.0,0.0
2.435955750697454e-45,1.0000000000000022,0.0,0.0
2.2374553700838592e-45,1.0000000000000022,0.0,0.0
2.0551303247949967e-45,1.0000000000000022,0.0,0.0
1.887662524295933e-45,1.0000000000000022,0.0,0.0
1.7338412861903237e-45,1.0000000000000022,0.0,0.0
1.5925545837804776e-45,1.0000000000000022,0.0,0.0
1.4627810068434424e-45,1.0000000000000022,0.0,0.0
1.3435823775047832e-45,1.0000000000000022,0.0,0.0
1.2340969678276751e-45,1.0000000000000022,0.0,0.0
1.1335332700849151e-45,1.0000000000000022,0.0,0.0
1.041164274677012e-45,1.0000000000000022,0.0,0.0
9.563222143294498e-46,1.0000000000000022,0.0,0.0
8.783937365731194e-46,1.0000000000000022,0.0,0.0
8.068154696081143e-46,1.0000000000000022,0.0,0.0
7.410699494949955e-46,1.0000000000000022,0.0,0.0
6.806818792297879e-46,1.0000000000000022,0.0,0.0
6.252146926582732e-46,1.0000000000000022,0.0,0.0
5.742673983889312e-46,1.0000000000000022,0.0,0.0
5.2747168088809245e-46,1.0000000000000022,0.0,0.0
4.844892378001174e-46,1.0000000000000022,0.0,0.0
4.4500933424317535e-46,1.0000000000000022,0.0,0.0
4.0874655639978425e-46,1.0000000000000022,0.0,0.0
3.754387481620432e-46,1.0000000000000022,0.0,0.0
3.4484511591485666e-46,1.0000000000000022,0.0,0.0
3.1674448775597514e-46,1.0000000000000022,0.0,0.0
2.9093371456815458e-46,1.0000000000000022,0.0,0.0
2.6722620138423454e-46,1.0000000000000022,0.0,0.0
2.4545055842786798e-46,1.0000000000000022,0.0,0.0
2.254493620778106e-46,1.0000000000000022,0.0,0.0
2.0707801679835532e-46,1.0000000000000022,0.0,0.0
1.9020370980841396e-46,1.0000000000000022,0.0,0.0
1.7470445093218932e-46,1.0000000000000022,0.0,0.0
1.60468190690188e-46,1.0000000000000022,0.0,0.0
1.473920102549493e-46,1.0000000000000022,0.0,0.0
1.3538137741540226e-46,1.0000000000000022,0.0,0.0
1.243494631709601e-46,1.0000000000000022,0.0,0.0
1.1421651401477592e-46,1.0000000000000022,0.0,0.0
1.0490927536817912e-46,1.0000000000000022,0.0,0.0
9.636046199810145e-47,1.0000000000000022,0.0,0.0
8.850827158895776e-47,1.0000000000000022,0.0,0.0
8.129593795242546e-47,1.0000000000000022,0.0,0.0
7.467132064512204e-47,1.0000000000000022,0.0,0.0
6.85865280273856e-47,1.0000000000000022,0.0,0.0
6.299757103812051e-47,1.0000000000000022,0.0,0.0
5.78640451827274e-47,1.0000000000000022,0.0,0.0
5.314883843509867e-47,1.0000000000000022,0.0,0.0
4.881786294200242e-47,1.0000000000000022,0.0,0.0
4.483980859025351e-47,1.0000000000000022,0.0,0.0
4.1185916655123893e-47,1.0000000000000022,0.0,0.0
3.782977189361862e-47,1.0000000000000022,0.0,0.0
3.474711157958839e-47,1.0000000000000022,0.0,0.0
3.191565010012739e-47,1.0000000000000022,0.0,0.0
2.9314917845203745e-47,1.0000000000000022,0.0,0.0
2.6926113225799993e-47,1.0000000000000022,0.0,0.0
2.473196675075186e-47,1.0000000000000022,0.0,0.0
2.2716616179649985e-47,1.0000000000000022,0.0,0.0
2.086549184924193e-47,1.0000000000000022,0.0,0.0
1.9165211344319574e-47,1.0000000000000022,0.0,0.0
1.760348275163139e-47,1.0000000000000022,0.0,0.0
1.6169015797408922e-47,1.0000000000000022,0.0,0.0
1.4851440226089963e-47,1.0000000000000022,0.0,0.0
1.364123083017017e-47,1.0000000000000022,0.0,0.0
1.2529638589198059e-47,1.0000000000000022,0.0,0.0
1.1508627420093493e-47,1.0000000000000022,0.0,0.0
1.0570816081535913e-47,1.0000000000000022,0.0,0.0
9.709424812429153e-48,1.0000000000000022,0.0,0.0
8.918226318673902e-48,1.0000000000000022,0.0,0.0
8.191500753914326e-48,1.0000000000000022,0.0,0.0
7.523994368799166e-48,1.0000000000000022,0.0,0.0
6.910881529818589e-48,1.0000000000000022,0.0,0.0
6.347729833137859e-48,1.0000000000000022,0.0,0.0
5.830468061223747e-48,1.0000000000000022,0.0,0.0
5.355356750611084e-48,1.0000000000000022,0.0,0.0
4.9189611580337063e-48,1.0000000000000022,0.0,0.0
4.5181264294826584e-48,1.0000000000000022,0.0,0.0
4.1499547926801964e-48,1.0000000000000022,0.0,0.0
3.8117846080861736e-48,1.0000000000000022,0.0,0.0
3.501171126989274e-48,1.0000000000000022,0.0,0.0
3.215868817576751e-48,1.0000000000000022,0.0,0.0
2.953815131211715e-48,1.0000000000000022,0.0,0.0
2.713115591558811e-48,1.0000000000000022,0.0,0.0
2.4920300987624393e-48,1.0000000000000022,0.0,0.0
2.288960349665705e-48,1.0000000000000022,0.0,0.0
2.102438283126533e-48,1.0000000000000022,0.0,0.0
1.9311154668981513e-48,1.0000000000000022,0.0,0.0
1.773753349348056e-48,1.0000000000000022,0.0,0.0
1.6292143055417722e-48,1.0000000000000022,0.0,0.0
1.496453412960468e-48,1.0000000000000022,0.0,0.0
1.374510897396252e-48,1.0000000000000022,0.0,0.0
1.2625051944139335e-48,1.0000000000000022,0.0,0.0
1.1596265762181584e-48,1.0000000000000022,0.0,0.0
1.0651312978523513e-48,1.0000000000000022,0.0,0.0
9.783362204103212e-49,1.0000000000000022,0.0,0.0
8.98613872389873e-49,1.0000000000000022,0.0,0.0
8.253879134852523e-49,1.0000000000000022,0.0,0.0
7.58128968024616e-49,1.0000000000000022,0.0,0.0
6.963507979310128e-49,1.0000000000000022,0.0,0.0
6.3960678753989205e-49,1.0000000000000022,0.0,0.0
5.874867148606753e-49,1.0000000000000022,0.0,0.0
5.3961378594072866e-49,1.0000000000000022,0.0,0.0
4.956419108921326e-49,1.0000000000000022,0.0,0.0
4.552532018887082e-49,1.0000000000000022,0.0,0.0
4.181556750454589e-49,1.0000000000000022,0.0,0.0
3.84081139566523e-49,1.0000000000000022,0.0,0.0
3.527832589015605e-49,1.0000000000000022,0.0,0.0
3.2403576989400602e-49,1.0000000000000022,0.0,0.0
2.976308470467978e-49,1.0000000000000022,0.0,0.0
2.7337760008029586e-49,1.0000000000000022,0.0,0.0
2.511006939207186e-49,1.0000000000000022,0.0,0.0
2.3063908114251873e-49,1.0000000000000022,0.0,0.0
2.1184483770108854e-49,1.0000000000000022,0.0,0.0
1.9458209353890443e-49,1.0000000000000022,0.0,0.0
1.787260503340951e-49,1.0000000000000022,0.0,0.0
1.641620792903991e-49,1.0000000000000022,0.0,0.0
1.507848924461252e-49,1.0000000000000022,0.0,0.0
1.384977815112217e-49,1.0000000000000022,0.0,0.0
1.2721191872974684e-49,1.0000000000000022,0.0,0.0
1.1684571471343393e-49,1.0000000000000022,0.0,0.0
1.0732422860390861e-49,1.0000000000000022,0.0,0.0
9.85786262994182e-50,1.0000000000000022,0.0,0.0
9.05456828294076e-50,1.0000000000000022,0.0,0.0
8.316732527943603e-50,1.0000000000000022,0.0,0.0
7.639021296208134e-50,1.0000000000000022,0.0,0.0
7.016535179874324e-50,1.0000000000000022,0.0,0.0
6.444774012457817e-50,1.0000000000000022,0.0,0.0
5.919604335596814e-50,1.0000000000000022,0.0,0.0
5.437229516858248e-50,1.0000000000000022,0.0,0.0
4.994162302574567e-50,1.0000000000000022,0.0,0.0
4.587199607286164e-50,1.0000000000000022,0.0,0.0
4.2133993575336276e-50,1.0000000000000022,0.0,0.0
3.8700592225956113e-50,1.0000000000000022,0.0,0.0
3.5546970784095227e-50,1.0000000000000022,0.0,0.0
3.2650330634419698e-50,1.0000000000000022,0.0,0.0
2.998973096784678e-50,1.0000000000000022,0.0,0.0
2.7545937393225213e-50,1.0000000000000022,0.0,0.0
2.5301282885298327e-50,1.0000000000000022,0.0,0.0
2.3239540063694944e-50,1.0000000000000022,0.0,0.0
2.134580387960887e-50,1.0000000000000022,0.0,0.0
1.9606383862068587e-50,1.0000000000000022,0.0,0.0
1.800870514480841e-50,1.0000000000000022,0.0,0.0
1.654121755823014e-50,1.0000000000000022,0.0,0.0
1.5193312129249804e-50,1.0000000000000022,0.0,0.0
1.3955244385378126e-50,1.0000000000000022,0.0,0.0
1.2818063908573423e-50,1.0000000000000022,0.0,0.0
1.1773549629587564e-50,1.0000000000000022,0.0,0.0
1.0814150395025506e-50,1.0000000000000022,0.0,0.0
9.932930377457203e-51,1.0000000000000022,0.0,0.0
9.1235189339328e-51,1.0000000000000022,0.0,0.0
8.380064550411066e-51,1.0000000000000022,0.0,0.0
7.697192539149443e-51,1.0000000000000022,0.0,0.0
7.069966183235619e-51,1.0000000000000022,0.0,0.0
6.493851047361044e-51,1.0000000000000022,0.0,0.0
5.964682196826675e-51,1.0000000000000022,0.0,0.0
5.478634087795863e-51,1.0000000000000022,0.0,0.0
5.0321929111206623e-51,1.0000000000000022,0.0,0.0
4.6221311898055325e-51,1.0000000000000022,0.0,0.0
4.245484446464783e-51,1.0000000000000022,0.0,0.0
3.899529772094746e-51,1.0000000000000022,0.0,0.0
3.581766141226974e-51,1.0000000000000022,0.0,0.0
3.289896331153915e-51,1.0000000000000022,0.0,0.0
3.021810314514925e-51,1.0000000000000022,0.0,0.0
2.7755700051819014e-51,1.0000000000000022,0.0,0.0
2.5493952471672948e-51,1.0000000000000022,0.0,0.0
2.3416509452634916e-51,1.0000000000000022,0.0,0.0
2.1508352443765187e-51,1.0000000000000022,0.0,0.0
1.9755686720984168e-51,1.0000000000000022,0.0,0.0
1.81458416602619e-51,1.0000000000000022,0.0,0.0
1.6667179137313888e-51,1.0000000000000022,0.0,0.0
1.5309009391593133e-51,1.0000000000000022,0.0,0.0
1.4061513746330175e-51,1.0000000000000022,0.0,0.0
1.2915673625937731e-51,1.0000000000000022,0.0,0.0
1.1863205357622283e-51,1.0000000000000022,0.0,0.0
1.0896500285861014e-51,1.0000000000000022,0.0,0.0
1.0008569766811042e-51,1.0000000000000022,0.0,0.0
9.192994644996582e-52,1.0000000000000022,0.0,0.0
8.443878847023616e-52,1.0000000000000022,0.0,0.0
7.755806756835044e-52,1.0000000000000022,0.0,0.0
7.123804064357377e-52,1.0000000000000022,0.0,0.0
6.543301804500341e-52,1.0000000000000022,0.0,0.0
6.010103326534944e-52,1.0000000000000022,0.0,0.0
5.5203539550602604e-52,1.0000000000000022,0.0,0.0
5.070513123227629e-52,1.0000000000000022,0.0,0.0
4.657328776763726e-52,1.0000000000000022,0.0,0.0
4.277813863750403e-52,1.0000000000000022,0.0,0.0
3.929224740197792e-52,1.0000000000000022,0.0,0.0
3.609041335297148e-52,1.0000000000000022,0.0,0.0
3.3149489329612006e-52,1.0000000000000022,0.0,0.0
3.0448214379445007e-52,1.0000000000000022,0.0,0.0
2.7967060055687823e-52,1.0000000000000022,0.0,0.0
2.5688089239363337e-52,1.0000000000000022,0.0,0.0
2.359482646569035e-52,1.0000000000000022,0.0,0.0
2.1672138817275443e-52,1.0000000000000022,0.0,0.0
1.9906126523042214e-52,1.0000000000000022,0.0,0.0
1.828402247199986e-52,1.0000000000000022,0.0,0.0
1.6794099915401555e-52,1.0000000000000022,0.0,0.0
1.5425587690039715e-52,1.0000000000000022,0.0,0.0
1.416859234979818e-52,1.0000000000000022,0.0,0.0
1.301402664252351e-52,1.0000000000000022,0.0,0.0
1.1953543815150008e-52,1.0000000000000022,0.0,0.0
1.097947727214766e-52,1.0000000000000022,0.0,0.0
1.0084785151063104e-52,1.0000000000000022,0.0,0.0
9.262999414471135e-53,1.0000000000000022,0.0,0.0
8.508179090304911e-53,1.0000000000000022,0.0,0.0
7.814867322523169e-53,1.0000000000000022,0.0,0.0
7.178051921618844e-53,1.0000000000000022,0.0,0.0
6.59312912977522e-53,1.0000000000000022,0.0,0.0
6.055870338715387e-53,1.0000000000000022,0.0,0.0
5.562391519636919e-53,1.0000000000000022,0.0,0.0
5.109125144230212e-53,1.0000000000000022,0.0,0.0
4.69279439378788e-53,1.0000000000000022,0.0,0.0
4.310389469953968e-53,1.0000000000000022,0.0,0.0
3.9591458358552303e-53,1.0000000000000022,0.0,0.0
3.636524230312117e-53,1.0000000000000022,0.0,0.0
3.340192310645334e-53,1.0000000000000022,0.0,0.0
3.0680077913674837e-53,1.0000000000000022,0.0,0.0
2.818002956863592e-53,1.0000000000000022,0.0,0.0
2.588370436097359e-53,1.0000000000000022,0.0,0.0
2.377450136503577e-53,1.0000000000000022,0.0,0.0
2.183717242607338e-53,1.0000000000000022,0.0,0.0
2.0057711926079007e-53,1.0000000000000022,0.0,0.0
1.842325553235159e-53,1.0000000000000022,0.0,0.0
1.6921987196805575e-53,1.0000000000000022,0.0,0.0
1.5543053733690514e-53,1.0000000000000022,0.0,0.0
1.4276486358174046e-53,1.0000000000000022,0.0,0.0
1.3113128618563645e-53,1.0000000000000022,0.0,0.0
1.2044570201164383e-53,1.0000000000000022,0.0,0.0
1.1063086129225164e-53,1.0000000000000022,0.0,0.0
1.0161580916421764e-53,1.0000000000000022,0.0,0.0
9.333537271142888e-54,1.0000000000000022,0.0,0.0
8.57296898074493e-54,1.0000000000000022,0.0,0.0
7.874377635159455e-54,1.0000000000000022,0.0,0.0
7.232712876993467e-54,1.0000000000000022,0.0,0.0
6.643335890756755e-54,1.0000000000000022,0.0,0.0
6.101985867267369e-54,1.0000000000000022,0.0,0.0
5.604749200794856e-54,1.0000000000000022,0.0,0.0
5.1480311962568097e-54,1.0000000000000022,0.0,0.0
4.728530081930306e-54,1.0000000000000022,0.0,0.0
4.343213139807175e-54,1.0000000000000022,0.0,0.0
3.9892947810312205e-54,1.0000000000000022,0.0,0.0
3.6642164079171784e-54,1.0000000000000022,0.0,0.0
3.365627916967009e-54,1.0000000000000022,0.0,0.0
3.0913707091624706e-54,1.0000000000000022,0.0,0.0
2.839462084709512e-54,1.0000000000000022,0.0,0.0
2.608080909418733e-54,1.0000000000000022,0.0,0.0
2.3955544490992294e-54,1.0000000000000022,0.0,0.0
2.2003462767871342e-54,1.0000000000000022,0.0,0.0
2.021045165386035e-54,1.0000000000000022,0.0,0.0
1.8563548854203462e-54,1.0000000000000022,0.0,0.0
1.7050848341460812e-54,1.0000000000000022,0.0,0.0
1.566141428273639e-54,1.0000000000000022,0.0,0.0
1.4385201980776362e-54,1.0000000000000022,0.0,0.0
1.3212985257393774e-54,1.0000000000000022,0.0,0.0
1.2136289754249459e-54,1.0000000000000022,0.0,0.0
1.1147331668797523e-54,1.0000000000000022,0.0,0.0
1.0238961482496421e-54,1.0000000000000022,0.0,0.0
9.404612274477532e-55,1.0000000000000022,0.0,0.0
8.638252247012922e-55,1.0000000000000022,0.0,0.0
7.934341119572549e-55,1.0000000000000022,0.0,0.0
7.287790076228552e-55,1.0000000000000022,0.0,0.0
6.693924976852607e-55,1.0000000000000022,0.0,0.0
6.148452566147425e-55,1.0000000000000022,0.0,0.0
5.64742943622585e-55,1.0000000000000022,0.0,0.0
5.187233518357357e-55,1.0000000000000022,0.0,0.0
4.764537897785956e-55,1.0000000000000022,0.0,0.0
4.376286762317825e-55,1.0000000000000022,0.0,0.0
4.019673310802705e-55,1.0000000000000022,0.0,0.0
3.69211946180188e-55,1.0000000000000022,0.0,0.0
3.391257215749711e-55,1.0000000000000022,0.0,0.0
3.1149115358693684e-55,1.0000000000000022,0.0,0.0
2.8610846240830132e-55,1.0000000000000022,0.0,0.0
2.6279414782415606e-55,1.0000000000000022,0.0,0.0
2.4137966262622722e-55,1.0000000000000022,0.0,0.0
2.2171019412706887e-55,1.0000000000000022,0.0,0.0
2.0364354496583654e-55,1.0000000000000022,0.0,0.0
1.87049105114601e-55,1.0000000000000022,0.0,0.0
1.718069076534813e-55,1.0000000000000022,0.0,0.0
1.5780676148847139e-55,1.0000000000000022,0.0,0.0
1.4494745474207767e-55,1.0000000000000022,0.0,0.0
1.3313602305780496e-55,1.0000000000000022,0.0,0.0
1.2228707752881167e-55,1.0000000000000022,0.0,0.0
1.123221873920991e-55,1.0000000000000022,0.0,0.0
1.0316931302551855e-55,1.0000000000000022,0.0,0.0
9.476228514853638e-56,1.0000000000000022,0.0,0.0
8.704032646172001e-56,1.0000000000000022,0.0,0.0
7.994761226671212e-56,1.0000000000000022,0.0,0.0
7.343286689026318e-56,1.0000000000000022,0.0,0.0
6.744899299473317e-56,1.0000000000000022,0.0,0.0
6.195273109522008e-56,1.0000000000000022,0.0,0.0
5.690434682184736e-56,1.0000000000000022,0.0,0.0
5.226734366632181e-56,1.0000000000000022,0.0,0.0
4.800819913610779e-56,1.0000000000000022,0.0,0.0
4.4096122408785405e-56,1.0000000000000022,0.0,0.0
4.0502831734592566e-56,1.0000000000000022,0.0,0.0
3.7202349977917356e-56,1.0000000000000022,0.0,0.0
3.417081681963958e-56,1.0000000000000022,0.0,0.0
3.1386316262667714e-56,1.0000000000000022,0.0,0.0
2.882871819364926e-56,1.0000000000000022,0.0,0.0
2.6479532855449666e-56,1.0000000000000022,0.0,0.0
2.432177717833114e-56,1.0000000000000022,0.0,0.0
2.2339852003493514e-56,1.0000000000000022,0.0,0.0
2.0519429311383785e-56,1.0000000000000022,0.0,0.0
1.8847348639509002e-56,1.0000000000000022,0.0,0.0
1.7311521940921195e-56,1.0000000000000022,0.0,0.0
1.5900846195563515e-56,1.0000000000000022,0.0,0.0
1.4605123142715004e-56,1.0000000000000022,0.0,0.0
1.3414985554252126e-56,1.0000000000000022,0.0,0.0
1.2321829515731107e-56,1.0000000000000022,0.0,0.0
1.1317752225727724e-56,1.0000000000000022,0.0,0.0
1.0395494863764529e-56,1.0000000000000022,0.0,0.0
9.548390113798066e-57,1.0000000000000022,0.0,0.0
8.770313963895371e-57,1.0000000000000022,0.0,0.0
8.05564143364292e-57,1.0000000000000022,0.0,0.0
7.399205909226301e-57,1.0000000000000022,0.0,0.0
6.79626179219985e-57,1.0000000000000022,0.0,0.0
6.242450191921378e-57,1.0000000000000022,0.0,0.0
5.733767413630755e-57,1.0000000000000022,0.0,0.0
5.266536014361839e-57,1.0000000000000022,0.0,0.0
4.8373782174409746e-57,1.0000000000000022,0.0,0.0
4.443191493376295e-57,1.0000000000000022,0.0,0.0
4.081126130603693e-57,1.0000000000000022,0.0,0.0
3.748564633940638e-57,1.0000000000000022,0.0,0.0
3.443102801812188e-57,1.0000000000000022,0.0,0.0
3.1625323454499293e-57,1.0000000000000022,0.0,0.0
2.9048249244120564e-57,1.0000000000000022,0.0,0.0
2.668117483011876e-57,1.0000000000000022,0.0,0.0
2.450698781646712e-57,1.0000000000000022,0.0,0.0
2.2509970256575638e-57,1.0000000000000022,0.0,0.0
2.0675685022842787e-57,1.0000000000000022,0.0,0.0
1.8990871435688742e-57,1.0000000000000022,0.0,0.0
1.7443349397536475e-57,1.0000000000000022,0.0,0.0
1.6021931338692207e-57,1.0000000000000022,0.0,0.0
1.4716341338551728e-57,1.0000000000000022,0.0,0.0
1.3517140837431906e-57,1.0000000000000022,0.0,0.0
1.2415660401972614e-57,1.0000000000000022,0.0,0.0
1.1403937050817705e-57,1.0000000000000022,0.0,0.0
1.0474656687480784e-57,1.0000000000000022,0.0,0.0
9.621101224223147e-58,1.0000000000000022,0.0,0.0
8.837100014684175e-58,1.0000000000000022,0.0,0.0
8.116985244153978e-58,1.0000000000000022,0.0,0.0
7.45555095498917e-58,1.0000000000000022,0.0,0.0
6.84801541095243e-58,1.0000000000000022,0.0,0.0
6.289986528394683e-58,1.0000000000000022,0.0,0.0
5.777430124370002e-58,1.0000000000000022,0.0,0.0
5.306640752137957e-58,1.0000000000000022,0.0,0.0
4.874214913213174e-58,1.0000000000000022,0.0,0.0
4.477026452302808e-58,1.0000000000000022,0.0,0.0
4.112203957253466e-58,1.0000000000000022,0.0,0.0
3.777110000623986e-58,1.0000000000000022,0.0,0.0
3.469322072814292e-58,1.0000000000000022,0.0,0.0
3.1866150689093124e-58,1.0000000000000022,0.0,0.0
2.9269452026293487e-58,1.0000000000000022,0.0,0.0
2.6884352310952964e-58,1.0000000000000022,0.0,0.0
2.46936088359345e-58,1.0000000000000022,0.0,0.0
2.2681383962287764e-58,1.0000000000000022,0.0,0.0
2.0833130623503536e-58,1.0000000000000022,0.0,0.0
1.9135487159760747e-58,1.0000000000000022,0.0,0.0
1.757618072188661e-58,1.0000000000000022,0.0,0.0
1.6143938546703874e-58,1.0000000000000022,0.0,0.0
1.4828406462344099e-58,1.0000000000000022,0.0,0.0
1.362007403437383e-58,1.0000000000000022,0.0,0.0
1.2510205811589214e-58,1.0000000000000022,0.0,0.0
1.1490778174431248e-58,1.0000000000000022,0.0,0.0
1.0554421329477097e-58,1.0000000000000022,0.0,0.0
9.694366030665697e-59,1.0000000000000022,0.0,0.0
8.904394642087033e-59,1.0000000000000022,0.0,0.0
8.178796188551143e-59,1.0000000000000022,0.0,0.0
7.51232506898192e-59,1.0000000000000022,0.0,0.0
6.900163134160647e-59,1.0000000000000022,0.0,0.0
6.337884854666193e-59,1.0000000000000022,0.0,0.0
5.821425327198926e-59,1.0000000000000022,0.0,0.0
5.347050887995031e-59,1.0000000000000022,0.0,0.0
4.911332120885497e-59,1.0000000000000022,0.0,0.0
4.5111190648657335e-59,1.0000000000000022,0.0,0.0
4.143518441942797e-59,1.0000000000000022,0.0,0.0
3.8058727406324995e-59,1.0000000000000022,0.0,0.0
3.4957410038937867e-59,1.0000000000000022,0.0,0.0
3.210881182609763e-59,1.0000000000000022,0.0,0.0
2.949233927042587e-59,1.0000000000000022,0.0,0.0
2.708907699085095e-59,1.0000000000000022,0.0,0.0
2.4881650976804796e-59,1.0000000000000022,0.0,0.0
2.2854102985517904e-59,1.0000000000000022,0.0,0.0
2.0991775174387218e-59,1.0000000000000022,0.0,0.0
1.9281204134384612e-59,1.0000000000000022,0.0,0.0
1.7710023558436984e-59,1.0000000000000022,0.0,0.0
1.6266874841134156e-59,1.0000000000000022,0.0,0.0
1.4941324963459109e-59,1.0000000000000022,0.0,0.0
1.372379106890094e-59,1.0000000000000022,0.0,0.0
1.2605471185685363e-59,1.0000000000000022,0.0,0.0
1.1578280594289838e-59,1.0000000000000022,0.0,0.0
1.063479338022222e-59,1.0000000000000022,0.0,0.0
9.768188749527829e-60,1.0000000000000022,0.0,0.0
8.972201718921241e-60,1.0000000000000022,0.0,0.0
8.24107782406482e-60,1.0000000000000022,0.0,0.0
7.569531518564505e-60,1.0000000000000022,0.0,0.0
6.952707962934871e-60,1.0000000000000022,0.0,0.0
6.386147927292765e-60,1.0000000000000022,0.0,0.0
5.865755554048964e-60,1.0000000000000022,0.0,0.0
5.387768747543282e-60,1.0000000000000022,0.0,0.0
4.948731976559587e-60,1.0000000000000022,0.0,0.0
4.5454712931007476e-60,1.0000000000000022,0.0,0.0
4.175071386825631e-60,1.0000000000000022,0.0,0.0
3.834854509266779e-60,1.0000000000000022,0.0,0.0
3.522361115464668e-60,1.0000000000000022,0.0,0.0
3.2353320830702686e-60,1.0000000000000022,0.0,0.0
2.971692380371668e-60,1.0000000000000022,0.0,0.0
2.729536065175301e-60,1.0000000000000022,0.0,0.0
2.5071125060935314e-60,1.0000000000000022,0.0,0.0
2.302813726627533e-60,1.0000000000000022,0.0,0.0
2.1151627805514813e-60,1.0000000000000022,0.0,0.0
1.9428030745597097e-60,1.0000000000000022,0.0,0.0
1.784488560986568e-60,1.0000000000000022,0.0,0.0
1.6390747296987785e-60,1.0000000000000022,0.0,0.0
1.5055103340375776e-60,1.0000000000000022,0.0,0.0
1.3828297909946278e-60,1.0000000000000022,0.0,0.0
1.2701462006799598e-60,1.0000000000000022,0.0,0.0
1.1666449346172673e-60,1.0000000000000022,0.0,0.0
1.0715777465141398e-60,1.0000000000000022,0.0,0.0
9.842573629319615e-61,1.0000000000000022,0.0,0.0
9.04052514749564e-61,1.0000000000000022,0.0,0.0
8.303833735013763e-61,1.0000000000000022,0.0,0.0
7.627173595977861e-61,1.0000000000000022,0.0,0.0
7.00565292123897e-61,1.0000000000000022,0.0,0.0
6.434778523822465e-61,1.0000000000000022,0.0,0.0
5.9104233561322354e-61,1.0000000000000022,0.0,0.0
5.428796674102475e-61,1.0000000000000022,0.0,0.0
4.98641663260352e-61,1.0000000000000022,0.0,0.0
4.580085113984447e-61,1.0000000000000022,0.0,0.0
4.206864607779329e-61,1.0000000000000022,0.0,0.0
3.8640569744325554e-61,1.0000000000000022,0.0,0.0
3.5491839395189e-61,1.0000000000000022,0.0,0.0
3.259969177444324e-61,1.0000000000000022,0.0,0.0
2.9943218551044133e-61,1.0000000000000022,0.0,0.0
2.7503215165319033e-61,1.0000000000000022,0.0,0.0
2.5262041992591942e-61,1.0000000000000022,0.0,0.0
2.320349682026261e-61,1.0000000000000022,0.0,0.0
2.131269771643254e-61,1.0000000000000022,0.0,0.0
1.957597544329475e-61,1.0000000000000022,0.0,0.0
1.798077463750679e-61,1.0000000000000022,0.0,0.0
1.6515563043145746e-61,1.0000000000000022,0.0,0.0
1.516974814105912e-61,1.0000000000000022,0.0,0.0
1.3933600571896399e-61,1.0000000000000022,0.0,0.0
1.2798183799220074e-61,1.0000000000000022,0.0,0.0
1.1755289504206482e-61,1.0000000000000022,0.0,0.0
1.0797378244882545e-61,1.0000000000000022,0.0,0.0
9.91752495090359e-62,1.0000000000000022,0.0,0.0
9.109368859835212e-62,1.0000000000000022,0.0,0.0
8.36706753301136e-62,1.0000000000000022,0.0,0.0
7.685254618533387e-62,1.0000000000000022,0.0,0.0
7.05900105606433e-62,1.0000000000000022,0.0,0.0
6.483779442954426e-62,1.0000000000000022,0.0,0.0
5.955431304088374e-62,1.0000000000000022,0.0,0.0
5.470137028836786e-62,1.0000000000000022,0.0,0.0
5.024388257775682e-62,1.0000000000000022,0.0,0.0
4.614962519548132e-62,1.0000000000000022,0.0,0.0
4.238899934509183e-62,1.0000000000000022,0.0,0.0
3.893481816736682e-62,1.0000000000000022,0.0,0.0
3.576211019714585e-62,1.0000000000000022,0.0,0.0
3.284793883600915e-62,1.0000000000000022,0.0,0.0
3.0171236535709555e-62,1.0000000000000022,0.0,0.0
2.7712652493611746e-62,1.0000000000000022,0.0,0.0
2.5454412759076672e-62,1.0000000000000022,0.0,0.0
2.3380191739451996e-62,1.0000000000000022,0.0,0.0
2.1474994176741237e-62,1.0000000000000022,0.0,0.0
1.9725046741720153e-62,1.0000000000000022,0.0,0.0
1.8117698461797027e-62,1.0000000000000022,0.0,0.0
1.6641329262775515e-62,1.0000000000000022,0.0,0.0
1.5285265963336967e-62,1.0000000000000022,0.0,0.0
1.4039705114937445e-62,1.0000000000000022,0.0,0.0
1.2895642129302428e-62,1.0000000000000022,0.0,0.0
1.1844806181157503e-62,1.0000000000000022,0.0,0.0
1.0879600415584448e-62,1.0000000000000022,0.0,0.0
9.993047027741089e-63,1.0000000000000022,0.0,0.0
9.178736817907345e-63,1.0000000000000022,0.0,0.0
8.430782857173469e-63,1.0000000000000022,0.0,0.0
7.743777928803834e-63,1.0000000000000022,0.0,0.0
7.112755437605212e-63,1.0000000000000022,0.0,0.0
6.533153504699902e-63,1.0000000000000022,0.0,0.0
6.000781988132466e-63,1.0000000000000022,0.0,0.0
5.511792190890685e-63,1.0000000000000022,0.0,0.0
5.062649037349581e-63,1.0000000000000022,0.0,0.0
4.650105516992444e-63,1.0000000000000022,0.0,0.0
4.271179210653713e-63,1.0000000000000022,0.0,0.0
3.9231307295838544e-63,1.0000000000000022,0.0,0.0
3.6034439114647987e-63,1.0000000000000022,0.0,0.0
3.309807630206116e-63,1.0000000000000022,0.0,0.0
3.040099088018687e-63,1.0000000000000022,0.0,0.0
2.792368468978513e-63,1.0000000000000022,0.0,0.0
2.564824843135993e-63,1.0000000000000022,0.0,0.0
2.3558232192666234e-63,1.0000000000000022,0.0,0.0
2.16385265266299e-63,1.0000000000000022,0.0,0.0
1.987525321995198e-63,1.0000000000000022,0.0,0.0
1.8255664962725854e-63,1.0000000000000022,0.0,0.0
1.6768053193744496e-63,1.0000000000000022,0.0,0.0
1.5401663455279708e-63,1.0000000000000022,0.0,0.0
1.4146617645403984e-63,1.0000000000000022,0.0,0.0
1.2993842605790197e-63,1.0000000000000022,0.0,0.0
1.1935004528725781e-63,1.0000000000000022,0.0,0.0
1.0962448709147066e-63,1.0000000000000022,0.0,0.0
1.006914420614053e-63,1.0000000000000022,0.0,0.0
9.248633013849865e-64,1.0000000000000022,0.0,0.0
8.494983374327874e-64,1.0000000000000022,0.0,0.0
7.802746894815699e-64,1.0000000000000022,0.0,0.0
7.166919159435447e-64,1.0000000000000022,0.0,0.0
6.582903550544573e-64,1.0000000000000022,0.0,0.0
6.046478018204114e-64,1.0000000000000022,0.0,0.0
5.553764557525854e-64,1.0000000000000022,0.0,0.0
5.101201173239611e-64,1.0000000000000022,0.0,0.0
4.685516128802881e-64,1.0000000000000022,0.0,0.0
4.3037042938907674e-64,1.0000000000000022,0.0,0.0
3.9530054192740655e-64,1.0000000000000022,0.0,0.0
3.630884182027108e-64,1.0000000000000022,0.0,0.0
3.335011856805312e-64,1.0000000000000022,0.0,0.0
3.0632494806877797e-64,1.0000000000000022,0.0,0.0
2.8136323898778073e-64,1.0000000000000022,0.0,0.0
2.5843560164717743e-64,1.0000000000000022,0.0,0.0
2.373762842616378e-64,1.0000000000000022,0.0,0.0
2.1803304177413162e-64,1.0000000000000022,0.0,0.0
2.002660352239867e-64,1.0000000000000022,0.0,0.0
1.8394682080288934e-64,1.0000000000000022,0.0,0.0
1.6895742129036542e-64,1.0000000000000022,0.0,0.0
1.5518947315582868e-64,1.0000000000000022,0.0,0.0
1.4254344316130386e-64,1.0000000000000022,0.0,0.0
1.3092790880137558e-64,1.0000000000000022,0.0,0.0
1.2025889737841606e-64,1.0000000000000022,0.0,0.0
1.104592789350383e-64,1.0000000000000022,0.0,0.0
1.014582086550751e-64,1.0000000000000022,0.0,0.0
9.319061470200774e-65,1.0000000000000022,0.0,0.0
8.559672779225291e-65,1.0000000000000022,0.0,0.0
7.862164910243037e-65,1.0000000000000022,0.0,0.0
7.221495338686471e-65,1.0000000000000022,0.0,0.0
6.633032443612067e-65,1.0000000000000022,0.0,0.0
6.09252202411765e-65,1.0000000000000022,0.0,0.0
5.596056544259158e-65,1.0000000000000022,0.0,0.0
5.140046884127773e-65,1.0000000000000022,0.0,0.0
4.721196392866199e-65,1.0000000000000022,0.0,0.0
4.336477056044441e-65,1.0000000000000022,0.0,0.0
3.983107605100809e-65,1.0000000000000022,0.0,0.0
3.6585334105937698e-65,1.0000000000000022,0.0,0.0
3.3604080139060477e-65,1.0000000000000022,0.0,0.0
3.0865761638872864e-65,1.0000000000000022,0.0,0.0
2.8350582358013374e-65,1.0000000000000022,0.0,0.0
2.6040359199373715e-65,1.0000000000000022,0.0,0.0
2.391839076422852e-65,1.0000000000000022,0.0,0.0
2.1969336612072977e-65,1.0000000000000022,0.0,0.0
2.0179106359295986e-65,1.0000000000000022,0.0,0.0
1.8534757814945123e-65,1.0000000000000022,0.0,0.0
1.702440341717168e-65,1.0000000000000022,0.0,0.0
1.563712429395263e-65,1.0000000000000022,0.0,0.0
1.4362891326804942e-65,1.0000000000000022,0.0,0.0
1.3192492646834595e-65,1.0000000000000022,0.0,0.0
1.211746703896428e-65,1.0000000000000022,0.0,0.0
1.1130042772896057e-65,1.0000000000000022,0.0,0.0
1.0223081418596868e-65,1.0000000000000022,0.0,0.0
9.39002624012976e-66,1.0000000000000022,0.0,0.0
8.624854794752014e-66,1.0000000000000022,0.0,0.0
7.92203539460278e-66,1.0000000000000022,0.0,0.0
7.276487116226713e-66,1.0000000000000022,0.0,0.0
6.683543068828739e-66,1.0000000000000022,0.0,0.0
6.138916655713474e-66,1.0000000000000022,0.0,0.0
5.638670585001654e-66,1.0000000000000022,0.0,0.0
5.179188405591358e-66,1.0000000000000022,0.0,0.0
4.757148362587684e-66,1.0000000000000022,0.0,0.0
4.3694993831927885e-66,1.0000000000000022,0.0,0.0
4.0134390194500153e-66,1.0000000000000022,0.0,0.0
3.6863931883826074e-66,1.0000000000000022,0.0,0.0
3.3859975630614993e-66,1.0000000000000022,0.0,0.0
3.1100804800718046e-66,1.0000000000000022,0.0,0.0
2.856647239810192e-66,1.0000000000000022,0.0,0.0
2.623865686114587e-66,1.0000000000000022,0.0,0.0
2.410052960976385e-66,1.0000000000000022,0.0,0.0
2.2136633385804277e-66,1.0000000000000022,0.0,0.0
2.033277050720821e-66,1.0000000000000022,0.0,0.0
1.867590022807686e-66,1.0000000000000022,0.0,0.0
1.7154044462629008e-66,1.0000000000000022,0.0,0.0
1.5756201191494275e-66,1.0000000000000022,0.0,0.0
1.4472264924326654e-66,1.0000000000000022,0.0,0.0
1.3292953643735002e-66,1.0000000000000022,0.0,0.0
1.220974170238312e-66,1.0000000000000022,0.0,0.0
1.1214798188149414e-66,1.0000000000000022,0.0,0.0
1.0300930311766629e-66,1.0000000000000022,0.0,0.0
9.46153140767145e-67,1.0000000000000022,0.0,0.0
8.690533172144172e-67,1.0000000000000022,0.0,0.0
7.982361793451529e-67,1.0000000000000022,0.0,0.0
7.331897656842366e-67,1.0000000000000022,0.0,0.0
6.734438333089694e-67,1.0000000000000022,0.0,0.0
6.185664583010555e-67,1.0000000000000022,0.0,0.0
5.681609132198662e-67,1.0000000000000022,0.0,0.0
5.218627990231611e-67,1.0000000000000022,0.0,0.0
4.793374107009332e-67,1.0000000000000022,0.0,0.0
4.402773175776375e-67,1.0000000000000022,0.0,0.0
4.044001407899758e-67,1.0000000000000022,0.0,0.0
3.714465118728586e-67,1.0000000000000022,0.0,0.0
3.411781976954587e-67,1.0000000000000022,0.0,0.0
3.1337637819187436e-67,1.0000000000000022,0.0,0.0
2.878400644355237e-67,1.0000000000000022,0.0,0.0
2.6438464562098487e-67,1.0000000000000022,0.0,0.0
2.4284055444891416e-67,1.0000000000000022,0.0,0.0
2.2305204126564954e-67,1.0000000000000022,0.0,0.0
2.0487604809533282e-67,1.0000000000000022,0.0,0.0
1.8818117442454104e-67,1.0000000000000022,0.0,0.0
1.7284672726272803e-67,1.0000000000000022,0.0,0.0
1.587618486110357e-67,1.0000000000000022,0.0,0.0
1.4582471403164712e-67,1.0000000000000022,0.0,0.0
1.3394179652386283e-67,1.0000000000000022,0.0,0.0
1.230271903852074e-67,1.0000000000000022,0.0,0.0
1.1300199016952502e-67,1.0000000000000022,0.0,0.0
1.0379372025233869e-67,1.0000000000000022,0.0,0.0
9.53358108796043e-68,1.0000000000000022,0.0,0.0
8.756711691203579e-68,1.0000000000000022,0.0,0.0
8.04314757858382e-68,1.0000000000000022,0.0,0.0
7.387730149419485e-68,1.0000000000000022,0.0,0.0
6.785721165426067e-68,1.0000000000000022,0.0,0.0
6.232768496360079e-68,1.0000000000000022,0.0,0.0
5.724874656970892e-68,1.0000000000000022,0.0,0.0
5.258367907803352e-68,1.0000000000000022,0.0,0.0
4.829875710928912e-68,1.0000000000000022,0.0,0.0
4.436300348707638e-68,1.0000000000000022,0.0,0.0
4.0747965293207065e-68,1.0000000000000022,0.0,0.0
3.742750817176088e-68,1.0000000000000022,0.0,0.0
3.4377627394827302e-68,1.0000000000000022,0.0,0.0
3.1576274324061653e-68,1.0000000000000022,0.0,0.0
2.9003197013486158e-68,1.0000000000000022,0.0,0.0
2.663979380119886e-68,1.0000000000000022,0.0,0.0
2.4468978831554346e-68,1.0000000000000022,0.0,0.0
2.24750585356299e-68,1.0000000000000022,0.0,0.0
2.064361817701172e-68,1.0000000000000022,0.0,0.0
1.896141764270181e-68,1.0000000000000022,0.0,0.0
1.7416295725781937e-68,1.0000000000000022,0.0,0.0
1.5997082207861177e-68,1.0000000000000022,0.0,0.0
1.4693517105720782e-68,1.0000000000000022,0.0,0.0
1.349617649836252e-68,1.0000000000000022,0.0,0.0
1.2396404398238709e-68,1.0000000000000022,0.0,0.0
1.1386250174137599e-68,1.0000000000000022,0.0,0.0
1.0458411073332585e-68,1.0000000000000022,0.0,0.0
9.606179427468099e-69,1.0000000000000022,0.0,0.0
8.823394160515304e-69,1.0000000000000022,0.0,0.0
8.104396248231967e-69,1.0000000000000022,0.0,0.0
7.443987807127554e-69,1.0000000000000022,0.0,0.0
6.837394517173619e-69,1.0000000000000022,0.0,0.0
6.280231106600305e-69,1.0000000000000022,0.0,0.0
5.768469649256686e-69,1.0000000000000022,0.0,0.0
5.298410445345622e-69,1.0000000000000022,0.0,0.0
4.866655275019962e-69,1.0000000000000022,0.0,0.0
4.470082831481104e-69,1.0000000000000022,0.0,0.0
4.1058261559773546e-69,1.0000000000000022,0.0,0.0
3.7712519115718855e-69,1.0000000000000022,0.0,0.0
3.4639413458432466e-69,1.0000000000000022,0.0,0.0
3.1816728048912264e-69,1.0000000000000022,0.0,0.0
2.9224056722357976e-69,1.0000000000000022,0.0,0.0
2.6842656164979036e-69,1.0000000000000022,0.0,0.0
2.46553104121251e-69,1.0000000000000022,0.0,0.0
2.2646206388149336e-69,1.0000000000000022,0.0,0.0
2.0800819588239446e-69,1.0000000000000022,0.0,0.0
1.910580907577096e-69,1.0000000000000022,0.0,0.0
1.7548921036082493e-69,1.0000000000000022,0.0,0.0
1.6118900189430035e-69,1.0000000000000022,0.0,0.0
1.4805408422694e-69,1.0000000000000022,0.0,0.0
1.35989500515996e-69,1.0000000000000022,0.0,0.0
1.2490803173145464e-69,1.0000000000000022,0.0,0.0
1.1472956611963483e-69,1.0000000000000022,0.0,0.0
1.0538052004773489e-69,1.0000000000000022,0.0,0.0
9.679330604241286e-70,1.0000000000000022,0.0,0.0
8.89058441766684e-70,1.0000000000000022,0.0,0.0
8.166111327267362e-70,1.0000000000000022,0.0,0.0
7.500673867604374e-70,1.0000000000000022,0.0,0.0
6.889461362142558e-70,1.0000000000000022,0.0,0.0
6.32805514521255e-70,1.0000000000000022,0.0,0.0
5.812396617955287e-70,1.0000000000000022,0.0,0.0
5.338757907313292e-70,1.0000000000000022,0.0,0.0
4.903714915952671e-70,1.0000000000000022,0.0,0.0
4.5041225682844226e-70,1.0000000000000022,0.0,0.0
4.1370920736300134e-70,1.0000000000000022,0.0,0.0
3.7999700421588274e-70,1.0000000000000022,0.0,0.0
3.490319302619401e-70,1.0000000000000022,0.0,0.0
3.205901283189221e-70,1.0000000000000022,0.0,0.0
2.944659828068179e-70,1.0000000000000022,0.0,0.0
2.7047063328202707e-70,1.0000000000000022,0.0,0.0
2.4843060910017955e-70,1.0000000000000022,0.0,0.0
2.2818657533711406e-70,1.0000000000000022,0.0,0.0
2.095921809018452e-70,1.0000000000000022,0.0,0.0
1.925130005141318e-70,1.0000000000000022,0.0,0.0
1.768255628978372e-70,1.0000000000000022,0.0,0.0
1.6241645816455778e-70,1.0000000000000022,0.0,0.0
1.4918151793448753e-70,1.0000000000000022,0.0,0.0
1.370250622673306e-70,1.0000000000000022,0.0,0.0
1.2585920795906618e-70,1.0000000000000022,0.0,0.0
1.1560323320400457e-70,1.0000000000000022,0.0,0.0
1.0618299402905778e-70,1.0000000000000022,0.0,0.0
9.7530388281427e-71,1.0000000000000022,0.0,0.0
8.95828632946895e-71,1.0000000000000022,0.0,0.0
8.228296367403335e-71,1.0000000000000022,0.0,0.0
7.5577915931424e-71,1.0000000000000022,0.0,0.0
6.9419246967886986e-71,1.0000000000000022,0.0,0.0
6.376243364478399e-71,1.0000000000000022,0.0,0.0
5.856658091071244e-71,1.0000000000000022,0.0,0.0
5.379412615709684e-71,1.0000000000000022,0.0,0.0
4.941056766515702e-71,1.0000000000000022,0.0,0.0
4.538421518110256e-71,1.0000000000000022,0.0,0.0
4.168596081637578e-71,1.0000000000000022,0.0,0.0
3.828906861670228e-71,1.0000000000000022,0.0,0.0
3.5168981278671064e-71,1.0000000000000022,0.0,0.0
3.230314261653206e-71,1.0000000000000022,0.0,0.0
2.967083449576224e-71,1.0000000000000022,0.0,0.0
2.7253027054536976e-71,1.0000000000000022,0.0,0.0
2.503224113030609e-71,1.0000000000000022,0.0,0.0
2.2992421896908944e-71,1.0000000000000022,0.0,0.0
2.1118822798707745e-71,1.0000000000000022,0.0,0.0
1.9397898942658927e-71,1.0000000000000022,0.0,0.0
1.7817209177617264e-71,1.0000000000000022,0.0,0.0
1.6365326152970186e-71,1.0000000000000022,0.0,0.0
1.503175370638527e-71,1.0000000000000022,0.0,0.0
1.3806850983438443e-71,1.0000000000000022,0.0,0.0
1.2681762740557588e-71,1.0000000000000022,0.0,0.0
1.1648355327417496e-71,1.0000000000000022,0.0,0.0
1.0699157885980906e-71,1.0000000000000022,0.0,0.0
9.827308341093205e-72,1.0000000000000022,0.0,0.0
9.026503792178212e-72,1.0000000000000022,0.0,0.0
8.290954947399558e-72,1.0000000000000022,0.0,0.0
7.615344270876484e-72,1.0000000000000022,0.0,0.0
6.994787540385903e-72,1.0000000000000022,0.0,0.0
6.424798537638094e-72,1.0000000000000022,0.0,0.0
5.901256615859884e-72,1.0000000000000022,0.0,0.0
5.420376910220202e-72,1.0000000000000022,0.0,0.0
4.978682975738925e-72,1.0000000000000022,0.0,0.0
4.572981654869018e-72,1.0000000000000022,0.0,0.0
4.2003399930610864e-72,1.0000000000000022,0.0,0.0
3.8580640354249885e-72,1.0000000000000022,0.0,0.0
3.543679351202292e-72,1.0000000000000022,0.0,0.0
3.2549131452542604e-72,1.0000000000000022,0.0,0.0
2.9896778272431784e-72,1.0000000000000022,0.0,0.0
2.746055919722945e-72,1.0000000000000022,0.0,0.0
2.522286196034347e-72,1.0000000000000022,0.0,0.0
2.3167509477910724e-72,1.0000000000000022,0.0,0.0
2.127964289908734e-72,1.0000000000000022,0.0,0.0
1.9545614186299428e-72,1.0000000000000022,0.0,0.0
1.795288744887981e-72,1.0000000000000022,0.0,0.0
1.6489948316797736e-72,1.0000000000000022,0.0,0.0
1.514622069931303e-72,1.0000000000000022,0.0,0.0
1.3911990326774315e-72,1.0000000000000022,0.0,0.0
1.2778334522818647e-72,1.0000000000000022,0.0,0.0
1.1737057699271627e-72,1.0000000000000022,0.0,0.0
1.0780632107418378e-72,1.0000000000000022,0.0,0.0
9.902143417315948e-73,1.0000000000000022,0.0,0.0
9.095240731721253e-73,1.0000000000000022,0.0,0.0
8.354090673268006e-73,1.0000000000000022,0.0,0.0
7.673335212973053e-73,1.0000000000000022,0.0,0.0
7.048052935199845e-73,1.0000000000000022,0.0,0.0
6.473723459050138e-73,1.0000000000000022,0.0,0.0
5.946194758973923e-73,1.0000000000000022,0.0,0.0
5.461653148346988e-73,1.0000000000000022,0.0,0.0
5.016595709017104e-73,1.0000000000000022,0.0,0.0
4.607804967502481e-73,1.0000000000000022,0.0,0.0
4.23232563476806e-73,1.0000000000000022,0.0,0.0
3.887443241423438e-73,1.0000000000000022,0.0,0.0
3.5706645138889327e-73,1.0000000000000022,0.0,0.0
3.279699349662335e-73,1.0000000000000022,0.0,0.0
3.0124442613793335e-73,1.0000000000000022,0.0,0.0
2.7669671699790368e-73,1.0000000000000022,0.0,0.0
2.541493437039141e-73,1.0000000000000022,0.0,0.0
2.3343930353036912e-73,1.0000000000000022,0.0,0.0
2.144168764654754e-73,1.0000000000000022,0.0,0.0
1.9694454283372167e-73,1.0000000000000022,0.0,0.0
1.8089598911879024e-73,1.0000000000000022,0.0,0.0
1.6615519479965225e-73,1.0000000000000022,0.0,0.0
1.526155935982701e-73,1.0000000000000022,0.0,0.0
1.4017930307527823e-73,1.0000000000000022,0.0,0.0
1.2875641700412351e-73,1.0000000000000022,0.0,0.0
1.1826435540799497e-73,1.0000000000000022,0.0,0.0
1.086272675607354e-73,1.0000000000000022,0.0,0.0
9.977548363582337e-74,1.0000000000000022,0.0,0.0
9.16450110392067e-74,1.0000000000000022,0.0,0.0
8.417707178480478e-74,1.0000000000000022,0.0,0.0
7.731767756820723e-74,1.0000000000000022,0.0,0.0
7.101723946663084e-74,1.0000000000000022,0.0,0.0
6.523020944352109e-74,1.0000000000000022,0.0,0.0
5.991475106611167e-74,1.0000000000000022,0.0,0.0
5.503243705544593e-74,1.0000000000000022,0.0,0.0
5.05479714823451e-74,1.0000000000000022,0.0,0.0
4.642893460098229e-74,1.0000000000000022,0.0,0.0
4.2645548475376375e-74,1.0000000000000022,0.0,0.0
3.917046170443893e-74,1.0000000000000022,0.0,0.0
3.5978551689277466e-74,1.0000000000000022,0.0,0.0
3.3046743013277227e-74,1.0000000000000022,0.0,0.0
3.0353840621968596e-74,1.0000000000000022,0.0,0.0
2.7880376596679945e-74,1.0000000000000022,0.0,0.0
2.560846941424989e-74,1.0000000000000022,0.0,0.0
2.3521694675338985e-74,1.0000000000000022,0.0,0.0
2.1604966366791212e-74,1.0000000000000022,0.0,0.0
1.9844427799650134e-74,1.0000000000000022,0.0,0.0
1.822735143438294e-74,1.0000000000000022,0.0,0.0
1.6742046869114527e-74,1.0000000000000022,0.0,0.0
1.5377776325686813e-74,1.0000000000000022,0.0,0.0
1.4124677022562944e-74,1.0000000000000022,0.0,0.0
1.2973689873383374e-74,1.0000000000000022,0.0,0.0
1.191649399571113e-74,1.0000000000000022,0.0,0.0
1.0945446556507436e-74,1.0000000000000022,0.0,0.0
1.0053527519459897e-74,1.0000000000000022,0.0,0.0
9.234288894722705e-75,1.0000000000000022,0.0,0.0
8.481808124177702e-75,1.0000000000000022,0.0,0.0
7.790645265222362e-75,1.0000000000000022,0.0,0.0
7.155803663551491e-75,1.0000000000000022,0.0,0.0
6.572693830622697e-75,1.0000000000000022,0.0,0.0
6.037100264663348e-75,1.0000000000000022,0.0,0.0
5.545150975356678e-75,1.0000000000000022,0.0,0.0
5.093289491890489e-75,1.0000000000000022,0.0,0.0
4.678249152004999e-75,1.0000000000000022,0.0,0.0
4.297029486166513e-75,1.0000000000000022,0.0,0.0
3.946874526139971e-75,1.0000000000000022,0.0,0.0
3.62525288114557e-75,1.0000000000000022,0.0,0.0
3.329839437563153e-75,1.0000000000000022,0.0,0.0
3.0584985498852067e-75,1.0000000000000022,0.0,0.0
2.8092686014000937e-75,1.0000000000000022,0.0,0.0
2.5803478229893695e-75,1.0000000000000022,0.0,0.0
2.3700812675184014e-75,1.0000000000000022,0.0,0.0
2.1769488456536555e-75,1.0000000000000022,0.0,0.0
1.999554336613476e-75,1.0000000000000022,0.0,0.0
1.8366152944072715e-75,1.0000000000000022,0.0,0.0
1.6869537765918467e-75,1.0000000000000022,0.0,0.0
1.5494878285198645e-75,1.0000000000000022,0.0,0.0
1.4232236615171337e-75,1.0000000000000022,0.0,0.0
1.3072484684420797e-75,1.0000000000000022,0.0,0.0
1.200723824688598e-75,1.0000000000000022,0.0,0.0
1.1028796269258692e-75,1.0000000000000022,0.0,0.0
1.0130085257562016e-75,1.0000000000000022,0.0,0.0
9.304608120426625e-76,1.0000000000000022,0.0,0.0
8.546397199380045e-76,1.0000000000000022,0.0,0.0
7.849971126588626e-76,1.0000000000000022,0.0,0.0
7.210295198161999e-76,1.0000000000000022,0.0,0.0
6.622744976544984e-76,1.0000000000000022,0.0,0.0
6.083072858866099e-76,1.0000000000000022,0.0,0.0
5.587377369553774e-76,1.0000000000000022,0.0,0.0
5.132074955225986e-76,1.0000000000000022,0.0,0.0
4.7138740779488924e-76,1.0000000000000022,0.0,0.0
4.329751419575683e-76,1.0000000000000022,0.0,0.0
3.976930025138634e-76,1.0000000000000022,0.0,0.0
3.6528592272854184e-76,1.0000000000000022,0.0,0.0
3.355196206626512e-76,1.0000000000000022,0.0,0.0
3.0817890546870885e-76,1.0000000000000022,0.0,0.0
2.830661217019657e-76,1.0000000000000022,0.0,0.0
2.5999972040113473e-76,1.0000000000000022,0.0,0.0
2.388129466084348e-76,1.0000000000000022,0.0,0.0
2.1935263384057943e-76,1.0000000000000022,0.0,0.0
2.0147809679552725e-76,1.0000000000000022,0.0,0.0
1.8506011428998952e-76,1.0000000000000022,0.0,0.0
1.6997999507499944e-76,1.0000000000000022,0.0,0.0
1.5612871977600286e-76,1.0000000000000022,0.0,0.0
1.4340615275425937e-76,1.0000000000000022,0.0,0.0
1.3172031819182879e-76,1.0000000000000022,0.0,0.0
1.2098673516671198e-76,1.0000000000000022,0.0,0.0
1.1112780691117517e-76,1.0000000000000022,0.0,0.0
1.0207225983799597e-76,1.0000000000000022,0.0,0.0
9.375462827915883e-77,1.0000000000000022,0.0,0.0
8.611478121199815e-77,1.0000000000000022,0.0,0.0
7.909748755132971e-77,1.0000000000000022,0.0,0.0
7.265201686491737e-77,1.0000000000000022,0.0,0.0
6.67317726257097e-77,1.0000000000000022,0.0,0.0
6.129395534950071e-77,1.0000000000000022,0.0,0.0
5.6299253182720795e-77,1.0000000000000022,0.0,0.0
5.171155770351043e-77,1.0000000000000022,0.0,0.0
4.749770288150485e-77,1.0000000000000022,0.0,0.0
4.3627225309180036e-77,1.0000000000000022,0.0,0.0
4.007214397138981e-77,1.0000000000000022,0.0,0.0
3.6806757960972254e-77,1.0000000000000022,0.0,0.0
3.38074606780419e-77,1.0000000000000022,0.0,0.0
3.1052569169750317e-77,1.0000000000000022,0.0,0.0
2.8522167376753635e-77,1.0000000000000022,0.0,0.0
2.619796215316153e-77,1.0000000000000022,0.0,0.0
2.406315101908646e-77,1.0000000000000022,0.0,0.0
2.2102300689730734e-77,1.0000000000000022,0.0,0.0
2.0301235502856337e-77,1.0000000000000022,0.0,0.0
1.864693493804131e-77,1.0000000000000022,0.0,0.0
1.7127439486854087e-77,1.0000000000000022,0.0,0.0
1.5731764193448847e-77,1.0000000000000022,0.0,0.0
1.444981924053711e-77,1.0000000000000022,0.0,0.0
1.327233700662419e-77,1.0000000000000022,0.0,0.0
1.2190805067182155e-77,1.0000000000000022,0.0,0.0
1.1197404655401707e-77,1.0000000000000022,0.0,0.0
1.028495413763459e-77,1.0000000000000022,0.0,0.0
9.446857094890978e-78,1.0000000000000022,0.0,0.0
8.677054635055164e-78,1.0000000000000022,0.0,0.0
7.969981591068113e-78,1.0000000000000022,0.0,0.0
7.320526288418465e-78,1.0000000000000022,0.0,0.0
6.72399359108731e-78,1.0000000000000022,0.0,0.0
6.176070958793167e-78,1.0000000000000022,0.0,0.0
5.672797270153297e-78,1.0000000000000022,0.0,0.0
5.21053418637323e-78,1.0000000000000022,0.0,0.0
4.78593984844279e-78,1.0000000000000022,0.0,0.0
4.395944717686552e-78,1.0000000000000022,0.0,0.0
4.037729385011784e-78,1.0000000000000022,0.0,0.0
3.7087041884292703e-78,1.0000000000000022,0.0,0.0
3.406490491495053e-78,1.0000000000000022,0.0,0.0
3.1289034873285137e-78,1.0000000000000022,0.0,0.0
2.873936403891105e-78,1.0000000000000022,0.0,0.0
2.6397459963402643e-78,1.0000000000000022,0.0,0.0
2.424639221577739e-78,1.0000000000000022,0.0,0.0
2.227060998658037e-78,1.0000000000000022,0.0,0.0
2.0455829665727906e-78,1.0000000000000022,0.0,0.0
1.8788931581371787e-78,1.0000000000000022,0.0,0.0
1.7257865153273804e-78,1.0000000000000022,0.0,0.0
1.585156177501165e-78,1.0000000000000022,0.0,0.0
1.4559854795211701e-78,1.0000000000000022,0.0,0.0
1.3373406019325397e-78,1.0000000000000022,0.0,0.0
1.2283638200605306e-78,1.0000000000000022,0.0,0.0
1.1282673032234855e-78,1.0000000000000022,0.0,0.0
1.0363274192335517e-78,1.0000000000000022,0.0,0.0
9.518795030104159e-79,1.0000000000000022,0.0,0.0
8.743130514885653e-79,1.0000000000000022,0.0,0.0
8.030673100804042e-79,1.0000000000000022,0.0,0.0
7.376272187882472e-79,1.0000000000000022,0.0,0.0
6.775196886582388e-79,1.0000000000000022,0.0,0.0
6.223101816573999e-79,1.0000000000000022,0.0,0.0
5.715995692485576e-79,1.0000000000000022,0.0,0.0
5.2502124695271157e-79,1.0000000000000022,0.0,0.0
4.8223848403901806e-79,1.0000000000000022,0.0,0.0
4.4294198918238504e-79,1.0000000000000022,0.0,0.0
4.068476744899806e-79,1.0000000000000022,0.0,0.0
3.736946017320315e-79,1.0000000000000022,0.0,0.0
3.43243095929508e-79,1.0000000000000022,0.0,0.0
3.152730126611694e-79,1.0000000000000022,0.0,0.0
2.895821465637378e-79,1.0000000000000022,0.0,0.0
2.659847695196984e-79,1.0000000000000022,0.0,0.0
2.443102879647841e-79,1.0000000000000022,0.0,0.0
2.2440200960835604e-79,1.0000000000000022,0.0,0.0
2.0611601065087885e-79,1.0000000000000022,0.0,0.0
1.8932009530921435e-79,1.0000000000000022,0.0,0.0
1.7389284012778453e-79,1.0000000000000022,0.0,0.0
1.597227161665996e-79,1.0000000000000022,0.0,0.0
1.4670728272014657e-79,1.0000000000000022,0.0,0.0
1.3475244673825429e-79,1.0000000000000022,0.0,0.0
1.2377178259503323e-79,1.0000000000000022,0.0,0.0
1.1368590728826594e-79,1.0000000000000022,0.0,0.0
1.0442190655234887e-79,1.0000000000000022,0.0,0.0
9.591280773595873e-80,1.0000000000000022,0.0,0.0
8.809709563369447e-80,1.0000000000000022,0.0,0.0
8.0918267771475e-80,1.0000000000000022,0.0,0.0
7.432442593069785e-80,1.0000000000000022,0.0,0.0
6.826790095814599e-80,1.0000000000000022,0.0,0.0
6.2704908149264605e-80,1.0000000000000022,0.0,0.0
5.759523071345496e-80,1.0000000000000022,0.0,0.0
5.290192903304666e-80,1.0000000000000022,0.0,0.0
4.859107361408163e-80,1.0000000000000022,0.0,0.0
4.463149979831885e-80,1.0000000000000022,0.0,0.0
4.099458246318857e-80,1.0000000000000022,0.0,0.0
3.765402908092436e-80,1.0000000000000022,0.0,0.0
3.458568964082622e-80,1.0000000000000022,0.0,0.0
3.1767382060517333e-80,1.0000000000000022,0.0,0.0
2.9178731824032243e-80,1.0000000000000022,0.0,0.0
2.680102468742515e-80,1.0000000000000022,0.0,0.0
2.461707138705628e-80,1.0000000000000022,0.0,0.0
2.2611083372485976e-80,1.0000000000000022,0.0,0.0
2.0768558665606912e-80,1.0000000000000022,0.0,0.0
1.9076177020850685e-80,1.0000000000000022,0.0,0.0
1.752170362854584e-80,1.0000000000000022,0.0,0.0
1.6093900665265767e-80,1.0000000000000022,0.0,0.0
1.4782446051733497e-80,1.0000000000000022,0.0,0.0
1.3577858830956236e-80,1.0000000000000022,0.0,0.0
1.247143062712257e-80,1.0000000000000022,0.0,0.0
1.145516268975504e-80,1.0000000000000022,0.0,0.0
1.0521708067988621e-80,1.0000000000000022,0.0,0.0
9.664318496933038e-81,1.0000000000000022,0.0,0.0
8.876795612142148e-81,1.0000000000000022,0.0,0.0
8.153446139503e-81,1.0000000000000022,0.0,0.0
7.48904073659681e-81,1.0000000000000022,0.0,0.0
6.878776187981939e-81,1.0000000000000022,0.0,0.0
6.318240681095493e-81,1.0000000000000022,0.0,0.0
5.803381911741138e-81,1.0000000000000022,0.0,0.0
5.330477788586668e-81,1.0000000000000022,0.0,0.0
4.896109524884089e-81,1.0000000000000022,0.0,0.0
4.497136922882975e-81,1.0000000000000022,0.0,0.0
4.1306756722596287e-81,1.0000000000000022,0.0,0.0
3.79407649844455e-81,1.0000000000000022,0.0,0.0
3.4849060101043136e-81,1.0000000000000022,0.0,0.0
3.2009291073176973e-81,1.0000000000000022,0.0,0.0
2.940092823268705e-81,1.0000000000000022,0.0,0.0
2.70051148264253e-81,1.0000000000000022,0.0,0.0
2.4804530694293815e-81,1.0000000000000022,0.0,0.0
2.278326705584341e-81,1.0000000000000022,0.0,0.0
2.0926711500221667e-81,1.0000000000000022,0.0,0.0
1.9221442348023173e-81,1.0000000000000022,0.0,0.0
1.7655131621347438e-81,1.0000000000000022,0.0,0.0
1.6216455920601572e-81,1.0000000000000022,0.0,0.0
1.4895014563745499e-81,1.0000000000000022,0.0,0.0
1.3681254396180066e-81,1.0000000000000022,0.0,0.0
1.256640072770288e-81,1.0000000000000022,0.0,0.0
1.1542393897251307e-81,1.0000000000000022,0.0,0.0
1.0601831006837383e-81,1.0000000000000022,0.0,0.0
9.737912403449088e-82,1.0000000000000022,0.0,0.0
8.944392522017314e-82,1.0000000000000022,0.0,0.0
8.21553473407536e-82,1.0000000000000022,0.0,0.0
7.546069875696365e-82,1.0000000000000022,0.0,0.0
6.931158154892881e-82,1.0000000000000022,0.0,0.0
6.366354163094044e-82,1.0000000000000022,0.0,0.0
5.847574737756252e-82,1.0000000000000022,0.0,0.0
5.371069443775146e-82,1.0000000000000022,0.0,0.0
4.9333934602987803e-82,1.0000000000000022,0.0,0.0
4.531382676931495e-82,1.0000000000000022,0.0,0.0
4.1621308192903143e-82,1.0000000000000022,0.0,0.0
3.822968438546678e-82,1.0000000000000022,0.0,0.0
3.5114436130616495e-82,1.0000000000000022,0.0,0.0
3.225304222600084e-82,1.0000000000000022,0.0,0.0
2.962481666977945e-82,1.0000000000000022,0.0,0.0
2.721075911439262e-82,1.0000000000000022,0.0,0.0
2.499341750650615e-82,1.0000000000000022,0.0,0.0
2.2956761920108295e-82,1.0000000000000022,0.0,0.0
2.108606867065479e-82,1.0000000000000022,0.0,0.0
1.9367813872483283e-82,1.0000000000000022,0.0,0.0
1.7789575669987017e-82,1.0000000000000022,0.0,0.0
1.6339944435743242e-82,1.0000000000000022,0.0,0.0
1.5008440286387752e-82,1.0000000000000022,0.0,0.0
1.3785437319929356e-82,1.0000000000000022,0.0,0.0
1.2662094026789752e-82,1.0000000000000022,0.0,0.0
1.1630289371486282e-82,1.0000000000000022,0.0,0.0
1.0682564082869983e-82,1.0000000000000022,0.0,0.0
9.812066728485908e-83,1.0000000000000022,0.0,0.0
9.012504183208646e-83,1.0000000000000022,0.0,0.0
8.278096134073797e-83,1.0000000000000022,0.0,0.0
7.603533292405142e-83,1.0000000000000022,0.0,0.0
6.98393901113857e-83,1.0000000000000022,0.0,0.0
6.414834029861216e-83,1.0000000000000022,0.0,0.0
5.8921040926955216e-83,1.0000000000000022,0.0,0.0
5.411970204926784e-83,1.0000000000000022,0.0,0.0
4.9709613133490865e-83,1.0000000000000022,0.0,0.0
4.5658892128264355e-83,1.0000000000000022,0.0,0.0
4.193825497659993e-83,1.0000000000000022,0.0,0.0
3.852080391134903e-83,1.0000000000000022,0.0,0.0
3.538183300198208e-83,1.0000000000000022,0.0,0.0
3.2498649546909386e-83,1.0000000000000022,0.0,0.0
2.9850410020127213e-83,1.0000000000000022,0.0,0.0
2.741796938619099e-83,1.0000000000000022,0.0,0.0
2.518374269416157e-83,1.0000000000000022,0.0,0.0
2.313157794993967e-83,1.0000000000000022,0.0,0.0
2.1246639347938628e-83,1.0000000000000022,0.0,0.0
1.9515300017937225e-83,1.0000000000000022,0.0,0.0
1.7925043511742518e-83,1.0000000000000022,0.0,0.0
1.6464373317475901e-83,1.0000000000000022,0.0,0.0
1.5122729747329954e-83,1.0000000000000022,0.0,0.0
1.3890413597949141e-83,1.0000000000000022,0.0,0.0
1.2758516031548885e-83,1.0000000000000022,0.0,0.0
1.1718854170859506e-83,1.0000000000000022,0.0,0.0
1.0763911942288729e-83,1.0000000000000022,0.0,0.0
9.886785739637562e-84,1.0000000000000022,0.0,0.0
9.081134515553868e-84,1.0000000000000022,0.0,0.0
8.341133939917559e-84,1.0000000000000022,0.0,0.0
7.661434293752578e-84,1.0000000000000022,0.0,0.0
7.037121794266285e-84,1.0000000000000022,0.0,0.0
6.463683071421614e-84,1.0000000000000022,0.0,0.0
5.936972539230919e-84,1.0000000000000022,0.0,0.0
5.453182425887367e-84,1.0000000000000022,0.0,0.0
5.008815246071362e-84,1.0000000000000022,0.0,0.0
4.600658516424826e-84,1.0000000000000022,0.0,0.0
4.225761531402816e-84,1.0000000000000022,0.0,0.0
3.8814140316070662e-84,1.0000000000000022,0.0,0.0
3.5651266103875494e-84,1.0000000000000022,0.0,0.0
3.2746127170645843e-84,1.0000000000000022,0.0,0.0
3.007772126666614e-84,1.0000000000000022,0.0,0.0
2.7626757566806895e-84,1.0000000000000022,0.0,0.0
2.53755172105071e-84,1.0000000000000022,0.0,0.0
2.3307725206029884e-84,1.0000000000000022,0.0,0.0
2.140843277294306e-84,1.0000000000000022,0.0,0.0
1.966390927223783e-84,1.0000000000000022,0.0,0.0
1.8061542942811348e-84,1.0000000000000022,0.0,0.0
1.6589749726702915e-84,1.0000000000000022,0.0,0.0
1.5237889523950075e-84,1.0000000000000022,0.0,0.0
1.3996189271642137e-84,1.0000000000000022,0.0,0.0
1.2855672291083103e-84,1.0000000000000022,0.0,0.0
1.1808093392290299e-84,1.0000000000000022,0.0,0.0
1.084587926667681e-84,1.0000000000000022,0.0,0.0
9.962073736995891e-85,1.0000000000000022,0.0,0.0
9.15028746874032e-85,1.0000000000000022,0.0,0.0
8.404651779443126e-85,1.0000000000000022,0.0,0.0
7.71977621195118e-85,1.0000000000000022,0.0,0.0
7.090709564954272e-85,1.0000000000000022,0.0,0.0
6.512904099045916e-85,1.0000000000000022,0.0,0.0
5.982182659549201e-85,1.0000000000000022,0.0,0.0
5.494708478427244e-85,1.0000000000000022,0.0,0.0
5.0469574369658917e-85,1.0000000000000022,0.0,0.0
4.6356925887060233e-85,1.0000000000000022,0.0,0.0
4.257940758442973e-85,1.0000000000000022,0.0,0.0
3.910971048119182e-85,1.0000000000000022,0.0,0.0
3.592275094221771e-85,1.0000000000000022,0.0,0.0
3.299548933958968e-85,1.0000000000000022,0.0,0.0
3.030676349119728e-85,1.0000000000000022,0.0,0.0
2.783713567203578e-85,1.0000000000000022,0.0,0.0
2.556875209219888e-85,1.0000000000000022,0.0,0.0
2.3485213825683587e-85,1.0000000000000022,0.0,0.0
2.157145825690731e-85,1.0000000000000022,0.0,0.0
1.9813650187873058e-85,1.0000000000000022,0.0,0.0
1.819908181875907e-85,1.0000000000000022,0.0,0.0
1.6716080878858048e-85,1.0000000000000022,0.0,0.0
1.5353926243712924e-85,1.0000000000000022,0.0,0.0
1.410277042841642e-85,1.0000000000000022,0.0,0.0
1.2953568396751726e-85,1.0000000000000022,0.0,0.0
1.1898012171511081e-85,1.0000000000000022,0.0,0.0
1.0928470773267733e-85,1.0000000000000022,0.0,0.0
1.0037935053397992e-85,1.0000000000000022,0.0,0.0
9.219967022532262e-86,1.0000000000000022,0.0,0.0
8.468653308113008e-86,1.0000000000000022,0.0,0.0
7.778562404588301e-86,1.0000000000000022,0.0,0.0
7.14470540718788e-86,1.0000000000000022,0.0,0.0
6.562499945412664e-86,1.0000000000000022,0.0,0.0
6.027737055500507e-86,1.0000000000000022,0.0,0.0
5.536550752377825e-86,1.0000000000000022,0.0,0.0
5.085390081122274e-86,1.0000000000000022,0.0,0.0
4.670993445886864e-86,1.0000000000000022,0.0,0.0
4.290365030700473e-86,1.0000000000000022,0.0,0.0
3.940753141682594e-86,1.0000000000000022,0.0,0.0
3.619630314100752e-86,1.0000000000000022,0.0,0.0
3.32467504045763e-86,1.0000000000000022,0.0,0.0
3.0537549875139734e-86,1.0000000000000022,0.0,0.0
2.804911580917351e-86,1.0000000000000022,0.0,0.0
2.576345845993734e-86,1.0000000000000022,0.0,0.0
2.3664054023401143e-86,1.0000000000000022,0.0,0.0
2.1735725181975813e-86,1.0000000000000022,0.0,0.0
1.996453138245816e-86,1.0000000000000022,0.0,0.0
1.833766805497147e-86,1.0000000000000022,0.0,0.0
1.6843374044320664e-86,1.0000000000000022,0.0,0.0
1.5470846584551526e-86,1.0000000000000022,0.0,0.0
1.4210163202035755e-86,1.0000000000000022,0.0,0.0
1.3052209982492347e-86,1.0000000000000022,0.0,0.0
1.1988615683362947e-86,1.0000000000000022,0.0,0.0
1.10116912152168e-86,1.0000000000000022,0.0,0.0
1.0114374054675572e-86,1.0000000000000022,0.0,0.0
9.290177186999905e-87,1.0000000000000022,0.0,0.0
8.533142209226101e-87,1.0000000000000022,0.0,0.0
7.837796254819358e-87,1.0000000000000022,0.0,0.0
7.199112428437044e-87,1.0000000000000022,0.0,0.0
6.612473464771279e-87,1.0000000000000022,0.0,0.0
6.073638348748099e-87,1.0000000000000022,0.0,0.0
5.578711655769117e-87,1.0000000000000022,0.0,0.0
5.124115390345737e-87,1.0000000000000022,0.0,0.0
4.706563119537705e-87,1.0000000000000022,0.0,0.0
4.323036214197716e-87,1.0000000000000022,0.0,0.0
3.9707620262618694e-87,1.0000000000000022,0.0,0.0
3.647193844322063e-87,1.0000000000000022,0.0,0.0
3.349992482572284e-87,1.0000000000000022,0.0,0.0
3.077009370028927e-87,1.0000000000000022,0.0,0.0
2.826271017771313e-87,1.0000000000000022,0.0,0.0
2.595964751910716e-87,1.0000000000000022,0.0,0.0
2.3844256091466427e-87,1.0000000000000022,0.0,0.0
2.190124300173812e-87,1.0000000000000022,0.0,0.0
2.0116561539231617e-87,1.0000000000000022,0.0,0.0
1.847730962711007e-87,1.0000000000000022,0.0,0.0
1.6971636548834142e-87,1.0000000000000022,0.0,0.0
1.5588657275251438e-87,1.0000000000000022,0.0,0.0
1.4318373772972578e-87,1.0000000000000022,0.0,0.0
1.3151602725145047e-87,1.0000000000000022,0.0,0.0
1.2079909142093455e-87,1.0000000000000022,0.0,0.0
1.109554538187464e-87,1.0000000000000022,0.0,0.0
1.0191395139906192e-87,1.0000000000000022,0.0,0.0
9.36092200275019e-88,1.0000000000000022,0.0,0.0
8.598122194129665e-88,1.0000000000000022,0.0,0.0
7.897481171562539e-88,1.0000000000000022,0.0,0.0
7.253933759835122e-88,1.0000000000000022,0.0,0.0
6.662827533106329e-88,1.0000000000000022,0.0,0.0
6.119889180919237e-88,1.0000000000000022,0.0,0.0
5.621193614968307e-88,1.0000000000000022,0.0,0.0
5.163135593284438e-88,1.0000000000000022,0.0,0.0
4.742403656699334e-88,1.0000000000000022,0.0,0.0
4.3559561891668915e-88,1.0000000000000022,0.0,0.0
4.0009994288734395e-88,1.0000000000000022,0.0,0.0
3.674967271171576e-88,1.0000000000000022,0.0,0.0
3.375502717326047e-88,1.0000000000000022,0.0,0.0
3.100440834958274e-88,1.0000000000000022,0.0,0.0
2.8477931070047023e-88,1.0000000000000022,0.0,0.0
2.6157330560422186e-88,1.0000000000000022,0.0,0.0
2.4025830400539235e-88,1.0000000000000022,0.0,0.0
2.2068021241773014e-88,1.0000000000000022,0.0,0.0
2.0269749407554914e-88,1.0000000000000022,0.0,0.0
1.8618014571571205e-88,1.0000000000000022,0.0,0.0
1.7100875773927528e-88,1.0000000000000022,0.0,0.0
1.5707365095838032e-88,1.0000000000000022,0.0,0.0
1.4427408368763726e-88,1.0000000000000022,0.0,0.0
1.3251752344779138e-88,1.0000000000000022,0.0,0.0
1.2171897801656748e-88,1.0000000000000022,0.0,0.0
1.1180038099062863e-88,1.0000000000000022,0.0,0.0
1.0269002741666462e-88,1.0000000000000022,0.0,0.0
9.432205541159347e-89,1.0000000000000022,0.0,0.0
8.663597002432926e-89,1.0000000000000022,0.0,0.0
7.95762058969499e-89,1.0000000000000022,0.0,0.0
7.309172556359093e-89,1.0000000000000022,0.0,0.0
6.71356504830304e-89,1.0000000000000022,0.0,0.0
6.166492213757206e-89,1.0000000000000022,0.0,0.0
5.663999074819395e-89,1.0000000000000022,0.0,0.0
5.202452935557714e-89,1.0000000000000022,0.0,0.0
4.778517120000784e-89,1.0000000000000022,0.0,0.0
4.389126850158176e-89,1.0000000000000022,0.0,0.0
4.031467089684983e-89,1.0000000000000022,0.0,0.0
3.702952193014744e-89,1.0000000000000022,0.0,0.0
3.401207212837284e-89,1.0000000000000022,0.0,0.0
3.1240507307868197e-89,1.0000000000000022,0.0,0.0
2.8694790872174273e-89,1.0000000000000022,0.0,0.0
2.6356518960575195e-89,1.0000000000000022,0.0,0.0
2.420878740025204e-89,1.0000000000000022,0.0,0.0
2.2236069500196694e-89,1.0000000000000022,0.0,0.0
2.042410380341602e-89,1.0000000000000022,0.0,0.0
1.8759790985948437e-89,1.0000000000000022,0.0,0.0
1.723109915734028e-89,1.0000000000000022,0.0,0.0
1.5826976877966637e-89,1.0000000000000022,0.0,0.0
1.4537273264368798e-89,1.0000000000000022,0.0,0.0
1.3352664605022326e-89,1.0000000000000022,0.0,0.0
1.2264586956015883e-89,1.0000000000000022,0.0,0.0
1.1265174229351764e-89,1.0000000000000022,0.0,0.0
1.0347201326287107e-89,1.0000000000000022,0.0,0.0
9.504031904607172e-90,1.0000000000000022,0.0,0.0
8.729570402222277e-90,1.0000000000000022,0.0,0.0
8.01821797025049e-90,1.0000000000000022,0.0,0.0
7.3648319970111225e-90,1.0000000000000022,0.0,0.0
6.764688930314071e-90,1.0000000000000022,0.0,0.0
6.213450129274499e-90,1.0000000000000022,0.0,0.0
5.707130498783903e-90,1.0000000000000022,0.0,0.0
5.242069679885324e-90,1.0000000000000022,0.0,0.0
4.814905587778029e-90,1.0000000000000022,0.0,0.0
4.42255010614877e-90,1.0000000000000022,0.0,0.0
4.062166762115581e-90,1.0000000000000022,0.0,0.0
3.7311502203885946e-90,1.0000000000000022,0.0,0.0
3.4271074484040957e-90,1.0000000000000022,0.0,0.0
3.147840416268096e-90,1.0000000000000022,0.0,0.0
2.8913302064413496e-90,1.0000000000000022,0.0,0.0
2.655722418289259e-90,1.0000000000000022,0.0,0.0
2.439313761981139e-90,1.0000000000000022,0.0,0.0
2.2405397448215086e-90,1.0000000000000022,0.0,0.0
2.057963360993675e-90,1.0000000000000022,0.0,0.0
1.8902647029498602e-90,1.0000000000000022,0.0,0.0
1.736231419345033e-90,1.0000000000000022,0.0,0.0
1.5947499505315727e-90,1.0000000000000022,0.0,0.0
1.464797478253128e-90,1.0000000000000022,0.0,0.0
1.3454345313392402e-90,1.0000000000000022,0.0,0.0
1.2357981939447508e-90,1.0000000000000022,0.0,0.0
1.1350958672340168e-90,1.0000000000000022,0.0,0.0
1.0425995394110015e-90,1.0000000000000022,0.0,0.0
9.576405226713144e-91,1.0000000000000022,0.0,0.0
8.796046190278137e-91,1.0000000000000022,0.0,0.0
8.079276800618634e-91,1.0000000000000022,0.0,0.0
7.420915285001526e-91,1.0000000000000022,0.0,0.0
6.816202121327561e-91,1.0000000000000022,0.0,0.0
6.260765629907172e-91,1.0000000000000022,0.0,0.0
5.750590369082642e-91,1.0000000000000022,0.0,0.0
5.281988106217667e-91,1.0000000000000022,0.0,0.0
4.8515711541936036e-91,1.0000000000000022,0.0,0.0
4.456227880652763e-91,1.0000000000000022,0.0,0.0
4.093100212936623e-91,1.0000000000000022,0.0,0.0
3.759562976094419e-91,1.0000000000000022,0.0,0.0
3.453204914589463e-91,1.0000000000000022,0.0,0.0
3.171811260502567e-91,1.0000000000000022,0.0,0.0
2.913347722212112e-91,1.0000000000000022,0.0,0.0
2.6759457777994205e-91,1.0000000000000022,0.0,0.0
2.457889166860391e-91,1.0000000000000022,0.0,0.0
2.2576014830680528e-91,1.0000000000000022,0.0,0.0
2.073634777788404e-91,1.0000000000000022,0.0,0.0
1.904659092361141e-91,1.0000000000000022,0.0,0.0
1.7494528433705416e-91,1.0000000000000022,0.0,0.0
1.6068939913983085e-91,1.0000000000000022,0.0,0.0
1.4759519294142446e-91,1.0000000000000022,0.0,0.0
1.35568003216315e-91,1.0000000000000022,0.0,0.0
1.2452088126848868e-91,1.0000000000000022,0.0,0.0
1.1437396364937418e-91,1.0000000000000022,0.0,0.0
1.0505389479747244e-91,1.0000000000000022,0.0,0.0
9.649329672574302e-92,1.0000000000000022,0.0,0.0
8.863028192293453e-92,1.0000000000000022,0.0,0.0
8.14080059474553e-92,1.0000000000000022,0.0,0.0
7.477425647933096e-92,1.0000000000000022,0.0,0.0
6.868107585936442e-92,1.0000000000000022,0.0,0.0
6.308441438670359e-92,1.0000000000000022,0.0,0.0
5.794381186838565e-92,1.0000000000000022,0.0,0.0
5.3222105118669886e-92,1.0000000000000022,0.0,0.0
4.888515929357109e-92,1.0000000000000022,0.0,0.0
4.490162111831822e-92,1.0000000000000022,0.0,0.0
4.124269222373479e-92,1.0000000000000022,0.0,0.0
3.788192095291153e-92,1.0000000000000022,0.0,0.0
3.479501113307015e-92,1.0000000000000022,0.0,0.0
3.195964643016405e-92,1.0000000000000022,0.0,0.0
2.9355329016415018e-92,1.0000000000000022,0.0,0.0
2.696323138445791e-92,1.0000000000000022,0.0,0.0
2.4766060236806767e-92,1.0000000000000022,0.0,0.0
2.2747931466652463e-92,1.0000000000000022,0.0,0.0
2.089425532618496e-92,1.0000000000000022,0.0,0.0
1.91916309522825e-92,1.0000000000000022,0.0,0.0
1.7627749487057613e-92,1.0000000000000022,0.0,0.0
1.619130509288494e-92,1.0000000000000022,0.0,0.0
1.4871913218607964e-92,1.0000000000000022,0.0,0.0
1.3660035526042816e-92,1.0000000000000022,0.0,0.0
1.2546910934047098e-92,1.0000000000000022,0.0,0.0
1.1524492281647467e-92,1.0000000000000022,0.0,0.0
1.0585388152341966e-92,1.0000000000000022,0.0,0.0
9.72280943900495e-93,1.0000000000000022,0.0,0.0
8.930520263093873e-93,1.0000000000000022,0.0,0.0
8.202792893336027e-93,1.0000000000000022,0.0,0.0
7.53436633798686e-93,1.0000000000000022,0.0,0.0
6.92040831130906e-93,1.0000000000000022,0.0,0.0
6.356480299314992e-93,1.0000000000000022,0.0,0.0
5.838505472220707e-93,1.0000000000000022,0.0,0.0
5.3627392116396015e-93,1.0000000000000022,0.0,0.0
4.9257420394466644e-93,1.0000000000000022,0.0,0.0
4.524354752606747e-93,1.0000000000000022,0.0,0.0
4.155675584207965e-93,1.0000000000000022,0.0,0.0
3.8170392255894968e-93,1.0000000000000022,0.0,0.0
3.5059975579074796e-93,1.0000000000000022,0.0,0.0
3.2203019538408997e-93,1.0000000000000022,0.0,0.0
2.957887021490384e-93,1.0000000000000022,0.0,0.0
2.716855672948956e-93,1.0000000000000022,0.0,0.0
2.495465409600304e-93,1.0000000000000022,0.0,0.0
2.292115724996266e-93,1.0000000000000022,0.0,0.0
2.105336534244589e-93,1.0000000000000022,0.0,0.0
1.93377754625903e-93,1.0000000000000022,0.0,0.0
1.776198502040129e-93,1.0000000000000022,0.0,0.0
1.6314602084158238e-93,1.0000000000000022,0.0,0.0
1.4985163024217377e-93,1.0000000000000022,0.0,0.0
1.3764056867829991e-93,1.0000000000000022,0.0,0.0
1.2642455818110943e-93,1.0000000000000022,0.0,0.0
1.1612251434855188e-93,1.0000000000000022,0.0,0.0
1.0665996015831444e-93,1.0000000000000022,0.0,0.0
9.796848754778187e-94,1.0000000000000022,0.0,0.0
8.998526286859589e-94,1.0000000000000022,0.0,0.0
8.265257264057494e-94,1.0000000000000022,0.0,0.0
7.591740632109256e-94,1.0000000000000022,0.0,0.0
6.973107307361089e-94,1.0000000000000022,0.0,0.0
6.404884976485701e-94,1.0000000000000022,0.0,0.0
5.882965764589223e-94,1.0000000000000022,0.0,0.0
5.403576537969094e-94,1.0000000000000022,0.0,0.0
4.963251626831258e-94,1.0000000000000022,0.0,0.0
4.5588077707698475e-94,1.0000000000000022,0.0,0.0
4.1873211058815653e-94,1.0000000000000022,0.0,0.0
3.846106027146721e-94,1.0000000000000022,0.0,0.0
3.5326957732657645e-94,1.0000000000000022,0.0,0.0
3.244824593592441e-94,1.0000000000000022,0.0,0.0
2.9804113682421705e-94,1.0000000000000022,0.0,0.0
2.737544562959781e-94,1.0000000000000022,0.0,0.0
2.5144684099801515e-94,1.0000000000000022,0.0,0.0
2.3095702149784508e-94,1.0000000000000022,0.0,0.0
2.1213686983475418e-94,1.0000000000000022,0.0,0.0
1.948503286517632e-94,1.0000000000000022,0.0,0.0
1.7897242759014296e-94,1.0000000000000022,0.0,0.0
1.6438837983565862e-94,1.0000000000000022,0.0,0.0
1.5099275228516324e-94,1.0000000000000022,0.0,0.0
1.3868870333438996e-94,1.0000000000000022,0.0,0.0
1.2738728277664785e-94,1.0000000000000022,0.0,0.0
1.1700678875114829e-94,1.0000000000000022,0.0,0.0
1.074721770921198e-94,1.0000000000000022,0.0,0.0
9.87145188086927e-95,1.0000000000000022,0.0,0.0
9.067050177348875e-95,1.0000000000000022,0.0,0.0
8.328197301745121e-95,1.0000000000000022,0.0,0.0
7.649551832200695e-95,1.0000000000000022,0.0,0.0
7.026207606928743e-95,1.0000000000000022,0.0,0.0
6.453658255879914e-95,1.0000000000000022,0.0,0.0
5.927764622641524e-95,1.0000000000000022,0.0,0.0
5.444724841050562e-95,1.0000000000000022,0.0,0.0
5.001046850194042e-95,1.0000000000000022,0.0,0.0
4.5935231490981965e-95,1.0000000000000022,0.0,0.0
4.219207608599449e-95,1.0000000000000022,0.0,0.0
3.8753941727622126e-95,1.0000000000000022,0.0,0.0
3.559597295868717e-95,1.0000000000000022,0.0,0.0
3.26953397355313e-95,1.0000000000000022,0.0,0.0
3.003107238176859e-95,1.0000000000000022,0.0,0.0
2.7583909991274144e-95,1.0000000000000022,0.0,0.0
2.533616118446131e-95,1.0000000000000022,0.0,0.0
2.327157621120677e-95,1.0000000000000022,0.0,0.0
2.1375229475811348e-95,1.0000000000000022,0.0,0.0
1.96334116347292e-95,1.0000000000000022,0.0,0.0
1.8033530487002567e-95,1.0000000000000022,0.0,0.0
1.656401994090502e-95,1.0000000000000022,0.0,0.0
1.5214256398681635e-95,1.0000000000000022,0.0,0.0
1.3974481954902663e-95,1.0000000000000022,0.0,0.0
1.2835733853205098e-95,1.0000000000000022,0.0,0.0
1.1789779691440662e-95,1.0000000000000022,0.0,0.0
1.0829057906805888e-95,1.0000000000000022,0.0,0.0
9.94662311070084e-96,1.0000000000000022,0.0,0.0
9.136095878123323e-96,1.0000000000000022,0.0,0.0
8.391616628608822e-96,1.0000000000000022,0.0,0.0
7.707803265305611e-96,1.0000000000000022,0.0,0.0
7.079712265943325e-96,1.0000000000000022,0.0,0.0
6.502802944408186e-96,1.0000000000000022,0.0,0.0
5.9729046245595405e-96,1.0000000000000022,0.0,0.0
5.486186488975876e-96,1.0000000000000022,0.0,0.0
5.039129884656576e-96,1.0000000000000022,0.0,0.0
4.628502885467746e-96,1.0000000000000022,0.0,0.0
4.2513369274352925e-96,1.0000000000000022,0.0,0.0
3.904905347973754e-96,1.0000000000000022,0.0,0.0
3.5867036739035575e-96,1.0000000000000022,0.0,0.0
3.294431515752003e-96,1.0000000000000022,0.0,0.0
3.025975937445641e-96,1.0000000000000022,0.0,0.0
2.7793961811678182e-96,1.0000000000000022,0.0,0.0
2.552909636952136e-96,1.0000000000000022,0.0,0.0
2.3448789555811708e-96,1.0000000000000022,0.0,0.0
2.153800211625168e-96,1.0000000000000022,0.0,0.0
1.9782920310472458e-96,1.0000000000000022,0.0,0.0
1.8170856047748122e-96,1.0000000000000022,0.0,0.0
1.6690155160418732e-96,1.0000000000000022,0.0,0.0
1.5330113151899283e-96,1.0000000000000022,0.0,0.0
1.4080897810187834e-96,1.0000000000000022,0.0,0.0
1.2933478127419317e-96,1.0000000000000022,0.0,0.0
1.1879559011599878e-96,1.0000000000000022,0.0,0.0
1.0911521318530505e-96,1.0000000000000022,0.0,0.0
1.002236677039e-96,1.0000000000000022,0.0,0.0
9.205667362774796e-97,1.0000000000000022,0.0,0.0
8.455518894441679e-97,1.0000000000000022,0.0,0.0
7.766498283803921e-97,1.0000000000000022,0.0,0.0
7.13362436360709e-97,1.0000000000000022,0.0,0.0
6.552321870355729e-97,1.0000000000000022,0.0,0.0
6.018388368158081e-97,1.0000000000000022,0.0,0.0
5.527963867869944e-97,1.0000000000000022,0.0,0.0
5.07750292190399e-97,1.0000000000000022,0.0,0.0
4.6637489929682906e-97,1.0000000000000022,0.0,0.0
4.283710911436877e-97,1.0000000000000022,0.0,0.0
3.9346412511545135e-97,1.0000000000000022,0.0,0.0
3.6140164673469667e-97,1.0000000000000022,0.0,0.0
3.319518653046861e-97,1.0000000000000022,0.0,0.0
3.0490187821460584e-97,1.0000000000000022,0.0,0.0
2.8005613179328005e-97,1.0000000000000022,0.0,0.0
2.572350075843446e-97,1.0000000000000022,0.0,0.0
2.3627352382257526e-97,1.0000000000000022,0.0,0.0
2.1702014272389638e-97,1.0000000000000022,0.0,0.0
1.9933567496655884e-97,1.0000000000000022,0.0,0.0
1.8309227344360396e-97,1.0000000000000022,0.0,0.0
1.6817250901210395e-97,1.0000000000000022,0.0,0.0
1.5446852155745173e-97,1.0000000000000022,0.0,0.0
1.4188124023545135e-97,1.0000000000000022,0.0,0.0
1.3031966725507095e-97,1.0000000000000022,0.0,0.0
1.1970022002407668e-97,1.0000000000000022,0.0,0.0
1.0994612690169249e-97,1.0000000000000022,0.0,0.0
1.0098687218997293e-97,1.0000000000000022,0.0,0.0
9.275768635154108e-98,1.0000000000000022,0.0,0.0
8.519907776829996e-98,1.0000000000000022,0.0,0.0
7.825640265603956e-98,1.0000000000000022,0.0,0.0
7.187947002570464e-98,1.0000000000000022,0.0,0.0
6.602217883545184e-98,1.0000000000000022,0.0,0.0
6.064218471034356e-98,1.0000000000000022,0.0,0.0
5.570059382028056e-98,1.0000000000000022,0.0,0.0
5.1161681703111246e-98,1.0000000000000022,0.0,0.0
4.699263500019333e-98,1.0000000000000022,0.0,0.0
4.316331423732507e-98,1.0000000000000022,0.0,0.0
3.964603593610794e-98,1.0000000000000022,0.0,0.0
3.6415372480548684e-98,1.0000000000000022,0.0,0.0
3.344796829206738e-98,1.0000000000000022,0.0,0.0
3.072237098397759e-98,1.0000000000000022,0.0,0.0
2.8218876274795974e-98,1.0000000000000022,0.0,0.0
2.5919385539206398e-98,1.0000000000000022,0.0,0.0
2.3807274966865387e-98,1.0000000000000022,0.0,0.0
2.186727538315282e-98,1.0000000000000022,0.0,0.0
2.0085361863050772e-98,1.0000000000000022,0.0,0.0
1.844865234013114e-98,1.0000000000000022,0.0,0.0
1.694531447766159e-98,1.0000000000000022,0.0,0.0
1.5564480128568912e-98,1.0000000000000022,0.0,0.0
1.4296166765861453e-98,1.0000000000000022,0.0,0.0
1.3131205315504066e-98,1.0000000000000022,0.0,0.0
1.2061173870024599e-98,1.0000000000000022,0.0,0.0
1.1078336803644742e-98,1.0000000000000022,0.0,0.0
1.0175588848777559e-98,1.0000000000000022,0.0,0.0
9.34640372960145e-99,1.0000000000000022,0.0,0.0
8.584786981364945e-99,1.0000000000000022,0.0,0.0
7.885232614336863e-99,1.0000000000000022,0.0,0.0
7.242683309110587e-99,1.0000000000000022,0.0,0.0
6.652493855500622e-99,1.0000000000000022,0.0,0.0
6.110397570718608e-99,1.0000000000000022,0.0,0.0
5.612475454054234e-99,1.0000000000000022,0.0,0.0
5.155127855069628e-99,1.0000000000000022,0.0,0.0
4.735048450486815e-99,1.0000000000000022,0.0,0.0
4.349200341638232e-99,1.0000000000000022,0.0,0.0
3.994794099680518e-99,1.0000000000000022,0.0,0.0
3.669267599852889e-99,1.0000000000000022,0.0,0.0
3.370267498994985e-99,1.0000000000000022,0.0,0.0
3.095632222418805e-99,1.0000000000000022,0.0,0.0
2.8433763371409606e-99,1.0000000000000022,0.0,0.0
2.6116761985039725e-99,1.0000000000000022,0.0,0.0
2.3988567664210732e-99,1.0000000000000022,0.0,0.0
2.203379495934635e-99,1.0000000000000022,0.0,0.0
2.023831214544881e-99,1.0000000000000022,0.0,0.0
1.858913905899266e-99,1.0000000000000022,0.0,0.0
1.7074353259853006e-99,1.0000000000000022,0.0,0.0
1.5683003839880416e-99,1.0000000000000022,0.0,0.0
1.4405032255015049e-99,1.0000000000000022,0.0,0.0
1.3231199608608025e-99,1.0000000000000022,0.0,0.0
1.215301986025621e-99,1.0000000000000022,0.0,0.0
1.1162698477294005e-99,1.0000000000000022,0.0,0.0
1.0253076085432726e-99,1.0000000000000022,0.0,0.0
9.417576711178567e-100,1.0000000000000022,0.0,0.0
8.650160241855823e-100,1.0000000000000022,0.0,0.0
7.945278759552484e-100,1.0000000000000022,0.0,0.0
7.297836433311246e-100,1.0000000000000022,0.0,0.0
6.703152679612815e-100,1.0000000000000022,0.0,0.0
6.156928324825904e-100,1.0000000000000022,0.0,0.0
5.655214525000664e-100,1.0000000000000022,0.0,0.0
5.194384218316007e-100,1.0000000000000022,0.0,0.0
4.771105903800745e-100,1.0000000000000022,0.0,0.0
4.3823195567658873e-100,1.0000000000000022,0.0,0.0
4.025214506832462e-100,1.0000000000000022,0.0,0.0
3.697209118627509e-100,1.0000000000000022,0.0,0.0
3.395932128252997e-100,1.0000000000000022,0.0,0.0
3.119205500602577e-100,1.0000000000000022,0.0,0.0
2.865028683595801e-100,1.0000000000000022,0.0,0.0
2.6315641454982584e-100,1.0000000000000022,0.0,0.0
2.417124090771923e-100,1.0000000000000022,0.0,0.0
2.2201582584200252e-100,1.0000000000000022,0.0,0.0
2.0392427146164852e-100,1.0000000000000022,0.0,0.0
1.8730695585979597e-100,1.0000000000000022,0.0,0.0
1.7204374673988568e-100,1.0000000000000022,0.0,0.0
1.580243011073949e-100,1.0000000000000022,0.0,0.0
1.4514726756233396e-100,1.0000000000000022,0.0,0.0
1.3331955359507601e-100,1.0000000000000022,0.0,0.0
1.2245565258854907e-100,1.0000000000000022,0.0,0.0
1.1247702566145753e-100,1.0000000000000022,0.0,0.0
1.0331153388366482e-100,1.0000000000000022,0.0,0.0
9.489291675902691e-101,1.0000000000000022,0.0,0.0
8.716031320544927e-101,1.0000000000000022,0.0,0.0
8.005782156916721e-101,1.0000000000000022,0.0,0.0
7.353409549244149e-101,1.0000000000000022,0.0,0.0
6.754197271305734e-101,1.0000000000000022,0.0,0.0
6.203813411209087e-101,1.0000000000000022,0.0,0.0
5.698279054508173e-101,1.0000000000000022,0.0,0.0
5.2339395192606665e-101,1.0000000000000022,0.0,0.0
4.8074379350737157e-101,1.0000000000000022,0.0,0.0
4.4156909751319595e-101,1.0000000000000022,0.0,0.0
4.055866565766252e-101,1.0000000000000022,0.0,0.0
3.725363412417902e-101,1.0000000000000022,0.0,0.0
3.421792193984568e-101,1.0000000000000022,0.0,0.0
3.1429582895952574e-101,1.0000000000000022,0.0,0.0
2.8868459129403513e-101,1.0000000000000022,0.0,0.0
2.6516035394582427e-101,1.0000000000000022,0.0,0.0
2.4355305210267236e-101,1.0000000000000022,0.0,0.0
2.2370647913920982e-101,1.0000000000000022,0.0,0.0
2.0547715734543492e-101,1.0000000000000022,0.0,0.0
1.8873330067694235e-101,1.0000000000000022,0.0,0.0
1.7335386202822855e-101,1.0000000000000022,0.0,0.0
1.5922765814148405e-101,1.0000000000000022,0.0,0.0
1.4625256582453765e-101,1.0000000000000022,0.0,0.0
1.3433478366713457e-101,1.0000000000000022,0.0,0.0
1.233881539182418e-101,1.0000000000000022,0.0,0.0
1.1333353962199805e-101,1.0000000000000022,0.0,0.0
1.0409825250940933e-101,1.0000000000000022,0.0,0.0
9.561552750982282e-102,1.0000000000000022,0.0,0.0
8.782404008324076e-102,1.0000000000000022,0.0,0.0
8.066746288410424e-102,1.0000000000000022,0.0,0.0
7.409405855151606e-102,1.0000000000000022,0.0,0.0
6.8056305682043426e-102,1.0000000000000022,0.0,0.0
6.251055528112877e-102,1.0000000000000022,0.0,0.0
5.7416715209477835e-102,1.0000000000000022,0.0,0.0
5.2737960343179255e-102,1.0000000000000022,0.0,0.0
4.844046635220324e-102,1.0000000000000022,0.0,0.0
4.449316517267265e-102,1.0000000000000022,0.0,0.0
4.086752040513107e-102,1.0000000000000022,0.0,0.0
3.753732101508479e-102,1.0000000000000022,0.0,0.0
3.4478491844408922e-102,1.0000000000000022,0.0,0.0
3.1668919563739065e-102,1.0000000000000022,0.0,0.0
2.9088292807598827e-102,1.0000000000000022,0.0,0.0
2.671795533654466e-102,1.0000000000000022,0.0,0.0
2.454077116478675e-102,1.0000000000000022,0.0,0.0
2.2541000678247104e-102,1.0000000000000022,0.0,0.0
2.0704186847469493e-102,1.0000000000000022,0.0,0.0
1.9017050712775345e-102,1.0000000000000022,0.0,0.0
1.746739538609171e-102,1.0000000000000022,0.0,0.0
1.6044017875447432e-102,1.0000000000000022,0.0,0.0
1.4736628094686516e-102,1.0000000000000022,0.0,0.0
1.3535774472891979e-102,1.0000000000000022,0.0,0.0
1.2432775625725094e-102,1.0000000000000022,0.0,0.0
1.1419657594708623e-102,1.0000000000000022,0.0,0.0
1.0489096200735203e-102,1.0000000000000022,0.0,0.0
9.634364095054541e-103,1.0000000000000022,0.0,0.0
8.849282124952778e-103,1.0000000000000022,0.0,0.0
8.128174662529756e-103,1.0000000000000022,0.0,0.0
7.465828573630572e-103,1.0000000000000022,0.0,0.0
6.857455530303652e-103,1.0000000000000022,0.0,0.0
6.298657394329163e-103,1.0000000000000022,0.0,0.0
5.785394421563342e-103,1.0000000000000022,0.0,0.0
5.313956057237025e-103,1.0000000000000022,0.0,0.0
4.880934111077513e-103,1.0000000000000022,0.0,0.0
4.483198118327496e-103,1.0000000000000022,0.0,0.0
4.117872708537371e-103,1.0000000000000022,0.0,0.0
3.7823168185221403e-103,1.0000000000000022,0.0,0.0
3.474104599206218e-103,1.0000000000000022,0.0,0.0
3.1910078783251314e-103,1.0000000000000022,0.0,0.0
2.930980052200966e-103,1.0000000000000022,0.0,0.0
2.6921412901396405e-103,1.0000000000000022,0.0,0.0
2.472764944487513e-103,1.0000000000000022,0.0,0.0
2.271265068100929e-103,1.0000000000000022,0.0,0.0
2.08618494898821e-103,1.0000000000000022,0.0,0.0
1.9161865792370574e-103,1.0000000000000022,0.0,0.0
1.7600409820946157e-103,1.0000000000000022,0.0,0.0
1.616619327271339e-103,1.0000000000000022,0.0,0.0
1.4848847702381188e-103,1.0000000000000022,0.0,0.0
1.3638849565201541e-103,1.0000000000000022,0.0,0.0
1.2527451367985142e-103,1.0000000000000022,0.0,0.0
1.1506618430460984e-103,1.0000000000000022,0.0,0.0
1.0568970799805975e-103,1.0000000000000022,0.0,0.0
9.707729898424748e-104,1.0000000000000022,0.0,0.0
8.91666951927806e-104,1.0000000000000022,0.0,0.0
8.190070814488137e-104,1.0000000000000022,0.0,0.0
7.522680951818129e-104,1.0000000000000022,0.0,0.0
6.909675140139081e-104,1.0000000000000022,0.0,0.0
6.346621749353473e-104,1.0000000000000022,0.0,0.0
5.829450272615244e-104,1.0000000000000022,0.0,0.0
5.354421899234143e-104,1.0000000000000022,0.0,0.0
4.918102485525814e-104,1.0000000000000022,0.0,0.0
4.5173377282045755e-104,1.0000000000000022,0.0,0.0
4.1492303608388007e-104,1.0000000000000022,0.0,0.0
3.8111192085142286e-104,1.0000000000000022,0.0,0.0
3.500559949284148e-104,1.0000000000000022,0.0,0.0
3.215307443324358e-104,1.0000000000000022,0.0,0.0
2.9532995020442787e-104,1.0000000000000022,0.0,0.0
2.7126419798155268e-104,1.0000000000000022,0.0,0.0
2.491595080540929e-104,1.0000000000000022,0.0,0.0
2.2885607800694497e-104,1.0000000000000022,0.0,0.0
2.1020712735293318e-104,1.0000000000000022,0.0,0.0
1.9307783640612483e-104,1.0000000000000022,0.0,0.0
1.773443716238964e-104,1.0000000000000022,0.0,0.0
1.6289299037161255e-104,1.0000000000000022,0.0,0.0
1.4961921863795364e-104,1.0000000000000022,0.0,0.0
1.3742709575631303e-104,1.0000000000000022,0.0,0.0
1.2622848067209464e-104,1.0000000000000022,0.0,0.0
1.1594241474067839e-104,1.0000000000000022,0.0,0.0
1.064945364495007e-104,1.0000000000000022,0.0,0.0
9.781654383307418e-105,1.0000000000000022,0.0,0.0
8.984570069455975e-105,1.0000000000000022,0.0,0.0
8.252438306419683e-105,1.0000000000000022,0.0,0.0
7.57996626157835e-105,1.0000000000000022,0.0,0.0
6.96229240295809e-105,1.0000000000000022,0.0,0.0
6.394951353542629e-105,1.0000000000000022,0.0,0.0
5.87384160952524e-105,1.0000000000000022,0.0,0.0
5.395195889125394e-105,1.0000000000000022,0.0,0.0
4.9555538976115246e-105,1.0000000000000022,0.0,0.0
4.551737311638881e-105,1.0000000000000022,0.0,0.0
4.180826802055641e-105,1.0000000000000022,0.0,0.0
3.840140929067204e-105,1.0000000000000022,0.0,0.0
3.527216757184594e-105,1.0000000000000022,0.0,0.0
3.2397920498156992e-105,1.0000000000000022,0.0,0.0
2.9757889147779696e-105,1.0000000000000022,0.0,0.0
2.733298782500313e-105,1.0000000000000022,0.0,0.0
2.5105686083164664e-105,1.0000000000000022,0.0,0.0
2.3059881991014484e-105,1.0000000000000022,0.0,0.0
2.1180785726310015e-105,1.0000000000000022,0.0,0.0
1.945481265509813e-105,1.0000000000000022,0.0,0.0
1.786948512371852e-105,1.0000000000000022,0.0,0.0
1.6413342253548767e-105,1.0000000000000022,0.0,0.0
1.5075857086366321e-105,1.0000000000000022,0.0,0.0
1.3847360481342583e-105,1.0000000000000022,0.0,0.0
1.2718971213494365e-105,1.0000000000000022,0.0,0.0
1.1682531768250289e-105,1.0000000000000022,0.0,0.0
1.073054936796895e-105,1.0000000000000022,0.0,0.0
9.856141804069258e-106,1.0000000000000022,0.0,0.0
9.052987683174758e-106,1.0000000000000022,0.0,0.0
8.315280727584182e-106,1.0000000000000022,0.0,0.0
7.637687799690578e-106,1.0000000000000022,0.0,0.0
7.015310346893124e-106,1.0000000000000022,0.0,0.0
6.443648988273589e-106,1.0000000000000022,0.0,0.0
5.918570987022336e-106,1.0000000000000022,0.0,0.0
5.436280373460848e-106,1.0000000000000022,0.0,0.0
4.993290502669792e-106,1.0000000000000022,0.0,0.0
4.586398848332305e-106,1.0000000000000022,0.0,0.0
4.212663850568469e-106,1.0000000000000022,0.0,0.0
3.8693836503860355e-106,1.0000000000000022,0.0,0.0
3.5540765570113976e-106,1.0000000000000022,0.0,0.0
3.264463106892435e-106,1.0000000000000022,0.0,0.0
2.998449584671576e-106,1.0000000000000022,0.0,0.0
2.7541128869965175e-106,1.0000000000000022,0.0,0.0
2.5296866197438846e-106,1.0000000000000022,0.0,0.0
2.323548328147862e-106,1.0000000000000022,0.0,0.0
2.134207767516013e-106,1.0000000000000022,0.0,0.0
1.9602961297372384e-106,1.0000000000000022,0.0,0.0
1.800556147696601e-106,1.0000000000000022,0.0,0.0
1.65383300605842e-106,1.0000000000000022,0.0,0.0
1.519065992708556e-106,1.0000000000000022,0.0,0.0
1.395280830501286e-106,1.0000000000000022,0.0,0.0
1.2815826338743323e-106,1.0000000000000022,0.0,0.0
1.1771494394129835e-106,1.0000000000000022,0.0,0.0
1.0812262635935315e-106,1.0000000000000022,0.0,0.0
9.931196447474048e-107,1.0000000000000022,0.0,0.0
9.121926297879766e-107,1.0000000000000022,0.0,0.0
8.37860169457371e-107,1.0000000000000022,0.0,0.0
7.69584888803919e-107,1.0000000000000022,0.0,0.0
7.068732023135915e-107,1.0000000000000022,0.0,0.0
6.492717456103553e-107,1.0000000000000022,0.0,0.0
5.963640979289851e-107,1.0000000000000022,0.0,0.0
5.477677716659596e-107,1.0000000000000022,0.0,0.0
5.031314472448687e-107,1.0000000000000022,0.0,0.0
4.6213243330622047e-107,1.0000000000000022,0.0,0.0
4.244743338604868e-107,1.0000000000000022,0.0,0.0
3.898849055394329e-107,1.0000000000000022,0.0,0.0
3.5811408945506267e-107,1.0000000000000022,0.0,0.0
3.2893220343781135e-107,1.0000000000000022,0.0,0.0
3.0212828158505216e-107,1.0000000000000022,0.0,0.0
2.7750854911594096e-107,1.0000000000000022,0.0,0.0
2.5489502150680072e-107,1.0000000000000022,0.0,0.0
2.341242177797118e-107,1.0000000000000022,0.0,0.0
2.150459786422288e-107,1.0000000000000022,0.0,0.0
1.975223809341491e-107,1.0000000000000022,0.0,0.0
1.8142674053349482e-107,1.0000000000000022,0.0,0.0
1.6664269651337195e-107,1.0000000000000022,0.0,0.0
1.530633699287617e-107,1.0000000000000022,0.0,0.0
1.4059059115182396e-107,1.0000000000000022,0.0,0.0
1.291341901698533e-107,1.0000000000000022,0.0,0.0
1.1861134471520782e-107,1.0000000000000022,0.0,0.0
1.0894598151461688e-107,1.0000000000000022,0.0,0.0
1.000682263292933e-107,1.0000000000000022,0.0,0.0
9.191389881000038e-108,1.0000000000000022,0.0,0.0
8.442404851520718e-108,1.0000000000000022,0.0,0.0
7.75445287380474e-108,1.0000000000000022,0.0,0.0
7.122560506113041e-108,1.0000000000000022,0.0,0.0
6.5421595809312126e-108,1.0000000000000022,0.0,0.0
6.009054180113524e-108,1.0000000000000022,0.0,0.0
5.519390301145801e-108,1.0000000000000022,0.0,0.0
5.0696279952341525e-108,1.0000000000000022,0.0,0.0
4.656515775796181e-108,1.0000000000000022,0.0,0.0
4.277067112344842e-108,1.0000000000000022,0.0,0.0
3.928538839831166e-108,1.0000000000000022,0.0,0.0
3.6084113273595194e-108,1.0000000000000022,0.0,0.0
3.31437026290825e-108,1.0000000000000022,0.0,0.0
3.0442899223711534e-108,1.0000000000000022,0.0,0.0
2.796217801965934e-108,1.0000000000000022,0.0,0.0
2.56836050291203e-108,1.0000000000000022,0.0,0.0
2.3590707663332795e-108,1.0000000000000022,0.0,0.0
2.1668355646562845e-108,1.0000000000000022,0.0,0.0
1.990265163413078e-108,1.0000000000000022,0.0,0.0
1.8280830743721092e-108,1.0000000000000022,0.0,0.0
1.6791168273652671e-108,1.0000000000000022,0.0,0.0
1.5422894940973016e-108,1.0000000000000022,0.0,0.0
1.4166119026603435e-108,1.0000000000000022,0.0,0.0
1.3011754864695668e-108,1.0000000000000022,0.0,0.0
1.195145715922488e-108,1.0000000000000022,0.0,0.0
1.0977560652971035e-108,1.0000000000000022,0.0,0.0
1.008302471273498e-108,1.0000000000000022,0.0,0.0
9.261382430176637e-109,1.0000000000000022,0.0,0.0
8.506693870307781e-109,1.0000000000000022,0.0,0.0
7.813503129656617e-109,1.0000000000000022,0.0,0.0
7.176798893662888e-109,1.0000000000000022,0.0,0.0
6.591978208159293e-109,1.0000000000000022,0.0,0.0
6.054813203030815e-109,1.0000000000000022,0.0,0.0
5.561420527485819e-109,1.0000000000000022,0.0,0.0
5.108233275975969e-109,1.0000000000000022,0.0,0.0
4.691975201807775e-109,1.0000000000000022,0.0,0.0
4.3096370320270925e-109,1.0000000000000022,0.0,0.0
3.9584547123487127e-109,1.0000000000000022,0.0,0.0
3.635889424856145e-109,1.0000000000000022,0.0,0.0
3.339609234012675e-109,1.0000000000000022,0.0,0.0
3.0674722282963816e-109,1.0000000000000022,0.0,0.0
2.8175110355841873e-109,1.0000000000000022,0.0,0.0
2.5879186003413325e-109,1.0000000000000022,0.0,0.0
2.3770351197946626e-109,1.0000000000000022,0.0,0.0
2.1833360446468376e-109,1.0000000000000022,0.0,0.0
2.0054210575844943e-109,1.0000000000000022,0.0,0.0
1.8420039499021959e-109,1.0000000000000022,0.0,0.0
1.6919033230568015e-109,1.0000000000000022,0.0,0.0
1.5540340479305912e-109,1.0000000000000022,0.0,0.0
1.4273994200592163e-109,1.0000000000000022,0.0,0.0
1.3110839541119163e-109,1.0000000000000022,0.0,0.0
1.2042467655328222e-109,1.0000000000000022,0.0,0.0
1.1061154914969481e-109,1.0000000000000022,0.0,0.0
1.0159807072333698e-109,1.0000000000000022,0.0,0.0
9.331907973492714e-110,1.0000000000000022,0.0,0.0
8.571472450778898e-110,1.0000000000000022,0.0,0.0
7.87300305394712e-110,1.0000000000000022,0.0,0.0
7.231450307213915e-110,1.0000000000000022,0.0,0.0
6.642176204858291e-110,1.0000000000000022,0.0,0.0
6.100920681481303e-110,1.0000000000000022,0.0,0.0
5.603770814526351e-110,1.0000000000000022,0.0,0.0
5.1471325364146283e-110,1.0000000000000022,0.0,0.0
4.727704651793001e-110,1.0000000000000022,0.0,0.0
4.3424549720560513e-110,1.0000000000000022,0.0,0.0
3.988598394610536e-110,1.0000000000000022,0.0,0.0
3.6635767684097e-110,1.0000000000000022,0.0,0.0
3.3650404001984823e-110,1.0000000000000022,0.0,0.0
3.090831067771867e-110,1.0000000000000022,0.0,0.0
2.8389664174433977e-110,1.0000000000000022,0.0,0.0
2.60762563292776e-110,1.0000000000000022,0.0,0.0
2.395136272032873e-110,1.0000000000000022,0.0,0.0
2.1999621759993852e-110,1.0000000000000022,0.0,0.0
2.0206923640800357e-110,1.0000000000000022,0.0,0.0
1.8560308330739705e-110,1.0000000000000022,0.0,0.0
1.7047871880733315e-110,1.0000000000000022,0.0,0.0
1.5658680366885633e-110,1.0000000000000022,0.0,0.0
1.4382690845383248e-110,1.0000000000000022,0.0,0.0
1.3210678748595852e-110,1.0000000000000022,0.0,0.0
1.2134171197500398e-110,1.0000000000000022,0.0,0.0
1.114538574832107e-110,1.0000000000000022,0.0,0.0
1.0237174130563386e-110,1.0000000000000022,0.0,0.0
9.402970569705327e-111,1.0000000000000022,0.0,0.0
8.63674432095244e-111,1.0000000000000022,0.0,0.0
7.93295607090705e-111,1.0000000000000022,0.0,0.0
7.286517891964302e-111,1.0000000000000022,0.0,0.0
6.69275645993149e-111,1.0000000000000022,0.0,0.0
6.147379268958247e-111,1.0000000000000022,0.0,0.0
5.646443599533646e-111,1.0000000000000022,0.0,0.0
5.186328015209211e-111,1.0000000000000022,0.0,0.0
4.763706181987808e-111,1.0000000000000022,0.0,0.0
4.375522821109773e-111,1.0000000000000022,0.0,0.0
4.018971621390697e-111,1.0000000000000022,0.0,0.0
3.6914749514315335e-111,1.0000000000000022,0.0,0.0
3.390665225033626e-111,1.0000000000000022,0.0,0.0
3.11436778510281e-111,1.0000000000000022,0.0,0.0
2.860585182304453e-111,1.0000000000000022,0.0,0.0
2.627482734814401e-111,1.0000000000000022,0.0,0.0
2.4133752647723123e-111,1.0000000000000022,0.0,0.0
2.216714915550625e-111,1.0000000000000022,0.0,0.0
2.0360799617659975e-111,1.0000000000000022,0.0,0.0
1.8701645311369536e-111,1.0000000000000022,0.0,0.0
1.717769163883488e-111,1.0000000000000022,0.0,0.0
1.5777921414192902e-111,1.0000000000000022,0.0,0.0
1.4492215216487152e-111,1.0000000000000022,0.0,0.0
1.3311278232889163e-111,1.0000000000000022,0.0,0.0
1.2226573063295902e-111,1.0000000000000022,0.0,0.0
1.1230258000524636e-111,1.0000000000000022,0.0,0.0
1.0315130339911445e-111,1.0000000000000022,0.0,0.0
9.474574308479012e-112,1.0000000000000022,0.0,0.0
8.702513237235665e-112,1.0000000000000022,0.0,0.0
7.993365630842763e-112,1.0000000000000022,0.0,0.0
7.342004817062947e-112,1.0000000000000022,0.0,0.0
6.743721884281197e-112,1.0000000000000022,0.0,0.0
6.194191639161278e-112,1.0000000000000022,0.0,0.0
5.68944133833376e-112,1.0000000000000022,0.0,0.0
5.2258219680662095e-112,1.0000000000000022,0.0,0.0
4.7999818642864e-112,1.0000000000000022,0.0,0.0
4.40884248224861e-112,1.0000000000000022,0.0,0.0
4.0495761406735776e-112,1.0000000000000022,0.0,0.0
3.7195855794668386e-112,1.0000000000000022,0.0,0.0
3.4164851832311486e-112,1.0000000000000022,0.0,0.0
3.1380837348313088e-112,1.0000000000000022,0.0,0.0
2.8823685743309603e-112,1.0000000000000022,0.0,0.0
2.647491048780858e-112,1.0000000000000022,0.0,0.0
2.4317531476701263e-112,1.0000000000000022,0.0,0.0
2.2335952274235775e-112,1.0000000000000022,0.0,0.0
2.0515847362012535e-112,1.0000000000000022,0.0,0.0
1.8844058574878817e-112,1.0000000000000022,0.0,0.0
1.7308499976021946e-112,1.0000000000000022,0.0,0.0
1.589807048357035e-112,1.0000000000000022,0.0,0.0
1.4602573617050126e-112,1.0000000000000022,0.0,0.0
1.3412643783516586e-112,1.0000000000000022,0.0,0.0
1.2319678570457887e-112,1.0000000000000022,0.0,0.0
1.131577655599278e-112,1.0000000000000022,0.0,0.0
1.039368018677103e-112,1.0000000000000022,0.0,0.0
9.546723310621159e-113,1.0000000000000022,0.0,0.0
8.768782984640937e-113,1.0000000000000022,0.0,0.0
8.054235210334741e-113,1.0000000000000022,0.0,0.0
7.397914275791858e-113,1.0000000000000022,0.0,0.0
6.795075410976281e-113,1.0000000000000022,0.0,0.0
6.241360486150293e-113,1.0000000000000022,0.0,0.0
5.732766505453903e-113,1.0000000000000022,0.0,0.0
5.265616667869351e-113,1.0000000000000022,0.0,0.0
4.836533786360486e-113,1.0000000000000022,0.0,0.0
4.442415873024749e-113,1.0000000000000022,0.0,0.0
4.080413713754488e-113,1.0000000000000022,0.0,0.0
3.747910270287056e-113,1.0000000000000022,0.0,0.0
3.442501760734051e-113,1.0000000000000022,0.0,0.0
3.161980281814317e-113,1.0000000000000022,0.0,0.0
2.9043178471608483e-113,1.0000000000000022,0.0,0.0
2.667651726309014e-113,1.0000000000000022,0.0,0.0
2.4502709783766102e-113,1.0000000000000022,0.0,0.0
2.2506040830830712e-113,1.0000000000000022,0.0,0.0
2.067207579688217e-113,1.0000000000000022,0.0,0.0
1.8987556317175155e-113,1.0000000000000022,0.0,0.0
1.7440304420336637e-113,1.0000000000000022,0.0,0.0
1.6019134489617417e-113,1.0000000000000022,0.0,0.0
1.4713772398216953e-113,1.0000000000000022,0.0,0.0
1.351478123408286e-113,1.0000000000000022,0.0,0.0
1.2413493077224177e-113,1.0000000000000022,0.0,0.0
1.1401946336332961e-113,1.0000000000000022,0.0,0.0
1.0472828191699235e-113,1.0000000000000022,0.0,0.0
9.619421728319152e-114,1.0000000000000022,0.0,0.0
8.835557377003523e-114,1.0000000000000022,0.0,0.0
8.115568312437677e-114,1.0000000000000022,0.0,0.0
7.45424948574993e-114,1.0000000000000022,0.0,0.0
6.84681999542097e-114,1.0000000000000022,0.0,0.0
6.28888852450049e-114,1.0000000000000022,0.0,0.0
5.7764215942648336e-114,1.0000000000000022,0.0,0.0
5.3057144048104025e-114,1.0000000000000022,0.0,0.0
4.873364051779419e-114,1.0000000000000022,0.0,0.0
4.47624492559256e-114,1.0000000000000022,0.0,0.0
4.1114861153410224e-114,1.0000000000000022,0.0,0.0
3.776450653982978e-114,1.0000000000000022,0.0,0.0
3.468716454800809e-114,1.0000000000000022,0.0,0.0
3.186058801302194e-114,1.0000000000000022,0.0,0.0
2.9264342639785157e-114,1.0000000000000022,0.0,0.0
2.6879659276493025e-114,1.0000000000000022,0.0,0.0
2.4689298225960833e-114,1.0000000000000022,0.0,0.0
2.267742461391653e-114,1.0000000000000022,0.0,0.0
2.0829493913241985e-114,1.0000000000000022,0.0,0.0
1.9132146796578115e-114,1.0000000000000022,0.0,0.0
1.757311255714722e-114,1.0000000000000022,0.0,0.0
1.6141120399588314e-114,1.0000000000000022,0.0,0.0
1.482581795949646e-114,1.0000000000000022,0.0,0.0
1.3617696462615696e-114,1.0000000000000022,0.0,0.0
1.250802198263564e-114,1.0000000000000022,0.0,0.0
1.1488772300630742e-114,1.0000000000000022,0.0,0.0
1.0552578909677244e-114,1.0000000000000022,0.0,0.0
9.692673745379335e-115,1.0000000000000022,0.0,0.0
8.902840257201103e-115,1.0000000000000022,0.0,0.0
8.177368466882059e-115,1.0000000000000022,0.0,0.0
7.511013689038108e-115,1.0000000000000022,0.0,0.0
6.898958615524927e-115,1.0000000000000022,0.0,0.0
6.336778489458581e-115,1.0000000000000022,0.0,0.0
5.820409117124364e-115,1.0000000000000022,0.0,0.0
5.346117486520965e-115,1.0000000000000022,0.0,0.0
4.910474780131259e-115,1.0000000000000022,0.0,0.0
4.51033158681979e-115,1.0000000000000022,0.0,0.0
4.142795133655193e-115,1.0000000000000022,0.0,0.0
3.805208373058555e-115,1.0000000000000022,0.0,0.0
3.4951307740915393e-115,1.0000000000000022,0.0,0.0
3.210320679017843e-115,1.0000000000000022,0.0,0.0
2.9487190975875234e-115,1.0000000000000022,0.0,0.0
2.708434821887477e-115,1.0000000000000022,0.0,0.0
2.4877307541482144e-115,1.0000000000000022,0.0,0.0
2.2850113486659193e-115,1.0000000000000022,0.0,0.0
2.0988110770531435e-115,1.0000000000000022,0.0,0.0
1.927783833429447e-115,1.0000000000000022,0.0,0.0
1.7706932029584637e-115,1.0000000000000022,0.0,0.0
1.6264035233792985e-115,1.0000000000000022,0.0,0.0
1.493871674912984e-115,1.0000000000000022,0.0,0.0
1.3721395391904064e-115,1.0000000000000022,0.0,0.0
1.2603270726846933e-115,1.0000000000000022,0.0,0.0
1.1576259445735196e-115,1.0000000000000022,0.0,0.0
1.0632936930372496e-115,1.0000000000000022,0.0,0.0
9.766483577467798e-116,1.0000000000000022,0.0,0.0
8.970635497374916e-116,1.0000000000000022,0.0,0.0
8.239639230277326e-116,1.0000000000000022,0.0,0.0
7.56821015244598e-116,1.0000000000000022,0.0,0.0
6.95149427187464e-116,1.0000000000000022,0.0,0.0
6.385033137100226e-116,1.0000000000000022,0.0,0.0
5.864731605521944e-116,1.0000000000000022,0.0,0.0
5.386828238205288e-116,1.0000000000000022,0.0,0.0
4.947868107144756e-116,1.0000000000000022,0.0,0.0
4.544677818399612e-116,1.0000000000000022,0.0,0.0
4.174342570536348e-116,1.0000000000000022,0.0,0.0
3.8341850825254293e-116,1.0000000000000022,0.0,0.0
3.521746238754826e-116,1.0000000000000022,0.0,0.0
3.234767311236469e-116,1.0000000000000022,0.0,0.0
2.971173630483849e-116,1.0000000000000022,0.0,0.0
2.729059587011895e-116,1.0000000000000022,0.0,0.0
2.5066748550298225e-116,1.0000000000000022,0.0,0.0
2.3024117387332793e-116,1.0000000000000022,0.0,0.0
2.114793549717773e-116,1.0000000000000022,0.0,0.0
1.9424639314897072e-116,1.0000000000000022,0.0,0.0
1.7841770538982365e-116,1.0000000000000022,0.0,0.0
1.638788606600111e-116,1.0000000000000022,0.0,0.0
1.505247526446169e-116,1.0000000000000022,0.0,0.0
1.382588398983904e-116,1.0000000000000022,0.0,0.0
1.269924479143953e-116,1.0000000000000022,0.0,0.0
1.1664412806546449e-116,1.0000000000000022,0.0,0.0
1.0713906878402794e-116,1.0000000000000022,0.0,0.0
9.840855472352971e-117,1.0000000000000022,0.0,0.0
9.038946999152607e-117,1.0000000000000022,0.0,0.0
8.302384186316544e-117,1.0000000000000022,0.0,0.0
7.62584216763978e-117,1.0000000000000022,0.0,0.0
7.004429987906102e-117,1.0000000000000022,0.0,0.0
6.433655244488636e-117,1.0000000000000022,0.0,0.0
5.9093916102243455e-117,1.0000000000000022,0.0,0.0
5.427849002774081e-117,1.0000000000000022,0.0,0.0
4.9855461848122646e-117,1.0000000000000022,0.0,0.0
4.579285596963515e-117,1.0000000000000022,0.0,0.0
4.2061302415448656e-117,1.0000000000000022,0.0,0.0
3.863382449998178e-117,1.0000000000000022,0.0,0.0
3.548564380515204e-117,1.0000000000000022,0.0,0.0
3.2594001048659295e-117,1.0000000000000022,0.0,0.0
2.9937991549296946e-117,1.0000000000000022,0.0,0.0
2.7498414099813085e-117,1.0000000000000022,0.0,0.0
2.5257632154771473e-117,1.0000000000000022,0.0,0.0
2.319944632989152e-117,1.0000000000000022,0.0,0.0
2.1308977291121162e-117,1.0000000000000022,0.0,0.0
1.9572558186807412e-117,1.0000000000000022,0.0,0.0
1.7977635845319633e-117,1.0000000000000022,0.0,0.0
1.6512680023849224e-117,1.0000000000000022,0.0,0.0
1.5167100052313987e-117,1.0000000000000022,0.0,0.0
1.3931168269757266e-117,1.0000000000000022,0.0,0.0
1.2795949699737228e-117,1.0000000000000022,0.0,0.0
1.1753237456305462e-117,1.0000000000000022,0.0,0.0
1.0795493413602466e-117,1.0000000000000022,0.0,0.0
9.915793710150096e-118,1.0000000000000022,0.0,0.0
9.107778693872756e-118,1.0000000000000022,0.0,0.0
8.36560694598263e-118,1.0000000000000022,0.0,0.0
7.683913051351812e-118,1.0000000000000022,0.0,0.0
7.057768810078794e-118,1.0000000000000022,0.0,0.0
6.482647609834381e-118,1.0000000000000022,0.0,0.0
5.954391701422457e-118,1.0000000000000022,0.0,0.0
5.469182140979342e-118,1.0000000000000022,0.0,0.0
5.02351118151358e-118,1.0000000000000022,0.0,0.0
4.614156914195058e-118,1.0000000000000022,0.0,0.0
4.238159976066635e-118,1.0000000000000022,0.0,0.0
3.892802155790277e-118,1.0000000000000022,0.0,0.0
3.575586742761305e-118,1.0000000000000022,0.0,0.0
3.2842204775276988e-118,1.0000000000000022,0.0,0.0
3.0165969730278503e-118,1.0000000000000022,0.0,0.0
2.7707814867931757e-118,1.0000000000000022,0.0,0.0
2.544996934028589e-118,1.0000000000000022,0.0,0.0
2.3376110404545926e-118,1.0000000000000022,0.0,0.0
2.1471245420344456e-118,1.0000000000000022,0.0,0.0
1.9721603462781811e-118,1.0000000000000022,0.0,0.0
1.8114535767668006e-118,1.0000000000000022,0.0,0.0
1.66384242892509e-118,1.0000000000000022,0.0,0.0
1.5282597709362836e-118,1.0000000000000022,0.0,0.0
1.4037254290787025e-118,1.0000000000000022,0.0,0.0
1.2893391017124006e-118,1.0000000000000022,0.0,0.0
1.1842738506885986e-118,1.0000000000000022,0.0,0.0
1.0877701231290535e-118,1.0000000000000022,0.0,0.0
9.991302603567546e-119,1.0000000000000022,0.0,0.0
9.177134542811143e-119,1.0000000000000022,0.0,0.0
8.4293111477562e-119,1.0000000000000022,0.0,0.0
7.742426145571348e-119,1.0000000000000022,0.0,0.0
7.111513808051043e-119,1.0000000000000022,0.0,0.0
6.532013052656454e-119,1.0000000000000022,0.0,0.0
5.999734468879209e-119,1.0000000000000022,0.0,0.0
5.510830031550231e-119,1.0000000000000022,0.0,0.0
5.061765282140745e-119,1.0000000000000022,0.0,0.0
4.649293776944504e-119,1.0000000000000022,0.0,0.0
4.2704336174183444e-119,1.0000000000000022,0.0,0.0
3.922445893010819e-119,1.0000000000000022,0.0,0.0
3.6028148806346904e-119,1.0000000000000022,0.0,0.0
3.309229857638461e-119,1.0000000000000022,0.0,0.0
3.039568396796641e-119,1.0000000000000022,0.0,0.0
2.7918810225524923e-119,1.0000000000000022,0.0,0.0
2.564377117587934e-119,1.0000000000000022,0.0,0.0
2.3554119778343673e-119,1.0000000000000022,0.0,0.0
2.163474922340615e-119,1.0000000000000022,0.0,0.0
1.9871783720401341e-119,1.0000000000000022,0.0,0.0
1.8252478184641378e-119,1.0000000000000022,0.0,0.0
1.676512609881006e-119,1.0000000000000022,0.0,0.0
1.5398974882518104e-119,1.0000000000000022,0.0,0.0
1.4144148158196924e-119,1.0000000000000022,0.0,0.0
1.2991574351364308e-119,1.0000000000000022,0.0,0.0
1.1932921109088757e-119,1.0000000000000022,0.0,0.0
1.096053506254094e-119,1.0000000000000022,0.0,0.0
1.0067386498155031e-119,1.0000000000000022,0.0,0.0
9.247018537408712e-120,1.0000000000000022,0.0,0.0
8.493500457824938e-120,1.0000000000000022,0.0,0.0
7.801384817736945e-120,1.0000000000000022,0.0,0.0
7.165668074856653e-120,1.0000000000000022,0.0,0.0
6.581754413944514e-120,1.0000000000000022,0.0,0.0
6.0454225220786096e-120,1.0000000000000022,0.0,0.0
5.5527950713299585e-120,1.0000000000000022,0.0,0.0
5.100310688223778e-120,1.0000000000000022,0.0,0.0
4.684698207344297e-120,1.0000000000000022,0.0,0.0
4.302953022953563e-120,1.0000000000000022,0.0,0.0
3.95231536766194e-120,1.0000000000000022,0.0,0.0
3.6302503611193416e-120,1.0000000000000022,0.0,0.0
3.33442968449231e-120,1.0000000000000022,0.0,0.0
3.0627147482454243e-120,1.0000000000000022,0.0,0.0
2.8131412315411408e-120,1.0000000000000022,0.0,0.0
2.5839048814880533e-120,1.0000000000000022,0.0,0.0
2.3733484695754595e-120,1.0000000000000022,0.0,0.0
2.179949810997801e-120,1.0000000000000022,0.0,0.0
2.0023107602565454e-120,1.0000000000000022,0.0,0.0
1.839147103484939e-120,1.0000000000000022,0.0,0.0
1.689279274423748e-120,1.0000000000000022,0.0,0.0
1.5516238269305975e-120,1.0000000000000022,0.0,0.0
1.4251856023747282e-120,1.0000000000000022,0.0,0.0
1.3090505352925775e-120,1.0000000000000022,0.0,0.0
1.2023790452937923e-120,1.0000000000000022,0.0,0.0
1.1043999674454806e-120,1.0000000000000022,0.0,0.0
1.0144049772553664e-120,1.0000000000000022,0.0,0.0
9.31743469950128e-121,1.0000000000000022,0.0,0.0
8.55817857029459e-121,1.0000000000000022,0.0,0.0
7.86079246093025e-121,1.0000000000000022,0.0,0.0
7.220234727082922e-121,1.0000000000000022,0.0,0.0
6.631874556322389e-121,1.0000000000000022,0.0,0.0
6.091458490375914e-121,1.0000000000000022,0.0,0.0
5.595079675413726e-121,1.0000000000000022,0.0,0.0
5.139149618057378e-121,1.0000000000000022,0.0,0.0
4.720372242925452e-121,1.0000000000000022,0.0,0.0
4.33572006416963e-121,1.0000000000000022,0.0,0.0
3.982412298737004e-121,1.0000000000000022,0.0,0.0
3.657894763131843e-121,1.0000000000000022,0.0,0.0
3.3598214083435824e-121,1.0000000000000022,0.0,0.0
3.0860373594506776e-121,1.0000000000000022,0.0,0.0
2.8345633372877783e-121,1.0000000000000022,0.0,0.0
2.603581349555092e-121,1.0000000000000022,0.0,0.0
2.391421547926031e-121,1.0000000000000022,0.0,0.0
2.1965501561386573e-121,1.0000000000000022,0.0,0.0
2.0175583817989406e-121,1.0000000000000022,0.0,0.0
1.8531522317354294e-121,1.0000000000000022,0.0,0.0
1.7021431572770394e-121,1.0000000000000022,0.0,0.0
1.5634394618254372e-121,1.0000000000000022,0.0,0.0
1.4360384086044143e-121,1.0000000000000022,0.0,0.0
1.3190189715304439e-121,1.0000000000000022,0.0,0.0
1.2115351767979736e-121,1.0000000000000022,0.0,0.0
1.1128099870434799e-121,1.0000000000000022,0.0,0.0
1.0221296838747976e-121,1.0000000000000022,0.0,0.0
9.388387081550993e-122,1.0000000000000022,0.0,0.0
8.623349207401575e-122,1.0000000000000022,0.0,0.0
7.920652494071271e-122,1.0000000000000022,0.0,0.0
7.275216905049999e-122,1.0000000000000022,0.0,0.0
6.682376364212833e-122,1.0000000000000022,0.0,0.0
6.13784502314896e-122,1.0000000000000022,0.0,0.0
5.637686277287715e-122,1.0000000000000022,0.0,0.0
5.178284306828588e-122,1.0000000000000022,0.0,0.0
4.756317936734805e-122,1.0000000000000022,0.0,0.0
4.3687366268153584e-122,1.0000000000000022,0.0,0.0
4.012738418319531e-122,1.0000000000000022,0.0,0.0
3.68574967761225e-122,1.0000000000000022,0.0,0.0
3.38540649049032e-122,1.0000000000000022,0.0,0.0
3.109537572632655e-122,1.0000000000000022,0.0,0.0
2.8561485726382465e-122,1.0000000000000022,0.0,0.0
2.623407654173147e-122,1.0000000000000022,0.0,0.0
2.4096322529948252e-122,1.0000000000000022,0.0,0.0
2.2132769131158811e-122,1.0000000000000022,0.0,0.0
2.0329221141705408e-122,1.0000000000000022,0.0,0.0
1.8672640092131304e-122,1.0000000000000022,0.0,0.0
1.7151049987595333e-122,1.0000000000000022,0.0,0.0
1.5753450729281345e-122,1.0000000000000022,0.0,0.0
1.4469738590896017e-122,1.0000000000000022,0.0,0.0
1.329063317535236e-122,1.0000000000000022,0.0,0.0
1.2207610323583498e-122,1.0000000000000022,0.0,0.0
1.1212840490461543e-122,1.0000000000000022,0.0,0.0
1.0299132142319803e-122,1.0000000000000022,0.0,0.0
9.459879766879547e-123,1.0000000000000022,0.0,0.0
8.689016119727175e-123,1.0000000000000022,0.0,0.0
7.980968362115126e-123,1.0000000000000022,0.0,0.0
7.330617772991608e-123,1.0000000000000022,0.0,0.0
6.733262744003503e-123,1.0000000000000022,0.0,0.0
6.18458478995062e-123,1.0000000000000022,0.0,0.0
5.680617328969133e-123,1.0000000000000022,0.0,0.0
5.217717006745421e-123,1.0000000000000022,0.0,0.0
4.792537357453167e-123,1.0000000000000022,0.0,0.0
4.402004610999563e-123,1.0000000000000022,0.0,0.0
4.0432954716828784e-123,1.0000000000000022,0.0,0.0
3.713816707615642e-123,1.0000000000000022,0.0,0.0
3.411186403358365e-123,1.0000000000000022,0.0,0.0
3.1332167402326354e-123,1.0000000000000022,0.0,0.0
2.877898179826523e-123,1.0000000000000022,0.0,0.0
2.6433849363494302e-123,1.0000000000000022,0.0,0.0
2.4279816328110257e-123,1.0000000000000022,0.0,0.0
2.2301310445571894e-123,1.0000000000000022,0.0,0.0
2.048402841556766e-123,1.0000000000000022,0.0,0.0
1.8814832480532432e-123,1.0000000000000022,0.0,0.0
1.7281655448274193e-123,1.0000000000000022,0.0,0.0
1.5873413454086388e-123,1.0000000000000022,0.0,0.0
1.4579925831673314e-123,1.0000000000000022,0.0,0.0
1.3391841513607806e-123,1.0000000000000022,0.0,0.0
1.230057142924483e-123,1.0000000000000022,0.0,0.0
1.1298226411372186e-123,1.0000000000000022,0.0,0.0
1.0377560162704153e-123,1.0000000000000022,0.0,0.0
9.531916869903182e-124,1.0000000000000022,0.0,0.0
8.755183086413398e-124,1.0000000000000022,0.0,0.0
8.041743536250315e-124,1.0000000000000022,0.0,0.0
7.386440519237153e-124,1.0000000000000022,0.0,0.0
6.784536624214243e-124,1.0000000000000022,0.0,0.0
6.231680480662452e-124,1.0000000000000022,0.0,0.0
5.723875301147334e-124,1.0000000000000022,0.0,0.0
5.257449987166491e-124,1.0000000000000022,0.0,0.0
4.829032589514384e-124,1.0000000000000022,0.0,0.0
4.435525931300414e-124,1.0000000000000022,0.0,0.0
4.0740852173906826e-124,1.0000000000000022,0.0,0.0
3.7420974684043866e-124,1.0000000000000022,0.0,0.0
3.4371626305861044e-124,1.0000000000000022,0.0,0.0
3.1570762249907567e-124,1.0000000000000022,0.0,0.0
2.8998134105462136e-124,1.0000000000000022,0.0,0.0
2.6635143457799414e-124,1.0000000000000022,0.0,0.0
2.4464707433845733e-124,1.0000000000000022,0.0,0.0
2.2471135204207243e-124,1.0000000000000022,0.0,0.0
2.06400145487612e-124,1.0000000000000022,0.0,0.0
1.8958107665753912e-124,1.0000000000000022,0.0,0.0
1.741325547117353e-124,1.0000000000000022,0.0,0.0
1.5994289696544806e-124,1.0000000000000022,0.0,0.0
1.4690952149670556e-124,1.0000000000000022,0.0,0.0
1.3493820554627922e-124,1.0000000000000022,0.0,0.0
1.239424043489123e-124,1.0000000000000022,0.0,0.0
1.1384262547141052e-124,1.0000000000000022,0.0,0.0
1.0456585413446985e-124,1.0000000000000022,0.0,0.0
9.604502536369474e-125,1.0000000000000022,0.0,0.0
8.821853915380478e-125,1.0000000000000022,0.0,0.0
8.102981514098486e-125,1.0000000000000022,0.0,0.0
7.442688356395211e-125,1.0000000000000022,0.0,0.0
6.836200955665611e-125,1.0000000000000022,0.0,0.0
6.279134805649496e-125,1.0000000000000022,0.0,0.0
5.767462683325999e-125,1.0000000000000022,0.0,0.0
5.297485534731602e-125,1.0000000000000022,0.0,0.0
4.865805733225289e-125,1.0000000000000022,0.0,0.0
4.469302516875613e-125,1.0000000000000022,0.0,0.0
4.1051094273980644e-125,1.0000000000000022,0.0,0.0
3.770593587541095e-125,1.0000000000000022,0.0,0.0
3.463336667109848e-125,1.0000000000000022,0.0,0.0
3.181117400024439e-125,1.0000000000000022,0.0,0.0
2.9218955260225874e-125,1.0000000000000022,0.0,0.0
2.683797040915631e-125,1.0000000000000022,0.0,0.0
2.4651006487669386e-125,1.0000000000000022,0.0,0.0
2.2642253180508714e-125,1.0000000000000022,0.0,0.0
2.079718851831462e-125,1.0000000000000022,0.0,0.0
1.9102473893307104e-125,1.0000000000000022,0.0,0.0
1.7545857629897127e-125,1.0000000000000022,0.0,0.0
1.611608641310498e-125,1.0000000000000022,0.0,0.0
1.4802823934471294e-125,1.0000000000000022,0.0,0.0
1.359657616732393e-125,1.0000000000000022,0.0,0.0
1.2488622731189968e-125,1.0000000000000022,0.0,0.0
1.1470953849162441e-125,1.0000000000000022,0.0,0.0
1.0536212442464973e-125,1.0000000000000022,0.0,0.0
9.677640943595925e-126,1.0000000000000022,0.0,0.0
8.889032443546004e-126,1.0000000000000022,0.0,0.0
8.16468581991572e-126,1.0000000000000022,0.0,0.0
7.499364521538415e-126,1.0000000000000022,0.0,0.0
6.888258711648706e-126,1.0000000000000022,0.0,0.0
6.326950495916259e-126,1.0000000000000022,0.0,0.0
5.811381983966416e-126,1.0000000000000022,0.0,0.0
5.33782595349335e-126,1.0000000000000022,0.0,0.0
4.902858904886582e-126,1.0000000000000022,0.0,0.0
4.5033363115734277e-126,1.0000000000000022,0.0,0.0
4.1363698871536064e-126,1.0000000000000022,0.0,0.0
3.799306704982289e-126,1.0000000000000022,0.0,0.0
3.4897100192498664e-126,1.0000000000000022,0.0,0.0
3.2053416489074087e-126,1.0000000000000022,0.0,0.0
2.9441457970851593e-126,1.0000000000000022,0.0,0.0
2.7042341890290637e-126,1.0000000000000022,0.0,0.0
2.483872421112355e-126,1.0000000000000022,0.0,0.0
2.2814674222345036e-126,1.0000000000000022,0.0,0.0
2.0955559369616693e-126,1.0000000000000022,0.0,0.0
1.924793947149305e-126,1.0000000000000022,0.0,0.0
1.7679469555721848e-126,1.0000000000000022,0.0,0.0
1.6238810613188734e-126,1.0000000000000022,0.0,0.0
1.4915547624315834e-126,1.0000000000000022,0.0,0.0
1.3700114265298871e-126,1.0000000000000022,0.0,0.0
1.2583723749858294e-126,1.0000000000000022,0.0,0.0
1.1558305306535578e-126,1.0000000000000022,0.0,0.0
1.0616445832307221e-126,1.0000000000000022,0.0,0.0
9.751336300710342e-127,1.0000000000000022,0.0,0.0
8.956722537045727e-127,1.0000000000000022,0.0,0.0
8.226860004795339e-127,1.0000000000000022,0.0,0.0
7.556472276389734e-127,1.0000000000000022,0.0,0.0
6.940712888096258e-127,1.0000000000000022,0.0,0.0
6.375130303263868e-127,1.0000000000000022,0.0,0.0
5.855635730631825e-127,1.0000000000000022,0.0,0.0
5.3784735650497186e-127,1.0000000000000022,0.0,0.0
4.9401942369146124e-127,1.0000000000000022,0.0,0.0
4.537629274044549e-127,1.0000000000000022,0.0,0.0
4.167868395702098e-127,1.0000000000000022,0.0,0.0
3.828238473172774e-127,1.0000000000000022,0.0,0.0
3.5162842047970746e-127,1.0000000000000022,0.0,0.0
3.229750365749322e-127,1.0000000000000022,0.0,0.0
2.9665655042408243e-127,1.0000000000000022,0.0,0.0
2.724826966281601e-127,1.0000000000000022,0.0,0.0
2.5027871407395227e-127,1.0000000000000022,0.0,0.0
2.298840825257658e-127,1.0000000000000022,0.0,0.0
2.111513621693692e-127,1.0000000000000022,0.0,0.0
1.939451277188057e-127,1.0000000000000022,0.0,0.0
1.781409893803681e-127,1.0000000000000022,0.0,0.0
1.6362469359594714e-127,1.0000000000000022,0.0,0.0
1.502912970647175e-127,1.0000000000000022,0.0,0.0
1.3804440807187941e-127,1.0000000000000022,0.0,0.0
1.2679548963976059e-127,1.0000000000000022,0.0,0.0
1.1646321946351732e-127,1.0000000000000022,0.0,0.0
1.0697290200419002e-127,1.0000000000000022,0.0,0.0
9.825592848893103e-128,1.0000000000000022,0.0,0.0
9.024928091456081e-128,1.0000000000000022,0.0,0.0
8.289507646872293e-128,1.0000000000000022,0.0,0.0
7.614014907510205e-128,1.0000000000000022,0.0,0.0
6.993566503755076e-128,1.0000000000000022,0.0,0.0
6.42367700044846e-128,1.0000000000000022,0.0,0.0
5.900226470132902e-128,1.0000000000000022,0.0,0.0
5.419430708677689e-128,1.0000000000000022,0.0,0.0
4.977813877964111e-128,1.0000000000000022,0.0,0.0
4.5721833778548197e-128,1.0000000000000022,0.0,0.0
4.1996067657880866e-128,1.0000000000000022,0.0,0.0
3.857390557140748e-128,1.0000000000000022,0.0,0.0
3.5430607531003855e-128,1.0000000000000022,0.0,0.0
3.2543449552759996e-128,1.0000000000000022,0.0,0.0
2.9891559377475566e-128,1.0000000000000022,0.0,0.0
2.745576557791089e-128,1.0000000000000022,0.0,0.0
2.521845896193786e-128,1.0000000000000022,0.0,0.0
2.316346526962645e-128,1.0000000000000022,0.0,0.0
2.1275928243950117e-128,1.0000000000000022,0.0,0.0
1.9542202229788144e-128,1.0000000000000022,0.0,0.0
1.794975352478596e-128,1.0000000000000022,0.0,0.0
1.6487069768904896e-128,1.0000000000000022,0.0,0.0
1.5143576717607277e-128,1.0000000000000022,0.0,0.0
1.3909561797001452e-128,1.0000000000000022,0.0,0.0
1.27761038883007e-128,1.0000000000000022,0.0,0.0
1.1735008833983558e-128,1.0000000000000022,0.0,0.0
1.0778750199407505e-128,1.0000000000000022,0.0,0.0
9.900414861621237e-129,1.0000000000000022,0.0,0.0
9.093653032018368e-129,1.0000000000000022,0.0,0.0
8.352632351529082e-129,1.0000000000000022,0.0,0.0
7.671995726488075e-129,1.0000000000000022,0.0,0.0
7.046822600359767e-129,1.0000000000000022,0.0,0.0
6.472593381340745e-129,1.0000000000000022,0.0,0.0
5.945156768674315e-129,1.0000000000000022,0.0,0.0
5.4606997414678666e-129,1.0000000000000022,0.0,0.0
5.015719993051838e-129,1.0000000000000022,0.0,0.0
4.6070006115988104e-129,1.0000000000000022,0.0,0.0
4.2315868239601826e-129,1.0000000000000022,0.0,0.0
3.886764634593617e-129,1.0000000000000022,0.0,0.0
3.5700412051547235e-129,1.0000000000000022,0.0,0.0
3.279126832910265e-129,1.0000000000000022,0.0,0.0
3.0119183976886586e-129,1.0000000000000022,0.0,0.0
2.7664841577000596e-129,1.0000000000000022,0.0,0.0
2.5410497843097747e-129,1.0000000000000022,0.0,0.0
2.3339855348055847e-129,1.0000000000000022,0.0,0.0
2.143794470426487e-129,1.0000000000000022,0.0,0.0
1.969101634476927e-129,1.0000000000000022,0.0,0.0
1.8086441122913908e-129,1.0000000000000022,0.0,0.0
1.661261901189409e-129,1.0000000000000022,0.0,0.0
1.5258895244167416e-129,1.0000000000000022,0.0,0.0
1.401548328447029e-129,1.0000000000000022,0.0,0.0
1.287339407958458e-129,1.0000000000000022,0.0,0.0
1.1824371073376568e-129,1.0000000000000022,0.0,0.0
1.0860830517309569e-129,1.0000000000000022,0.0,0.0
9.975806644914336e-130,1.0000000000000022,0.0,0.0
9.16290131386464e-130,1.0000000000000022,0.0,0.0
8.416237751603225e-130,1.0000000000000022,0.0,0.0
7.730418070129365e-130,1.0000000000000022,0.0,0.0
7.100484242807772e-130,1.0000000000000022,0.0,0.0
6.521882261086788e-130,1.0000000000000022,0.0,0.0
5.990429212002413e-130,1.0000000000000022,0.0,0.0
5.502283038460132e-130,1.0000000000000022,0.0,0.0
5.053914763681189e-130,1.0000000000000022,0.0,0.0
4.642082979014268e-130,1.0000000000000022,0.0,0.0
4.263810410676196e-130,1.0000000000000022,0.0,0.0
3.916362396014557e-130,1.0000000000000022,0.0,0.0
3.5972271136897126e-130,1.0000000000000022,0.0,0.0
3.304097424853408e-130,1.0000000000000022,0.0,0.0
3.0348541940475874e-130,1.0000000000000022,0.0,0.0
2.7875509692444573e-130,1.0000000000000022,0.0,0.0
2.5603999102745262e-130,1.0000000000000022,0.0,0.0
2.3517588639143902e-130,1.0000000000000022,0.0,0.0
2.160119492195613e-130,1.0000000000000022,0.0,0.0
1.984096368110167e-130,1.0000000000000022,0.0,0.0
1.8224169598815263e-130,1.0000000000000022,0.0,0.0
1.673912431394267e-130,1.0000000000000022,0.0,0.0
1.537509192275307e-130,1.0000000000000022,0.0,0.0
1.412221136539415e-130,1.0000000000000022,0.0,0.0
1.2971425136894822e-130,1.0000000000000022,0.0,0.0
1.1914413807342895e-130,1.0000000000000022,0.0,0.0
1.0943535877861504e-130,1.0000000000000022,0.0,0.0
1.0051772537582407e-130,1.0000000000000022,0.0,0.0
9.232676922245344e-131,1.0000000000000022,0.0,0.0
8.480327507596361e-131,1.0000000000000022,0.0,0.0
7.789285300649931e-131,1.0000000000000022,0.0,0.0
7.154554519335782e-131,1.0000000000000022,0.0,0.0
6.571546476270038e-131,1.0000000000000022,0.0,0.0
6.03604640555404e-131,1.0000000000000022,0.0,0.0
5.544182992780328e-131,1.0000000000000022,0.0,0.0
5.092400387967734e-131,1.0000000000000022,0.0,0.0
4.677432499097424e-131,1.0000000000000022,0.0,0.0
4.296279380409041e-131,1.0000000000000022,0.0,0.0
3.9461855447597845e-131,1.0000000000000022,0.0,0.0
3.6246200432590264e-131,1.0000000000000022,0.0,0.0
3.3292581681672557e-131,1.0000000000000022,0.0,0.0
3.0579646467833365e-131,1.0000000000000022,0.0,0.0
2.8087782048228807e-131,1.0000000000000022,0.0,0.0
2.579897387691093e-131,1.0000000000000022,0.0,0.0
2.369667537147184e-131,1.0000000000000022,0.0,0.0
2.1765688292101789e-131,1.0000000000000022,0.0,0.0
1.9992052868280136e-131,1.0000000000000022,0.0,0.0
1.836294687878731e-131,1.0000000000000022,0.0,0.0
1.6866592955452346e-131,1.0000000000000022,0.0,0.0
1.5492173440502917e-131,1.0000000000000022,0.0,0.0
1.42297521819923e-131,1.0000000000000022,0.0,0.0
1.30702027019355e-131,1.0000000000000022,0.0,0.0
1.2005142217857248e-131,1.0000000000000022,0.0,0.0
1.1026871040770922e-131,1.0000000000000022,0.0,0.0
1.012831691147553e-131,1.0000000000000022,0.0,0.0
9.302983872758645e-132,1.0000000000000022,0.0,0.0
8.544905307884879e-132,1.0000000000000022,0.0,0.0
7.84860080586893e-132,1.0000000000000022,0.0,0.0
7.209036541697431e-132,1.0000000000000022,0.0,0.0
6.621588885074548e-132,1.0000000000000022,0.0,0.0
6.082010974606464e-132,1.0000000000000022,0.0,0.0
5.586402015777971e-132,1.0000000000000022,0.0,0.0
5.131179080765714e-132,1.0000000000000022,0.0,0.0
4.7130512062191894e-132,1.0000000000000022,0.0,0.0
4.328995601753463e-132,1.0000000000000022,0.0,0.0
3.9762357971565994e-132,1.0000000000000022,0.0,0.0
3.6522215703304343e-132,1.0000000000000022,0.0,0.0
3.354610510856878e-132,1.0000000000000022,0.0,0.0
3.081251085906404e-132,1.0000000000000022,0.0,0.0
2.83016708606636e-132,1.0000000000000022,0.0,0.0
2.5995433386426262e-132,1.0000000000000022,0.0,0.0
2.3877125851511662e-132,1.0000000000000022,0.0,0.0
2.1931434281323356e-132,1.0000000000000022,0.0,0.0
2.014429260151317e-132,1.0000000000000022,0.0,0.0
1.8502780949486196e-132,1.0000000000000022,0.0,0.0
1.6995032272265194e-132,1.0000000000000022,0.0,0.0
1.5610146535478278e-132,1.0000000000000022,0.0,0.0
1.4338111923257082e-132,1.0000000000000022,0.0,0.0
1.3169732459372337e-132,1.0000000000000022,0.0,0.0
1.2096561526355127e-132,1.0000000000000022,0.0,0.0
1.111084080199067e-132,1.0000000000000022,0.0,0.0
1.0205444171735487e-132,1.0000000000000022,0.0,0.0
9.373826211581543e-133,1.0000000000000022,0.0,0.0
8.609974868932205e-133,1.0000000000000022,0.0,0.0
7.908367999403812e-133,1.0000000000000022,0.0,0.0
7.263933445342406e-133,1.0000000000000022,0.0,0.0
6.672012367449488e-133,1.0000000000000022,0.0,0.0
6.12832556442848e-133,1.0000000000000022,0.0,0.0
5.6289425371650425e-133,1.0000000000000022,0.0,0.0
5.1702530737955204e-133,1.0000000000000022,0.0,0.0
4.748941150242241e-133,1.0000000000000022,0.0,0.0
4.361960957533589e-133,1.0000000000000022,0.0,0.0
4.006514882602159e-133,1.0000000000000022,0.0,0.0
3.6800332833765346e-133,1.0000000000000022,0.0,0.0
3.3801559119539256e-133,1.0000000000000022,0.0,0.0
3.104714851555337e-133,1.0000000000000022,0.0,0.0
2.851718843908662e-133,1.0000000000000022,0.0,0.0
2.6193388937569585e-133,1.0000000000000022,0.0,0.0
2.405895046421931e-133,1.0000000000000022,0.0,0.0
2.2098442428330813e-133,1.0000000000000022,0.0,0.0
2.0297691642223413e-133,1.0000000000000022,0.0,0.0
1.8643679858386564e-133,1.0000000000000022,0.0,0.0
1.7124449656085823e-133,1.0000000000000022,0.0,0.0
1.5729017997050912e-133,1.0000000000000022,0.0,0.0
1.4447296825310106e-133,1.0000000000000022,0.0,0.0
1.3270020137159864e-133,1.0000000000000022,0.0,0.0
1.2188676994033345e-133,1.0000000000000022,0.0,0.0
1.1195449993994838e-133,1.0000000000000022,0.0,0.0
1.0283158757049273e-133,1.0000000000000022,0.0,0.0
9.445208015702731e-134,1.0000000000000022,0.0,0.0
8.675539935502686e-134,1.0000000000000022,0.0,0.0
7.968590320866764e-134,1.0000000000000022,0.0,0.0
7.319248389596882e-134,1.0000000000000022,0.0,0.0
6.722819825274873e-134,1.0000000000000022,0.0,0.0
6.17499284043264e-134,1.0000000000000022,0.0,0.0
5.671807005155808e-134,1.0000000000000022,0.0,0.0
5.209624615772122e-134,1.0000000000000022,0.0,0.0
4.78510439663898e-134,1.0000000000000022,0.0,0.0
4.395177344911268e-134,1.0000000000000022,0.0,0.0
4.037024543662994e-134,1.0000000000000022,0.0,0.0
3.7080567829661553e-134,1.0000000000000022,0.0,0.0
3.40589584160059e-134,1.0000000000000022,0.0,0.0
3.1283572940738516e-134,1.0000000000000022,0.0,0.0
2.873434718657127e-134,1.0000000000000022,0.0,0.0
2.6392851922716623e-134,1.0000000000000022,0.0,0.0
2.4242159673632263e-134,1.0000000000000022,0.0,0.0
2.226672234447151e-134,1.0000000000000022,0.0,0.0
2.045225881855183e-134,1.0000000000000022,0.0,0.0
1.8785651714244658e-134,1.0000000000000022,0.0,0.0
1.7254852554906755e-134,1.0000000000000022,0.0,0.0
1.5848794666293717e-134,1.0000000000000022,0.0,0.0
1.4557313171761123e-134,1.0000000000000022,0.0,0.0
1.3371071506871055e-134,1.0000000000000022,0.0,0.0
1.228149392215279e-134,1.0000000000000022,0.0,0.0
1.1280703486056867e-134,1.0000000000000022,0.0,0.0
1.0361465139904532e-134,1.0000000000000022,0.0,0.0
9.51713339315722e-135,1.0000000000000022,0.0,0.0
8.741604280877094e-135,1.0000000000000022,0.0,0.0
8.029271236062667e-135,1.0000000000000022,0.0,0.0
7.374984557845341e-135,1.0000000000000022,0.0,0.0
6.774014182528575e-135,1.0000000000000022,0.0,0.0
6.222015488328642e-135,1.0000000000000022,0.0,0.0
5.714997886607718e-135,1.0000000000000022,0.0,0.0
5.249295972534477e-135,1.0000000000000022,0.0,0.0
4.821543026610411e-135,1.0000000000000022,0.0,0.0
4.4286466754952634e-135,1.0000000000000022,0.0,0.0
4.0677665361753096e-135,1.0000000000000022,0.0,0.0
3.7362936818564833e-135,1.0000000000000022,0.0,0.0
3.431831781134217e-135,1.0000000000000022,0.0,0.0
3.152179774088552e-135,1.0000000000000022,0.0,0.0
2.8953159600640554e-135,1.0000000000000022,0.0,0.0
2.6593833820996243e-135,1.0000000000000022,0.0,0.0
2.4426764023471796e-135,1.0000000000000022,0.0,0.0
2.2436283714283358e-135,1.0000000000000022,0.0,0.0
2.0608003025865802e-135,1.0000000000000022,0.0,0.0
1.892870468756502e-135,1.0000000000000022,0.0,0.0
1.7386248473437073e-135,1.0000000000000022,0.0,0.0
1.596948343637445e-135,1.0000000000000022,0.0,0.0
1.4668167294069638e-135,1.0000000000000022,0.0,0.0
1.347289238402948e-135,1.0000000000000022,0.0,0.0
1.2375017652343513e-135,1.0000000000000022,0.0,0.0
1.1366606184529773e-135,1.0000000000000022,0.0,0.0
1.0440367826846964e-135,1.0000000000000022,0.0,0.0
9.589606483262754e-136,1.0000000000000022,0.0,0.0
8.80817170706978e-136,1.0000000000000022,0.0,0.0
8.090414237188546e-136,1.0000000000000022,0.0,0.0
7.43114515771378e-136,1.0000000000000022,0.0,0.0
6.825598385454589e-136,1.0000000000000022,0.0,0.0
6.269396214277896e-136,1.0000000000000022,0.0,0.0
5.758517667163369e-136,1.0000000000000022,0.0,0.0
5.28926942717594e-136,1.0000000000000022,0.0,0.0
4.858259137205908e-136,1.0000000000000022,0.0,0.0
4.462370875451263e-136,1.0000000000000022,0.0,0.0
4.0987426293460194e-136,1.0000000000000022,0.0,0.0
3.764745605085869e-136,1.0000000000000022,0.0,0.0
3.457965223172553e-136,1.0000000000000022,0.0,0.0
3.1761836625872274e-136,1.0000000000000022,0.0,0.0
2.9173638273986234e-136,1.0000000000000022,0.0,0.0
2.6796346198950986e-136,1.0000000000000022,0.0,0.0
2.4612774137749752e-136,1.0000000000000022,0.0,0.0
2.260713629605212e-136,1.0000000000000022,0.0,0.0
2.0764933227271045e-136,1.0000000000000022,0.0,0.0
1.907284701107068e-136,1.0000000000000022,0.0,0.0
1.7518644973534317e-136,1.0000000000000022,0.0,0.0
1.6091091252952427e-136,1.0000000000000022,0.0,0.0
1.4779865571909322e-136,1.0000000000000022,0.0,0.0
1.3575488628444003e-136,1.0000000000000022,0.0,0.0
1.2469253566912153e-136,1.0000000000000022,0.0,0.0
1.1453163033128519e-136,1.0000000000000022,0.0,0.0
1.0519871358739674e-136,1.0000000000000022,0.0,0.0
9.662631456858043e-137,1.0000000000000022,0.0,0.0
8.875246045047482e-137,1.0000000000000022,0.0,0.0
8.152022843034551e-137,1.0000000000000022,0.0,0.0
7.487733421254305e-137,1.0000000000000022,0.0,0.0
6.877575402732599e-137,1.0000000000000022,0.0,0.0
6.317137745049269e-137,1.0000000000000022,0.0,0.0
5.802368851393563e-137,1.0000000000000022,0.0,0.0
5.329547280175646e-137,1.0000000000000022,0.0,0.0
4.8952548414439015e-137,1.0000000000000022,0.0,0.0
4.496351885612728e-137,1.0000000000000022,0.0,0.0
4.1299546058545735e-137,1.0000000000000022,0.0,0.0
3.7934141900673487e-137,1.0000000000000022,0.0,0.0
3.484297671699646e-137,1.0000000000000022,0.0,0.0
3.200370340997758e-137,1.0000000000000022,0.0,0.0
2.93957958951936e-137,1.0000000000000022,0.0,0.0
2.7000400711202755e-137,1.0000000000000022,0.0,0.0
2.480020072137996e-137,1.0000000000000022,0.0,0.0
2.277928992237305e-137,1.0000000000000022,0.0,0.0
2.0923058454127436e-137,1.0000000000000022,0.0,0.0
1.9218086980176953e-137,1.0000000000000022,0.0,0.0
1.765204967463967e-137,1.0000000000000022,0.0,0.0
1.6213625114578256e-137,1.0000000000000022,0.0,0.0
1.4892414433535123e-137,1.0000000000000022,0.0,0.0
1.3678866144545997e-137,1.0000000000000022,0.0,0.0
1.2564207089151673e-137,1.0000000000000022,0.0,0.0
1.1540379013214513e-137,1.0000000000000022,0.0,0.0
1.0599980311024485e-137,1.0000000000000022,0.0,0.0
9.736212516542778e-138,1.0000000000000022,0.0,0.0
8.942831154949803e-138,1.0000000000000022,0.0,0.0
8.214100599186467e-138,1.0000000000000022,0.0,0.0
7.544752605131142e-138,1.0000000000000022,0.0,0.0
6.92994822564882e-138,1.0000000000000022,0.0,0.0
6.365242828176005e-138,1.0000000000000022,0.0,0.0
5.846553962941433e-138,1.0000000000000022,0.0,0.0
5.3701318495309105e-138,1.0000000000000022,0.0,0.0
4.932532268433484e-138,1.0000000000000022,0.0,0.0
4.530591661592596e-138,1.0000000000000022,0.0,0.0
4.1614042619555464e-138,1.0000000000000022,0.0,0.0
3.8223010866828826e-138,1.0000000000000022,0.0,0.0
3.5108306421524047e-138,1.0000000000000022,0.0,0.0
3.2247412012676143e-138,1.0000000000000022,0.0,0.0
2.961964524947165e-138,1.0000000000000022,0.0,0.0
2.720600910112356e-138,1.0000000000000022,0.0,0.0
2.498905456079428e-138,1.0000000000000022,0.0,0.0
2.2952754500716697e-138,1.0000000000000022,0.0,0.0
2.1082387806568756e-138,1.0000000000000022,0.0,0.0
1.9364432953468853e-138,1.0000000000000022,0.0,0.0
1.7786470254216432e-138,1.0000000000000022,0.0,0.0
1.6337092073096572e-138,1.0000000000000022,0.0,0.0
1.5005820356153227e-138,1.0000000000000022,0.0,0.0
1.378303088172915e-138,1.0000000000000022,0.0,0.0
1.2659883683653478e-138,1.0000000000000022,0.0,0.0
1.1628259144082287e-138,1.0000000000000022,0.0,0.0
1.0680699293985268e-138,1.0000000000000022,0.0,0.0
9.810353896919495e-139,1.0000000000000022,0.0,0.0
9.010930926311337e-139,1.0000000000000022,0.0,0.0
8.276651078229743e-139,1.0000000000000022,0.0,0.0
7.602205990808048e-139,1.0000000000000022,0.0,0.0
6.982719868268143e-139,1.0000000000000022,0.0,0.0
6.41371423211384e-139,1.0000000000000022,0.0,0.0
5.8910755446676864e-139,1.0000000000000022,0.0,0.0
5.411025470890623e-139,1.0000000000000022,0.0,0.0
4.970093563496937e-139,1.0000000000000022,0.0,0.0
4.565092173895812e-139,1.0000000000000022,0.0,0.0
4.1930934075820115e-139,1.0000000000000022,0.0,0.0
3.851407957378298e-139,1.0000000000000022,0.0,0.0
3.5375656615078045e-139,1.0000000000000022,0.0,0.0
3.2492976459439633e-139,1.0000000000000022,0.0,0.0
2.984519921938893e-139,1.0000000000000022,0.0,0.0
2.7413183201511326e-139,1.0000000000000022,0.0,0.0
2.5179346524563398e-139,1.0000000000000022,0.0,0.0
2.3127540013999163e-139,1.0000000000000022,0.0,0.0
2.1242930454026425e-139,1.0000000000000022,0.0,0.0
1.9511893353182107e-139,1.0000000000000022,0.0,0.0
1.7921914448191907e-139,1.0000000000000022,0.0,0.0
1.646149923405191e-139,1.0000000000000022,0.0,0.0
1.5120089866293842e-139,1.0000000000000022,0.0,0.0
1.388798883469187e-139,1.0000000000000022,0.0,0.0
1.2756288856621915e-139,1.0000000000000022,0.0,0.0
1.1716808483248375e-139,1.0000000000000022,0.0,0.0
1.0762032953013276e-139,1.0000000000000022,0.0,0.0
9.885059864837295e-140,1.0000000000000022,0.0,0.0
9.079549278285563e-140,1.0000000000000022,0.0,0.0
8.339677879955134e-140,1.0000000000000022,0.0,0.0
7.660096884737181e-140,1.0000000000000022,0.0,0.0
7.035893367607615e-140,1.0000000000000022,0.0,0.0
6.462554746400352e-140,1.0000000000000022,0.0,0.0
5.935936158796957e-140,1.0000000000000022,0.0,0.0
5.452230497689675e-140,1.0000000000000022,0.0,0.0
5.007940888293207e-140,1.0000000000000022,0.0,0.0
4.599855408032753e-140,1.0000000000000022,0.0,0.0
4.225023866449711e-140,1.0000000000000022,0.0,0.0
3.8807364772589725e-140,1.0000000000000022,0.0,0.0
3.564504268370773e-140,1.0000000000000022,0.0,0.0
3.2740410882543867e-140,1.0000000000000022,0.0,0.0
3.00724707856149e-140,1.0000000000000022,0.0,0.0
2.762193493527089e-140,1.0000000000000022,0.0,0.0
2.5371087564022313e-140,1.0000000000000022,0.0,0.0
2.3303656521156555e-140,1.0000000000000022,0.0,0.0
2.140469563575721e-140,1.0000000000000022,0.0,0.0
1.966047666568789e-140,1.0000000000000022,0.0,0.0
1.8058390051402567e-140,1.0000000000000022,0.0,0.0
1.6586853757097617e-140,1.0000000000000022,0.0,0.0
1.5235229540186772e-140,1.0000000000000022,0.0,0.0
1.3993746043782257e-140,1.0000000000000022,0.0,0.0
1.2853428156191136e-140,1.0000000000000022,0.0,0.0
1.1806032126742353e-140,1.0000000000000022,0.0,0.0
1.084398596887446e-140,1.0000000000000022,0.0,0.0
9.960334719637377e-141,1.0000000000000022,0.0,0.0
9.148690159870337e-141,1.0000000000000022,0.0,0.0
8.403184631565829e-141,1.0000000000000022,0.0,0.0
7.71842861854936e-141,1.0000000000000022,0.0,0.0
7.089471783811192e-141,1.0000000000000022,0.0,0.0
6.511767181815469e-141,1.0000000000000022,0.0,0.0
5.981138387065238e-141,1.0000000000000022,0.0,0.0
5.493749301284389e-141,1.0000000000000022,0.0,0.0
5.046076420942293e-141,1.0000000000000022,0.0,0.0
4.6348833646334734e-141,1.0000000000000022,0.0,0.0
4.2571974761619996e-141,1.0000000000000022,0.0,0.0
3.910288334186231e-141,1.0000000000000022,0.0,0.0
3.5916480130627343e-141,1.0000000000000022,0.0,0.0
3.2989729521882144e-141,1.0000000000000022,0.0,0.0
3.0301473027667e-141,1.0000000000000022,0.0,0.0
2.7832276316100165e-141,1.0000000000000022,0.0,0.0
2.5564288713900578e-141,1.0000000000000022,0.0,0.0
2.348111415772394e-141,1.0000000000000022,0.0,0.0
2.156769266137494e-141,1.0000000000000022,0.0,0.0
1.9810191441981204e-141,1.0000000000000022,0.0,0.0
1.819590491804268e-141,1.0000000000000022,0.0,0.0
1.6713162856407896e-141,1.0000000000000022,0.0,0.0
1.5351246004139915e-141,1.0000000000000022,0.0,0.0
1.4100308595345757e-141,1.0000000000000022,0.0,0.0
1.2951307172744422e-141,1.0000000000000022,0.0,0.0
1.1895935209400148e-141,1.0000000000000022,0.0,0.0
1.0926563057978884e-141,1.0000000000000022,0.0,0.0
1.0036182793400491e-141,1.0000000000000022,0.0,0.0
9.218357550135207e-142,1.0000000000000022,0.0,0.0
8.467174987886229e-142,1.0000000000000022,0.0,0.0
7.777204549245829e-142,1.0000000000000022,0.0,0.0
7.143458200325875e-142,1.0000000000000022,0.0,0.0
6.561354370543253e-142,1.0000000000000022,0.0,0.0
6.026684830868486e-142,1.0000000000000022,0.0,0.0
5.5355842710890016e-142,1.0000000000000022,0.0,0.0
5.084502356150609e-142,1.0000000000000022,0.0,0.0
4.670178059562856e-142,1.0000000000000022,0.0,0.0
4.28961608831561e-142,1.0000000000000022,0.0,0.0
3.940065228874484e-142,1.0000000000000022,0.0,0.0
3.618998457710827e-142,1.0000000000000022,0.0,0.0
3.324094672578469e-142,1.0000000000000022,0.0,0.0
3.0532219124663336e-142,1.0000000000000022,0.0,0.0
2.8044219449181515e-142,1.0000000000000022,0.0,0.0
2.575896109295733e-142,1.0000000000000022,0.0,0.0
2.3659923136418577e-142,1.0000000000000022,0.0,0.0
2.1731930911386243e-142,1.0000000000000022,0.0,0.0
1.9961046298172967e-142,1.0000000000000022,0.0,0.0
1.8334466962116283e-142,1.0000000000000022,0.0,0.0
1.684043380109296e-142,1.0000000000000022,0.0,0.0
1.5468145934920556e-142,1.0000000000000022,0.0,0.0
1.4207682622075384e-142,1.0000000000000022,0.0,0.0
1.3049931539235869e-142,1.0000000000000022,0.0,0.0
1.1986522905159492e-142,1.0000000000000022,0.0,0.0
1.10097689726521e-142,1.0000000000000022,0.0,0.0
1.0112608451196214e-142,1.0000000000000022,0.0,0.0
9.288555458450362e-143,1.0000000000000022,0.0,0.0
8.531652631572257e-143,1.0000000000000022,0.0,0.0
7.836428059391426e-143,1.0000000000000022,0.0,0.0
7.197855724079146e-143,1.0000000000000022,0.0,0.0
6.611319166334873e-143,1.0000000000000022,0.0,0.0
6.072578111412312e-143,1.0000000000000022,0.0,0.0
5.577737814713161e-143,1.0000000000000022,0.0,0.0
5.123220905337283e-143,1.0000000000000022,0.0,0.0
4.705741524036615e-143,1.0000000000000022,0.0,0.0
4.322281568607204e-143,1.0000000000000022,0.0,0.0
3.9700688749891016e-143,1.0000000000000022,0.0,0.0
3.646557176337807e-143,1.0000000000000022,0.0,0.0
3.349407695184448e-143,1.0000000000000022,0.0,0.0
3.0764722356081166e-143,1.0000000000000022,0.0,0.0
2.8257776531878405e-143,1.0000000000000022,0.0,0.0
2.5955115904621207e-143,1.0000000000000022,0.0,0.0
2.3840093747727696e-143,1.0000000000000022,0.0,0.0
2.189741983773044e-143,1.0000000000000022,0.0,0.0
2.0113049915985904e-143,1.0000000000000022,0.0,0.0
1.8474084157892667e-143,1.0000000000000022,0.0,0.0
1.6968673915617403e-143,1.0000000000000022,0.0,0.0
1.5585936060139676e-143,1.0000000000000022,0.0,0.0
1.4315874303364715e-143,1.0000000000000022,0.0,0.0
1.314930693151461e-143,1.0000000000000022,0.0,0.0
1.207780042735775e-143,1.0000000000000022,0.0,0.0
1.1093608501408714e-143,1.0000000000000022,0.0,0.0
1.0189616091334209e-143,1.0000000000000022,0.0,0.0
9.359287924717416e-144,1.0000000000000022,0.0,0.0
8.596621273323316e-144,1.0000000000000022,0.0,0.0
7.896102557309273e-144,1.0000000000000022,0.0,0.0
7.252667485657786e-144,1.0000000000000022,0.0,0.0
6.66166444467286e-144,1.0000000000000022,0.0,0.0
6.118820869862847e-144,1.0000000000000022,0.0,0.0
5.620212358100502e-144,1.0000000000000022,0.0,0.0
5.162234296761432e-144,1.0000000000000022,0.0,0.0
4.7415758047382055e-144,1.0000000000000022,0.0,0.0
4.3551957969407467e-144,1.0000000000000022,0.0,0.0
4.0003009992450397e-144,1.0000000000000022,0.0,0.0
3.674325754952638e-144,1.0000000000000022,0.0,0.0
3.374913476774922e-144,1.0000000000000022,0.0,0.0
3.0998996102521155e-144,1.0000000000000022,0.0,0.0
2.8472959854437417e-144,1.0000000000000022,0.0,0.0
2.615276443763512e-144,1.0000000000000022,0.0,0.0
2.402163636050076e-144,1.0000000000000022,0.0,0.0
2.2064168964323496e-144,1.0000000000000022,0.0,0.0
2.0266211043254162e-144,1.0000000000000022,0.0,0.0
1.8614764540365274e-144,1.0000000000000022,0.0,0.0
1.70978905802217e-144,1.0000000000000022,0.0,0.0
1.5704623158639076e-144,1.0000000000000022,0.0,0.0
1.4424889865663465e-144,1.0000000000000022,0.0,0.0
1.3249439068651425e-144,1.0000000000000022,0.0,0.0
1.2169773029031894e-144,1.0000000000000022,0.0,0.0
1.1178086469227909e-144,1.0000000000000022,0.0,0.0
1.02672101456173e-144,1.0000000000000022,0.0,0.0
9.430559019601867e-145,1.0000000000000022,0.0,0.0
8.662084652095822e-145,1.0000000000000022,0.0,0.0
7.956231477276903e-145,1.0000000000000022,0.0,0.0
7.307896639488021e-145,1.0000000000000022,0.0,0.0
6.712393102936567e-145,1.0000000000000022,0.0,0.0
6.165415767498727e-145,1.0000000000000022,0.0,0.0
5.663010345668239e-145,1.0000000000000022,0.0,0.0
5.201544775650384e-145,1.0000000000000022,0.0,0.0
4.777682963936591e-145,1.0000000000000022,0.0,0.0
4.3883606675356954e-145,1.0000000000000022,0.0,0.0
4.0307633415062075e-145,1.0000000000000022,0.0,0.0
3.7023057916417554e-145,1.0000000000000022,0.0,0.0
3.400613485211974e-145,1.0000000000000022,0.0,0.0
3.1235053846477376e-145,1.0000000000000022,0.0,0.0
2.868978180069548e-145,1.0000000000000022,0.0,0.0
2.6351918066705856e-145,1.0000000000000022,0.0,0.0
2.4204561422546088e-145,1.0000000000000022,0.0,0.0
2.22321878876061e-145,1.0000000000000022,0.0,0.0
2.042053849442676e-145,1.0000000000000022,0.0,0.0
1.8756516205714128e-145,1.0000000000000022,0.0,0.0
1.722809123134696e-145,1.0000000000000022,0.0,0.0
1.5824214060881541e-145,1.0000000000000022,0.0,0.0
1.4534735582835856e-145,1.0000000000000022,0.0,0.0
1.3350333713267902e-145,1.0000000000000022,0.0,0.0
1.2262446003220854e-145,1.0000000000000022,0.0,0.0
1.1263207737831152e-145,1.0000000000000022,0.0,0.0
1.034539507959656e-145,1.0000000000000022,0.0,0.0
9.502372844767392e-146,1.0000000000000022,0.0,0.0
8.728046535318397e-146,1.0000000000000022,0.0,0.0
8.016818279723927e-146,1.0000000000000022,0.0,0.0
7.363546364017086e-146,1.0000000000000022,0.0,0.0
6.763508060568945e-146,1.0000000000000022,0.0,0.0
6.21236548586427e-146,1.0000000000000022,0.0,0.0
5.706134240447869e-146,1.0000000000000022,0.0,0.0
5.2411546043289185e-146,1.0000000000000022,0.0,0.0
4.814065079604953e-146,1.0000000000000022,0.0,0.0
4.421778089036016e-146,1.0000000000000022,0.0,0.0
4.061457654885603e-146,1.0000000000000022,0.0,0.0
3.7304988966610482e-146,1.0000000000000022,0.0,0.0
3.4265091995354767e-146,1.0000000000000022,0.0,0.0
3.1472909173113293e-146,1.0000000000000022,0.0,0.0
2.8908254848792597e-146,1.0000000000000022,0.0,0.0
2.655258825315877e-146,1.0000000000000022,0.0,0.0
2.438887946123223e-146,1.0000000000000022,0.0,0.0
2.240148627709596e-146,1.0000000000000022,0.0,0.0
2.0576041151074843e-146,1.0000000000000022,0.0,0.0
1.8899347311771756e-146,1.0000000000000022,0.0,0.0
1.7359283362062863e-146,1.0000000000000022,0.0,0.0
1.5944715649343889e-146,1.0000000000000022,0.0,0.0
1.464541777652165e-146,1.0000000000000022,0.0,0.0
1.3451996671868046e-146,1.0000000000000022,0.0,0.0
1.2355824683270106e-146,1.0000000000000022,0.0,0.0
1.1348977205961975e-146,1.0000000000000022,0.0,0.0
1.0424175392828277e-146,1.0000000000000022,0.0,0.0
9.574733533111886e-147,1.0000000000000022,0.0,0.0
8.79451071910868e-147,1.0000000000000022,0.0,0.0
8.077866451431162e-147,1.0000000000000022,0.0,0.0
7.419619861896119e-147,1.0000000000000022,0.0,0.0
6.815012259244519e-147,1.0000000000000022,0.0,0.0
6.259672726923774e-147,1.0000000000000022,0.0,0.0
5.749586524226888e-147,1.0000000000000022,0.0,0.0
5.281066062349424e-147,1.0000000000000022,0.0,0.0
4.85072424554025e-147,1.0000000000000022,0.0,0.0
4.4554499846200144e-147,1.0000000000000022,0.0,0.0
4.0923857058461956e-147,1.0000000000000022,0.0,0.0
3.75890669252852e-147,1.0000000000000022,0.0,0.0
3.452602110048207e-147,1.0000000000000022,0.0,0.0
3.1712575771043535e-147,1.0000000000000022,0.0,0.0
2.912839157188997e-147,1.0000000000000022,0.0,0.0
2.6754786545597315e-147,1.0000000000000022,0.0,0.0
2.4574601084093762e-147,1.0000000000000022,0.0,0.0
2.257207387594427e-147,1.0000000000000022,0.0,0.0
2.0732727962402833e-147,1.0000000000000022,0.0,0.0
1.9043266078492685e-147,1.0000000000000022,0.0,0.0
1.749147452249892e-147,1.0000000000000022,0.0,0.0
1.6066134858913107e-147,1.0000000000000022,0.0,0.0
1.4756942816499982e-147,1.0000000000000022,0.0,0.0
1.355443379517248e-147,1.0000000000000022,0.0,0.0
1.244991444313862e-147,1.0000000000000022,0.0,0.0
1.1435399809667904e-147,1.0000000000000022,0.0,0.0
1.050355561913292e-147,1.0000000000000022,0.0,0.0
9.647645249005307e-148,1.0000000000000022,0.0,0.0
8.861481028491785e-148,1.0000000000000022,0.0,0.0
8.13937950573131e-148,1.0000000000000022,0.0,0.0
7.476120360164497e-148,1.0000000000000022,0.0,0.0
6.866908663038717e-148,1.0000000000000022,0.0,0.0
6.307340213217039e-148,1.0000000000000022,0.0,0.0
5.793369697691647e-148,1.0000000000000022,0.0,0.0
5.321281446623129e-148,1.0000000000000022,0.0,0.0
4.8876625714837426e-148,1.0000000000000022,0.0,0.0
4.489378292111032e-148,1.0000000000000022,0.0,0.0
4.1235492743026005e-148,1.0000000000000022,0.0,0.0
3.787530814117672e-148,1.0000000000000022,0.0,0.0
3.4788937184016206e-148,1.0000000000000022,0.0,0.0
3.1954067433121734e-148,1.0000000000000022,0.0,0.0
2.9350204638893606e-148,1.0000000000000022,0.0,0.0
2.6958524580567758e-148,1.0000000000000022,0.0,0.0
2.4761736979441796e-148,1.0000000000000022,0.0,0.0
2.274396050149649e-148,1.0000000000000022,0.0,0.0
2.089060794576349e-148,1.0000000000000022,0.0,0.0
1.9188280788426522e-148,1.0000000000000022,0.0,0.0
1.7624672320278998e-148,1.0000000000000022,0.0,0.0
1.6188478677285446e-148,1.0000000000000022,0.0,0.0
1.4869317121055956e-148,1.0000000000000022,0.0,0.0
1.3657650978455143e-148,1.0000000000000022,0.0,0.0
1.2544720697708145e-148,1.0000000000000022,0.0,0.0
1.1522480522584545e-148,1.0000000000000022,0.0,0.0
1.0583540326856074e-148,1.0000000000000022,0.0,0.0
9.721112188529359e-149,1.0000000000000022,0.0,0.0
8.928961317620458e-149,1.0000000000000022,0.0,0.0
8.201360982711149e-149,1.0000000000000022,0.0,0.0
7.53305111043554e-149,1.0000000000000022,0.0,0.0
6.9192002585984395e-149,1.0000000000000022,0.0,0.0
6.355370688016038e-149,1.0000000000000022,0.0,0.0
5.837486280571253e-149,1.0000000000000022,0.0,0.0
5.361803071552262e-149,1.0000000000000022,0.0,0.0
4.924882183242392e-149,1.0000000000000022,0.0,0.0
4.523564964088955e-149,1.0000000000000022,0.0,0.0
4.154950153723501e-149,1.0000000000000022,0.0,0.0
3.8163729087515885e-149,1.0000000000000022,0.0,0.0
3.505385537682265e-149,1.0000000000000022,0.0,0.0
3.2197398057234244e-149,1.0000000000000022,0.0,0.0
2.9573706815183354e-149,1.0000000000000022,0.0,0.0
2.716381408322877e-149,1.0000000000000022,0.0,0.0
2.495029791697903e-149,1.0000000000000022,0.0,0.0
2.2917156045857236e-149,1.0000000000000022,0.0,0.0
2.1049690187176785e-149,1.0000000000000022,0.0,0.0
1.9334399787194556e-149,1.0000000000000022,0.0,0.0
1.7758884420959072e-149,1.0000000000000022,0.0,0.0
1.6311754145368514e-149,1.0000000000000022,0.0,0.0
1.4982547157349963e-149,1.0000000000000022,0.0,0.0
1.3761654161882543e-149,1.0000000000000022,0.0,0.0
1.2640248903094811e-149,1.0000000000000022,0.0,0.0
1.1610224356221782e-149,1.0000000000000022,0.0,0.0
1.0664134119131309e-149,1.0000000000000022,0.0,0.0
9.795138579718943e-150,1.0000000000000022,0.0,0.0
8.996955469996847e-150,1.0000000000000022,0.0,0.0
8.263814449415251e-150,1.0000000000000022,0.0,0.0
7.590415389083639e-150,1.0000000000000022,0.0,0.0
6.971890055313928e-150,1.0000000000000022,0.0,0.0
6.403766915482792e-150,1.0000000000000022,0.0,0.0
5.881938811782579e-150,1.0000000000000022,0.0,0.0
5.402633269163249e-150,1.0000000000000022,0.0,0.0
4.962385222811208e-150,1.0000000000000022,0.0,0.0
4.558011968002589e-150,1.0000000000000022,0.0,0.0
4.1865901512348645e-150,1.0000000000000022,0.0,0.0
3.8454346362977367e-150,1.0000000000000022,0.0,0.0
3.5320790924988603e-150,1.0000000000000022,0.0,0.0
3.244258164710003e-150,1.0000000000000022,0.0,0.0
2.979891096334761e-150,1.0000000000000022,0.0,0.0
2.7370666868026276e-150,1.0000000000000022,0.0,0.0
2.5140294748419613e-150,1.0000000000000022,0.0,0.0
2.309167047645965e-150,1.0000000000000022,0.0,0.0
2.1209983841852858e-150,1.0000000000000022,0.0,0.0
1.9481631483970108e-150,1.0000000000000022,0.0,0.0
1.789411854846845e-150,1.0000000000000022,0.0,0.0
1.6435968357686543e-150,1.0000000000000022,0.0,0.0
1.5096639441789913e-150,1.0000000000000022,0.0,0.0
1.386644933085563e-150,1.0000000000000022,0.0,0.0
1.2736504556963132e-150,1.0000000000000022,0.0,0.0
1.169863636025221e-150,1.0000000000000022,0.0,0.0
1.0745341634145126e-150,1.0000000000000022,0.0,0.0
9.869728682805507e-151,1.0000000000000022,0.0,0.0
9.065467398696026e-151,1.0000000000000022,0.0,0.0
8.326743500051287e-151,1.0000000000000022,0.0,0.0
7.648216497432821e-151,1.0000000000000022,0.0,0.0
7.02498108549198e-151,1.0000000000000022,0.0,0.0
6.452531680828448e-151,1.0000000000000022,0.0,0.0
5.9267298495763815e-151,1.0000000000000022,0.0,0.0
5.4437743892409355e-151,1.0000000000000022,0.0,0.0
5.0001738484965174e-151,1.0000000000000022,0.0,0.0
4.592721286282888e-151,1.0000000000000022,0.0,0.0
4.2184710877239484e-151,1.0000000000000022,0.0,0.0
3.8747176692634955e-151,1.0000000000000022,0.0,0.0
3.558975919070041e-151,1.0000000000000022,0.0,0.0
3.268963231307649e-151,1.0000000000000022,0.0,0.0
3.0025830043923506e-151,1.0000000000000022,0.0,0.0
2.7579094839373322e-151,1.0000000000000022,0.0,0.0
2.5331738408113597e-151,1.0000000000000022,0.0,0.0
2.3267513836638985e-151,1.0000000000000022,0.0,0.0
2.1371498134718893e-151,1.0000000000000022,0.0,0.0
1.962998435196245e-151,1.0000000000000022,0.0,0.0
1.8030382485554242e-151,1.0000000000000022,0.0,0.0
1.656112846278865e-151,1.0000000000000022,0.0,0.0
1.5211600540406253e-151,1.0000000000000022,0.0,0.0
1.397204251635427e-151,1.0000000000000022,0.0,0.0
1.2833493198842418e-151,1.0000000000000022,0.0,0.0
1.178772162280175e-151,1.0000000000000022,0.0,0.0
1.0827167545403872e-151,1.0000000000000022,0.0,0.0
9.944886790462212e-152,1.0000000000000022,0.0,0.0
9.134501046591186e-152,1.0000000000000022,0.0,0.0
8.390151756196858e-152,1.0000000000000022,0.0,0.0
7.706457761946736e-152,1.0000000000000022,0.0,0.0
7.0784764045304395e-152,1.0000000000000022,0.0,0.0
6.501667790473577e-152,1.0000000000000022,0.0,0.0
5.971861971684529e-152,1.0000000000000022,0.0,0.0
5.485228799463799e-152,1.0000000000000022,0.0,0.0
5.038250235040176e-152,1.0000000000000022,0.0,0.0
4.627694916457043e-152,1.0000000000000022,0.0,0.0
4.2505947979440895e-152,1.0000000000000022,0.0,0.0
3.904223692892411e-152,1.0000000000000022,0.0,0.0
3.5860775653127674e-152,1.0000000000000022,0.0,0.0
3.2938564272971665e-152,1.0000000000000022,0.0,0.0
3.0254477116142892e-152,1.0000000000000022,0.0,0.0
2.778910999233525e-152,1.0000000000000022,0.0,0.0
2.5524639913676297e-152,1.0000000000000022,0.0,0.0
2.344469624621065e-152,1.0000000000000022,0.0,0.0
2.1534242360950017e-152,1.0000000000000022,0.0,0.0
1.9779466928904464e-152,1.0000000000000022,0.0,0.0
1.816768407422929e-152,1.0000000000000022,0.0,0.0
1.6687241663660246e-152,1.0000000000000022,0.0,0.0
1.5327437069229829e-152,1.0000000000000022,0.0,0.0
1.4078439795284305e-152,1.0000000000000022,0.0,0.0
1.293122041044557e-152,1.0000000000000022,0.0,0.0
1.1877485270742478e-152,1.0000000000000022,0.0,0.0
1.0909616562002713e-152,1.0000000000000022,0.0,0.0
1.0020617228050987e-152,1.0000000000000022,0.0,0.0
9.204060386580546e-153,1.0000000000000022,0.0,0.0
8.454042867007933e-153,1.0000000000000022,0.0,0.0
7.7651425344201e-153,1.0000000000000022,0.0,0.0
7.132379091094054e-153,1.0000000000000022,0.0,0.0
6.551178072209677e-153,1.0000000000000022,0.0,0.0
6.017337775468356e-153,1.0000000000000022,0.0,0.0
5.526998885540227e-153,1.0000000000000022,0.0,0.0
5.076616573744731e-153,1.0000000000000022,0.0,0.0
4.662934871263441e-153,1.0000000000000022,0.0,0.0
4.282963130620294e-153,1.0000000000000022,0.0,0.0
3.93395440526118e-153,1.0000000000000022,0.0,0.0
3.613385590931408e-153,1.0000000000000022,0.0,0.0
3.318939185286231e-153,1.0000000000000022,0.0,0.0
3.0484865338683786e-153,1.0000000000000022,0.0,0.0
2.800072441331996e-153,1.0000000000000022,0.0,0.0
2.571901036662227e-153,1.0000000000000022,0.0,0.0
2.3623227902052543e-153,1.0000000000000022,0.0,0.0
2.169822588650422e-153,1.0000000000000022,0.0,0.0
1.9930087817543956e-153,1.0000000000000022,0.0,0.0
1.8306031216223452e-153,1.0000000000000022,0.0,0.0
1.6814315218137568e-153,1.0000000000000022,0.0,0.0
1.5444155694672645e-153,1.0000000000000022,0.0,0.0
1.41856472908273e-153,1.0000000000000022,0.0,0.0
1.3029691815990288e-153,1.0000000000000022,0.0,0.0
1.196793246998764e-153,1.0000000000000022,0.0,0.0
1.0992693428896617e-153,1.0000000000000022,0.0,0.0
1.0096924353871431e-153,1.0000000000000022,0.0,0.0
9.274149421815993e-154,1.0000000000000022,0.0,0.0
8.518420509428836e-154,1.0000000000000022,0.0,0.0
7.824274192171578e-154,1.0000000000000022,0.0,0.0
7.186692247291625e-154,1.0000000000000022,0.0,0.0
6.601065375361907e-154,1.0000000000000022,0.0,0.0
6.063159878068126e-154,1.0000000000000022,0.0,0.0
5.5690870513457985e-154,1.0000000000000022,0.0,0.0
5.115275072599522e-154,1.0000000000000022,0.0,0.0
4.6984431787674934e-154,1.0000000000000022,0.0,0.0
4.3155779485556284e-154,1.0000000000000022,0.0,0.0
3.96391151737737e-154,1.0000000000000022,0.0,0.0
3.6409015675074946e-154,1.0000000000000022,0.0,0.0
3.344212948791845e-154,1.0000000000000022,0.0,0.0
3.071700797042771e-154,1.0000000000000022,0.0,0.0
2.821395028077347e-154,1.0000000000000022,0.0,0.0
2.5914860953004253e-154,1.0000000000000022,0.0,0.0
2.3803119078691926e-154,1.0000000000000022,0.0,0.0
2.1863458148661386e-154,1.0000000000000022,0.0,0.0
2.0081855686138782e-154,1.0000000000000022,0.0,0.0
1.8445431873438365e-154,1.0000000000000022,0.0,0.0
1.694235643932536e-154,1.0000000000000022,0.0,0.0
1.556176313391151e-154,1.0000000000000022,0.0,0.0
1.4293671172792918e-154,1.0000000000000022,0.0,0.0
1.3128913082522766e-154,1.0000000000000022,0.0,0.0
1.2059068425788994e-154,1.0000000000000022,0.0,0.0
1.1076402927173458e-154,1.0000000000000022,0.0,0.0
1.0173812559411667e-154,1.0000000000000022,0.0,0.0
9.344772185933467e-155,1.0000000000000022,0.0,0.0
8.583288388403882e-155,1.0000000000000022,0.0,0.0
7.883856138238172e-155,1.0000000000000022,0.0,0.0
7.241418998854571e-155,1.0000000000000022,0.0,0.0
6.651332570953082e-155,1.0000000000000022,0.0,0.0
6.109330916553668e-155,1.0000000000000022,0.0,0.0
5.611495719061642e-155,1.0000000000000022,0.0,0.0
5.154227956407755e-155,1.0000000000000022,0.0,0.0
4.734221882478359e-155,1.0000000000000022,0.0,0.0
4.348441128738437e-155,1.0000000000000022,0.0,0.0
3.994096753277901e-155,1.0000000000000022,0.0,0.0
3.6686270785901786e-155,1.0000000000000022,0.0,0.0
3.369679172323413e-155,1.0000000000000022,0.0,0.0
3.0950918371222756e-155,1.0000000000000022,0.0,0.0
2.8428799865880874e-155,1.0000000000000022,0.0,0.0
2.611220294405693e-155,1.0000000000000022,0.0,0.0
2.398438012889673e-155,1.0000000000000022,0.0,0.0
2.202994865656641e-155,1.0000000000000022,0.0,0.0
2.0234779268955678e-155,1.0000000000000022,0.0,0.0
1.8585894068405645e-155,1.0000000000000022,0.0,0.0
1.7071372696017757e-155,1.0000000000000022,0.0,0.0
1.5680266155274632e-155,1.0000000000000022,0.0,0.0
1.4402517657974009e-155,1.0000000000000022,0.0,0.0
1.3228889920243835e-155,1.0000000000000022,0.0,0.0
1.2150898383036356e-155,1.0000000000000022,0.0,0.0
1.1160749874329148e-155,1.0000000000000022,0.0,0.0
1.0251286269601042e-155,1.0000000000000022,0.0,0.0
9.415932743285097e-156,1.0000000000000022,0.0,0.0
8.648650237090573e-156,1.0000000000000022,0.0,0.0
7.943891801571045e-156,1.0000000000000022,0.0,0.0
7.296562495316781e-156,1.0000000000000022,0.0,0.0
6.701982551868888e-156,1.0000000000000022,0.0,0.0
6.155853548076128e-156,1.0000000000000022,0.0,0.0
5.654227329313821e-156,1.0000000000000022,0.0,0.0
5.193477466914543e-156,1.0000000000000022,0.0,0.0
4.770273041466544e-156,1.0000000000000022,0.0,0.0
4.381554562450343e-156,1.0000000000000022,0.0,0.0
4.024511850128247e-156,1.0000000000000022,0.0,0.0
3.696563719787353e-156,1.0000000000000022,0.0,0.0
3.395339321466445e-156,1.0000000000000022,0.0,0.0
3.1186610002652395e-156,1.0000000000000022,0.0,0.0
2.8645285533272445e-156,1.0000000000000022,0.0,0.0
2.631104769684555e-156,1.0000000000000022,0.0,0.0
2.416702148427131e-156,1.0000000000000022,0.0,0.0
2.219770699177642e-156,1.0000000000000022,0.0,0.0
2.038886736677293e-156,1.0000000000000022,0.0,0.0
1.8727425884748573e-156,1.0000000000000022,0.0,0.0
1.7201371413122341e-156,1.0000000000000022,0.0,0.0
1.5799671578631106e-156,1.0000000000000022,0.0,0.0
1.451219301050436e-156,1.0000000000000022,0.0,0.0
1.3329628082837557e-156,1.0000000000000022,0.0,0.0
1.2243427626559422e-156,1.0000000000000022,0.0,0.0
1.1245739124544883e-156,1.0000000000000022,0.0,0.0
1.0329349943064795e-156,1.0000000000000022,0.0,0.0
9.487635189173096e-157,1.0000000000000022,0.0,0.0
8.714509817074455e-157,1.0000000000000022,0.0,0.0
8.004384637232863e-157,1.0000000000000022,0.0,0.0
7.352125910195882e-157,1.0000000000000022,0.0,0.0
6.753018233024363e-157,1.0000000000000022,0.0,0.0
6.202730450020882e-157,1.0000000000000022,0.0,0.0
5.697284341313795e-157,1.0000000000000022,0.0,0.0
5.233025862935908e-157,1.0000000000000022,0.0,0.0
4.8065987304823935e-157,1.0000000000000022,0.0,0.0
4.4149201553751076e-157,1.0000000000000022,0.0,0.0
4.0551585583224216e-157,1.0000000000000022,0.0,0.0
3.724713098857484e-157,1.0000000000000022,0.0,0.0
3.421194872966902e-157,1.0000000000000022,0.0,0.0
3.142409642881023e-157,1.0000000000000022,0.0,0.0
2.886341974173528e-157,1.0000000000000022,0.0,0.0
2.6511406654919568e-157,1.0000000000000022,0.0,0.0
2.4351053655856848e-157,1.0000000000000022,0.0,0.0
2.236674280881224e-157,1.0000000000000022,0.0,0.0
2.0544128847386862e-157,1.0000000000000022,0.0,0.0
1.887003546764734e-157,1.0000000000000022,0.0,0.0
1.7332360072087476e-157,1.0000000000000022,0.0,0.0
1.5919986275783428e-157,1.0000000000000022,0.0,0.0
1.4622703542219232e-157,1.0000000000000022,0.0,0.0
1.3431133367802388e-157,1.0000000000000022,0.0,0.0
1.2336661481431962e-157,1.0000000000000022,0.0,0.0
1.1331375568966524e-157,1.0000000000000022,0.0,0.0
1.0408008072380662e-157,1.0000000000000022,0.0,0.0
9.55988365008547e-158,1.0000000000000022,0.0,0.0
8.780870918585597e-158,1.0000000000000022,0.0,0.0
8.065338126596647e-158,1.0000000000000022,0.0,0.0
7.40811244117589e-158,1.0000000000000022,0.0,0.0
6.804442551531675e-158,1.0000000000000022,0.0,0.0
6.249964320161645e-158,1.0000000000000022,0.0,0.0
5.740669232999958e-158,1.0000000000000022,0.0,0.0
5.272875420488798e-158,1.0000000000000022,0.0,0.0
4.843201040075518e-158,1.0000000000000022,0.0,0.0
4.448539827708302e-158,1.0000000000000022,0.0,0.0
4.086038641583716e-158,1.0000000000000022,0.0,0.0
3.753076835802146e-158,1.0000000000000022,0.0,0.0
3.4472473148161886e-158,1.0000000000000022,0.0,0.0
3.166339131708065e-158,1.0000000000000022,0.0,0.0
2.9083215044930324e-158,1.0000000000000022,0.0,0.0
2.6713291348971244e-158,1.0000000000000022,0.0,0.0
2.4536487234736237e-158,1.0000000000000022,0.0,0.0
2.2537065835714005e-158,1.0000000000000022,0.0,0.0
2.0700572646122198e-158,1.0000000000000022,0.0,0.0
1.9013731024307787e-158,1.0000000000000022,0.0,0.0
1.7464346211332844e-158,1.0000000000000022,0.0,0.0
1.604121717086296e-158,1.0000000000000022,0.0,0.0
1.4734055613018591e-158,1.0000000000000022,0.0,0.0
1.3533411616784805e-158,1.0000000000000022,0.0,0.0
1.2430605313278234e-158,1.0000000000000022,0.0,0.0
1.1417664135986068e-158,1.0000000000000022,0.0,0.0
1.0487265184337413e-158,1.0000000000000022,0.0,0.0
9.632682283933475e-159,1.0000000000000022,0.0,0.0
8.84773736071672e-159,1.0000000000000022,0.0,0.0
8.126755777546114e-159,1.0000000000000022,0.0,0.0
7.464525310291215e-159,1.0000000000000022,0.0,0.0
6.85625846686913e-159,1.0000000000000022,0.0,0.0
6.297557876815703e-159,1.0000000000000022,0.0,0.0
5.784384501180228e-159,1.0000000000000022,0.0,0.0
5.313028432922048e-159,1.0000000000000022,0.0,0.0
4.880082076715078e-159,1.0000000000000022,0.0,0.0
4.4824155142678044e-159,1.0000000000000022,0.0,0.0
4.1171538770661894e-159,1.0000000000000022,0.0,0.0
3.7816565629592387e-159,1.0000000000000022,0.0,0.0
3.4734981463367767e-159,1.0000000000000022,0.0,0.0
3.190450843892529e-159,1.0000000000000022,0.0,0.0
2.9304684092114776e-159,1.0000000000000022,0.0,0.0
2.6916713397499145e-159,1.0000000000000022,0.0,0.0
2.472333289264357e-159,1.0000000000000022,0.0,0.0
2.2708685874600966e-159,1.0000000000000022,0.0,0.0
2.0858207766346237e-159,1.0000000000000022,0.0,0.0
1.915852082443372e-159,1.0000000000000022,0.0,0.0
1.759733742668328e-159,1.0000000000000022,0.0,0.0
1.6163371240728397e-159,1.0000000000000022,0.0,0.0
1.4846255631233114e-159,1.0000000000000022,0.0,0.0
1.363646871591549e-159,1.0000000000000022,0.0,0.0
1.2525264528581794e-159,1.0000000000000022,0.0,0.0
1.1504609791525267e-159,1.0000000000000022,0.0,0.0
1.0567125840195362e-159,1.0000000000000022,0.0,0.0
9.706035280290914e-160,1.0000000000000022,0.0,0.0
8.915112991642981e-160,1.0000000000000022,0.0,0.0
8.188641124677558e-160,1.0000000000000022,0.0,0.0
7.521367764112106e-160,1.0000000000000022,0.0,0.0
6.908468961051497e-160,1.0000000000000022,0.0,0.0
6.345513859000364e-160,1.0000000000000022,0.0,0.0
5.828432661675752e-160,1.0000000000000022,0.0,0.0
5.353487211048379e-160,1.0000000000000022,0.0,0.0
4.9172439629110285e-160,1.0000000000000022,0.0,0.0
4.5165491646051585e-160,1.0000000000000022,0.0,0.0
4.1485060554569555e-160,1.0000000000000022,0.0,0.0
3.8104539250969386e-160,1.0000000000000022,0.0,0.0
3.499948878268503e-160,1.0000000000000022,0.0,0.0
3.214746167067568e-160,1.0000000000000022,0.0,0.0
2.952783962887012e-160,1.0000000000000022,0.0,0.0
2.712168450747691e-160,1.0000000000000022,0.0,0.0
2.491160138257837e-160,1.0000000000000022,0.0,0.0
2.2881612802235666e-160,1.0000000000000022,0.0,0.0
2.1017043279987066e-160,1.0000000000000022,0.0,0.0
1.9304413200702848e-160,1.0000000000000022,0.0,0.0
1.7731341371805924e-160,1.0000000000000022,0.0,0.0
1.628645551536731e-160,1.0000000000000022,0.0,0.0
1.4959310053992993e-160,1.0000000000000022,0.0,0.0
1.3740310596148084e-160,1.0000000000000022,0.0,0.0
1.2620644574996637e-160,1.0000000000000022,0.0,0.0
1.159221753932144e-160,1.0000000000000022,0.0,0.0
1.0647594635948887e-160,1.0000000000000022,0.0,0.0
9.779946860635243e-161,1.0000000000000022,0.0,0.0
8.983001688843434e-161,1.0000000000000022,0.0,0.0
8.250997729503266e-161,1.0000000000000022,0.0,0.0
7.578643073931477e-161,1.0000000000000022,0.0,0.0
6.9610770388016276e-161,1.0000000000000022,0.0,0.0
6.393835026590588e-161,1.0000000000000022,0.0,0.0
5.8728162494656835e-161,1.0000000000000022,0.0,0.0
5.394254083277375e-161,1.0000000000000022,0.0,0.0
4.954688837336261e-161,1.0000000000000022,0.0,0.0
4.550942743117767e-161,1.0000000000000022,0.0,0.0
4.1800969810792295e-161,1.0000000000000022,0.0,0.0
3.83947057950835e-161,1.0000000000000022,0.0,0.0
3.5266010328555027e-161,1.0000000000000022,0.0,0.0
3.239226499433176e-161,1.0000000000000022,0.0,0.0
2.975269449783555e-161,1.0000000000000022,0.0,0.0
2.7328216475026883e-161,1.0000000000000022,0.0,0.0
2.510130353942435e-161,1.0000000000000022,0.0,0.0
2.3055856570592294e-161,1.0000000000000022,0.0,0.0
2.1177088328055596e-161,1.0000000000000022,0.0,0.0
1.9451416549246323e-161,1.0000000000000022,0.0,0.0
1.786636575865069e-161,1.0000000000000022,0.0,0.0
1.6410477078300711e-161,1.0000000000000022,0.0,0.0
1.507322538759956e-161,1.0000000000000022,0.0,0.0
1.384494323360052e-161,1.0000000000000022,0.0,0.0
1.2716750941660711e-161,1.0000000000000022,0.0,0.0
1.1680492421215418e-161,1.0000000000000022,0.0,0.0
1.0728676202590912e-161,1.0000000000000022,0.0,0.0
9.854421278590524e-162,1.0000000000000022,0.0,0.0
9.051407359324191e-162,1.0000000000000022,0.0,0.0
8.313829180656489e-162,1.0000000000000022,0.0,0.0
7.636354535953186e-162,1.0000000000000022,0.0,0.0
7.014085727723375e-162,1.0000000000000022,0.0,0.0
6.442524160477815e-162,1.0000000000000022,0.0,0.0
5.917537818833074e-162,1.0000000000000022,0.0,0.0
5.435331395749489e-162,1.0000000000000022,0.0,0.0
4.992418854949688e-162,1.0000000000000022,0.0,0.0
4.585598229161941e-162,1.0000000000000022,0.0,0.0
4.211928471996173e-162,1.0000000000000022,0.0,0.0
3.868708196106885e-162,1.0000000000000022,0.0,0.0
3.55345614393382e-162,1.0000000000000022,0.0,0.0
3.263893249836658e-162,1.0000000000000022,0.0,0.0
2.9979261639447164e-162,1.0000000000000022,0.0,0.0
2.7536321186099045e-162,1.0000000000000022,0.0,0.0
2.529245028057301e-162,1.0000000000000022,0.0,0.0
2.3231427207429456e-162,1.0000000000000022,0.0,0.0
2.1338352121171654e-162,1.0000000000000022,0.0,0.0
1.9599539330131942e-162,1.0000000000000022,0.0,0.0
1.8002418357894086e-162,1.0000000000000022,0.0,0.0
1.6535443066990712e-162,1.0000000000000022,0.0,0.0
1.5188008187899698e-162,1.0000000000000022,0.0,0.0
1.395037264989894e-162,1.0000000000000022,0.0,0.0
1.2813589159511822e-162,1.0000000000000022,0.0,0.0
1.176943951744173e-162,1.0000000000000022,0.0,0.0
1.0810375206379441e-162,1.0000000000000022,0.0,0.0
9.929462820172224e-163,1.0000000000000022,0.0,0.0
9.120333939843262e-163,1.0000000000000022,0.0,0.0
8.377139094097961e-163,1.0000000000000022,0.0,0.0
7.694505471481719e-163,1.0000000000000022,0.0,0.0
7.067498078475832e-163,1.0000000000000022,0.0,0.0
6.491584062730008e-163,1.0000000000000022,0.0,0.0
5.962599943511869e-163,1.0000000000000022,0.0,0.0
5.4767215124710644e-163,1.0000000000000022,0.0,0.0
5.0304361871202633e-163,1.0000000000000022,0.0,0.0
4.6205176171668174e-163,1.0000000000000022,0.0,0.0
4.244002360115522e-163,1.0000000000000022,0.0,0.0
3.898168457522372e-163,1.0000000000000022,0.0,0.0
3.5805157570196834e-163,1.0000000000000022,0.0,0.0
3.288747837853711e-163,1.0000000000000022,0.0,0.0
3.020755409268263e-163,1.0000000000000022,0.0,0.0
2.774601061715503e-163,1.0000000000000022,0.0,0.0
2.548505260655192e-163,1.0000000000000022,0.0,0.0
2.3408334816867266e-163,1.0000000000000022,0.0,0.0
2.1500843940094063e-163,1.0000000000000022,0.0,0.0
1.974879006785102e-163,1.0000000000000022,0.0,0.0
1.8139506999386412e-163,1.0000000000000022,0.0,0.0
1.6661360673251288e-163,1.0000000000000022,0.0,0.0
1.5303665060663154e-163,1.0000000000000022,0.0,0.0
1.405660491252424e-163,1.0000000000000022,0.0,0.0
1.2911164801605928e-163,1.0000000000000022,0.0,0.0
1.1859063946920931e-163,1.0000000000000022,0.0,0.0
1.0892696349106082e-163,1.0000000000000022,0.0,0.0
1.0005075804033867e-163,1.0000000000000022,0.0,0.0
9.189785397137123e-164,1.0000000000000022,0.0,0.0
8.440931113324011e-164,1.0000000000000022,0.0,0.0
7.753099227113344e-164,1.0000000000000022,0.0,0.0
7.121317164948902e-164,1.0000000000000022,0.0,0.0
6.5410175567529195e-164,1.0000000000000022,0.0,0.0
6.008005216835042e-164,1.0000000000000022,0.0,0.0
5.518426815450387e-164,1.0000000000000022,0.0,0.0
5.0687430217519435e-164,1.0000000000000022,0.0,0.0
4.655702916749138e-164,1.0000000000000022,0.0,0.0
4.276320491295012e-164,1.0000000000000022,0.0,0.0
3.9278530591978836e-164,1.0000000000000022,0.0,0.0
3.607781429398443e-164,1.0000000000000022,0.0,0.0
3.313791693870117e-164,1.0000000000000022,0.0,0.0
3.04375849958116e-164,1.0000000000000022,0.0,0.0
2.7957296835857403e-164,1.0000000000000022,0.0,0.0
2.567912160165784e-164,1.0000000000000022,0.0,0.0
2.3586589579968846e-164,1.0000000000000022,0.0,0.0
2.1664573136254733e-164,1.0000000000000022,0.0,0.0
1.9899177351809e-164,1.0000000000000022,0.0,0.0
1.827763957260239e-164,1.0000000000000022,0.0,0.0
1.6788237143662175e-164,1.0000000000000022,0.0,0.0
1.5420202661962705e-164,1.0000000000000022,0.0,0.0
1.4163646135161273e-164,1.0000000000000022,0.0,0.0
1.3009483483437895e-164,1.0000000000000022,0.0,0.0
1.1949370867554246e-164,1.0000000000000022,0.0,0.0
1.0975644368366652e-164,1.0000000000000022,0.0,0.0
1.0081264581715581e-164,1.0000000000000022,0.0,0.0
9.259765728148992e-165,1.0000000000000022,0.0,0.0
8.50520890957623e-165,1.0000000000000022,0.0,0.0
7.812139174928695e-165,1.0000000000000022,0.0,0.0
7.175546084440198e-165,1.0000000000000022,0.0,0.0
6.590827487452566e-165,1.0000000000000022,0.0,0.0
6.053756251883819e-165,1.0000000000000022,0.0,0.0
5.5604497048347565e-165,1.0000000000000022,0.0,0.0
5.107341563409598e-165,1.0000000000000022,0.0,0.0
4.691156152828898e-165,1.0000000000000022,0.0,0.0
4.308884725448607e-165,1.0000000000000022,0.0,0.0
3.9577637094873105e-165,1.0000000000000022,0.0,0.0
3.635254730214198e-165,1.0000000000000022,0.0,0.0
3.3390262591640633e-165,1.0000000000000022,0.0,0.0
3.0669367587151803e-165,1.0000000000000022,0.0,0.0
2.817019200176408e-165,1.0000000000000022,0.0,0.0
2.5874668434594527e-165,1.0000000000000022,0.0,0.0
2.3766201755326226e-165,1.0000000000000022,0.0,0.0
2.182954913229684e-165,1.0000000000000022,0.0,0.0
2.0050709836819722e-165,1.0000000000000022,0.0,0.0
1.8416824027095179e-165,1.0000000000000022,0.0,0.0
1.6916079779985892e-165,1.0000000000000022,0.0,0.0
1.5537627698557182e-165,1.0000000000000022,0.0,0.0
1.4271502478050666e-165,1.0000000000000022,0.0,0.0
1.3108550863264637e-165,1.0000000000000022,0.0,0.0
1.2040365476520363e-165,1.0000000000000022,0.0,0.0
1.1059224037833811e-165,1.0000000000000022,0.0,0.0
1.0158033537894519e-165,1.0000000000000022,0.0,0.0
9.330278960258862e-166,1.0000000000000022,0.0,0.0
8.569976182052762e-166,1.0000000000000022,0.0,0.0
7.871628712686846e-166,1.0000000000000022,0.0,0.0
7.230187957833288e-166,1.0000000000000022,0.0,0.0
6.641016721398957e-166,1.0000000000000022,0.0,0.0
6.099855681638073e-166,1.0000000000000022,0.0,0.0
5.60279259904863e-166,1.0000000000000022,0.0,0.0
5.1462340334458866e-166,1.0000000000000022,0.0,0.0
4.726879365745883e-166,1.0000000000000022,0.0,0.0
4.3416969366535404e-166,1.0000000000000022,0.0,0.0
3.987902129753682e-166,1.0000000000000022,0.0,0.0
3.662937240560098e-166,1.0000000000000022,0.0,0.0
3.3644529859890896e-166,1.0000000000000022,0.0,0.0
3.0902915205830925e-166,1.0000000000000022,0.0,0.0
2.8384708367028224e-166,1.0000000000000022,0.0,0.0
2.607170435911561e-166,1.0000000000000022,0.0,0.0
2.394718167965076e-166,1.0000000000000022,0.0,0.0
2.199578142261712e-166,1.0000000000000022,0.0,0.0
2.0203396243603574e-166,1.0000000000000022,0.0,0.0
1.8557068372953895e-166,1.0000000000000022,0.0,0.0
1.7044895939587985e-166,1.0000000000000022,0.0,0.0
1.5655946928277495e-166,1.0000000000000022,0.0,0.0
1.438018014834336e-166,1.0000000000000022,0.0,0.0
1.320837264243077e-166,1.0000000000000022,0.0,0.0
1.2132053010574561e-166,1.0000000000000022,0.0,0.0
1.1143440167531806e-166,1.0000000000000022,0.0,0.0
1.023538709063722e-166,1.0000000000000022,0.0,0.0
9.401329151515276e-167,1.0000000000000022,0.0,0.0
8.635236658121195e-167,1.0000000000000022,0.0,0.0
7.931571264020851e-167,1.0000000000000022,0.0,0.0
7.285245929777317e-167,1.0000000000000022,0.0,0.0
6.691588146991077e-167,1.0000000000000022,0.0,0.0
6.146306159127858e-167,1.0000000000000022,0.0,0.0
5.6454579349327986e-167,1.0000000000000022,0.0,0.0
5.1854226701290985e-167,1.0000000000000022,0.0,0.0
4.7628746113770945e-167,1.0000000000000022,0.0,0.0
4.374759013258168e-167,1.0000000000000022,0.0,0.0
4.018270054468229e-167,1.0000000000000022,0.0,0.0
3.6908305535693395e-167,1.0000000000000022,0.0,0.0
3.3900733376576647e-167,1.0000000000000022,0.0,0.0
3.113824129255429e-167,1.0000000000000022,0.0,0.0
2.860085827710326e-167,1.0000000000000022,0.0,0.0
2.627024071467218e-167,1.0000000000000022,0.0,0.0
2.4129539768367983e-167,1.0000000000000022,0.0,0.0
2.216327957391226e-167,1.0000000000000022,0.0,0.0
2.0357245359289327e-167,1.0000000000000022,0.0,0.0
1.8698380681264578e-167,1.0000000000000022,0.0,0.0
1.7174693035860424e-167,1.0000000000000022,0.0,0.0
1.5775167160415502e-167,1.0000000000000022,0.0,0.0
1.4489685400457838e-167,1.0000000000000022,0.0,0.0
1.330895456569673e-167,1.0000000000000022,0.0,0.0
1.2224438746350074e-167,1.0000000000000022,0.0,0.0
1.1228297604113273e-167,1.0000000000000022,0.0,0.0
1.031332969165384e-167,1.0000000000000022,0.0,0.0
9.47292039086887e-168,1.0000000000000022,0.0,0.0
8.700994093533061e-168,1.0000000000000022,0.0,0.0
7.991970278634764e-168,1.0000000000000022,0.0,0.0
7.340723168867961e-168,1.0000000000000022,0.0,0.0
6.742544674623096e-168,1.0000000000000022,0.0,0.0
6.193110357586079e-168,1.0000000000000022,0.0,0.0
5.688448167884622e-168,1.0000000000000022,0.0,0.0
5.224909728771962e-168,1.0000000000000022,0.0,0.0
4.799143961255061e-168,1.0000000000000022,0.0,0.0
4.408072857990641e-168,1.0000000000000022,0.0,0.0
4.0488692313102003e-168,1.0000000000000022,0.0,0.0
3.718936274506845e-168,1.0000000000000022,0.0,0.0
3.4158887886253996e-168,1.0000000000000022,0.0,0.0
3.1375359390378336e-168,1.0000000000000022,0.0,0.0
2.881865417145339e-168,1.0000000000000022,0.0,0.0
2.6470288927065354e-168,1.0000000000000022,0.0,0.0
2.431328651621701e-168,1.0000000000000022,0.0,0.0
2.233205322572943e-168,1.0000000000000022,0.0,0.0
2.0512266037919824e-168,1.0000000000000022,0.0,0.0
1.884076908457467e-168,1.0000000000000022,0.0,0.0
1.7305478538648238e-168,1.0000000000000022,0.0,0.0
1.5895295256115895e-168,1.0000000000000022,0.0,0.0
1.4600024536440022e-168,1.0000000000000022,0.0,0.0
1.3410302421569344e-168,1.0000000000000022,0.0,0.0
1.231752800066175e-168,1.0000000000000022,0.0,0.0
1.1313801231138159e-168,1.0000000000000022,0.0,0.0
1.0391865826554362e-168,1.0000000000000022,0.0,0.0
9.545056798407673e-169,1.0000000000000022,0.0,0.0
8.767252272639986e-169,1.0000000000000022,0.0,0.0
8.052829232502182e-169,1.0000000000000022,0.0,0.0
7.396622867829797e-169,1.0000000000000022,0.0,0.0
6.793889236851871e-169,1.0000000000000022,0.0,0.0
6.24027097060234e-169,1.0000000000000022,0.0,0.0
5.731765771999339e-169,1.0000000000000022,0.0,0.0
5.2646974818614384e-169,1.0000000000000022,0.0,0.0
4.835689502687056e-169,1.0000000000000022,0.0,0.0
4.441640388068404e-169,1.0000000000000022,0.0,0.0
4.0797014212674434e-169,1.0000000000000022,0.0,0.0
3.747256020861649e-169,1.0000000000000022,0.0,0.0
3.441900824575899e-169,1.0000000000000022,0.0,0.0
3.1614283145490054e-169,1.0000000000000022,0.0,0.0
2.9038108584269484e-169,1.0000000000000022,0.0,0.0
2.66718605091039e-169,1.0000000000000022,0.0,0.0
2.449843249785453e-169,1.0000000000000022,0.0,0.0
2.2502112091021094e-169,1.0000000000000022,0.0,0.0
2.0668467200961584e-169,1.0000000000000022,0.0,0.0
1.898424177736109e-169,1.0000000000000022,0.0,0.0
1.7437259974679437e-169,1.0000000000000022,0.0,0.0
1.6016338128771094e-169,1.0000000000000022,0.0,0.0
1.4711203906326035e-169,1.0000000000000022,0.0,0.0
1.351242204263503e-169,1.0000000000000022,0.0,0.0
1.2411326130812074e-169,1.0000000000000022,0.0,0.0
1.1399955969354802e-169,1.0000000000000022,0.0,0.0
1.0471000015106762e-169,1.0000000000000022,0.0,0.0
9.617742525594261e-170,1.0000000000000022,0.0,0.0
8.83401500861149e-170,1.0000000000000022,0.0,0.0
8.11415162806629e-170,1.0000000000000022,0.0,0.0
7.452948243700042e-170,1.0000000000000022,0.0,0.0
6.845624788565728e-170,1.0000000000000022,0.0,0.0
6.287790712277973e-170,1.0000000000000022,0.0,0.0
5.7754132402124625e-170,1.0000000000000022,0.0,0.0
5.30478821918951e-170,1.0000000000000022,0.0,0.0
4.8725133388752276e-170,1.0000000000000022,0.0,0.0
4.475463535308547e-170,1.0000000000000022,0.0,0.0
4.110768398737756e-170,1.0000000000000022,0.0,0.0
3.775791422439992e-170,1.0000000000000022,0.0,0.0
3.468110942506277e-170,1.0000000000000022,0.0,0.0
3.1855026307992345e-170,1.0000000000000022,0.0,0.0
2.9259234145190493e-170,1.0000000000000022,0.0,0.0
2.6874967061266786e-170,1.0000000000000022,0.0,0.0
2.468498836846341e-170,1.0000000000000022,0.0,0.0
2.2673465956704e-170,1.0000000000000022,0.0,0.0
2.0825857837818218e-170,1.0000000000000022,0.0,0.0
1.9128807016501814e-170,1.0000000000000022,0.0,0.0
1.7570044927998174e-170,1.0000000000000022,0.0,0.0
1.613830274441909e-170,1.0000000000000022,0.0,0.0
1.4823229908507597e-170,1.0000000000000022,0.0,0.0
1.3615319305895412e-170,1.0000000000000022,0.0,0.0
1.2505838534899446e-170,1.0000000000000022,0.0,0.0
1.1486766776983095e-170,1.0000000000000022,0.0,0.0
1.0550736811497104e-170,1.0000000000000022,0.0,0.0
9.690981755504644e-171,1.0000000000000022,0.0,0.0
8.90128614365443e-171,1.0000000000000022,0.0,0.0
8.175940994441425e-171,1.0000000000000022,0.0,0.0
7.509702538013699e-171,1.0000000000000022,0.0,0.0
6.897754307154501e-171,1.0000000000000022,0.0,0.0
6.335672317382229e-171,1.0000000000000022,0.0,0.0
5.819393084443244e-171,1.0000000000000022,0.0,0.0
5.345184247984961e-171,1.0000000000000022,0.0,0.0
4.909617589037638e-171,1.0000000000000022,0.0,0.0
4.509544246238969e-171,1.0000000000000022,0.0,0.0
4.142071951630995e-171,1.0000000000000022,0.0,0.0
3.804544121459106e-171,1.0000000000000022,0.0,0.0
3.4945206508132943e-171,1.0000000000000022,0.0,0.0
3.209760273269532e-171,1.0000000000000022,0.0,0.0
2.9482043580030193e-171,1.0000000000000022,0.0,0.0
2.7079620272370764e-171,1.0000000000000022,0.0,0.0
2.4872964864365847e-171,1.0000000000000022,0.0,0.0
2.284612468422236e-171,1.0000000000000022,0.0,0.0
2.098444700634773e-171,1.0000000000000022,0.0,0.0
1.9274473121751013e-171,1.0000000000000022,0.0,0.0
1.770384104040116e-171,1.0000000000000022,0.0,0.0
1.6261196122144318e-171,1.0000000000000022,0.0,0.0
1.4936108990100244e-171,1.0000000000000022,0.0,0.0
1.371900013310555e-171,1.0000000000000022,0.0,0.0
1.260107065212885e-171,1.0000000000000022,0.0,0.0
1.1574238649999828e-171,1.0000000000000022,0.0,0.0
1.0631080804591618e-171,1.0000000000000022,0.0,0.0
9.764778703068999e-172,1.0000000000000022,0.0,0.0
8.969069549234102e-172,1.0000000000000022,0.0,0.0
8.238200887616161e-172,1.0000000000000022,0.0,0.0
7.566889016990083e-172,1.0000000000000022,0.0,0.0
6.950280792680875e-172,1.0000000000000022,0.0,0.0
6.383918541509645e-172,1.0000000000000022,0.0,0.0
5.863707835739219e-172,1.0000000000000022,0.0,0.0
5.385887893046133e-172,1.0000000000000022,0.0,0.0
4.947004388530212e-172,1.0000000000000022,0.0,0.0
4.5438844822103976e-172,1.0000000000000022,0.0,0.0
4.173613881471971e-172,1.0000000000000022,0.0,0.0
3.833515772641724e-172,1.0000000000000022,0.0,0.0
3.5211314693801696e-172,1.0000000000000022,0.0,0.0
3.2342026379913606e-172,1.0000000000000022,0.0,0.0
2.970654971150957e-172,1.0000000000000022,0.0,0.0
2.728583192024305e-172,1.0000000000000022,0.0,0.0
2.5062372803641254e-172,1.0000000000000022,0.0,0.0
2.3020098210115404e-172,1.0000000000000022,0.0,0.0
2.114424383338384e-172,1.0000000000000022,0.0,0.0
1.9421248476217916e-172,1.0000000000000022,0.0,0.0
1.7838656011877515e-172,1.0000000000000022,0.0,0.0
1.6385025334481658e-172,1.0000000000000022,0.0,0.0
1.50498476473144e-172,1.0000000000000022,0.0,0.0
1.382347049111475e-172,1.0000000000000022,0.0,0.0
1.2697027963124893e-172,1.0000000000000022,0.0,0.0
1.1662376622426226e-172,1.0000000000000022,0.0,0.0
1.071203661820083e-172,1.0000000000000022,0.0,0.0
9.839137615314253e-173,1.0000000000000022,0.0,0.0
9.037369126297069e-173,1.0000000000000022,0.0,0.0
8.300934890657981e-173,1.0000000000000022,0.0,0.0
7.624510971720822e-173,1.0000000000000022,0.0,0.0
7.00320726805306e-173,1.0000000000000022,0.0,0.0
6.432532161238659e-173,1.0000000000000022,0.0,0.0
5.90836004442189e-173,1.0000000000000022,0.0,0.0
5.426901496874749e-173,1.0000000000000022,0.0,0.0
4.9846758889696415e-173,1.0000000000000022,0.0,0.0
4.578486219509273e-173,1.0000000000000022,0.0,0.0
4.2053960035041265e-173,1.0000000000000022,0.0,0.0
3.862708043311315e-173,1.0000000000000022,0.0,0.0
3.54794492966405e-173,1.0000000000000022,0.0,0.0
3.258831131626978e-173,1.0000000000000022,0.0,0.0
2.9932765459994785e-173,1.0000000000000022,0.0,0.0
2.7493613872399145e-173,1.0000000000000022,0.0,0.0
2.525322308674884e-173,1.0000000000000022,0.0,0.0
2.3195396546589224e-173,1.0000000000000022,0.0,0.0
2.13052575152612e-173,1.0000000000000022,0.0,0.0
1.95691415268492e-173,1.0000000000000022,0.0,0.0
1.7974497601051832e-173,1.0000000000000022,0.0,0.0
1.6509797507823383e-173,1.0000000000000022,0.0,0.0
1.5164452425829177e-173,1.0000000000000022,0.0,0.0
1.3928736392209933e-173,1.0000000000000022,0.0,0.0
1.2793715990247182e-173,1.0000000000000022,0.0,0.0
1.1751185766617633e-173,1.0000000000000022,0.0,0.0
1.0793608911345612e-173,1.0000000000000022,0.0,0.0
9.914062771608488e-174,1.0000000000000022,0.0,0.0
9.106188805495638e-174,1.0000000000000022,0.0,0.0
8.364146613919458e-174,1.0000000000000022,0.0,0.0
7.682571718359242e-174,1.0000000000000022,0.0,0.0
7.0565367791987425e-174,1.0000000000000022,0.0,0.0
6.481515974291375e-174,1.0000000000000022,0.0,0.0
5.953352280233483e-174,1.0000000000000022,0.0,0.0
5.468227419810708e-174,1.0000000000000022,0.0,0.0
5.022634258357203e-174,1.0000000000000022,0.0,0.0
4.6133514494714805e-174,1.0000000000000022,0.0,0.0
4.23742014679401e-174,1.0000000000000022,0.0,0.0
3.892122613488039e-174,1.0000000000000022,0.0,0.0
3.5749625747841536e-174,1.0000000000000022,0.0,0.0
3.2836471715503995e-174,1.0000000000000022,0.0,0.0
3.016070384424079e-174,1.0000000000000022,0.0,0.0
2.770297808672588e-174,1.0000000000000022,0.0,0.0
2.544552669715499e-174,1.0000000000000022,0.0,0.0
2.337202978209301e-174,1.0000000000000022,0.0,0.0
2.1467497318344682e-174,1.0000000000000022,0.0,0.0
1.971816078491518e-174,1.0000000000000022,0.0,0.0
1.8111373625630752e-174,1.0000000000000022,0.0,0.0
1.6635519822829374e-174,1.0000000000000022,0.0,0.0
1.5279929921169145e-174,1.0000000000000022,0.0,0.0
1.4034803894461675e-174,1.0000000000000022,0.0,0.0
1.2891140297908184e-174,1.0000000000000022,0.0,0.0
1.184067119355546e-174,1.0000000000000022,0.0,0.0
1.087580237852537e-174,1.0000000000000022,0.0,0.0
9.989558483907247e-175,1.0000000000000022,0.0,0.0
9.175532547414104e-175,1.0000000000000022,0.0,0.0
8.427839695246061e-175,1.0000000000000022,0.0,0.0
7.741074598311226e-175,1.0000000000000022,0.0,0.0
7.110272395240397e-175,1.0000000000000022,0.0,0.0
6.530872799694603e-175,1.0000000000000022,0.0,0.0
5.998687132484853e-175,1.0000000000000022,0.0,0.0
5.50986804016793e-175,1.0000000000000022,0.0,0.0
5.060881681203541e-175,1.0000000000000022,0.0,0.0
4.6484821785969593e-175,1.0000000000000022,0.0,0.0
4.2696881543365364e-175,1.0000000000000022,0.0,0.0
3.9217611759854324e-175,1.0000000000000022,0.0,0.0
3.6021859596105704e-175,1.0000000000000022,0.0,0.0
3.30865218592896e-175,1.0000000000000022,0.0,0.0
3.0390377982140525e-175,1.0000000000000022,0.0,0.0
2.791393661216954e-175,1.0000000000000022,0.0,0.0
2.5639294701965316e-175,1.0000000000000022,0.0,0.0
2.3550008081899636e-175,1.0000000000000022,0.0,0.0
2.163097257956267e-175,1.0000000000000022,0.0,0.0
1.9868314826499603e-175,1.0000000000000022,0.0,0.0
1.8249291962852878e-175,1.0000000000000022,0.0,0.0
1.6762199514840332e-175,1.0000000000000022,0.0,0.0
1.5396286779083882e-175,1.0000000000000022,0.0,0.0
1.4141679102072845e-175,1.0000000000000022,0.0,0.0
1.2989306492893447e-175,1.0000000000000022,0.0,0.0
1.1930838053141307e-175,1.0000000000000022,0.0,0.0
1.0958621749988168e-175,1.0000000000000022,0.0,0.0
1.0065629097001656e-175,1.0000000000000022,0.0,0.0
9.245404342796645e-176,1.0000000000000022,0.0,0.0
8.492017800185491e-176,1.0000000000000022,0.0,0.0
7.800022978427498e-176,1.0000000000000022,0.0,0.0
7.164417208671895e-176,1.0000000000000022,0.0,0.0
6.580605477942065e-176,1.0000000000000022,0.0,0.0
6.0443672102044826e-176,1.0000000000000022,0.0,0.0
5.5518257543712245e-176,1.0000000000000022,0.0,0.0
5.099420358654363e-176,1.0000000000000022,0.0,0.0
4.683880428665165e-176,1.0000000000000022,0.0,0.0
4.3022018831610436e-176,1.0000000000000022,0.0,0.0
3.951625436507823e-176,1.0000000000000022,0.0,0.0
3.6296166508537406e-176,1.0000000000000022,0.0,0.0
3.3338476138055005e-176,1.0000000000000022,0.0,0.0
3.0621801091479795e-176,1.0000000000000022,0.0,0.0
2.812650158942924e-176,1.0000000000000022,0.0,0.0
2.5834538252561548e-176,1.0000000000000022,0.0,0.0
2.3729341688690607e-176,1.0000000000000022,0.0,0.0
2.1795692706944325e-176,1.0000000000000022,0.0,0.0
2.0019612292993182e-176,1.0000000000000022,0.0,0.0
1.838826054994204e-176,1.0000000000000022,0.0,0.0
1.6889843874294147e-176,1.0000000000000022,0.0,0.0
1.551352969593041e-176,1.0000000000000022,0.0,0.0
1.4249368165729875e-176,1.0000000000000022,0.0,0.0
1.308822022468424e-176,1.0000000000000022,0.0,0.0
1.202169153449333e-176,1.0000000000000022,0.0,0.0
1.1042071792002966e-176,1.0000000000000022,0.0,0.0
1.0142278988768482e-176,1.0000000000000022,0.0,0.0
9.31580821277701e-177,1.0000000000000022,0.0,0.0
8.556684622198638e-177,1.0000000000000022,0.0,0.0
7.859420251197393e-177,1.0000000000000022,0.0,0.0
7.218974335536489e-177,1.0000000000000022,0.0,0.0
6.6307168711578835e-177,1.0000000000000022,0.0,0.0
6.09039514228864e-177,1.0000000000000022,0.0,0.0
5.594102977094202e-177,1.0000000000000022,0.0,0.0
5.138252508617134e-177,1.0000000000000022,0.0,0.0
4.719548236851429e-177,1.0000000000000022,0.0,0.0
4.334963204438176e-177,1.0000000000000022,0.0,0.0
3.981717113748502e-177,1.0000000000000022,0.0,0.0
3.657256227154628e-177,1.0000000000000022,0.0,0.0
3.3592349051811986e-177,1.0000000000000022,0.0,0.0
3.0854986490698045e-177,1.0000000000000022,0.0,0.0
2.8340685251655715e-177,1.0000000000000022,0.0,0.0
2.6031268585243346e-177,1.0000000000000022,0.0,0.0
2.39100409231456e-177,1.0000000000000022,0.0,0.0
2.1961667180161095e-177,1.0000000000000022,0.0,0.0
2.017206189159093e-177,1.0000000000000022,0.0,0.0
1.8528287384564135e-177,1.0000000000000022,0.0,0.0
1.701846024714548e-177,1.0000000000000022,0.0,0.0
1.5631665419058602e-177,1.0000000000000022,0.0,0.0
1.435787728295675e-177,1.0000000000000022,0.0,0.0
1.3187887185782699e-177,1.0000000000000022,0.0,0.0
1.2113236866244877e-177,1.0000000000000022,0.0,0.0
1.1126157307133922e-177,1.0000000000000022,0.0,0.0
1.021951257042207e-177,1.0000000000000022,0.0,0.0
9.386748209109931e-178,1.0000000000000022,0.0,0.0
8.621843882872144e-178,1.0000000000000022,0.0,0.0
7.919269834944098e-178,1.0000000000000022,0.0,0.0
7.273946915606141e-178,1.0000000000000022,0.0,0.0
6.681209863261287e-178,1.0000000000000022,0.0,0.0
6.136773577652671e-178,1.0000000000000022,0.0,0.0
5.636702141398244e-178,1.0000000000000022,0.0,0.0
5.177380365888709e-178,1.0000000000000022,0.0,0.0
4.755487655844198e-178,1.0000000000000022,0.0,0.0
4.367974003587562e-178,1.0000000000000022,0.0,0.0
4.0120379394886274e-178,1.0000000000000022,0.0,0.0
3.6851062791755635e-178,1.0000000000000022,0.0,0.0
3.384815521099002e-178,1.0000000000000022,0.0,0.0
3.108994759965478e-178,1.0000000000000022,0.0,0.0
2.8556499925155263e-178,1.0000000000000022,0.0,0.0
2.622949702187492e-178,1.0000000000000022,0.0,0.0
2.4092116184536397e-178,1.0000000000000022,0.0,0.0
2.212890555107223e-178,1.0000000000000022,0.0,0.0
2.0325672395793256e-178,1.0000000000000022,0.0,0.0
1.8669380525287394e-178,1.0000000000000022,0.0,0.0
1.7148056035288538e-178,1.0000000000000022,0.0,0.0
1.5750700747199484e-178,1.0000000000000022,0.0,0.0
1.446721269847169e-178,1.0000000000000022,0.0,0.0
1.3288313112039448e-178,1.0000000000000022,0.0,0.0
1.2205479316845415e-178,1.0000000000000022,0.0,0.0
1.1210883134516781e-178,1.0000000000000022,0.0,0.0
1.0297334286768231e-178,1.0000000000000022,0.0,0.0
9.458228414404304e-179,1.0000000000000022,0.0,0.0
8.687499332132581e-179,1.0000000000000022,0.0,0.0
7.979575174021366e-179,1.0000000000000022,0.0,0.0
7.329338112562214e-179,1.0000000000000022,0.0,0.0
6.73208736013259e-179,1.0000000000000022,0.0,0.0
6.183505185383445e-179,1.0000000000000022,0.0,0.0
5.679625698872528e-179,1.0000000000000022,0.0,0.0
5.216806182283954e-179,1.0000000000000022,0.0,0.0
4.79170075396317e-179,1.0000000000000022,0.0,0.0
4.4012361803863274e-179,1.0000000000000022,0.0,0.0
4.042589658696895e-179,1.0000000000000022,0.0,0.0
3.713168409691794e-179,1.0000000000000022,0.0,0.0
3.4105909337277237e-179,1.0000000000000022,0.0,0.0
3.132669794040194e-179,1.0000000000000022,0.0,0.0
2.8773958030099177e-179,1.0000000000000022,0.0,0.0
2.642923497053664e-179,1.0000000000000022,0.0,0.0
2.4275577951325365e-179,1.0000000000000022,0.0,0.0
2.2297417444274527e-179,1.0000000000000022,0.0,0.0
2.0480452645910906e-179,1.0000000000000022,0.0,0.0
1.881154809204615e-179,1.0000000000000022,0.0,0.0
1.7278638696983053e-179,1.0000000000000022,0.0,0.0
1.5870642530856508e-179,1.0000000000000022,0.0,0.0
1.4577380704546514e-179,1.0000000000000022,0.0,0.0
1.3389503782983689e-179,1.0000000000000022,0.0,0.0
1.2298424194863727e-179,1.0000000000000022,0.0,0.0
1.129625415013737e-179,1.0000000000000022,0.0,0.0
1.0375748616460022e-179,1.0000000000000022,0.0,0.0
9.530252942358142e-180,1.0000000000000022,0.0,0.0
8.753654748462264e-180,1.0000000000000022,0.0,0.0
8.04033973901176e-180,1.0000000000000022,0.0,0.0
7.385151114177553e-180,1.0000000000000022,0.0,0.0
6.7833522897804216e-180,1.0000000000000022,0.0,0.0
6.23059265489297e-180,1.0000000000000022,0.0,0.0
5.7228761197751155e-180,1.0000000000000022,0.0,0.0
5.256532226765336e-180,1.0000000000000022,0.0,0.0
4.828189615278326e-180,1.0000000000000022,0.0,0.0
4.4347516490784275e-180,1.0000000000000022,0.0,0.0
4.073374029629967e-180,1.0000000000000022,0.0,0.0
3.7414442336837244e-180,1.0000000000000022,0.0,0.0
3.436562626446763e-180,1.0000000000000022,0.0,0.0
3.156525113796205e-180,1.0000000000000022,0.0,0.0
2.8993072081238542e-180,1.0000000000000022,0.0,0.0
2.6630493926181556e-180,1.0000000000000022,0.0,0.0
2.4460436781768507e-180,1.0000000000000022,0.0,0.0
2.2467212557656208e-180,1.0000000000000022,0.0,0.0
2.063641154957369e-180,1.0000000000000022,0.0,0.0
1.895479826660814e-180,1.0000000000000022,0.0,0.0
1.7410215747283497e-180,1.0000000000000022,0.0,0.0
1.59914976726998e-180,1.0000000000000022,0.0,0.0
1.4688387641368785e-180,1.0000000000000022,0.0,0.0
1.3491465022155803e-180,1.0000000000000022,0.0,0.0
1.2392076849293404e-180,1.0000000000000022,0.0,0.0
1.1382275267112212e-180,1.0000000000000022,0.0,0.0
1.0454760072255498e-180,1.0000000000000022,0.0,0.0
9.602825937995324e-181,1.0000000000000022,0.0,0.0
8.820313939116688e-181,1.0000000000000022,0.0,0.0
8.101567026926363e-181,1.0000000000000022,0.0,0.0
7.44138913249992e-181,1.0000000000000022,0.0,0.0
6.835007602510231e-181,1.0000000000000022,0.0,0.0
6.278038696073144e-181,1.0000000000000022,0.0,0.0
5.766455893175107e-181,1.0000000000000022,0.0,0.0
5.296560785573487e-181,1.0000000000000022,0.0,0.0
4.864956339729857e-181,1.0000000000000022,0.0,0.0
4.4685223384848003e-181,1.0000000000000022,0.0,0.0
4.1043928239336345e-181,1.0000000000000022,0.0,0.0
3.769935378429846e-181,1.0000000000000022,0.0,0.0
3.4627320939314633e-181,1.0000000000000022,0.0,0.0
3.180562092111231e-181,1.0000000000000022,0.0,0.0
2.921385468862436e-181,1.0000000000000022,0.0,0.0
2.683328547129689e-181,1.0000000000000022,0.0,0.0
2.464670331452305e-181,1.0000000000000022,0.0,0.0
2.2638300662955014e-181,1.0000000000000022,0.0,0.0
2.0793558082243131e-181,1.0000000000000022,0.0,0.0
1.9099139293045352e-181,1.0000000000000022,0.0,0.0
1.7542794758471567e-181,1.0000000000000022,0.0,0.0
1.6113273127963396e-181,1.0000000000000022,0.0,0.0
1.4800239897406658e-181,1.0000000000000022,0.0,0.0
1.3594202697442504e-181,1.0000000000000022,0.0,0.0
1.2486442669860687e-181,1.0000000000000022,0.0,0.0
1.1468951435971269e-181,1.0000000000000022,0.0,0.0
1.053437320127743e-181,1.0000000000000022,0.0,0.0
9.675951577904134e-182,1.0000000000000022,0.0,0.0
8.887480740343656e-182,1.0000000000000022,0.0,0.0
8.163260561406046e-182,1.0000000000000022,0.0,0.0
7.498055404036872e-182,1.0000000000000022,0.0,0.0
6.887056271094084e-182,1.0000000000000022,0.0,0.0
6.325846039451739e-182,1.0000000000000022,0.0,0.0
5.810367527095901e-182,1.0000000000000022,0.0,0.0
5.336894162358803e-182,1.0000000000000022,0.0,0.0
4.902003043249033e-182,1.0000000000000022,0.0,0.0
4.5025501921143875e-182,1.0000000000000022,0.0,0.0
4.13564782674481e-182,1.0000000000000022,0.0,0.0
3.798643483600405e-182,1.0000000000000022,0.0,0.0
3.489100842239149e-182,1.0000000000000022,0.0,0.0
3.20478211231748e-182,1.0000000000000022,0.0,0.0
2.943631855833338e-182,1.0000000000000022,0.0,0.0
2.7037621276570676e-182,1.0000000000000022,0.0,0.0
2.4834388269259747e-182,1.0000000000000022,0.0,0.0
2.2810691606320605e-182,1.0000000000000022,0.0,0.0
2.0951901287729e-182,1.0000000000000022,0.0,0.0
1.9244579478208487e-182,1.0000000000000022,0.0,0.0
1.7676383360491975e-182,1.0000000000000022,0.0,0.0
1.623597590484552e-182,1.0000000000000022,0.0,0.0
1.4912943909776547e-182,1.0000000000000022,0.0,0.0
1.3697722721414537e-182,1.0000000000000022,0.0,0.0
1.2581527087334657e-182,1.0000000000000022,0.0,0.0
1.1556287644942846e-182,1.0000000000000022,0.0,0.0
1.0614592585274973e-182,1.0000000000000022,0.0,0.0
9.749634070477627e-183,1.0000000000000022,0.0,0.0
8.955159017604039e-183,1.0000000000000022,0.0,0.0
8.225423892924245e-183,1.0000000000000022,0.0,0.0
7.555153189942002e-183,1.0000000000000022,0.0,0.0
6.939501290941738e-183,1.0000000000000022,0.0,0.0
6.374017436349523e-183,1.0000000000000022,0.0,0.0
5.854613548659523e-183,1.0000000000000022,0.0,0.0
5.377534678313999e-183,1.0000000000000022,0.0,0.0
4.939331857879962e-183,1.0000000000000022,0.0,0.0
4.536837168275972e-183,1.0000000000000022,0.0,0.0
4.167140836794237e-183,1.0000000000000022,0.0,0.0
3.827570201351752e-183,1.0000000000000022,0.0,0.0
3.5156703888957823e-183,1.0000000000000022,0.0,0.0
3.2291865682812457e-183,1.0000000000000022,0.0,0.0
2.966047649319927e-183,1.0000000000000022,0.0,0.0
2.7243513101563395e-183,1.0000000000000022,0.0,0.0
2.502350244727978e-183,1.0000000000000022,0.0,0.0
2.2984395308881197e-183,1.0000000000000022,0.0,0.0
2.1111450278709797e-183,1.0000000000000022,0.0,0.0
1.939112719220503e-183,1.0000000000000022,0.0,0.0
1.7810989241391574e-183,1.0000000000000022,0.0,0.0
1.6359613064911932e-183,1.0000000000000022,0.0,0.0
1.502650616461361e-183,1.0000000000000022,0.0,0.0
1.3802031051666948e-183,1.0000000000000022,0.0,0.0
1.2677335573839766e-183,1.0000000000000022,0.0,0.0
1.1644288920240678e-183,1.0000000000000022,0.0,0.0
1.0695422840887367e-183,1.0000000000000022,0.0,0.0
9.823877656155823e-184,1.0000000000000022,0.0,0.0
9.023352665794241e-184,1.0000000000000022,0.0,0.0
8.288060598991295e-184,1.0000000000000022,0.0,0.0
7.612685776202635e-184,1.0000000000000022,0.0,0.0
6.992345680273033e-184,1.0000000000000022,0.0,0.0
6.422555659038608e-184,1.0000000000000022,0.0,0.0
5.899196504232063e-184,1.0000000000000022,0.0,0.0
5.418484672307703e-184,1.0000000000000022,0.0,0.0
4.976944931902297e-184,1.0000000000000022,0.0,0.0
4.5713852401908825e-184,1.0000000000000022,0.0,0.0
4.1988736665100183e-184,1.0000000000000022,0.0,0.0
3.8567171964214296e-184,1.0000000000000022,0.0,0.0
3.542442262983309e-184,1.0000000000000022,0.0,0.0
3.253776864483135e-184,1.0000000000000022,0.0,0.0
2.988634139354944e-184,1.0000000000000022,0.0,0.0
2.74509727953847e-184,1.0000000000000022,0.0,0.0
2.521405673213636e-184,1.0000000000000022,0.0,0.0
2.315942176731451e-184,1.0000000000000022,0.0,0.0
2.1272214237257173e-184,1.0000000000000022,0.0,0.0
1.9538790868880924e-184,1.0000000000000022,0.0,0.0
1.7946620147761779e-184,1.0000000000000022,0.0,0.0
1.6484191723502287e-184,1.0000000000000022,0.0,0.0
1.5140933197444986e-184,1.0000000000000022,0.0,0.0
1.3907133691161946e-184,1.0000000000000022,0.0,0.0
1.2773873643170765e-184,1.0000000000000022,0.0,0.0
1.1732960326353178e-184,1.0000000000000022,0.0,0.0
1.0776868619909625e-184,1.0000000000000022,0.0,0.0
9.898686607669757e-185,1.0000000000000022,0.0,0.0
9.092065609470361e-185,1.0000000000000022,0.0,0.0
8.351174284360328e-185,1.0000000000000022,0.0,0.0
7.670656473828933e-185,1.0000000000000022,0.0,0.0
7.045592480291601e-185,1.0000000000000022,0.0,0.0
6.471463500901998e-185,1.0000000000000022,0.0,0.0
5.944118959570229e-185,1.0000000000000022,0.0,0.0
5.4597465010190637e-185,1.0000000000000022,0.0,0.0
5.014844429954871e-185,1.0000000000000022,0.0,0.0
4.606196396106557e-185,1.0000000000000022,0.0,0.0
4.230848142121922e-185,1.0000000000000022,0.0,0.0
3.8860861462239804e-185,1.0000000000000022,0.0,0.0
3.569418005227652e-185,1.0000000000000022,0.0,0.0
3.2785544160988914e-185,1.0000000000000022,0.0,0.0
3.011392625794745e-185,1.0000000000000022,0.0,0.0
2.7660012297375383e-185,1.0000000000000022,0.0,0.0
2.540606209026111e-185,1.0000000000000022,0.0,0.0
2.3335781054423112e-185,1.0000000000000022,0.0,0.0
2.1434202415364402e-185,1.0000000000000022,0.0,0.0
1.9687579006305972e-185,1.0000000000000022,0.0,0.0
1.8083283885184403e-185,1.0000000000000022,0.0,0.0
1.6609719050139658e-185,1.0000000000000022,0.0,0.0
1.5256231593565947e-185,1.0000000000000022,0.0,0.0
1.4013036688574377e-185,1.0000000000000022,0.0,0.0
1.287114685111002e-185,1.0000000000000022,0.0,0.0
1.1822306966334899e-185,1.0000000000000022,0.0,0.0
1.0858934609560224e-185,1.0000000000000022,0.0,0.0
9.97406523028735e-186,1.0000000000000022,0.0,0.0
9.161301803074028e-186,1.0000000000000022,0.0,0.0
8.414768581234701e-186,1.0000000000000022,0.0,0.0
7.729068619044435e-186,1.0000000000000022,0.0,0.0
7.099244755359866e-186,1.0000000000000022,0.0,0.0
6.520743776594336e-186,1.0000000000000022,0.0,0.0
5.989383499968988e-186,1.0000000000000022,0.0,0.0
5.50132253907336e-186,1.0000000000000022,0.0,0.0
5.053032533160261e-186,1.0000000000000022,0.0,0.0
4.641272639410957e-186,1.0000000000000022,0.0,0.0
4.263066103766475e-186,1.0000000000000022,0.0,0.0
3.915678740947477e-186,1.0000000000000022,0.0,0.0
3.596599168087382e-186,1.0000000000000022,0.0,0.0
3.3035206490808383e-186,1.0000000000000022,0.0,0.0
3.034324418394109e-186,1.0000000000000022,0.0,0.0
2.7870643637794455e-186,1.0000000000000022,0.0,0.0
2.5599529571595153e-186,1.0000000000000022,0.0,0.0
2.351348331971406e-186,1.0000000000000022,0.0,0.0
2.1597424135478764e-186,1.0000000000000022,0.0,0.0
1.9837500167262876e-186,1.0000000000000022,0.0,0.0
1.822098831868086e-186,1.0000000000000022,0.0,0.0
1.6736202268943116e-186,1.0000000000000022,0.0,0.0
1.5372407988418876e-186,1.0000000000000022,0.0,0.0
1.4119746138639814e-186,1.0000000000000022,0.0,0.0
1.2969160795747252e-186,1.0000000000000022,0.0,0.0
1.1912333982100222e-186,1.0000000000000022,0.0,0.0
1.0941625532750874e-186,1.0000000000000022,0.0,0.0
1.00500178620612e-186,1.0000000000000022,0.0,0.0
9.231065231160005e-187,1.0000000000000022,0.0,0.0
8.478847149477058e-187,1.0000000000000022,0.0,0.0
7.787925573478067e-187,1.0000000000000022,0.0,0.0
7.153305593175418e-187,1.0000000000000022,0.0,0.0
6.570399322203899e-187,1.0000000000000022,0.0,0.0
6.034992730410366e-187,1.0000000000000022,0.0,0.0
5.543215179178681e-187,1.0000000000000022,0.0,0.0
5.091511439250325e-187,1.0000000000000022,0.0,0.0
4.676615988747872e-187,1.0000000000000022,0.0,0.0
4.295529405592868e-187,1.0000000000000022,0.0,0.0
3.945496683650796e-187,1.0000000000000022,0.0,0.0
3.6239873158430593e-187,1.0000000000000022,0.0,0.0
3.328677000239945e-187,1.0000000000000022,0.0,0.0
3.0574308368816134e-187,1.0000000000000022,0.0,0.0
2.8082878938511516e-187,1.0000000000000022,0.0,0.0
2.5794470310225066e-187,1.0000000000000022,0.0,0.0
2.3692538789983066e-187,1.0000000000000022,0.0,0.0
2.1761888791038107e-187,1.0000000000000022,0.0,0.0
1.9988562979740026e-187,1.0000000000000022,0.0,0.0
1.8359741373164793e-187,1.0000000000000022,0.0,0.0
1.6863648659043482e-187,1.0000000000000022,0.0,0.0
1.548946906797511e-187,1.0000000000000022,0.0,0.0
1.4227268182505318e-187,1.0000000000000022,0.0,0.0
1.30679211178017e-187,1.0000000000000022,0.0,0.0
1.2003046554719273e-187,1.0000000000000022,0.0,0.0
1.1024946148358324e-187,1.0000000000000022,0.0,0.0
1.012654887407823e-187,1.0000000000000022,0.0,0.0
9.301359908625484e-188,1.0000000000000022,0.0,0.0
8.543413676819935e-188,1.0000000000000022,0.0,0.0
7.847230724357604e-188,1.0000000000000022,0.0,0.0
7.207778104948696e-188,1.0000000000000022,0.0,0.0
6.620432995415813e-188,1.0000000000000022,0.0,0.0
6.080949275713361e-188,1.0000000000000022,0.0,0.0
5.585426832263614e-188,1.0000000000000022,0.0,0.0
5.1302833626926775e-188,1.0000000000000022,0.0,0.0
4.7122284781330897e-188,1.0000000000000022,0.0,0.0
4.328239915869664e-188,1.0000000000000022,0.0,0.0
3.9755416903616305e-188,1.0000000000000022,0.0,0.0
3.651584024687263e-188,1.0000000000000022,0.0,0.0
3.3540249173285155e-188,1.0000000000000022,0.0,0.0
3.0807132110355876e-188,1.0000000000000022,0.0,0.0
2.829673041370434e-188,1.0000000000000022,0.0,0.0
2.5990895525023632e-188,1.0000000000000022,0.0,0.0
2.3872957769902995e-188,1.0000000000000022,0.0,0.0
2.1927605847011446e-188,1.0000000000000022,0.0,0.0
2.014077613742808e-188,1.0000000000000022,0.0,0.0
1.849955103389818e-188,1.0000000000000022,0.0,0.0
1.6992065555002266e-188,1.0000000000000022,0.0,0.0
1.5607421569119772e-188,1.0000000000000022,0.0,0.0
1.4335609008082867e-188,1.0000000000000022,0.0,0.0
1.3167433500946754e-188,1.0000000000000022,0.0,0.0
1.2094449904716087e-188,1.0000000000000022,0.0,0.0
1.1108901251498217e-188,1.0000000000000022,0.0,0.0
1.020366267071124e-188,1.0000000000000022,0.0,0.0
9.372189880941149e-189,1.0000000000000022,0.0,0.0
8.608471879078003e-189,1.0000000000000022,0.0,0.0
7.9069874847046e-189,1.0000000000000022,0.0,0.0
7.262665425582053e-189,1.0000000000000022,0.0,0.0
6.670847675676511e-189,1.0000000000000022,0.0,0.0
6.1272557806849985e-189,1.0000000000000022,0.0,0.0
5.6279599276159986e-189,1.0000000000000022,0.0,0.0
5.16935053481813e-189,1.0000000000000022,0.0,0.0
4.748112157071451e-189,1.0000000000000022,0.0,0.0
4.361199517092311e-189,1.0000000000000022,0.0,0.0
4.005815490175243e-189,1.0000000000000022,0.0,0.0
3.679390882815296e-189,1.0000000000000022,0.0,0.0
3.379565859123502e-189,1.0000000000000022,0.0,0.0
3.104172880760635e-189,1.0000000000000022,0.0,0.0
2.8512210370561825e-189,1.0000000000000022,0.0,0.0
2.6188816520295474e-189,1.0000000000000022,0.0,0.0
2.4054750642616933e-189,1.0000000000000022,0.0,0.0
2.2094584840443616e-189,1.0000000000000022,0.0,0.0
2.0294148400220225e-189,1.0000000000000022,0.0,0.0
1.864042534695085e-189,1.0000000000000022,0.0,0.0
1.7121460347233744e-189,1.0000000000000022,0.0,0.0
1.5726272280039423e-189,1.0000000000000022,0.0,0.0
1.4444774850405464e-189,1.0000000000000022,0.0,0.0
1.3267703672137051e-189,1.0000000000000022,0.0,0.0
1.2186549292369054e-189,1.0000000000000022,0.0,0.0
1.119349567380107e-189,1.0000000000000022,0.0,0.0
1.0281363689872393e-189,1.0000000000000022,0.0,0.0
9.443559224383998e-190,1.0000000000000022,0.0,0.0
8.674025500361903e-190,1.0000000000000022,0.0,0.0
7.967199293530812e-190,1.0000000000000022,0.0,0.0
7.317970713850157e-190,1.0000000000000022,0.0,0.0
6.721646264359444e-190,1.0000000000000022,0.0,0.0
6.17391491027254e-190,1.0000000000000022,0.0,0.0
5.670816913022729e-190,1.0000000000000022,0.0,0.0
5.208715203949103e-190,1.0000000000000022,0.0,0.0
4.784269090674802e-190,1.0000000000000022,0.0,0.0
4.394410106091484e-190,1.0000000000000022,0.0,0.0
4.0363198253539807e-190,1.0000000000000022,0.0,0.0
3.707409490516591e-190,1.0000000000000022,0.0,0.0
3.405301295510466e-190,1.0000000000000022,0.0,0.0
3.1278111961647543e-190,1.0000000000000022,0.0,0.0
2.872933120999226e-190,1.0000000000000022,0.0,0.0
2.638824468642766e-190,1.0000000000000022,0.0,0.0
2.4237927870335736e-190,1.0000000000000022,0.0,0.0
2.2262835381004202e-190,1.0000000000000022,0.0,0.0
2.0448688594716375e-190,1.0000000000000022,0.0,0.0
1.8782372419663562e-190,1.0000000000000022,0.0,0.0
1.725184048243029e-190,1.0000000000000022,0.0,0.0
1.5846028040612764e-190,1.0000000000000022,0.0,0.0
1.4554771991985962e-190,1.0000000000000022,0.0,0.0
1.336873740193805e-190,1.0000000000000022,0.0,0.0
1.227935001801365e-190,1.0000000000000022,0.0,0.0
1.1278734283690322e-190,1.0000000000000022,0.0,0.0
1.0359656403268595e-190,1.0000000000000022,0.0,0.0
9.515472046271921e-191,1.0000000000000022,0.0,0.0
8.740078313293727e-191,1.0000000000000022,0.0,0.0
8.027869616036111e-191,1.0000000000000022,0.0,0.0
7.373697152581785e-191,1.0000000000000022,0.0,0.0
6.772831684932059e-191,1.0000000000000022,0.0,0.0
6.220929349716856e-191,1.0000000000000022,0.0,0.0
5.71400025491063e-191,1.0000000000000022,0.0,0.0
5.248379635529023e-191,1.0000000000000022,0.0,0.0
4.820701359780843e-191,1.0000000000000022,0.0,0.0
4.427873594142246e-191,1.0000000000000022,0.0,0.0
4.0670564514275367e-191,1.0000000000000022,0.0,0.0
3.7356414602667993e-191,1.0000000000000022,0.0,0.0
3.431232707568162e-191,1.0000000000000022,0.0,0.0
3.1516295176370293e-191,1.0000000000000022,0.0,0.0
2.8948105427337e-191,1.0000000000000022,0.0,0.0
2.6589191500545173e-191,1.0000000000000022,0.0,0.0
2.442249999494011e-191,1.0000000000000022,0.0,0.0
2.243236715154051e-191,1.0000000000000022,0.0,0.0
2.0604405614731076e-191,1.0000000000000022,0.0,0.0
1.8925400421114575e-191,1.0000000000000022,0.0,0.0
1.7383213463990935e-191,1.0000000000000022,0.0,0.0
1.5966695742804247e-191,1.0000000000000022,0.0,0.0
1.4665606763178627e-191,1.0000000000000022,0.0,0.0
1.3470540504858146e-191,1.0000000000000022,0.0,0.0
1.2372857422347471e-191,1.0000000000000022,0.0,0.0
1.1364621986662517e-191,1.0000000000000022,0.0,0.0
1.0438545316658867e-191,1.0000000000000022,0.0,0.0
9.587932485200094e-192,1.0000000000000022,0.0,0.0
8.806634119224131e-192,1.0000000000000022,0.0,0.0
8.089001943807914e-192,1.0000000000000022,0.0,0.0
7.429847948843002e-192,1.0000000000000022,0.0,0.0
6.824406883124051e-192,1.0000000000000022,0.0,0.0
6.268301804706964e-192,1.0000000000000022,0.0,0.0
5.757512438488401e-192,1.0000000000000022,0.0,0.0
5.288346112252699e-192,1.0000000000000022,0.0,0.0
4.857411061072879e-192,1.0000000000000022,0.0,0.0
4.461591907074048e-192,1.0000000000000022,0.0,0.0
4.0980271372939886e-192,1.0000000000000022,0.0,0.0
3.764088416820601e-192,1.0000000000000022,0.0,0.0
3.4573615876537807e-192,1.0000000000000022,0.0,0.0
3.175629215925927e-192,1.0000000000000022,0.0,0.0
2.91685456130896e-192,1.0000000000000022,0.0,0.0
2.6791668527171466e-192,1.0000000000000022,0.0,0.0
2.4608477638587333e-192,1.0000000000000022,0.0,0.0
2.2603189908634876e-192,1.0000000000000022,0.0,0.0
2.0761308421805422e-192,1.0000000000000022,0.0,0.0
1.9069517582589784e-192,1.0000000000000022,0.0,0.0
1.7515586852453196e-192,1.0000000000000022,0.0,0.0
1.6088282331060738e-192,1.0000000000000022,0.0,0.0
1.4777285542543471e-192,1.0000000000000022,0.0,0.0
1.3573118839683289e-192,1.0000000000000022,0.0,0.0
1.2467076886737602e-192,1.0000000000000022,0.0,0.0
1.1451163725569625e-192,1.0000000000000022,0.0,0.0
1.0518034970113643e-192,1.0000000000000022,0.0,0.0
9.660944711279147e-193,1.0000000000000022,0.0,0.0
8.87369674845111e-193,1.0000000000000022,0.0,0.0
8.150599795022117e-193,1.0000000000000022,0.0,0.0
7.486426334121709e-193,1.0000000000000022,0.0,0.0
6.876374827096872e-193,1.0000000000000022,0.0,0.0
6.31603500153573e-193,1.0000000000000022,0.0,0.0
5.80135596788963e-193,1.0000000000000022,0.0,0.0
5.328616934197689e-193,1.0000000000000022,0.0,0.0
4.894400307200486e-193,1.0000000000000022,0.0,0.0
4.495566985381556e-193,1.0000000000000022,0.0,0.0
4.129233665321596e-193,1.0000000000000022,0.0,0.0
3.7927519973052024e-193,1.0000000000000022,0.0,0.0
3.4836894394888304e-193,1.0000000000000022,0.0,0.0
3.19981167221818e-193,1.0000000000000022,0.0,0.0
2.939066445362038e-193,1.0000000000000022,0.0,0.0
2.6995687418893986e-193,1.0000000000000022,0.0,0.0
2.479587150432254e-193,1.0000000000000022,0.0,0.0
2.2775313483166136e-193,1.0000000000000022,0.0,0.0
2.0919406045722738e-193,1.0000000000000022,0.0,0.0
1.9214732198056428e-193,1.0000000000000022,0.0,0.0
1.7648968265928167e-193,1.0000000000000022,0.0,0.0
1.6210794802711136e-193,1.0000000000000022,0.0,0.0
1.4889814757213296e-193,1.0000000000000022,0.0,0.0
1.3676478309814154e-193,1.0000000000000022,0.0,0.0
1.25620138335303e-193,1.0000000000000022,0.0,0.0
1.1538364480903488e-193,1.0000000000000022,0.0,0.0
1.0598129938276038e-193,1.0000000000000022,0.0,0.0
9.734512926375148e-194,1.0000000000000022,0.0,0.0
8.941270060440421e-194,1.0000000000000022,0.0,0.0
8.212666714645574e-194,1.0000000000000022,0.0,0.0
7.543435564513644e-194,1.0000000000000022,0.0,0.0
6.928738507614576e-194,1.0000000000000022,0.0,0.0
6.364131687256784e-194,1.0000000000000022,0.0,0.0
5.845533366316919e-194,1.0000000000000022,0.0,0.0
5.369194418956667e-194,1.0000000000000022,0.0,0.0
4.931671226901091e-194,1.0000000000000022,0.0,0.0
4.5298007843363214e-194,1.0000000000000022,0.0,0.0
4.160677831451371e-194,1.0000000000000022,0.0,0.0
3.82163385131455e-194,1.0000000000000022,0.0,0.0
3.510217778245678e-194,1.0000000000000022,0.0,0.0
3.224178278218276e-194,1.0000000000000022,0.0,0.0
2.961447473190652e-194,1.0000000000000022,0.0,0.0
2.7201259917034767e-194,1.0000000000000022,0.0,0.0
2.4984692376694687e-194,1.0000000000000022,0.0,0.0
2.2948747780875365e-194,1.0000000000000022,0.0,0.0
2.1078707585028257e-194,1.0000000000000022,0.0,0.0
1.9361052624640413e-194,1.0000000000000022,0.0,0.0
1.7783365380538955e-194,1.0000000000000022,0.0,0.0
1.6334240208369095e-194,1.0000000000000022,0.0,0.0
1.5003200883263616e-194,1.0000000000000022,0.0,0.0
1.3780624863605885e-194,1.0000000000000022,0.0,0.0
1.2657673726363047e-194,1.0000000000000022,0.0,0.0
1.1626229271082455e-194,1.0000000000000022,0.0,0.0
1.0678834830625145e-194,1.0000000000000022,0.0,0.0
9.808641364351431e-195,1.0000000000000022,0.0,0.0
9.009357944047697e-195,1.0000000000000022,0.0,0.0
8.275206274640095e-195,1.0000000000000022,0.0,0.0
7.600878920909736e-195,1.0000000000000022,0.0,0.0
6.9815009382159e-195,1.0000000000000022,0.0,0.0
6.41259462984259e-195,1.0000000000000022,0.0,0.0
5.890047176187081e-195,1.0000000000000022,0.0,0.0
5.410080901770803e-195,1.0000000000000022,0.0,0.0
4.9692259651224795e-195,1.0000000000000022,0.0,0.0
4.5642952740993156e-195,1.0000000000000022,0.0,0.0
4.1923614453004385e-195,1.0000000000000022,0.0,0.0
3.850735641004269e-195,1.0000000000000022,0.0,0.0
3.536948130634744e-195,1.0000000000000022,0.0,0.0
3.2487304362285457e-195,1.0000000000000022,0.0,0.0
2.9839989328267707e-195,1.0000000000000022,0.0,0.0
2.7408397852326147e-195,1.0000000000000022,0.0,0.0
2.5174951122377194e-195,1.0000000000000022,0.0,0.0
2.3123502782936004e-195,1.0000000000000022,0.0,0.0
2.1239222207552758e-195,1.0000000000000022,0.0,0.0
1.950848728310726e-195,1.0000000000000022,0.0,0.0
1.7918785930862445e-195,1.0000000000000022,0.0,0.0
1.645862565233878e-195,1.0000000000000022,0.0,0.0
1.5117450446085334e-195,1.0000000000000022,0.0,0.0
1.3885564494710431e-195,1.0000000000000022,0.0,0.0
1.2754062070479011e-195,1.0000000000000022,0.0,0.0
1.1714763152740198e-195,1.0000000000000022,0.0,0.0
1.0760154291741286e-195,1.0000000000000022,0.0,0.0
9.88333429131225e-196,1.0000000000000022,0.0,0.0
9.07796431774226e-196,1.0000000000000022,0.0,0.0
8.338222074168035e-196,1.0000000000000022,0.0,0.0
7.658759709184953e-196,1.0000000000000022,0.0,0.0
7.034665155387741e-196,1.0000000000000022,0.0,0.0
6.461426618343769e-196,1.0000000000000022,0.0,0.0
5.934899959277478e-196,1.0000000000000022,0.0,0.0
5.451278735664165e-196,1.0000000000000022,0.0,0.0
5.00706668314625e-196,1.0000000000000022,0.0,0.0
4.599052439834315e-196,1.0000000000000022,0.0,0.0
4.2242863302661866e-196,1.0000000000000022,0.0,0.0
3.8800590411873264e-196,1.0000000000000022,0.0,0.0
3.563882034992372e-196,1.0000000000000022,0.0,0.0
3.2734695592298754e-196,1.0000000000000022,0.0,0.0
3.0067221221107474e-196,1.0000000000000022,0.0,0.0
2.761711314559167e-196,1.0000000000000022,0.0,0.0
2.5366658690793352e-196,1.0000000000000022,0.0,0.0
2.3299588546528234e-196,1.0000000000000022,0.0,0.0
2.1400959150940156e-196,1.0000000000000022,0.0,0.0
1.9657044658346717e-196,1.0000000000000022,0.0,0.0
1.8055237710374422e-196,1.0000000000000022,0.0,0.0
1.6583958293023713e-196,1.0000000000000022,0.0,0.0
1.5232570020760287e-196,1.0000000000000022,0.0,0.0
1.3991303242421467e-196,1.0000000000000022,0.0,0.0
1.285118441304384e-196,1.0000000000000022,0.0,0.0
1.180397122101672e-196,1.0000000000000022,0.0,0.0
1.0842093001573337e-196,1.0000000000000022,0.0,0.0
9.958596005848311e-197,1.0000000000000022,0.0,0.0
9.147093129832632e-197,1.0000000000000022,0.0,0.0
8.401717739799413e-197,1.0000000000000022,0.0,0.0
7.717081260388541e-197,1.0000000000000022,0.0,0.0
7.088234218739867e-197,1.0000000000000022,0.0,0.0
6.510630463049593e-197,1.0000000000000022,0.0,0.0
5.980094296873428e-197,1.0000000000000022,0.0,0.0
5.492790291579124e-197,1.0000000000000022,0.0,0.0
5.045195558712183e-197,1.0000000000000022,0.0,0.0
4.634074281822137e-197,1.0000000000000022,0.0,0.0
4.256454323631192e-197,1.0000000000000022,0.0,0.0
3.9096057394304064e-197,1.0000000000000022,0.0,0.0
3.591021041369355e-197,1.0000000000000022,0.0,0.0
3.2983970709630155e-197,1.0000000000000022,0.0,0.0
3.0296183487660035e-197,1.0000000000000022,0.0,0.0
2.782741780843209e-197,1.0000000000000022,0.0,0.0
2.5559826114746454e-197,1.0000000000000022,0.0,0.0
2.3477015205417824e-197,1.0000000000000022,0.0,0.0
2.1563927723179156e-197,1.0000000000000022,0.0,0.0
1.98067332998611e-197,1.0000000000000022,0.0,0.0
1.8192728571898085e-197,1.0000000000000022,0.0,0.0
1.6710245343338768e-197,1.0000000000000022,0.0,0.0
1.5348566232439653e-197,1.0000000000000022,0.0,0.0
1.4097847192021975e-197,1.0000000000000022,0.0,0.0
1.2949046343464924e-197,1.0000000000000022,0.0,0.0
1.189385860985157e-197,1.0000000000000022,0.0,0.0
1.0924655675708023e-197,1.0000000000000022,0.0,0.0
1.0034430839284119e-197,1.0000000000000022,0.0,0.0
9.216748358693741e-198,1.0000000000000022,0.0,0.0
8.465696925720621e-198,1.0000000000000022,0.0,0.0
7.775846930935722e-198,1.0000000000000022,0.0,0.0
7.142211211181018e-198,1.0000000000000022,0.0,0.0
6.5602089956497225e-198,1.0000000000000022,0.0,0.0
6.025632789916776e-198,1.0000000000000022,0.0,0.0
5.534617958512808e-198,1.0000000000000022,0.0,0.0
5.083614786143574e-198,1.0000000000000022,0.0,0.0
4.669362815575768e-198,1.0000000000000022,0.0,0.0
4.288867276668965e-198,1.0000000000000022,0.0,0.0
3.939377436151037e-198,1.0000000000000022,0.0,0.0
3.618366711620142e-198,1.0000000000000022,0.0,0.0
3.3235144060105212e-198,1.0000000000000022,0.0,0.0
3.0526889304742907e-198,1.0000000000000022,0.0,0.0
2.8039323943916634e-198,1.0000000000000022,0.0,0.0
2.5754464511054707e-198,1.0000000000000022,0.0,0.0
2.3655792970539262e-198,1.0000000000000022,0.0,0.0
2.1728137303138903e-198,1.0000000000000022,0.0,0.0
1.995756182225727e-198,1.0000000000000022,0.0,0.0
1.833126642805598e-198,1.0000000000000022,0.0,0.0
1.6837494071125242e-198,1.0000000000000022,0.0,0.0
1.546544575672521e-198,1.0000000000000022,0.0,0.0
1.4205202475134442e-198,1.0000000000000022,0.0,0.0
1.3047653493713073e-198,1.0000000000000022,0.0,0.0
1.1984430492279324e-198,1.0000000000000022,0.0,0.0
1.1007847065641341e-198,1.0000000000000022,0.0,0.0
1.0110843155927287e-198,1.0000000000000022,0.0,0.0
9.2869340129959e-199,1.0000000000000022,0.0,0.0
8.53016331394473e-199,1.0000000000000022,0.0,0.0
7.83506010280087e-199,1.0000000000000022,0.0,0.0
7.196599239096319e-199,1.0000000000000022,0.0,0.0
6.610165069397171e-199,1.0000000000000022,0.0,0.0
6.071518059155566e-199,1.0000000000000022,0.0,0.0
5.5767641436545855e-199,1.0000000000000022,0.0,0.0
5.122326576473518e-199,1.0000000000000022,0.0,0.0
4.704920071956346e-199,1.0000000000000022,0.0,0.0
4.32152705475048e-199,1.0000000000000022,0.0,0.0
3.969375844715442e-199,1.0000000000000022,0.0,0.0
3.6459206194927223e-199,1.0000000000000022,0.0,0.0
3.3488230098793103e-199,1.0000000000000022,0.0,0.0
3.075935194951523e-199,1.0000000000000022,0.0,0.0
2.825284374727957e-199,1.0000000000000022,0.0,0.0
2.5950585081191034e-199,1.0000000000000022,0.0,0.0
2.383593213058345e-199,1.0000000000000022,0.0,0.0
2.1893597341108747e-199,1.0000000000000022,0.0,0.0
2.0109538905742433e-199,1.0000000000000022,0.0,0.0
1.8470859251725373e-199,1.0000000000000022,0.0,0.0
1.696571179956913e-199,1.0000000000000022,0.0,0.0
1.5583215320053521e-199,1.0000000000000022,0.0,0.0
1.4313375270073726e-199,1.0000000000000022,0.0,0.0
1.31470115386466e-199,1.0000000000000022,0.0,0.0
1.2075692080727268e-199,1.0000000000000022,0.0,0.0
1.1091671959051975e-199,1.0000000000000022,0.0,0.0
1.0187837353319679e-199,1.0000000000000022,0.0,0.0
9.357654131935489e-200,1.0000000000000022,0.0,0.0
8.595120614523384e-200,1.0000000000000022,0.0,0.0
7.894724183712129e-200,1.0000000000000022,0.0,0.0
7.251401432526061e-200,1.0000000000000022,0.0,0.0
6.660501559272508e-200,1.0000000000000022,0.0,0.0
6.117752745294877e-200,1.0000000000000022,0.0,0.0
5.619231272524609e-200,1.0000000000000022,0.0,0.0
5.161333157572156e-200,1.0000000000000022,0.0,0.0
4.7407480972900464e-200,1.0000000000000022,0.0,0.0
4.354435537451546e-200,1.0000000000000022,0.0,0.0
3.9996026915371585e-200,1.0000000000000022,0.0,0.0
3.673684350719198e-200,1.0000000000000022,0.0,0.0
3.3743243390838565e-200,1.0000000000000022,0.0,0.0
3.099358480024189e-200,1.0000000000000022,0.0,0.0
2.8467989506622024e-200,1.0000000000000022,0.0,0.0
2.6148199111927726e-200,1.0000000000000022,0.0,0.0
2.401744305258978e-200,1.0000000000000022,0.0,0.0
2.2060317359342103e-200,1.0000000000000022,0.0,0.0
2.0262673296623672e-200,1.0000000000000022,0.0,0.0
1.8611515076497088e-200,1.0000000000000022,0.0,0.0
1.7094905907622583e-200,1.0000000000000022,0.0,0.0
1.5701881700083055e-200,1.0000000000000022,0.0,0.0
1.4422371802202634e-200,1.0000000000000022,0.0,0.0
1.3247126196337945e-200,1.0000000000000022,0.0,0.0
1.2167648627315389e-200,1.0000000000000022,0.0,0.0
1.1176135180076843e-200,1.0000000000000022,0.0,0.0
1.0265417862490489e-200,1.0000000000000022,0.0,0.0
9.428912785467422e-201,1.0000000000000022,0.0,0.0
8.660572565760315e-201,1.0000000000000022,0.0,0.0
7.954842607347536e-201,1.0000000000000022,0.0,0.0
7.306620945345826e-201,1.0000000000000022,0.0,0.0
6.711221362149314e-201,1.0000000000000022,0.0,0.0
6.164339509148781e-201,1.0000000000000022,0.0,0.0
5.662021789113386e-201,1.0000000000000022,0.0,0.0
5.200636774274886e-201,1.0000000000000022,0.0,0.0
4.776848953485839e-201,1.0000000000000022,0.0,0.0
4.387594618660954e-201,1.0000000000000022,0.0,0.0
4.0300597161763766e-201,1.0000000000000022,0.0,0.0
3.701659503107037e-201,1.0000000000000022,0.0,0.0
3.4000198612300054e-201,1.0000000000000022,0.0,0.0
3.1229601337063416e-201,1.0000000000000022,0.0,0.0
2.8684773603619155e-201,1.0000000000000022,0.0,0.0
2.634731797598596e-201,1.0000000000000022,0.0,0.0
2.4200336182542792e-201,1.0000000000000022,0.0,0.0
2.222830695260448e-201,1.0000000000000022,0.0,0.0
2.041697380781132e-201,1.0000000000000022,0.0,0.0
1.875324199713784e-201,1.0000000000000022,0.0,0.0
1.722508383042858e-201,1.0000000000000022,0.0,0.0
1.5821451726084243e-201,1.0000000000000022,0.0,0.0
1.45321983442902e-201,1.0000000000000022,0.0,0.0
1.3348003228402753e-201,1.0000000000000022,0.0,0.0
1.2260305424158641e-201,1.0000000000000022,0.0,0.0
1.1261241589588736e-201,1.0000000000000022,0.0,0.0
1.0343589148211265e-201,1.0000000000000022,0.0,0.0
9.500714074539374e-202,1.0000000000000022,0.0,0.0
8.726522934426487e-202,1.0000000000000022,0.0,0.0
8.015418833532635e-202,1.0000000000000022,0.0,0.0
7.3622609554480035e-202,1.0000000000000022,0.0,0.0
6.762327396960904e-202,1.0000000000000022,0.0,0.0
6.211281031793495e-202,1.0000000000000022,0.0,0.0
5.7051381560224545e-202,1.0000000000000022,0.0,0.0
5.240239688511559e-202,1.0000000000000022,0.0,0.0
4.81322471815416e-202,1.0000000000000022,0.0,0.0
4.421006206689488e-202,1.0000000000000022,0.0,0.0
4.0607486714400622e-202,1.0000000000000022,0.0,0.0
3.729847686631035e-202,1.0000000000000022,0.0,0.0
3.4259110550994417e-202,1.0000000000000022,0.0,0.0
3.1467415142771778e-202,1.0000000000000022,0.0,0.0
2.890320851423274e-202,1.0000000000000022,0.0,0.0
2.6547953132690355e-202,1.0000000000000022,0.0,0.0
2.438462204597333e-202,1.0000000000000022,0.0,0.0
2.239757578872564e-202,1.0000000000000022,0.0,0.0
2.057244931932613e-202,1.0000000000000022,0.0,0.0
1.889604817005611e-202,1.0000000000000022,0.0,0.0
1.735625305974878e-202,1.0000000000000022,0.0,0.0
1.5941932279332477e-202,1.0000000000000022,0.0,0.0
1.4642861216872657e-202,1.0000000000000022,0.0,0.0
1.3449648440331432e-202,1.0000000000000022,0.0,0.0
1.2353667803671495e-202,1.0000000000000022,0.0,0.0
1.134699608547604e-202,1.0000000000000022,0.0,0.0
1.0422355709252839e-202,1.0000000000000022,0.0,0.0
9.57306213132778e-203,1.0000000000000022,0.0,0.0
8.792975515976873e-203,1.0000000000000022,0.0,0.0
8.076456348439578e-203,1.0000000000000022,0.0,0.0
7.418324664924668e-203,1.0000000000000022,0.0,0.0
6.813822604868301e-203,1.0000000000000022,0.0,0.0
6.258580014721654e-203,1.0000000000000022,0.0,0.0
5.748582854606088e-203,1.0000000000000022,0.0,0.0
5.280144179436647e-203,1.0000000000000022,0.0,0.0
4.8498774847264745e-203,1.0000000000000022,0.0,0.0
4.4546722243797414e-203,1.0000000000000022,0.0,0.0
4.09167132348283e-203,1.0000000000000022,0.0,0.0
3.758250523525964e-203,1.0000000000000022,0.0,0.0
3.4519994107347935e-203,1.0000000000000022,0.0,0.0
3.1707039903592094e-203,1.0000000000000022,0.0,0.0
2.9123306809429184e-203,1.0000000000000022,0.0,0.0
2.6750116128628436e-203,1.0000000000000022,0.0,0.0
2.4570311248564296e-203,1.0000000000000022,0.0,0.0
2.2568133609155994e-203,1.0000000000000022,0.0,0.0
2.0729108778810333e-203,1.0000000000000022,0.0,0.0
1.903994181377152e-203,1.0000000000000022,0.0,0.0
1.7488421144394733e-203,1.0000000000000022,0.0,0.0
1.606333029350417e-203,1.0000000000000022,0.0,0.0
1.4754366788617218e-203,1.0000000000000022,0.0,0.0
1.3552067681823282e-203,1.0000000000000022,0.0,0.0
1.2447741138874831e-203,1.0000000000000022,0.0,0.0
1.143340360292464e-203,1.0000000000000022,0.0,0.0
1.0501722078644248e-203,1.0000000000000022,0.0,0.0
9.645961119475667e-204,1.0000000000000022,0.0,0.0
8.859934134768888e-204,1.0000000000000022,0.0,0.0
8.137958664787768e-204,1.0000000000000022,0.0,0.0
7.474815300251873e-204,1.0000000000000022,0.0,0.0
6.865709949429512e-204,1.0000000000000022,0.0,0.0
6.3062391799978026e-204,1.0000000000000022,0.0,0.0
5.792358385114102e-204,1.0000000000000022,0.0,0.0
5.3203525435604144e-204,1.0000000000000022,0.0,0.0
4.886809362575755e-204,1.0000000000000022,0.0,0.0
4.488594609216779e-204,1.0000000000000022,0.0,0.0
4.1228294519085816e-204,1.0000000000000022,0.0,0.0
3.786869648379936e-204,1.0000000000000022,0.0,0.0
3.4782864295253794e-204,1.0000000000000022,0.0,0.0
3.194848940997025e-204,1.0000000000000022,0.0,0.0
2.934508115590293e-204,1.0000000000000022,0.0,0.0
2.6953818598315106e-204,1.0000000000000022,0.0,0.0
2.4757414476760988e-204,1.0000000000000022,0.0,0.0
2.2739990229527223e-204,1.0000000000000022,0.0,0.0
2.0886961202042557e-204,1.0000000000000022,0.0,0.0
1.9184931209387824e-204,1.0000000000000022,0.0,0.0
1.7621595690662262e-204,1.0000000000000022,0.0,0.0
1.6185652755075755e-204,1.0000000000000022,0.0,0.0
1.4866721476688564e-204,1.0000000000000022,0.0,0.0
1.3655266847123125e-204,1.0000000000000022,0.0,0.0
1.2542530843705138e-204,1.0000000000000022,0.0,0.0
1.1520469114701898e-204,1.0000000000000022,0.0,0.0
1.0581692823933587e-204,1.0000000000000022,0.0,0.0
9.71941523433223e-205,1.0000000000000022,0.0,0.0
8.927402644282462e-205,1.0000000000000022,0.0,0.0
8.199929322046004e-205,1.0000000000000022,0.0,0.0
7.531736112475315e-205,1.0000000000000022,0.0,0.0
6.917992416770067e-205,1.0000000000000022,0.0,0.0
6.35426127041503e-205,1.0000000000000022,0.0,0.0
5.8364672668357485e-205,1.0000000000000022,0.0,0.0
5.3608670948810755e-205,1.0000000000000022,0.0,0.0
4.924022477137871e-205,1.0000000000000022,0.0,0.0
4.522775313439634e-205,1.0000000000000022,0.0,0.0
4.154224849872925e-205,1.0000000000000022,0.0,0.0
3.8157067082284685e-205,1.0000000000000022,0.0,0.0
3.504773624293616e-205,1.0000000000000022,0.0,0.0
3.219177755736652e-205,1.0000000000000022,0.0,0.0
2.956854431680546e-205,1.0000000000000022,0.0,0.0
2.715907226486226e-205,1.0000000000000022,0.0,0.0
2.494594249838611e-205,1.0000000000000022,0.0,0.0
2.2913155540217138e-205,1.0000000000000022,0.0,0.0
2.1046015673456688e-205,1.0000000000000022,0.0,0.0
1.9331024701069481e-205,1.0000000000000022,0.0,0.0
1.775578436276923e-205,1.0000000000000022,0.0,0.0
1.6308906703725762e-205,1.0000000000000022,0.0,0.0
1.4979931747118168e-205,1.0000000000000022,0.0,0.0
1.3759251875360537e-205,1.0000000000000022,0.0,0.0
1.2638042373326114e-205,1.0000000000000022,0.0,0.0
1.160819763144289e-205,1.0000000000000022,0.0,0.0
1.0662272547450905e-205,1.0000000000000022,0.0,0.0
9.79342870319433e-206,1.0000000000000022,0.0,0.0
8.99538492734184e-206,1.0000000000000022,0.0,0.0
8.262371886636193e-206,1.0000000000000022,0.0,0.0
7.589090377397461e-206,1.0000000000000022,0.0,0.0
6.97067301575489e-206,1.0000000000000022,0.0,0.0
6.402649049652842e-206,1.0000000000000022,0.0,0.0
5.880912038244702e-206,1.0000000000000022,0.0,0.0
5.401690165017977e-206,1.0000000000000022,0.0,0.0
4.961518970033922e-206,1.0000000000000022,0.0,0.0
4.5572163041536727e-206,1.0000000000000022,0.0,0.0
4.185859324186373e-206,1.0000000000000022,0.0,0.0
3.8447633626492793e-206,1.0000000000000022,0.0,0.0
3.531462519382084e-206,1.0000000000000022,0.0,0.0
3.2436918347055326e-206,1.0000000000000022,0.0,0.0
2.9793709152479823e-206,1.0000000000000022,0.0,0.0
2.736588894065344e-206,1.0000000000000022,0.0,0.0
2.513590616325949e-206,1.0000000000000022,0.0,0.0
2.308763950691894e-206,1.0000000000000022,0.0,0.0
2.1206281346664707e-206,1.0000000000000022,0.0,0.0
1.9478230696521868e-206,1.0000000000000022,0.0,0.0
1.7890994883296615e-206,1.0000000000000022,0.0,0.0
1.6433099232739976e-206,1.0000000000000022,0.0,0.0
1.5094004115176408e-206,1.0000000000000022,0.0,0.0
1.3864028750891635e-206,1.0000000000000022,0.0,0.0
1.2734281224442575e-206,1.0000000000000022,0.0,0.0
1.1696594201938711e-206,1.0000000000000022,0.0,0.0
1.0743465886573033e-206,1.0000000000000022,0.0,0.0
9.868005785549718e-207,1.0000000000000022,0.0,0.0
9.063884896339009e-207,1.0000000000000022,0.0,0.0
8.325289952138577e-207,1.0000000000000022,0.0,0.0
7.646881395766038e-207,1.0000000000000022,0.0,0.0
7.02375477816144e-207,1.0000000000000022,0.0,0.0
6.451405302436188e-207,1.0000000000000022,0.0,0.0
5.92569525714514e-207,1.0000000000000022,0.0,0.0
5.442824103345772e-207,1.0000000000000022,0.0,0.0
4.999300999193471e-207,1.0000000000000022,0.0,0.0
4.5919195634437866e-207,1.0000000000000022,0.0,0.0
4.21773469541832e-207,1.0000000000000022,0.0,0.0
3.874041283857789e-207,1.0000000000000022,0.0,0.0
3.5583546507412506e-207,1.0000000000000022,0.0,0.0
3.268392588693096e-207,1.0000000000000022,0.0,0.0
3.0020588621200753e-207,1.0000000000000022,0.0,0.0
2.7574280528023645e-207,1.0000000000000022,0.0,0.0
2.5327316403822466e-207,1.0000000000000022,0.0,0.0
2.3263452171214692e-207,1.0000000000000022,0.0,0.0
2.1367767444983467e-207,1.0000000000000022,0.0,0.0
1.9626557667475158e-207,1.0000000000000022,0.0,0.0
1.8027235033632967e-207,1.0000000000000022,0.0,0.0
1.6558237489419648e-207,1.0000000000000022,0.0,0.0
1.5208945145747548e-207,1.0000000000000022,0.0,0.0
1.3969603503643504e-207,1.0000000000000022,0.0,0.0
1.2831252935616849e-207,1.0000000000000022,0.0,0.0
1.17856639134271e-207,1.0000000000000022,0.0,0.0
1.0825277513990506e-207,1.0000000000000022,0.0,0.0
9.943150773322222e-208,1.0000000000000022,0.0,0.0
9.132906493458883e-208,1.0000000000000022,0.0,0.0
8.388687139498575e-208,1.0000000000000022,0.0,0.0
7.7051124934640255e-208,1.0000000000000022,0.0,0.0
7.077240758854207e-208,1.0000000000000022,0.0,0.0
6.50053283469574e-208,1.0000000000000022,0.0,0.0
5.970819500818956e-208,1.0000000000000022,0.0,0.0
5.484271277129633e-208,1.0000000000000022,0.0,0.0
5.037370738978747e-208,1.0000000000000022,0.0,0.0
4.626887088488473e-208,1.0000000000000022,0.0,0.0
4.249852798001823e-208,1.0000000000000022,0.0,0.0
3.903542156803362e-208,1.0000000000000022,0.0,0.0
3.5854515660178657e-208,1.0000000000000022,0.0,0.0
3.2932814392319496e-208,1.0000000000000022,0.0,0.0
3.02491957799204e-208,1.0000000000000022,0.0,0.0
2.7784259019944296e-208,1.0000000000000022,0.0,0.0
2.5520184235767052e-208,1.0000000000000022,0.0,0.0
2.344060365115323e-208,1.0000000000000022,0.0,0.0
2.1530483261965487e-208,1.0000000000000022,0.0,0.0
1.9776014150171846e-208,1.0000000000000022,0.0,0.0
1.8164512654422178e-208,1.0000000000000022,0.0,0.0
1.66843286754928e-208,1.0000000000000022,0.0,0.0
1.532476145370751e-208,1.0000000000000022,0.0,0.0
1.4075982209461174e-208,1.0000000000000022,0.0,0.0
1.2928963087587454e-208,1.0000000000000022,0.0,0.0
1.1875411891885141e-208,1.0000000000000022,0.0,0.0
1.090771213797644e-208,1.0000000000000022,0.0,0.0
1.0018867991118712e-208,1.0000000000000022,0.0,0.0
9.202453690906152e-209,1.0000000000000022,0.0,0.0
8.45256709723513e-209,1.0000000000000022,0.0,0.0
7.763787021701028e-209,1.0000000000000022,0.0,0.0
7.131134035960505e-209,1.0000000000000022,0.0,0.0
6.550034473729364e-209,1.0000000000000022,0.0,0.0
6.016287366174072e-209,1.0000000000000022,0.0,0.0
5.526034071661482e-209,1.0000000000000022,0.0,0.0
5.075730380309768e-209,1.0000000000000022,0.0,0.0
4.662120891674763e-209,1.0000000000000022,0.0,0.0
4.282215480339164e-209,1.0000000000000022,0.0,0.0
3.9332676792662684e-209,1.0000000000000022,0.0,0.0
3.612754824644027e-209,1.0000000000000022,0.0,0.0
3.3183598186796893e-209,1.0000000000000022,0.0,0.0
3.0479543785019755e-209,1.0000000000000022,0.0,0.0
2.799583650071343e-209,1.0000000000000022,0.0,0.0
2.571452075866989e-209,1.0000000000000022,0.0,0.0
2.3619104141832452e-209,1.0000000000000022,0.0,0.0
2.16944381619338e-209,1.0000000000000022,0.0,0.0
1.9926608745858e-209,1.0000000000000022,0.0,0.0
1.830283564601475e-209,1.0000000000000022,0.0,0.0
1.6811380047528703e-209,1.0000000000000022,0.0,0.0
1.5441459704304577e-209,1.0000000000000022,0.0,0.0
1.4183170990457313e-209,1.0000000000000022,0.0,0.0
1.3027417303590305e-209,1.0000000000000022,0.0,0.0
1.1965843302324308e-209,1.0000000000000022,0.0,0.0
1.0990774502657506e-209,1.0000000000000022,0.0,0.0
1.0095161796477988e-209,1.0000000000000022,0.0,0.0
9.272530491133893e-210,1.0000000000000022,0.0,0.0
8.516933501650711e-210,1.0000000000000022,0.0,0.0
7.822908357206157e-210,1.0000000000000022,0.0,0.0
7.185437711047626e-210,1.0000000000000022,0.0,0.0
6.599913068364829e-210,1.0000000000000022,0.0,0.0
6.062101469893896e-210,1.0000000000000022,0.0,0.0
5.56811489039727e-210,1.0000000000000022,0.0,0.0
5.1143821307904405e-210,1.0000000000000022,0.0,0.0
4.697623000714043e-210,1.0000000000000022,0.0,0.0
4.3148246049082356e-210,1.0000000000000022,0.0,0.0
3.963219561955399e-210,1.0000000000000022,0.0,0.0
3.6402659979269285e-210,1.0000000000000022,0.0,0.0
3.343629170301331e-210,1.0000000000000022,0.0,0.0
3.071164589306582e-210,1.0000000000000022,0.0,0.0
2.820902514665117e-210,1.0000000000000022,0.0,0.0
2.5910337156631035e-210,1.0000000000000022,0.0,0.0
2.3798963915986068e-210,1.0000000000000022,0.0,0.0
2.1859641580520878e-210,1.0000000000000022,0.0,0.0
2.0078350121278326e-210,1.0000000000000022,0.0,0.0
1.8442211968922466e-210,1.0000000000000022,0.0,0.0
1.6939398917355517e-210,1.0000000000000022,0.0,0.0
1.5559046613542996e-210,1.0000000000000022,0.0,0.0
1.4291176015364574e-210,1.0000000000000022,0.0,0.0
1.3126621249682348e-210,1.0000000000000022,0.0,0.0
1.2056963349087721e-210,1.0000000000000022,0.0,0.0
1.1074469388286983e-210,1.0000000000000022,0.0,0.0
1.0172036580121578e-210,1.0000000000000022,0.0,0.0
9.34314092707393e-211,1.0000000000000022,0.0,0.0
8.581790057042885e-211,1.0000000000000022,0.0,0.0
7.882479902422368e-211,1.0000000000000022,0.0,0.0
7.2401549093013465e-211,1.0000000000000022,0.0,0.0
6.650171489123777e-211,1.0000000000000022,0.0,0.0
6.108264448587925e-211,1.0000000000000022,0.0,0.0
5.610516155095304e-211,1.0000000000000022,0.0,0.0
5.153328214835604e-211,1.0000000000000022,0.0,0.0
4.73339545875875e-211,1.0000000000000022,0.0,0.0
4.347682048369725e-211,1.0000000000000022,0.0,0.0
3.993399528606717e-211,1.0000000000000022,0.0,0.0
3.667986669139289e-211,1.0000000000000022,0.0,0.0
3.3690909483523763e-211,1.0000000000000022,0.0,0.0
3.0945515461574537e-211,1.0000000000000022,0.0,0.0
2.8423837226800495e-211,1.0000000000000022,0.0,0.0
2.6107644698917616e-211,1.0000000000000022,0.0,0.0
2.3980193324574773e-211,1.0000000000000022,0.0,0.0
2.202610302521166e-211,1.0000000000000022,0.0,0.0
2.023124700917486e-211,1.0000000000000022,0.0,0.0
1.8582649644276488e-211,1.0000000000000022,0.0,0.0
1.7068392652481033e-211,1.0000000000000022,0.0,0.0
1.5677528948569454e-211,1.0000000000000022,0.0,0.0
1.4400003499890564e-211,1.0000000000000022,0.0,0.0
1.32265806350676e-211,1.0000000000000022,0.0,0.0
1.2148777276149607e-211,1.0000000000000022,0.0,0.0
1.115880161151981e-211,1.0000000000000022,0.0,0.0
1.0249496766206392e-211,1.0000000000000022,0.0,0.0
9.414289062368891e-212,1.0000000000000022,0.0,0.0
8.647140495917477e-212,1.0000000000000022,0.0,0.0
7.942505085702248e-212,1.0000000000000022,0.0,0.0
7.295288779705759e-212,1.0000000000000022,0.0,0.0
6.700812628386894e-212,1.0000000000000022,0.0,0.0
6.154778958943453e-212,1.0000000000000022,0.0,0.0
5.653240305955598e-212,1.0000000000000022,0.0,0.0
5.192570873799039e-212,1.0000000000000022,0.0,0.0
4.769440324519947e-212,1.0000000000000022,0.0,0.0
4.3807897016751065e-212,1.0000000000000022,0.0,0.0
4.0238093160824506e-212,1.0000000000000022,0.0,0.0
3.695918433610465e-212,1.0000000000000022,0.0,0.0
3.3947466181624937e-212,1.0000000000000022,0.0,0.0
3.118116594977946e-212,1.0000000000000022,0.0,0.0
2.8640285103633244e-212,1.0000000000000022,0.0,0.0
2.630645474061235e-212,1.0000000000000022,0.0,0.0
2.416280279738195e-212,1.0000000000000022,0.0,0.0
2.2193832075890692e-212,1.0000000000000022,0.0,0.0
2.0385308208789597e-212,1.0000000000000022,0.0,0.0
1.8724156754289e-212,1.0000000000000022,0.0,0.0
1.719836867651673e-212,1.0000000000000022,0.0,0.0
1.5796913528062557e-212,1.0000000000000022,0.0,0.0
1.4509659707075594e-212,1.0000000000000022,0.0,0.0
1.332730121242576e-212,1.0000000000000022,0.0,0.0
1.2241290367417145e-212,1.0000000000000022,0.0,0.0
1.1243776025689832e-212,1.0000000000000022,0.0,0.0
1.0327546812579366e-212,1.0000000000000022,0.0,0.0
9.485978991606112e-213,1.0000000000000022,0.0,0.0
8.712988579203402e-213,1.0000000000000022,0.0,0.0
8.002987361505344e-213,1.0000000000000022,0.0,0.0
7.350842495224518e-213,1.0000000000000022,0.0,0.0
6.75183940056039e-213,1.0000000000000022,0.0,0.0
6.201647677878494e-213,1.0000000000000022,0.0,0.0
5.696289801760328e-213,1.0000000000000022,0.0,0.0
5.232112366102467e-213,1.0000000000000022,0.0,0.0
4.805759672385812e-213,1.0000000000000022,0.0,0.0
4.414149470175481e-213,1.0000000000000022,0.0,0.0
4.05445067447106e-213,1.0000000000000022,0.0,0.0
3.7240628988182715e-213,1.0000000000000022,0.0,0.0
3.420597656219862e-213,1.0000000000000022,0.0,0.0
3.141861091940643e-213,1.0000000000000022,0.0,0.0
2.8858381233761696e-213,1.0000000000000022,0.0,0.0
2.6506778723267084e-213,1.0000000000000022,0.0,0.0
2.4346802843613945e-213,1.0000000000000022,0.0,0.0
2.236283838539347e-213,1.0000000000000022,0.0,0.0
2.0540542586370868e-213,1.0000000000000022,0.0,0.0
1.886674144271833e-213,1.0000000000000022,0.0,0.0
1.7329334469604965e-213,1.0000000000000022,0.0,0.0
1.591720722262522e-213,1.0000000000000022,0.0,0.0
1.4620150947653096e-213,1.0000000000000022,0.0,0.0
1.3428788778243232e-213,1.0000000000000022,0.0,0.0
1.233450794703452e-213,1.0000000000000022,0.0,0.0
1.132939752108908e-213,1.0000000000000022,0.0,0.0
1.0406191211033978e-213,1.0000000000000022,0.0,0.0
9.558214840553248e-214,1.0000000000000022,0.0,0.0
8.779338096469083e-214,1.0000000000000022,0.0,0.0
8.063930210596945e-214,1.0000000000000022,0.0,0.0
7.406819252983427e-214,1.0000000000000022,0.0,0.0
6.803254742243708e-214,1.0000000000000022,0.0,0.0
6.248873302695816e-214,1.0000000000000022,0.0,0.0
5.7396671200153205e-214,1.0000000000000022,0.0,0.0
5.271954967365516e-214,1.0000000000000022,0.0,0.0
4.8423555925410105e-214,1.0000000000000022,0.0,0.0
4.447763273731216e-214,1.0000000000000022,0.0,0.0
4.085325367187951e-214,1.0000000000000022,0.0,0.0
3.752421684481482e-214,1.0000000000000022,0.0,0.0
3.446645550256131e-214,1.0000000000000022,0.0,0.0
3.165786403545396e-214,1.0000000000000022,0.0,0.0
2.907813816865535e-214,1.0000000000000022,0.0,0.0
2.67086281755612e-214,1.0000000000000022,0.0,0.0
2.453220405250481e-214,1.0000000000000022,0.0,0.0
2.2533131680061953e-214,1.0000000000000022,0.0,0.0
2.069695907568361e-214,1.0000000000000022,0.0,0.0
1.901041191533765e-214,1.0000000000000022,0.0,0.0
1.74612975688495e-214,1.0000000000000022,0.0,0.0
1.6038416955180115e-214,1.0000000000000022,0.0,0.0
1.4731483580412834e-214,1.0000000000000022,0.0,0.0
1.3531049173146766e-214,1.0000000000000022,0.0,0.0
1.2428435379689362e-214,1.0000000000000022,0.0,0.0
1.1415671025249242e-214,1.0000000000000022,0.0,0.0
1.04854344875688e-214,1.0000000000000022,0.0,0.0
9.631000766395748e-215,1.0000000000000022,0.0,0.0
8.846192866140576e-215,1.0000000000000022,0.0,0.0
8.125337140248426e-215,1.0000000000000022,0.0,0.0
7.463222274454457e-215,1.0000000000000022,0.0,0.0
6.855061612398545e-215,1.0000000000000022,0.0,0.0
6.296458551238196e-215,1.0000000000000022,0.0,0.0
5.783374757092652e-215,1.0000000000000022,0.0,0.0
5.312100970536695e-215,1.0000000000000022,0.0,0.0
4.879230191086997e-215,1.0000000000000022,0.0,0.0
4.4816330468224486e-215,1.0000000000000022,0.0,0.0
4.1164351710769587e-215,1.0000000000000022,0.0,0.0
3.7809964226530553e-215,1.0000000000000022,0.0,0.0
3.4728917993320513e-215,1.0000000000000022,0.0,0.0
3.189893906697973e-215,1.0000000000000022,0.0,0.0
2.9299568555363333e-215,1.0000000000000022,0.0,0.0
2.6912014713965135e-215,1.0000000000000022,0.0,0.0
2.471901709392576e-215,1.0000000000000022,0.0,0.0
2.2704721760304307e-215,1.0000000000000022,0.0,0.0
2.0854566678523459e-215,1.0000000000000022,0.0,0.0
1.9155176440407165e-215,1.0000000000000022,0.0,0.0
1.7594265568749203e-215,1.0000000000000022,0.0,0.0
1.616054970136802e-215,1.0000000000000022,0.0,0.0
1.4843664012566816e-215,1.0000000000000022,0.0,0.0
1.3634088282239527e-215,1.0000000000000022,0.0,0.0
1.2523078070921435e-215,1.0000000000000022,0.0,0.0
1.150260150322519e-215,1.0000000000000022,0.0,0.0
1.0565281202647903e-215,1.0000000000000022,0.0,0.0
9.704340957976052e-216,1.0000000000000022,0.0,0.0
8.913556735721272e-216,1.0000000000000022,0.0,0.0
8.187211684439059e-216,1.0000000000000022,0.0,0.0
7.520054805641112e-216,1.0000000000000022,0.0,0.0
6.907262992519113e-216,1.0000000000000022,0.0,0.0
6.344406162044802e-216,1.0000000000000022,0.0,0.0
5.82741522837429e-216,1.0000000000000022,0.0,0.0
5.352552686025333e-216,1.0000000000000022,0.0,0.0
4.916385590163209e-216,1.0000000000000022,0.0,0.0
4.5157607386603965e-216,1.0000000000000022,0.0,0.0
4.147781876512606e-216,1.0000000000000022,0.0,0.0
3.809788757814047e-216,1.0000000000000022,0.0,0.0
3.499337913923735e-216,1.0000000000000022,0.0,0.0
3.2141849887892925e-216,1.0000000000000022,0.0,0.0
2.952268513724217e-216,1.0000000000000022,0.0,0.0
2.711695004340888e-216,1.0000000000000022,0.0,0.0
2.4907252718999214e-216,1.0000000000000022,0.0,0.0
2.2877618501158945e-216,1.0000000000000022,0.0,0.0
2.1013374465234873e-216,1.0000000000000022,0.0,0.0
1.9301043349150007e-216,1.0000000000000022,0.0,0.0
1.7728246121635176e-216,1.0000000000000022,0.0,0.0
1.6283612489949336e-216,1.0000000000000022,0.0,0.0
1.4956698700118067e-216,1.0000000000000022,0.0,0.0
1.3737912035439842e-216,1.0000000000000022,0.0,0.0
1.2618441467433786e-216,1.0000000000000022,0.0,0.0
1.1590193957880782e-216,1.0000000000000022,0.0,0.0
1.0645735951463382e-216,1.0000000000000022,0.0,0.0
9.778239636034716e-217,1.0000000000000022,0.0,0.0
8.981433582013375e-217,1.0000000000000022,0.0,0.0
8.249557404059433e-217,1.0000000000000022,0.0,0.0
7.57732011726527e-217,1.0000000000000022,0.0,0.0
6.959861886803754e-217,1.0000000000000022,0.0,0.0
6.392718894508823e-217,1.0000000000000022,0.0,0.0
5.8717910683968755e-217,1.0000000000000022,0.0,0.0
5.393312441834563e-217,1.0000000000000022,0.0,0.0
4.953823928069206e-217,1.0000000000000022,0.0,0.0
4.550148313299551e-217,1.0000000000000022,0.0,0.0
4.17936728750314e-217,1.0000000000000022,0.0,0.0
3.838800346968259e-217,1.0000000000000022,0.0,0.0
3.525985416009589e-217,1.0000000000000022,0.0,0.0
3.2386610477752757e-217,1.0000000000000022,0.0,0.0
2.974750075468923e-217,1.0000000000000022,0.0,0.0
2.732344595795561e-217,1.0000000000000022,0.0,0.0
2.5096921760717507e-217,1.0000000000000022,0.0,0.0
2.3051831852862787e-217,1.0000000000000022,0.0,0.0
2.117339157523306e-217,1.0000000000000022,0.0,0.0
1.944802103623165e-217,1.0000000000000022,0.0,0.0
1.7863246938111078e-217,1.0000000000000022,0.0,0.0
1.640761240320853e-217,1.0000000000000022,0.0,0.0
1.507059414823213e-217,1.0000000000000022,0.0,0.0
1.3842526407822409e-217,1.0000000000000022,0.0,0.0
1.2714531057406145e-217,1.0000000000000022,0.0,0.0
1.167845343017672e-217,1.0000000000000022,0.0,0.0
1.0726803364199746e-217,1.0000000000000022,0.0,0.0
9.852701053453258e-218,1.0000000000000022,0.0,0.0
9.049827311340959e-218,1.0000000000000022,0.0,0.0
8.31237788711634e-218,1.0000000000000022,0.0,0.0
7.635021504955376e-218,1.0000000000000022,0.0,0.0
7.012861322327799e-218,1.0000000000000022,0.0,0.0
6.441399529036251e-218,1.0000000000000022,0.0,0.0
5.916504830997572e-218,1.0000000000000022,0.0,0.0
5.434382583695283e-218,1.0000000000000022,0.0,0.0
4.99154735938772e-218,1.0000000000000022,0.0,0.0
4.584797749750698e-218,1.0000000000000022,0.0,0.0
4.2111932217943536e-218,1.0000000000000022,0.0,0.0
3.8680328597376e-218,1.0000000000000022,0.0,0.0
3.5528358391579073e-218,1.0000000000000022,0.0,0.0
3.2633234922572944e-218,1.0000000000000022,0.0,0.0
2.9974028345881676e-218,1.0000000000000022,0.0,0.0
2.7531514341480464e-218,1.0000000000000022,0.0,0.0
2.5288035134566385e-218,1.0000000000000022,0.0,0.0
2.3227371841423987e-218,1.0000000000000022,0.0,0.0
2.1334627217530035e-218,1.0000000000000022,0.0,0.0
1.9596117960243098e-218,1.0000000000000022,0.0,0.0
1.7999275787496965e-218,1.0000000000000022,0.0,0.0
1.653255657736179e-218,1.0000000000000022,0.0,0.0
1.5185356911611498e-218,1.0000000000000022,0.0,0.0
1.3947937419962225e-218,1.0000000000000022,0.0,0.0
1.2811352370810825e-218,1.0000000000000022,0.0,0.0
1.1767384999460704e-218,1.0000000000000022,0.0,0.0
1.0808488106300446e-218,1.0000000000000022,0.0,0.0
9.927729495498972e-219,1.0000000000000022,0.0,0.0
9.11874185977483e-219,1.0000000000000022,0.0,0.0
8.37567674893931e-219,1.0000000000000022,0.0,0.0
7.693162289436149e-219,1.0000000000000022,0.0,0.0
7.066264349217819e-219,1.0000000000000022,0.0,0.0
6.490450867205919e-219,1.0000000000000022,0.0,0.0
5.96155908946105e-219,1.0000000000000022,0.0,0.0
5.4757654752011706e-219,1.0000000000000022,0.0,0.0
5.0295580551086645e-219,1.0000000000000022,0.0,0.0
4.6197110420948233e-219,1.0000000000000022,0.0,0.0
4.243261510974197e-219,1.0000000000000022,0.0,0.0
3.897487978458167e-219,1.0000000000000022,0.0,0.0
3.5798907286151244e-219,1.0000000000000022,0.0,0.0
3.288173741563236e-219,1.0000000000000022,0.0,0.0
3.020228094752102e-219,1.0000000000000022,0.0,0.0
2.7741167168354413e-219,1.0000000000000022,0.0,0.0
2.5480603839153102e-219,1.0000000000000022,0.0,0.0
2.3404248569198812e-219,1.0000000000000022,0.0,0.0
2.1497090671264507e-219,1.0000000000000022,0.0,0.0
1.9745342644187575e-219,1.0000000000000022,0.0,0.0
1.813634049827632e-219,1.0000000000000022,0.0,0.0
1.6658452202967652e-219,1.0000000000000022,0.0,0.0
1.5300993594872784e-219,1.0000000000000022,0.0,0.0
1.4054151138281029e-219,1.0000000000000022,0.0,0.0
1.2908910979730933e-219,1.0000000000000022,0.0,0.0
1.1856993783759726e-219,1.0000000000000022,0.0,0.0
1.0890794878736325e-219,1.0000000000000022,0.0,0.0
1.0003329280071495e-219,1.0000000000000022,0.0,0.0
9.188181193359007e-220,1.0000000000000022,0.0,0.0
8.439457632388643e-220,1.0000000000000022,0.0,0.0
7.751745816719657e-220,1.0000000000000022,0.0,0.0
7.120074040827122e-220,1.0000000000000022,0.0,0.0
6.539875731930707e-220,1.0000000000000022,0.0,0.0
6.006956436667577e-220,1.0000000000000022,0.0,0.0
5.5174634979446965e-220,1.0000000000000022,0.0,0.0
5.067858202754068e-220,1.0000000000000022,0.0,0.0
4.654890199597859e-220,1.0000000000000022,0.0,0.0
4.275574000578188e-220,1.0000000000000022,0.0,0.0
3.927167398277073e-220,1.0000000000000022,0.0,0.0
3.607151641394747e-220,1.0000000000000022,0.0,0.0
3.3132132258291928e-220,1.0000000000000022,0.0,0.0
3.043227169558348e-220,1.0000000000000022,0.0,0.0
2.7952416504133445e-220,1.0000000000000022,0.0,0.0
2.5674638956839502e-220,1.0000000000000022,0.0,0.0
2.3582472215473174e-220,1.0000000000000022,0.0,0.0
2.1660791286235987e-220,1.0000000000000022,0.0,0.0
1.989570367597114e-220,1.0000000000000022,0.0,0.0
1.8274448958546644e-220,1.0000000000000022,0.0,0.0
1.6785306525340864e-220,1.0000000000000022,0.0,0.0
1.5417510852926846e-220,1.0000000000000022,0.0,0.0
1.4161173675396434e-220,1.0000000000000022,0.0,0.0
1.3007212498681063e-220,1.0000000000000022,0.0,0.0
1.1947284940074611e-220,1.0000000000000022,0.0,0.0
1.0973728418276187e-220,1.0000000000000022,0.0,0.0
1.0079504757951337e-220,1.0000000000000022,0.0,0.0
9.258149308338995e-221,1.0000000000000022,0.0,0.0
8.503724208065066e-221,1.0000000000000022,0.0,0.0
7.810775458297892e-221,1.0000000000000022,0.0,0.0
7.174293493912644e-221,1.0000000000000022,0.0,0.0
6.589676967620016e-221,1.0000000000000022,0.0,0.0
6.052699485242228e-221,1.0000000000000022,0.0,0.0
5.559479051654182e-221,1.0000000000000022,0.0,0.0
5.106450006503959e-221,1.0000000000000022,0.0,0.0
4.69033724682632e-221,1.0000000000000022,0.0,0.0
4.3081325501956143e-221,1.0000000000000022,0.0,0.0
3.957072827249991e-221,1.0000000000000022,0.0,0.0
3.6346201463669576e-221,1.0000000000000022,0.0,0.0
3.338443386081755e-221,1.0000000000000022,0.0,0.0
3.066401382607583e-221,1.0000000000000022,0.0,0.0
2.816527450625287e-221,1.0000000000000022,0.0,0.0
2.5870151654379706e-221,1.0000000000000022,0.0,0.0
2.3762053037048295e-221,1.0000000000000022,0.0,0.0
2.1825738483442786e-221,1.0000000000000022,0.0,0.0
2.0047209708896807e-221,1.0000000000000022,0.0,0.0
1.8413609116473399e-221,1.0000000000000022,0.0,0.0
1.6913126844969323e-221,1.0000000000000022,0.0,0.0
1.5534915391361768e-221,1.0000000000000022,0.0,0.0
1.426901119047372e-221,1.0000000000000022,0.0,0.0
1.310626258493041e-221,1.0000000000000022,0.0,0.0
1.2038263664676817e-221,1.0000000000000022,0.0,0.0
1.1057293497759387e-221,1.0000000000000022,0.0,0.0
1.015626031305025e-221,1.0000000000000022,0.0,0.0
9.328650231391745e-222,1.0000000000000022,0.0,0.0
8.568480174520976e-222,1.0000000000000022,0.0,0.0
7.870254611336803e-222,1.0000000000000022,0.0,0.0
7.228925828813163e-222,1.0000000000000022,0.0,0.0
6.639857440343459e-222,1.0000000000000022,0.0,0.0
6.098790867705258e-222,1.0000000000000022,0.0,0.0
5.601814554331916e-222,1.0000000000000022,0.0,0.0
5.1453356873232334e-222,1.0000000000000022,0.0,0.0
4.7260542237638294e-222,1.0000000000000022,0.0,0.0
4.3409390335765664e-222,1.0000000000000022,0.0,0.0
3.987205986439464e-222,1.0000000000000022,0.0,0.0
3.662297824348905e-222,1.0000000000000022,0.0,0.0
3.363865674320952e-222,1.0000000000000022,0.0,0.0
3.089752067579723e-222,1.0000000000000022,0.0,0.0
2.8379753424727037e-222,1.0000000000000022,0.0,0.0
2.6067153183562823e-222,1.0000000000000022,0.0,0.0
2.394300136883113e-222,1.0000000000000022,0.0,0.0
2.1991941755624265e-222,1.0000000000000022,0.0,0.0
2.0199869462162637e-222,1.0000000000000022,0.0,0.0
1.8553828980747417e-222,1.0000000000000022,0.0,0.0
1.7041920517934237e-222,1.0000000000000022,0.0,0.0
1.5653213966828776e-222,1.0000000000000022,0.0,0.0
1.4377669889580282e-222,1.0000000000000022,0.0,0.0
1.3206066938828334e-222,1.0000000000000022,0.0,0.0
1.2129935193407473e-222,1.0000000000000022,0.0,0.0
1.1141494926370508e-222,1.0000000000000022,0.0,0.0
1.0233600362663526e-222,1.0000000000000022,0.0,0.0
9.399688019857415e-223,1.0000000000000022,0.0,0.0
8.633729258473295e-223,1.0000000000000022,0.0,0.0
7.930186698871794e-223,1.0000000000000022,0.0,0.0
7.283974189628877e-223,1.0000000000000022,0.0,0.0
6.690420037995804e-223,1.0000000000000022,0.0,0.0
6.145233236623592e-223,1.0000000000000022,0.0,0.0
5.644472442393303e-223,1.0000000000000022,0.0,0.0
5.184517483089457e-223,1.0000000000000022,0.0,0.0
4.762043185928502e-223,1.0000000000000022,0.0,0.0
4.373995338739759e-223,1.0000000000000022,0.0,0.0
4.017568610013944e-223,1.0000000000000022,0.0,0.0
3.690186268195679e-223,1.0000000000000022,0.0,0.0
3.389481553603809e-223,1.0000000000000022,0.0,0.0
3.1132805683106738e-223,1.0000000000000022,0.0,0.0
2.859586560285431e-223,1.0000000000000022,0.0,0.0
2.6265654881860476e-223,1.0000000000000022,0.0,0.0
2.412532762442903e-223,1.0000000000000022,0.0,0.0
2.2159410667807096e-223,1.0000000000000022,0.0,0.0
2.0353691721363483e-223,1.0000000000000022,0.0,0.0
1.8695116621045817e-223,1.0000000000000022,0.0,0.0
1.7171694956333468e-223,1.0000000000000022,0.0,0.0
1.5772413387431075e-223,1.0000000000000022,0.0,0.0
1.4487156026042791e-223,1.0000000000000022,0.0,0.0
1.3306631304132442e-223,1.0000000000000022,0.0,0.0
1.2222304801978699e-223,1.0000000000000022,0.0,0.0
1.1226337549916137e-223,1.0000000000000022,0.0,0.0
1.0311529357724218e-223,1.0000000000000022,0.0,0.0
9.471266761972851e-224,1.0000000000000022,0.0,0.0
8.699475215017938e-224,1.0000000000000022,0.0,0.0
7.990575170004735e-224,1.0000000000000022,0.0,0.0
7.339441744402343e-224,1.0000000000000022,0.0,0.0
6.741367670463174e-224,1.0000000000000022,0.0,0.0
6.192029264763488e-224,1.0000000000000022,0.0,0.0
5.68745517080708e-224,1.0000000000000022,0.0,0.0
5.223997648721663e-224,1.0000000000000022,0.0,0.0
4.798306204491252e-224,1.0000000000000022,0.0,0.0
4.407303368081197e-224,1.0000000000000022,0.0,0.0
4.0481624453476003e-224,1.0000000000000022,0.0,0.0
3.7182870828919863e-224,1.0000000000000022,0.0,0.0
3.415292498128553e-224,1.0000000000000022,0.0,0.0
3.1369882388696695e-224,1.0000000000000022,0.0,0.0
2.881362347792743e-224,1.0000000000000022,0.0,0.0
2.6465668173079297e-224,1.0000000000000022,0.0,0.0
2.4309042296749155e-224,1.0000000000000022,0.0,0.0
2.232815485785577e-224,1.0000000000000022,0.0,0.0
2.050868533899663e-224,1.0000000000000022,0.0,0.0
1.8837480168496425e-224,1.0000000000000022,0.0,0.0
1.7302457628708102e-224,1.0000000000000022,0.0,0.0
1.5892520513115672e-224,1.0000000000000022,0.0,0.0
1.45974759008071e-224,1.0000000000000022,0.0,0.0
1.3407961468339124e-224,1.0000000000000022,0.0,0.0
1.2315377806277238e-224,1.0000000000000022,0.0,0.0
1.1311826251103743e-224,1.0000000000000022,0.0,0.0
1.03900517830593e-224,1.0000000000000022,0.0,0.0
9.543390577106884e-225,1.0000000000000022,0.0,0.0
8.765721827845933e-225,1.0000000000000022,0.0,0.0
8.05142350010245e-225,1.0000000000000022,0.0,0.0
7.395331685300812e-225,1.0000000000000022,0.0,0.0
6.792703269790522e-225,1.0000000000000022,0.0,0.0
6.239181645244356e-225,1.0000000000000022,0.0,0.0
5.730765213236607e-225,1.0000000000000022,0.0,0.0
5.263778456310125e-225,1.0000000000000022,0.0,0.0
4.83484536639499e-225,1.0000000000000022,0.0,0.0
4.4408650384836566e-225,1.0000000000000022,0.0,0.0
4.0789892531208804e-225,1.0000000000000022,0.0,0.0
3.746601885644508e-225,1.0000000000000022,0.0,0.0
3.4412999933194466e-225,1.0000000000000022,0.0,0.0
3.160876443637196e-225,1.0000000000000022,0.0,0.0
2.9033039581949285e-225,1.0000000000000022,0.0,0.0
2.666720456801833e-225,1.0000000000000022,0.0,0.0
2.449415595860224e-225,1.0000000000000022,0.0,0.0
2.249818403702723e-225,1.0000000000000022,0.0,0.0
2.0664859234971217e-225,1.0000000000000022,0.0,0.0
1.89809278161457e-225,1.0000000000000022,0.0,0.0
1.7434216060472253e-225,1.0000000000000022,0.0,0.0
1.6013542256068155e-225,1.0000000000000022,0.0,0.0
1.470863586280083e-225,1.0000000000000022,0.0,0.0
1.3510063263016623e-225,1.0000000000000022,0.0,0.0
1.2409159562670378e-225,1.0000000000000022,0.0,0.0
1.1397965949822674e-225,1.0000000000000022,0.0,0.0
1.0469172157647753e-225,1.0000000000000022,0.0,0.0
9.616063615997386e-226,1.0000000000000022,0.0,0.0
8.832472909461152e-226,1.0000000000000022,0.0,0.0
8.112735190996717e-226,1.0000000000000022,0.0,0.0
7.451647228799919e-226,1.0000000000000022,0.0,0.0
6.844429790350343e-226,1.0000000000000022,0.0,0.0
6.286693091693737e-226,1.0000000000000022,0.0,0.0
5.774405062182213e-226,1.0000000000000022,0.0,0.0
5.3038621952471074e-226,1.0000000000000022,0.0,0.0
4.87166277447472e-226,1.0000000000000022,0.0,0.0
4.474682281426996e-226,1.0000000000000022,0.0,0.0
4.110050807421833e-226,1.0000000000000022,0.0,0.0
3.775132305974975e-226,1.0000000000000022,0.0,0.0
3.4675055359122775e-226,1.0000000000000022,0.0,0.0
3.1849465573835168e-226,1.0000000000000022,0.0,0.0
2.9254126542354098e-226,1.0000000000000022,0.0,0.0
2.68702756651315e-226,1.0000000000000022,0.0,0.0
2.4680679263311116e-226,1.0000000000000022,0.0,0.0
2.2669507990529738e-226,1.0000000000000022,0.0,0.0
2.082222239712161e-226,1.0000000000000022,0.0,0.0
1.9125467819430224e-226,1.0000000000000022,0.0,0.0
1.756697783434614e-226,1.0000000000000022,0.0,0.0
1.6135485581110469e-226,1.0000000000000022,0.0,0.0
1.4820642309298757e-226,1.0000000000000022,0.0,0.0
1.3612942564140647e-226,1.0000000000000022,0.0,0.0
1.2503655468314195e-226,1.0000000000000022,0.0,0.0
1.1484761603427283e-226,1.0000000000000022,0.0,0.0
1.054889503488063e-226,1.0000000000000022,0.0,0.0
9.689290060990143e-227,1.0000000000000022,0.0,0.0
8.89973230139973e-227,1.0000000000000022,0.0,0.0
8.174513771185811e-227,1.0000000000000022,0.0,0.0
7.5083916158688e-227,1.0000000000000022,0.0,0.0
6.896550209012722e-227,1.0000000000000022,0.0,0.0
6.3345663384034825e-227,1.0000000000000022,0.0,0.0
5.818377229124654e-227,1.0000000000000022,0.0,0.0
5.344251172358625e-227,1.0000000000000022,0.0,0.0
4.908760547578556e-227,1.0000000000000022,0.0,0.0
4.508757043099315e-227,1.0000000000000022,0.0,0.0
4.141348895848204e-227,1.0000000000000022,0.0,0.0
3.803879985813943e-227,1.0000000000000022,0.0,0.0
3.493910634040491e-227,1.0000000000000022,0.0,0.0
3.209199965347781e-227,1.0000000000000022,0.0,0.0
2.947689708273416e-227,1.0000000000000022,0.0,0.0
2.7074893151195086e-227,1.0000000000000022,0.0,0.0
2.486862294532379e-227,1.0000000000000022,0.0,0.0
2.284213657808606e-227,1.0000000000000022,0.0,0.0
2.0980783881724644e-227,1.0000000000000022,0.0,0.0
1.9271108496651866e-227,1.0000000000000022,0.0,0.0
1.7700750590792524e-227,1.0000000000000022,0.0,0.0
1.6258357506101792e-227,1.0000000000000022,0.0,0.0
1.4933501686290996e-227,1.0000000000000022,0.0,0.0
1.371660529243253e-227,1.0000000000000022,0.0,0.0
1.2598870961464186e-227,1.0000000000000022,0.0,0.0
1.1572218207022252e-227,1.0000000000000022,0.0,0.0
1.0629225002823122e-227,1.0000000000000022,0.0,0.0
9.763074126279562e-228,1.0000000000000022,0.0,0.0
8.967503874451152e-228,1.0000000000000022,0.0,0.0
8.236762796037564e-228,1.0000000000000022,0.0,0.0
7.565568112156616e-228,1.0000000000000022,0.0,0.0
6.949067525316653e-228,1.0000000000000022,0.0,0.0
6.382804140487111e-228,1.0000000000000022,0.0,0.0
5.862684244669643e-228,1.0000000000000022,0.0,0.0
5.384947712037206e-228,1.0000000000000022,0.0,0.0
4.946140820689674e-228,1.0000000000000022,0.0,0.0
4.543091284508966e-228,1.0000000000000022,0.0,0.0
4.172885319610329e-228,1.0000000000000022,0.0,0.0
3.832846579595297e-228,1.0000000000000022,0.0,0.0
3.520516807321993e-228,1.0000000000000022,0.0,0.0
3.23363806331776e-228,1.0000000000000022,0.0,0.0
2.97013640235721e-228,1.0000000000000022,0.0,0.0
2.728106880198035e-228,1.0000000000000022,0.0,0.0
2.5057997820831255e-228,1.0000000000000022,0.0,0.0
2.3016079734500874e-228,1.0000000000000022,0.0,0.0
2.114055281402082e-228,1.0000000000000022,0.0,0.0
1.941785822945645e-228,1.0000000000000022,0.0,0.0
1.7835542028456358e-228,1.0000000000000022,0.0,0.0
1.6382165102342372e-228,1.0000000000000022,0.0,0.0
1.504722048885395e-228,1.0000000000000022,0.0,0.0
1.3821057413699977e-228,1.0000000000000022,0.0,0.0
1.2694811521788237e-228,1.0000000000000022,0.0,0.0
1.1660340793750045e-228,1.0000000000000022,0.0,0.0
1.0710166684478599e-228,1.0000000000000022,0.0,0.0
9.837420058151194e-229,1.0000000000000022,0.0,0.0
9.035791528881019e-229,1.0000000000000022,0.0,0.0
8.299485847993983e-229,1.0000000000000022,0.0,0.0
7.62318000818049e-229,1.0000000000000022,0.0,0.0
7.00198476164265e-229,1.0000000000000022,0.0,0.0
6.4314092740383675e-229,1.0000000000000022,0.0,0.0
5.907328658693488e-229,1.0000000000000022,0.0,0.0
5.4259541563756526e-229,1.0000000000000022,0.0,0.0
4.983805745049172e-229,1.0000000000000022,0.0,0.0
4.5776869815974e-229,1.0000000000000022,0.0,0.0
4.204661893634775e-229,1.0000000000000022,0.0,0.0
3.862033754351451e-229,1.0000000000000022,0.0,0.0
3.547325586946596e-229,1.0000000000000022,0.0,0.0
3.2582622577101614e-229,1.0000000000000022,0.0,0.0
2.9927540282978668e-229,1.0000000000000022,0.0,0.0
2.748881448293117e-229,1.0000000000000022,0.0,0.0
2.5248814788389905e-229,1.0000000000000022,0.0,0.0
2.3191347470232516e-229,1.0000000000000022,0.0,0.0
2.1301538388739462e-229,1.0000000000000022,0.0,0.0
1.956572546331615e-229,1.0000000000000022,0.0,0.0
1.7971359904607883e-229,1.0000000000000022,0.0,0.0
1.65069154949805e-229,1.0000000000000022,0.0,0.0
1.5161805261524116e-229,1.0000000000000022,0.0,0.0
1.3926304939180394e-229,1.0000000000000022,0.0,0.0
1.2791482670681959e-229,1.0000000000000022,0.0,0.0
1.1749134435080562e-229,1.0000000000000022,0.0,0.0
1.0791724738054646e-229,1.0000000000000022,0.0,0.0
9.912332135226101e-230,1.0000000000000022,0.0,0.0
9.104599194655489e-230,1.0000000000000022,0.0,0.0
8.362686536777408e-230,1.0000000000000022,0.0,0.0
7.681230619514865e-230,1.0000000000000022,0.0,0.0
7.055304963386692e-230,1.0000000000000022,0.0,0.0
6.480384536290977e-230,1.0000000000000022,0.0,0.0
5.9523130404898295e-230,1.0000000000000022,0.0,0.0
5.467272865301835e-230,1.0000000000000022,0.0,0.0
5.021757488279872e-230,1.0000000000000022,0.0,0.0
4.612546125352891e-230,1.0000000000000022,0.0,0.0
4.2366804466688e-230,1.0000000000000022,0.0,0.0
3.891443189809293e-230,1.0000000000000022,0.0,0.0
3.574338515764142e-230,1.0000000000000022,0.0,0.0
3.2830739656515754e-230,1.0000000000000022,0.0,0.0
3.01554388774362e-230,1.0000000000000022,0.0,0.0
2.7698142149846946e-230,1.0000000000000022,0.0,0.0
2.5441084829548794e-230,1.0000000000000022,0.0,0.0
2.336794987196909e-230,1.0000000000000022,0.0,0.0
2.1463749870627864e-230,1.0000000000000022,0.0,0.0
1.9714718708015504e-230,1.0000000000000022,0.0,0.0
1.8108212035589054e-230,1.0000000000000022,0.0,0.0
1.6632615863422567e-230,1.0000000000000022,0.0,0.0
1.5277262598674719e-230,1.0000000000000022,0.0,0.0
1.403235392588684e-230,1.0000000000000022,0.0,0.0
1.288888997158648e-230,1.0000000000000022,0.0,0.0
1.183860424110302e-230,1.0000000000000022,0.0,0.0
1.0873903857231173e-230,1.0000000000000022,0.0,0.0
9.987814668707112e-231,1.0000000000000022,0.0,0.0
9.173930831667477e-231,1.0000000000000022,0.0,0.0
8.426368499598269e-231,1.0000000000000022,0.0,0.0
7.739723286982335e-231,1.0000000000000022,0.0,0.0
7.109031199135492e-231,1.0000000000000022,0.0,0.0
6.529732745779646e-231,1.0000000000000022,0.0,0.0
5.99763997891752e-231,1.0000000000000022,0.0,0.0
5.508906216714504e-231,1.0000000000000022,0.0,0.0
5.059998234511077e-231,1.0000000000000022,0.0,0.0
4.6476707219251085e-231,1.0000000000000022,0.0,0.0
4.268942821385598e-231,1.0000000000000022,0.0,0.0
3.9210765784868536e-231,1.0000000000000022,0.0,0.0
3.6015571483732965e-231,1.0000000000000022,0.0,0.0
3.308074615060028e-231,1.0000000000000022,0.0,0.0
3.0385072922547696e-231,1.0000000000000022,0.0,0.0
2.790906384957063e-231,1.0000000000000022,0.0,0.0
2.5634819009481597e-231,1.0000000000000022,0.0,0.0
2.354589710320896e-231,1.0000000000000022,0.0,0.0
2.1627196594984494e-231,1.0000000000000022,0.0,0.0
1.9864846538141177e-231,1.0000000000000022,0.0,0.0
1.8246106297263373e-231,1.0000000000000022,0.0,0.0
1.6759273441746235e-231,1.0000000000000022,0.0,0.0
1.5393599144895215e-231,1.0000000000000022,0.0,0.0
1.4139210476956593e-231,1.0000000000000022,0.0,0.0
1.298703903030859e-231,1.0000000000000022,0.0,0.0
1.1928755360820026e-231,1.0000000000000022,0.0,0.0
1.0956708771430512e-231,1.0000000000000022,0.0,0.0
1.006387200262691e-231,1.0000000000000022,0.0,0.0
9.243790429964527e-232,1.0000000000000022,0.0,0.0
8.490535401364397e-232,1.0000000000000022,0.0,0.0
7.798661376845895e-232,1.0000000000000022,0.0,0.0
7.163166560843092e-232,1.0000000000000022,0.0,0.0
6.579456742502254e-232,1.0000000000000022,0.0,0.0
6.043312082549608e-232,1.0000000000000022,0.0,0.0
5.550856606620142e-232,1.0000000000000022,0.0,0.0
5.098530184504261e-232,1.0000000000000022,0.0,0.0
4.683062792740585e-232,1.0000000000000022,0.0,0.0
4.301450874490341e-232,1.0000000000000022,0.0,0.0
3.95093562579071e-232,1.0000000000000022,0.0,0.0
3.628983051211012e-232,1.0000000000000022,0.0,0.0
3.333265644727162e-232,1.0000000000000022,0.0,0.0
3.061645563379166e-232,1.0000000000000022,0.0,0.0
2.8121591720682056e-232,1.0000000000000022,0.0,0.0
2.5830028477623454e-232,1.0000000000000022,0.0,0.0
2.3725199404845663e-232,1.0000000000000022,0.0,0.0
2.1791887968196247e-232,1.0000000000000022,0.0,0.0
2.0016117593575422e-232,1.0000000000000022,0.0,0.0
1.8385050625469126e-232,1.0000000000000022,0.0,0.0
1.6886895519116746e-232,1.0000000000000022,0.0,0.0
1.55108215953737e-232,1.0000000000000022,0.0,0.0
1.4246880742002408e-232,1.0000000000000022,0.0,0.0
1.3085935495343365e-232,1.0000000000000022,0.0,0.0
1.2019592982443908e-232,1.0000000000000022,0.0,0.0
1.1040144246089609e-232,1.0000000000000022,0.0,0.0
1.014050851409804e-232,1.0000000000000022,0.0,0.0
9.31418200997844e-233,1.0000000000000022,0.0,0.0
8.555190934891935e-233,1.0000000000000022,0.0,0.0
7.858048281002676e-233,1.0000000000000022,0.0,0.0
7.217714164008787e-233,1.0000000000000022,0.0,0.0
6.629559388083293e-233,1.0000000000000022,0.0,0.0
6.0893319798234425e-233,1.0000000000000022,0.0,0.0
5.593126449270842e-233,1.0000000000000022,0.0,0.0
5.137355555779716e-233,1.0000000000000022,0.0,0.0
4.71872437461903e-233,1.0000000000000022,0.0,0.0
4.3342064768270275e-233,1.0000000000000022,0.0,0.0
3.981022050114127e-233,1.0000000000000022,0.0,0.0
3.6566178026426732e-233,1.0000000000000022,0.0,0.0
3.358648504401029e-233,1.0000000000000022,0.0,0.0
3.0849600327282574e-233,1.0000000000000022,0.0,0.0
2.8335737994196446e-233,1.0000000000000022,0.0,0.0
2.6026724468312544e-233,1.0000000000000022,0.0,0.0
2.3905867095757236e-233,1.0000000000000022,0.0,0.0
2.195783346827974e-233,1.0000000000000022,0.0,0.0
2.016854057999328e-233,1.0000000000000022,0.0,0.0
1.8525053016476107e-233,1.0000000000000022,0.0,0.0
1.7015489440206433e-233,1.0000000000000022,0.0,0.0
1.5628936696282198e-233,1.0000000000000022,0.0,0.0
1.435537091746641e-233,1.0000000000000022,0.0,0.0
1.3185585058199244e-233,1.0000000000000022,0.0,0.0
1.2111122333695283e-233,1.0000000000000022,0.0,0.0
1.1124215082934262e-233,1.0000000000000022,0.0,0.0
1.021772861356481e-233,1.0000000000000022,0.0,0.0
9.385109622756657e-234,1.0000000000000022,0.0,0.0
8.620338821117869e-234,1.0000000000000022,0.0,0.0
7.917887417179141e-234,1.0000000000000022,0.0,0.0
7.272677147856454e-234,1.0000000000000022,0.0,0.0
6.68004356593857e-234,1.0000000000000022,0.0,0.0
6.13570231919197e-234,1.0000000000000022,0.0,0.0
5.635718177303265e-234,1.0000000000000022,0.0,0.0
5.176476582744188e-234,1.0000000000000022,0.0,0.0
4.75465751989057e-234,1.0000000000000022,0.0,0.0
4.3672115134861664e-234,1.0000000000000022,0.0,0.0
4.0113375829359617e-234,1.0000000000000022,0.0,0.0
3.684462993052945e-234,1.0000000000000022,0.0,0.0
3.384224654869539e-234,1.0000000000000022,0.0,0.0
3.1084520420537373e-234,1.0000000000000022,0.0,0.0
2.855151499426841e-234,1.0000000000000022,0.0,0.0
2.6224918301436724e-234,1.0000000000000022,0.0,0.0
2.408791057340014e-234,1.0000000000000022,0.0,0.0
2.2125042645426836e-234,1.0000000000000022,0.0,0.0
2.0322124269363645e-234,1.0000000000000022,0.0,0.0
1.866612152744583e-234,1.0000000000000022,0.0,0.0
1.7145062605617407e-234,1.0000000000000022,0.0,0.0
1.5747951245164924e-234,1.0000000000000022,0.0,0.0
1.4464687246976718e-234,1.0000000000000022,0.0,0.0
1.3285993453725584e-234,1.0000000000000022,0.0,0.0
1.2203348682103948e-234,1.0000000000000022,0.0,0.0
1.1208926120255491e-234,1.0000000000000022,0.0,0.0
1.0295536745057139e-234,1.0000000000000022,0.0,0.0
9.456577350195407e-235,1.0000000000000022,0.0,0.0
8.685982809314179e-235,1.0000000000000022,0.0,0.0
7.978182229127798e-235,1.0000000000000022,0.0,0.0
7.328058675515195e-235,1.0000000000000022,0.0,0.0
6.730912181441137e-235,1.0000000000000022,0.0,0.0
6.182425769276137e-235,1.0000000000000022,0.0,0.0
5.6786342418786304e-235,1.0000000000000022,0.0,0.0
5.2158955168194573e-235,1.0000000000000022,0.0,0.0
4.790864296513848e-235,1.0000000000000022,0.0,0.0
4.400467883913251e-235,1.0000000000000022,0.0,0.0
4.041883968920301e-235,1.0000000000000022,0.0,0.0
3.712520224937287e-235,1.0000000000000022,0.0,0.0
3.409995568044517e-235,1.0000000000000022,0.0,0.0
3.132122943324751e-235,1.0000000000000022,0.0,0.0
2.876893513890113e-235,1.0000000000000022,0.0,0.0
2.6424621383084897e-235,1.0000000000000022,0.0,0.0
2.427134031440757e-235,1.0000000000000022,0.0,0.0
2.2293525122554208e-235,1.0000000000000022,0.0,0.0
2.0476877500454048e-235,1.0000000000000022,0.0,0.0
1.880826427689516e-235,1.0000000000000022,0.0,0.0
1.7275622472307446e-235,1.0000000000000022,0.0,0.0
1.5867872091329483e-235,1.0000000000000022,0.0,0.0
1.4574836021706746e-235,1.0000000000000022,0.0,0.0
1.338716646044268e-235,1.0000000000000022,0.0,0.0
1.2296277335311988e-235,1.0000000000000022,0.0,0.0
1.1294282233187942e-235,1.0000000000000022,0.0,0.0
1.037393738644626e-235,1.0000000000000022,0.0,0.0
9.528589305274591e-236,1.0000000000000022,0.0,0.0
8.752126677303582e-236,1.0000000000000022,0.0,0.0
8.038936186825363e-236,1.0000000000000022,0.0,0.0
7.383861934201377e-236,1.0000000000000022,0.0,0.0
6.782168162088499e-236,1.0000000000000022,0.0,0.0
6.229505019018468e-236,1.0000000000000022,0.0,0.0
5.721877112823778e-236,1.0000000000000022,0.0,0.0
5.255614626571907e-236,1.0000000000000022,0.0,0.0
4.827346788195039e-236,1.0000000000000022,0.0,0.0
4.4339775020180735e-236,1.0000000000000022,0.0,0.0
4.072662966016874e-236,1.0000000000000022,0.0,0.0
3.740791112994184e-236,1.0000000000000022,0.0,0.0
3.4359627270464124e-236,1.0000000000000022,0.0,0.0
3.1559740988057067e-236,1.0000000000000022,0.0,0.0
2.898801094066104e-236,1.0000000000000022,0.0,0.0
2.662584520620352e-236,1.0000000000000022,0.0,0.0
2.4456166875192455e-236,1.0000000000000022,0.0,0.0
2.2463290595857187e-236,1.0000000000000022,0.0,0.0
2.063280917933935e-236,1.0000000000000022,0.0,0.0
1.8951489445163602e-236,1.0000000000000022,0.0,0.0
1.7407176554019165e-236,1.0000000000000022,0.0,0.0
1.598870613624104e-236,1.0000000000000022,0.0,0.0
1.4685823580737287e-236,1.0000000000000022,0.0,0.0
1.3489109900874339e-236,1.0000000000000022,0.0,0.0
1.238991364137926e-236,1.0000000000000022,0.0,0.0
1.1380288333990492e-236,1.0000000000000022,0.0,0.0
1.0452935049702476e-236,1.0000000000000022,0.0,0.0
9.601149632294526e-237,1.0000000000000022,0.0,0.0
8.818774231676978e-237,1.0000000000000022,0.0,0.0
8.100152786672471e-237,1.0000000000000022,0.0,0.0
7.440090135402062e-237,1.0000000000000022,0.0,0.0
6.83381445767109e-237,1.0000000000000022,0.0,0.0
6.276942777837822e-237,1.0000000000000022,0.0,0.0
5.76544927877331e-237,1.0000000000000022,0.0,0.0
5.295636197843082e-237,1.0000000000000022,0.0,0.0
4.8641070945077647e-237,1.0000000000000022,0.0,0.0
4.4677422962848774e-237,1.0000000000000022,0.0,0.0
4.103676345562215e-237,1.0000000000000022,0.0,0.0
3.7692772842180684e-237,1.0000000000000022,0.0,0.0
3.4621276262896594e-237,1.0000000000000022,0.0,0.0
3.1800068811346735e-237,1.0000000000000022,0.0,0.0
2.920875500739791e-237,1.0000000000000022,0.0,0.0
2.6828601351257943e-237,1.0000000000000022,0.0,0.0
2.4642400892554895e-237,1.0000000000000022,0.0,0.0
2.2634348835367724e-237,1.0000000000000022,0.0,0.0
2.0789928279914299e-237,1.0000000000000022,0.0,0.0
1.9095805274884033e-237,1.0000000000000022,0.0,0.0
1.7539732421712424e-237,1.0000000000000022,0.0,0.0
1.6110460333919505e-237,1.0000000000000022,0.0,0.0
1.47976563114213e-237,1.0000000000000022,0.0,0.0
1.3591829641882957e-237,1.0000000000000022,0.0,0.0
1.2484262989091158e-237,1.0000000000000022,0.0,0.0
1.1466949372328917e-237,1.0000000000000022,0.0,0.0
1.0532534281154783e-237,1.0000000000000022,0.0,0.0
9.674262507114408e-238,1.0000000000000022,0.0,0.0
8.885929308012488e-238,1.0000000000000022,0.0,0.0
8.161835551694889e-238,1.0000000000000022,0.0,0.0
7.496746515059828e-238,1.0000000000000022,0.0,0.0
6.885854040442033e-238,1.0000000000000022,0.0,0.0
6.324741775785315e-238,1.0000000000000022,0.0,0.0
5.809353247312813e-238,1.0000000000000022,0.0,0.0
5.335962533881238e-238,1.0000000000000022,0.0,0.0
4.901147331013927e-238,1.0000000000000022,0.0,0.0
4.5017642098833324e-238,1.0000000000000022,0.0,0.0
4.1349258923816094e-238,1.0000000000000022,0.0,0.0
3.797980377992954e-238,1.0000000000000022,0.0,0.0
3.4884917715686735e-238,1.0000000000000022,0.0,0.0
3.204222673402374e-238,1.0000000000000022,0.0,0.0
2.9431180042970455e-238,1.0000000000000022,0.0,0.0
2.703290148689891e-238,1.0000000000000022,0.0,0.0
2.4830053084294364e-238,1.0000000000000022,0.0,0.0
2.2806709685516692e-238,1.0000000000000022,0.0,0.0
2.094824384440992e-238,1.0000000000000022,0.0,0.0
1.924122007145707e-238,1.0000000000000022,0.0,0.0
1.7673297704000018e-238,1.0000000000000022,0.0,0.0
1.6233141691339716e-238,1.0000000000000022,0.0,0.0
1.4910340649751521e-238,1.0000000000000022,0.0,0.0
1.3695331595007147e-238,1.0000000000000022,0.0,0.0
1.2579330808268738e-238,1.0000000000000022,0.0,0.0
1.1554270335560753e-238,1.0000000000000022,0.0,0.0
1.0612739661752536e-238,1.0000000000000022,0.0,0.0
9.747932137392658e-239,1.0000000000000022,0.0,0.0
8.953595771096217e-239,1.0000000000000022,0.0,0.0
8.22398803174627e-239,1.0000000000000022,0.0,0.0
7.553834333758989e-239,1.0000000000000022,0.0,0.0
6.938289905288198e-239,1.0000000000000022,0.0,0.0
6.372904763701434e-239,1.0000000000000022,0.0,0.0
5.853591545123171e-239,1.0000000000000022,0.0,0.0
5.376595955473897e-239,1.0000000000000022,0.0,0.0
4.938469629385458e-239,1.0000000000000022,0.0,0.0
4.536045200780374e-239,1.0000000000000022,0.0,0.0
4.1664134048918105e-239,1.0000000000000022,0.0,0.0
3.8269020461867873e-239,1.0000000000000022,0.0,0.0
3.5150566801445164e-239,1.0000000000000022,0.0,0.0
3.228622869231789e-239,1.0000000000000022,0.0,0.0
2.9655298847977443e-239,1.0000000000000022,0.0,0.0
2.7238757370634106e-239,1.0000000000000022,0.0,0.0
2.5019134249826535e-239,1.0000000000000022,0.0,0.0
2.2980383065700445e-239,1.0000000000000022,0.0,0.0
2.110776498391399e-239,1.0000000000000022,0.0,0.0
1.9387742203529085e-239,1.0000000000000022,0.0,0.0
1.7807880087586748e-239,1.0000000000000022,0.0,0.0
1.6356757268834753e-239,1.0000000000000022,0.0,0.0
1.5023883080730858e-239,1.0000000000000022,0.0,0.0
1.3799621716801994e-239,1.0000000000000022,0.0,0.0
1.267512257008123e-239,1.0000000000000022,0.0,0.0
1.1642256249022355e-239,1.0000000000000022,0.0,0.0
1.0693555807329084e-239,1.0000000000000022,0.0,0.0
9.822162762829083e-240,1.0000000000000022,0.0,0.0
9.021777515144671e-240,1.0000000000000022,0.0,0.0
8.286613803712455e-240,1.0000000000000022,0.0,0.0
7.611356876913259e-240,1.0000000000000022,0.0,0.0
6.991125069902562e-240,1.0000000000000022,0.0,0.0
6.421434513374361e-240,1.0000000000000022,0.0,0.0
5.898166718125975e-240,1.0000000000000022,0.0,0.0
5.417538801081411e-240,1.0000000000000022,0.0,0.0
4.976076137527002e-240,1.0000000000000022,0.0,0.0
4.57058724185288e-240,1.0000000000000022,0.0,0.0
4.1981406952045374e-240,1.0000000000000022,0.0,0.0
3.856043953246509e-240,1.0000000000000022,0.0,0.0
3.54182388083221e-240,1.0000000000000022,0.0,0.0
3.2532088728583515e-240,1.0000000000000022,0.0,0.0
2.988112432049435e-240,1.0000000000000022,0.0,0.0
2.744618084950478e-240,1.0000000000000022,0.0,0.0
2.520965527080476e-240,1.0000000000000022,0.0,0.0
2.3155378970851652e-240,1.0000000000000022,0.0,0.0
2.1268500878895313e-240,1.0000000000000022,0.0,0.0
1.9535380103473787e-240,1.0000000000000022,0.0,0.0
1.7943487317711764e-240,1.0000000000000022,0.0,0.0
1.6481314180502193e-240,1.0000000000000022,0.0,0.0
1.5138290138745593e-240,1.0000000000000022,0.0,0.0
1.3904706009181802e-240,1.0000000000000022,0.0,0.0
1.2771643787360874e-240,1.0000000000000022,0.0,0.0
1.1730912176318053e-240,1.0000000000000022,0.0,0.0
1.0774987368867396e-240,1.0000000000000022,0.0,0.0
9.89695865540884e-241,1.0000000000000022,0.0,0.0
9.090478464028851e-241,1.0000000000000022,0.0,0.0
8.349716471717305e-241,1.0000000000000022,0.0,0.0
7.669317454954811e-241,1.0000000000000022,0.0,0.0
7.044362574957857e-241,1.0000000000000022,0.0,0.0
6.470333817699464e-241,1.0000000000000022,0.0,0.0
5.9430813316300336e-241,1.0000000000000022,0.0,0.0
5.458793426971526e-241,1.0000000000000022,0.0,0.0
5.0139690196995164e-241,1.0000000000000022,0.0,0.0
4.605392321001208e-241,1.0000000000000022,0.0,0.0
4.230109589230762e-241,1.0000000000000022,0.0,0.0
3.885407776293844e-241,1.0000000000000022,0.0,0.0
3.5687949140887214e-241,1.0000000000000022,0.0,0.0
3.277982099210765e-241,1.0000000000000022,0.0,0.0
3.010866945681565e-241,1.0000000000000022,0.0,0.0
2.765518386076751e-241,1.0000000000000022,0.0,0.0
2.5401627111746293e-241,1.0000000000000022,0.0,0.0
2.3331707472014506e-241,1.0000000000000022,0.0,0.0
2.1430460779732065e-241,1.0000000000000022,0.0,0.0
1.9684142267877507e-241,1.0000000000000022,0.0,0.0
1.8080127198594285e-241,1.0000000000000022,0.0,0.0
1.6606819594613543e-241,1.0000000000000022,0.0,0.0
1.525356840794143e-241,1.0000000000000022,0.0,0.0
1.4010590519765522e-241,1.0000000000000022,0.0,0.0
1.2868900014920184e-241,1.0000000000000022,0.0,0.0
1.182024321961158e-241,1.0000000000000022,0.0,0.0
1.0857039032767723e-241,1.0000000000000022,0.0,0.0
9.972324119648303e-242,1.0000000000000022,0.0,0.0
9.159702571500085e-242,1.0000000000000022,0.0,0.0
8.413299667330127e-242,1.0000000000000022,0.0,0.0
7.727719403524801e-242,1.0000000000000022,0.0,0.0
7.0980054842815884e-242,1.0000000000000022,0.0,0.0
6.519605490840053e-242,1.0000000000000022,0.0,0.0
5.988337970479021e-242,1.0000000000000022,0.0,0.0
5.500362207355003e-242,1.0000000000000022,0.0,0.0
5.052150456644838e-242,1.0000000000000022,0.0,0.0
4.640462441263601e-242,1.0000000000000022,0.0,0.0
4.26232192678579e-242,1.0000000000000022,0.0,0.0
3.914995205221818e-242,1.0000000000000022,0.0,0.0
3.595971332101617e-242,1.0000000000000022,0.0,0.0
3.302943973992434e-242,1.0000000000000022,0.0,0.0
3.033794735220277e-242,1.0000000000000022,0.0,0.0
2.7865778432581294e-242,1.0000000000000022,0.0,0.0
2.5595060820663358e-242,1.0000000000000022,0.0,0.0
2.3509378716924356e-242,1.0000000000000022,0.0,0.0
2.1593654007244182e-242,1.0000000000000022,0.0,0.0
1.9834037258028193e-242,1.0000000000000022,0.0,0.0
1.8217807593882788e-242,1.0000000000000022,0.0,0.0
1.6733280734026823e-242,1.0000000000000022,0.0,0.0
1.5369724522602438e-242,1.0000000000000022,0.0,0.0
1.4117281342224815e-242,1.0000000000000022,0.0,0.0
1.2966896849871666e-242,1.0000000000000022,0.0,0.0
1.191025451991974e-242,1.0000000000000022,0.0,0.0
1.093971552111734e-242,1.0000000000000022,0.0,0.0
1.0048263492842813e-242,1.0000000000000022,0.0,0.0
9.229453821417579e-243,1.0000000000000022,0.0,0.0
8.477367049774688e-243,1.0000000000000022,0.0,0.0
7.786566083665339e-243,1.0000000000000022,0.0,0.0
7.152056885032344e-243,1.0000000000000022,0.0,0.0
6.569252368389329e-243,1.0000000000000022,0.0,0.0
6.033939239200228e-243,1.0000000000000022,0.0,0.0
5.542247534522252e-243,1.0000000000000022,0.0,0.0
5.090622645711182e-243,1.0000000000000022,0.0,0.0
4.675799620931469e-243,1.0000000000000022,0.0,0.0
4.2947795616951484e-243,1.0000000000000022,0.0,0.0
3.9448079427920194e-243,1.0000000000000022,0.0,0.0
3.623354698878394e-243,1.0000000000000022,0.0,0.0
3.3280959337635145e-243,1.0000000000000022,0.0,0.0
3.0568971201637744e-243,1.0000000000000022,0.0,0.0
2.8077976684699677e-243,1.0000000000000022,0.0,0.0
2.578996752969891e-243,1.0000000000000022,0.0,0.0
2.3688402930591667e-243,1.0000000000000022,0.0,0.0
2.1758089953229772e-243,1.0000000000000022,0.0,0.0
1.998507370040812e-243,1.0000000000000022,0.0,0.0
1.8356536427107517e-243,1.0000000000000022,0.0,0.0
1.6860704876602184e-243,1.0000000000000022,0.0,0.0
1.548676516753285e-243,1.0000000000000022,0.0,0.0
1.4224784616634726e-243,1.0000000000000022,0.0,0.0
1.3065639931949893e-243,1.0000000000000022,0.0,0.0
1.200095125740822e-243,1.0000000000000022,0.0,0.0
1.1023021591962258e-243,1.0000000000000022,0.0,0.0
1.0124781145316253e-243,1.0000000000000022,0.0,0.0
9.299736227977671e-244,1.0000000000000022,0.0,0.0
8.54192230613978e-244,1.0000000000000022,0.0,0.0
7.845860882012912e-244,1.0000000000000022,0.0,0.0
7.206519887877461e-244,1.0000000000000022,0.0,0.0
6.619277307533568e-244,1.0000000000000022,0.0,0.0
6.079887762154451e-244,1.0000000000000022,0.0,0.0
5.584451818980996e-244,1.0000000000000022,0.0,0.0
5.1293878009795924e-244,1.0000000000000022,0.0,0.0
4.7114058936655305e-244,1.0000000000000022,0.0,0.0
4.3274843619012635e-244,1.0000000000000022,0.0,0.0
3.97484770473258e-244,1.0000000000000022,0.0,0.0
3.650946590336481e-244,1.0000000000000022,0.0,0.0
3.353439426023582e-244,1.0000000000000022,0.0,0.0
3.08017543005825e-244,1.0000000000000022,0.0,0.0
2.8291790829168264e-244,1.0000000000000022,0.0,0.0
2.5986358455767318e-244,1.0000000000000022,0.0,0.0
2.3868790415890482e-244,1.0000000000000022,0.0,0.0
2.192377808100557e-244,1.0000000000000022,0.0,0.0
2.0137260287190318e-244,1.0000000000000022,0.0,0.0
1.84963216821365e-244,1.0000000000000022,0.0,0.0
1.6989099355620772e-244,1.0000000000000022,0.0,0.0
1.5604697078441743e-244,1.0000000000000022,0.0,0.0
1.4333106529827033e-244,1.0000000000000022,0.0,0.0
1.3165134943836088e-244,1.0000000000000022,0.0,0.0
1.209233865168974e-244,1.0000000000000022,0.0,0.0
1.1106962039581068e-244,1.0000000000000022,0.0,0.0
1.0201881480672582e-244,1.0000000000000022,0.0,0.0
9.370553835944849e-245,1.0000000000000022,0.0,0.0
8.60696915159142e-245,1.0000000000000022,0.0,0.0
7.905607210993279e-245,1.0000000000000022,0.0,0.0
7.2613976271720465e-245,1.0000000000000022,0.0,0.0
6.669683187216554e-245,1.0000000000000022,0.0,0.0
6.126186183687029e-245,1.0000000000000022,0.0,0.0
5.6269774895950094e-245,1.0000000000000022,0.0,0.0
5.16844815339137e-245,1.0000000000000022,0.0,0.0
4.7472833086128575e-245,1.0000000000000022,0.0,0.0
4.360438209570968e-245,1.0000000000000022,0.0,0.0
4.005116219836927e-245,1.0000000000000022,0.0,0.0
3.678748594393942e-245,1.0000000000000022,0.0,0.0
3.3789759092949427e-245,1.0000000000000022,0.0,0.0
3.1036310045744143e-245,1.0000000000000022,0.0,0.0
2.850723317102758e-245,1.0000000000000022,0.0,0.0
2.61842449011999e-245,1.0000000000000022,0.0,0.0
2.405055155415137e-245,1.0000000000000022,0.0,0.0
2.209072792595162e-245,1.0000000000000022,0.0,0.0
2.0290605776738826e-245,1.0000000000000022,0.0,0.0
1.8637171403635017e-245,1.0000000000000022,0.0,0.0
1.7118471560206772e-245,1.0000000000000022,0.0,0.0
1.5723527042330725e-245,1.0000000000000022,0.0,0.0
1.4442253315746335e-245,1.0000000000000022,0.0,0.0
1.3265387611485168e-245,1.0000000000000022,0.0,0.0
1.218442196212444e-245,1.0000000000000022,0.0,0.0
1.1191541694760858e-245,1.0000000000000022,0.0,0.0
1.0279568936049256e-245,1.0000000000000022,0.0,0.0
9.441910720884535e-246,1.0000000000000022,0.0,0.0
8.672511329586667e-246,1.0000000000000022,0.0,0.0
7.965808509017872e-246,1.0000000000000022,0.0,0.0
7.316693261139362e-246,1.0000000000000022,0.0,0.0
6.720472908305263e-246,1.0000000000000022,0.0,0.0
6.172837168280019e-246,1.0000000000000022,0.0,0.0
5.669826993723892e-246,1.0000000000000022,0.0,0.0
5.207805950876465e-246,1.0000000000000022,0.0,0.0
4.783433930524805e-246,1.0000000000000022,0.0,0.0
4.3936430012038205e-246,1.0000000000000022,0.0,0.0
4.03561523006327e-246,1.0000000000000022,0.0,0.0
3.706762311060854e-246,1.0000000000000022,0.0,0.0
3.404706853206565e-246,1.0000000000000022,0.0,0.0
3.127265193584581e-246,1.0000000000000022,0.0,0.0
2.872431610902116e-246,1.0000000000000022,0.0,0.0
2.638363825439535e-246,1.0000000000000022,0.0,0.0
2.4233696805758855e-246,1.0000000000000022,0.0,0.0
2.2258949096059986e-246,1.0000000000000022,0.0,0.0
2.0445118994112743e-246,1.0000000000000022,0.0,0.0
1.8779093697528583e-246,1.0000000000000022,0.0,0.0
1.724882893575264e-246,1.0000000000000022,0.0,0.0
1.5843261897884496e-246,1.0000000000000022,0.0,0.0
1.4552231255808791e-246,1.0000000000000022,0.0,0.0
1.3366403704455267e-246,1.0000000000000022,0.0,0.0
1.2277206488122553e-246,1.0000000000000022,0.0,0.0
1.127676542507522e-246,1.0000000000000022,0.0,0.0
1.0357847982372595e-246,1.0000000000000022,0.0,0.0
9.513810989397644e-247,1.0000000000000022,0.0,0.0
8.738552612089055e-247,1.0000000000000022,0.0,0.0
8.02646824068167e-247,1.0000000000000022,0.0,0.0
7.372409972052584e-247,1.0000000000000022,0.0,0.0
6.771649393756817e-247,1.0000000000000022,0.0,0.0
6.219843400705553e-247,1.0000000000000022,0.0,0.0
5.713002797363924e-247,1.0000000000000022,0.0,0.0
5.2474634584828385e-247,1.0000000000000022,0.0,0.0
4.8198598398758335e-247,1.0000000000000022,0.0,0.0
4.427100647741246e-247,1.0000000000000022,0.0,0.0
4.0663464906348543e-247,1.0000000000000022,0.0,0.0
3.7349893525313936e-247,1.0000000000000022,0.0,0.0
3.4306337385786644e-247,1.0000000000000022,0.0,0.0
3.151079357240363e-247,1.0000000000000022,0.0,0.0
2.8943052136309124e-247,1.0000000000000022,0.0,0.0
2.658454999047518e-247,1.0000000000000022,0.0,0.0
2.441823671075343e-247,1.0000000000000022,0.0,0.0
2.2428451272487722e-247,1.0000000000000022,0.0,0.0
2.0600808831574094e-247,1.0000000000000022,0.0,0.0
1.8922096731469426e-247,1.0000000000000022,0.0,0.0
1.7380178984347574e-247,1.0000000000000022,0.0,0.0
1.5963908535864424e-247,1.0000000000000022,0.0,0.0
1.4663046679263615e-247,1.0000000000000022,0.0,0.0
1.3468189036239773e-247,1.0000000000000022,0.0,0.0
1.237069756944938e-247,1.0000000000000022,0.0,0.0
1.1362638135164377e-247,1.0000000000000022,0.0,0.0
1.0436723124615073e-247,1.0000000000000022,0.0,0.0
9.586258779356897e-248,1.0000000000000022,0.0,0.0
8.805096799785662e-248,1.0000000000000022,0.0,0.0
8.087589896962582e-248,1.0000000000000022,0.0,0.0
7.428550966417933e-248,1.0000000000000022,0.0,0.0
6.823215588786688e-248,1.0000000000000022,0.0,0.0
6.267207586180326e-248,1.0000000000000022,0.0,0.0
5.756507385289971e-248,1.0000000000000022,0.0,0.0
5.287422958506824e-248,1.0000000000000022,0.0,0.0
4.856563132983244e-248,1.0000000000000022,0.0,0.0
4.4608130746765166e-248,1.0000000000000022,0.0,0.0
4.0973117701409706e-248,1.0000000000000022,0.0,0.0
3.7634313432766166e-248,1.0000000000000022,0.0,0.0
3.4567580575079194e-248,1.0000000000000022,0.0,0.0
3.175074866050943e-248,1.0000000000000022,0.0,0.0
2.9163453841187204e-248,1.0000000000000022,0.0,0.0
2.6786991671944106e-248,1.0000000000000022,0.0,0.0
2.460418188943813e-248,1.0000000000000022,0.0,0.0
2.259924421011401e-248,1.0000000000000022,0.0,0.0
2.075768424909961e-248,1.0000000000000022,0.0,0.0
1.906618873530657e-248,1.0000000000000022,0.0,0.0
1.7512529265209307e-248,1.0000000000000022,0.0,0.0
1.6085473899505125e-248,1.0000000000000022,0.0,0.0
1.4774705963557352e-248,1.0000000000000022,0.0,0.0
1.357074946460191e-248,1.0000000000000022,0.0,0.0
1.2464900586532617e-248,1.0000000000000022,0.0,0.0
1.1449164767017457e-248,1.0000000000000022,0.0,0.0
1.0516198902054588e-248,1.0000000000000022,0.0,0.0
9.659258260144969e-249,1.0000000000000022,0.0,0.0
8.872147722305842e-249,1.0000000000000022,0.0,0.0
8.149176995422356e-249,1.0000000000000022,0.0,0.0
7.485119475159216e-249,1.0000000000000022,0.0,0.0
6.875174461038196e-249,1.0000000000000022,0.0,0.0
6.314932450521295e-249,1.0000000000000022,0.0,0.0
5.800343261198495e-249,1.0000000000000022,0.0,0.0
5.327686750624464e-249,1.0000000000000022,0.0,0.0
4.893545922127818e-249,1.0000000000000022,0.0,0.0
4.494782222165552e-249,1.0000000000000022,0.0,0.0
4.1285128506387387e-249,1.0000000000000022,0.0,0.0
3.7920899201379415e-249,1.0000000000000022,0.0,0.0
3.4830813134533416e-249,1.0000000000000022,0.0,0.0
3.199253100961949e-249,1.0000000000000022,0.0,0.0
2.9385533907811113e-249,1.0000000000000022,0.0,0.0
2.699097494935544e-249,1.0000000000000022,0.0,0.0
2.4791543042989716e-249,1.0000000000000022,0.0,0.0
2.2771337738101573e-249,1.0000000000000022,0.0,0.0
2.0915754274896342e-249,1.0000000000000022,0.0,0.0
1.9211378001559427e-249,1.0000000000000022,0.0,0.0
1.764588739511909e-249,1.0000000000000022,0.0,0.0
1.6207964984914024e-249,1.0000000000000022,0.0,0.0
1.4887215534700863e-249,1.0000000000000022,0.0,0.0
1.367409089191183e-249,1.0000000000000022,0.0,0.0
1.2559820960771973e-249,1.0000000000000022,0.0,0.0
1.153635030025689e-249,1.0000000000000022,0.0,0.0
1.05962798885357e-249,1.0000000000000022,0.0,0.0
9.732813632894444e-250,1.0000000000000022,0.0,0.0
8.939709238441639e-250,1.0000000000000022,0.0,0.0
8.211233080409023e-250,1.0000000000000022,0.0,0.0
7.542118753803766e-250,1.0000000000000022,0.0,0.0
6.927529000753312e-250,1.0000000000000022,0.0,0.0
6.363020740302551e-250,1.0000000000000022,0.0,0.0
5.844512947851634e-250,1.0000000000000022,0.0,0.0
5.36825715202387e-250,1.0000000000000022,0.0,0.0
4.9308103356753825e-250,1.0000000000000022,0.0,0.0
4.5290100451385885e-250,1.0000000000000022,0.0,0.0
4.1599515277556675e-250,1.0000000000000022,0.0,0.0
3.82096673242136e-250,1.0000000000000022,0.0,0.0
3.509605021322805e-250,1.0000000000000022,0.0,0.0
3.223615453434925e-250,1.0000000000000022,0.0,0.0
2.960930511692659e-250,1.0000000000000022,0.0,0.0
2.719651156198161e-250,1.0000000000000022,0.0,0.0
2.4980330954074547e-250,1.0000000000000022,0.0,0.0
2.2944741760462293e-250,1.0000000000000022,0.0,0.0
2.107502800592124e-250,1.0000000000000022,0.0,0.0
1.935767288589504e-250,1.0000000000000022,0.0,0.0
1.7780261048860046e-250,1.0000000000000022,0.0,0.0
1.6331388841473984e-250,1.0000000000000022,0.0,0.0
1.5000581867639165e-250,1.0000000000000022,0.0,0.0
1.3778219265486305e-250,1.0000000000000022,0.0,0.0
1.2655464154851177e-250,1.0000000000000022,0.0,0.0
1.162419975242498e-250,1.0000000000000022,0.0,0.0
1.0676970692732841e-250,1.0000000000000022,0.0,0.0
9.806929130729569e-251,1.0000000000000022,0.0,0.0
9.007785236369828e-251,1.0000000000000022,0.0,0.0
8.273761723260862e-251,1.0000000000000022,0.0,0.0
7.599552082669796e-251,1.0000000000000022,0.0,0.0
6.980282220944729e-251,1.0000000000000022,0.0,0.0
6.411475223013374e-251,1.0000000000000022,0.0,0.0
5.889018987222392e-251,1.0000000000000022,0.0,0.0
5.409136497538565e-251,1.0000000000000022,0.0,0.0
4.9683585181992975e-251,1.0000000000000022,0.0,0.0
4.563498513412681e-251,1.0000000000000022,0.0,0.0
4.1916296107929884e-251,1.0000000000000022,0.0,0.0
3.850063441992346e-251,1.0000000000000022,0.0,0.0
3.536330707560222e-251,1.0000000000000022,0.0,0.0
3.248163325527415e-251,1.0000000000000022,0.0,0.0
2.9834780346604913e-251,1.0000000000000022,0.0,0.0
2.7403613338489743e-251,1.0000000000000022,0.0,0.0
2.517055648746913e-251,1.0000000000000022,0.0,0.0
2.3119466256627266e-251,1.0000000000000022,0.0,0.0
2.1235514608404713e-251,1.0000000000000022,0.0,0.0
1.950508180760897e-251,1.0000000000000022,0.0,0.0
1.7915657959658887e-251,1.0000000000000022,0.0,0.0
1.6455752572249017e-251,1.0000000000000022,0.0,0.0
1.511481148662407e-251,1.0000000000000022,0.0,0.0
1.388314057793101e-251,1.0000000000000022,0.0,0.0
1.2751835673052376e-251,1.0000000000000022,0.0,0.0
1.1712718179272706e-251,1.0000000000000022,0.0,0.0
1.0758275958415565e-251,1.0000000000000022,0.0,0.0
9.881609019009895e-252,1.0000000000000022,0.0,0.0
9.076379633875708e-252,1.0000000000000022,0.0,0.0
8.336766522511941e-252,1.0000000000000022,0.0,0.0
7.657422767055181e-252,1.0000000000000022,0.0,0.0
7.033437157569271e-252,1.0000000000000022,0.0,0.0
6.460298687217515e-252,1.0000000000000022,0.0,0.0
5.933863940640933e-252,1.0000000000000022,0.0,0.0
5.450327139781859e-252,1.0000000000000022,0.0,0.0
5.006192630603874e-252,1.0000000000000022,0.0,0.0
4.598249611805063e-252,1.0000000000000022,0.0,0.0
4.223548922829788e-252,1.0000000000000022,0.0,0.0
3.879381723371501e-252,1.0000000000000022,0.0,0.0
3.563259910233399e-252,1.0000000000000022,0.0,0.0
3.2728981299736465e-252,1.0000000000000022,0.0,0.0
3.006197257298402e-252,1.0000000000000022,0.0,0.0
2.761229219762242e-252,1.0000000000000022,0.0,0.0
2.536223059068538e-252,1.0000000000000022,0.0,0.0
2.329552128202106e-252,1.0000000000000022,0.0,0.0
2.1397223318378124e-252,1.0000000000000022,0.0,0.0
1.9653613250109826e-252,1.0000000000000022,0.0,0.0
1.8052085919630937e-252,1.0000000000000022,0.0,0.0
1.6581063334393053e-252,1.0000000000000022,0.0,0.0
1.5229910965589648e-252,1.0000000000000022,0.0,0.0
1.3988860867485391e-252,1.0000000000000022,0.0,0.0
1.2848941061572894e-252,1.0000000000000022,0.0,0.0
1.1801910675050638e-252,1.0000000000000022,0.0,0.0
1.0840200364715793e-252,1.0000000000000022,0.0,0.0
9.956857595575744e-253,1.0000000000000022,0.0,0.0
9.145496378578571e-253,1.0000000000000022,0.0,0.0
8.400251104099211e-253,1.0000000000000022,0.0,0.0
7.715734137427692e-253,1.0000000000000022,0.0,0.0
7.086996869702616e-253,1.0000000000000022,0.0,0.0
6.509493942713674e-253,1.0000000000000022,0.0,0.0
5.97905038894198e-253,1.0000000000000022,0.0,0.0
5.491831449282246e-253,1.0000000000000022,0.0,0.0
5.044314850248739e-253,1.0000000000000022,0.0,0.0
4.6332653402473793e-253,1.0000000000000022,0.0,0.0
4.255711300827921e-253,1.0000000000000022,0.0,0.0
3.9089232638309225e-253,1.0000000000000022,0.0,0.0
3.590394179122543e-253,1.0000000000000022,0.0,0.0
3.2978212902658367e-253,1.0000000000000022,0.0,0.0
3.029089487101532e-253,1.0000000000000022,0.0,0.0
2.7822560148883614e-253,1.0000000000000022,0.0,0.0
2.5555364294600638e-253,1.0000000000000022,0.0,0.0
2.3472916968640435e-253,1.0000000000000022,0.0,0.0
2.1560163442205325e-253,1.0000000000000022,0.0,0.0
1.9803275761407463e-253,1.0000000000000022,0.0,0.0
1.8189552780228572e-253,1.0000000000000022,0.0,0.0
1.670732833956184e-253,1.0000000000000022,0.0,0.0
1.534588692853055e-253,1.0000000000000022,0.0,0.0
1.4095386218370138e-253,1.0000000000000022,0.0,0.0
1.2946785908844402e-253,1.0000000000000022,0.0,0.0
1.1891782372802123e-253,1.0000000000000022,0.0,0.0
1.0922748626397083e-253,1.0000000000000022,0.0,0.0
1.0032679190995533e-253,1.0000000000000022,0.0,0.0
9.215139448158862e-254,1.0000000000000022,0.0,0.0
8.464219121571175e-254,1.0000000000000022,0.0,0.0
7.774489549616638e-254,1.0000000000000022,0.0,0.0
7.140964439715335e-254,1.0000000000000022,0.0,0.0
6.559063820697197e-254,1.0000000000000022,0.0,0.0
6.024580932613341e-254,1.0000000000000022,0.0,0.0
5.5336518146198166e-254,1.0000000000000022,0.0,0.0
5.0827273710741385e-254,1.0000000000000022,0.0,0.0
4.668547713900776e-254,1.0000000000000022,0.0,0.0
4.2881185957377305e-254,1.0000000000000022,0.0,0.0
3.9386897634913065e-254,1.0000000000000022,0.0,0.0
3.617735075809462e-254,1.0000000000000022,0.0,0.0
3.3229342407361153e-254,1.0000000000000022,0.0,0.0
3.0521560415216142e-254,1.0000000000000022,0.0,0.0
2.8034429293229803e-254,1.0000000000000022,0.0,0.0
2.574996871409255e-254,1.0000000000000022,0.0,0.0
2.3651663525637435e-254,1.0000000000000022,0.0,0.0
2.1724344357118267e-254,1.0000000000000022,0.0,0.0
1.995407795460496e-254,1.0000000000000022,0.0,0.0
1.832806645269309e-254,1.0000000000000022,0.0,0.0
1.6834554854327979e-254,1.0000000000000022,0.0,0.0
1.5462746049883245e-254,1.0000000000000022,0.0,0.0
1.4202722761137391e-254,1.0000000000000022,0.0,0.0
1.3045375845854575e-254,1.0000000000000022,0.0,0.0
1.1982338444658715e-254,1.0000000000000022,0.0,0.0
1.1005925494125987e-254,1.0000000000000022,0.0,0.0
1.0109078168815021e-254,1.0000000000000022,0.0,0.0
9.285312850587124e-255,1.0000000000000022,0.0,0.0
8.528674256298156e-255,1.0000000000000022,0.0,0.0
7.833692385006023e-255,1.0000000000000022,0.0,0.0
7.195342973450293e-255,1.0000000000000022,0.0,0.0
6.609011173923024e-255,1.0000000000000022,0.0,0.0
6.070458191945577e-255,1.0000000000000022,0.0,0.0
5.575790642563736e-255,1.0000000000000022,0.0,0.0
5.121432403727203e-255,1.0000000000000022,0.0,0.0
4.704098763271879e-255,1.0000000000000022,0.0,0.0
4.320772672604569e-255,1.0000000000000022,0.0,0.0
3.9686829354197865e-255,1.0000000000000022,0.0,0.0
3.645284173767424e-255,1.0000000000000022,0.0,0.0
3.3482384266390653e-255,1.0000000000000022,0.0,0.0
3.0753982480427894e-255,1.0000000000000022,0.0,0.0
2.824791182376638e-255,1.0000000000000022,0.0,0.0
2.5946055048678636e-255,1.0000000000000022,0.0,0.0
2.3831771239906915e-255,1.0000000000000022,0.0,0.0
2.18897755117566e-255,1.0000000000000022,0.0,0.0
2.010602850839426e-255,1.0000000000000022,0.0,0.0
1.8467634908509965e-255,1.0000000000000022,0.0,0.0
1.6962750200599099e-255,1.0000000000000022,0.0,0.0
1.5580495054910103e-255,1.0000000000000022,0.0,0.0
1.431087667302349e-255,1.0000000000000022,0.0,0.0
1.3144716546471094e-255,1.0000000000000022,0.0,0.0
1.207358410213779e-255,1.0000000000000022,0.0,0.0
1.1089735754745433e-255,1.0000000000000022,0.0,0.0
1.0186058925808419e-255,1.0000000000000022,0.0,0.0
9.356020624354642e-256,1.0000000000000022,0.0,0.0
8.593620217684159e-256,1.0000000000000022,0.0,0.0
7.893346050729123e-256,1.0000000000000022,0.0,0.0
7.250135600401387e-256,1.0000000000000022,0.0,0.0
6.659338876869855e-256,1.0000000000000022,0.0,0.0
6.116684807182793e-256,1.0000000000000022,0.0,0.0
5.618250358210745e-256,1.0000000000000022,0.0,0.0
5.160432175689165e-256,1.0000000000000022,0.0,0.0
4.739920534329648e-256,1.0000000000000022,0.0,0.0
4.353675410676133e-256,1.0000000000000022,0.0,0.0
3.998904505728527e-256,1.0000000000000022,0.0,0.0
3.6730430584517205e-256,1.0000000000000022,0.0,0.0
3.3737353042349066e-256,1.0000000000000022,0.0,0.0
3.098817444258013e-256,1.0000000000000022,0.0,0.0
2.846302002644944e-256,1.0000000000000022,0.0,0.0
2.6143634583160937e-256,1.0000000000000022,0.0,0.0
2.4013250476678567e-256,1.0000000000000022,0.0,0.0
2.205646642671152e-256,1.0000000000000022,0.0,0.0
2.025913616755568e-256,1.0000000000000022,0.0,0.0
1.8608266179867666e-256,1.0000000000000022,0.0,0.0
1.7091921756039267e-256,1.0000000000000022,0.0,0.0
1.5699140720086466e-256,1.0000000000000022,0.0,0.0
1.4419854178304538e-256,1.0000000000000022,0.0,0.0
1.3244813727768254e-256,1.0000000000000022,0.0,0.0
1.2165524596442527e-256,1.0000000000000022,0.0,0.0
1.1174184231550235e-256,1.0000000000000022,0.0,0.0
1.0263625892231435e-256,1.0000000000000022,0.0,0.0
9.427266838705867e-257,1.0000000000000022,0.0,0.0
8.659060743380347e-257,1.0000000000000022,0.0,0.0
7.953453979864588e-257,1.0000000000000022,0.0,0.0
7.305345473893654e-257,1.0000000000000022,0.0,0.0
6.710049825905589e-257,1.0000000000000022,0.0,0.0
6.163263438674587e-257,1.0000000000000022,0.0,0.0
5.6610334051247265e-257,1.0000000000000022,0.0,0.0
5.199728931403562e-257,1.0000000000000022,0.0,0.0
4.776015088623123e-257,1.0000000000000022,0.0,0.0
4.3868287035106175e-257,1.0000000000000022,0.0,0.0
4.02935621367406e-257,1.0000000000000022,0.0,0.0
3.701013327390904e-257,1.0000000000000022,0.0,0.0
3.399426340873296e-257,1.0000000000000022,0.0,0.0
3.1224149779460235e-257,1.0000000000000022,0.0,0.0
2.867976628079276e-257,1.0000000000000022,0.0,0.0
2.6342718688275397e-257,1.0000000000000022,0.0,0.0
2.419611168011346e-257,1.0000000000000022,0.0,0.0
2.2224426695073643e-257,1.0000000000000022,0.0,0.0
2.041340974346114e-257,1.0000000000000022,0.0,0.0
1.8749968360119865e-257,1.0000000000000022,0.0,0.0
1.7222076954493543e-257,1.0000000000000022,0.0,0.0
1.581868987349062e-257,1.0000000000000022,0.0,0.0
1.4529661548654558e-257,1.0000000000000022,0.0,0.0
1.3345673150355916e-257,1.0000000000000022,0.0,0.0
1.2258165218764056e-257,1.0000000000000022,0.0,0.0
1.1259275784564637e-257,1.0000000000000022,0.0,0.0
1.0341783532076224e-257,1.0000000000000022,0.0,0.0
9.499055593872595e-258,1.0000000000000022,0.0,0.0
8.724999599500145e-258,1.0000000000000022,0.0,0.0
8.014019631633994e-258,1.0000000000000022,0.0,0.0
7.360975771264731e-258,1.0000000000000022,0.0,0.0
6.761146939453994e-258,1.0000000000000022,0.0,0.0
6.210196767029148e-258,1.0000000000000022,0.0,0.0
5.704142245477329e-258,1.0000000000000022,0.0,0.0
5.239324932405387e-258,1.0000000000000022,0.0,0.0
4.812384503400059e-258,1.0000000000000022,0.0,0.0
4.4202344590856785e-258,1.0000000000000022,0.0,0.0
4.06003981175737e-258,1.0000000000000022,0.0,0.0
3.729196590278721e-258,1.0000000000000022,0.0,0.0
3.425313015077775e-258,1.0000000000000022,0.0,0.0
3.14619220714891e-258,1.0000000000000022,0.0,0.0
2.8898163060580243e-258,1.0000000000000022,0.0,0.0
2.654331882134621e-258,1.0000000000000022,0.0,0.0
2.4380365373905036e-258,1.0000000000000022,0.0,0.0
2.2393665982985054e-258,1.0000000000000022,0.0,0.0
2.0568858114581235e-258,1.0000000000000022,0.0,0.0
1.8892749604251197e-258,1.0000000000000022,0.0,0.0
1.73532232864158e-258,1.0000000000000022,0.0,0.0
1.5939149395196725e-258,1.0000000000000022,0.0,0.0
1.4640305103506445e-258,1.0000000000000022,0.0,0.0
1.3447300618711056e-258,1.0000000000000022,0.0,0.0
1.2351511300586e-258,1.0000000000000022,0.0,0.0
1.1345015310822043e-258,1.0000000000000022,0.0,0.0
1.0420536343328295e-258,1.0000000000000022,0.0,0.0
9.571391021309935e-259,1.0000000000000022,0.0,0.0
8.791440580835971e-259,1.0000000000000022,0.0,0.0
8.075046491600938e-259,1.0000000000000022,0.0,0.0
7.41702969404773e-259,1.0000000000000022,0.0,0.0
6.81263315816268e-259,1.0000000000000022,0.0,0.0
6.257487493267535e-259,1.0000000000000022,0.0,0.0
5.747579360189675e-259,1.0000000000000022,0.0,0.0
5.279222457451259e-259,1.0000000000000022,0.0,0.0
4.8490308717264887e-259,1.0000000000000022,0.0,0.0
4.4538945999082546e-259,1.0000000000000022,0.0,0.0
4.0909570658247676e-259,1.0000000000000022,0.0,0.0
3.757594469066765e-259,1.0000000000000022,0.0,0.0
3.4513968166308654e-259,1.0000000000000022,0.0,0.0
3.1701505002502737e-259,1.0000000000000022,0.0,0.0
2.911822293458387e-259,1.0000000000000022,0.0,0.0
2.6745446526945306e-259,1.0000000000000022,0.0,0.0
2.4566022161884842e-259,1.0000000000000022,0.0,0.0
2.2564194030195685e-259,1.0000000000000022,0.0,0.0
2.072549022699629e-259,1.0000000000000022,0.0,0.0
1.9036618129346654e-259,1.0000000000000022,0.0,0.0
1.7485368299299844e-259,1.0000000000000022,0.0,0.0
1.6060526217670838e-259,1.0000000000000022,0.0,0.0
1.4751791210415677e-259,1.0000000000000022,0.0,0.0
1.3549701981511832e-259,1.0000000000000022,0.0,0.0
1.2445568213991302e-259,1.0000000000000022,0.0,0.0
1.1431407744646815e-259,1.0000000000000022,0.0,0.0
1.0499888858225377e-259,1.0000000000000022,0.0,0.0
9.644277283934084e-260,1.0000000000000022,0.0,0.0
8.858387511077642e-260,1.0000000000000022,0.0,0.0
8.136538071871627e-260,1.0000000000000022,0.0,0.0
7.47351046815547e-260,1.0000000000000022,0.0,0.0
6.864511445072313e-260,1.0000000000000022,0.0,0.0
6.3051383389791115e-260,1.0000000000000022,0.0,0.0
5.791347249075128e-260,1.0000000000000022,0.0,0.0
5.319423802650551e-260,1.0000000000000022,0.0,0.0
4.885956302607159e-260,1.0000000000000022,0.0,0.0
4.487811063125191e-260,1.0000000000000022,0.0,0.0
4.122109755169498e-260,1.0000000000000022,0.0,0.0
3.7862085980578046e-260,1.0000000000000022,0.0,0.0
3.4776792466597946e-260,1.0000000000000022,0.0,0.0
3.19429123605397e-260,1.0000000000000022,0.0,0.0
2.933995856728693e-260,1.0000000000000022,0.0,0.0
2.694911343755662e-260,1.0000000000000022,0.0,0.0
2.4753092728632694e-260,1.0000000000000022,0.0,0.0
2.2736020650623733e-260,1.0000000000000022,0.0,0.0
2.088331509491108e-260,1.0000000000000022,0.0,0.0
1.918158221506439e-260,1.0000000000000022,0.0,0.0
1.76185195981137e-260,1.0000000000000022,0.0,0.0
1.6182827326169795e-260,1.0000000000000022,0.0,0.0
1.486412628542673e-260,1.0000000000000022,0.0,0.0
1.3652883131974141e-260,1.0000000000000022,0.0,0.0
1.254034137197138e-260,1.0000000000000022,0.0,0.0
1.151845805793827e-260,1.0000000000000022,0.0,0.0
1.0579845643518247e-260,1.0000000000000022,0.0,0.0
9.717718576361892e-261,1.0000000000000022,0.0,0.0
8.925844243032422e-261,1.0000000000000022,0.0,0.0
8.198497911297e-261,1.0000000000000022,0.0,0.0
7.530421344066143e-261,1.0000000000000022,0.0,0.0
6.916784785787166e-261,1.0000000000000022,0.0,0.0
6.353152046478183e-261,1.0000000000000022,0.0,0.0
5.835448430983162e-261,1.0000000000000022,0.0,0.0
5.359931281597542e-261,1.0000000000000022,0.0,0.0
4.923162921106922e-261,1.0000000000000022,0.0,0.0
4.5219858006347375e-261,1.0000000000000022,0.0,0.0
4.153499672634151e-261,1.0000000000000022,0.0,0.0
3.8150406239998477e-261,1.0000000000000022,0.0,0.0
3.504161817722898e-261,1.0000000000000022,0.0,0.0
3.2186158038634643e-261,1.0000000000000022,0.0,0.0
2.9563382719612933e-261,1.0000000000000022,0.0,0.0
2.715433127424561e-261,1.0000000000000022,0.0,0.0
2.4941587840091637e-261,1.0000000000000022,0.0,0.0
2.290915573292053e-261,1.0000000000000022,0.0,0.0
2.104234180117369e-261,1.0000000000000022,0.0,0.0
1.9327650204112284e-261,1.0000000000000022,0.0,0.0
1.7752684845737344e-261,1.0000000000000022,0.0,0.0
1.6306059759143261e-261,1.0000000000000022,0.0,0.0
1.4977316793442334e-261,1.0000000000000022,0.0,0.0
1.3756850008190806e-261,1.0000000000000022,0.0,0.0
1.2635836228737647e-261,1.0000000000000022,0.0,0.0
1.1606171260456787e-261,1.0000000000000022,0.0,0.0
1.066041130073354e-261,1.0000000000000022,0.0,0.0
9.791719125152271e-262,1.0000000000000022,0.0,0.0
8.99381465884674e-262,1.0000000000000022,0.0,0.0
8.260929575676385e-262,1.0000000000000022,0.0,0.0
7.587765597010367e-262,1.0000000000000022,0.0,0.0
6.969456188646912e-262,1.0000000000000022,0.0,0.0
6.401531378961808e-262,1.0000000000000022,0.0,0.0
5.879885443944325e-262,1.0000000000000022,0.0,0.0
5.400747225504557e-262,1.0000000000000022,0.0,0.0
4.96065286847302e-262,1.0000000000000022,0.0,0.0
4.5564207791988687e-262,1.0000000000000022,0.0,0.0
4.185128624713834e-262,1.0000000000000022,0.0,0.0
3.8440922061809073e-262,1.0000000000000022,0.0,0.0
3.5308460538966595e-262,1.0000000000000022,0.0,0.0
3.243125603561786e-262,1.0000000000000022,0.0,0.0
2.978850824965997e-262,1.0000000000000022,0.0,0.0
2.7361111847333816e-262,1.0000000000000022,0.0,0.0
2.513151834418752e-262,1.0000000000000022,0.0,0.0
2.308360924103963e-262,1.0000000000000022,0.0,0.0
2.1202579497798224e-262,1.0000000000000022,0.0,0.0
1.9474830502728042e-262,1.0000000000000022,0.0,0.0
1.7887871763403682e-262,1.0000000000000022,0.0,0.0
1.643023060863879e-262,1.0000000000000022,0.0,0.0
1.5091369248595554e-262,1.0000000000000022,0.0,0.0
1.3861608593473304e-262,1.0000000000000022,0.0,0.0
1.2732058280035418e-262,1.0000000000000022,0.0,0.0
1.1694552400112151e-262,1.0000000000000022,0.0,0.0
1.0741590466438585e-262,1.0000000000000022,0.0,0.0
9.866283189049439e-263,1.0000000000000022,0.0,0.0
9.062302670229634e-263,1.0000000000000022,0.0,0.0
8.32383665796273e-263,1.0000000000000022,0.0,0.0
7.64554652715969e-263,1.0000000000000022,0.0,0.0
7.02252868489978e-263,1.0000000000000022,0.0,0.0
6.45027912066883e-263,1.0000000000000022,0.0,0.0
5.924660845316295e-263,1.0000000000000022,0.0,0.0
5.441873983336135e-263,1.0000000000000022,0.0,0.0
4.998428302258324e-263,1.0000000000000022,0.0,0.0
4.591117980556478e-263,1.0000000000000022,0.0,0.0
4.216998431660136e-263,1.0000000000000022,0.0,0.0
3.873365016524496e-263,1.0000000000000022,0.0,0.0
3.557733490863425e-263,1.0000000000000022,0.0,0.0
3.2678220456920906e-263,1.0000000000000022,0.0,0.0
3.0015348113440724e-263,1.0000000000000022,0.0,0.0
2.7569467057078495e-263,1.0000000000000022,0.0,0.0
2.5322895171453246e-263,1.0000000000000022,0.0,0.0
2.325939121481018e-263,1.0000000000000022,0.0,0.0
2.1364037406491452e-263,1.0000000000000022,0.0,0.0
1.9623131581162962e-263,1.0000000000000022,0.0,0.0
1.8024088131142888e-263,1.0000000000000022,0.0,0.0
1.6555347020709964e-263,1.0000000000000022,0.0,0.0
1.5206290214624647e-263,1.0000000000000022,0.0,0.0
1.3967164916696086e-263,1.0000000000000022,0.0,0.0
1.2829013063460158e-263,1.0000000000000022,0.0,0.0
1.1783606563254029e-263,1.0000000000000022,0.0,0.0
1.082338781250822e-263,1.0000000000000022,0.0,0.0
9.941415059227997e-264,1.0000000000000022,0.0,0.0
9.131312218677848e-264,1.0000000000000022,0.0,0.0
8.387222778469357e-264,1.0000000000000022,0.0,0.0
7.703767459816502e-264,1.0000000000000022,0.0,0.0
7.076005328876985e-264,1.0000000000000022,0.0,0.0
6.499398077040103e-264,1.0000000000000022,0.0,0.0
5.9697772119310635e-264,1.0000000000000022,0.0,0.0
5.4833139219442085e-264,1.0000000000000022,0.0,0.0
5.036491396445496e-264,1.0000000000000022,0.0,0.0
4.626079401537426e-264,1.0000000000000022,0.0,0.0
4.249110927585889e-264,1.0000000000000022,0.0,0.0
3.902860739685846e-264,1.0000000000000022,0.0,0.0
3.5848256759997823e-264,1.0000000000000022,0.0,0.0
3.2927065515388373e-264,1.0000000000000022,0.0,0.0
3.0243915365628056e-264,1.0000000000000022,0.0,0.0
2.777940889435753e-264,1.0000000000000022,0.0,0.0
2.55157293356579e-264,1.0000000000000022,0.0,0.0
2.3436511770514775e-264,1.0000000000000022,0.0,0.0
2.152672481918358e-264,1.0000000000000022,0.0,0.0
1.9772561974169415e-264,1.0000000000000022,0.0,0.0
1.8161341788230172e-264,1.0000000000000022,0.0,0.0
1.6681416195827643e-264,1.0000000000000022,0.0,0.0
1.5322086305250812e-264,1.0000000000000022,0.0,0.0
1.4073525052643569e-264,1.0000000000000022,0.0,0.0
1.2926706158776199e-264,1.0000000000000022,0.0,0.0
1.1873338874964701e-264,1.0000000000000022,0.0,0.0
1.0905808046393664e-264,1.0000000000000022,0.0,0.0
1.001711905953989e-264,1.0000000000000022,0.0,0.0
9.200847275702663e-265,1.0000000000000022,0.0,0.0
8.45109158507831e-265,1.0000000000000022,0.0,0.0
7.762431745605411e-265,1.0000000000000022,0.0,0.0
7.129889198168514e-265,1.0000000000000022,0.0,0.0
6.548891074879949e-265,1.0000000000000022,0.0,0.0
6.015237140243228e-265,1.0000000000000022,0.0,0.0
5.525069426204316e-265,1.0000000000000022,0.0,0.0
5.074844341572101e-265,1.0000000000000022,0.0,0.0
4.6613070541774564e-265,1.0000000000000022,0.0,0.0
4.281467960570711e-265,1.0000000000000022,0.0,0.0
3.9325810731488584e-265,1.0000000000000022,0.0,0.0
3.612124168465609e-265,1.0000000000000022,0.0,0.0
3.317780553209586e-265,1.0000000000000022,0.0,0.0
3.0474223160306373e-265,1.0000000000000022,0.0,0.0
2.799094944135952e-265,1.0000000000000022,0.0,0.0
2.5710031934440554e-265,1.0000000000000022,0.0,0.0
2.3614981101471636e-265,1.0000000000000022,0.0,0.0
2.1690651098562986e-265,1.0000000000000022,0.0,0.0
1.9923130281492038e-265,1.0000000000000022,0.0,0.0
1.829964063363694e-265,1.0000000000000022,0.0,0.0
1.6808445389294386e-265,1.0000000000000022,0.0,0.0
1.5438764184558845e-265,1.0000000000000022,0.0,0.0
1.418069512235974e-265,1.0000000000000022,0.0,0.0
1.3025143188237863e-265,1.0000000000000022,0.0,0.0
1.1963754499354035e-265,1.0000000000000022,0.0,0.0
1.0988855911393464e-265,1.0000000000000022,0.0,0.0
1.009339954676327e-265,1.0000000000000022,0.0,0.0
9.270911843058495e-266,1.0000000000000022,0.0,0.0
8.515446753450322e-266,1.0000000000000022,0.0,0.0
7.821542760666084e-266,1.0000000000000022,0.0,0.0
7.184183393800246e-266,1.0000000000000022,0.0,0.0
6.598760962518844e-266,1.0000000000000022,0.0,0.0
6.061043246479426e-266,1.0000000000000022,0.0,0.0
5.567142899152857e-266,1.0000000000000022,0.0,0.0
5.113489344856679e-266,1.0000000000000022,0.0,0.0
4.696802965833993e-266,1.0000000000000022,0.0,0.0
4.3140713927673755e-266,1.0000000000000022,0.0,0.0
3.962527727323798e-266,1.0000000000000022,0.0,0.0
3.6396305392938056e-266,1.0000000000000022,0.0,0.0
3.3430454937174116e-266,1.0000000000000022,0.0,0.0
3.070628475172854e-266,1.0000000000000022,0.0,0.0
2.8204100872279012e-266,1.0000000000000022,0.0,0.0
2.590581414994891e-266,1.0000000000000022,0.0,0.0
2.379480947862121e-266,1.0000000000000022,0.0,0.0
2.1855825678615014e-266,1.0000000000000022,0.0,0.0
2.00748451683626e-266,1.0000000000000022,0.0,0.0
1.843899262648534e-266,1.0000000000000022,0.0,0.0
1.6936441911661947e-266,1.0000000000000022,0.0,0.0
1.55563305673806e-266,1.0000000000000022,0.0,0.0
1.4288681293500392e-266,1.0000000000000022,0.0,0.0
1.312432981691298e-266,1.0000000000000022,0.0,0.0
1.2054858639856636e-266,1.0000000000000022,0.0,0.0
1.1072536186926407e-266,1.0000000000000022,0.0,0.0
1.0170260910853187e-266,1.0000000000000022,0.0,0.0
9.34150995297314e-267,1.0000000000000022,0.0,0.0
8.580291987236307e-267,1.0000000000000022,0.0,0.0
7.881103906847517e-267,1.0000000000000022,0.0,0.0
7.238891040412401e-267,1.0000000000000022,0.0,0.0
6.649010609977328e-267,1.0000000000000022,0.0,0.0
6.107198166788883e-267,1.0000000000000022,0.0,0.0
5.609536762125376e-267,1.0000000000000022,0.0,0.0
5.152428630325762e-267,1.0000000000000022,0.0,0.0
4.732569179302805e-267,1.0000000000000022,0.0,0.0
4.346923100508966e-267,1.0000000000000022,0.0,0.0
3.99270242564572e-267,1.0000000000000022,0.0,0.0
3.6673463714807066e-267,1.0000000000000022,0.0,0.0
3.3685028270639506e-267,1.0000000000000022,0.0,0.0
3.0940113495078745e-267,1.0000000000000022,0.0,0.0
2.841887545401724e-267,1.0000000000000022,0.0,0.0
2.6103087249482894e-267,1.0000000000000022,0.0,0.0
2.397600725111729e-267,1.0000000000000022,0.0,0.0
2.2022258065164943e-267,1.0000000000000022,0.0,0.0
2.0227715365998735e-267,1.0000000000000022,0.0,0.0
1.8579405786506339e-267,1.0000000000000022,0.0,0.0
1.7065413129152034e-267,1.0000000000000022,0.0,0.0
1.5674792219681482e-267,1.0000000000000022,0.0,0.0
1.4397489780688108e-267,1.0000000000000022,0.0,0.0
1.3224271753008966e-267,1.0000000000000022,0.0,0.0
1.214665653953134e-267,1.0000000000000022,0.0,0.0
1.1156853688806635e-267,1.0000000000000022,0.0,0.0
1.0247707575194258e-267,1.0000000000000022,0.0,0.0
9.412645668379873e-268,1.0000000000000022,0.0,0.0
8.645631018290538e-268,1.0000000000000022,0.0,0.0
7.941118611903843e-268,1.0000000000000022,0.0,0.0
7.294015286439376e-268,1.0000000000000022,0.0,0.0
6.69964290913119e-268,1.0000000000000022,0.0,0.0
6.153704557395143e-268,1.0000000000000022,0.0,0.0
5.652253454895925e-268,1.0000000000000022,0.0,0.0
5.191664438941876e-268,1.0000000000000022,0.0,0.0
4.768607752935586e-268,1.0000000000000022,0.0,0.0
4.3800249744168734e-268,1.0000000000000022,0.0,0.0
4.023106904673667e-268,1.0000000000000022,0.0,0.0
3.6952732600771855e-268,1.0000000000000022,0.0,0.0
3.394154018323084e-268,1.0000000000000022,0.0,0.0
3.1175722847241094e-268,1.0000000000000022,0.0,0.0
2.8635285546888053e-268,1.0000000000000022,0.0,0.0
2.630186258614306e-268,1.0000000000000022,0.0,0.0
2.4158584846922618e-268,1.0000000000000022,0.0,0.0
2.2189957836425017e-268,1.0000000000000022,0.0,0.0
2.0381749672106414e-268,1.0000000000000022,0.0,0.0
1.8720888194501264e-268,1.0000000000000022,0.0,0.0
1.7195366464080228e-268,1.0000000000000022,0.0,0.0
1.5794155958949793e-268,1.0000000000000022,0.0,0.0
1.4507126845869898e-268,1.0000000000000022,0.0,0.0
1.3324974748201303e-268,1.0000000000000022,0.0,0.0
1.2239153481362943e-268,1.0000000000000022,0.0,0.0
1.1241813269520773e-268,1.0000000000000022,0.0,0.0
1.0325743996855242e-268,1.0000000000000022,0.0,0.0
9.484323083151266e-269,1.0000000000000022,0.0,0.0
8.711467606885412e-269,1.0000000000000022,0.0,0.0
8.001590329691584e-269,1.0000000000000022,0.0,0.0
7.349559304290947e-269,1.0000000000000022,0.0,0.0
6.75066077387789e-269,1.0000000000000022,0.0,0.0
6.200565094748925e-269,1.0000000000000022,0.0,0.0
5.695295435817464e-269,1.0000000000000022,0.0,0.0
5.231199028732503e-269,1.0000000000000022,0.0,0.0
4.804920760758399e-269,1.0000000000000022,0.0,0.0
4.4133789195095906e-269,1.0000000000000022,0.0,0.0
4.053742914190594e-269,1.0000000000000022,0.0,0.0
3.723412812280448e-269,1.0000000000000022,0.0,0.0
3.4200005437252464e-269,1.0000000000000022,0.0,0.0
3.141312636757399e-269,1.0000000000000022,0.0,0.0
2.8853343605329215e-269,1.0000000000000022,0.0,0.0
2.650215159948394e-269,1.0000000000000022,0.0,0.0
2.4342552773408983e-269,1.0000000000000022,0.0,0.0
2.2358934643545697e-269,1.0000000000000022,0.0,0.0
2.0536956951386238e-269,1.0000000000000022,0.0,0.0
1.8863447992806844e-269,1.0000000000000022,0.0,0.0
1.7326309395283132e-269,1.0000000000000022,0.0,0.0
1.59144286545891e-269,1.0000000000000022,0.0,0.0
1.4617598798677573e-269,1.0000000000000022,0.0,0.0
1.3426444597964548e-269,1.0000000000000022,0.0,0.0
1.233235478856623e-269,1.0000000000000022,0.0,0.0
1.1327419818507194e-269,1.0000000000000022,0.0,0.0
1.040437466684552e-269,1.0000000000000022,0.0,0.0
9.556546322334764e-270,1.0000000000000022,0.0,0.0
8.777805541927828e-270,1.0000000000000022,0.0,0.0
8.062522540368412e-270,1.0000000000000022,0.0,0.0
7.405526290534812e-270,1.0000000000000022,0.0,0.0
6.802067140304247e-270,1.0000000000000022,0.0,0.0
6.247782475682145e-270,1.0000000000000022,0.0,0.0
5.738665181963337e-270,1.0000000000000022,0.0,0.0
5.271034674920031e-270,1.0000000000000022,0.0,0.0
4.841510292591038e-270,1.0000000000000022,0.0,0.0
4.446986855312346e-270,1.0000000000000022,0.0,0.0
4.084612217304075e-270,1.0000000000000022,0.0,0.0
3.7517666475265236e-270,1.0000000000000022,0.0,0.0
3.446043890742383e-270,1.0000000000000022,0.0,0.0
3.165233771869056e-270,1.0000000000000022,0.0,0.0
2.90730621786192e-270,1.0000000000000022,0.0,0.0
2.670396581617243e-270,1.0000000000000022,0.0,0.0
2.452792161796195e-270,1.0000000000000022,0.0,0.0
2.2529198211171063e-270,1.0000000000000022,0.0,0.0
2.069334613604361e-270,1.0000000000000022,0.0,0.0
1.9007093385763793e-270,1.0000000000000022,0.0,0.0
1.7458249458548774e-270,1.0000000000000022,0.0,0.0
1.6035617228313558e-270,1.0000000000000022,0.0,0.0
1.4728911996790864e-270,1.0000000000000022,0.0,0.0
1.3528687141905863e-270,1.0000000000000022,0.0,0.0
1.2426265824892337e-270,1.0000000000000022,0.0,0.0
1.1413678262437394e-270,1.0000000000000022,0.0,0.0
1.0483604110373567e-270,1.0000000000000022,0.0,0.0
9.629319542390107e-271,1.0000000000000022,0.0,0.0
8.844648641177271e-271,1.0000000000000022,0.0,0.0
8.123918750593452e-271,1.0000000000000022,0.0,0.0
7.461919466080585e-271,1.0000000000000022,0.0,0.0
6.853864966855424e-271,1.0000000000000022,0.0,0.0
6.295359417563138e-271,1.0000000000000022,0.0,0.0
5.782365189269839e-271,1.0000000000000022,0.0,0.0
5.311173670052699e-271,1.0000000000000022,0.0,0.0
4.878378454167307e-271,1.0000000000000022,0.0,0.0
4.480850715967583e-271,1.0000000000000022,0.0,0.0
4.115716590547776e-271,1.0000000000000022,0.0,0.0
3.7803363975834716e-271,1.0000000000000022,0.0,0.0
3.472285558173562e-271,1.0000000000000022,0.0,0.0
3.1893370667244886e-271,1.0000000000000022,0.0,0.0
2.929445391159941e-271,1.0000000000000022,0.0,0.0
2.6907316850651165e-271,1.0000000000000022,0.0,0.0
2.4714702048590164e-271,1.0000000000000022,0.0,0.0
2.27007583379985e-271,1.0000000000000022,0.0,0.0
2.0850926226302805e-271,1.0000000000000022,0.0,0.0
1.9151832640188996e-271,1.0000000000000022,0.0,0.0
1.7591194247050323e-271,1.0000000000000022,0.0,0.0
1.6157728654546274e-271,1.0000000000000022,0.0,0.0
1.4841072846303322e-271,1.0000000000000022,0.0,0.0
1.3631708264101113e-271,1.0000000000000022,0.0,0.0
1.2520891994937435e-271,1.0000000000000022,0.0,0.0
1.150059356549955e-271,1.0000000000000022,0.0,0.0
1.0563436887107385e-271,1.0000000000000022,0.0,0.0
9.702646931428534e-272,1.0000000000000022,0.0,0.0
8.912000751465515e-272,1.0000000000000022,0.0,0.0
8.185782493729083e-272,1.0000000000000022,0.0,0.0
7.51874207636514e-272,1.0000000000000022,0.0,0.0
6.90605723450518e-272,1.0000000000000022,0.0,0.0
6.343298658453029e-272,1.0000000000000022,0.0,0.0
5.82639797267985e-272,1.0000000000000022,0.0,0.0
5.351618324136526e-272,1.0000000000000022,0.0,0.0
4.915527367256199e-272,1.0000000000000022,0.0,0.0
4.5149724503462635e-272,1.0000000000000022,0.0,0.0
4.147057823983685e-272,1.0000000000000022,0.0,0.0
3.809123706645283e-272,1.0000000000000022,0.0,0.0
3.498727056231223e-272,1.0000000000000022,0.0,0.0
3.213623908472429e-272,1.0000000000000022,0.0,0.0
2.951753154540186e-272,1.0000000000000022,0.0,0.0
2.711221640580687e-272,1.0000000000000022,0.0,0.0
2.4902904814539284e-272,1.0000000000000022,0.0,0.0
2.2873624897342577e-272,1.0000000000000022,0.0,0.0
2.100970629092491e-272,1.0000000000000022,0.0,0.0
1.9297674085851248e-272,1.0000000000000022,0.0,0.0
1.7725151411783044e-272,1.0000000000000022,0.0,0.0
1.6280769960820667e-272,1.0000000000000022,0.0,0.0
1.4954087802090986e-272,1.0000000000000022,0.0,0.0
1.373551389343346e-272,1.0000000000000022,0.0,0.0
1.2616238744453754e-272,1.0000000000000022,0.0,0.0
1.1588170729684183e-272,1.0000000000000022,0.0,0.0
1.0643877591436893e-272,1.0000000000000022,0.0,0.0
9.776532709453793e-273,1.0000000000000022,0.0,0.0
8.979865748917996e-273,1.0000000000000022,0.0,0.0
8.248117330044276e-273,1.0000000000000022,0.0,0.0
7.575997391539398e-273,1.0000000000000022,0.0,0.0
6.958646946927423e-273,1.0000000000000022,0.0,0.0
6.3916029572633095e-273,1.0000000000000022,0.0,0.0
5.870766066287566e-273,1.0000000000000022,0.0,0.0
5.392370964768255e-273,1.0000000000000022,0.0,0.0
4.9529591697839965e-273,1.0000000000000022,0.0,0.0
4.5493540221600216e-273,1.0000000000000022,0.0,0.0
4.1786377213051325e-273,1.0000000000000022,0.0,0.0
3.838130231426507e-273,1.0000000000000022,0.0,0.0
3.525369906628091e-273,1.0000000000000022,0.0,0.0
3.238095694824765e-273,1.0000000000000022,0.0,0.0
2.974230791818245e-273,1.0000000000000022,0.0,0.0
2.731867627364392e-273,1.0000000000000022,0.0,0.0
2.5092540746910614e-273,1.0000000000000022,0.0,0.0
2.3047807837703295e-273,1.0000000000000022,0.0,0.0
2.1169695467729747e-273,1.0000000000000022,0.0,0.0
1.9444626115950636e-273,1.0000000000000022,0.0,0.0
1.786012866200463e-273,1.0000000000000022,0.0,0.0
1.6404748228184915e-273,1.0000000000000022,0.0,0.0
1.5067963368183844e-273,1.0000000000000022,0.0,0.0
1.3840110003934586e-273,1.0000000000000022,0.0,0.0
1.2712311560663008e-273,1.0000000000000022,0.0,0.0
1.1676414795072042e-273,1.0000000000000022,0.0,0.0
1.0724930852738362e-273,1.0000000000000022,0.0,0.0
9.850981128605026e-274,1.0000000000000022,0.0,0.0
9.048247539176906e-274,1.0000000000000022,0.0,0.0
8.310926846919506e-274,1.0000000000000022,0.0,0.0
7.633688706656523e-274,1.0000000000000022,0.0,0.0
7.011637130669082e-274,1.0000000000000022,0.0,0.0
6.440275093914627e-274,1.0000000000000022,0.0,0.0
5.915472023484352e-274,1.0000000000000022,0.0,0.0
5.433433937269315e-274,1.0000000000000022,0.0,0.0
4.99067601595733e-274,1.0000000000000022,0.0,0.0
4.583997410074185e-274,1.0000000000000022,0.0,0.0
4.210458099940603e-274,1.0000000000000022,0.0,0.0
3.867357641257597e-274,1.0000000000000022,0.0,0.0
3.5522156426647525e-274,1.0000000000000022,0.0,0.0
3.262753834136978e-274,1.0000000000000022,0.0,0.0
2.996879596585979e-274,1.0000000000000022,0.0,0.0
2.7526708335962946e-274,1.0000000000000022,0.0,0.0
2.5283620759284426e-274,1.0000000000000022,0.0,0.0
2.322331718333861e-274,1.0000000000000022,0.0,0.0
2.1330902964121744e-274,1.0000000000000022,0.0,0.0
1.9592697187601582e-274,1.0000000000000022,0.0,0.0
1.7996133765678873e-274,1.0000000000000022,0.0,0.0
1.6529670591609462e-274,1.0000000000000022,0.0,0.0
1.5182706098140161e-274,1.0000000000000022,0.0,0.0
1.3945502615128503e-274,1.0000000000000022,0.0,0.0
1.2809115972572163e-274,1.0000000000000022,0.0,0.0
1.1765330840124145e-274,1.0000000000000022,0.0,0.0
1.0806601335640807e-274,1.0000000000000022,0.0,0.0
9.925996473401459e-275,1.0000000000000022,0.0,0.0
9.117150057625943e-275,1.0000000000000022,0.0,0.0
8.374214659053188e-275,1.0000000000000022,0.0,0.0
7.691819341861543e-275,1.0000000000000022,0.0,0.0
7.065030835324275e-275,1.0000000000000022,0.0,0.0
6.489317869496747e-275,1.0000000000000022,0.0,0.0
5.960518417105671e-275,1.0000000000000022,0.0,0.0
5.4748096048207766e-275,1.0000000000000022,0.0,0.0
5.028680076387129e-275,1.0000000000000022,0.0,0.0
4.6189046078216404e-275,1.0000000000000022,0.0,0.0
4.242520791158315e-275,1.0000000000000022,0.0,0.0
3.896807618180975e-275,1.0000000000000022,0.0,0.0
3.5792658093179e-275,1.0000000000000022,0.0,0.0
3.287599745489193e-275,1.0000000000000022,0.0,0.0
3.019700872285969e-275,1.0000000000000022,0.0,0.0
2.7736324565044635e-275,1.0000000000000022,0.0,0.0
2.5476155848348037e-275,1.0000000000000022,0.0,0.0
2.340016303484129e-275,1.0000000000000022,0.0,0.0
2.1493338057619824e-275,1.0000000000000022,0.0,0.0
1.974189582231951e-275,1.0000000000000022,0.0,0.0
1.813317454992269e-275,1.0000000000000022,0.0,0.0
1.665554424039764e-275,1.0000000000000022,0.0,0.0
1.529832259542363e-275,1.0000000000000022,0.0,0.0
1.4051697792377973e-275,1.0000000000000022,0.0,0.0
1.2906657551291646e-275,1.0000000000000022,0.0,0.0
1.1854923981974064e-275,1.0000000000000022,0.0,0.0
1.088889374029446e-275,1.0000000000000022,0.0,0.0
1.0001583060988981e-275,1.0000000000000022,0.0,0.0
9.1865772696168e-276,1.0000000000000022,0.0,0.0
8.437984408669706e-276,1.0000000000000022,0.0,0.0
7.750392642582431e-276,1.0000000000000022,0.0,0.0
7.118831133709812e-276,1.0000000000000022,0.0,0.0
6.538734106429774e-276,1.0000000000000022,0.0,0.0
6.005907839579162e-276,1.0000000000000022,0.0,0.0
5.51650034859937e-276,1.0000000000000022,0.0,0.0
5.066973538213557e-276,1.0000000000000022,0.0,0.0
4.654077624317572e-276,1.0000000000000022,0.0,0.0
4.2748276401716194e-276,1.0000000000000022,0.0,0.0
3.926481857047838e-276,1.0000000000000022,0.0,0.0
3.6065219633292385e-276,1.0000000000000022,0.0,0.0
3.3126348587678477e-276,1.0000000000000022,0.0,0.0
3.0426959322865235e-276,1.0000000000000022,0.0,0.0
2.794753702433874e-276,1.0000000000000022,0.0,0.0
2.567015709452868e-276,1.0000000000000022,0.0,0.0
2.3578355569720284e-276,1.0000000000000022,0.0,0.0
2.1657010096391346e-276,1.0000000000000022,0.0,0.0
1.989223060651133e-276,1.0000000000000022,0.0,0.0
1.8271258901456607e-276,1.0000000000000022,0.0,0.0
1.6782376418599422e-276,1.0000000000000022,0.0,0.0
1.5414819513783396e-276,1.0000000000000022,0.0,0.0
1.4158701647233566e-276,1.0000000000000022,0.0,0.0
1.3004941910355957e-276,1.0000000000000022,0.0,0.0
1.1945199376722402e-276,1.0000000000000022,0.0,0.0
1.097181280264125e-276,1.0000000000000022,0.0,0.0
1.0077745241388618e-276,1.0000000000000022,0.0,0.0
9.25653317069738e-277,1.0000000000000022,0.0,0.0
8.502239765729038e-277,1.0000000000000022,0.0,0.0
7.809411979722647e-277,1.0000000000000022,0.0,0.0
7.173041122042053e-277,1.0000000000000022,0.0,0.0
6.58852664862658e-277,1.0000000000000022,0.0,0.0
6.051642903073839e-277,1.0000000000000022,0.0,0.0
5.558508567914516e-277,1.0000000000000022,0.0,0.0
5.105558605231882e-277,1.0000000000000022,0.0,0.0
4.689518483775089e-277,1.0000000000000022,0.0,0.0
4.3073805062451934e-277,1.0000000000000022,0.0,0.0
3.9563820656157016e-277,1.0000000000000022,0.0,0.0
3.6339856732950857e-277,1.0000000000000022,0.0,0.0
3.3378606147479867e-277,1.0000000000000022,0.0,0.0
3.065866099957273e-277,1.0000000000000022,0.0,0.0
2.816035786915835e-277,1.0000000000000022,0.0,0.0
2.586563566263119e-277,1.0000000000000022,0.0,0.0
2.375790504298639e-277,1.0000000000000022,0.0,0.0
2.1821928499790076e-277,1.0000000000000022,0.0,0.0
2.0043710191969517e-277,1.0000000000000022,0.0,0.0
1.8410394767058627e-277,1.0000000000000022,0.0,0.0
1.691017442542831e-277,1.0000000000000022,0.0,0.0
1.5532203557637002e-277,1.0000000000000022,0.0,0.0
1.42665203377854e-277,1.0000000000000022,0.0,0.0
1.310397470604674e-277,1.0000000000000022,0.0,0.0
1.2036162219733536e-277,1.0000000000000022,0.0,0.0
1.1055363294687376e-277,1.0000000000000022,0.0,0.0
1.0154487397746846e-277,1.0000000000000022,0.0,0.0
9.327021786841729e-278,1.0000000000000022,0.0,0.0
8.56698442813795e-278,1.0000000000000022,0.0,0.0
7.868880749855113e-278,1.0000000000000022,0.0,0.0
7.227663920115079e-278,1.0000000000000022,0.0,0.0
6.638698361656468e-278,1.0000000000000022,0.0,0.0
6.097726239650411e-278,1.0000000000000022,0.0,0.0
5.600836680346408e-278,1.0000000000000022,0.0,0.0
5.144437498019296e-278,1.0000000000000022,0.0,0.0
4.7252292258216994e-278,1.0000000000000022,0.0,0.0
4.340181262802036e-278,1.0000000000000022,0.0,0.0
3.98650996464667e-278,1.0000000000000022,0.0,0.0
3.661658519756637e-278,1.0000000000000022,0.0,0.0
3.3632784651761715e-278,1.0000000000000022,0.0,0.0
3.0892127087453214e-278,1.0000000000000022,0.0,0.0
2.837479934737941e-278,1.0000000000000022,0.0,0.0
2.6062602802480535e-278,1.0000000000000022,0.0,0.0
2.393882178774244e-278,1.0000000000000022,0.0,0.0
2.198810275889828e-278,1.0000000000000022,0.0,0.0
2.019634329637008e-278,1.0000000000000022,0.0,0.0
1.855059015402156e-278,1.0000000000000022,0.0,0.0
1.7038945615681414e-278,1.0000000000000022,0.0,0.0
1.5650481482456205e-278,1.0000000000000022,0.0,0.0
1.437516006901752e-278,1.0000000000000022,0.0,0.0
1.3203761637718293e-278,1.0000000000000022,0.0,0.0
1.2127817745934608e-278,1.0000000000000022,0.0,0.0
1.1139550024777909e-278,1.0000000000000022,0.0,0.0
1.0231813946587863e-278,1.0000000000000022,0.0,0.0
9.398047174681739e-279,1.0000000000000022,0.0,0.0
8.632222121962814e-279,1.0000000000000022,0.0,0.0
7.928802375417702e-279,1.0000000000000022,0.0,0.0
7.282702671480237e-279,1.0000000000000022,0.0,0.0
6.6892521329100825e-279,1.0000000000000022,0.0,0.0
6.144160501412763e-279,1.0000000000000022,0.0,0.0
5.6434871218851365e-279,1.0000000000000022,0.0,0.0
5.18361245406271e-279,1.0000000000000022,0.0,0.0
4.7612119056166994e-279,1.0000000000000022,0.0,0.0
4.373231797531281e-279,1.0000000000000022,0.0,0.0
4.016867288006473e-279,1.0000000000000022,0.0,0.0
3.6895420952909275e-279,1.0000000000000022,0.0,0.0
3.3888898728540306e-279,1.0000000000000022,0.0,0.0
3.1127371022519878e-279,1.0000000000000022,0.0,0.0
2.8590873800145583e-279,1.0000000000000022,0.0,0.0
2.6261069849569214e-279,1.0000000000000022,0.0,0.0
2.4121116215777972e-279,1.0000000000000022,0.0,0.0
2.2155542437072926e-279,1.0000000000000022,0.0,0.0
2.0350138703774223e-279,1.0000000000000022,0.0,0.0
1.8691853130613854e-279,1.0000000000000022,0.0,0.0
1.71686974001627e-279,1.0000000000000022,0.0,0.0
1.5769660095155757e-279,1.0000000000000022,0.0,0.0
1.4484627093164984e-279,1.0000000000000022,0.0,0.0
1.330430844812555e-279,1.0000000000000022,0.0,0.0
1.2220171230116787e-279,1.0000000000000022,0.0,0.0
1.122437783787353e-279,1.0000000000000022,0.0,0.0
1.0309729338067748e-279,1.0000000000000022,0.0,0.0
9.469613421740595e-280,1.0000000000000022,0.0,0.0
8.69795660164404e-280,1.0000000000000022,0.0,0.0
7.989180304910188e-280,1.0000000000000022,0.0,0.0
7.338160543627065e-280,1.0000000000000022,0.0,0.0
6.740190871765587e-280,1.0000000000000022,0.0,0.0
6.190948360660583e-280,1.0000000000000022,0.0,0.0
5.686462347070893e-280,1.0000000000000022,0.0,0.0
5.223085727887533e-280,1.0000000000000022,0.0,0.0
4.797468593969456e-280,1.0000000000000022,0.0,0.0
4.4065340124968463e-280,1.0000000000000022,0.0,0.0
4.0474557827642513e-280,1.0000000000000022,0.0,0.0
3.71763800460249e-280,1.0000000000000022,0.0,0.0
3.4146963117224483e-280,1.0000000000000022,0.0,0.0
3.1364406343101334e-280,1.0000000000000022,0.0,0.0
2.8808593662578507e-280,1.0000000000000022,0.0,0.0
2.646104822570966e-280,1.0000000000000022,0.0,0.0
2.430479881816842e-280,1.0000000000000022,0.0,0.0
2.2324257170496066e-280,1.0000000000000022,0.0,0.0
2.050510526513388e-280,1.0000000000000022,0.0,0.0
1.8834191826543908e-280,1.0000000000000022,0.0,0.0
1.7299437246109512e-280,1.0000000000000022,0.0,0.0
1.588974625448516e-280,1.0000000000000022,0.0,0.0
1.4594927710073721e-280,1.0000000000000022,0.0,0.0
1.3405620923754613e-280,1.0000000000000022,0.0,0.0
1.2313227987238849e-280,1.0000000000000022,0.0,0.0
1.130985161582936e-280,1.0000000000000022,0.0,0.0
1.0388238056230578e-280,1.0000000000000022,0.0,0.0
9.541724646668029e-281,1.0000000000000022,0.0,0.0
8.76419165021215e-281,1.0000000000000022,0.0,0.0
8.050018013092717e-281,1.0000000000000022,0.0,0.0
7.394040728165564e-281,1.0000000000000022,0.0,0.0
6.791517509756094e-281,1.0000000000000022,0.0,0.0
6.238092510043151e-281,1.0000000000000022,0.0,0.0
5.729764829135218e-281,1.0000000000000022,0.0,0.0
5.262859591187409e-281,1.0000000000000022,0.0,0.0
4.8340013774585673e-281,1.0000000000000022,0.0,0.0
4.440089824246883e-281,1.0000000000000022,0.0,0.0
4.0782772092930983e-281,1.0000000000000022,0.0,0.0
3.745947864615699e-281,1.0000000000000022,0.0,0.0
3.440699266946385e-281,1.0000000000000022,0.0,0.0
3.1603246690620734e-281,1.0000000000000022,0.0,0.0
2.9027971464493406e-281,1.0000000000000022,0.0,0.0
2.6662549439691548e-281,1.0000000000000022,0.0,0.0
2.4489880165878908e-281,1.0000000000000022,0.0,0.0
2.2494256668729408e-281,1.0000000000000022,0.0,0.0
2.0661251898801117e-281,1.0000000000000022,0.0,0.0
1.897761443342798e-281,1.0000000000000022,0.0,0.0
1.74311726776223e-281,1.0000000000000022,0.0,0.0
1.6010746871423382e-281,1.0000000000000022,0.0,0.0
1.4706068267563066e-281,1.0000000000000022,0.0,0.0
1.3507704895155757e-281,1.0000000000000022,0.0,0.0
1.2406993372733052e-281,1.0000000000000022,0.0,0.0
1.1395976277675919e-281,1.0000000000000022,0.0,0.0
1.0467344619266487e-281,1.0000000000000022,0.0,0.0
9.614384999477351e-282,1.0000000000000022,0.0,0.0
8.830931079505503e-282,1.0000000000000022,0.0,0.0
8.111319001185783e-282,1.0000000000000022,0.0,0.0
7.4503464410099e-282,1.0000000000000022,0.0,0.0
6.843235000738387e-282,1.0000000000000022,0.0,0.0
6.2855956627143214e-282,1.0000000000000022,0.0,0.0
5.7733970601433515e-282,1.0000000000000022,0.0,0.0
5.3029363329549615e-282,1.0000000000000022,0.0,0.0
4.870812358551964e-282,1.0000000000000022,0.0,0.0
4.4739011639240895e-282,1.0000000000000022,0.0,0.0
4.109333341371374e-282,1.0000000000000022,0.0,0.0
3.7744733045678305e-282,1.0000000000000022,0.0,0.0
3.466900235000352e-282,1.0000000000000022,0.0,0.0
3.184390581038085e-282,1.0000000000000022,0.0,0.0
2.9249019831120247e-282,1.0000000000000022,0.0,0.0
2.6865585087944143e-282,1.0000000000000022,0.0,0.0
2.467637091037258e-282,1.0000000000000022,0.0,0.0
2.2665550715273087e-282,1.0000000000000022,0.0,0.0
2.0818587591041348e-282,1.0000000000000022,0.0,0.0
1.912212920526157e-282,1.0000000000000022,0.0,0.0
1.7563911276097637e-282,1.0000000000000022,0.0,0.0
1.6132668909576583e-282,1.0000000000000022,0.0,0.0
1.4818055161791066e-282,1.0000000000000022,0.0,0.0
1.3610566237278953e-282,1.0000000000000022,0.0,0.0
1.2501472782813338e-282,1.0000000000000022,0.0,0.0
1.1482756779902187e-282,1.0000000000000022,0.0,0.0
1.054705357977168e-282,1.0000000000000022,0.0,0.0
9.687598661784263e-283,1.0000000000000022,0.0,0.0
8.898178730389637e-283,1.0000000000000022,0.0,0.0
8.173086797071711e-283,1.0000000000000022,0.0,0.0
7.507080922563452e-283,1.0000000000000022,0.0,0.0
6.895346321062893e-283,1.0000000000000022,0.0,0.0
6.33346055248863e-283,1.0000000000000022,0.0,0.0
5.81736155113763e-283,1.0000000000000022,0.0,0.0
5.343318259613517e-283,1.0000000000000022,0.0,0.0
4.907903655727887e-283,1.0000000000000022,0.0,0.0
4.507969977376833e-283,1.0000000000000022,0.0,0.0
4.140625966284778e-283,1.0000000000000022,0.0,0.0
3.803215966102823e-283,1.0000000000000022,0.0,0.0
3.493300723754533e-283,1.0000000000000022,0.0,0.0
3.2086397552355104e-283,1.0000000000000022,0.0,0.0
2.947175148383025e-283,1.0000000000000022,0.0,0.0
2.7070166855203646e-283,1.0000000000000022,0.0,0.0
2.4864281784223627e-283,1.0000000000000022,0.0,0.0
2.2838149168128724e-283,1.0000000000000022,0.0,0.0
2.0977121396550513e-283,1.0000000000000022,0.0,0.0
1.9267744458894463e-283,1.0000000000000022,0.0,0.0
1.769766068066451e-283,1.0000000000000022,0.0,0.0
1.625551938557886e-283,1.0000000000000022,0.0,0.0
1.49308948376226e-283,1.0000000000000022,0.0,0.0
1.371421086981199e-283,1.0000000000000022,0.0,0.0
1.2596671654785879e-283,1.0000000000000022,0.0,0.0
1.1570198116740878e-283,1.0000000000000022,0.0,0.0
1.0627369525010432e-283,1.0000000000000022,0.0,0.0
9.761369847047525e-284,1.0000000000000022,0.0,0.0
8.965938472978342e-284,1.0000000000000022,0.0,0.0
8.235324955497696e-284,1.0000000000000022,0.0,0.0
7.564247437905317e-284,1.0000000000000022,0.0,0.0
6.947854469744993e-284,1.0000000000000022,0.0,0.0
6.381689933998653e-284,1.0000000000000022,0.0,0.0
5.861660832282014e-284,1.0000000000000022,0.0,0.0
5.384007695149847e-284,1.0000000000000022,0.0,0.0
4.9452774035968196e-284,1.0000000000000022,0.0,0.0
4.5422982252711376e-284,1.0000000000000022,0.0,0.0
4.172156884929212e-284,1.0000000000000022,0.0,0.0
3.8321775033657506e-284,1.0000000000000022,0.0,0.0
3.519902252561561e-284,1.0000000000000022,0.0,0.0
3.2330735871984603e-284,1.0000000000000022,0.0,0.0
2.969617924086802e-284,1.0000000000000022,0.0,0.0
2.7276306515185677e-284,1.0000000000000022,0.0,0.0
2.505362360173488e-284,1.0000000000000022,0.0,0.0
2.3012061960366716e-284,1.0000000000000022,0.0,0.0
2.113686243897617e-284,1.0000000000000022,0.0,0.0
1.9414468574509344e-284,1.0000000000000022,0.0,0.0
1.7832428588623977e-284,1.0000000000000022,0.0,0.0
1.6379305369496076e-284,1.0000000000000022,0.0,0.0
1.504459378900026e-284,1.0000000000000022,0.0,0.0
1.3818644757521162e-284,1.0000000000000022,0.0,0.0
1.2692595467361995e-284,1.0000000000000022,0.0,0.0
1.1658305320455848e-284,1.0000000000000022,0.0,0.0
1.0708297077179099e-284,1.0000000000000022,0.0,0.0
9.835702800811435e-285,1.0000000000000022,0.0,0.0
9.034214206856365e-285,1.0000000000000022,0.0,0.0
8.298037058280376e-285,1.0000000000000022,0.0,0.0
7.621849276978209e-285,1.0000000000000022,0.0,0.0
7.000762468637602e-285,1.0000000000000022,0.0,0.0
6.4302865828535305e-285,1.0000000000000022,0.0,0.0
5.9062974530076944e-285,1.0000000000000022,0.0,0.0
5.4250069812479116e-285,1.0000000000000022,0.0,0.0
4.982935753024331e-285,1.0000000000000022,0.0,0.0
4.576887883203535e-285,1.0000000000000022,0.0,0.0
4.20392791191443e-285,1.0000000000000022,0.0,0.0
3.8613595830980285e-285,1.0000000000000022,0.0,0.0
3.5467063523439585e-285,1.0000000000000022,0.0,0.0
3.2576934830981368e-285,1.0000000000000022,0.0,0.0
2.99223160180893e-285,1.0000000000000022,0.0,0.0
2.7484015931262855e-285,1.0000000000000022,0.0,0.0
2.5244407259560273e-285,1.0000000000000022,0.0,0.0
2.318729910069796e-285,1.0000000000000022,0.0,0.0
2.1297819911442574e-285,1.0000000000000022,0.0,0.0
1.9562309996104127e-285,1.0000000000000022,0.0,0.0
1.796822275589215e-285,1.0000000000000022,0.0,0.0
1.650403398523273e-285,1.0000000000000022,0.0,0.0
1.5159158559318113e-285,1.0000000000000022,0.0,0.0
1.3923873910594537e-285,1.0000000000000022,0.0,0.0
1.2789249740973488e-285,1.0000000000000022,0.0,0.0
1.1747083461631716e-285,1.0000000000000022,0.0,0.0
1.0789840893672126e-285,1.0000000000000022,0.0,0.0
9.910601800950176e-286,1.0000000000000022,0.0,0.0
9.103009861303846e-286,1.0000000000000022,0.0,0.0
8.361226714511971e-286,1.0000000000000022,0.0,0.0
7.679889754777796e-286,1.0000000000000022,0.0,0.0
7.054073362605089e-286,1.0000000000000022,0.0,0.0
6.479253295798694e-286,1.0000000000000022,0.0,0.0
5.951273982159812e-286,1.0000000000000022,0.0,0.0
5.466318477423623e-286,1.0000000000000022,0.0,0.0
5.020880871254856e-286,1.0000000000000022,0.0,0.0
4.611740941814738e-286,1.0000000000000022,0.0,0.0
4.235940875668454e-286,1.0000000000000022,0.0,0.0
3.890763884733324e-286,1.0000000000000022,0.0,0.0
3.5737145656822426e-286,1.0000000000000022,0.0,0.0
3.28250085981375e-286,1.0000000000000022,0.0,0.0
3.0150174829704208e-286,1.0000000000000022,0.0,0.0
2.769330705714752e-286,1.0000000000000022,0.0,0.0
2.5436643737331873e-286,1.0000000000000022,0.0,0.0
2.336387067404978e-286,1.0000000000000022,0.0,0.0
2.146000307707975e-286,1.0000000000000022,0.0,0.0
1.9711277231977844e-286,1.0000000000000022,0.0,0.0
1.8105050997446524e-286,1.0000000000000022,0.0,0.0
1.6629712410941948e-286,1.0000000000000022,0.0,0.0
1.5274595741798238e-286,1.0000000000000022,0.0,0.0
1.4029904384987824e-286,1.0000000000000022,0.0,0.0
1.2886640038090287e-286,1.0000000000000022,0.0,0.0
1.183653764946565e-286,1.0000000000000022,0.0,0.0
1.0872005667350065e-286,1.0000000000000022,0.0,0.0
9.986071157913983e-287,1.0000000000000022,0.0,0.0
9.172329395522437e-287,1.0000000000000022,0.0,0.0
8.424897560767981e-287,1.0000000000000022,0.0,0.0
7.738372211543484e-287,1.0000000000000022,0.0,0.0
7.107790219698497e-287,1.0000000000000022,0.0,0.0
6.528592890876832e-287,1.0000000000000022,0.0,0.0
5.996593008145295e-287,1.0000000000000022,0.0,0.0
5.507944561160634e-287,1.0000000000000022,0.0,0.0
5.0591149420364254e-287,1.0000000000000022,0.0,0.0
4.646859406904219e-287,1.0000000000000022,0.0,0.0
4.268197618542812e-287,1.0000000000000022,0.0,0.0
3.9203921004942156e-287,1.0000000000000022,0.0,0.0
3.6009284469037013e-287,1.0000000000000022,0.0,0.0
3.3074971450140625e-287,1.0000000000000022,0.0,0.0
3.037976878902623e-287,1.0000000000000022,0.0,0.0
2.790419193757968e-287,1.0000000000000022,0.0,0.0
2.563034409829177e-287,1.0000000000000022,0.0,0.0
2.354178684214635e-287,1.0000000000000022,0.0,0.0
2.162342126955654e-287,1.0000000000000022,0.0,0.0
1.986137885522035e-287,1.0000000000000022,0.0,0.0
1.8242921187775754e-287,1.0000000000000022,0.0,0.0
1.675634787943857e-287,1.0000000000000022,0.0,0.0
1.5390911979870188e-287,1.0000000000000022,0.0,0.0
1.413674228277292e-287,1.0000000000000022,0.0,0.0
1.2984771963540613e-287,1.0000000000000022,0.0,0.0
1.192667303206143e-287,1.0000000000000022,0.0,0.0
1.0954796126809663e-287,1.0000000000000022,0.0,0.0
1.0062115214977234e-287,1.0000000000000022,0.0,0.0
9.242176798863167e-288,1.0000000000000022,0.0,0.0
8.489053261316475e-288,1.0000000000000022,0.0,0.0
7.79730001295064e-288,1.0000000000000022,0.0,0.0
7.161916131332125e-288,1.0000000000000022,0.0,0.0
6.578308207590066e-288,1.0000000000000022,0.0,0.0
6.042257139081825e-288,1.0000000000000022,0.0,0.0
5.549887628047174e-288,1.0000000000000022,0.0,0.0
5.097640165746341e-288,1.0000000000000022,0.0,0.0
4.6822452995456396e-288,1.0000000000000022,0.0,0.0
4.300699996918563e-288,1.0000000000000022,0.0,0.0
3.950245935489576e-288,1.0000000000000022,0.0,0.0
3.6283495621718426e-288,1.0000000000000022,0.0,0.0
3.332683777239556e-288,1.0000000000000022,0.0,0.0
3.0611111109226925e-288,1.0000000000000022,0.0,0.0
2.8116682709020212e-288,1.0000000000000022,0.0,0.0
2.582551948992881e-288,1.0000000000000022,0.0,0.0
2.372105784409353e-288,1.0000000000000022,0.0,0.0
2.1788083893617826e-288,1.0000000000000022,0.0,0.0
2.0012623504205674e-288,1.0000000000000022,0.0,0.0
1.8381841261332827e-288,1.0000000000000022,0.0,0.0
1.6883947678615434e-288,1.0000000000000022,0.0,0.0
1.5508113967553317e-288,1.0000000000000022,0.0,0.0
1.4244393752489085e-288,1.0000000000000022,0.0,0.0
1.308365116483353e-288,1.0000000000000022,0.0,0.0
1.201749479672571e-288,1.0000000000000022,0.0,0.0
1.1038217036655993e-288,1.0000000000000022,0.0,0.0
1.0138738348488386e-288,1.0000000000000022,0.0,0.0
9.312556091056012e-289,1.0000000000000022,0.0,0.0
8.553697508328967e-289,1.0000000000000022,0.0,0.0
7.85667655030429e-289,1.0000000000000022,0.0,0.0
7.21645421246142e-289,1.0000000000000022,0.0,0.0
6.62840210706335e-289,1.0000000000000022,0.0,0.0
6.088269002947928e-289,1.0000000000000022,0.0,0.0
5.592150091913894e-289,1.0000000000000022,0.0,0.0
5.136458759517796e-289,1.0000000000000022,0.0,0.0
4.717900656203157e-289,1.0000000000000022,0.0,0.0
4.333449881313128e-289,1.0000000000000022,0.0,0.0
3.9803271078127037e-289,1.0000000000000022,0.0,0.0
3.6559794895765294e-289,1.0000000000000022,0.0,0.0
3.358062205985211e-289,1.0000000000000022,0.0,0.0
3.084421510409628e-289,1.0000000000000022,0.0,0.0
2.8330791600349252e-289,1.0000000000000022,0.0,0.0
2.6022181144620076e-289,1.0000000000000022,0.0,0.0
2.390169399696805e-289,1.0000000000000022,0.0,0.0
2.195400042562571e-289,1.0000000000000022,0.0,0.0
2.0165019883089174e-289,1.0000000000000022,0.0,0.0
1.8521819212991679e-289,1.0000000000000022,0.0,0.0
1.7012519151862748e-289,1.0000000000000022,0.0,0.0
1.5626208449842016e-289,1.0000000000000022,0.0,0.0
1.4352864989496763e-289,1.0000000000000022,0.0,0.0
1.3183283332483938e-289,1.0000000000000022,0.0,0.0
1.2109008170266535e-289,1.0000000000000022,0.0,0.0
1.1122273197776648e-289,1.0000000000000022,0.0,0.0
1.0215944968121847e-289,1.0000000000000022,0.0,0.0
9.38347132244125e-290,1.0000000000000022,0.0,0.0
8.6188340220929e-290,1.0000000000000022,0.0,0.0
7.91650524073429e-290,1.0000000000000022,0.0,0.0
7.271407601762256e-290,1.0000000000000022,0.0,0.0
6.67887747220915e-290,1.0000000000000022,0.0,0.0
6.134631247734221e-290,1.0000000000000022,0.0,0.0
5.634734384972802e-290,1.0000000000000022,0.0,0.0
5.17557295736749e-290,1.0000000000000022,0.0,0.0
4.7538275288486314e-290,1.0000000000000022,0.0,0.0
4.366449156487943e-290,1.0000000000000022,0.0,0.0
4.0106373486402007e-290,1.0000000000000022,0.0,0.0
3.6838198192248e-290,1.0000000000000022,0.0,0.0
3.383633891783934e-290,1.0000000000000022,0.0,0.0
3.1079094188809e-290,1.0000000000000022,0.0,0.0
2.8546530933570067e-290,1.0000000000000022,0.0,0.0
2.622034038027738e-290,1.0000000000000022,0.0,0.0
2.4083705696411355e-290,1.0000000000000022,0.0,0.0
2.2121180414104939e-290,1.0000000000000022,0.0,0.0
2.0318576762308474e-290,1.0000000000000022,0.0,0.0
1.866286309850732e-290,1.0000000000000022,0.0,0.0
1.714206969849074e-290,1.0000000000000022,0.0,0.0
1.5745202223093892e-290,1.0000000000000022,0.0,0.0
1.4462162236334158e-290,1.0000000000000022,0.0,0.0
1.3283674200340094e-290,1.0000000000000022,0.0,0.0
1.220121841929418e-290,1.0000000000000022,0.0,0.0
1.1206969447618051e-290,1.0000000000000022,0.0,0.0
1.0293739517131762e-290,1.0000000000000022,0.0,0.0
9.454926574202554e-291,1.0000000000000022,0.0,0.0
8.684466551225766e-291,1.0000000000000022,0.0,0.0
7.976789527391988e-291,1.0000000000000022,0.0,0.0
7.32677946181157e-291,1.0000000000000022,0.0,0.0
6.729737207893348e-291,1.0000000000000022,0.0,0.0
6.181346541595808e-291,1.0000000000000022,0.0,0.0
5.677642957957236e-291,1.0000000000000022,0.0,0.0
5.214985010324187e-291,1.0000000000000022,0.0,0.0
4.790027985079719e-291,1.0000000000000022,0.0,0.0
4.3996997215569284e-291,1.0000000000000022,0.0,0.0
4.0411784023315996e-291,1.0000000000000022,0.0,0.0
3.711872153332378e-291,1.0000000000000022,0.0,0.0
3.4094003062906076e-291,1.0000000000000022,0.0,0.0
3.1315761880696496e-291,1.0000000000000022,0.0,0.0
2.8763913124518077e-291,1.0000000000000022,0.0,0.0
2.6420008600998532e-291,1.0000000000000022,0.0,0.0
2.4267103417227807e-291,1.0000000000000022,0.0,0.0
2.2289633480292377e-291,1.0000000000000022,0.0,0.0
2.0473302979088176e-291,1.0000000000000022,0.0,0.0
1.8804981034979435e-291,1.0000000000000022,0.0,0.0
1.727260677415549e-291,1.0000000000000022,0.0,0.0
1.5865102135420917e-291,1.0000000000000022,0.0,0.0
1.457229178307649e-291,1.0000000000000022,0.0,0.0
1.3384829545913584e-291,1.0000000000000022,0.0,0.0
1.229413085052422e-291,1.0000000000000022,0.0,0.0
1.1292310660463839e-291,1.0000000000000022,0.0,0.0
1.03721264726077e-291,1.0000000000000022,0.0,0.0
9.526925958601861e-292,1.0000000000000022,0.0,0.0
8.750598872890819e-292,1.0000000000000022,0.0,0.0
8.037532879648376e-292,1.0000000000000022,0.0,0.0
7.382572979269364e-292,1.0000000000000022,0.0,0.0
6.780984241102413e-292,1.0000000000000022,0.0,0.0
6.228417573005823e-292,1.0000000000000022,0.0,0.0
5.720878280262894e-292,1.0000000000000022,0.0,0.0
5.25469718655826e-292,1.0000000000000022,0.0,0.0
4.826504108238855e-292,1.0000000000000022,0.0,0.0
4.433203490095778e-292,1.0000000000000022,0.0,0.0
4.071952026529754e-292,1.0000000000000022,0.0,0.0
3.7401381063158786e-292,1.0000000000000022,0.0,0.0
3.435362932366785e-292,1.0000000000000022,0.0,0.0
3.155423180002483e-292,1.0000000000000022,0.0,0.0
2.8982950683575496e-292,1.0000000000000022,0.0,0.0
2.6621197297723734e-292,1.0000000000000022,0.0,0.0
2.4451897713987546e-292,1.0000000000000022,0.0,0.0
2.2459369318690744e-292,1.0000000000000022,0.0,0.0
2.062920743794847e-292,1.0000000000000022,0.0,0.0
1.8948181201319527e-292,1.0000000000000022,0.0,0.0
1.7404137891287977e-292,1.0000000000000022,0.0,0.0
1.5985915087083504e-292,1.0000000000000022,0.0,0.0
1.4683259967697964e-292,1.0000000000000022,0.0,0.0
1.3486755190711805e-292,1.0000000000000022,0.0,0.0
1.238775081108292e-292,1.0000000000000022,0.0,0.0
1.1378301747715377e-292,1.0000000000000022,0.0,0.0
1.045111034573233e-292,1.0000000000000022,0.0,0.0
9.599473619216026e-293,1.0000000000000022,0.0,0.0
8.817234793014455e-293,1.0000000000000022,0.0,0.0
8.098738793293736e-293,1.0000000000000022,0.0,0.0
7.438791365062083e-293,1.0000000000000022,0.0,0.0
6.83262152111185e-293,1.0000000000000022,0.0,0.0
6.275847050910158e-293,1.0000000000000022,0.0,0.0
5.764442840089952e-293,1.0000000000000022,0.0,0.0
5.294711771512228e-293,1.0000000000000022,0.0,0.0
4.863257997533149e-293,1.0000000000000022,0.0,0.0
4.466962390252089e-293,1.0000000000000022,0.0,0.0
4.1029599922619865e-293,1.0000000000000022,0.0,0.0
3.7686193048857195e-293,1.0000000000000022,0.0,0.0
3.461523264166026e-293,1.0000000000000022,0.0,0.0
3.1794517670778555e-293,1.0000000000000022,0.0,0.0
2.920365621639122e-293,1.0000000000000022,0.0,0.0
2.682391804889681e-293,1.0000000000000022,0.0,0.0
2.4638099221633883e-293,1.0000000000000022,0.0,0.0
2.2630397697626495e-293,1.0000000000000022,0.0,0.0
2.0786299111217565e-293,1.0000000000000022,0.0,0.0
1.909247183872161e-293,1.0000000000000022,0.0,0.0
1.753667061952644e-293,1.0000000000000022,0.0,0.0
1.6107648030887642e-293,1.0000000000000022,0.0,0.0
1.4795073176436548e-293,1.0000000000000022,0.0,0.0
1.3589457000573016e-293,1.0000000000000022,0.0,0.0
1.2482083688814999e-293,1.0000000000000022,0.0,0.0
1.1464947658174413e-293,1.0000000000000022,0.0,0.0
1.0530695682041035e-293,1.0000000000000022,0.0,0.0
9.672573731175308e-294,1.0000000000000022,0.0,0.0
8.884378146505254e-294,1.0000000000000022,0.0,0.0
8.160410790738852e-294,1.0000000000000022,0.0,0.0
7.495437854567429e-294,1.0000000000000022,0.0,0.0
6.884652019655942e-294,1.0000000000000022,0.0,0.0
6.323637704883363e-294,1.0000000000000022,0.0,0.0
5.808339144586267e-294,1.0000000000000022,0.0,0.0
5.3350310680322876e-294,1.0000000000000022,0.0,0.0
4.9002917681552056e-294,1.0000000000000022,0.0,0.0
4.500978364856328e-294,1.0000000000000022,0.0,0.0
4.134204084042019e-294,1.0000000000000022,0.0,0.0
3.797317388139741e-294,1.0000000000000022,0.0,0.0
3.487882807219893e-294,1.0000000000000022,0.0,0.0
3.203663332145055e-294,1.0000000000000022,0.0,0.0
2.9426042424606326e-294,1.0000000000000022,0.0,0.0
2.7028182521131582e-294,1.0000000000000022,0.0,0.0
2.4825718656095358e-294,1.0000000000000022,0.0,0.0
2.2802728459812027e-294,1.0000000000000022,0.0,0.0
2.0944587039548065e-294,1.0000000000000022,0.0,0.0
1.9237861251136476e-294,1.0000000000000022,0.0,0.0
1.7670212586152e-294,1.0000000000000022,0.0,0.0
1.6230307972585008e-294,1.0000000000000022,0.0,0.0
1.4907737844161471e-294,1.0000000000000022,0.0,0.0
1.3692940886003886e-294,1.0000000000000022,0.0,0.0
1.2577134912593652e-294,1.0000000000000022,0.0,0.0
1.1552253378327867e-294,1.0000000000000022,0.0,0.0
1.0610887061683483e-294,1.0000000000000022,0.0,0.0
9.746230501403609e-295,1.0000000000000022,0.0,0.0
8.952032797474657e-295,1.0000000000000022,0.0,0.0
8.222552421217689e-295,1.0000000000000022,0.0,0.0
7.552515707800532e-295,1.0000000000000022,0.0,0.0
6.93707873109875e-295,1.0000000000000022,0.0,0.0
6.37179228528572e-295,1.0000000000000022,0.0,0.0
5.852569719991647e-295,1.0000000000000022,0.0,0.0
5.375657396500829e-295,1.0000000000000022,0.0,0.0
4.937607551404841e-295,1.0000000000000022,0.0,0.0
4.535253371533635e-295,1.0000000000000022,0.0,0.0
4.165686099972664e-295,1.0000000000000022,0.0,0.0
3.826234007657529e-295,1.0000000000000022,0.0,0.0
3.5144430785245842e-295,1.0000000000000022,0.0,0.0
3.2280592685837824e-295,1.0000000000000022,0.0,0.0
2.965012210658506e-295,1.0000000000000022,0.0,0.0
2.72340024698833e-295,1.0000000000000022,0.0,0.0
2.5014766814902453e-295,1.0000000000000022,0.0,0.0
2.2976371522912125e-295,1.0000000000000022,0.0,0.0
2.1104080332437263e-295,1.0000000000000022,0.0,0.0
1.9384357805749639e-295,1.0000000000000022,0.0,0.0
1.7804771476527637e-295,1.0000000000000022,0.0,0.0
1.63539019712762e-295,1.0000000000000022,0.0,0.0
1.5021260454743609e-295,1.0000000000000022,0.0,0.0
1.3797212802519701e-295,1.0000000000000022,0.0,0.0
1.267290995263305e-295,1.0000000000000022,0.0,0.0
1.1640223932634852e-295,1.0000000000000022,0.0,0.0
1.0691689099687278e-295,1.0000000000000022,0.0,0.0
9.820448168860642e-296,1.0000000000000022,0.0,0.0
9.020202639459385e-296,1.0000000000000022,0.0,0.0
8.285167260991698e-296,1.0000000000000022,0.0,0.0
7.610028209601594e-296,1.0000000000000022,0.0,0.0
6.989904672606473e-296,1.0000000000000022,0.0,0.0
6.42031356342156e-296,1.0000000000000022,0.0,0.0
5.89713711178326e-296,1.0000000000000022,0.0,0.0
5.416593094969992e-296,1.0000000000000022,0.0,0.0
4.975207494811752e-296,1.0000000000000022,0.0,0.0
4.5697893828164985e-296,1.0000000000000022,0.0,0.0
4.197407851849312e-296,1.0000000000000022,0.0,0.0
3.8553708275954746e-296,1.0000000000000022,0.0,0.0
3.541205606628248e-296,1.0000000000000022,0.0,0.0
3.252640980384342e-296,1.0000000000000022,0.0,0.0
2.9875908158151346e-296,1.0000000000000022,0.0,0.0
2.744138974012512e-296,1.0000000000000022,0.0,0.0
2.5205254577808967e-296,1.0000000000000022,0.0,0.0
2.3151336880114695e-296,1.0000000000000022,0.0,0.0
2.1264788168751384e-296,1.0000000000000022,0.0,0.0
1.953196993346281e-296,1.0000000000000022,0.0,0.0
1.7940355034540452e-296,1.0000000000000022,0.0,0.0
1.647843713981692e-296,1.0000000000000022,0.0,0.0
1.513564754142856e-296,1.0000000000000022,0.0,0.0
1.3902278750987035e-296,1.0000000000000022,0.0,0.0
1.2769414320803074e-296,1.0000000000000022,0.0,0.0
1.1728864383815768e-296,1.0000000000000022,0.0,0.0
1.0773106446223483e-296,1.0000000000000022,0.0,0.0
9.895231004785823e-297,1.0000000000000022,0.0,0.0
9.088891595645468e-297,1.0000000000000022,0.0,0.0
8.348258913555585e-297,1.0000000000000022,0.0,0.0
7.667978669824904e-297,1.0000000000000022,0.0,0.0
7.043132884321055e-297,1.0000000000000022,0.0,0.0
6.469204331698715e-297,1.0000000000000022,0.0,0.0
5.942043884822107e-297,1.0000000000000022,0.0,0.0
5.4578405192962094e-297,1.0000000000000022,0.0,0.0
5.0130937622590976e-297,1.0000000000000022,0.0,0.0
4.604588386258259e-297,1.0000000000000022,0.0,0.0
4.2293711652641965e-297,1.0000000000000022,0.0,0.0
3.884729524782536e-297,1.0000000000000022,0.0,0.0
3.5681719317189436e-297,1.0000000000000022,0.0,0.0
3.277409882228445e-297,1.0000000000000022,0.0,0.0
3.0103413573330995e-297,1.0000000000000022,0.0,0.0
2.765035626702986e-297,1.0000000000000022,0.0,0.0
2.5397192907418153e-297,1.0000000000000022,0.0,0.0
2.3327634600705904e-297,1.0000000000000022,0.0,0.0
2.1426719797253835e-297,1.0000000000000022,0.0,0.0
1.9680706129379133e-297,1.0000000000000022,0.0,0.0
1.807697106304735e-297,1.0000000000000022,0.0,0.0
1.6603920645227385e-297,1.0000000000000022,0.0,0.0
1.5250905687212692e-297,1.0000000000000022,0.0,0.0
1.4008144777969168e-297,1.0000000000000022,0.0,0.0
1.2866653570946593e-297,1.0000000000000022,0.0,0.0
1.1818179833143717e-297,1.0000000000000022,0.0,0.0
1.0855143786874295e-297,1.0000000000000022,0.0,0.0
9.97058331294413e-298,1.0000000000000022,0.0,0.0
9.158103619094067e-298,1.0000000000000022,0.0,0.0
8.411831009844731e-298,1.0000000000000022,0.0,0.0
7.726370423529344e-298,1.0000000000000022,0.0,0.0
7.096766429535168e-298,1.0000000000000022,0.0,0.0
6.5184674037892456e-298,1.0000000000000022,0.0,0.0
5.987292623500644e-298,1.0000000000000022,0.0,0.0
5.499402043275792e-298,1.0000000000000022,0.0,0.0
5.051268534108035e-298,1.0000000000000022,0.0,0.0
4.639652384547503e-298,1.0000000000000022,0.0,0.0
4.261577879711461e-298,1.0000000000000022,0.0,0.0
3.914311788816747e-298,1.0000000000000022,0.0,0.0
3.595343605713282e-298,1.0000000000000022,0.0,0.0
3.3023673995706192e-298,1.0000000000000022,0.0,0.0
3.0332651445099475e-298,1.0000000000000022,0.0,0.0
2.786091407665679e-298,1.0000000000000022,0.0,0.0
2.5590592849813657e-298,1.0000000000000022,0.0,0.0
2.3505274830649664e-298,1.0000000000000022,0.0,0.0
2.1589884537137472e-298,1.0000000000000022,0.0,0.0
1.983057495329207e-298,1.0000000000000022,0.0,0.0
1.8214627424324088e-298,1.0000000000000022,0.0,0.0
1.6730359709104733e-298,1.0000000000000022,0.0,0.0
1.5367041525221966e-298,1.0000000000000022,0.0,0.0
1.4114816976074015e-298,1.0000000000000022,0.0,0.0
1.2964633299199045e-298,1.0000000000000022,0.0,0.0
1.190817542073805e-298,1.0000000000000022,0.0,0.0
1.0937805842902668e-298,1.0000000000000022,0.0,0.0
1.004650942987376e-298,1.0000000000000022,0.0,0.0
9.227842692968941e-299,1.0000000000000022,0.0,0.0
8.475887208444126e-299,1.0000000000000022,0.0,0.0
7.785206831170302e-299,1.0000000000000022,0.0,0.0
7.150808394868493e-299,1.0000000000000022,0.0,0.0
6.56810561479136e-299,1.0000000000000022,0.0,0.0
6.032885931891503e-299,1.0000000000000022,0.0,0.0
5.541280058781538e-299,1.0000000000000022,0.0,0.0
5.089734007323203e-299,1.0000000000000022,0.0,0.0
4.6749833956233213e-299,1.0000000000000022,0.0,0.0
4.294029848693018e-299,1.0000000000000022,0.0,0.0
3.9441193221624543e-299,1.0000000000000022,0.0,0.0
3.62272219234574e-299,1.0000000000000022,0.0,0.0
3.327514968720249e-299,1.0000000000000022,0.0,0.0
3.056363496613546e-299,1.0000000000000022,0.0,0.0
2.807307528664382e-299,1.0000000000000022,0.0,0.0
2.5785465535195177e-299,1.0000000000000022,0.0,0.0
2.3684267793171542e-299,1.0000000000000022,0.0,0.0
2.1754291778560938e-299,1.0000000000000022,0.0,0.0
1.9981585030178022e-299,1.0000000000000022,0.0,0.0
1.835333204051776e-299,1.0000000000000022,0.0,0.0
1.6857761608038691e-299,1.0000000000000022,0.0,0.0
1.5484061739093683e-299,1.0000000000000022,0.0,0.0
1.4222301484304788e-299,1.0000000000000022,0.0,0.0
1.306335914431052e-299,1.0000000000000022,0.0,0.0
1.1998856325860194e-299,1.0000000000000022,0.0,0.0
1.1021097371524039e-299,1.0000000000000022,0.0,0.0
1.01230137251357e-299,1.0000000000000022,0.0,0.0
9.298112830765698e-300,1.0000000000000022,0.0,0.0
8.540431195798932e-300,1.0000000000000022,0.0,0.0
7.844491278793083e-300,1.0000000000000022,0.0,0.0
7.205261890445361e-300,1.0000000000000022,0.0,0.0
6.618121821392575e-300,1.0000000000000022,0.0,0.0
6.078826433897367e-300,1.0000000000000022,0.0,0.0
5.583476975900387e-300,1.0000000000000022,0.0,0.0
5.1284923955991484e-300,1.0000000000000022,0.0,0.0
4.710583452791428e-300,1.0000000000000022,0.0,0.0
4.326728939825222e-300,1.0000000000000022,0.0,0.0
3.974153840248287e-300,1.0000000000000022,0.0,0.0
3.650309267258651e-300,1.0000000000000022,0.0,0.0
3.3528540369242275e-300,1.0000000000000022,0.0,0.0
3.0796377429579964e-300,1.0000000000000022,0.0,0.0
2.8286852106904762e-300,1.0000000000000022,0.0,0.0
2.598182217851899e-300,1.0000000000000022,0.0,0.0
2.3864623789347054e-300,1.0000000000000022,0.0,0.0
2.1919950983189013e-300,1.0000000000000022,0.0,0.0
2.013374505069267e-300,1.0000000000000022,0.0,0.0
1.8493092894102678e-300,1.0000000000000022,0.0,0.0
1.6986133674030265e-300,1.0000000000000022,0.0,0.0
1.5601973063361116e-300,1.0000000000000022,0.0,0.0
1.433060448841327e-300,1.0000000000000022,0.0,0.0
1.3162836787970246e-300,1.0000000000000022,0.0,0.0
1.2090227767211708e-300,1.0000000000000022,0.0,0.0
1.1105023166180083e-300,1.0000000000000022,0.0,0.0
1.0200100601565191e-300,1.0000000000000022,0.0,0.0
9.368918076542748e-301,1.0000000000000022,0.0,0.0
8.60546668642663e-301,1.0000000000000022,0.0,0.0
7.904227178227759e-301,1.0000000000000022,0.0,0.0
7.260130050073726e-301,1.0000000000000022,0.0,0.0
6.668518902034107e-301,1.0000000000000022,0.0,0.0
6.125116773401958e-301,1.0000000000000022,0.0,0.0
5.625995223072118e-301,1.0000000000000022,0.0,0.0
5.167545929487727e-301,1.0000000000000022,0.0,0.0
4.746454604841187e-301,1.0000000000000022,0.0,0.0
4.359677034946346e-301,1.0000000000000022,0.0,0.0
4.004417071565885e-301,1.0000000000000022,0.0,0.0
3.678106418092883e-301,1.0000000000000022,0.0,0.0
3.3783860624502557e-301,1.0000000000000022,0.0,0.0
3.1030892229801494e-301,1.0000000000000022,0.0,0.0
2.850225684033211e-301,1.0000000000000022,0.0,0.0
2.617967408014344e-301,1.0000000000000022,0.0,0.0
2.404635319869457e-301,1.0000000000000022,0.0,0.0
2.20868716847372e-301,1.0000000000000022,0.0,0.0
2.028706377167118e-301,1.0000000000000022,0.0,0.0
1.8633918028339838e-301,1.0000000000000022,0.0,0.0
1.711548329491377e-301,1.0000000000000022,0.0,0.0
1.5720782283841108e-301,1.0000000000000022,0.0,0.0
1.4439732221255841e-301,1.0000000000000022,0.0,0.0
1.3263071955133598e-301,1.0000000000000022,0.0,0.0
1.2182295003234648e-301,1.0000000000000022,0.0,0.0
1.1189588056814622e-301,1.0000000000000022,0.0,0.0
1.027777449552514e-301,1.0000000000000022,0.0,0.0
9.440262505154087e-302,1.0000000000000022,0.0,0.0
8.670997423130817e-302,1.0000000000000022,0.0,0.0
7.964417967285545e-302,1.0000000000000022,0.0,0.0
7.31541603142555e-302,1.0000000000000022,0.0,0.0
6.719299757076559e-302,1.0000000000000022,0.0,0.0
6.171759614422224e-302,1.0000000000000022,0.0,0.0
5.668837247229117e-302,1.0000000000000022,0.0,0.0
5.206896856526486e-302,1.0000000000000022,0.0,0.0
4.782598916163526e-302,1.0000000000000022,0.0,0.0
4.392876030224891e-302,1.0000000000000022,0.0,0.0
4.034910757769382e-302,1.0000000000000022,0.0,0.0
3.706115244579214e-302,1.0000000000000022,0.0,0.0
3.404112514670763e-302,1.0000000000000022,0.0,0.0
3.126719286316685e-302,1.0000000000000022,0.0,0.0
2.8719301883505066e-302,1.0000000000000022,0.0,0.0
2.6379032626479253e-302,1.0000000000000022,0.0,0.0
2.4229466479772626e-302,1.0000000000000022,0.0,0.0
2.2255063489520383e-302,1.0000000000000022,0.0,0.0
2.0441550016632105e-302,1.0000000000000022,0.0,0.0
1.8775815547739745e-302,1.0000000000000022,0.0,0.0
1.7245817914781968e-302,1.0000000000000022,0.0,0.0
1.584049623802457e-302,1.0000000000000022,0.0,0.0
1.4549690963152146e-302,1.0000000000000022,0.0,0.0
1.3364070414351548e-302,1.0000000000000022,0.0,0.0
1.2275063332414148e-302,1.0000000000000022,0.0,0.0
1.1274796910151532e-302,1.0000000000000022,0.0,0.0
1.0356039877161391e-302,1.0000000000000022,0.0,0.0
9.512150222483744e-303,1.0000000000000022,0.0,0.0
8.737027177216562e-303,1.0000000000000022,0.0,0.0
8.025067109956617e-303,1.0000000000000022,0.0,0.0
7.371123016218488e-303,1.0000000000000022,0.0,0.0
6.770467308966799e-303,1.0000000000000022,0.0,0.0
6.21875764126162e-303,1.0000000000000022,0.0,0.0
5.712005513937183e-303,1.0000000000000022,0.0,0.0
5.246547441367988e-303,1.0000000000000022,0.0,0.0
4.819018466869725e-303,1.0000000000000022,0.0,0.0
4.426327836268698e-303,1.0000000000000022,0.0,0.0
4.065636653775617e-303,1.0000000000000022,0.0,0.0
3.734337358630384e-303,1.0000000000000022,0.0,0.0
3.430034874147462e-303,1.0000000000000022,0.0,0.0
3.150529292881779e-303,1.0000000000000022,0.0,0.0
2.8937999727402877e-303,1.0000000000000022,0.0,0.0
2.6579909290644774e-303,1.0000000000000022,0.0,0.0
2.4413974170781792e-303,1.0000000000000022,0.0,0.0
2.242453607700561e-303,1.0000000000000022,0.0,0.0
2.0597212676285205e-303,1.0000000000000022,0.0,0.0
1.891879361852886e-303,1.0000000000000022,0.0,0.0
1.7377145034414472e-303,1.0000000000000022,0.0,0.0
1.5961121815469998e-303,1.0000000000000022,0.0,0.0
1.4660487042246547e-303,1.0000000000000022,0.0,0.0
1.3465837978102667e-303,1.0000000000000022,0.0,0.0
1.2368538093583392e-303,1.0000000000000022,0.0,0.0
1.1360654629974869e-303,1.0000000000000022,0.0,0.0
1.043490125066002e-303,1.0000000000000022,0.0,0.0
9.584585365682127e-304,1.0000000000000022,0.0,0.0
8.80355974870749e-304,1.0000000000000022,0.0,0.0
8.086178096609492e-304,1.0000000000000022,0.0,0.0
7.427254210399026e-304,1.0000000000000022,0.0,0.0
6.8220245024061734e-304,1.0000000000000022,0.0,0.0
6.266113558664616e-304,1.0000000000000022,0.0,0.0
5.755502507537432e-304,1.0000000000000022,0.0,0.0
5.286499965910158e-304,1.0000000000000022,0.0,0.0
4.855715352911145e-304,1.0000000000000022,0.0,0.0
4.4600343782349145e-304,1.0000000000000022,0.0,0.0
4.0965965278651496e-304,1.0000000000000022,0.0,0.0
3.762774384433876e-304,1.0000000000000022,0.0,0.0
3.4561546327165644e-304,1.0000000000000022,0.0,0.0
3.1745206129453722e-304,1.0000000000000022,0.0,0.0
2.915836295812379e-304,1.0000000000000022,0.0,0.0
2.6782315633126306e-304,1.0000000000000022,0.0,0.0
2.4599886890171157e-304,1.0000000000000022,0.0,0.0
2.259529920036922e-304,1.0000000000000022,0.0,0.0
2.075406070904311e-304,1.0000000000000022,0.0,0.0
1.906286046911955e-304,1.0000000000000022,0.0,0.0
1.7509472211709427e-304,1.0000000000000022,0.0,0.0
1.6082665958199957e-304,1.0000000000000022,0.0,0.0
1.4772126834872302e-304,1.0000000000000022,0.0,0.0
1.356838050312761e-304,1.0000000000000022,0.0,0.0
1.2462724666230832e-304,1.0000000000000022,0.0,0.0
1.144716615741106e-304,1.0000000000000022,0.0,0.0
1.0514363154506523e-304,1.0000000000000022,0.0,0.0
9.657572103404086e-305,1.0000000000000022,0.0,0.0
8.870598966564441e-305,1.0000000000000022,0.0,0.0
8.147754444191876e-305,1.0000000000000022,0.0,0.0
7.483812844326966e-305,1.0000000000000022,0.0,0.0
6.873974304519961e-305,1.0000000000000022,0.0,0.0
6.313830091972336e-305,1.0000000000000022,0.0,0.0
5.799330731289271e-305,1.0000000000000022,0.0,0.0
5.326756729427603e-305,1.0000000000000022,0.0,0.0
4.892691686199841e-305,1.0000000000000022,0.0,0.0
4.493997595940784e-305,1.0000000000000022,0.0,0.0
4.12779216178402e-305,1.0000000000000022,0.0,0.0
3.791427958545377e-305,1.0000000000000022,0.0,0.0
3.4824732935746357e-305,1.0000000000000022,0.0,0.0
3.19869462721203e-305,1.0000000000000022,0.0,0.0
2.9380404257609344e-305,1.0000000000000022,0.0,0.0
2.698626330244342e-305,1.0000000000000022,0.0,0.0
2.478721533724948e-305,1.0000000000000022,0.0,0.0
2.2767362687058113e-305,1.0000000000000022,0.0,0.0
2.0912103141536878e-305,1.0000000000000022,0.0,0.0
1.920802439058366e-305,1.0000000000000022,0.0,0.0
1.7642807062118476e-305,1.0000000000000022,0.0,0.0
1.6205135661100612e-305,1.0000000000000022,0.0,0.0
1.4884616765918542e-305,1.0000000000000022,0.0,0.0
1.3671703890766202e-305,1.0000000000000022,0.0,0.0
1.255762847080981e-305,1.0000000000000022,0.0,0.0
1.153433647121328e-305,1.0000000000000022,0.0,0.0
1.059443016174704e-305,1.0000000000000022,0.0,0.0
9.731114636048836e-306,1.0000000000000022,0.0,0.0
8.938148688905847e-306,1.0000000000000022,0.0,0.0
8.209799696433088e-306,1.0000000000000022,0.0,0.0
7.540802172961346e-306,1.0000000000000022,0.0,0.0
6.926319705028142e-306,1.0000000000000022,0.0,0.0
6.361909987279419e-306,1.0000000000000022,0.0,0.0
5.843492707514455e-306,1.0000000000000022,0.0,0.0
5.367320048703934e-306,1.0000000000000022,0.0,0.0
4.929949594730103e-306,1.0000000000000022,0.0,0.0
4.528219443975281e-306,1.0000000000000022,0.0,0.0
4.159225350846283e-306,1.0000000000000022,0.0,0.0
3.8202997299829673e-306,1.0000000000000022,0.0,0.0
3.508992371365098e-306,1.0000000000000022,0.0,0.0
3.2230527269003976e-306,1.0000000000000022,0.0,0.0
2.960413640437421e-306,1.0000000000000022,0.0,0.0
2.7191764035819263e-306,1.0000000000000022,0.0,0.0
2.4975970292800835e-306,1.0000000000000022,0.0,0.0
2.294073643935529e-306,1.0000000000000022,0.0,0.0
2.107134906913546e-306,1.0000000000000022,0.0,0.0
1.935429373712964e-306,1.0000000000000022,0.0,0.0
1.7777157259085006e-306,1.0000000000000022,0.0,0.0
1.6328537972324252e-306,1.0000000000000022,0.0,0.0
1.499796330919998e-306,1.0000000000000022,0.0,0.0
1.3775814087297023e-306,1.0000000000000022,0.0,0.0
1.2653254969050458e-306,1.0000000000000022,0.0,0.0
1.1622170588047953e-306,1.0000000000000022,0.0,0.0
1.0675106880251492e-306,1.0000000000000022,0.0,0.0
9.805217196001678e-307,1.0000000000000022,0.0,0.0
9.006212803229753e-307,1.0000000000000022,0.0,0.0
8.272317424047976e-307,1.0000000000000022,0.0,0.0
7.598225476047751e-307,1.0000000000000022,0.0,0.0
6.979063716417448e-307,1.0000000000000022,0.0,0.0
6.410356011592044e-307,1.0000000000000022,0.0,0.0
5.887990977742254e-307,1.0000000000000022,0.0,0.0
5.408192258165097e-307,1.0000000000000022,0.0,0.0
4.967491222700926e-307,1.0000000000000022,0.0,0.0
4.5627018918116014e-307,1.0000000000000022,0.0,0.0
4.190897904037335e-307,1.0000000000000022,0.0,0.0
3.849391360322022e-307,1.0000000000000022,0.0,0.0
3.5357133922654063e-307,1.0000000000000022,0.0,0.0
3.2475963138232714e-307,1.0000000000000022,0.0,0.0
2.9829572274241638e-307,1.0000000000000022,0.0,0.0
2.7398829659856144e-307,1.0000000000000022,0.0,0.0
2.516616261970514e-307,1.0000000000000022,0.0,0.0
2.311543043494981e-307,1.0000000000000022,0.0,0.0
2.1231807656469176e-307,1.0000000000000022,0.0,0.0
1.9501676926583348e-307,1.0000000000000022,0.0,0.0
1.7912530534485793e-307,1.0000000000000022,0.0,0.0
1.6452879993694962e-307,1.0000000000000022,0.0,0.0
1.5112172987829536e-307,1.0000000000000022,0.0,0.0
1.3880717084279659e-307,1.0000000000000022,0.0,0.0
1.2749609664274083e-307,1.0000000000000022,0.0,0.0
1.1710673562783504e-307,1.0000000000000022,0.0,0.0
1.07563979529788e-307,1.0000000000000022,0.0,0.0
9.879884047877585e-308,1.0000000000000022,0.0,0.0
9.074795226637557e-308,1.0000000000000022,0.0,0.0
8.335311224942439e-308,1.0000000000000022,0.0,0.0
7.656086058307078e-308,1.0000000000000022,0.0,0.0
7.032209374114737e-308,1.0000000000000022,0.0,0.0
6.459170952987177e-308,1.0000000000000022,0.0,0.0
5.932828102855712e-308,1.0000000000000022,0.0,0.0
5.449375710013722e-308,1.0000000000000022,0.0,0.0
5.005318730639407e-308,1.0000000000000022,0.0,0.0
4.597446923920503e-308,1.0000000000000022,0.0,0.0
4.222811644118014e-308,1.0000000000000022,0.0,0.0
3.8787045237908296e-308,1.0000000000000022,0.0,0.0
3.5626378940748715e-308,1.0000000000000022,0.0,0.0
3.272326800468266e-308,1.0000000000000022,0.0,0.0
3.0056724841084394e-308,1.0000000000000022,0.0,0.0
2.7607472091216053e-308,1.0000000000000022,0.0,0.0
2.5357803263563276e-308,1.0000000000000022,0.0,0.0
2.329145472751093e-308,1.0000000000000022,0.0,0.0
2.1393488137957125e-308,1.0000000000000022,0.0,0.0
1.9650182440872505e-308,1.0000000000000022,0.0,0.0
1.8048934679075943e-308,1.0000000000000022,0.0,0.0
1.6578168881117295e-308,1.0000000000000022,0.0,0.0
1.5227252374593714e-308,1.0000000000000022,0.0,0.0
1.39864189188995e-308,1.0000000000000022,0.0,0.0
1.2846698101709847e-308,1.0000000000000022,0.0,0.0
1.1799850488781237e-308,1.0000000000000022,0.0,0.0
1.0838308058244084e-308,1.0000000000000022,0.0,0.0
9.955119488766635e-309,1.0000000000000022,0.0,0.0
9.143899906059437e-309,1.0000000000000022,0.0,0.0
8.398784724420475e-309,1.0000000000000022,0.0,0.0
7.714387249625714e-309,1.0000000000000022,0.0,0.0
7.085759736661685e-309,1.0000000000000022,0.0,0.0
6.50835762077304e-309,1.0000000000000022,0.0,0.0
5.97800666323904e-309,1.0000000000000022,0.0,0.0
5.4908727743645e-309,1.0000000000000022,0.0,0.0
5.04343429552509e-309,1.0000000000000022,0.0,0.0
4.63245653988452e-309,1.0000000000000022,0.0,0.0
4.25496840772952e-309,1.0000000000000022,0.0,0.0
3.908240907366955e-309,1.0000000000000022,0.0,0.0
3.58976742630317e-309,1.0000000000000022,0.0,0.0
3.29724561007911e-309,1.0000000000000022,0.0,0.0
3.02856071775715e-309,1.0000000000000022,0.0,0.0
2.781770333730655e-309,1.0000000000000022,0.0,0.0
2.5550903253327e-309,1.0000000000000022,0.0,0.0
2.346881944726674e-309,1.0000000000000022,0.0,0.0
2.155639981833863e-309,1.0000000000000022,0.0,0.0
1.97998188265148e-309,1.0000000000000022,0.0,0.0
1.818637754293725e-309,1.0000000000000022,0.0,0.0
1.67044118449881e-309,1.0000000000000022,0.0,0.0
1.534320809233087e-309,1.0000000000000022,0.0,0.0
1.409292567431517e-309,1.0000000000000022,0.0,0.0
1.294452586881387e-309,1.0000000000000022,0.0,0.0
1.188970649818847e-309,1.0000000000000022,0.0,0.0
1.09208419099879e-309,1.0000000000000022,0.0,0.0
1.00309278484813e-309,1.0000000000000022,0.0,0.0
9.21353081848147e-310,1.0000000000000022,0.0,0.0
8.4627415753928e-310,1.0000000000000022,0.0,0.0
7.77313240524716e-310,1.0000000000000022,0.0,0.0
7.13971788589077e-310,1.0000000000000022,0.0,0.0
6.55791884565075e-310,1.0000000000000022,0.0,0.0
6.0235292589261e-310,1.0000000000000022,0.0,0.0
5.53268583938054e-310,1.0000000000000022,0.0,0.0
5.08184011091525e-310,1.0000000000000022,0.0,0.0
4.667732754513e-310,1.0000000000000022,0.0,0.0
4.2873700454991e-310,1.0000000000000022,0.0,0.0
3.9380022108743e-310,1.0000000000000022,0.0,0.0
3.6171035502595e-310,1.0000000000000022,0.0,0.0
3.32235417673757e-310,1.0000000000000022,0.0,0.0
3.05162324559205e-310,1.0000000000000022,0.0,0.0
2.80295354969716e-310,1.0000000000000022,0.0,0.0
2.5745473701934e-310,1.0000000000000022,0.0,0.0
2.3647534801587e-310,1.0000000000000022,0.0,0.0
2.17205520732086e-310,1.0000000000000022,0.0,0.0
1.995059469511e-310,1.0000000000000022,0.0,0.0
1.832486703593e-310,1.0000000000000022,0.0,0.0
1.68316161506116e-310,1.0000000000000022,0.0,0.0
1.5460046814312e-310,1.0000000000000022,0.0,0.0
1.42002434800087e-310,1.0000000000000022,0.0,0.0
1.3043098595591e-310,1.0000000000000022,0.0,0.0
1.19802467622336e-310,1.0000000000000022,0.0,0.0
1.1004004258047e-310,1.0000000000000022,0.0,0.0
1.01073134898054e-310,1.0000000000000022,0.0,0.0
9.2836919711745e-311,1.0000000000000022,0.0,0.0
8.5271854585873e-311,1.0000000000000022,0.0,0.0
7.832324905965e-311,1.0000000000000022,0.0,0.0
7.194086927103e-311,1.0000000000000022,0.0,0.0
6.607857479877e-311,1.0000000000000022,0.0,0.0
6.06939850975e-311,1.0000000000000022,0.0,0.0
5.574817311411e-311,1.0000000000000022,0.0,0.0
5.120538387071e-311,1.0000000000000022,0.0,0.0
4.703277597958e-311,1.0000000000000022,0.0,0.0
4.3200184221463e-311,1.0000000000000022,0.0,0.0
3.967990147081e-311,1.0000000000000022,0.0,0.0
3.6446478391427e-311,1.0000000000000022,0.0,0.0
3.347653945446e-311,1.0000000000000022,0.0,0.0
3.0748613948653e-311,1.0000000000000022,0.0,0.0
2.824298076119e-311,1.0000000000000022,0.0,0.0
2.594152580695e-311,1.0000000000000022,0.0,0.0
2.382761107557e-311,1.0000000000000022,0.0,0.0
2.1885954349556e-311,1.0000000000000022,0.0,0.0
2.010251872383e-311,1.0000000000000022,0.0,0.0
1.846441112815e-311,1.0000000000000022,0.0,0.0
1.695978911862e-311,1.0000000000000022,0.0,0.0
1.5577775264625e-311,1.0000000000000022,0.0,0.0
1.430837851214e-311,1.0000000000000022,0.0,0.0
1.314242195492e-311,1.0000000000000022,0.0,0.0
1.2071476491526e-311,1.0000000000000022,0.0,0.0
1.108779988843e-311,1.0000000000000022,0.0,0.0
1.018428080875e-311,1.0000000000000022,0.0,0.0
9.354387401924e-312,1.0000000000000022,0.0,0.0
8.59212008276e-312,1.0000000000000022,0.0,0.0
7.891968158317e-312,1.0000000000000022,0.0,0.0
7.248869989245e-312,1.0000000000000022,0.0,0.0
6.65817639743e-312,1.0000000000000022,0.0,0.0
6.115617055496e-312,1.0000000000000022,0.0,0.0
5.61726961513e-312,1.0000000000000022,0.0,0.0
5.159531351083e-312,1.0000000000000022,0.0,0.0
4.739093115834e-312,1.0000000000000022,0.0,0.0
4.35291541659e-312,1.0000000000000022,0.0,0.0
3.9982064418e-312,1.0000000000000022,0.0,0.0
3.67240187813e-312,1.0000000000000022,0.0,0.0
3.37314637221e-312,1.0000000000000022,0.0,0.0
3.09827650294e-312,1.0000000000000022,0.0,0.0
2.845805141376e-312,1.0000000000000022,0.0,0.0
2.61390708512e-312,1.0000000000000022,0.0,0.0
2.40090586326e-312,1.0000000000000022,0.0,0.0
2.20526161663e-312,1.0000000000000022,0.0,0.0
2.025559965592e-312,1.0000000000000022,0.0,0.0
1.86050178504e-312,1.0000000000000022,0.0,0.0
1.70889381254e-312,1.0000000000000022,0.0,0.0
1.569640021856e-312,1.0000000000000022,0.0,0.0
1.441733699387e-312,1.0000000000000022,0.0,0.0
1.324250166287e-312,1.0000000000000022,0.0,0.0
1.216340093636e-312,1.0000000000000022,0.0,0.0
1.11722336236e-312,1.0000000000000022,0.0,0.0
1.02618342348e-312,1.0000000000000022,0.0,0.0
9.42562117924e-313,1.0000000000000022,0.0,0.0
8.6575491849e-313,1.0000000000000022,0.0,0.0
7.95206559478e-313,1.0000000000000022,0.0,0.0
7.30407022507e-313,1.0000000000000022,0.0,0.0
6.70887849415e-313,1.0000000000000022,0.0,0.0
6.16218755607e-313,1.0000000000000022,0.0,0.0
5.66004519367e-313,1.0000000000000022,0.0,0.0
5.19882124703e-313,1.0000000000000022,0.0,0.0
4.7751813693e-313,1.0000000000000022,0.0,0.0
4.38606292205e-313,1.0000000000000022,0.0,0.0
4.028652834e-313,1.0000000000000022,0.0,0.0
3.70036726445e-313,1.0000000000000022,0.0,0.0
3.39883292414e-313,1.0000000000000022,0.0,0.0
3.12186991733e-313,1.0000000000000022,0.0,0.0
2.86747598323e-313,1.0000000000000022,0.0,0.0
2.63381202037e-313,1.0000000000000022,0.0,0.0
2.4191887915e-313,1.0000000000000022,0.0,0.0
2.2220547115e-313,1.0000000000000022,0.0,0.0
2.0409846301e-313,1.0000000000000022,0.0,0.0
1.87466952946e-313,1.0000000000000022,0.0,0.0
1.72190706035e-313,1.0000000000000022,0.0,0.0
1.5815928503e-313,1.0000000000000022,0.0,0.0
1.4527125196e-313,1.0000000000000022,0.0,0.0
1.3343343479e-313,1.0000000000000022,0.0,0.0
1.2256025387e-313,1.0000000000000022,0.0,0.0
1.12573103227e-313,1.0000000000000022,0.0,0.0
1.0339978231e-313,1.0000000000000022,0.0,0.0
9.497397403e-314,1.0000000000000022,0.0,0.0
8.7234765303e-314,1.0000000000000022,0.0,0.0
8.012620674e-314,1.0000000000000022,0.0,0.0
7.3596908115e-314,1.0000000000000022,0.0,0.0
6.759966688e-314,1.0000000000000022,0.0,0.0
6.2091126915e-314,1.0000000000000022,0.0,0.0
5.7031465087e-314,1.0000000000000022,0.0,0.0
5.238410336e-314,1.0000000000000022,0.0,0.0
4.8115444353e-314,1.0000000000000022,0.0,0.0
4.4194628463e-314,1.0000000000000022,0.0,0.0
4.059331076e-314,1.0000000000000022,0.0,0.0
3.7285456074e-314,1.0000000000000022,0.0,0.0
3.4247150794e-314,1.0000000000000022,0.0,0.0
3.145642996e-314,1.0000000000000022,0.0,0.0
2.889311849e-314,1.0000000000000022,0.0,0.0
2.6538685317e-314,1.0000000000000022,0.0,0.0
2.4376109447e-314,1.0000000000000022,0.0,0.0
2.238975686e-314,1.0000000000000022,0.0,0.0
2.0565267535e-314,1.0000000000000022,0.0,0.0
1.888945161e-314,1.0000000000000022,0.0,0.0
1.735019404e-314,1.0000000000000022,0.0,0.0
1.5936367e-314,1.0000000000000022,0.0,0.0
1.4637749435e-314,1.0000000000000022,0.0,0.0
1.344495321e-314,1.0000000000000022,0.0,0.0
1.2349355173e-314,1.0000000000000022,0.0,0.0
1.134303488e-314,1.0000000000000022,0.0,0.0
1.0418717295e-314,1.0000000000000022,0.0,0.0
9.569720205e-315,1.0000000000000022,0.0,0.0
8.78990591e-315,1.0000000000000022,0.0,0.0
8.07363688e-315,1.0000000000000022,0.0,0.0
7.41573495e-315,1.0000000000000022,0.0,0.0
6.81144392e-315,1.0000000000000022,0.0,0.0
6.25639516e-315,1.0000000000000022,0.0,0.0
5.74657604e-315,1.0000000000000022,0.0,0.0
5.278300896e-315,1.0000000000000022,0.0,0.0
4.848184405e-315,1.0000000000000022,0.0,0.0
4.453117113e-315,1.0000000000000022,0.0,0.0
4.09024293e-315,1.0000000000000022,0.0,0.0
3.75693853e-315,1.0000000000000022,0.0,0.0
3.45079433e-315,1.0000000000000022,0.0,0.0
3.169597104e-315,1.0000000000000022,0.0,0.0
2.911313997e-315,1.0000000000000022,0.0,0.0
2.674077774e-315,1.0000000000000022,0.0,0.0
2.45617338e-315,1.0000000000000022,0.0,0.0
2.256025516e-315,1.0000000000000022,0.0,0.0
2.07218723e-315,1.0000000000000022,0.0,0.0
1.9033295e-315,1.0000000000000022,0.0,0.0
1.7482316e-315,1.0000000000000022,0.0,0.0
1.60577226e-315,1.0000000000000022,0.0,0.0
1.47492161e-315,1.0000000000000022,0.0,0.0
1.35473367e-315,1.0000000000000022,0.0,0.0
1.244339566e-315,1.0000000000000022,0.0,0.0
1.142941223e-315,1.0000000000000022,0.0,0.0
1.049805595e-315,1.0000000000000022,0.0,0.0
9.64259374e-316,1.0000000000000022,0.0,0.0
8.85684117e-316,1.0000000000000022,0.0,0.0
8.13511773e-316,1.0000000000000022,0.0,0.0
7.47220584e-316,1.0000000000000022,0.0,0.0
6.86331317e-316,1.0000000000000022,0.0,0.0
6.30403767e-316,1.0000000000000022,0.0,0.0
5.7903363e-316,1.0000000000000022,0.0,0.0
5.31849524e-316,1.0000000000000022,0.0,0.0
4.88510337e-316,1.0000000000000022,0.0,0.0
4.48702766e-316,1.0000000000000022,0.0,0.0
4.1213902e-316,1.0000000000000022,0.0,0.0
3.7855477e-316,1.0000000000000022,0.0,0.0
3.47707216e-316,1.0000000000000022,0.0,0.0
3.1937336e-316,1.0000000000000022,0.0,0.0
2.9334837e-316,1.0000000000000022,0.0,0.0
2.6944409e-316,1.0000000000000022,0.0,0.0
2.4748772e-316,1.0000000000000022,0.0,0.0
2.2732052e-316,1.0000000000000022,0.0,0.0
2.08796697e-316,1.0000000000000022,0.0,0.0
1.91782336e-316,1.0000000000000022,0.0,0.0
1.7615444e-316,1.0000000000000022,0.0,0.0
1.6180002e-316,1.0000000000000022,0.0,0.0
1.48615317e-316,1.0000000000000022,0.0,0.0
1.36504997e-316,1.0000000000000022,0.0,0.0
1.25381524e-316,1.0000000000000022,0.0,0.0
1.15164474e-316,1.0000000000000022,0.0,0.0
1.0577999e-316,1.0000000000000022,0.0,0.0
9.7160223e-317,1.0000000000000022,0.0,0.0
8.924286e-317,1.0000000000000022,0.0,0.0
8.197067e-317,1.0000000000000022,0.0,0.0
7.529107e-317,1.0000000000000022,0.0,0.0
6.915577e-317,1.0000000000000022,0.0,0.0
6.352043e-317,1.0000000000000022,0.0,0.0
5.8344296e-317,1.0000000000000022,0.0,0.0
5.3589957e-317,1.0000000000000022,0.0,0.0
4.9223034e-317,1.0000000000000022,0.0,0.0
4.521196e-317,1.0000000000000022,0.0,0.0
4.1527744e-317,1.0000000000000022,0.0,0.0
3.8143745e-317,1.0000000000000022,0.0,0.0
3.50355e-317,1.0000000000000022,0.0,0.0
3.218054e-317,1.0000000000000022,0.0,0.0
2.9558223e-317,1.0000000000000022,0.0,0.0
2.714959e-317,1.0000000000000022,0.0,0.0
2.493723e-317,1.0000000000000022,0.0,0.0
2.2905155e-317,1.0000000000000022,0.0,0.0
2.103867e-317,1.0000000000000022,0.0,0.0
1.9324276e-317,1.0000000000000022,0.0,0.0
1.7749585e-317,1.0000000000000022,0.0,0.0
1.6303213e-317,1.0000000000000022,0.0,0.0
1.49747e-317,1.0000000000000022,0.0,0.0
1.3754447e-317,1.0000000000000022,0.0,0.0
1.263363e-317,1.0000000000000022,0.0,0.0
1.1604145e-317,1.0000000000000022,0.0,0.0
1.065855e-317,1.0000000000000022,0.0,0.0
9.79001e-318,1.0000000000000022,0.0,0.0
8.992247e-318,1.0000000000000022,0.0,0.0
8.25949e-318,1.0000000000000022,0.0,0.0
7.58644e-318,1.0000000000000022,0.0,0.0
6.96824e-318,1.0000000000000022,0.0,0.0
6.400413e-318,1.0000000000000022,0.0,0.0
5.878857e-318,1.0000000000000022,0.0,0.0
5.399806e-318,1.0000000000000022,0.0,0.0
4.959787e-318,1.0000000000000022,0.0,0.0
4.555626e-318,1.0000000000000022,0.0,0.0
4.1844e-318,1.0000000000000022,0.0,0.0
3.84342e-318,1.0000000000000022,0.0,0.0
3.530227e-318,1.0000000000000022,0.0,0.0
3.24256e-318,1.0000000000000022,0.0,0.0
2.97833e-318,1.0000000000000022,0.0,0.0
2.73563e-318,1.0000000000000022,0.0,0.0
2.512714e-318,1.0000000000000022,0.0,0.0
2.30796e-318,1.0000000000000022,0.0,0.0
2.119887e-318,1.0000000000000022,0.0,0.0
1.94714e-318,1.0000000000000022,0.0,0.0
1.788473e-318,1.0000000000000022,0.0,0.0
1.64274e-318,1.0000000000000022,0.0,0.0
1.50887e-318,1.0000000000000022,0.0,0.0
1.38592e-318,1.0000000000000022,0.0,0.0
1.272985e-318,1.0000000000000022,0.0,0.0
1.16925e-318,1.0000000000000022,0.0,0.0
1.07397e-318,1.0000000000000022,0.0,0.0
9.86456e-319,1.0000000000000022,0.0,0.0
9.0607e-319,1.0000000000000022,0.0,0.0
8.3224e-319,1.0000000000000022,0.0,0.0
7.64423e-319,1.0000000000000022,0.0,0.0
7.0213e-319,1.0000000000000022,0.0,0.0
6.44914e-319,1.0000000000000022,0.0,0.0
5.92365e-319,1.0000000000000022,0.0,0.0
5.44095e-319,1.0000000000000022,0.0,0.0
4.99757e-319,1.0000000000000022,0.0,0.0
4.5903e-319,1.0000000000000022,0.0,0.0
4.21626e-319,1.0000000000000022,0.0,0.0
3.8727e-319,1.0000000000000022,0.0,0.0
3.5571e-319,1.0000000000000022,0.0,0.0
3.26726e-319,1.0000000000000022,0.0,0.0
3.001e-319,1.0000000000000022,0.0,0.0
2.75644e-319,1.0000000000000022,0.0,0.0
2.53184e-319,1.0000000000000022,0.0,0.0
2.3255e-319,1.0000000000000022,0.0,0.0
2.13604e-319,1.0000000000000022,0.0,0.0
1.962e-319,1.0000000000000022,0.0,0.0
1.8021e-319,1.0000000000000022,0.0,0.0
1.65527e-319,1.0000000000000022,0.0,0.0
1.52034e-319,1.0000000000000022,0.0,0.0
1.3965e-319,1.0000000000000022,0.0,0.0
1.2827e-319,1.0000000000000022,0.0,0.0
1.17815e-319,1.0000000000000022,0.0,0.0
1.08215e-319,1.0000000000000022,0.0,0.0
9.9396e-320,1.0000000000000022,0.0,0.0
9.13e-320,1.0000000000000022,0.0,0.0
8.386e-320,1.0000000000000022,0.0,0.0
7.7025e-320,1.0000000000000022,0.0,0.0
7.0745e-320,1.0000000000000022,0.0,0.0
6.4984e-320,1.0000000000000022,0.0,0.0
5.969e-320,1.0000000000000022,0.0,0.0
5.482e-320,1.0000000000000022,0.0,0.0
5.0355e-320,1.0000000000000022,0.0,0.0
4.6254e-320,1.0000000000000022,0.0,0.0
4.2485e-320,1.0000000000000022,0.0,0.0
3.902e-320,1.0000000000000022,0.0,0.0
3.5844e-320,1.0000000000000022,0.0,0.0
3.292e-320,1.0000000000000022,0.0,0.0
3.0237e-320,1.0000000000000022,0.0,0.0
2.7776e-320,1.0000000000000022,0.0,0.0
2.5514e-320,1.0000000000000022,0.0,0.0
2.3434e-320,1.0000000000000022,0.0,0.0
2.152e-320,1.0000000000000022,0.0,0.0
1.977e-320,1.0000000000000022,0.0,0.0
1.8157e-320,1.0000000000000022,0.0,0.0
1.668e-320,1.0000000000000022,0.0,0.0
1.532e-320,1.0000000000000022,0.0,0.0
1.407e-320,1.0000000000000022,0.0,0.0
1.2925e-320,1.0000000000000022,0.0,0.0
1.187e-320,1.0000000000000022,0.0,0.0
1.0904e-320,1.0000000000000022,0.0,0.0
1.0015e-320,1.0000000000000022,0.0,0.0
9.2e-321,1.0000000000000022,0.0,0.0
8.45e-321,1.0000000000000022,0.0,0.0
7.76e-321,1.0000000000000022,0.0,0.0
7.13e-321,1.0000000000000022,0.0,0.0
6.546e-321,1.0000000000000022,0.0,0.0
6.013e-321,1.0000000000000022,0.0,0.0
5.524e-321,1.0000000000000022,0.0,0.0
5.074e-321,1.0000000000000022,0.0,0.0
4.66e-321,1.0000000000000022,0.0,0.0
4.28e-321,1.0000000000000022,0.0,0.0
3.933e-321,1.0000000000000022,0.0,0.0
3.61e-321,1.0000000000000022,0.0,0.0
3.315e-321,1.0000000000000022,0.0,0.0
3.05e-321,1.0000000000000022,0.0,0.0
2.796e-321,1.0000000000000022,0.0,0.0
2.57e-321,1.0000000000000022,0.0,0.0
2.36e-321,1.0000000000000022,0.0,0.0
2.17e-321,1.0000000000000022,0.0,0.0
1.99e-321,1.0000000000000022,0.0,0.0
1.83e-321,1.0000000000000022,0.0,0.0
1.68e-321,1.0000000000000022,0.0,0.0
1.54e-321,1.0000000000000022,0.0,0.0
1.42e-321,1.0000000000000022,0.0,0.0
1.304e-321,1.0000000000000022,0.0,0.0
1.196e-321,1.0000000000000022,0.0,0.0
1.097e-321,1.0000000000000022,0.0,0.0
1.01e-321,1.0000000000000022,0.0,0.0
9.3e-322,1.0000000000000022,0.0,0.0
8.5e-322,1.0000000000000022,0.0,0.0
7.8e-322,1.0000000000000022,0.0,0.0
7.16e-322,1.0000000000000022,0.0,0.0
6.6e-322,1.0000000000000022,0.0,0.0
6.1e-322,1.0000000000000022,0.0,0.0
5.6e-322,1.0000000000000022,0.0,0.0
5.1e-322,1.0000000000000022,0.0,0.0
4.7e-322,1.0000000000000022,0.0,0.0
4.3e-322,1.0000000000000022,0.0,0.0
3.95e-322,1.0000000000000022,0.0,0.0
3.66e-322,1.0000000000000022,0.0,0.0
3.36e-322,1.0000000000000022,0.0,0.0
3.06e-322,1.0000000000000022,0.0,0.0
2.8e-322,1.0000000000000022,0.0,0.0
2.57e-322,1.0000000000000022,0.0,0.0
2.37e-322,1.0000000000000022,0.0,0.0
2.17e-322,1.0000000000000022,0.0,0.0
2.03e-322,1.0000000000000022,0.0,0.0
1.83e-322,1.0000000000000022,0.0,0.0
1.7e-322,1.0000000000000022,0.0,0.0
1.53e-322,1.0000000000000022,0.0,0.0
1.43e-322,1.0000000000000022,0.0,0.0
1.33e-322,1.0000000000000022,0.0,0.0
1.2e-322,1.0000000000000022,0.0,0.0
1.1e-322,1.0000000000000022,0.0,0.0
1.04e-322,1.0000000000000022,0.0,0.0
9.4e-323,1.0000000000000022,0.0,0.0
8.4e-323,1.0000000000000022,0.0,0.0
8e-323,1.0000000000000022,0.0,0.0
7.4e-323,1.0000000000000022,0.0,0.0
6.4e-323,1.0000000000000022,0.0,0.0
6e-323,1.0000000000000022,0.0,0.0
5.4e-323,1.0000000000000022,0.0,0.0
5e-323,1.0000000000000022,0.0,0.0
5e-323,1.0000000000000022,0.0,0.0
4.4e-323,1.0000000000000022,0.0,0.0
4e-323,1.0000000000000022,0.0,0.0
3.5e-323,1.0000000000000022,0.0,0.0
3.5e-323,1.0000000000000022,0.0,0.0
3e-323,1.0000000000000022,0.0,0.0
3e-323,1.0000000000000022,0.0,0.0
2.5e-323,1.0000000000000022,0.0,0.0
2.5e-323,1.0000000000000022,0.0,0.0
2e-323,1.0000000000000022,0.0,0.0
2e-323,1.0000000000000022,0.0,0.0
2e-323,1.0000000000000022,0.0,0.0
1.5e-323,1.0000000000000022,0.0,0.0
1.5e-323,1.0000000000000022,0.0,0.0
1.5e-323,1.0000000000000022,0.0,0.0
1.5e-323,1.0000000000000022,0.0,0.0
1e-323,1.0000000000000022,0.0,0.0
1e-323,1.0000000000000022,0.0,0.0
1e-323,1.0000000000000022,0.0,0.0
1e-323,1.0000000000000022,0.0,0.0
1e-323,1.0000000000000022,0.0,0.0
1e-323,1.0000000000000022,0.0,0.0
5e-324,1.0000000000000022,0.0,0.0
5e-324,1.0000000000000022,0.0,0.0
5e-324,1.0000000000000022,0.0,0.0
5e-324,1.0000000000000022,0.0,0.0
5e-324,1.0000000000000022,0.0,0.0
5e-324,1.0000000000000022,0.0,0.0
5e-324,1.0000000000000022,0.0,0.0
5e-324,1.0000000000000022,0.0,0.0
5e-324,1.0000000000000022,0.0,0.0
5e-324,1.0000000000000022,0.0,0.0
5e-324,1.0000000000000022,0.0,0.0
5e-324,1.0000000000000022,0.0,0.0
5e-324,1.0000000000000022,0.0,0.0
0.0,1.0000000000000022,0.0,0.0
0.0,1.0000000000000022,0.0,0.0
0.0,1.0000000000000022,0.0,0.0
0.0,1.0000000000000022,0.0,0.0
0.0,1.0000000000000022,0.0,0.0
0.0,1.0000000000000022,0.0,0.0
0.0,1.0000000000000022,0.0,0.0
0.0,1.0000000000000022,0.0,0.0
0.0,1.0000000000000022,0.0,0.0
0.0,1.0000000000000022,0.0,0.0
0.0,1.0000000000000022,0.0,0.0
0.0,1.0000000000000022,0.0,0.0
0.0,1.0000000000000022,0.0,0.0
0.0,1.0000000000000022,0.0,0.0
0.0,1.0000000000000022,0.0,0.0
0.0,1.0000000000000022,0.0,0.0
0.0,1.0000000000000022,0.0,0.0
0.0,1.0000000000000022,0.0,0.0
0.0,1.0000000000000022,0.0,0.0
0.0,1.0000000000000022,0.0,0.0
0.0,1.0000000000000022,0.0,0.0
0.0,1.0000000000000022,0.0,0.0
0.0,1.0000000000000022,0.0,0.0
0.0,1.0000000000000022,0.0,0.0
0.0,1.0000000000000022,0.0,0.0
0.0,1.0000000000000022,0.0,0.0
0.0,1.0000000000000022,0.0,0.0
0.0,1.0000000000000022,0.0,0.0
0.0,1.0000000000000022,0.0,0.0
0.0,1.0000000000000022,0.0,0.0
0.0,1.0000000000000022,0.0,0.0
0.0,1.0000000000000022,0.0,0.0
0.0,1.0000000000000022,0.0,0.0
0.0,1.0000000000000022,0.0,0.0
0.0,1.0000000000000022,0.0,0.0
0.0,1.0000000000000022,0.0,0.0
0.0,1.0000000000000022,0.0,0.0
0.0,1.0000000000000022,0.0,0.0
0.0,1.0000000000000022,0.0,0.0
0.0,1.0000000000000022,0.0,0.0
0.0,1.0000000000000022,0.0,0.0
0.0,1.0000000000000022,0.0,0.0
0.0,1.0000000000000022,0.0,0.0
0.0,1.0000000000000022,0.0,0.0
0.0,1.0000000000000022,0.0,0.0
0.0,1.0000000000000022,0.0,0.0
0.0,1.0000000000000022,0.0,0.0
0.0,1.0000000000000022,0.0,0.0
0.0,1.0000000000000022,0.0,0.0
0.0,1.0000000000000022,0.0,0.0
0.0,1.0000000000000022,0.0,0.0
0.0,1.0000000000000022,0.0,0.0
0.0,1.0000000000000022,0.0,0.0
0.0,1.0000000000000022,0.0,0.0
0.0,1.0000000000000022,0.0,0.0
0.0,1.0000000000000022,0.0,0.0
0.0,1.0000000000000022,0.0,0.0
0.0,1.0000000000000022,0.0,0.0
0.0,1.0000000000000022,0.0,0.0
0.0,1.0000000000000022,0.0,0.0
0.0,1.0000000000000022,0.0,0.0
0.0,1.0000000000000022,0.0,0.0
0.0,1.0000000000000022,0.0,0.0
0.0,1.0000000000000022,0.0,0.0
0.0,1.0000000000000022,0.0,0.0
0.0,1.0000000000000022,0.0,0.0
0.0,1.0000000000000022,0.0,0.0
0.0,1.0000000000000022,0.0,0.0
0.0,1.0000000000000022,0.0,0.0
0.0,1.0000000000000022,0.0,0.0
0.0,1.0000000000000022,0.0,0.0
0.0,1.0000000000000022,0.0,0.0
0.0,1.0000000000000022,0.0,0.0
0.0,1.0000000000000022,0.0,0.0
0.0,1.0000000000000022,0.0,0.0
0.0,1.0000000000000022,0.0,0.0
0.0,1.0000000000000022,0.0,0.0
0.0,1.0000000000000022,0.0,0.0
0.0,1.0000000000000022,0.0,0.0
0.0,1.0000000000000022,0.0,0.0
0.0,1.0000000000000022,0.0,0.0
0.0,1.0000000000000022,0.0,0.0
0.0,1.0000000000000022,0.0,0.0
0.0,1.0000000000000022,0.0,0.0
0.0,1.0000000000000022,0.0,0.0
0.0,1.0000000000000022,0.0,0.0
0.0,1.0000000000000022,0.0,0.0
0.0,1.0000000000000022,0.0,0.0
0.0,1.0000000000000022,0.0,0.0
0.0,1.0000000000000022,0.0,0.0
0.0,1.0000000000000022,0.0,0.0
0.0,1.0000000000000022,0.0,0.0
0.0,1.0000000000000022,0.0,0.0
0.0,1.0000000000000022,0.0,0.0
0.0,1.0000000000000022,0.0,0.0
0.0,1.0000000000000022,0.0,0.0
0.0,1.0000000000000022,0.0,0.0
0.0,1.0000000000000022,0.0,0.0
0.0,1.0000000000000022,0.0,0.0
0.0,1.0000000000000022,0.0,0.0
0.0,1.0000000000000022,0.0,0.0
0.0,1.0000000000000022,0.0,0.0
0.0,1.0000000000000022,0.0,0.0
0.0,1.0000000000000022,0.0,0.0
0.0,1.0000000000000022,0.0,0.0
0.0,1.0000000000000022,0.0,0.0
0.0,1.0000000000000022,0.0,0.0
0.0,1.0000000000000022,0.0,0.0
0.0,1.0000000000000022,0.0,0.0
0.0,1.0000000000000022,0.0,0.0
0.0,1.0000000000000022,0.0,0.0
0.0,1.0000000000000022,0.0,0.0
0.0,1.0000000000000022,0.0,0.0
0.0,1.0000000000000022,0.0,0.0
0.0,1.0000000000000022,0.0,0.0
0.0,1.0000000000000022,0.0,0.0
0.0,1.0000000000000022,0.0,0.0
0.0,1.0000000000000022,0.0,0.0
0.0,1.0000000000000022,0.0,0.0
0.0,1.0000000000000022,0.0,0.0
0.0,1.0000000000000022,0.0,0.0
0.0,1.0000000000000022,0.0,0.0
0.0,1.0000000000000022,0.0,0.0
0.0,1.0000000000000022,0.0,0.0
0.0,1.0000000000000022,0.0,0.0
0.0,1.0000000000000022,0.0,0.0
0.0,1.0000000000000022,0.0,0.0
0.0,1.0000000000000022,0.0,0.0
0.0,1.0000000000000022,0.0,0.0
0.0,1.0000000000000022,0.0,0.0
0.0,1.0000000000000022,0.0,0.0
0.0,1.0000000000000022,0.0,0.0
0.0,1.0000000000000022,0.0,0.0
0.0,1.0000000000000022,0.0,0.0
0.0,1.0000000000000022,0.0,0.0
0.0,1.0000000000000022,0.0,0.0
0.0,1.0000000000000022,0.0,0.0
0.0,1.0000000000000022,0.0,0.0
0.0,1.0000000000000022,0.0,0.0
0.0,1.0000000000000022,0.0,0.0
0.0,1.0000000000000022,0.0,0.0
0.0,1.0000000000000022,0.0,0.0
0.0,1.0000000000000022,0.0,0.0
0.0,1.0000000000000022,0.0,0.0
0.0,1.0000000000000022,0.0,0.0
0.0,1.0000000000000022,0.0,0.0
0.0,1.0000000000000022,0.0,0.0
0.0,1.0000000000000022,0.0,0.0
0.0,1.0000000000000022,0.0,0.0
0.0,1.0000000000000022,0.0,0.0
0.0,1.0000000000000022,0.0,0.0
0.0,1.0000000000000022,0.0,0.0
0.0,1.0000000000000022,0.0,0.0
0.0,1.0000000000000022,0.0,0.0
0.0,1.0000000000000022,0.0,0.0
0.0,1.0000000000000022,0.0,0.0
0.0,1.0000000000000022,0.0,0.0
0.0,1.0000000000000022,0.0,0.0
0.0,1.0000000000000022,0.0,0.0
0.0,1.0000000000000022,0.0,0.0
0.0,1.0000000000000022,0.0,0.0
0.0,1.0000000000000022,0.0,0.0
0.0,1.0000000000000022,0.0,0.0
0.0,1.0000000000000022,0.0,0.0
0.0,1.0000000000000022,0.0,0.0
0.0,1.0000000000000022,0.0,0.0
0.0,1.0000000000000022,0.0,0.0
0.0,1.0000000000000022,0.0,0.0
0.0,1.0000000000000022,0.0,0.0
0.0,1.0000000000000022,0.0,0.0
0.0,1.0000000000000022,0.0,0.0
0.0,1.0000000000000022,0.0,0.0
0.0,1.0000000000000022,0.0,0.0
0.0,1.0000000000000022,0.0,0.0
0.0,1.0000000000000022,0.0,0.0
0.0,1.0000000000000022,0.0,0.0
0.0,1.0000000000000022,0.0,0.0
0.0,1.0000000000000022,0.0,0.0
0.0,1.0000000000000022,0.0,0.0
0.0,1.0000000000000022,0.0,0.0
0.0,1.0000000000000022,0.0,0.0
0.0,1.0000000000000022,0.0,0.0
0.0,1.0000000000000022,0.0,0.0
0.0,1.0000000000000022,0.0,0.0
0.0,1.0000000000000022,0.0,0.0
0.0,1.0000000000000022,0.0,0.0
0.0,1.0000000000000022,0.0,0.0
0.0,1.0000000000000022,0.0,0.0
0.0,1.0000000000000022,0.0,0.0
0.0,1.0000000000000022,0.0,0.0
0.0,1.0000000000000022,0.0,0.0
0.0,1.0000000000000022,0.0,0.0
0.0,1.0000000000000022,0.0,0.0
0.0,1.0000000000000022,0.0,0.0
0.0,1.0000000000000022,0.0,0.0
0.0,1.0000000000000022,0.0,0.0
0.0,1.0000000000000022,0.0,0.0
0.0,1.0000000000000022,0.0,0.0
0.0,1.0000000000000022,0.0,0.0
0.0,1.0000000000000022,0.0,0.0
0.0,1.0000000000000022,0.0,0.0
0.0,1.0000000000000022,0.0,0.0
0.0,1.0000000000000022,0.0,0.0
0.0,1.0000000000000022,0.0,0.0
0.0,1.0000000000000022,0.0,0.0
0.0,1.0000000000000022,0.0,0.0
0.0,1.0000000000000022,0.0,0.0
0.0,1.0000000000000022,0.0,0.0
0.0,1.0000000000000022,0.0,0.0
0.0,1.0000000000000022,0.0,0.0
0.0,1.0000000000000022,0.0,0.0
0.0,1.0000000000000022,0.0,0.0
0.0,1.0000000000000022,0.0,0.0
0.0,1.0000000000000022,0.0,0.0
0.0,1.0000000000000022,0.0,0.0
0.0,1.0000000000000022,0.0,0.0
0.0,1.0000000000000022,0.0,0.0
0.0,1.0000000000000022,0.0,0.0
0.0,1.0000000000000022,0.0,0.0
0.0,1.0000000000000022,0.0,0.0
0.0,1.0000000000000022,0.0,0.0
0.0,1.0000000000000022,0.0,0.0
0.0,1.0000000000000022,0.0,0.0
0.0,1.0000000000000022,0.0,0.0
0.0,1.0000000000000022,0.0,0.0
0.0,1.0000000000000022,0.0,0.0
0.0,1.0000000000000022,0.0,0.0
0.0,1.0000000000000022,0.0,0.0
0.0,1.0000000000000022,0.0,0.0
0.0,1.0000000000000022,0.0,0.0
0.0,1.0000000000000022,0.0,0.0
0.0,1.0000000000000022,0.0,0.0
0.0,1.0000000000000022,0.0,0.0
0.0,1.0000000000000022,0.0,0.0
0.0,1.0000000000000022,0.0,0.0
0.0,1.0000000000000022,0.0,0.0
0.0,1.0000000000000022,0.0,0.0
0.0,1.0000000000000022,0.0,0.0
0.0,1.0000000000000022,0.0,0.0
0.0,1.0000000000000022,0.0,0.0
0.0,1.0000000000000022,0.0,0.0
0.0,1.0000000000000022,0.0,0.0
0.0,1.0000000000000022,0.0,0.0
0.0,1.0000000000000022,0.0,0.0
0.0,1.0000000000000022,0.0,0.0
0.0,1.0000000000000022,0.0,0.0
0.0,1.0000000000000022,0.0,0.0
0.0,1.0000000000000022,0.0,0.0
0.0,1.0000000000000022,0.0,0.0
0.0,1.0000000000000022,0.0,0.0
0.0,1.0000000000000022,0.0,0.0
0.0,1.0000000000000022,0.0,0.0
0.0,1.0000000000000022,0.0,0.0
0.0,1.0000000000000022,0.0,0.0
0.0,1.0000000000000022,0.0,0.0
0.0,1.0000000000000022,0.0,0.0
0.0,1.0000000000000022,0.0,0.0
0.0,1.0000000000000022,0.0,0.0
0.0,1.0000000000000022,0.0,0.0
0.0,1.0000000000000022,0.0,0.0
0.0,1.0000000000000022,0.0,0.0
0.0,1.0000000000000022,0.0,0.0
0.0,1.0000000000000022,0.0,0.0
0.0,1.0000000000000022,0.0,0.0
0.0,1.0000000000000022,0.0,0.0
0.0,1.0000000000000022,0.0,0.0
0.0,1.0000000000000022,0.0,0.0
0.0,1.0000000000000022,0.0,0.0
0.0,1.0000000000000022,0.0,0.0
0.0,1.0000000000000022,0.0,0.0
0.0,1.0000000000000022,0.0,0.0
0.0,1.0000000000000022,0.0,0.0
0.0,1.0000000000000022,0.0,0.0
0.0,1.0000000000000022,0.0,0.0
0.0,1.0000000000000022,0.0,0.0
0.0,1.0000000000000022,0.0,0.0
0.0,1.0000000000000022,0.0,0.0
0.0,1.0000000000000022,0.0,0.0
0.0,1.0000000000000022,0.0,0.0
0.0,1.0000000000000022,0.0,0.0
0.0,1.0000000000000022,0.0,0.0
0.0,1.0000000000000022,0.0,0.0
0.0,1.0000000000000022,0.0,0.0
0.0,1.0000000000000022,0.0,0.0
0.0,1.0000000000000022,0.0,0.0
0.0,1.0000000000000022,0.0,0.0
0.0,1.0000000000000022,0.0,0.0
0.0,1.0000000000000022,0.0,0.0
0.0,1.0000000000000022,0.0,0.0
0.0,1.0000000000000022,0.0,0.0
0.0,1.0000000000000022,0.0,0.0
0.0,1.0000000000000022,0.0,0.0
0.0,1.0000000000000022,0.0,0.0
0.0,1.0000000000000022,0.0,0.0
0.0,1.0000000000000022,0.0,0.0
0.0,1.0000000000000022,0.0,0.0
0.0,1.0000000000000022,0.0,0.0
0.0,1.0000000000000022,0.0,0.0
0.0,1.0000000000000022,0.0,0.0
0.0,1.0000000000000022,0.0,0.0
0.0,1.0000000000000022,0.0,0.0
0.0,1.0000000000000022,0.0,0.0
0.0,1.0000000000000022,0.0,0.0
0.0,1.0000000000000022,0.0,0.0
0.0,1.0000000000000022,0.0,0.0
0.0,1.0000000000000022,0.0,0.0
0.0,1.0000000000000022,0.0,0.0
0.0,1.0000000000000022,0.0,0.0
0.0,1.0000000000000022,0.0,0.0
0.0,1.0000000000000022,0.0,0.0
0.0,1.0000000000000022,0.0,0.0
0.0,1.0000000000000022,0.0,0.0
0.0,1.0000000000000022,0.0,0.0
0.0,1.0000000000000022,0.0,0.0
0.0,1.0000000000000022,0.0,0.0
0.0,1.0000000000000022,0.0,0.0
0.0,1.0000000000000022,0.0,0.0
0.0,1.0000000000000022,0.0,0.0
0.0,1.0000000000000022,0.0,0.0
0.0,1.0000000000000022,0.0,0.0
0.0,1.0000000000000022,0.0,0.0
0.0,1.0000000000000022,0.0,0.0
0.0,1.0000000000000022,0.0,0.0
0.0,1.0000000000000022,0.0,0.0
0.0,1.0000000000000022,0.0,0.0
0.0,1.0000000000000022,0.0,0.0
0.0,1.0000000000000022,0.0,0.0
0.0,1.0000000000000022,0.0,0.0
0.0,1.0000000000000022,0.0,0.0
0.0,1.0000000000000022,0.0,0.0
0.0,1.0000000000000022,0.0,0.0
0.0,1.0000000000000022,0.0,0.0
0.0,1.0000000000000022,0.0,0.0
0.0,1.0000000000000022,0.0,0.0
0.0,1.0000000000000022,0.0,0.0
0.0,1.0000000000000022,0.0,0.0
0.0,1.0000000000000022,0.0,0.0
0.0,1.0000000000000022,0.0,0.0
0.0,1.0000000000000022,0.0,0.0
0.0,1.0000000000000022,0.0,0.0
0.0,1.0000000000000022,0.0,0.0
0.0,1.0000000000000022,0.0,0.0
0.0,1.0000000000000022,0.0,0.0
0.0,1.0000000000000022,0.0,0.0
0.0,1.0000000000000022,0.0,0.0
0.0,1.0000000000000022,0.0,0.0
0.0,1.0000000000000022,0.0,0.0
0.0,1.0000000000000022,0.0,0.0
0.0,1.0000000000000022,0.0,0.0
0.0,1.0000000000000022,0.0,0.0
0.0,1.0000000000000022,0.0,0.0
0.0,1.0000000000000022,0.0,0.0
0.0,1.0000000000000022,0.0,0.0
0.0,1.0000000000000022,0.0,0.0
0.0,1.0000000000000022,0.0,0.0
0.0,1.0000000000000022,0.0,0.0
0.0,1.0000000000000022,0.0,0.0
0.0,1.0000000000000022,0.0,0.0
0.0,1.0000000000000022,0.0,0.0
0.0,1.0000000000000022,0.0,0.0
0.0,1.0000000000000022,0.0,0.0
0.0,1.0000000000000022,0.0,0.0
0.0,1.0000000000000022,0.0,0.0
0.0,1.0000000000000022,0.0,0.0
0.0,1.0000000000000022,0.0,0.0
0.0,1.0000000000000022,0.0,0.0
0.0,1.0000000000000022,0.0,0.0
0.0,1.0000000000000022,0.0,0.0
0.0,1.0000000000000022,0.0,0.0
0.0,1.0000000000000022,0.0,0.0
0.0,1.0000000000000022,0.0,0.0
0.0,1.0000000000000022,0.0,0.0
0.0,1.0000000000000022,0.0,0.0
0.0,1.0000000000000022,0.0,0.0
0.0,1.0000000000000022,0.0,0.0
0.0,1.0000000000000022,0.0,0.0
0.0,1.0000000000000022,0.0,0.0
0.0,1.0000000000000022,0.0,0.0
0.0,1.0000000000000022,0.0,0.0
0.0,1.0000000000000022,0.0,0.0
0.0,1.0000000000000022,0.0,0.0
0.0,1.0000000000000022,0.0,0.0
0.0,1.0000000000000022,0.0,0.0
0.0,1.0000000000000022,0.0,0.0
0.0,1.0000000000000022,0.0,0.0
0.0,1.0000000000000022,0.0,0.0
0.0,1.0000000000000022,0.0,0.0
0.0,1.0000000000000022,0.0,0.0
0.0,1.0000000000000022,0.0,0.0
0.0,1.0000000000000022,0.0,0.0
0.0,1.0000000000000022,0.0,0.0
0.0,1.0000000000000022,0.0,0.0
0.0,1.0000000000000022,0.0,0.0
0.0,1.0000000000000022,0.0,0.0
0.0,1.0000000000000022,0.0,0.0
0.0,1.0000000000000022,0.0,0.0
0.0,1.0000000000000022,0.0,0.0
0.0,1.0000000000000022,0.0,0.0
0.0,1.0000000000000022,0.0,0.0
0.0,1.0000000000000022,0.0,0.0
0.0,1.0000000000000022,0.0,0.0
0.0,1.0000000000000022,0.0,0.0
0.0,1.0000000000000022,0.0,0.0
0.0,1.0000000000000022,0.0,0.0
0.0,1.0000000000000022,0.0,0.0
0.0,1.0000000000000022,0.0,0.0
0.0,1.0000000000000022,0.0,0.0
0.0,1.0000000000000022,0.0,0.0
0.0,1.0000000000000022,0.0,0.0
0.0,1.0000000000000022,0.0,0.0
0.0,1.0000000000000022,0.0,0.0
0.0,1.0000000000000022,0.0,0.0
0.0,1.0000000000000022,0.0,0.0
0.0,1.0000000000000022,0.0,0.0
0.0,1.0000000000000022,0.0,0.0
0.0,1.0000000000000022,0.0,0.0
0.0,1.0000000000000022,0.0,0.0
0.0,1.0000000000000022,0.0,0.0
0.0,1.0000000000000022,0.0,0.0
0.0,1.0000000000000022,0.0,0.0
0.0,1.0000000000000022,0.0,0.0
0.0,1.0000000000000022,0.0,0.0
0.0,1.0000000000000022,0.0,0.0
0.0,1.0000000000000022,0.0,0.0
0.0,1.0000000000000022,0.0,0.0
0.0,1.0000000000000022,0.0,0.0
0.0,1.0000000000000022,0.0,0.0
0.0,1.0000000000000022,0.0,0.0
0.0,1.0000000000000022,0.0,0.0
0.0,1.0000000000000022,0.0,0.0
0.0,1.0000000000000022,0.0,0.0
0.0,1.0000000000000022,0.0,0.0
0.0,1.0000000000000022,0.0,0.0
0.0,1.0000000000000022,0.0,0.0
0.0,1.0000000000000022,0.0,0.0
0.0,1.0000000000000022,0.0,0.0
0.0,1.0000000000000022,0.0,0.0
0.0,1.0000000000000022,0.0,0.0
0.0,1.0000000000000022,0.0,0.0
0.0,1.0000000000000022,0.0,0.0
0.0,1.0000000000000022,0.0,0.0
0.0,1.0000000000000022,0.0,0.0
0.0,1.0000000000000022,0.0,0.0
0.0,1.0000000000000022,0.0,0.0
0.0,1.0000000000000022,0.0,0.0
0.0,1.0000000000000022,0.0,0.0
0.0,1.0000000000000022,0.0,0.0
0.0,1.0000000000000022,0.0,0.0
0.0,1.0000000000000022,0.0,0.0
0.0,1.0000000000000022,0.0,0.0
0.0,1.0000000000000022,0.0,0.0
0.0,1.0000000000000022,0.0,0.0
0.0,1.0000000000000022,0.0,0.0
0.0,1.0000000000000022,0.0,0.0
0.0,1.0000000000000022,0.0,0.0
0.0,1.0000000000000022,0.0,0.0
0.0,1.0000000000000022,0.0,0.0
0.0,1.0000000000000022,0.0,0.0
0.0,1.0000000000000022,0.0,0.0
0.0,1.0000000000000022,0.0,0.0
0.0,1.0000000000000022,0.0,0.0
0.0,1.0000000000000022,0.0,0.0
0.0,1.0000000000000022,0.0,0.0
0.0,1.0000000000000022,0.0,0.0
0.0,1.0000000000000022,0.0,0.0
0.0,1.0000000000000022,0.0,0.0
0.0,1.0000000000000022,0.0,0.0
0.0,1.0000000000000022,0.0,0.0
0.0,1.0000000000000022,0.0,0.0
0.0,1.0000000000000022,0.0,0.0
0.0,1.0000000000000022,0.0,0.0
0.0,1.0000000000000022,0.0,0.0
0.0,1.0000000000000022,0.0,0.0
0.0,1.0000000000000022,0.0,0.0
0.0,1.0000000000000022,0.0,0.0
0.0,1.0000000000000022,0.0,0.0
0.0,1.0000000000000022,0.0,0.0
0.0,1.0000000000000022,0.0,0.0
0.0,1.0000000000000022,0.0,0.0
0.0,1.0000000000000022,0.0,0.0
0.0,1.0000000000000022,0.0,0.0
0.0,1.0000000000000022,0.0,0.0
0.0,1.0000000000000022,0.0,0.0
0.0,1.0000000000000022,0.0,0.0
0.0,1.0000000000000022,0.0,0.0
0.0,1.0000000000000022,0.0,0.0
0.0,1.0000000000000022,0.0,0.0
0.0,1.0000000000000022,0.0,0.0
0.0,1.0000000000000022,0.0,0.0
0.0,1.0000000000000022,0.0,0.0
0.0,1.0000000000000022,0.0,0.0
0.0,1.0000000000000022,0.0,0.0
0.0,1.0000000000000022,0.0,0.0
0.0,1.0000000000000022,0.0,0.0
0.0,1.0000000000000022,0.0,0.0
0.0,1.0000000000000022,0.0,0.0
0.0,1.0000000000000022,0.0,0.0
0.0,1.0000000000000022,0.0,0.0
0.0,1.0000000000000022,0.0,0.0
0.0,1.0000000000000022,0.0,0.0
0.0,1.0000000000000022,0.0,0.0
0.0,1.0000000000000022,0.0,0.0
0.0,1.0000000000000022,0.0,0.0
0.0,1.0000000000000022,0.0,0.0
0.0,1.0000000000000022,0.0,0.0
0.0,1.0000000000000022,0.0,0.0
0.0,1.0000000000000022,0.0,0.0
0.0,1.0000000000000022,0.0,0.0
0.0,1.0000000000000022,0.0,0.0
0.0,1.0000000000000022,0.0,0.0
0.0,1.0000000000000022,0.0,0.0
0.0,1.0000000000000022,0.0,0.0
0.0,1.0000000000000022,0.0,0.0
0.0,1.0000000000000022,0.0,0.0
0.0,1.0000000000000022,0.0,0.0
0.0,1.0000000000000022,0.0,0.0
0.0,1.0000000000000022,0.0,0.0
0.0,1.0000000000000022,0.0,0.0
0.0,1.0000000000000022,0.0,0.0
0.0,1.0000000000000022,0.0,0.0
0.0,1.0000000000000022,0.0,0.0
0.0,1.0000000000000022,0.0,0.0
0.0,1.0000000000000022,0.0,0.0
0.0,1.0000000000000022,0.0,0.0
0.0,1.0000000000000022,0.0,0.0
0.0,1.0000000000000022,0.0,0.0
0.0,1.0000000000000022,0.0,0.0
0.0,1.0000000000000022,0.0,0.0
0.0,1.0000000000000022,0.0,0.0
0.0,1.0000000000000022,0.0,0.0
0.0,1.0000000000000022,0.0,0.0
0.0,1.0000000000000022,0.0,0.0
0.0,1.0000000000000022,0.0,0.0
0.0,1.0000000000000022,0.0,0.0
0.0,1.0000000000000022,0.0,0.0
0.0,1.0000000000000022,0.0,0.0
0.0,1.0000000000000022,0.0,0.0
0.0,1.0000000000000022,0.0,0.0
0.0,1.0000000000000022,0.0,0.0
0.0,1.0000000000000022,0.0,0.0
0.0,1.0000000000000022,0.0,0.0
0.0,1.0000000000000022,0.0,0.0
0.0,1.0000000000000022,0.0,0.0
0.0,1.0000000000000022,0.0,0.0
0.0,1.0000000000000022,0.0,0.0
0.0,1.0000000000000022,0.0,0.0
0.0,1.0000000000000022,0.0,0.0
0.0,1.0000000000000022,0.0,0.0
0.0,1.0000000000000022,0.0,0.0
0.0,1.0000000000000022,0.0,0.0
0.0,1.0000000000000022,0.0,0.0
0.0,1.0000000000000022,0.0,0.0
0.0,1.0000000000000022,0.0,0.0
0.0,1.0000000000000022,0.0,0.0
0.0,1.0000000000000022,0.0,0.0
0.0,1.0000000000000022,0.0,0.0
0.0,1.0000000000000022,0.0,0.0
0.0,1.0000000000000022,0.0,0.0
0.0,1.0000000000000022,0.0,0.0
0.0,1.0000000000000022,0.0,0.0
0.0,1.0000000000000022,0.0,0.0
0.0,1.0000000000000022,0.0,0.0
0.0,1.0000000000000022,0.0,0.0
0.0,1.0000000000000022,0.0,0.0
0.0,1.0000000000000022,0.0,0.0
0.0,1.0000000000000022,0.0,0.0
0.0,1.0000000000000022,0.0,0.0
0.0,1.0000000000000022,0.0,0.0
0.0,1.0000000000000022,0.0,0.0
0.0,1.0000000000000022,0.0,0.0
0.0,1.0000000000000022,0.0,0.0
0.0,1.0000000000000022,0.0,0.0
0.0,1.0000000000000022,0.0,0.0
0.0,1.0000000000000022,0.0,0.0
0.0,1.0000000000000022,0.0,0.0
0.0,1.0000000000000022,0.0,0.0
0.0,1.0000000000000022,0.0,0.0
0.0,1.0000000000000022,0.0,0.0
0.0,1.0000000000000022,0.0,0.0
0.0,1.0000000000000022,0.0,0.0
0.0,1.0000000000000022,0.0,0.0
0.0,1.0000000000000022,0.0,0.0
0.0,1.0000000000000022,0.0,0.0
0.0,1.0000000000000022,0.0,0.0
0.0,1.0000000000000022,0.0,0.0
0.0,1.0000000000000022,0.0,0.0
0.0,1.0000000000000022,0.0,0.0
0.0,1.0000000000000022,0.0,0.0
0.0,1.0000000000000022,0.0,0.0
0.0,1.0000000000000022,0.0,0.0
0.0,1.0000000000000022,0.0,0.0
0.0,1.0000000000000022,0.0,0.0
0.0,1.0000000000000022,0.0,0.0
0.0,1.0000000000000022,0.0,0.0
0.0,1.0000000000000022,0.0,0.0
0.0,1.0000000000000022,0.0,0.0
0.0,1.0000000000000022,0.0,0.0
0.0,1.0000000000000022,0.0,0.0
0.0,1.0000000000000022,0.0,0.0
0.0,1.0000000000000022,0.0,0.0
0.0,1.0000000000000022,0.0,0.0
0.0,1.0000000000000022,0.0,0.0
0.0,1.0000000000000022,0.0,0.0
0.0,1.0000000000000022,0.0,0.0
0.0,1.0000000000000022,0.0,0.0
0.0,1.0000000000000022,0.0,0.0
0.0,1.0000000000000022,0.0,0.0
0.0,1.0000000000000022,0.0,0.0
0.0,1.0000000000000022,0.0,0.0
0.0,1.0000000000000022,0.0,0.0
0.0,1.0000000000000022,0.0,0.0
0.0,1.0000000000000022,0.0,0.0
0.0,1.0000000000000022,0.0,0.0
0.0,1.0000000000000022,0.0,0.0
0.0,1.0000000000000022,0.0,0.0
0.0,1.0000000000000022,0.0,0.0
0.0,1.0000000000000022,0.0,0.0
0.0,1.0000000000000022,0.0,0.0
0.0,1.0000000000000022,0.0,0.0
0.0,1.0000000000000022,0.0,0.0
0.0,1.0000000000000022,0.0,0.0
0.0,1.0000000000000022,0.0,0.0
0.0,1.0000000000000022,0.0,0.0
0.0,1.0000000000000022,0.0,0.0
0.0,1.0000000000000022,0.0,0.0
0.0,1.0000000000000022,0.0,0.0
0.0,1.0000000000000022,0.0,0.0
0.0,1.0000000000000022,0.0,0.0
0.0,1.0000000000000022,0.0,0.0
0.0,1.0000000000000022,0.0,0.0
0.0,1.0000000000000022,0.0,0.0
0.0,1.0000000000000022,0.0,0.0
0.0,1.0000000000000022,0.0,0.0
0.0,1.0000000000000022,0.0,0.0
0.0,1.0000000000000022,0.0,0.0
0.0,1.0000000000000022,0.0,0.0
0.0,1.0000000000000022,0.0,0.0
0.0,1.0000000000000022,0.0,0.0
0.0,1.0000000000000022,0.0,0.0
0.0,1.0000000000000022,0.0,0.0
0.0,1.0000000000000022,0.0,0.0
0.0,1.0000000000000022,0.0,0.0
0.0,1.0000000000000022,0.0,0.0
0.0,1.0000000000000022,0.0,0.0
0.0,1.0000000000000022,0.0,0.0
0.0,1.0000000000000022,0.0,0.0
0.0,1.0000000000000022,0.0,0.0
0.0,1.0000000000000022,0.0,0.0
0.0,1.0000000000000022,0.0,0.0
0.0,1.0000000000000022,0.0,0.0
0.0,1.0000000000000022,0.0,0.0
0.0,1.0000000000000022,0.0,0.0
0.0,1.0000000000000022,0.0,0.0
0.0,1.0000000000000022,0.0,0.0
0.0,1.0000000000000022,0.0,0.0
0.0,1.0000000000000022,0.0,0.0
0.0,1.0000000000000022,0.0,0.0
0.0,1.0000000000000022,0.0,0.0
0.0,1.0000000000000022,0.0,0.0
0.0,1.0000000000000022,0.0,0.0
0.0,1.0000000000000022,0.0,0.0
0.0,1.0000000000000022,0.0,0.0
0.0,1.0000000000000022,0.0,0.0
0.0,1.0000000000000022,0.0,0.0
0.0,1.0000000000000022,0.0,0.0
0.0,1.0000000000000022,0.0,0.0
0.0,1.0000000000000022,0.0,0.0
0.0,1.0000000000000022,0.0,0.0
0.0,1.0000000000000022,0.0,0.0
0.0,1.0000000000000022,0.0,0.0
0.0,1.0000000000000022,0.0,0.0
0.0,1.0000000000000022,0.0,0.0
0.0,1.0000000000000022,0.0,0.0
0.0,1.0000000000000022,0.0,0.0
0.0,1.0000000000000022,0.0,0.0
0.0,1.0000000000000022,0.0,0.0
0.0,1.0000000000000022,0.0,0.0
0.0,1.0000000000000022,0.0,0.0
0.0,1.0000000000000022,0.0,0.0
0.0,1.0000000000000022,0.0,0.0
0.0,1.0000000000000022,0.0,0.0
0.0,1.0000000000000022,0.0,0.0
0.0,1.0000000000000022,0.0,0.0
0.0,1.0000000000000022,0.0,0.0
0.0,1.0000000000000022,0.0,0.0
0.0,1.0000000000000022,0.0,0.0
0.0,1.0000000000000022,0.0,0.0
0.0,1.0000000000000022,0.0,0.0
0.0,1.0000000000000022,0.0,0.0
0.0,1.0000000000000022,0.0,0.0
0.0,1.0000000000000022,0.0,0.0
0.0,1.0000000000000022,0.0,0.0
0.0,1.0000000000000022,0.0,0.0
0.0,1.0000000000000022,0.0,0.0
0.0,1.0000000000000022,0.0,0.0
0.0,1.0000000000000022,0.0,0.0
0.0,1.0000000000000022,0.0,0.0
0.0,1.0000000000000022,0.0,0.0
0.0,1.0000000000000022,0.0,0.0
0.0,1.0000000000000022,0.0,0.0
0.0,1.0000000000000022,0.0,0.0
0.0,1.0000000000000022,0.0,0.0
0.0,1.0000000000000022,0.0,0.0
0.0,1.0000000000000022,0.0,0.0
0.0,1.0000000000000022,0.0,0.0
0.0,1.0000000000000022,0.0,0.0
0.0,1.0000000000000022,0.0,0.0
0.0,1.0000000000000022,0.0,0.0
0.0,1.0000000000000022,0.0,0.0
0.0,1.0000000000000022,0.0,0.0
0.0,1.0000000000000022,0.0,0.0
0.0,1.0000000000000022,0.0,0.0
0.0,1.0000000000000022,0.0,0.0
0.0,1.0000000000000022,0.0,0.0
0.0,1.0000000000000022,0.0,0.0
0.0,1.0000000000000022,0.0,0.0
0.0,1.0000000000000022,0.0,0.0
0.0,1.0000000000000022,0.0,0.0
0.0,1.0000000000000022,0.0,0.0
0.0,1.0000000000000022,0.0,0.0
0.0,1.0000000000000022,0.0,0.0
0.0,1.0000000000000022,0.0,0.0
0.0,1.0000000000000022,0.0,0.0
0.0,1.0000000000000022,0.0,0.0
0.0,1.0000000000000022,0.0,0.0
0.0,1.0000000000000022,0.0,0.0
0.0,1.0000000000000022,0.0,0.0
0.0,1.0000000000000022,0.0,0.0
0.0,1.0000000000000022,0.0,0.0
0.0,1.0000000000000022,0.0,0.0
0.0,1.0000000000000022,0.0,0.0
0.0,1.0000000000000022,0.0,0.0
0.0,1.0000000000000022,0.0,0.0
0.0,1.0000000000000022,0.0,0.0
0.0,1.0000000000000022,0.0,0.0
0.0,1.0000000000000022,0.0,0.0
0.0,1.0000000000000022,0.0,0.0
0.0,1.0000000000000022,0.0,0.0
0.0,1.0000000000000022,0.0,0.0
0.0,1.0000000000000022,0.0,0.0
0.0,1.0000000000000022,0.0,0.0
0.0,1.0000000000000022,0.0,0.0
0.0,1.0000000000000022,0.0,0.0
0.0,1.0000000000000022,0.0,0.0
0.0,1.0000000000000022,0.0,0.0
0.0,1.0000000000000022,0.0,0.0
0.0,1.0000000000000022,0.0,0.0
0.0,1.0000000000000022,0.0,0.0
0.0,1.0000000000000022,0.0,0.0
0.0,1.0000000000000022,0.0,0.0
0.0,1.0000000000000022,0.0,0.0
0.0,1.0000000000000022,0.0,0.0
0.0,1.0000000000000022,0.0,0.0
0.0,1.0000000000000022,0.0,0.0
0.0,1.0000000000000022,0.0,0.0
0.0,1.0000000000000022,0.0,0.0
0.0,1.0000000000000022,0.0,0.0
0.0,1.0000000000000022,0.0,0.0
0.0,1.0000000000000022,0.0,0.0
0.0,1.0000000000000022,0.0,0.0
0.0,1.0000000000000022,0.0,0.0
0.0,1.0000000000000022,0.0,0.0
0.0,1.0000000000000022,0.0,0.0
0.0,1.0000000000000022,0.0,0.0
0.0,1.0000000000000022,0.0,0.0
0.0,1.0000000000000022,0.0,0.0
0.0,1.0000000000000022,0.0,0.0
0.0,1.0000000000000022,0.0,0.0
0.0,1.0000000000000022,0.0,0.0
0.0,1.0000000000000022,0.0,0.0
0.0,1.0000000000000022,0.0,0.0
0.0,1.0000000000000022,0.0,0.0
0.0,1.0000000000000022,0.0,0.0
0.0,1.0000000000000022,0.0,0.0
0.0,1.0000000000000022,0.0,0.0
0.0,1.0000000000000022,0.0,0.0
0.0,1.0000000000000022,0.0,0.0
0.0,1.0000000000000022,0.0,0.0
0.0,1.0000000000000022,0.0,0.0
0.0,1.0000000000000022,0.0,0.0
0.0,1.0000000000000022,0.0,0.0
0.0,1.0000000000000022,0.0,0.0
0.0,1.0000000000000022,0.0,0.0
0.0,1.0000000000000022,0.0,0.0
0.0,1.0000000000000022,0.0,0.0
0.0,1.0000000000000022,0.0,0.0
0.0,1.0000000000000022,0.0,0.0
0.0,1.0000000000000022,0.0,0.0
0.0,1.0000000000000022,0.0,0.0
0.0,1.0000000000000022,0.0,0.0
0.0,1.0000000000000022,0.0,0.0
0.0,1.0000000000000022,0.0,0.0
0.0,1.0000000000000022,0.0,0.0
0.0,1.0000000000000022,0.0,0.0
0.0,1.0000000000000022,0.0,0.0
0.0,1.0000000000000022,0.0,0.0
0.0,1.0000000000000022,0.0,0.0
0.0,1.0000000000000022,0.0,0.0
0.0,1.0000000000000022,0.0,0.0
0.0,1.0000000000000022,0.0,0.0
0.0,1.0000000000000022,0.0,0.0
0.0,1.0000000000000022,0.0,0.0
0.0,1.0000000000000022,0.0,0.0
0.0,1.0000000000000022,0.0,0.0
0.0,1.0000000000000022,0.0,0.0
0.0,1.0000000000000022,0.0,0.0
0.0,1.0000000000000022,0.0,0.0
0.0,1.0000000000000022,0.0,0.0
0.0,1.0000000000000022,0.0,0.0
0.0,1.0000000000000022,0.0,0.0
0.0,1.0000000000000022,0.0,0.0
0.0,1.0000000000000022,0.0,0.0
0.0,1.0000000000000022,0.0,0.0
0.0,1.0000000000000022,0.0,0.0
0.0,1.0000000000000022,0.0,0.0
0.0,1.0000000000000022,0.0,0.0
0.0,1.0000000000000022,0.0,0.0
0.0,1.0000000000000022,0.0,0.0
0.0,1.0000000000000022,0.0,0.0
0.0,1.0000000000000022,0.0,0.0
0.0,1.0000000000000022,0.0,0.0
0.0,1.0000000000000022,0.0,0.0
0.0,1.0000000000000022,0.0,0.0
0.0,1.0000000000000022,0.0,0.0
0.0,1.0000000000000022,0.0,0.0
0.0,1.0000000000000022,0.0,0.0
0.0,1.0000000000000022,0.0,0.0
0.0,1.0000000000000022,0.0,0.0
0.0,1.0000000000000022,0.0,0.0
0.0,1.0000000000000022,0.0,0.0
0.0,1.0000000000000022,0.0,0.0
0.0,1.0000000000000022,0.0,0.0
0.0,1.0000000000000022,0.0,0.0
0.0,1.0000000000000022,0.0,0.0
0.0,1.0000000000000022,0.0,0.0
0.0,1.0000000000000022,0.0,0.0
0.0,1.0000000000000022,0.0,0.0
0.0,1.0000000000000022,0.0,0.0
0.0,1.0000000000000022,0.0,0.0
0.0,1.0000000000000022,0.0,0.0
0.0,1.0000000000000022,0.0,0.0
0.0,1.0000000000000022,0.0,0.0
0.0,1.0000000000000022,0.0,0.0
0.0,1.0000000000000022,0.0,0.0
0.0,1.0000000000000022,0.0,0.0
0.0,1.0000000000000022,0.0,0.0
0.0,1.0000000000000022,0.0,0.0
0.0,1.0000000000000022,0.0,0.0
0.0,1.0000000000000022,0.0,0.0
0.0,1.0000000000000022,0.0,0.0
0.0,1.0000000000000022,0.0,0.0
0.0,1.0000000000000022,0.0,0.0
0.0,1.0000000000000022,0.0,0.0
0.0,1.0000000000000022,0.0,0.0
0.0,1.0000000000000022,0.0,0.0
0.0,1.0000000000000022,0.0,0.0
0.0,1.0000000000000022,0.0,0.0
0.0,1.0000000000000022,0.0,0.0
0.0,1.0000000000000022,0.0,0.0
0.0,1.0000000000000022,0.0,0.0
0.0,1.0000000000000022,0.0,0.0
0.0,1.0000000000000022,0.0,0.0
0.0,1.0000000000000022,0.0,0.0
0.0,1.0000000000000022,0.0,0.0
0.0,1.0000000000000022,0.0,0.0
0.0,1.0000000000000022,0.0,0.0
0.0,1.0000000000000022,0.0,0.0
0.0,1.0000000000000022,0.0,0.0
0.0,1.0000000000000022,0.0,0.0
0.0,1.0000000000000022,0.0,0.0
0.0,1.0000000000000022,0.0,0.0
0.0,1.0000000000000022,0.0,0.0
0.0,1.0000000000000022,0.0,0.0
0.0,1.0000000000000022,0.0,0.0
0.0,1.0000000000000022,0.0,0.0
0.0,1.0000000000000022,0.0,0.0
0.0,1.0000000000000022,0.0,0.0
0.0,1.0000000000000022,0.0,0.0
0.0,1.0000000000000022,0.0,0.0
0.0,1.0000000000000022,0.0,0.0
0.0,1.0000000000000022,0.0,0.0
0.0,1.0000000000000022,0.0,0.0
0.0,1.0000000000000022,0.0,0.0
0.0,1.0000000000000022,0.0,0.0
0.0,1.0000000000000022,0.0,0.0
0.0,1.0000000000000022,0.0,0.0
0.0,1.0000000000000022,0.0,0.0
0.0,1.0000000000000022,0.0,0.0
0.0,1.0000000000000022,0.0,0.0
0.0,1.0000000000000022,0.0,0.0
0.0,1.0000000000000022,0.0,0.0
0.0,1.0000000000000022,0.0,0.0
0.0,1.0000000000000022,0.0,0.0
0.0,1.0000000000000022,0.0,0.0
0.0,1.0000000000000022,0.0,0.0
0.0,1.0000000000000022,0.0,0.0
0.0,1.0000000000000022,0.0,0.0
0.0,1.0000000000000022,0.0,0.0
0.0,1.0000000000000022,0.0,0.0
0.0,1.0000000000000022,0.0,0.0
0.0,1.0000000000000022,0.0,0.0
0.0,1.0000000000000022,0.0,0.0
0.0,1.0000000000000022,0.0,0.0
0.0,1.0000000000000022,0.0,0.0
0.0,1.0000000000000022,0.0,0.0
0.0,1.0000000000000022,0.0,0.0
0.0,1.0000000000000022,0.0,0.0
0.0,1.0000000000000022,0.0,0.0
0.0,1.0000000000000022,0.0,0.0
0.0,1.0000000000000022,0.0,0.0
0.0,1.0000000000000022,0.0,0.0
0.0,1.0000000000000022,0.0,0.0
0.0,1.0000000000000022,0.0,0.0
0.0,1.0000000000000022,0.0,0.0
0.0,1.0000000000000022,0.0,0.0
0.0,1.0000000000000022,0.0,0.0
0.0,1.0000000000000022,0.0,0.0
0.0,1.0000000000000022,0.0,0.0
0.0,1.0000000000000022,0.0,0.0
0.0,1.0000000000000022,0.0,0.0
0.0,1.0000000000000022,0.0,0.0
0.0,1.0000000000000022,0.0,0.0
0.0,1.0000000000000022,0.0,0.0
0.0,1.0000000000000022,0.0,0.0
0.0,1.0000000000000022,0.0,0.0
0.0,1.0000000000000022,0.0,0.0
0.0,1.0000000000000022,0.0,0.0
0.0,1.0000000000000022,0.0,0.0
0.0,1.0000000000000022,0.0,0.0
0.0,1.0000000000000022,0.0,0.0
0.0,1.0000000000000022,0.0,0.0
0.0,1.0000000000000022,0.0,0.0
0.0,1.0000000000000022,0.0,0.0
0.0,1.0000000000000022,0.0,0.0
0.0,1.0000000000000022,0.0,0.0
0.0,1.0000000000000022,0.0,0.0
0.0,1.0000000000000022,0.0,0.0
0.0,1.0000000000000022,0.0,0.0
0.0,1.0000000000000022,0.0,0.0
0.0,1.0000000000000022,0.0,0.0
0.0,1.0000000000000022,0.0,0.0
0.0,1.0000000000000022,0.0,0.0
0.0,1.0000000000000022,0.0,0.0
0.0,1.0000000000000022,0.0,0.0
0.0,1.0000000000000022,0.0,0.0
0.0,1.0000000000000022,0.0,0.0
0.0,1.0000000000000022,0.0,0.0
0.0,1.0000000000000022,0.0,0.0
0.0,1.0000000000000022,0.0,0.0
0.0,1.0000000000000022,0.0,0.0
0.0,1.0000000000000022,0.0,0.0
0.0,1.0000000000000022,0.0,0.0
0.0,1.0000000000000022,0.0,0.0
0.0,1.0000000000000022,0.0,0.0
0.0,1.0000000000000022,0.0,0.0
0.0,1.0000000000000022,0.0,0.0
0.0,1.0000000000000022,0.0,0.0
0.0,1.0000000000000022,0.0,0.0
0.0,1.0000000000000022,0.0,0.0
0.0,1.0000000000000022,0.0,0.0
0.0,1.0000000000000022,0.0,0.0
0.0,1.0000000000000022,0.0,0.0
0.0,1.0000000000000022,0.0,0.0
0.0,1.0000000000000022,0.0,0.0
0.0,1.0000000000000022,0.0,0.0
0.0,1.0000000000000022,0.0,0.0
0.0,1.0000000000000022,0.0,0.0
0.0,1.0000000000000022,0.0,0.0
0.0,1.0000000000000022,0.0,0.0
0.0,1.0000000000000022,0.0,0.0
0.0,1.0000000000000022,0.0,0.0
0.0,1.0000000000000022,0.0,0.0
0.0,1.0000000000000022,0.0,0.0
0.0,1.0000000000000022,0.0,0.0
0.0,1.0000000000000022,0.0,0.0
0.0,1.0000000000000022,0.0,0.0
0.0,1.0000000000000022,0.0,0.0
0.0,1.0000000000000022,0.0,0.0
0.0,1.0000000000000022,0.0,0.0
0.0,1.0000000000000022,0.0,0.0
0.0,1.0000000000000022,0.0,0.0
0.0,1.0000000000000022,0.0,0.0
0.0,1.0000000000000022,0.0,0.0
0.0,1.0000000000000022,0.0,0.0
0.0,1.0000000000000022,0.0,0.0
0.0,1.0000000000000022,0.0,0.0
0.0,1.0000000000000022,0.0,0.0
0.0,1.0000000000000022,0.0,0.0
0.0,1.0000000000000022,0.0,0.0
0.0,1.0000000000000022,0.0,0.0
0.0,1.0000000000000022,0.0,0.0
0.0,1.0000000000000022,0.0,0.0
0.0,1.0000000000000022,0.0,0.0
0.0,1.0000000000000022,0.0,0.0
0.0,1.0000000000000022,0.0,0.0
0.0,1.0000000000000022,0.0,0.0
0.0,1.0000000000000022,0.0,0.0
0.0,1.0000000000000022,0.0,0.0
0.0,1.0000000000000022,0.0,0.0
0.0,1.0000000000000022,0.0,0.0
0.0,1.0000000000000022,0.0,0.0
0.0,1.0000000000000022,0.0,0.0
0.0,1.0000000000000022,0.0,0.0
0.0,1.0000000000000022,0.0,0.0
0.0,1.0000000000000022,0.0,0.0
0.0,1.0000000000000022,0.0,0.0
0.0,1.0000000000000022,0.0,0.0
0.0,1.0000000000000022,0.0,0.0
0.0,1.0000000000000022,0.0,0.0
0.0,1.0000000000000022,0.0,0.0
0.0,1.0000000000000022,0.0,0.0
0.0,1.0000000000000022,0.0,0.0
0.0,1.0000000000000022,0.0,0.0
0.0,1.0000000000000022,0.0,0.0
0.0,1.0000000000000022,0.0,0.0
0.0,1.0000000000000022,0.0,0.0
0.0,1.0000000000000022,0.0,0.0
0.0,1.0000000000000022,0.0,0.0
0.0,1.0000000000000022,0.0,0.0
0.0,1.0000000000000022,0.0,0.0
0.0,1.0000000000000022,0.0,0.0
0.0,1.0000000000000022,0.0,0.0
0.0,1.0000000000000022,0.0,0.0
0.0,1.0000000000000022,0.0,0.0
0.0,1.0000000000000022,0.0,0.0
0.0,1.0000000000000022,0.0,0.0
0.0,1.0000000000000022,0.0,0.0
0.0,1.0000000000000022,0.0,0.0
0.0,1.0000000000000022,0.0,0.0
0.0,1.0000000000000022,0.0,0.0
0.0,1.0000000000000022,0.0,0.0
0.0,1.0000000000000022,0.0,0.0
0.0,1.0000000000000022,0.0,0.0
0.0,1.0000000000000022,0.0,0.0
0.0,1.0000000000000022,0.0,0.0
0.0,1.0000000000000022,0.0,0.0
0.0,1.0000000000000022,0.0,0.0
0.0,1.0000000000000022,0.0,0.0
0.0,1.0000000000000022,0.0,0.0
0.0,1.0000000000000022,0.0,0.0
0.0,1.0000000000000022,0.0,0.0
0.0,1.0000000000000022,0.0,0.0
0.0,1.0000000000000022,0.0,0.0
0.0,1.0000000000000022,0.0,0.0
0.0,1.0000000000000022,0.0,0.0
0.0,1.0000000000000022,0.0,0.0
0.0,1.0000000000000022,0.0,0.0
0.0,1.0000000000000022,0.0,0.0
0.0,1.0000000000000022,0.0,0.0
0.0,1.0000000000000022,0.0,0.0
0.0,1.0000000000000022,0.0,0.0
0.0,1.0000000000000022,0.0,0.0
0.0,1.0000000000000022,0.0,0.0
0.0,1.0000000000000022,0.0,0.0
0.0,1.0000000000000022,0.0,0.0
0.0,1.0000000000000022,0.0,0.0
0.0,1.0000000000000022,0.0,0.0
0.0,1.0000000000000022,0.0,0.0
0.0,1.0000000000000022,0.0,0.0
0.0,1.0000000000000022,0.0,0.0
0.0,1.0000000000000022,0.0,0.0
0.0,1.0000000000000022,0.0,0.0
0.0,1.0000000000000022,0.0,0.0
0.0,1.0000000000000022,0.0,0.0
0.0,1.0000000000000022,0.0,0.0
0.0,1.0000000000000022,0.0,0.0
0.0,1.0000000000000022,0.0,0.0
0.0,1.0000000000000022,0.0,0.0
0.0,1.0000000000000022,0.0,0.0
0.0,1.0000000000000022,0.0,0.0
0.0,1.0000000000000022,0.0,0.0
0.0,1.0000000000000022,0.0,0.0
0.0,1.0000000000000022,0.0,0.0
0.0,1.0000000000000022,0.0,0.0
0.0,1.0000000000000022,0.0,0.0
0.0,1.0000000000000022,0.0,0.0
0.0,1.0000000000000022,0.0,0.0
0.0,1.0000000000000022,0.0,0.0
0.0,1.0000000000000022,0.0,0.0
0.0,1.0000000000000022,0.0,0.0
0.0,1.0000000000000022,0.0,0.0
0.0,1.0000000000000022,0.0,0.0
0.0,1.0000000000000022,0.0,0.0
0.0,1.0000000000000022,0.0,0.0
0.0,1.0000000000000022,0.0,0.0
0.0,1.0000000000000022,0.0,0.0
0.0,1.0000000000000022,0.0,0.0
0.0,1.0000000000000022,0.0,0.0
0.0,1.0000000000000022,0.0,0.0
0.0,1.0000000000000022,0.0,0.0
0.0,1.0000000000000022,0.0,0.0
0.0,1.0000000000000022,0.0,0.0
0.0,1.0000000000000022,0.0,0.0
0.0,1.0000000000000022,0.0,0.0
0.0,1.0000000000000022,0.0,0.0
0.0,1.0000000000000022,0.0,0.0
0.0,1.0000000000000022,0.0,0.0
0.0,1.0000000000000022,0.0,0.0
0.0,1.0000000000000022,0.0,0.0
0.0,1.0000000000000022,0.0,0.0
0.0,1.0000000000000022,0.0,0.0
0.0,1.0000000000000022,0.0,0.0
0.0,1.0000000000000022,0.0,0.0
0.0,1.0000000000000022,0.0,0.0
0.0,1.0000000000000022,0.0,0.0
0.0,1.0000000000000022,0.0,0.0
0.0,1.0000000000000022,0.0,0.0
0.0,1.0000000000000022,0.0,0.0
0.0,1.0000000000000022,0.0,0.0
0.0,1.0000000000000022,0.0,0.0
0.0,1.0000000000000022,0.0,0.0
0.0,1.0000000000000022,0.0,0.0
0.0,1.0000000000000022,0.0,0.0
0.0,1.0000000000000022,0.0,0.0
0.0,1.0000000000000022,0.0,0.0
0.0,1.0000000000000022,0.0,0.0
0.0,1.0000000000000022,0.0,0.0
0.0,1.0000000000000022,0.0,0.0
0.0,1.0000000000000022,0.0,0.0
0.0,1.0000000000000022,0.0,0.0
0.0,1.0000000000000022,0.0,0.0
0.0,1.0000000000000022,0.0,0.0
0.0,1.0000000000000022,0.0,0.0
0.0,1.0000000000000022,0.0,0.0
0.0,1.0000000000000022,0.0,0.0
0.0,1.0000000000000022,0.0,0.0
0.0,1.0000000000000022,0.0,0.0
0.0,1.0000000000000022,0.0,0.0
0.0,1.0000000000000022,0.0,0.0
0.0,1.0000000000000022,0.0,0.0
0.0,1.0000000000000022,0.0,0.0
0.0,1.0000000000000022,0.0,0.0
0.0,1.0000000000000022,0.0,0.0
0.0,1.0000000000000022,0.0,0.0
0.0,1.0000000000000022,0.0,0.0
0.0,1.0000000000000022,0.0,0.0
0.0,1.0000000000000022,0.0,0.0
0.0,1.0000000000000022,0.0,0.0
0.0,1.0000000000000022,0.0,0.0
0.0,1.0000000000000022,0.0,0.0
0.0,1.0000000000000022,0.0,0.0
0.0,1.0000000000000022,0.0,0.0
0.0,1.0000000000000022,0.0,0.0
0.0,1.0000000000000022,0.0,0.0
0.0,1.0000000000000022,0.0,0.0
0.0,1.0000000000000022,0.0,0.0
0.0,1.0000000000000022,0.0,0.0
0.0,1.0000000000000022,0.0,0.0
0.0,1.0000000000000022,0.0,0.0
0.0,1.0000000000000022,0.0,0.0
0.0,1.0000000000000022,0.0,0.0
0.0,1.0000000000000022,0.0,0.0
0.0,1.0000000000000022,0.0,0.0
0.0,1.0000000000000022,0.0,0.0
0.0,1.0000000000000022,0.0,0.0
0.0,1.0000000000000022,0.0,0.0
0.0,1.0000000000000022,0.0,0.0
0.0,1.0000000000000022,0.0,0.0
0.0,1.0000000000000022,0.0,0.0
0.0,1.0000000000000022,0.0,0.0
0.0,1.0000000000000022,0.0,0.0
0.0,1.0000000000000022,0.0,0.0
0.0,1.0000000000000022,0.0,0.0
0.0,1.0000000000000022,0.0,0.0
0.0,1.0000000000000022,0.0,0.0
0.0,1.0000000000000022,0.0,0.0
0.0,1.0000000000000022,0.0,0.0
0.0,1.0000000000000022,0.0,0.0
0.0,1.0000000000000022,0.0,0.0
0.0,1.0000000000000022,0.0,0.0
0.0,1.0000000000000022,0.0,0.0
0.0,1.0000000000000022,0.0,0.0
0.0,1.0000000000000022,0.0,0.0
0.0,1.0000000000000022,0.0,0.0
0.0,1.0000000000000022,0.0,0.0
0.0,1.0000000000000022,0.0,0.0
0.0,1.0000000000000022,0.0,0.0
0.0,1.0000000000000022,0.0,0.0
0.0,1.0000000000000022,0.0,0.0
0.0,1.0000000000000022,0.0,0.0
0.0,1.0000000000000022,0.0,0.0
0.0,1.0000000000000022,0.0,0.0
0.0,1.0000000000000022,0.0,0.0
0.0,1.0000000000000022,0.0,0.0
0.0,1.0000000000000022,0.0,0.0
0.0,1.0000000000000022,0.0,0.0
0.0,1.0000000000000022,0.0,0.0
0.0,1.0000000000000022,0.0,0.0
0.0,1.0000000000000022,0.0,0.0
0.0,1.0000000000000022,0.0,0.0
0.0,1.0000000000000022,0.0,0.0
0.0,1.0000000000000022,0.0,0.0
0.0,1.0000000000000022,0.0,0.0
0.0,1.0000000000000022,0.0,0.0
0.0,1.0000000000000022,0.0,0.0
0.0,1.0000000000000022,0.0,0.0
0.0,1.0000000000000022,0.0,0.0
0.0,1.0000000000000022,0.0,0.0
0.0,1.0000000000000022,0.0,0.0
0.0,1.0000000000000022,0.0,0.0
0.0,1.0000000000000022,0.0,0.0
0.0,1.0000000000000022,0.0,0.0
0.0,1.0000000000000022,0.0,0.0
0.0,1.0000000000000022,0.0,0.0
0.0,1.0000000000000022,0.0,0.0
0.0,1.0000000000000022,0.0,0.0
0.0,1.0000000000000022,0.0,0.0
0.0,1.0000000000000022,0.0,0.0
0.0,1.0000000000000022,0.0,0.0
0.0,1.0000000000000022,0.0,0.0
0.0,1.0000000000000022,0.0,0.0
0.0,1.0000000000000022,0.0,0.0
0.0,1.0000000000000022,0.0,0.0
0.0,1.0000000000000022,0.0,0.0
0.0,1.0000000000000022,0.0,0.0
0.0,1.0000000000000022,0.0,0.0
0.0,1.0000000000000022,0.0,0.0
0.0,1.0000000000000022,0.0,0.0
0.0,1.0000000000000022,0.0,0.0
0.0,1.0000000000000022,0.0,0.0
0.0,1.0000000000000022,0.0,0.0
0.0,1.0000000000000022,0.0,0.0
0.0,1.0000000000000022,0.0,0.0
0.0,1.0000000000000022,0.0,0.0
0.0,1.0000000000000022,0.0,0.0
0.0,1.0000000000000022,0.0,0.0
0.0,1.0000000000000022,0.0,0.0
0.0,1.0000000000000022,0.0,0.0
0.0,1.0000000000000022,0.0,0.0
0.0,1.0000000000000022,0.0,0.0
0.0,1.0000000000000022,0.0,0.0
0.0,1.0000000000000022,0.0,0.0
0.0,1.0000000000000022,0.0,0.0
0.0,1.0000000000000022,0.0,0.0
0.0,1.0000000000000022,0.0,0.0
0.0,1.0000000000000022,0.0,0.0
0.0,1.0000000000000022,0.0,0.0
0.0,1.0000000000000022,0.0,0.0
0.0,1.0000000000000022,0.0,0.0
0.0,1.0000000000000022,0.0,0.0
0.0,1.0000000000000022,0.0,0.0
0.0,1.0000000000000022,0.0,0.0
0.0,1.0000000000000022,0.0,0.0
0.0,1.0000000000000022,0.0,0.0
0.0,1.0000000000000022,0.0,0.0
0.0,1.0000000000000022,0.0,0.0
0.0,1.0000000000000022,0.0,0.0
0.0,1.0000000000000022,0.0,0.0
0.0,1.0000000000000022,0.0,0.0
0.0,1.0000000000000022,0.0,0.0
0.0,1.0000000000000022,0.0,0.0
0.0,1.0000000000000022,0.0,0.0
0.0,1.0000000000000022,0.0,0.0
0.0,1.0000000000000022,0.0,0.0
0.0,1.0000000000000022,0.0,0.0
0.0,1.0000000000000022,0.0,0.0
0.0,1.0000000000000022,0.0,0.0
0.0,1.0000000000000022,0.0,0.0
0.0,1.0000000000000022,0.0,0.0
0.0,1.0000000000000022,0.0,0.0
0.0,1.0000000000000022,0.0,0.0
0.0,1.0000000000000022,0.0,0.0
0.0,1.0000000000000022,0.0,0.0
0.0,1.0000000000000022,0.0,0.0
0.0,1.0000000000000022,0.0,0.0
0.0,1.0000000000000022,0.0,0.0
0.0,1.0000000000000022,0.0,0.0
0.0,1.0000000000000022,0.0,0.0
0.0,1.0000000000000022,0.0,0.0
0.0,1.0000000000000022,0.0,0.0
0.0,1.0000000000000022,0.0,0.0
0.0,1.0000000000000022,0.0,0.0
0.0,1.0000000000000022,0.0,0.0
0.0,1.0000000000000022,0.0,0.0
0.0,1.0000000000000022,0.0,0.0
0.0,1.0000000000000022,0.0,0.0
0.0,1.0000000000000022,0.0,0.0
0.0,1.0000000000000022,0.0,0.0
0.0,1.0000000000000022,0.0,0.0
0.0,1.0000000000000022,0.0,0.0
0.0,1.0000000000000022,0.0,0.0
0.0,1.0000000000000022,0.0,0.0
0.0,1.0000000000000022,0.0,0.0
0.0,1.0000000000000022,0.0,0.0
0.0,1.0000000000000022,0.0,0.0
0.0,1.0000000000000022,0.0,0.0
0.0,1.0000000000000022,0.0,0.0
0.0,1.0000000000000022,0.0,0.0
0.0,1.0000000000000022,0.0,0.0
0.0,1.0000000000000022,0.0,0.0
0.0,1.0000000000000022,0.0,0.0
0.0,1.0000000000000022,0.0,0.0
0.0,1.0000000000000022,0.0,0.0
0.0,1.0000000000000022,0.0,0.0
0.0,1.0000000000000022,0.0,0.0
0.0,1.0000000000000022,0.0,0.0
0.0,1.0000000000000022,0.0,0.0
0.0,1.0000000000000022,0.0,0.0
0.0,1.0000000000000022,0.0,0.0
0.0,1.0000000000000022,0.0,0.0
0.0,1.0000000000000022,0.0,0.0
0.0,1.0000000000000022,0.0,0.0
0.0,1.0000000000000022,0.0,0.0
0.0,1.0000000000000022,0.0,0.0
0.0,1.0000000000000022,0.0,0.0
0.0,1.0000000000000022,0.0,0.0
0.0,1.0000000000000022,0.0,0.0
0.0,1.0000000000000022,0.0,0.0
0.0,1.0000000000000022,0.0,0.0
0.0,1.0000000000000022,0.0,0.0
0.0,1.0000000000000022,0.0,0.0
0.0,1.0000000000000022,0.0,0.0
0.0,1.0000000000000022,0.0,0.0
0.0,1.0000000000000022,0.0,0.0
0.0,1.0000000000000022,0.0,0.0
0.0,1.0000000000000022,0.0,0.0
0.0,1.0000000000000022,0.0,0.0
0.0,1.0000000000000022,0.0,0.0
0.0,1.0000000000000022,0.0,0.0
0.0,1.0000000000000022,0.0,0.0
0.0,1.0000000000000022,0.0,0.0
0.0,1.0000000000000022,0.0,0.0
0.0,1.0000000000000022,0.0,0.0
0.0,1.0000000000000022,0.0,0.0
0.0,1.0000000000000022,0.0,0.0
0.0,1.0000000000000022,0.0,0.0
0.0,1.0000000000000022,0.0,0.0
0.0,1.0000000000000022,0.0,0.0
0.0,1.0000000000000022,0.0,0.0
0.0,1.0000000000000022,0.0,0.0
0.0,1.0000000000000022,0.0,0.0
0.0,1.0000000000000022,0.0,0.0
0.0,1.0000000000000022,0.0,0.0
0.0,1.0000000000000022,0.0,0.0
0.0,1.0000000000000022,0.0,0.0
0.0,1.0000000000000022,0.0,0.0
0.0,1.0000000000000022,0.0,0.0
0.0,1.0000000000000022,0.0,0.0
0.0,1.0000000000000022,0.0,0.0
0.0,1.0000000000000022,0.0,0.0
0.0,1.0000000000000022,0.0,0.0
0.0,1.0000000000000022,0.0,0.0
0.0,1.0000000000000022,0.0,0.0
0.0,1.0000000000000022,0.0,0.0
0.0,1.0000000000000022,0.0,0.0
0.0,1.0000000000000022,0.0,0.0
0.0,1.0000000000000022,0.0,0.0
0.0,1.0000000000000022,0.0,0.0
0.0,1.0000000000000022,0.0,0.0
0.0,1.0000000000000022,0.0,0.0
0.0,1.0000000000000022,0.0,0.0
0.0,1.0000000000000022,0.0,0.0
0.0,1.0000000000000022,0.0,0.0
0.0,1.0000000000000022,0.0,0.0
0.0,1.0000000000000022,0.0,0.0
0.0,1.0000000000000022,0.0,0.0
0.0,1.0000000000000022,0.0,0.0
0.0,1.0000000000000022,0.0,0.0
0.0,1.0000000000000022,0.0,0.0
0.0,1.0000000000000022,0.0,0.0
0.0,1.0000000000000022,0.0,0.0
0.0,1.0000000000000022,0.0,0.0
0.0,1.0000000000000022,0.0,0.0
0.0,1.0000000000000022,0.0,0.0
0.0,1.0000000000000022,0.0,0.0
0.0,1.0000000000000022,0.0,0.0
0.0,1.0000000000000022,0.0,0.0
0.0,1.0000000000000022,0.0,0.0
0.0,1.0000000000000022,0.0,0.0
0.0,1.0000000000000022,0.0,0.0
0.0,1.0000000000000022,0.0,0.0
0.0,1.0000000000000022,0.0,0.0
0.0,1.0000000000000022,0.0,0.0
0.0,1.0000000000000022,0.0,0.0
0.0,1.0000000000000022,0.0,0.0
0.0,1.0000000000000022,0.0,0.0
0.0,1.0000000000000022,0.0,0.0
0.0,1.0000000000000022,0.0,0.0
0.0,1.0000000000000022,0.0,0.0
0.0,1.0000000000000022,0.0,0.0
0.0,1.0000000000000022,0.0,0.0
0.0,1.0000000000000022,0.0,0.0
0.0,1.0000000000000022,0.0,0.0
0.0,1.0000000000000022,0.0,0.0
0.0,1.0000000000000022,0.0,0.0
0.0,1.0000000000000022,0.0,0.0
0.0,1.0000000000000022,0.0,0.0
0.0,1.0000000000000022,0.0,0.0
0.0,1.0000000000000022,0.0,0.0
0.0,1.0000000000000022,0.0,0.0
0.0,1.0000000000000022,0.0,0.0
0.0,1.0000000000000022,0.0,0.0
0.0,1.0000000000000022,0.0,0.0
0.0,1.0000000000000022,0.0,0.0
0.0,1.0000000000000022,0.0,0.0
0.0,1.0000000000000022,0.0,0.0
0.0,1.0000000000000022,0.0,0.0
0.0,1.0000000000000022,0.0,0.0
0.0,1.0000000000000022,0.0,0.0
0.0,1.0000000000000022,0.0,0.0
0.0,1.0000000000000022,0.0,0.0
0.0,1.0000000000000022,0.0,0.0
0.0,1.0000000000000022,0.0,0.0
0.0,1.0000000000000022,0.0,0.0
0.0,1.0000000000000022,0.0,0.0
0.0,1.0000000000000022,0.0,0.0
0.0,1.0000000000000022,0.0,0.0
0.0,1.0000000000000022,0.0,0.0
0.0,1.0000000000000022,0.0,0.0
0.0,1.0000000000000022,0.0,0.0
0.0,1.0000000000000022,0.0,0.0
0.0,1.0000000000000022,0.0,0.0
0.0,1.0000000000000022,0.0,0.0
0.0,1.0000000000000022,0.0,0.0
0.0,1.0000000000000022,0.0,0.0
0.0,1.0000000000000022,0.0,0.0
0.0,1.0000000000000022,0.0,0.0
0.0,1.0000000000000022,0.0,0.0
0.0,1.0000000000000022,0.0,0.0
0.0,1.0000000000000022,0.0,0.0
0.0,1.0000000000000022,0.0,0.0
0.0,1.0000000000000022,0.0,0.0
0.0,1.0000000000000022,0.0,0.0
0.0,1.0000000000000022,0.0,0.0
0.0,1.0000000000000022,0.0,0.0
0.0,1.0000000000000022,0.0,0.0
0.0,1.0000000000000022,0.0,0.0
0.0,1.0000000000000022,0.0,0.0
0.0,1.0000000000000022,0.0,0.0
0.0,1.0000000000000022,0.0,0.0
0.0,1.0000000000000022,0.0,0.0
0.0,1.0000000000000022,0.0,0.0
0.0,1.0000000000000022,0.0,0.0
0.0,1.0000000000000022,0.0,0.0
0.0,1.0000000000000022,0.0,0.0
0.0,1.0000000000000022,0.0,0.0
0.0,1.0000000000000022,0.0,0.0
0.0,1.0000000000000022,0.0,0.0
0.0,1.0000000000000022,0.0,0.0
0.0,1.0000000000000022,0.0,0.0
0.0,1.0000000000000022,0.0,0.0
0.0,1.0000000000000022,0.0,0.0
0.0,1.0000000000000022,0.0,0.0
0.0,1.0000000000000022,0.0,0.0
0.0,1.0000000000000022,0.0,0.0
0.0,1.0000000000000022,0.0,0.0
0.0,1.0000000000000022,0.0,0.0
0.0,1.0000000000000022,0.0,0.0
0.0,1.0000000000000022,0.0,0.0
0.0,1.0000000000000022,0.0,0.0
0.0,1.0000000000000022,0.0,0.0
0.0,1.0000000000000022,0.0,0.0
0.0,1.0000000000000022,0.0,0.0
0.0,1.0000000000000022,0.0,0.0
0.0,1.0000000000000022,0.0,0.0
0.0,1.0000000000000022,0.0,0.0
0.0,1.0000000000000022,0.0,0.0
0.0,1.0000000000000022,0.0,0.0
0.0,1.0000000000000022,0.0,0.0
0.0,1.0000000000000022,0.0,0.0
0.0,1.0000000000000022,0.0,0.0
0.0,1.0000000000000022,0.0,0.0
0.0,1.0000000000000022,0.0,0.0
0.0,1.0000000000000022,0.0,0.0
0.0,1.0000000000000022,0.0,0.0
0.0,1.0000000000000022,0.0,0.0
0.0,1.0000000000000022,0.0,0.0
0.0,1.0000000000000022,0.0,0.0
0.0,1.0000000000000022,0.0,0.0
0.0,1.0000000000000022,0.0,0.0
0.0,1.0000000000000022,0.0,0.0
0.0,1.0000000000000022,0.0,0.0
0.0,1.0000000000000022,0.0,0.0
0.0,1.0000000000000022,0.0,0.0
0.0,1.0000000000000022,0.0,0.0
0.0,1.0000000000000022,0.0,0.0
0.0,1.0000000000000022,0.0,0.0
0.0,1.0000000000000022,0.0,0.0
0.0,1.0000000000000022,0.0,0.0
0.0,1.0000000000000022,0.0,0.0
0.0,1.0000000000000022,0.0,0.0
0.0,1.0000000000000022,0.0,0.0
0.0,1.0000000000000022,0.0,0.0
0.0,1.0000000000000022,0.0,0.0
0.0,1.0000000000000022,0.0,0.0
0.0,1.0000000000000022,0.0,0.0
0.0,1.0000000000000022,0.0,0.0
0.0,1.0000000000000022,0.0,0.0
0.0,1.0000000000000022,0.0,0.0
0.0,1.0000000000000022,0.0,0.0
0.0,1.0000000000000022,0.0,0.0
0.0,1.0000000000000022,0.0,0.0
0.0,1.0000000000000022,0.0,0.0
0.0,1.0000000000000022,0.0,0.0
0.0,1.0000000000000022,0.0,0.0
0.0,1.0000000000000022,0.0,0.0
0.0,1.0000000000000022,0.0,0.0
0.0,1.0000000000000022,0.0,0.0
0.0,1.0000000000000022,0.0,0.0
0.0,1.0000000000000022,0.0,0.0
0.0,1.0000000000000022,0.0,0.0
0.0,1.0000000000000022,0.0,0.0
0.0,1.0000000000000022,0.0,0.0
0.0,1.0000000000000022,0.0,0.0
0.0,1.0000000000000022,0.0,0.0
0.0,1.0000000000000022,0.0,0.0
0.0,1.0000000000000022,0.0,0.0
0.0,1.0000000000000022,0.0,0.0
0.0,1.0000000000000022,0.0,0.0
0.0,1.0000000000000022,0.0,0.0
0.0,1.0000000000000022,0.0,0.0
0.0,1.0000000000000022,0.0,0.0
0.0,1.0000000000000022,0.0,0.0
0.0,1.0000000000000022,0.0,0.0
0.0,1.0000000000000022,0.0,0.0
0.0,1.0000000000000022,0.0,0.0
0.0,1.0000000000000022,0.0,0.0
0.0,1.0000000000000022,0.0,0.0
0.0,1.0000000000000022,0.0,0.0
0.0,1.0000000000000022,0.0,0.0
0.0,1.0000000000000022,0.0,0.0
0.0,1.0000000000000022,0.0,0.0
0.0,1.0000000000000022,0.0,0.0
0.0,1.0000000000000022,0.0,0.0
0.0,1.0000000000000022,0.0,0.0
0.0,1.0000000000000022,0.0,0.0
0.0,1.0000000000000022,0.0,0.0
0.0,1.0000000000000022,0.0,0.0
0.0,1.0000000000000022,0.0,0.0
0.0,1.0000000000000022,0.0,0.0
0.0,1.0000000000000022,0.0,0.0
0.0,1.0000000000000022,0.0,0.0
0.0,1.0000000000000022,0.0,0.0
0.0,1.0000000000000022,0.0,0.0
0.0,1.0000000000000022,0.0,0.0
0.0,1.0000000000000022,0.0,0.0
0.0,1.0000000000000022,0.0,0.0
0.0,1.0000000000000022,0.0,0.0
0.0,1.0000000000000022,0.0,0.0
0.0,1.0000000000000022,0.0,0.0
0.0,1.0000000000000022,0.0,0.0
0.0,1.0000000000000022,0.0,0.0
0.0,1.0000000000000022,0.0,0.0
0.0,1.0000000000000022,0.0,0.0
0.0,1.0000000000000022,0.0,0.0
0.0,1.0000000000000022,0.0,0.0
0.0,1.0000000000000022,0.0,0.0
0.0,1.0000000000000022,0.0,0.0
0.0,1.0000000000000022,0.0,0.0
0.0,1.0000000000000022,0.0,0.0
0.0,1.0000000000000022,0.0,0.0
0.0,1.0000000000000022,0.0,0.0
0.0,1.0000000000000022,0.0,0.0
0.0,1.0000000000000022,0.0,0.0
0.0,1.0000000000000022,0.0,0.0
0.0,1.0000000000000022,0.0,0.0
0.0,1.0000000000000022,0.0,0.0
0.0,1.0000000000000022,0.0,0.0
0.0,1.0000000000000022,0.0,0.0
0.0,1.0000000000000022,0.0,0.0
0.0,1.0000000000000022,0.0,0.0
0.0,1.0000000000000022,0.0,0.0
0.0,1.0000000000000022,0.0,0.0
0.0,1.0000000000000022,0.0,0.0
0.0,1.0000000000000022,0.0,0.0
0.0,1.0000000000000022,0.0,0.0
0.0,1.0000000000000022,0.0,0.0
0.0,1.0000000000000022,0.0,0.0
0.0,1.0000000000000022,0.0,0.0
0.0,1.0000000000000022,0.0,0.0
0.0,1.0000000000000022,0.0,0.0
0.0,1.0000000000000022,0.0,0.0
0.0,1.0000000000000022,0.0,0.0
0.0,1.0000000000000022,0.0,0.0
0.0,1.0000000000000022,0.0,0.0
0.0,1.0000000000000022,0.0,0.0
0.0,1.0000000000000022,0.0,0.0
0.0,1.0000000000000022,0.0,0.0
0.0,1.0000000000000022,0.0,0.0
0.0,1.0000000000000022,0.0,0.0
0.0,1.0000000000000022,0.0,0.0
0.0,1.0000000000000022,0.0,0.0
0.0,1.0000000000000022,0.0,0.0
0.0,1.0000000000000022,0.0,0.0
0.0,1.0000000000000022,0.0,0.0
0.0,1.0000000000000022,0.0,0.0
0.0,1.0000000000000022,0.0,0.0
0.0,1.0000000000000022,0.0,0.0
0.0,1.0000000000000022,0.0,0.0
0.0,1.0000000000000022,0.0,0.0
0.0,1.0000000000000022,0.0,0.0
0.0,1.0000000000000022,0.0,0.0
0.0,1.0000000000000022,0.0,0.0
0.0,1.0000000000000022,0.0,0.0
0.0,1.0000000000000022,0.0,0.0
0.0,1.0000000000000022,0.0,0.0
0.0,1.0000000000000022,0.0,0.0
0.0,1.0000000000000022,0.0,0.0
0.0,1.0000000000000022,0.0,0.0
0.0,1.0000000000000022,0.0,0.0
0.0,1.0000000000000022,0.0,0.0
0.0,1.0000000000000022,0.0,0.0
0.0,1.0000000000000022,0.0,0.0
0.0,1.0000000000000022,0.0,0.0
0.0,1.0000000000000022,0.0,0.0
0.0,1.0000000000000022,0.0,0.0
0.0,1.0000000000000022,0.0,0.0
0.0,1.0000000000000022,0.0,0.0
0.0,1.0000000000000022,0.0,0.0
0.0,1.0000000000000022,0.0,0.0
0.0,1.0000000000000022,0.0,0.0
0.0,1.0000000000000022,0.0,0.0
0.0,1.0000000000000022,0.0,0.0
0.0,1.0000000000000022,0.0,0.0
0.0,1.0000000000000022,0.0,0.0
0.0,1.0000000000000022,0.0,0.0
0.0,1.0000000000000022,0.0,0.0
0.0,1.0000000000000022,0.0,0.0
0.0,1.0000000000000022,0.0,0.0
0.0,1.0000000000000022,0.0,0.0
0.0,1.0000000000000022,0.0,0.0
0.0,1.0000000000000022,0.0,0.0
0.0,1.0000000000000022,0.0,0.0
0.0,1.0000000000000022,0.0,0.0
0.0,1.0000000000000022,0.0,0.0
0.0,1.0000000000000022,0.0,0.0
0.0,1.0000000000000022,0.0,0.0
0.0,1.0000000000000022,0.0,0.0
0.0,1.0000000000000022,0.0,0.0
0.0,1.0000000000000022,0.0,0.0
0.0,1.0000000000000022,0.0,0.0
0.0,1.0000000000000022,0.0,0.0
0.0,1.0000000000000022,0.0,0.0
0.0,1.0000000000000022,0.0,0.0
0.0,1.0000000000000022,0.0,0.0
0.0,1.0000000000000022,0.0,0.0
0.0,1.0000000000000022,0.0,0.0
0.0,1.0000000000000022,0.0,0.0
0.0,1.0000000000000022,0.0,0.0
0.0,1.0000000000000022,0.0,0.0
0.0,1.0000000000000022,0.0,0.0
0.0,1.0000000000000022,0.0,0.0
0.0,1.0000000000000022,0.0,0.0
0.0,1.0000000000000022,0.0,0.0
0.0,1.0000000000000022,0.0,0.0
0.0,1.0000000000000022,0.0,0.0
0.0,1.0000000000000022,0.0,0.0
0.0,1.0000000000000022,0.0,0.0
0.0,1.0000000000000022,0.0,0.0
0.0,1.0000000000000022,0.0,0.0
0.0,1.0000000000000022,0.0,0.0
0.0,1.0000000000000022,0.0,0.0
0.0,1.0000000000000022,0.0,0.0
0.0,1.0000000000000022,0.0,0.0
0.0,1.0000000000000022,0.0,0.0
0.0,1.0000000000000022,0.0,0.0
0.0,1.0000000000000022,0.0,0.0
0.0,1.0000000000000022,0.0,0.0
0.0,1.0000000000000022,0.0,0.0
0.0,1.0000000000000022,0.0,0.0
0.0,1.0000000000000022,0.0,0.0
0.0,1.0000000000000022,0.0,0.0
0.0,1.0000000000000022,0.0,0.0
0.0,1.0000000000000022,0.0,0.0
0.0,1.0000000000000022,0.0,0.0
0.0,1.0000000000000022,0.0,0.0
0.0,1.0000000000000022,0.0,0.0
0.0,1.0000000000000022,0.0,0.0
0.0,1.0000000000000022,0.0,0.0
0.0,1.0000000000000022,0.0,0.0
0.0,1.0000000000000022,0.0,0.0
0.0,1.0000000000000022,0.0,0.0
0.0,1.0000000000000022,0.0,0.0
0.0,1.0000000000000022,0.0,0.0
0.0,1.0000000000000022,0.0,0.0
0.0,1.0000000000000022,0.0,0.0
0.0,1.0000000000000022,0.0,0.0
0.0,1.0000000000000022,0.0,0.0
0.0,1.0000000000000022,0.0,0.0
0.0,1.0000000000000022,0.0,0.0
0.0,1.0000000000000022,0.0,0.0
0.0,1.0000000000000022,0.0,0.0
0.0,1.0000000000000022,0.0,0.0
0.0,1.0000000000000022,0.0,0.0
0.0,1.0000000000000022,0.0,0.0
0.0,1.0000000000000022,0.0,0.0
0.0,1.0000000000000022,0.0,0.0
0.0,1.0000000000000022,0.0,0.0
0.0,1.0000000000000022,0.0,0.0
0.0,1.0000000000000022,0.0,0.0
0.0,1.0000000000000022,0.0,0.0
0.0,1.0000000000000022,0.0,0.0
0.0,1.0000000000000022,0.0,0.0
0.0,1.0000000000000022,0.0,0.0
0.0,1.0000000000000022,0.0,0.0
0.0,1.0000000000000022,0.0,0.0
0.0,1.0000000000000022,0.0,0.0
0.0,1.0000000000000022,0.0,0.0
0.0,1.0000000000000022,0.0,0.0
0.0,1.0000000000000022,0.0,0.0
0.0,1.0000000000000022,0.0,0.0
0.0,1.0000000000000022,0.0,0.0
0.0,1.0000000000000022,0.0,0.0
0.0,1.0000000000000022,0.0,0.0
0.0,1.0000000000000022,0.0,0.0
0.0,1.0000000000000022,0.0,0.0
0.0,1.0000000000000022,0.0,0.0
0.0,1.0000000000000022,0.0,0.0
0.0,1.0000000000000022,0.0,0.0
0.0,1.0000000000000022,0.0,0.0
0.0,1.0000000000000022,0.0,0.0
0.0,1.0000000000000022,0.0,0.0
0.0,1.0000000000000022,0.0,0.0
0.0,1.0000000000000022,0.0,0.0
0.0,1.0000000000000022,0.0,0.0
0.0,1.0000000000000022,0.0,0.0
0.0,1.0000000000000022,0.0,0.0
0.0,1.0000000000000022,0.0,0.0
0.0,1.0000000000000022,0.0,0.0
0.0,1.0000000000000022,0.0,0.0
0.0,1.0000000000000022,0.0,0.0
0.0,1.0000000000000022,0.0,0.0
0.0,1.0000000000000022,0.0,0.0
0.0,1.0000000000000022,0.0,0.0
0.0,1.0000000000000022,0.0,0.0
0.0,1.0000000000000022,0.0,0.0
0.0,1.0000000000000022,0.0,0.0
0.0,1.0000000000000022,0.0,0.0
0.0,1.0000000000000022,0.0,0.0
0.0,1.0000000000000022,0.0,0.0
0.0,1.0000000000000022,0.0,0.0
0.0,1.0000000000000022,0.0,0.0
0.0,1.0000000000000022,0.0,0.0
0.0,1.0000000000000022,0.0,0.0
0.0,1.0000000000000022,0.0,0.0
0.0,1.0000000000000022,0.0,0.0
0.0,1.0000000000000022,0.0,0.0
0.0,1.0000000000000022,0.0,0.0
0.0,1.0000000000000022,0.0,0.0
0.0,1.0000000000000022,0.0,0.0
0.0,1.0000000000000022,0.0,0.0
0.0,1.0000000000000022,0.0,0.0
0.0,1.0000000000000022,0.0,0.0
0.0,1.0000000000000022,0.0,0.0
0.0,1.0000000000000022,0.0,0.0
0.0,1.0000000000000022,0.0,0.0
0.0,1.0000000000000022,0.0,0.0
0.0,1.0000000000000022,0.0,0.0
0.0,1.0000000000000022,0.0,0.0
0.0,1.0000000000000022,0.0,0.0
0.0,1.0000000000000022,0.0,0.0
0.0,1.0000000000000022,0.0,0.0
0.0,1.0000000000000022,0.0,0.0
0.0,1.0000000000000022,0.0,0.0
0.0,1.0000000000000022,0.0,0.0
0.0,1.0000000000000022,0.0,0.0
0.0,1.0000000000000022,0.0,0.0
0.0,1.0000000000000022,0.0,0.0
0.0,1.0000000000000022,0.0,0.0
0.0,1.0000000000000022,0.0,0.0
0.0,1.0000000000000022,0.0,0.0
0.0,1.0000000000000022,0.0,0.0
0.0,1.0000000000000022,0.0,0.0
0.0,1.0000000000000022,0.0,0.0
0.0,1.0000000000000022,0.0,0.0
0.0,1.0000000000000022,0.0,0.0
0.0,1.0000000000000022,0.0,0.0
0.0,1.0000000000000022,0.0,0.0
0.0,1.0000000000000022,0.0,0.0
0.0,1.0000000000000022,0.0,0.0
0.0,1.0000000000000022,0.0,0.0
0.0,1.0000000000000022,0.0,0.0
0.0,1.0000000000000022,0.0,0.0
0.0,1.0000000000000022,0.0,0.0
0.0,1.0000000000000022,0.0,0.0
0.0,1.0000000000000022,0.0,0.0
0.0,1.0000000000000022,0.0,0.0
0.0,1.0000000000000022,0.0,0.0
0.0,1.0000000000000022,0.0,0.0
0.0,1.0000000000000022,0.0,0.0
0.0,1.0000000000000022,0.0,0.0
0.0,1.0000000000000022,0.0,0.0
0.0,1.0000000000000022,0.0,0.0
0.0,1.0000000000000022,0.0,0.0
0.0,1.0000000000000022,0.0,0.0
0.0,1.0000000000000022,0.0,0.0
0.0,1.0000000000000022,0.0,0.0
0.0,1.0000000000000022,0.0,0.0
0.0,1.0000000000000022,0.0,0.0
0.0,1.0000000000000022,0.0,0.0
0.0,1.0000000000000022,0.0,0.0
0.0,1.0000000000000022,0.0,0.0
0.0,1.0000000000000022,0.0,0.0
0.0,1.0000000000000022,0.0,0.0
0.0,1.0000000000000022,0.0,0.0
0.0,1.0000000000000022,0.0,0.0
0.0,1.0000000000000022,0.0,0.0
0.0,1.0000000000000022,0.0,0.0
0.0,1.0000000000000022,0.0,0.0
0.0,1.0000000000000022,0.0,0.0
0.0,1.0000000000000022,0.0,0.0
0.0,1.0000000000000022,0.0,0.0
0.0,1.0000000000000022,0.0,0.0
0.0,1.0000000000000022,0.0,0.0
0.0,1.0000000000000022,0.0,0.0
0.0,1.0000000000000022,0.0,0.0
0.0,1.0000000000000022,0.0,0.0
0.0,1.0000000000000022,0.0,0.0
0.0,1.0000000000000022,0.0,0.0
0.0,1.0000000000000022,0.0,0.0
0.0,1.0000000000000022,0.0,0.0
0.0,1.0000000000000022,0.0,0.0
0.0,1.0000000000000022,0.0,0.0
0.0,1.0000000000000022,0.0,0.0
0.0,1.0000000000000022,0.0,0.0
0.0,1.0000000000000022,0.0,0.0
0.0,1.0000000000000022,0.0,0.0
0.0,1.0000000000000022,0.0,0.0
0.0,1.0000000000000022,0.0,0.0
0.0,1.0000000000000022,0.0,0.0
0.0,1.0000000000000022,0.0,0.0
0.0,1.0000000000000022,0.0,0.0
0.0,1.0000000000000022,0.0,0.0
0.0,1.0000000000000022,0.0,0.0
0.0,1.0000000000000022,0.0,0.0
0.0,1.0000000000000022,0.0,0.0
0.0,1.0000000000000022,0.0,0.0
0.0,1.0000000000000022,0.0,0.0
0.0,1.0000000000000022,0.0,0.0
0.0,1.0000000000000022,0.0,0.0
0.0,1.0000000000000022,0.0,0.0
0.0,1.0000000000000022,0.0,0.0
0.0,1.0000000000000022,0.0,0.0
0.0,1.0000000000000022,0.0,0.0
0.0,1.0000000000000022,0.0,0.0
0.0,1.0000000000000022,0.0,0.0
0.0,1.0000000000000022,0.0,0.0
0.0,1.0000000000000022,0.0,0.0
0.0,1.0000000000000022,0.0,0.0
0.0,1.0000000000000022,0.0,0.0
0.0,1.0000000000000022,0.0,0.0
0.0,1.0000000000000022,0.0,0.0
0.0,1.0000000000000022,0.0,0.0
0.0,1.0000000000000022,0.0,0.0
0.0,1.0000000000000022,0.0,0.0
0.0,1.0000000000000022,0.0,0.0
0.0,1.0000000000000022,0.0,0.0
0.0,1.0000000000000022,0.0,0.0
0.0,1.0000000000000022,0.0,0.0
0.0,1.0000000000000022,0.0,0.0
0.0,1.0000000000000022,0.0,0.0
0.0,1.0000000000000022,0.0,0.0
0.0,1.0000000000000022,0.0,0.0
0.0,1.0000000000000022,0.0,0.0
0.0,1.0000000000000022,0.0,0.0
0.0,1.0000000000000022,0.0,0.0
0.0,1.0000000000000022,0.0,0.0
0.0,1.0000000000000022,0.0,0.0
0.0,1.0000000000000022,0.0,0.0
0.0,1.0000000000000022,0.0,0.0
0.0,1.0000000000000022,0.0,0.0
0.0,1.0000000000000022,0.0,0.0
0.0,1.0000000000000022,0.0,0.0
0.0,1.0000000000000022,0.0,0.0
0.0,1.0000000000000022,0.0,0.0
0.0,1.0000000000000022,0.0,0.0
0.0,1.0000000000000022,0.0,0.0
0.0,1.0000000000000022,0.0,0.0
0.0,1.0000000000000022,0.0,0.0
0.0,1.0000000000000022,0.0,0.0
0.0,1.0000000000000022,0.0,0.0
0.0,1.0000000000000022,0.0,0.0
0.0,1.0000000000000022,0.0,0.0
0.0,1.0000000000000022,0.0,0.0
0.0,1.0000000000000022,0.0,0.0
0.0,1.0000000000000022,0.0,0.0
0.0,1.0000000000000022,0.0,0.0
0.0,1.0000000000000022,0.0,0.0
0.0,1.0000000000000022,0.0,0.0
0.0,1.0000000000000022,0.0,0.0
0.0,1.0000000000000022,0.0,0.0
0.0,1.0000000000000022,0.0,0.0
0.0,1.0000000000000022,0.0,0.0
0.0,1.0000000000000022,0.0,0.0
0.0,1.0000000000000022,0.0,0.0
0.0,1.0000000000000022,0.0,0.0
0.0,1.0000000000000022,0.0,0.0
0.0,1.0000000000000022,0.0,0.0
0.0,1.0000000000000022,0.0,0.0
0.0,1.0000000000000022,0.0,0.0
0.0,1.0000000000000022,0.0,0.0
0.0,1.0000000000000022,0.0,0.0
0.0,1.0000000000000022,0.0,0.0
0.0,1.0000000000000022,0.0,0.0
0.0,1.0000000000000022,0.0,0.0
0.0,1.0000000000000022,0.0,0.0
0.0,1.0000000000000022,0.0,0.0
0.0,1.0000000000000022,0.0,0.0
0.0,1.0000000000000022,0.0,0.0
0.0,1.0000000000000022,0.0,0.0
0.0,1.0000000000000022,0.0,0.0
0.0,1.0000000000000022,0.0,0.0
0.0,1.0000000000000022,0.0,0.0
0.0,1.0000000000000022,0.0,0.0
0.0,1.0000000000000022,0.0,0.0
0.0,1.0000000000000022,0.0,0.0
0.0,1.0000000000000022,0.0,0.0
0.0,1.0000000000000022,0.0,0.0
0.0,1.0000000000000022,0.0,0.0
0.0,1.0000000000000022,0.0,0.0
0.0,1.0000000000000022,0.0,0.0
0.0,1.0000000000000022,0.0,0.0
0.0,1.0000000000000022,0.0,0.0
0.0,1.0000000000000022,0.0,0.0
0.0,1.0000000000000022,0.0,0.0
0.0,1.0000000000000022,0.0,0.0
0.0,1.0000000000000022,0.0,0.0
0.0,1.0000000000000022,0.0,0.0
0.0,1.0000000000000022,0.0,0.0
0.0,1.0000000000000022,0.0,0.0
0.0,1.0000000000000022,0.0,0.0
0.0,1.0000000000000022,0.0,0.0
0.0,1.0000000000000022,0.0,0.0
0.0,1.0000000000000022,0.0,0.0
0.0,1.0000000000000022,0.0,0.0
0.0,1.0000000000000022,0.0,0.0
0.0,1.0000000000000022,0.0,0.0
0.0,1.0000000000000022,0.0,0.0
0.0,1.0000000000000022,0.0,0.0
0.0,1.0000000000000022,0.0,0.0
0.0,1.0000000000000022,0.0,0.0
0.0,1.0000000000000022,0.0,0.0
0.0,1.0000000000000022,0.0,0.0
0.0,1.0000000000000022,0.0,0.0
0.0,1.0000000000000022,0.0,0.0
0.0,1.0000000000000022,0.0,0.0
0.0,1.0000000000000022,0.0,0.0
0.0,1.0000000000000022,0.0,0.0
0.0,1.0000000000000022,0.0,0.0
0.0,1.0000000000000022,0.0,0.0
0.0,1.0000000000000022,0.0,0.0
0.0,1.0000000000000022,0.0,0.0
0.0,1.0000000000000022,0.0,0.0
0.0,1.0000000000000022,0.0,0.0
0.0,1.0000000000000022,0.0,0.0
0.0,1.0000000000000022,0.0,0.0
0.0,1.0000000000000022,0.0,0.0
0.0,1.0000000000000022,0.0,0.0
0.0,1.0000000000000022,0.0,0.0
0.0,1.0000000000000022,0.0,0.0
0.0,1.0000000000000022,0.0,0.0
0.0,1.0000000000000022,0.0,0.0
0.0,1.0000000000000022,0.0,0.0
0.0,1.0000000000000022,0.0,0.0
0.0,1.0000000000000022,0.0,0.0
0.0,1.0000000000000022,0.0,0.0
0.0,1.0000000000000022,0.0,0.0
0.0,1.0000000000000022,0.0,0.0
0.0,1.0000000000000022,0.0,0.0
0.0,1.0000000000000022,0.0,0.0
0.0,1.0000000000000022,0.0,0.0
0.0,1.0000000000000022,0.0,0.0
0.0,1.0000000000000022,0.0,0.0
0.0,1.0000000000000022,0.0,0.0
0.0,1.0000000000000022,0.0,0.0
0.0,1.0000000000000022,0.0,0.0
0.0,1.0000000000000022,0.0,0.0
0.0,1.0000000000000022,0.0,0.0
0.0,1.0000000000000022,0.0,0.0
0.0,1.0000000000000022,0.0,0.0
0.0,1.0000000000000022,0.0,0.0
0.0,1.0000000000000022,0.0,0.0
0.0,1.0000000000000022,0.0,0.0
0.0,1.0000000000000022,0.0,0.0
0.0,1.0000000000000022,0.0,0.0
0.0,1.0000000000000022,0.0,0.0
0.0,1.0000000000000022,0.0,0.0
0.0,1.0000000000000022,0.0,0.0
0.0,1.0000000000000022,0.0,0.0
0.0,1.0000000000000022,0.0,0.0
0.0,1.0000000000000022,0.0,0.0
0.0,1.0000000000000022,0.0,0.0
0.0,1.0000000000000022,0.0,0.0
0.0,1.0000000000000022,0.0,0.0
0.0,1.0000000000000022,0.0,0.0
0.0,1.0000000000000022,0.0,0.0
0.0,1.0000000000000022,0.0,0.0
0.0,1.0000000000000022,0.0,0.0
0.0,1.0000000000000022,0.0,0.0
0.0,1.0000000000000022,0.0,0.0
0.0,1.0000000000000022,0.0,0.0
0.0,1.0000000000000022,0.0,0.0
0.0,1.0000000000000022,0.0,0.0
0.0,1.0000000000000022,0.0,0.0
0.0,1.0000000000000022,0.0,0.0
0.0,1.0000000000000022,0.0,0.0
0.0,1.0000000000000022,0.0,0.0
0.0,1.0000000000000022,0.0,0.0
0.0,1.0000000000000022,0.0,0.0
0.0,1.0000000000000022,0.0,0.0
0.0,1.0000000000000022,0.0,0.0
0.0,1.0000000000000022,0.0,0.0
0.0,1.0000000000000022,0.0,0.0
0.0,1.0000000000000022,0.0,0.0
0.0,1.0000000000000022,0.0,0.0
0.0,1.0000000000000022,0.0,0.0
0.0,1.0000000000000022,0.0,0.0
0.0,1.0000000000000022,0.0,0.0
0.0,1.0000000000000022,0.0,0.0
0.0,1.0000000000000022,0.0,0.0
0.0,1.0000000000000022,0.0,0.0
0.0,1.0000000000000022,0.0,0.0
0.0,1.0000000000000022,0.0,0.0
0.0,1.0000000000000022,0.0,0.0
0.0,1.0000000000000022,0.0,0.0
0.0,1.0000000000000022,0.0,0.0
0.0,1.0000000000000022,0.0,0.0
0.0,1.0000000000000022,0.0,0.0
0.0,1.0000000000000022,0.0,0.0
0.0,1.0000000000000022,0.0,0.0
0.0,1.0000000000000022,0.0,0.0
0.0,1.0000000000000022,0.0,0.0
0.0,1.0000000000000022,0.0,0.0
0.0,1.0000000000000022,0.0,0.0
0.0,1.0000000000000022,0.0,0.0
0.0,1.0000000000000022,0.0,0.0
0.0,1.0000000000000022,0.0,0.0
0.0,1.0000000000000022,0.0,0.0
0.0,1.0000000000000022,0.0,0.0
0.0,1.0000000000000022,0.0,0.0
0.0,1.0000000000000022,0.0,0.0
0.0,1.0000000000000022,0.0,0.0
0.0,1.0000000000000022,0.0,0.0
0.0,1.0000000000000022,0.0,0.0
0.0,1.0000000000000022,0.0,0.0
0.0,1.0000000000000022,0.0,0.0
0.0,1.0000000000000022,0.0,0.0
0.0,1.0000000000000022,0.0,0.0
0.0,1.0000000000000022,0.0,0.0
0.0,1.0000000000000022,0.0,0.0
0.0,1.0000000000000022,0.0,0.0
0.0,1.0000000000000022,0.0,0.0
0.0,1.0000000000000022,0.0,0.0
0.0,1.0000000000000022,0.0,0.0
0.0,1.0000000000000022,0.0,0.0
0.0,1.0000000000000022,0.0,0.0
0.0,1.0000000000000022,0.0,0.0
0.0,1.0000000000000022,0.0,0.0
0.0,1.0000000000000022,0.0,0.0
0.0,1.0000000000000022,0.0,0.0
0.0,1.0000000000000022,0.0,0.0
0.0,1.0000000000000022,0.0,0.0
0.0,1.0000000000000022,0.0,0.0
0.0,1.0000000000000022,0.0,0.0
0.0,1.0000000000000022,0.0,0.0
0.0,1.0000000000000022,0.0,0.0
0.0,1.0000000000000022,0.0,0.0
0.0,1.0000000000000022,0.0,0.0
0.0,1.0000000000000022,0.0,0.0
0.0,1.0000000000000022,0.0,0.0
0.0,1.0000000000000022,0.0,0.0
0.0,1.0000000000000022,0.0,0.0
0.0,1.0000000000000022,0.0,0.0
0.0,1.0000000000000022,0.0,0.0
0.0,1.0000000000000022,0.0,0.0
0.0,1.0000000000000022,0.0,0.0
0.0,1.0000000000000022,0.0,0.0
0.0,1.0000000000000022,0.0,0.0
0.0,1.0000000000000022,0.0,0.0
0.0,1.0000000000000022,0.0,0.0
0.0,1.0000000000000022,0.0,0.0
0.0,1.0000000000000022,0.0,0.0
0.0,1.0000000000000022,0.0,0.0
0.0,1.0000000000000022,0.0,0.0
0.0,1.0000000000000022,0.0,0.0
0.0,1.0000000000000022,0.0,0.0
0.0,1.0000000000000022,0.0,0.0
0.0,1.0000000000000022,0.0,0.0
0.0,1.0000000000000022,0.0,0.0
0.0,1.0000000000000022,0.0,0.0
0.0,1.0000000000000022,0.0,0.0
0.0,1.0000000000000022,0.0,0.0
0.0,1.0000000000000022,0.0,0.0
0.0,1.0000000000000022,0.0,0.0
0.0,1.0000000000000022,0.0,0.0
0.0,1.0000000000000022,0.0,0.0
0.0,1.0000000000000022,0.0,0.0
0.0,1.0000000000000022,0.0,0.0
0.0,1.0000000000000022,0.0,0.0
0.0,1.0000000000000022,0.0,0.0
0.0,1.0000000000000022,0.0,0.0
0.0,1.0000000000000022,0.0,0.0
0.0,1.0000000000000022,0.0,0.0
0.0,1.0000000000000022,0.0,0.0
0.0,1.0000000000000022,0.0,0.0
0.0,1.0000000000000022,0.0,0.0
0.0,1.0000000000000022,0.0,0.0
0.0,1.0000000000000022,0.0,0.0
0.0,1.0000000000000022,0.0,0.0
0.0,1.0000000000000022,0.0,0.0
0.0,1.0000000000000022,0.0,0.0
0.0,1.0000000000000022,0.0,0.0
0.0,1.0000000000000022,0.0,0.0
0.0,1.0000000000000022,0.0,0.0
0.0,1.0000000000000022,0.0,0.0
0.0,1.0000000000000022,0.0,0.0
0.0,1.0000000000000022,0.0,0.0
0.0,1.0000000000000022,0.0,0.0
0.0,1.0000000000000022,0.0,0.0
0.0,1.0000000000000022,0.0,0.0
0.0,1.0000000000000022,0.0,0.0
0.0,1.0000000000000022,0.0,0.0
0.0,1.0000000000000022,0.0,0.0
0.0,1.0000000000000022,0.0,0.0
0.0,1.0000000000000022,0.0,0.0
0.0,1.0000000000000022,0.0,0.0
0.0,1.0000000000000022,0.0,0.0
0.0,1.0000000000000022,0.0,0.0
0.0,1.0000000000000022,0.0,0.0
0.0,1.0000000000000022,0.0,0.0
0.0,1.0000000000000022,0.0,0.0
0.0,1.0000000000000022,0.0,0.0
0.0,1.0000000000000022,0.0,0.0
0.0,1.0000000000000022,0.0,0.0
0.0,1.0000000000000022,0.0,0.0
0.0,1.0000000000000022,0.0,0.0
0.0,1.0000000000000022,0.0,0.0
0.0,1.0000000000000022,0.0,0.0
0.0,1.0000000000000022,0.0,0.0
0.0,1.0000000000000022,0.0,0.0
0.0,1.0000000000000022,0.0,0.0
0.0,1.0000000000000022,0.0,0.0
0.0,1.0000000000000022,0.0,0.0
0.0,1.0000000000000022,0.0,0.0
0.0,1.0000000000000022,0.0,0.0
0.0,1.0000000000000022,0.0,0.0
0.0,1.0000000000000022,0.0,0.0
0.0,1.0000000000000022,0.0,0.0
0.0,1.0000000000000022,0.0,0.0
0.0,1.0000000000000022,0.0,0.0
0.0,1.0000000000000022,0.0,0.0
0.0,1.0000000000000022,0.0,0.0
0.0,1.0000000000000022,0.0,0.0
0.0,1.0000000000000022,0.0,0.0
0.0,1.0000000000000022,0.0,0.0
0.0,1.0000000000000022,0.0,0.0
0.0,1.0000000000000022,0.0,0.0
0.0,1.0000000000000022,0.0,0.0
0.0,1.0000000000000022,0.0,0.0
0.0,1.0000000000000022,0.0,0.0
0.0,1.0000000000000022,0.0,0.0
0.0,1.0000000000000022,0.0,0.0
0.0,1.0000000000000022,0.0,0.0
0.0,1.0000000000000022,0.0,0.0
0.0,1.0000000000000022,0.0,0.0
0.0,1.0000000000000022,0.0,0.0
0.0,1.0000000000000022,0.0,0.0
0.0,1.0000000000000022,0.0,0.0
0.0,1.0000000000000022,0.0,0.0
0.0,1.0000000000000022,0.0,0.0
0.0,1.0000000000000022,0.0,0.0
0.0,1.0000000000000022,0.0,0.0
0.0,1.0000000000000022,0.0,0.0
0.0,1.0000000000000022,0.0,0.0
0.0,1.0000000000000022,0.0,0.0
0.0,1.0000000000000022,0.0,0.0
0.0,1.0000000000000022,0.0,0.0
0.0,1.0000000000000022,0.0,0.0
0.0,1.0000000000000022,0.0,0.0
0.0,1.0000000000000022,0.0,0.0
0.0,1.0000000000000022,0.0,0.0
0.0,1.0000000000000022,0.0,0.0
0.0,1.0000000000000022,0.0,0.0
0.0,1.0000000000000022,0.0,0.0
0.0,1.0000000000000022,0.0,0.0
0.0,1.0000000000000022,0.0,0.0
0.0,1.0000000000000022,0.0,0.0
0.0,1.0000000000000022,0.0,0.0
0.0,1.0000000000000022,0.0,0.0
0.0,1.0000000000000022,0.0,0.0
0.0,1.0000000000000022,0.0,0.0
0.0,1.0000000000000022,0.0,0.0
0.0,1.0000000000000022,0.0,0.0
0.0,1.0000000000000022,0.0,0.0
0.0,1.0000000000000022,0.0,0.0
0.0,1.0000000000000022,0.0,0.0
0.0,1.0000000000000022,0.0,0.0
0.0,1.0000000000000022,0.0,0.0
0.0,1.0000000000000022,0.0,0.0
0.0,1.0000000000000022,0.0,0.0
0.0,1.0000000000000022,0.0,0.0
0.0,1.0000000000000022,0.0,0.0
0.0,1.0000000000000022,0.0,0.0
0.0,1.0000000000000022,0.0,0.0
0.0,1.0000000000000022,0.0,0.0
0.0,1.0000000000000022,0.0,0.0
0.0,1.0000000000000022,0.0,0.0
0.0,1.0000000000000022,0.0,0.0
0.0,1.0000000000000022,0.0,0.0
0.0,1.0000000000000022,0.0,0.0
0.0,1.0000000000000022,0.0,0.0
0.0,1.0000000000000022,0.0,0.0
0.0,1.0000000000000022,0.0,0.0
0.0,1.0000000000000022,0.0,0.0
0.0,1.0000000000000022,0.0,0.0
0.0,1.0000000000000022,0.0,0.0
0.0,1.0000000000000022,0.0,0.0
0.0,1.0000000000000022,0.0,0.0
0.0,1.0000000000000022,0.0,0.0
0.0,1.0000000000000022,0.0,0.0
0.0,1.0000000000000022,0.0,0.0
0.0,1.0000000000000022,0.0,0.0
0.0,1.0000000000000022,0.0,0.0
0.0,1.0000000000000022,0.0,0.0
0.0,1.0000000000000022,0.0,0.0
0.0,1.0000000000000022,0.0,0.0
0.0,1.0000000000000022,0.0,0.0
0.0,1.0000000000000022,0.0,0.0
0.0,1.0000000000000022,0.0,0.0
0.0,1.0000000000000022,0.0,0.0
0.0,1.0000000000000022,0.0,0.0
0.0,1.0000000000000022,0.0,0.0
0.0,1.0000000000000022,0.0,0.0
0.0,1.0000000000000022,0.0,0.0
0.0,1.0000000000000022,0.0,0.0
0.0,1.0000000000000022,0.0,0.0
0.0,1.0000000000000022,0.0,0.0
0.0,1.0000000000000022,0.0,0.0
0.0,1.0000000000000022,0.0,0.0
0.0,1.0000000000000022,0.0,0.0
0.0,1.0000000000000022,0.0,0.0
0.0,1.0000000000000022,0.0,0.0
0.0,1.0000000000000022,0.0,0.0
0.0,1.0000000000000022,0.0,0.0
0.0,1.0000000000000022,0.0,0.0
0.0,1.0000000000000022,0.0,0.0
0.0,1.0000000000000022,0.0,0.0
0.0,1.0000000000000022,0.0,0.0
0.0,1.0000000000000022,0.0,0.0
0.0,1.0000000000000022,0.0,0.0
0.0,1.0000000000000022,0.0,0.0
0.0,1.0000000000000022,0.0,0.0
0.0,1.0000000000000022,0.0,0.0
0.0,1.0000000000000022,0.0,0.0
0.0,1.0000000000000022,0.0,0.0
0.0,1.0000000000000022,0.0,0.0
0.0,1.0000000000000022,0.0,0.0
0.0,1.0000000000000022,0.0,0.0
0.0,1.0000000000000022,0.0,0.0
0.0,1.0000000000000022,0.0,0.0
0.0,1.0000000000000022,0.0,0.0
0.0,1.0000000000000022,0.0,0.0
0.0,1.0000000000000022,0.0,0.0
0.0,1.0000000000000022,0.0,0.0
0.0,1.0000000000000022,0.0,0.0
0.0,1.0000000000000022,0.0,0.0
0.0,1.0000000000000022,0.0,0.0
0.0,1.0000000000000022,0.0,0.0
0.0,1.0000000000000022,0.0,0.0
0.0,1.0000000000000022,0.0,0.0
0.0,1.0000000000000022,0.0,0.0
0.0,1.0000000000000022,0.0,0.0
0.0,1.0000000000000022,0.0,0.0
0.0,1.0000000000000022,0.0,0.0
0.0,1.0000000000000022,0.0,0.0
0.0,1.0000000000000022,0.0,0.0
0.0,1.0000000000000022,0.0,0.0
0.0,1.0000000000000022,0.0,0.0
0.0,1.0000000000000022,0.0,0.0
0.0,1.0000000000000022,0.0,0.0
0.0,1.0000000000000022,0.0,0.0
0.0,1.0000000000000022,0.0,0.0
0.0,1.0000000000000022,0.0,0.0
0.0,1.0000000000000022,0.0,0.0
0.0,1.0000000000000022,0.0,0.0
0.0,1.0000000000000022,0.0,0.0
0.0,1.0000000000000022,0.0,0.0
0.0,1.0000000000000022,0.0,0.0
0.0,1.0000000000000022,0.0,0.0
0.0,1.0000000000000022,0.0,0.0
0.0,1.0000000000000022,0.0,0.0
0.0,1.0000000000000022,0.0,0.0
0.0,1.0000000000000022,0.0,0.0
0.0,1.0000000000000022,0.0,0.0
0.0,1.0000000000000022,0.0,0.0
0.0,1.0000000000000022,0.0,0.0
0.0,1.0000000000000022,0.0,0.0
0.0,1.0000000000000022,0.0,0.0
0.0,1.0000000000000022,0.0,0.0
0.0,1.0000000000000022,0.0,0.0
0.0,1.0000000000000022,0.0,0.0
0.0,1.0000000000000022,0.0,0.0
0.0,1.0000000000000022,0.0,0.0
0.0,1.0000000000000022,0.0,0.0
0.0,1.0000000000000022,0.0,0.0
0.0,1.0000000000000022,0.0,0.0
0.0,1.0000000000000022,0.0,0.0
0.0,1.0000000000000022,0.0,0.0
0.0,1.0000000000000022,0.0,0.0
0.0,1.0000000000000022,0.0,0.0
0.0,1.0000000000000022,0.0,0.0
0.0,1.0000000000000022,0.0,0.0
0.0,1.0000000000000022,0.0,0.0
0.0,1.0000000000000022,0.0,0.0
0.0,1.0000000000000022,0.0,0.0
0.0,1.0000000000000022,0.0,0.0
0.0,1.0000000000000022,0.0,0.0
0.0,1.0000000000000022,0.0,0.0
0.0,1.0000000000000022,0.0,0.0
0.0,1.0000000000000022,0.0,0.0
0.0,1.0000000000000022,0.0,0.0
0.0,1.0000000000000022,0.0,0.0
0.0,1.0000000000000022,0.0,0.0
0.0,1.0000000000000022,0.0,0.0
0.0,1.0000000000000022,0.0,0.0
0.0,1.0000000000000022,0.0,0.0
0.0,1.0000000000000022,0.0,0.0
0.0,1.0000000000000022,0.0,0.0
0.0,1.0000000000000022,0.0,0.0
0.0,1.0000000000000022,0.0,0.0
0.0,1.0000000000000022,0.0,0.0
0.0,1.0000000000000022,0.0,0.0
0.0,1.0000000000000022,0.0,0.0
0.0,1.0000000000000022,0.0,0.0
0.0,1.0000000000000022,0.0,0.0
0.0,1.0000000000000022,0.0,0.0
0.0,1.0000000000000022,0.0,0.0
0.0,1.0000000000000022,0.0,0.0
0.0,1.0000000000000022,0.0,0.0
0.0,1.0000000000000022,0.0,0.0
0.0,1.0000000000000022,0.0,0.0
0.0,1.0000000000000022,0.0,0.0
0.0,1.0000000000000022,0.0,0.0
0.0,1.0000000000000022,0.0,0.0
0.0,1.0000000000000022,0.0,0.0
0.0,1.0000000000000022,0.0,0.0
0.0,1.0000000000000022,0.0,0.0
0.0,1.0000000000000022,0.0,0.0
0.0,1.0000000000000022,0.0,0.0
0.0,1.0000000000000022,0.0,0.0
0.0,1.0000000000000022,0.0,0.0
0.0,1.0000000000000022,0.0,0.0
0.0,1.0000000000000022,0.0,0.0
0.0,1.0000000000000022,0.0,0.0
0.0,1.0000000000000022,0.0,0.0
0.0,1.0000000000000022,0.0,0.0
0.0,1.0000000000000022,0.0,0.0
0.0,1.0000000000000022,0.0,0.0
0.0,1.0000000000000022,0.0,0.0
0.0,1.0000000000000022,0.0,0.0
0.0,1.0000000000000022,0.0,0.0
0.0,1.0000000000000022,0.0,0.0
0.0,1.0000000000000022,0.0,0.0
0.0,1.0000000000000022,0.0,0.0
0.0,1.0000000000000022,0.0,0.0
0.0,1.0000000000000022,0.0,0.0
0.0,1.0000000000000022,0.0,0.0
0.0,1.0000000000000022,0.0,0.0
0.0,1.0000000000000022,0.0,0.0
0.0,1.0000000000000022,0.0,0.0
0.0,1.0000000000000022,0.0,0.0
0.0,1.0000000000000022,0.0,0.0
0.0,1.0000000000000022,0.0,0.0
0.0,1.0000000000000022,0.0,0.0
0.0,1.0000000000000022,0.0,0.0
0.0,1.0000000000000022,0.0,0.0
0.0,1.0000000000000022,0.0,0.0
0.0,1.0000000000000022,0.0,0.0
0.0,1.0000000000000022,0.0,0.0
0.0,1.0000000000000022,0.0,0.0
0.0,1.0000000000000022,0.0,0.0
0.0,1.0000000000000022,0.0,0.0
0.0,1.0000000000000022,0.0,0.0
0.0,1.0000000000000022,0.0,0.0
0.0,1.0000000000000022,0.0,0.0
0.0,1.0000000000000022,0.0,0.0
0.0,1.0000000000000022,0.0,0.0
0.0,1.0000000000000022,0.0,0.0
0.0,1.0000000000000022,0.0,0.0
0.0,1.0000000000000022,0.0,0.0
0.0,1.0000000000000022,0.0,0.0
0.0,1.0000000000000022,0.0,0.0
0.0,1.0000000000000022,0.0,0.0
0.0,1.0000000000000022,0.0,0.0
0.0,1.0000000000000022,0.0,0.0
0.0,1.0000000000000022,0.0,0.0
0.0,1.0000000000000022,0.0,0.0
0.0,1.0000000000000022,0.0,0.0
0.0,1.0000000000000022,0.0,0.0
0.0,1.0000000000000022,0.0,0.0
0.0,1.0000000000000022,0.0,0.0
0.0,1.0000000000000022,0.0,0.0
0.0,1.0000000000000022,0.0,0.0
0.0,1.0000000000000022,0.0,0.0
0.0,1.0000000000000022,0.0,0.0
0.0,1.0000000000000022,0.0,0.0
0.0,1.0000000000000022,0.0,0.0
0.0,1.0000000000000022,0.0,0.0
0.0,1.0000000000000022,0.0,0.0
0.0,1.0000000000000022,0.0,0.0
0.0,1.0000000000000022,0.0,0.0
0.0,1.0000000000000022,0.0,0.0
0.0,1.0000000000000022,0.0,0.0
0.0,1.0000000000000022,0.0,0.0
0.0,1.0000000000000022,0.0,0.0
0.0,1.0000000000000022,0.0,0.0
0.0,1.0000000000000022,0.0,0.0
0.0,1.0000000000000022,0.0,0.0
0.0,1.0000000000000022,0.0,0.0
0.0,1.0000000000000022,0.0,0.0
0.0,1.0000000000000022,0.0,0.0
0.0,1.0000000000000022,0.0,0.0
0.0,1.0000000000000022,0.0,0.0
0.0,1.0000000000000022,0.0,0.0
0.0,1.0000000000000022,0.0,0.0
0.0,1.0000000000000022,0.0,0.0
0.0,1.0000000000000022,0.0,0.0
0.0,1.0000000000000022,0.0,0.0
0.0,1.0000000000000022,0.0,0.0
0.0,1.0000000000000022,0.0,0.0
0.0,1.0000000000000022,0.0,0.0
0.0,1.0000000000000022,0.0,0.0
0.0,1.0000000000000022,0.0,0.0
0.0,1.0000000000000022,0.0,0.0
0.0,1.0000000000000022,0.0,0.0
0.0,1.0000000000000022,0.0,0.0
0.0,1.0000000000000022,0.0,0.0
0.0,1.0000000000000022,0.0,0.0
0.0,1.0000000000000022,0.0,0.0
0.0,1.0000000000000022,0.0,0.0
0.0,1.0000000000000022,0.0,0.0
0.0,1.0000000000000022,0.0,0.0
0.0,1.0000000000000022,0.0,0.0
0.0,1.0000000000000022,0.0,0.0
0.0,1.0000000000000022,0.0,0.0
0.0,1.0000000000000022,0.0,0.0
0.0,1.0000000000000022,0.0,0.0
0.0,1.0000000000000022,0.0,0.0
0.0,1.0000000000000022,0.0,0.0
0.0,1.0000000000000022,0.0,0.0
0.0,1.0000000000000022,0.0,0.0
0.0,1.0000000000000022,0.0,0.0
0.0,1.0000000000000022,0.0,0.0
0.0,1.0000000000000022,0.0,0.0
0.0,1.0000000000000022,0.0,0.0
0.0,1.0000000000000022,0.0,0.0
0.0,1.0000000000000022,0.0,0.0
0.0,1.0000000000000022,0.0,0.0
0.0,1.0000000000000022,0.0,0.0
0.0,1.0000000000000022,0.0,0.0
0.0,1.0000000000000022,0.0,0.0
0.0,1.0000000000000022,0.0,0.0
0.0,1.0000000000000022,0.0,0.0
0.0,1.0000000000000022,0.0,0.0
0.0,1.0000000000000022,0.0,0.0
0.0,1.0000000000000022,0.0,0.0
0.0,1.0000000000000022,0.0,0.0
0.0,1.0000000000000022,0.0,0.0
0.0,1.0000000000000022,0.0,0.0
0.0,1.0000000000000022,0.0,0.0
0.0,1.0000000000000022,0.0,0.0
0.0,1.0000000000000022,0.0,0.0
0.0,1.0000000000000022,0.0,0.0
0.0,1.0000000000000022,0.0,0.0
0.0,1.0000000000000022,0.0,0.0
0.0,1.0000000000000022,0.0,0.0
0.0,1.0000000000000022,0.0,0.0
0.0,1.0000000000000022,0.0,0.0
0.0,1.0000000000000022,0.0,0.0
0.0,1.0000000000000022,0.0,0.0
0.0,1.0000000000000022,0.0,0.0
0.0,1.0000000000000022,0.0,0.0
0.0,1.0000000000000022,0.0,0.0
0.0,1.0000000000000022,0.0,0.0
0.0,1.0000000000000022,0.0,0.0
0.0,1.0000000000000022,0.0,0.0
0.0,1.0000000000000022,0.0,0.0
0.0,1.0000000000000022,0.0,0.0
0.0,1.0000000000000022,0.0,0.0
0.0,1.0000000000000022,0.0,0.0
0.0,1.0000000000000022,0.0,0.0
0.0,1.0000000000000022,0.0,0.0
0.0,1.0000000000000022,0.0,0.0
0.0,1.0000000000000022,0.0,0.0
0.0,1.0000000000000022,0.0,0.0
0.0,1.0000000000000022,0.0,0.0
0.0,1.0000000000000022,0.0,0.0
0.0,1.0000000000000022,0.0,0.0
0.0,1.0000000000000022,0.0,0.0
0.0,1.0000000000000022,0.0,0.0
0.0,1.0000000000000022,0.0,0.0
0.0,1.0000000000000022,0.0,0.0
0.0,1.0000000000000022,0.0,0.0
0.0,1.0000000000000022,0.0,0.0
0.0,1.0000000000000022,0.0,0.0
0.0,1.0000000000000022,0.0,0.0
0.0,1.0000000000000022,0.0,0.0
0.0,1.0000000000000022,0.0,0.0
0.0,1.0000000000000022,0.0,0.0
0.0,1.0000000000000022,0.0,0.0
0.0,1.0000000000000022,0.0,0.0
0.0,1.0000000000000022,0.0,0.0
0.0,1.0000000000000022,0.0,0.0
0.0,1.0000000000000022,0.0,0.0
0.0,1.0000000000000022,0.0,0.0
0.0,1.0000000000000022,0.0,0.0
0.0,1.0000000000000022,0.0,0.0
0.0,1.0000000000000022,0.0,0.0
0.0,1.0000000000000022,0.0,0.0
0.0,1.0000000000000022,0.0,0.0
0.0,1.0000000000000022,0.0,0.0
0.0,1.0000000000000022,0.0,0.0
0.0,1.0000000000000022,0.0,0.0
0.0,1.0000000000000022,0.0,0.0
0.0,1.0000000000000022,0.0,0.0
0.0,1.0000000000000022,0.0,0.0
0.0,1.0000000000000022,0.0,0.0
0.0,1.0000000000000022,0.0,0.0
0.0,1.0000000000000022,0.0,0.0
0.0,1.0000000000000022,0.0,0.0
0.0,1.0000000000000022,0.0,0.0
0.0,1.0000000000000022,0.0,0.0
0.0,1.0000000000000022,0.0,0.0
0.0,1.0000000000000022,0.0,0.0
0.0,1.0000000000000022,0.0,0.0
0.0,1.0000000000000022,0.0,0.0
0.0,1.0000000000000022,0.0,0.0
0.0,1.0000000000000022,0.0,0.0
0.0,1.0000000000000022,0.0,0.0
0.0,1.0000000000000022,0.0,0.0
0.0,1.0000000000000022,0.0,0.0
0.0,1.0000000000000022,0.0,0.0
0.0,1.0000000000000022,0.0,0.0
0.0,1.0000000000000022,0.0,0.0
0.0,1.0000000000000022,0.0,0.0
0.0,1.0000000000000022,0.0,0.0
0.0,1.0000000000000022,0.0,0.0
0.0,1.0000000000000022,0.0,0.0
0.0,1.0000000000000022,0.0,0.0
0.0,1.0000000000000022,0.0,0.0
0.0,1.0000000000000022,0.0,0.0
0.0,1.0000000000000022,0.0,0.0
0.0,1.0000000000000022,0.0,0.0
0.0,1.0000000000000022,0.0,0.0
0.0,1.0000000000000022,0.0,0.0
0.0,1.0000000000000022,0.0,0.0
0.0,1.0000000000000022,0.0,0.0
0.0,1.0000000000000022,0.0,0.0
0.0,1.0000000000000022,0.0,0.0
0.0,1.0000000000000022,0.0,0.0
0.0,1.0000000000000022,0.0,0.0
0.0,1.0000000000000022,0.0,0.0
0.0,1.0000000000000022,0.0,0.0
0.0,1.0000000000000022,0.0,0.0
0.0,1.0000000000000022,0.0,0.0
0.0,1.0000000000000022,0.0,0.0
0.0,1.0000000000000022,0.0,0.0
0.0,1.0000000000000022,0.0,0.0
0.0,1.0000000000000022,0.0,0.0
0.0,1.0000000000000022,0.0,0.0
0.0,1.0000000000000022,0.0,0.0
0.0,1.0000000000000022,0.0,0.0
0.0,1.0000000000000022,0.0,0.0
0.0,1.0000000000000022,0.0,0.0
0.0,1.0000000000000022,0.0,0.0
0.0,1.0000000000000022,0.0,0.0
0.0,1.0000000000000022,0.0,0.0
0.0,1.0000000000000022,0.0,0.0
0.0,1.0000000000000022,0.0,0.0
0.0,1.0000000000000022,0.0,0.0
0.0,1.0000000000000022,0.0,0.0
0.0,1.0000000000000022,0.0,0.0
0.0,1.0000000000000022,0.0,0.0
0.0,1.0000000000000022,0.0,0.0
0.0,1.0000000000000022,0.0,0.0
0.0,1.0000000000000022,0.0,0.0
0.0,1.0000000000000022,0.0,0.0
0.0,1.0000000000000022,0.0,0.0
0.0,1.0000000000000022,0.0,0.0
0.0,1.0000000000000022,0.0,0.0
0.0,1.0000000000000022,0.0,0.0
0.0,1.0000000000000022,0.0,0.0
0.0,1.0000000000000022,0.0,0.0
0.0,1.0000000000000022,0.0,0.0
0.0,1.0000000000000022,0.0,0.0
0.0,1.0000000000000022,0.0,0.0
0.0,1.0000000000000022,0.0,0.0
0.0,1.0000000000000022,0.0,0.0
0.0,1.0000000000000022,0.0,0.0
0.0,1.0000000000000022,0.0,0.0
0.0,1.0000000000000022,0.0,0.0
0.0,1.0000000000000022,0.0,0.0
0.0,1.0000000000000022,0.0,0.0
0.0,1.0000000000000022,0.0,0.0
0.0,1.0000000000000022,0.0,0.0
0.0,1.0000000000000022,0.0,0.0
0.0,1.0000000000000022,0.0,0.0
0.0,1.0000000000000022,0.0,0.0
0.0,1.0000000000000022,0.0,0.0
0.0,1.0000000000000022,0.0,0.0
0.0,1.0000000000000022,0.0,0.0
0.0,1.0000000000000022,0.0,0.0
0.0,1.0000000000000022,0.0,0.0
0.0,1.0000000000000022,0.0,0.0
0.0,1.0000000000000022,0.0,0.0
0.0,1.0000000000000022,0.0,0.0
0.0,1.0000000000000022,0.0,0.0
0.0,1.0000000000000022,0.0,0.0
0.0,1.0000000000000022,0.0,0.0
0.0,1.0000000000000022,0.0,0.0
0.0,1.0000000000000022,0.0,0.0
0.0,1.0000000000000022,0.0,0.0
0.0,1.0000000000000022,0.0,0.0
0.0,1.0000000000000022,0.0,0.0
0.0,1.0000000000000022,0.0,0.0
0.0,1.0000000000000022,0.0,0.0
0.0,1.0000000000000022,0.0,0.0
0.0,1.0000000000000022,0.0,0.0
0.0,1.0000000000000022,0.0,0.0
0.0,1.0000000000000022,0.0,0.0
0.0,1.0000000000000022,0.0,0.0
0.0,1.0000000000000022,0.0,0.0
0.0,1.0000000000000022,0.0,0.0
0.0,1.0000000000000022,0.0,0.0
0.0,1.0000000000000022,0.0,0.0
0.0,1.0000000000000022,0.0,0.0
0.0,1.0000000000000022,0.0,0.0
0.0,1.0000000000000022,0.0,0.0
0.0,1.0000000000000022,0.0,0.0
0.0,1.0000000000000022,0.0,0.0
0.0,1.0000000000000022,0.0,0.0
0.0,1.0000000000000022,0.0,0.0
0.0,1.0000000000000022,0.0,0.0
0.0,1.0000000000000022,0.0,0.0
0.0,1.0000000000000022,0.0,0.0
0.0,1.0000000000000022,0.0,0.0
0.0,1.0000000000000022,0.0,0.0
0.0,1.0000000000000022,0.0,0.0
0.0,1.0000000000000022,0.0,0.0
0.0,1.0000000000000022,0.0,0.0
0.0,1.0000000000000022,0.0,0.0
0.0,1.0000000000000022,0.0,0.0
0.0,1.0000000000000022,0.0,0.0
0.0,1.0000000000000022,0.0,0.0
0.0,1.0000000000000022,0.0,0.0
0.0,1.0000000000000022,0.0,0.0
0.0,1.0000000000000022,0.0,0.0
0.0,1.0000000000000022,0.0,0.0
0.0,1.0000000000000022,0.0,0.0
0.0,1.0000000000000022,0.0,0.0
0.0,1.0000000000000022,0.0,0.0
0.0,1.0000000000000022,0.0,0.0
0.0,1.0000000000000022,0.0,0.0
0.0,1.0000000000000022,0.0,0.0
0.0,1.0000000000000022,0.0,0.0
0.0,1.0000000000000022,0.0,0.0
0.0,1.0000000000000022,0.0,0.0
0.0,1.0000000000000022,0.0,0.0
0.0,1.0000000000000022,0.0,0.0
0.0,1.0000000000000022,0.0,0.0
0.0,1.0000000000000022,0.0,0.0
0.0,1.0000000000000022,0.0,0.0
0.0,1.0000000000000022,0.0,0.0
0.0,1.0000000000000022,0.0,0.0
0.0,1.0000000000000022,0.0,0.0
0.0,1.0000000000000022,0.0,0.0
0.0,1.0000000000000022,0.0,0.0
0.0,1.0000000000000022,0.0,0.0
0.0,1.0000000000000022,0.0,0.0
0.0,1.0000000000000022,0.0,0.0
0.0,1.0000000000000022,0.0,0.0
0.0,1.0000000000000022,0.0,0.0
0.0,1.0000000000000022,0.0,0.0
0.0,1.0000000000000022,0.0,0.0
0.0,1.0000000000000022,0.0,0.0
0.0,1.0000000000000022,0.0,0.0
0.0,1.0000000000000022,0.0,0.0
0.0,1.0000000000000022,0.0,0.0
0.0,1.0000000000000022,0.0,0.0
0.0,1.0000000000000022,0.0,0.0
0.0,1.0000000000000022,0.0,0.0
0.0,1.0000000000000022,0.0,0.0
0.0,1.0000000000000022,0.0,0.0
0.0,1.0000000000000022,0.0,0.0
0.0,1.0000000000000022,0.0,0.0
0.0,1.0000000000000022,0.0,0.0
0.0,1.0000000000000022,0.0,0.0
0.0,1.0000000000000022,0.0,0.0
0.0,1.0000000000000022,0.0,0.0
0.0,1.0000000000000022,0.0,0.0
0.0,1.0000000000000022,0.0,0.0
0.0,1.0000000000000022,0.0,0.0
0.0,1.0000000000000022,0.0,0.0
0.0,1.0000000000000022,0.0,0.0
0.0,1.0000000000000022,0.0,0.0
0.0,1.0000000000000022,0.0,0.0
0.0,1.0000000000000022,0.0,0.0
0.0,1.0000000000000022,0.0,0.0
0.0,1.0000000000000022,0.0,0.0
0.0,1.0000000000000022,0.0,0.0
0.0,1.0000000000000022,0.0,0.0
0.0,1.0000000000000022,0.0,0.0
0.0,1.0000000000000022,0.0,0.0
0.0,1.0000000000000022,0.0,0.0
0.0,1.0000000000000022,0.0,0.0
0.0,1.0000000000000022,0.0,0.0
0.0,1.0000000000000022,0.0,0.0
0.0,1.0000000000000022,0.0,0.0
0.0,1.0000000000000022,0.0,0.0
0.0,1.0000000000000022,0.0,0.0
0.0,1.0000000000000022,0.0,0.0
0.0,1.0000000000000022,0.0,0.0
0.0,1.0000000000000022,0.0,0.0
0.0,1.0000000000000022,0.0,0.0
0.0,1.0000000000000022,0.0,0.0
0.0,1.0000000000000022,0.0,0.0
0.0,1.0000000000000022,0.0,0.0
0.0,1.0000000000000022,0.0,0.0
0.0,1.0000000000000022,0.0,0.0
0.0,1.0000000000000022,0.0,0.0
0.0,1.0000000000000022,0.0,0.0
0.0,1.0000000000000022,0.0,0.0
0.0,1.0000000000000022,0.0,0.0
0.0,1.0000000000000022,0.0,0.0
0.0,1.0000000000000022,0.0,0.0
0.0,1.0000000000000022,0.0,0.0
0.0,1.0000000000000022,0.0,0.0
0.0,1.0000000000000022,0.0,0.0
0.0,1.0000000000000022,0.0,0.0
0.0,1.0000000000000022,0.0,0.0
0.0,1.0000000000000022,0.0,0.0
0.0,1.0000000000000022,0.0,0.0
0.0,1.0000000000000022,0.0,0.0
0.0,1.0000000000000022,0.0,0.0
0.0,1.0000000000000022,0.0,0.0
0.0,1.0000000000000022,0.0,0.0
0.0,1.0000000000000022,0.0,0.0
0.0,1.0000000000000022,0.0,0.0
0.0,1.0000000000000022,0.0,0.0
0.0,1.0000000000000022,0.0,0.0
0.0,1.0000000000000022,0.0,0.0
0.0,1.0000000000000022,0.0,0.0
0.0,1.0000000000000022,0.0,0.0
0.0,1.0000000000000022,0.0,0.0
0.0,1.0000000000000022,0.0,0.0
0.0,1.0000000000000022,0.0,0.0
0.0,1.0000000000000022,0.0,0.0
0.0,1.0000000000000022,0.0,0.0
0.0,1.0000000000000022,0.0,0.0
0.0,1.0000000000000022,0.0,0.0
0.0,1.0000000000000022,0.0,0.0
0.0,1.0000000000000022,0.0,0.0
0.0,1.0000000000000022,0.0,0.0
0.0,1.0000000000000022,0.0,0.0
0.0,1.0000000000000022,0.0,0.0
0.0,1.0000000000000022,0.0,0.0
0.0,1.0000000000000022,0.0,0.0
0.0,1.0000000000000022,0.0,0.0
0.0,1.0000000000000022,0.0,0.0
0.0,1.0000000000000022,0.0,0.0
0.0,1.0000000000000022,0.0,0.0
0.0,1.0000000000000022,0.0,0.0
0.0,1.0000000000000022,0.0,0.0
0.0,1.0000000000000022,0.0,0.0
0.0,1.0000000000000022,0.0,0.0
0.0,1.0000000000000022,0.0,0.0
0.0,1.0000000000000022,0.0,0.0
0.0,1.0000000000000022,0.0,0.0
0.0,1.0000000000000022,0.0,0.0
0.0,1.0000000000000022,0.0,0.0
0.0,1.0000000000000022,0.0,0.0
0.0,1.0000000000000022,0.0,0.0
0.0,1.0000000000000022,0.0,0.0
0.0,1.0000000000000022,0.0,0.0
0.0,1.0000000000000022,0.0,0.0
0.0,1.0000000000000022,0.0,0.0
0.0,1.0000000000000022,0.0,0.0
0.0,1.0000000000000022,0.0,0.0
0.0,1.0000000000000022,0.0,0.0
0.0,1.0000000000000022,0.0,0.0
0.0,1.0000000000000022,0.0,0.0
0.0,1.0000000000000022,0.0,0.0
0.0,1.0000000000000022,0.0,0.0
0.0,1.0000000000000022,0.0,0.0
0.0,1.0000000000000022,0.0,0.0
0.0,1.0000000000000022,0.0,0.0
0.0,1.0000000000000022,0.0,0.0
0.0,1.0000000000000022,0.0,0.0
0.0,1.0000000000000022,0.0,0.0
0.0,1.0000000000000022,0.0,0.0
0.0,1.0000000000000022,0.0,0.0
0.0,1.0000000000000022,0.0,0.0
0.0,1.0000000000000022,0.0,0.0
0.0,1.0000000000000022,0.0,0.0
0.0,1.0000000000000022,0.0,0.0
0.0,1.0000000000000022,0.0,0.0
0.0,1.0000000000000022,0.0,0.0
0.0,1.0000000000000022,0.0,0.0
0.0,1.0000000000000022,0.0,0.0
0.0,1.0000000000000022,0.0,0.0
0.0,1.0000000000000022,0.0,0.0
0.0,1.0000000000000022,0.0,0.0
0.0,1.0000000000000022,0.0,0.0
0.0,1.0000000000000022,0.0,0.0
0.0,1.0000000000000022,0.0,0.0
0.0,1.0000000000000022,0.0,0.0
0.0,1.0000000000000022,0.0,0.0
0.0,1.0000000000000022,0.0,0.0
0.0,1.0000000000000022,0.0,0.0
0.0,1.0000000000000022,0.0,0.0
0.0,1.0000000000000022,0.0,0.0
0.0,1.0000000000000022,0.0,0.0
0.0,1.0000000000000022,0.0,0.0
0.0,1.0000000000000022,0.0,0.0
0.0,1.0000000000000022,0.0,0.0
0.0,1.0000000000000022,0.0,0.0
0.0,1.0000000000000022,0.0,0.0
0.0,1.0000000000000022,0.0,0.0
0.0,1.0000000000000022,0.0,0.0
0.0,1.0000000000000022,0.0,0.0
0.0,1.0000000000000022,0.0,0.0
0.0,1.0000000000000022,0.0,0.0
0.0,1.0000000000000022,0.0,0.0
0.0,1.0000000000000022,0.0,0.0
0.0,1.0000000000000022,0.0,0.0
0.0,1.0000000000000022,0.0,0.0
0.0,1.0000000000000022,0.0,0.0
0.0,1.0000000000000022,0.0,0.0
0.0,1.0000000000000022,0.0,0.0
0.0,1.0000000000000022,0.0,0.0
0.0,1.0000000000000022,0.0,0.0
0.0,1.0000000000000022,0.0,0.0
0.0,1.0000000000000022,0.0,0.0
0.0,1.0000000000000022,0.0,0.0
0.0,1.0000000000000022,0.0,0.0
0.0,1.0000000000000022,0.0,0.0
0.0,1.0000000000000022,0.0,0.0
0.0,1.0000000000000022,0.0,0.0
0.0,1.0000000000000022,0.0,0.0
0.0,1.0000000000000022,0.0,0.0
0.0,1.0000000000000022,0.0,0.0
0.0,1.0000000000000022,0.0,0.0
0.0,1.0000000000000022,0.0,0.0
0.0,1.0000000000000022,0.0,0.0
0.0,1.0000000000000022,0.0,0.0
0.0,1.0000000000000022,0.0,0.0
0.0,1.0000000000000022,0.0,0.0
0.0,1.0000000000000022,0.0,0.0
0.0,1.0000000000000022,0.0,0.0
0.0,1.0000000000000022,0.0,0.0
0.0,1.0000000000000022,0.0,0.0
0.0,1.0000000000000022,0.0,0.0
0.0,1.0000000000000022,0.0,0.0
0.0,1.0000000000000022,0.0,0.0
0.0,1.0000000000000022,0.0,0.0
0.0,1.0000000000000022,0.0,0.0
0.0,1.0000000000000022,0.0,0.0
0.0,1.0000000000000022,0.0,0.0
0.0,1.0000000000000022,0.0,0.0
0.0,1.0000000000000022,0.0,0.0
0.0,1.0000000000000022,0.0,0.0
0.0,1.0000000000000022,0.0,0.0
0.0,1.0000000000000022,0.0,0.0
0.0,1.0000000000000022,0.0,0.0
0.0,1.0000000000000022,0.0,0.0
0.0,1.0000000000000022,0.0,0.0
0.0,1.0000000000000022,0.0,0.0
0.0,1.0000000000000022,0.0,0.0
0.0,1.0000000000000022,0.0,0.0
0.0,1.0000000000000022,0.0,0.0
0.0,1.0000000000000022,0.0,0.0
0.0,1.0000000000000022,0.0,0.0
0.0,1.0000000000000022,0.0,0.0
0.0,1.0000000000000022,0.0,0.0
0.0,1.0000000000000022,0.0,0.0
0.0,1.0000000000000022,0.0,0.0
0.0,1.0000000000000022,0.0,0.0
0.0,1.0000000000000022,0.0,0.0
0.0,1.0000000000000022,0.0,0.0
0.0,1.0000000000000022,0.0,0.0
0.0,1.0000000000000022,0.0,0.0
0.0,1.0000000000000022,0.0,0.0
0.0,1.0000000000000022,0.0,0.0
0.0,1.0000000000000022,0.0,0.0
0.0,1.0000000000000022,0.0,0.0
0.0,1.0000000000000022,0.0,0.0
0.0,1.0000000000000022,0.0,0.0
0.0,1.0000000000000022,0.0,0.0
0.0,1.0000000000000022,0.0,0.0
0.0,1.0000000000000022,0.0,0.0
0.0,1.0000000000000022,0.0,0.0
0.0,1.0000000000000022,0.0,0.0
0.0,1.0000000000000022,0.0,0.0
0.0,1.0000000000000022,0.0,0.0
0.0,1.0000000000000022,0.0,0.0
0.0,1.0000000000000022,0.0,0.0
0.0,1.0000000000000022,0.0,0.0
0.0,1.0000000000000022,0.0,0.0
0.0,1.0000000000000022,0.0,0.0
0.0,1.0000000000000022,0.0,0.0
0.0,1.0000000000000022,0.0,0.0
0.0,1.0000000000000022,0.0,0.0
0.0,1.0000000000000022,0.0,0.0
0.0,1.0000000000000022,0.0,0.0
0.0,1.0000000000000022,0.0,0.0
0.0,1.0000000000000022,0.0,0.0
0.0,1.0000000000000022,0.0,0.0
0.0,1.0000000000000022,0.0,0.0
0.0,1.0000000000000022,0.0,0.0
0.0,1.0000000000000022,0.0,0.0
0.0,1.0000000000000022,0.0,0.0
0.0,1.0000000000000022,0.0,0.0
0.0,1.0000000000000022,0.0,0.0
0.0,1.0000000000000022,0.0,0.0
0.0,1.0000000000000022,0.0,0.0
0.0,1.0000000000000022,0.0,0.0
0.0,1.0000000000000022,0.0,0.0
0.0,1.0000000000000022,0.0,0.0
0.0,1.0000000000000022,0.0,0.0
0.0,1.0000000000000022,0.0,0.0
0.0,1.0000000000000022,0.0,0.0
0.0,1.0000000000000022,0.0,0.0
0.0,1.0000000000000022,0.0,0.0
0.0,1.0000000000000022,0.0,0.0
0.0,1.0000000000000022,0.0,0.0
0.0,1.0000000000000022,0.0,0.0
0.0,1.0000000000000022,0.0,0.0
0.0,1.0000000000000022,0.0,0.0
0.0,1.0000000000000022,0.0,0.0
0.0,1.0000000000000022,0.0,0.0
0.0,1.0000000000000022,0.0,0.0
0.0,1.0000000000000022,0.0,0.0
0.0,1.0000000000000022,0.0,0.0
0.0,1.0000000000000022,0.0,0.0
0.0,1.0000000000000022,0.0,0.0
0.0,1.0000000000000022,0.0,0.0
0.0,1.0000000000000022,0.0,0.0
0.0,1.0000000000000022,0.0,0.0
0.0,1.0000000000000022,0.0,0.0
0.0,1.0000000000000022,0.0,0.0
0.0,1.0000000000000022,0.0,0.0
0.0,1.0000000000000022,0.0,0.0
0.0,1.0000000000000022,0.0,0.0
0.0,1.0000000000000022,0.0,0.0
0.0,1.0000000000000022,0.0,0.0
0.0,1.0000000000000022,0.0,0.0
0.0,1.0000000000000022,0.0,0.0
0.0,1.0000000000000022,0.0,0.0
0.0,1.0000000000000022,0.0,0.0
0.0,1.0000000000000022,0.0,0.0
0.0,1.0000000000000022,0.0,0.0
0.0,1.0000000000000022,0.0,0.0
0.0,1.0000000000000022,0.0,0.0
0.0,1.0000000000000022,0.0,0.0
0.0,1.0000000000000022,0.0,0.0
0.0,1.0000000000000022,0.0,0.0
0.0,1.0000000000000022,0.0,0.0
0.0,1.0000000000000022,0.0,0.0
0.0,1.0000000000000022,0.0,0.0
0.0,1.0000000000000022,0.0,0.0
0.0,1.0000000000000022,0.0,0.0
0.0,1.0000000000000022,0.0,0.0
0.0,1.0000000000000022,0.0,0.0
0.0,1.0000000000000022,0.0,0.0
0.0,1.0000000000000022,0.0,0.0
0.0,1.0000000000000022,0.0,0.0
0.0,1.0000000000000022,0.0,0.0
0.0,1.0000000000000022,0.0,0.0
0.0,1.0000000000000022,0.0,0.0
0.0,1.0000000000000022,0.0,0.0
0.0,1.0000000000000022,0.0,0.0
0.0,1.0000000000000022,0.0,0.0
0.0,1.0000000000000022,0.0,0.0
0.0,1.0000000000000022,0.0,0.0
0.0,1.0000000000000022,0.0,0.0
0.0,1.0000000000000022,0.0,0.0
0.0,1.0000000000000022,0.0,0.0
0.0,1.0000000000000022,0.0,0.0
0.0,1.0000000000000022,0.0,0.0
0.0,1.0000000000000022,0.0,0.0
0.0,1.0000000000000022,0.0,0.0
0.0,1.0000000000000022,0.0,0.0
0.0,1.0000000000000022,0.0,0.0
0.0,1.0000000000000022,0.0,0.0
0.0,1.0000000000000022,0.0,0.0
0.0,1.0000000000000022,0.0,0.0
0.0,1.0000000000000022,0.0,0.0
0.0,1.0000000000000022,0.0,0.0
0.0,1.0000000000000022,0.0,0.0
0.0,1.0000000000000022,0.0,0.0
0.0,1.0000000000000022,0.0,0.0
0.0,1.0000000000000022,0.0,0.0
0.0,1.0000000000000022,0.0,0.0
0.0,1.0000000000000022,0.0,0.0
0.0,1.0000000000000022,0.0,0.0
0.0,1.0000000000000022,0.0,0.0
0.0,1.0000000000000022,0.0,0.0
0.0,1.0000000000000022,0.0,0.0
0.0,1.0000000000000022,0.0,0.0
0.0,1.0000000000000022,0.0,0.0
0.0,1.0000000000000022,0.0,0.0
0.0,1.0000000000000022,0.0,0.0
0.0,1.0000000000000022,0.0,0.0
0.0,1.0000000000000022,0.0,0.0
0.0,1.0000000000000022,0.0,0.0
0.0,1.0000000000000022,0.0,0.0
0.0,1.0000000000000022,0.0,0.0
0.0,1.0000000000000022,0.0,0.0
0.0,1.0000000000000022,0.0,0.0
0.0,1.0000000000000022,0.0,0.0
0.0,1.0000000000000022,0.0,0.0
0.0,1.0000000000000022,0.0,0.0
0.0,1.0000000000000022,0.0,0.0
0.0,1.0000000000000022,0.0,0.0
0.0,1.0000000000000022,0.0,0.0
0.0,1.0000000000000022,0.0,0.0
0.0,1.0000000000000022,0.0,0.0
0.0,1.0000000000000022,0.0,0.0
0.0,1.0000000000000022,0.0,0.0
0.0,1.0000000000000022,0.0,0.0
0.0,1.0000000000000022,0.0,0.0
0.0,1.0000000000000022,0.0,0.0
0.0,1.0000000000000022,0.0,0.0
0.0,1.0000000000000022,0.0,0.0
0.0,1.0000000000000022,0.0,0.0
0.0,1.0000000000000022,0.0,0.0
0.0,1.0000000000000022,0.0,0.0
0.0,1.0000000000000022,0.0,0.0
0.0,1.0000000000000022,0.0,0.0
0.0,1.0000000000000022,0.0,0.0
0.0,1.0000000000000022,0.0,0.0
0.0,1.0000000000000022,0.0,0.0
0.0,1.0000000000000022,0.0,0.0
0.0,1.0000000000000022,0.0,0.0
0.0,1.0000000000000022,0.0,0.0
0.0,1.0000000000000022,0.0,0.0
0.0,1.0000000000000022,0.0,0.0
0.0,1.0000000000000022,0.0,0.0
0.0,1.0000000000000022,0.0,0.0
0.0,1.0000000000000022,0.0,0.0
0.0,1.0000000000000022,0.0,0.0
0.0,1.0000000000000022,0.0,0.0
0.0,1.0000000000000022,0.0,0.0
0.0,1.0000000000000022,0.0,0.0
0.0,1.0000000000000022,0.0,0.0
0.0,1.0000000000000022,0.0,0.0
0.0,1.0000000000000022,0.0,0.0
0.0,1.0000000000000022,0.0,0.0
0.0,1.0000000000000022,0.0,0.0
0.0,1.0000000000000022,0.0,0.0
0.0,1.0000000000000022,0.0,0.0
0.0,1.0000000000000022,0.0,0.0
0.0,1.0000000000000022,0.0,0.0
0.0,1.0000000000000022,0.0,0.0
0.0,1.0000000000000022,0.0,0.0
0.0,1.0000000000000022,0.0,0.0
0.0,1.0000000000000022,0.0,0.0
0.0,1.0000000000000022,0.0,0.0
0.0,1.0000000000000022,0.0,0.0
0.0,1.0000000000000022,0.0,0.0
0.0,1.0000000000000022,0.0,0.0
0.0,1.0000000000000022,0.0,0.0
0.0,1.0000000000000022,0.0,0.0
0.0,1.0000000000000022,0.0,0.0
0.0,1.0000000000000022,0.0,0.0
0.0,1.0000000000000022,0.0,0.0
0.0,1.0000000000000022,0.0,0.0
0.0,1.0000000000000022,0.0,0.0
0.0,1.0000000000000022,0.0,0.0
0.0,1.0000000000000022,0.0,0.0
0.0,1.0000000000000022,0.0,0.0
0.0,1.0000000000000022,0.0,0.0
0.0,1.0000000000000022,0.0,0.0
0.0,1.0000000000000022,0.0,0.0
0.0,1.0000000000000022,0.0,0.0
0.0,1.0000000000000022,0.0,0.0
0.0,1.0000000000000022,0.0,0.0
0.0,1.0000000000000022,0.0,0.0
0.0,1.0000000000000022,0.0,0.0
0.0,1.0000000000000022,0.0,0.0
0.0,1.0000000000000022,0.0,0.0
0.0,1.0000000000000022,0.0,0.0
0.0,1.0000000000000022,0.0,0.0
0.0,1.0000000000000022,0.0,0.0
0.0,1.0000000000000022,0.0,0.0
0.0,1.0000000000000022,0.0,0.0
0.0,1.0000000000000022,0.0,0.0
0.0,1.0000000000000022,0.0,0.0
0.0,1.0000000000000022,0.0,0.0
0.0,1.0000000000000022,0.0,0.0
0.0,1.0000000000000022,0.0,0.0
0.0,1.0000000000000022,0.0,0.0
0.0,1.0000000000000022,0.0,0.0
0.0,1.0000000000000022,0.0,0.0
0.0,1.0000000000000022,0.0,0.0
0.0,1.0000000000000022,0.0,0.0
0.0,1.0000000000000022,0.0,0.0
0.0,1.0000000000000022,0.0,0.0
0.0,1.0000000000000022,0.0,0.0
0.0,1.0000000000000022,0.0,0.0
0.0,1.0000000000000022,0.0,0.0
0.0,1.0000000000000022,0.0,0.0
0.0,1.0000000000000022,0.0,0.0
0.0,1.0000000000000022,0.0,0.0
0.0,1.0000000000000022,0.0,0.0
0.0,1.0000000000000022,0.0,0.0
0.0,1.0000000000000022,0.0,0.0
0.0,1.0000000000000022,0.0,0.0
0.0,1.0000000000000022,0.0,0.0
0.0,1.0000000000000022,0.0,0.0
0.0,1.0000000000000022,0.0,0.0
0.0,1.0000000000000022,0.0,0.0
0.0,1.0000000000000022,0.0,0.0
0.0,1.0000000000000022,0.0,0.0
0.0,1.0000000000000022,0.0,0.0
0.0,1.0000000000000022,0.0,0.0
0.0,1.0000000000000022,0.0,0.0
0.0,1.0000000000000022,0.0,0.0
0.0,1.0000000000000022,0.0,0.0
0.0,1.0000000000000022,0.0,0.0
0.0,1.0000000000000022,0.0,0.0
0.0,1.0000000000000022,0.0,0.0
0.0,1.0000000000000022,0.0,0.0
0.0,1.0000000000000022,0.0,0.0
0.0,1.0000000000000022,0.0,0.0
0.0,1.0000000000000022,0.0,0.0
0.0,1.0000000000000022,0.0,0.0
0.0,1.0000000000000022,0.0,0.0
0.0,1.0000000000000022,0.0,0.0
0.0,1.0000000000000022,0.0,0.0
0.0,1.0000000000000022,0.0,0.0
0.0,1.0000000000000022,0.0,0.0
0.0,1.0000000000000022,0.0,0.0
0.0,1.0000000000000022,0.0,0.0
0.0,1.0000000000000022,0.0,0.0
0.0,1.0000000000000022,0.0,0.0
0.0,1.0000000000000022,0.0,0.0
0.0,1.0000000000000022,0.0,0.0
0.0,1.0000000000000022,0.0,0.0
0.0,1.0000000000000022,0.0,0.0
0.0,1.0000000000000022,0.0,0.0
0.0,1.0000000000000022,0.0,0.0
0.0,1.0000000000000022,0.0,0.0
0.0,1.0000000000000022,0.0,0.0
0.0,1.0000000000000022,0.0,0.0
0.0,1.0000000000000022,0.0,0.0
0.0,1.0000000000000022,0.0,0.0
0.0,1.0000000000000022,0.0,0.0
0.0,1.0000000000000022,0.0,0.0
0.0,1.0000000000000022,0.0,0.0
0.0,1.0000000000000022,0.0,0.0
0.0,1.0000000000000022,0.0,0.0
0.0,1.0000000000000022,0.0,0.0
0.0,1.0000000000000022,0.0,0.0
0.0,1.0000000000000022,0.0,0.0
0.0,1.0000000000000022,0.0,0.0
0.0,1.0000000000000022,0.0,0.0
0.0,1.0000000000000022,0.0,0.0
0.0,1.0000000000000022,0.0,0.0
0.0,1.0000000000000022,0.0,0.0
0.0,1.0000000000000022,0.0,0.0
0.0,1.0000000000000022,0.0,0.0
0.0,1.0000000000000022,0.0,0.0
0.0,1.0000000000000022,0.0,0.0
0.0,1.0000000000000022,0.0,0.0
0.0,1.0000000000000022,0.0,0.0
0.0,1.0000000000000022,0.0,0.0
0.0,1.0000000000000022,0.0,0.0
0.0,1.0000000000000022,0.0,0.0
0.0,1.0000000000000022,0.0,0.0
0.0,1.0000000000000022,0.0,0.0
0.0,1.0000000000000022,0.0,0.0
0.0,1.0000000000000022,0.0,0.0
0.0,1.0000000000000022,0.0,0.0
0.0,1.0000000000000022,0.0,0.0
0.0,1.0000000000000022,0.0,0.0
0.0,1.0000000000000022,0.0,0.0
0.0,1.0000000000000022,0.0,0.0
0.0,1.0000000000000022,0.0,0.0
0.0,1.0000000000000022,0.0,0.0
0.0,1.0000000000000022,0.0,0.0
0.0,1.0000000000000022,0.0,0.0
0.0,1.0000000000000022,0.0,0.0
0.0,1.0000000000000022,0.0,0.0
0.0,1.0000000000000022,0.0,0.0
0.0,1.0000000000000022,0.0,0.0
0.0,1.0000000000000022,0.0,0.0
0.0,1.0000000000000022,0.0,0.0
0.0,1.0000000000000022,0.0,0.0
0.0,1.0000000000000022,0.0,0.0
0.0,1.0000000000000022,0.0,0.0
0.0,1.0000000000000022,0.0,0.0
0.0,1.0000000000000022,0.0,0.0
0.0,1.0000000000000022,0.0,0.0
0.0,1.0000000000000022,0.0,0.0
0.0,1.0000000000000022,0.0,0.0
0.0,1.0000000000000022,0.0,0.0
0.0,1.0000000000000022,0.0,0.0
0.0,1.0000000000000022,0.0,0.0
0.0,1.0000000000000022,0.0,0.0
0.0,1.0000000000000022,0.0,0.0
0.0,1.0000000000000022,0.0,0.0
0.0,1.0000000000000022,0.0,0.0
0.0,1.0000000000000022,0.0,0.0
0.0,1.0000000000000022,0.0,0.0
0.0,1.0000000000000022,0.0,0.0
0.0,1.0000000000000022,0.0,0.0
0.0,1.0000000000000022,0.0,0.0
0.0,1.0000000000000022,0.0,0.0
0.0,1.0000000000000022,0.0,0.0
0.0,1.0000000000000022,0.0,0.0
0.0,1.0000000000000022,0.0,0.0
0.0,1.0000000000000022,0.0,0.0
0.0,1.0000000000000022,0.0,0.0
0.0,1.0000000000000022,0.0,0.0
0.0,1.0000000000000022,0.0,0.0
0.0,1.0000000000000022,0.0,0.0
0.0,1.0000000000000022,0.0,0.0
0.0,1.0000000000000022,0.0,0.0
0.0,1.0000000000000022,0.0,0.0
0.0,1.0000000000000022,0.0,0.0
0.0,1.0000000000000022,0.0,0.0
0.0,1.0000000000000022,0.0,0.0
0.0,1.0000000000000022,0.0,0.0
0.0,1.0000000000000022,0.0,0.0
0.0,1.0000000000000022,0.0,0.0
0.0,1.0000000000000022,0.0,0.0
0.0,1.0000000000000022,0.0,0.0
0.0,1.0000000000000022,0.0,0.0
0.0,1.0000000000000022,0.0,0.0
0.0,1.0000000000000022,0.0,0.0
0.0,1.0000000000000022,0.0,0.0
0.0,1.0000000000000022,0.0,0.0
0.0,1.0000000000000022,0.0,0.0
0.0,1.0000000000000022,0.0,0.0
0.0,1.0000000000000022,0.0,0.0
0.0,1.0000000000000022,0.0,0.0
0.0,1.0000000000000022,0.0,0.0
0.0,1.0000000000000022,0.0,0.0
0.0,1.0000000000000022,0.0,0.0
0.0,1.0000000000000022,0.0,0.0
0.0,1.0000000000000022,0.0,0.0
0.0,1.0000000000000022,0.0,0.0
0.0,1.0000000000000022,0.0,0.0
0.0,1.0000000000000022,0.0,0.0
0.0,1.0000000000000022,0.0,0.0
0.0,1.0000000000000022,0.0,0.0
0.0,1.0000000000000022,0.0,0.0
0.0,1.0000000000000022,0.0,0.0
0.0,1.0000000000000022,0.0,0.0
0.0,1.0000000000000022,0.0,0.0
0.0,1.0000000000000022,0.0,0.0
0.0,1.0000000000000022,0.0,0.0
0.0,1.0000000000000022,0.0,0.0
0.0,1.0000000000000022,0.0,0.0
0.0,1.0000000000000022,0.0,0.0
0.0,1.0000000000000022,0.0,0.0
0.0,1.0000000000000022,0.0,0.0
0.0,1.0000000000000022,0.0,0.0
0.0,1.0000000000000022,0.0,0.0
0.0,1.0000000000000022,0.0,0.0
0.0,1.0000000000000022,0.0,0.0
0.0,1.0000000000000022,0.0,0.0
0.0,1.0000000000000022,0.0,0.0
0.0,1.0000000000000022,0.0,0.0
0.0,1.0000000000000022,0.0,0.0
0.0,1.0000000000000022,0.0,0.0
0.0,1.0000000000000022,0.0,0.0
0.0,1.0000000000000022,0.0,0.0
0.0,1.0000000000000022,0.0,0.0
0.0,1.0000000000000022,0.0,0.0
0.0,1.0000000000000022,0.0,0.0
0.0,1.0000000000000022,0.0,0.0
0.0,1.0000000000000022,0.0,0.0
0.0,1.0000000000000022,0.0,0.0
0.0,1.0000000000000022,0.0,0.0
0.0,1.0000000000000022,0.0,0.0
0.0,1.0000000000000022,0.0,0.0
0.0,1.0000000000000022,0.0,0.0
0.0,1.0000000000000022,0.0,0.0
0.0,1.0000000000000022,0.0,0.0
0.0,1.0000000000000022,0.0,0.0
0.0,1.0000000000000022,0.0,0.0
0.0,1.0000000000000022,0.0,0.0
0.0,1.0000000000000022,0.0,0.0
0.0,1.0000000000000022,0.0,0.0
0.0,1.0000000000000022,0.0,0.0
0.0,1.0000000000000022,0.0,0.0
0.0,1.0000000000000022,0.0,0.0
0.0,1.0000000000000022,0.0,0.0
0.0,1.0000000000000022,0.0,0.0
0.0,1.0000000000000022,0.0,0.0
0.0,1.0000000000000022,0.0,0.0
0.0,1.0000000000000022,0.0,0.0
0.0,1.0000000000000022,0.0,0.0
0.0,1.0000000000000022,0.0,0.0
0.0,1.0000000000000022,0.0,0.0
0.0,1.0000000000000022,0.0,0.0
0.0,1.0000000000000022,0.0,0.0
0.0,1.0000000000000022,0.0,0.0
0.0,1.0000000000000022,0.0,0.0
0.0,1.0000000000000022,0.0,0.0
0.0,1.0000000000000022,0.0,0.0
0.0,1.0000000000000022,0.0,0.0
0.0,1.0000000000000022,0.0,0.0
0.0,1.0000000000000022,0.0,0.0
0.0,1.0000000000000022,0.0,0.0
0.0,1.0000000000000022,0.0,0.0
0.0,1.0000000000000022,0.0,0.0
0.0,1.0000000000000022,0.0,0.0
0.0,1.0000000000000022,0.0,0.0
0.0,1.0000000000000022,0.0,0.0
0.0,1.0000000000000022,0.0,0.0
0.0,1.0000000000000022,0.0,0.0
0.0,1.0000000000000022,0.0,0.0
0.0,1.0000000000000022,0.0,0.0
0.0,1.0000000000000022,0.0,0.0
0.0,1.0000000000000022,0.0,0.0
0.0,1.0000000000000022,0.0,0.0
0.0,1.0000000000000022,0.0,0.0
0.0,1.0000000000000022,0.0,0.0
0.0,1.0000000000000022,0.0,0.0
0.0,1.0000000000000022,0.0,0.0
0.0,1.0000000000000022,0.0,0.0
0.0,1.0000000000000022,0.0,0.0
0.0,1.0000000000000022,0.0,0.0
0.0,1.0000000000000022,0.0,0.0
0.0,1.0000000000000022,0.0,0.0
0.0,1.0000000000000022,0.0,0.0
0.0,1.0000000000000022,0.0,0.0
0.0,1.0000000000000022,0.0,0.0
0.0,1.0000000000000022,0.0,0.0
0.0,1.0000000000000022,0.0,0.0
0.0,1.0000000000000022,0.0,0.0
0.0,1.0000000000000022,0.0,0.0
0.0,1.0000000000000022,0.0,0.0
0.0,1.0000000000000022,0.0,0.0
0.0,1.0000000000000022,0.0,0.0
0.0,1.0000000000000022,0.0,0.0
0.0,1.0000000000000022,0.0,0.0
0.0,1.0000000000000022,0.0,0.0
0.0,1.0000000000000022,0.0,0.0
0.0,1.0000000000000022,0.0,0.0
0.0,1.0000000000000022,0.0,0.0
0.0,1.0000000000000022,0.0,0.0
0.0,1.0000000000000022,0.0,0.0
0.0,1.0000000000000022,0.0,0.0
0.0,1.0000000000000022,0.0,0.0
0.0,1.0000000000000022,0.0,0.0
0.0,1.0000000000000022,0.0,0.0
0.0,1.0000000000000022,0.0,0.0
0.0,1.0000000000000022,0.0,0.0
0.0,1.0000000000000022,0.0,0.0
0.0,1.0000000000000022,0.0,0.0
0.0,1.0000000000000022,0.0,0.0
0.0,1.0000000000000022,0.0,0.0
0.0,1.0000000000000022,0.0,0.0
0.0,1.0000000000000022,0.0,0.0
0.0,1.0000000000000022,0.0,0.0
0.0,1.0000000000000022,0.0,0.0
0.0,1.0000000000000022,0.0,0.0
0.0,1.0000000000000022,0.0,0.0
0.0,1.0000000000000022,0.0,0.0
0.0,1.0000000000000022,0.0,0.0
0.0,1.0000000000000022,0.0,0.0
0.0,1.0000000000000022,0.0,0.0
0.0,1.0000000000000022,0.0,0.0
0.0,1.0000000000000022,0.0,0.0
0.0,1.0000000000000022,0.0,0.0
0.0,1.0000000000000022,0.0,0.0
0.0,1.0000000000000022,0.0,0.0
0.0,1.0000000000000022,0.0,0.0
0.0,1.0000000000000022,0.0,0.0
0.0,1.0000000000000022,0.0,0.0
0.0,1.0000000000000022,0.0,0.0
0.0,1.0000000000000022,0.0,0.0
0.0,1.0000000000000022,0.0,0.0
0.0,1.0000000000000022,0.0,0.0
0.0,1.0000000000000022,0.0,0.0
0.0,1.0000000000000022,0.0,0.0
0.0,1.0000000000000022,0.0,0.0
0.0,1.0000000000000022,0.0,0.0
0.0,1.0000000000000022,0.0,0.0
0.0,1.0000000000000022,0.0,0.0
0.0,1.0000000000000022,0.0,0.0
0.0,1.0000000000000022,0.0,0.0
0.0,1.0000000000000022,0.0,0.0
0.0,1.0000000000000022,0.0,0.0
0.0,1.0000000000000022,0.0,0.0
0.0,1.0000000000000022,0.0,0.0
0.0,1.0000000000000022,0.0,0.0
0.0,1.0000000000000022,0.0,0.0
0.0,1.0000000000000022,0.0,0.0
0.0,1.0000000000000022,0.0,0.0
0.0,1.0000000000000022,0.0,0.0
0.0,1.0000000000000022,0.0,0.0
0.0,1.0000000000000022,0.0,0.0
0.0,1.0000000000000022,0.0,0.0
0.0,1.0000000000000022,0.0,0.0
0.0,1.0000000000000022,0.0,0.0
0.0,1.0000000000000022,0.0,0.0
0.0,1.0000000000000022,0.0,0.0
0.0,1.0000000000000022,0.0,0.0
0.0,1.0000000000000022,0.0,0.0
0.0,1.0000000000000022,0.0,0.0
0.0,1.0000000000000022,0.0,0.0
0.0,1.0000000000000022,0.0,0.0
0.0,1.0000000000000022,0.0,0.0
0.0,1.0000000000000022,0.0,0.0
0.0,1.0000000000000022,0.0,0.0
0.0,1.0000000000000022,0.0,0.0
0.0,1.0000000000000022,0.0,0.0
0.0,1.0000000000000022,0.0,0.0
0.0,1.0000000000000022,0.0,0.0
0.0,1.0000000000000022,0.0,0.0
0.0,1.0000000000000022,0.0,0.0
0.0,1.0000000000000022,0.0,0.0
0.0,1.0000000000000022,0.0,0.0
0.0,1.0000000000000022,0.0,0.0
0.0,1.0000000000000022,0.0,0.0
0.0,1.0000000000000022,0.0,0.0
0.0,1.0000000000000022,0.0,0.0
0.0,1.0000000000000022,0.0,0.0
0.0,1.0000000000000022,0.0,0.0
0.0,1.0000000000000022,0.0,0.0
0.0,1.0000000000000022,0.0,0.0
0.0,1.0000000000000022,0.0,0.0
0.0,1.0000000000000022,0.0,0.0
0.0,1.0000000000000022,0.0,0.0
0.0,1.0000000000000022,0.0,0.0
0.0,1.0000000000000022,0.0,0.0
0.0,1.0000000000000022,0.0,0.0
0.0,1.0000000000000022,0.0,0.0
0.0,1.0000000000000022,0.0,0.0
0.0,1.0000000000000022,0.0,0.0
0.0,1.0000000000000022,0.0,0.0
0.0,1.0000000000000022,0.0,0.0
0.0,1.0000000000000022,0.0,0.0
0.0,1.0000000000000022,0.0,0.0
0.0,1.0000000000000022,0.0,0.0
0.0,1.0000000000000022,0.0,0.0
0.0,1.0000000000000022,0.0,0.0
0.0,1.0000000000000022,0.0,0.0
0.0,1.0000000000000022,0.0,0.0
0.0,1.0000000000000022,0.0,0.0
0.0,1.0000000000000022,0.0,0.0
0.0,1.0000000000000022,0.0,0.0
0.0,1.0000000000000022,0.0,0.0
0.0,1.0000000000000022,0.0,0.0
0.0,1.0000000000000022,0.0,0.0
0.0,1.0000000000000022,0.0,0.0
0.0,1.0000000000000022,0.0,0.0
0.0,1.0000000000000022,0.0,0.0
0.0,1.0000000000000022,0.0,0.0
0.0,1.0000000000000022,0.0,0.0
0.0,1.0000000000000022,0.0,0.0
0.0,1.0000000000000022,0.0,0.0
0.0,1.0000000000000022,0.0,0.0
0.0,1.0000000000000022,0.0,0.0
0.0,1.0000000000000022,0.0,0.0
0.0,1.0000000000000022,0.0,0.0
0.0,1.0000000000000022,0.0,0.0
0.0,1.0000000000000022,0.0,0.0
0.0,1.0000000000000022,0.0,0.0
0.0,1.0000000000000022,0.0,0.0
0.0,1.0000000000000022,0.0,0.0
0.0,1.0000000000000022,0.0,0.0
0.0,1.0000000000000022,0.0,0.0
0.0,1.0000000000000022,0.0,0.0
0.0,1.0000000000000022,0.0,0.0
0.0,1.0000000000000022,0.0,0.0
0.0,1.0000000000000022,0.0,0.0
0.0,1.0000000000000022,0.0,0.0
0.0,1.0000000000000022,0.0,0.0
0.0,1.0000000000000022,0.0,0.0
0.0,1.0000000000000022,0.0,0.0
0.0,1.0000000000000022,0.0,0.0
0.0,1.0000000000000022,0.0,0.0
0.0,1.0000000000000022,0.0,0.0
0.0,1.0000000000000022,0.0,0.0
0.0,1.0000000000000022,0.0,0.0
0.0,1.0000000000000022,0.0,0.0
0.0,1.0000000000000022,0.0,0.0
0.0,1.0000000000000022,0.0,0.0
0.0,1.0000000000000022,0.0,0.0
0.0,1.0000000000000022,0.0,0.0
0.0,1.0000000000000022,0.0,0.0
0.0,1.0000000000000022,0.0,0.0
0.0,1.0000000000000022,0.0,0.0
0.0,1.0000000000000022,0.0,0.0
0.0,1.0000000000000022,0.0,0.0
0.0,1.0000000000000022,0.0,0.0
0.0,1.0000000000000022,0.0,0.0
0.0,1.0000000000000022,0.0,0.0
0.0,1.0000000000000022,0.0,0.0
0.0,1.0000000000000022,0.0,0.0
0.0,1.0000000000000022,0.0,0.0
0.0,1.0000000000000022,0.0,0.0
0.0,1.0000000000000022,0.0,0.0
0.0,1.0000000000000022,0.0,0.0
0.0,1.0000000000000022,0.0,0.0
0.0,1.0000000000000022,0.0,0.0
0.0,1.0000000000000022,0.0,0.0
0.0,1.0000000000000022,0.0,0.0
0.0,1.0000000000000022,0.0,0.0
0.0,1.0000000000000022,0.0,0.0
0.0,1.0000000000000022,0.0,0.0
0.0,1.0000000000000022,0.0,0.0
0.0,1.0000000000000022,0.0,0.0
0.0,1.0000000000000022,0.0,0.0
0.0,1.0000000000000022,0.0,0.0
0.0,1.0000000000000022,0.0,0.0
0.0,1.0000000000000022,0.0,0.0
0.0,1.0000000000000022,0.0,0.0
0.0,1.0000000000000022,0.0,0.0
0.0,1.0000000000000022,0.0,0.0
0.0,1.0000000000000022,0.0,0.0
0.0,1.0000000000000022,0.0,0.0
0.0,1.0000000000000022,0.0,0.0
0.0,1.0000000000000022,0.0,0.0
0.0,1.0000000000000022,0.0,0.0
0.0,1.0000000000000022,0.0,0.0
0.0,1.0000000000000022,0.0,0.0
0.0,1.0000000000000022,0.0,0.0
0.0,1.0000000000000022,0.0,0.0
0.0,1.0000000000000022,0.0,0.0
0.0,1.0000000000000022,0.0,0.0
0.0,1.0000000000000022,0.0,0.0
0.0,1.0000000000000022,0.0,0.0
0.0,1.0000000000000022,0.0,0.0
0.0,1.0000000000000022,0.0,0.0
0.0,1.0000000000000022,0.0,0.0
0.0,1.0000000000000022,0.0,0.0
0.0,1.0000000000000022,0.0,0.0
0.0,1.0000000000000022,0.0,0.0
0.0,1.0000000000000022,0.0,0.0
0.0,1.0000000000000022,0.0,0.0
0.0,1.0000000000000022,0.0,0.0
0.0,1.0000000000000022,0.0,0.0
0.0,1.0000000000000022,0.0,0.0
0.0,1.0000000000000022,0.0,0.0
0.0,1.0000000000000022,0.0,0.0
0.0,1.0000000000000022,0.0,0.0
0.0,1.0000000000000022,0.0,0.0
0.0,1.0000000000000022,0.0,0.0
0.0,1.0000000000000022,0.0,0.0
0.0,1.0000000000000022,0.0,0.0
0.0,1.0000000000000022,0.0,0.0
0.0,1.0000000000000022,0.0,0.0
0.0,1.0000000000000022,0.0,0.0
0.0,1.0000000000000022,0.0,0.0
0.0,1.0000000000000022,0.0,0.0
0.0,1.0000000000000022,0.0,0.0
0.0,1.0000000000000022,0.0,0.0
0.0,1.0000000000000022,0.0,0.0
0.0,1.0000000000000022,0.0,0.0
0.0,1.0000000000000022,0.0,0.0
0.0,1.0000000000000022,0.0,0.0
0.0,1.0000000000000022,0.0,0.0
0.0,1.0000000000000022,0.0,0.0
0.0,1.0000000000000022,0.0,0.0
0.0,1.0000000000000022,0.0,0.0
0.0,1.0000000000000022,0.0,0.0
0.0,1.0000000000000022,0.0,0.0
0.0,1.0000000000000022,0.0,0.0
0.0,1.0000000000000022,0.0,0.0
0.0,1.0000000000000022,0.0,0.0
0.0,1.0000000000000022,0.0,0.0
0.0,1.0000000000000022,0.0,0.0
0.0,1.0000000000000022,0.0,0.0
0.0,1.0000000000000022,0.0,0.0
0.0,1.0000000000000022,0.0,0.0
0.0,1.0000000000000022,0.0,0.0
0.0,1.0000000000000022,0.0,0.0
0.0,1.0000000000000022,0.0,0.0
0.0,1.0000000000000022,0.0,0.0
0.0,1.0000000000000022,0.0,0.0
0.0,1.0000000000000022,0.0,0.0
0.0,1.0000000000000022,0.0,0.0
0.0,1.0000000000000022,0.0,0.0
0.0,1.0000000000000022,0.0,0.0
0.0,1.0000000000000022,0.0,0.0
0.0,1.0000000000000022,0.0,0.0
0.0,1.0000000000000022,0.0,0.0
0.0,1.0000000000000022,0.0,0.0
0.0,1.0000000000000022,0.0,0.0
0.0,1.0000000000000022,0.0,0.0
0.0,1.0000000000000022,0.0,0.0
0.0,1.0000000000000022,0.0,0.0
0.0,1.0000000000000022,0.0,0.0
0.0,1.0000000000000022,0.0,0.0
0.0,1.0000000000000022,0.0,0.0
0.0,1.0000000000000022,0.0,0.0
0.0,1.0000000000000022,0.0,0.0
0.0,1.0000000000000022,0.0,0.0
0.0,1.0000000000000022,0.0,0.0
0.0,1.0000000000000022,0.0,0.0
0.0,1.0000000000000022,0.0,0.0
0.0,1.0000000000000022,0.0,0.0
0.0,1.0000000000000022,0.0,0.0
0.0,1.0000000000000022,0.0,0.0
0.0,1.0000000000000022,0.0,0.0
0.0,1.0000000000000022,0.0,0.0
0.0,1.0000000000000022,0.0,0.0
0.0,1.0000000000000022,0.0,0.0
0.0,1.0000000000000022,0.0,0.0
0.0,1.0000000000000022,0.0,0.0
0.0,1.0000000000000022,0.0,0.0
0.0,1.0000000000000022,0.0,0.0
0.0,1.0000000000000022,0.0,0.0
0.0,1.0000000000000022,0.0,0.0
0.0,1.0000000000000022,0.0,0.0
0.0,1.0000000000000022,0.0,0.0
0.0,1.0000000000000022,0.0,0.0
0.0,1.0000000000000022,0.0,0.0
0.0,1.0000000000000022,0.0,0.0
0.0,1.0000000000000022,0.0,0.0
0.0,1.0000000000000022,0.0,0.0
0.0,1.0000000000000022,0.0,0.0
0.0,1.0000000000000022,0.0,0.0
0.0,1.0000000000000022,0.0,0.0
0.0,1.0000000000000022,0.0,0.0
0.0,1.0000000000000022,0.0,0.0
0.0,1.0000000000000022,0.0,0.0
0.0,1.0000000000000022,0.0,0.0
0.0,1.0000000000000022,0.0,0.0
0.0,1.0000000000000022,0.0,0.0
0.0,1.0000000000000022,0.0,0.0
0.0,1.0000000000000022,0.0,0.0
0.0,1.0000000000000022,0.0,0.0
0.0,1.0000000000000022,0.0,0.0
0.0,1.0000000000000022,0.0,0.0
0.0,1.0000000000000022,0.0,0.0
0.0,1.0000000000000022,0.0,0.0
0.0,1.0000000000000022,0.0,0.0
0.0,1.0000000000000022,0.0,0.0
0.0,1.0000000000000022,0.0,0.0
0.0,1.0000000000000022,0.0,0.0
0.0,1.0000000000000022,0.0,0.0
0.0,1.0000000000000022,0.0,0.0
0.0,1.0000000000000022,0.0,0.0
0.0,1.0000000000000022,0.0,0.0
0.0,1.0000000000000022,0.0,0.0
0.0,1.0000000000000022,0.0,0.0
0.0,1.0000000000000022,0.0,0.0
0.0,1.0000000000000022,0.0,0.0
0.0,1.0000000000000022,0.0,0.0
0.0,1.0000000000000022,0.0,0.0
0.0,1.0000000000000022,0.0,0.0
0.0,1.0000000000000022,0.0,0.0
0.0,1.0000000000000022,0.0,0.0
0.0,1.0000000000000022,0.0,0.0
0.0,1.0000000000000022,0.0,0.0
0.0,1.0000000000000022,0.0,0.0
0.0,1.0000000000000022,0.0,0.0
0.0,1.0000000000000022,0.0,0.0
0.0,1.0000000000000022,0.0,0.0
0.0,1.0000000000000022,0.0,0.0
0.0,1.0000000000000022,0.0,0.0
0.0,1.0000000000000022,0.0,0.0
0.0,1.0000000000000022,0.0,0.0
0.0,1.0000000000000022,0.0,0.0
0.0,1.0000000000000022,0.0,0.0
0.0,1.0000000000000022,0.0,0.0
0.0,1.0000000000000022,0.0,0.0
0.0,1.0000000000000022,0.0,0.0
0.0,1.0000000000000022,0.0,0.0
0.0,1.0000000000000022,0.0,0.0
0.0,1.0000000000000022,0.0,0.0
0.0,1.0000000000000022,0.0,0.0
0.0,1.0000000000000022,0.0,0.0
0.0,1.0000000000000022,0.0,0.0
0.0,1.0000000000000022,0.0,0.0
0.0,1.0000000000000022,0.0,0.0
0.0,1.0000000000000022,0.0,0.0
0.0,1.0000000000000022,0.0,0.0
0.0,1.0000000000000022,0.0,0.0
0.0,1.0000000000000022,0.0,0.0
0.0,1.0000000000000022,0.0,0.0
0.0,1.0000000000000022,0.0,0.0
0.0,1.0000000000000022,0.0,0.0
0.0,1.0000000000000022,0.0,0.0
0.0,1.0000000000000022,0.0,0.0
0.0,1.0000000000000022,0.0,0.0
0.0,1.0000000000000022,0.0,0.0
0.0,1.0000000000000022,0.0,0.0
0.0,1.0000000000000022,0.0,0.0
0.0,1.0000000000000022,0.0,0.0
0.0,1.0000000000000022,0.0,0.0
0.0,1.0000000000000022,0.0,0.0
0.0,1.0000000000000022,0.0,0.0
0.0,1.0000000000000022,0.0,0.0
0.0,1.0000000000000022,0.0,0.0
0.0,1.0000000000000022,0.0,0.0
0.0,1.0000000000000022,0.0,0.0
0.0,1.0000000000000022,0.0,0.0
0.0,1.0000000000000022,0.0,0.0
0.0,1.0000000000000022,0.0,0.0
0.0,1.0000000000000022,0.0,0.0
0.0,1.0000000000000022,0.0,0.0
0.0,1.0000000000000022,0.0,0.0
0.0,1.0000000000000022,0.0,0.0
0.0,1.0000000000000022,0.0,0.0
0.0,1.0000000000000022,0.0,0.0
0.0,1.0000000000000022,0.0,0.0
0.0,1.0000000000000022,0.0,0.0
0.0,1.0000000000000022,0.0,0.0
0.0,1.0000000000000022,0.0,0.0
0.0,1.0000000000000022,0.0,0.0
0.0,1.0000000000000022,0.0,0.0
0.0,1.0000000000000022,0.0,0.0
0.0,1.0000000000000022,0.0,0.0
0.0,1.0000000000000022,0.0,0.0
0.0,1.0000000000000022,0.0,0.0
0.0,1.0000000000000022,0.0,0.0
0.0,1.0000000000000022,0.0,0.0
0.0,1.0000000000000022,0.0,0.0
0.0,1.0000000000000022,0.0,0.0
0.0,1.0000000000000022,0.0,0.0
0.0,1.0000000000000022,0.0,0.0
0.0,1.0000000000000022,0.0,0.0
0.0,1.0000000000000022,0.0,0.0
0.0,1.0000000000000022,0.0,0.0
0.0,1.0000000000000022,0.0,0.0
0.0,1.0000000000000022,0.0,0.0
0.0,1.0000000000000022,0.0,0.0
0.0,1.0000000000000022,0.0,0.0
0.0,1.0000000000000022,0.0,0.0
0.0,1.0000000000000022,0.0,0.0
0.0,1.0000000000000022,0.0,0.0
0.0,1.0000000000000022,0.0,0.0
0.0,1.0000000000000022,0.0,0.0
0.0,1.0000000000000022,0.0,0.0
0.0,1.0000000000000022,0.0,0.0
0.0,1.0000000000000022,0.0,0.0
0.0,1.0000000000000022,0.0,0.0
0.0,1.0000000000000022,0.0,0.0
0.0,1.0000000000000022,0.0,0.0
0.0,1.0000000000000022,0.0,0.0
0.0,1.0000000000000022,0.0,0.0
0.0,1.0000000000000022,0.0,0.0
0.0,1.0000000000000022,0.0,0.0
0.0,1.0000000000000022,0.0,0.0
0.0,1.0000000000000022,0.0,0.0
0.0,1.0000000000000022,0.0,0.0
0.0,1.0000000000000022,0.0,0.0
0.0,1.0000000000000022,0.0,0.0
0.0,1.0000000000000022,0.0,0.0
0.0,1.0000000000000022,0.0,0.0
0.0,1.0000000000000022,0.0,0.0
0.0,1.0000000000000022,0.0,0.0
0.0,1.0000000000000022,0.0,0.0
0.0,1.0000000000000022,0.0,0.0
0.0,1.0000000000000022,0.0,0.0
0.0,1.0000000000000022,0.0,0.0
0.0,1.0000000000000022,0.0,0.0
0.0,1.0000000000000022,0.0,0.0
0.0,1.0000000000000022,0.0,0.0
0.0,1.0000000000000022,0.0,0.0
0.0,1.0000000000000022,0.0,0.0
0.0,1.0000000000000022,0.0,0.0
0.0,1.0000000000000022,0.0,0.0
0.0,1.0000000000000022,0.0,0.0
0.0,1.0000000000000022,0.0,0.0
0.0,1.0000000000000022,0.0,0.0
0.0,1.0000000000000022,0.0,0.0
0.0,1.0000000000000022,0.0,0.0
0.0,1.0000000000000022,0.0,0.0
0.0,1.0000000000000022,0.0,0.0
0.0,1.0000000000000022,0.0,0.0
0.0,1.0000000000000022,0.0,0.0
0.0,1.0000000000000022,0.0,0.0
0.0,1.0000000000000022,0.0,0.0
0.0,1.0000000000000022,0.0,0.0
0.0,1.0000000000000022,0.0,0.0
0.0,1.0000000000000022,0.0,0.0
0.0,1.0000000000000022,0.0,0.0
0.0,1.0000000000000022,0.0,0.0
0.0,1.0000000000000022,0.0,0.0
0.0,1.0000000000000022,0.0,0.0
0.0,1.0000000000000022,0.0,0.0
0.0,1.0000000000000022,0.0,0.0
0.0,1.0000000000000022,0.0,0.0
0.0,1.0000000000000022,0.0,0.0
0.0,1.0000000000000022,0.0,0.0
0.0,1.0000000000000022,0.0,0.0
0.0,1.0000000000000022,0.0,0.0
0.0,1.0000000000000022,0.0,0.0
0.0,1.0000000000000022,0.0,0.0
0.0,1.0000000000000022,0.0,0.0
0.0,1.0000000000000022,0.0,0.0
0.0,1.0000000000000022,0.0,0.0
0.0,1.0000000000000022,0.0,0.0
0.0,1.0000000000000022,0.0,0.0
0.0,1.0000000000000022,0.0,0.0
0.0,1.0000000000000022,0.0,0.0
0.0,1.0000000000000022,0.0,0.0
0.0,1.0000000000000022,0.0,0.0
0.0,1.0000000000000022,0.0,0.0
0.0,1.0000000000000022,0.0,0.0
0.0,1.0000000000000022,0.0,0.0
0.0,1.0000000000000022,0.0,0.0
0.0,1.0000000000000022,0.0,0.0
0.0,1.0000000000000022,0.0,0.0
0.0,1.0000000000000022,0.0,0.0
0.0,1.0000000000000022,0.0,0.0
0.0,1.0000000000000022,0.0,0.0
0.0,1.0000000000000022,0.0,0.0
0.0,1.0000000000000022,0.0,0.0
0.0,1.0000000000000022,0.0,0.0
0.0,1.0000000000000022,0.0,0.0
0.0,1.0000000000000022,0.0,0.0
0.0,1.0000000000000022,0.0,0.0
0.0,1.0000000000000022,0.0,0.0
0.0,1.0000000000000022,0.0,0.0
0.0,1.0000000000000022,0.0,0.0
0.0,1.0000000000000022,0.0,0.0
0.0,1.0000000000000022,0.0,0.0
0.0,1.0000000000000022,0.0,0.0
0.0,1.0000000000000022,0.0,0.0
0.0,1.0000000000000022,0.0,0.0
0.0,1.0000000000000022,0.0,0.0
0.0,1.0000000000000022,0.0,0.0
0.0,1.0000000000000022,0.0,0.0
0.0,1.0000000000000022,0.0,0.0
0.0,1.0000000000000022,0.0,0.0
0.0,1.0000000000000022,0.0,0.0
0.0,1.0000000000000022,0.0,0.0
0.0,1.0000000000000022,0.0,0.0
0.0,1.0000000000000022,0.0,0.0
0.0,1.0000000000000022,0.0,0.0
0.0,1.0000000000000022,0.0,0.0
0.0,1.0000000000000022,0.0,0.0
0.0,1.0000000000000022,0.0,0.0
0.0,1.0000000000000022,0.0,0.0
0.0,1.0000000000000022,0.0,0.0
0.0,1.0000000000000022,0.0,0.0
0.0,1.0000000000000022,0.0,0.0
0.0,1.0000000000000022,0.0,0.0
0.0,1.0000000000000022,0.0,0.0
0.0,1.0000000000000022,0.0,0.0
0.0,1.0000000000000022,0.0,0.0
0.0,1.0000000000000022,0.0,0.0
0.0,1.0000000000000022,0.0,0.0
0.0,1.0000000000000022,0.0,0.0
0.0,1.0000000000000022,0.0,0.0
0.0,1.0000000000000022,0.0,0.0
0.0,1.0000000000000022,0.0,0.0
0.0,1.0000000000000022,0.0,0.0
0.0,1.0000000000000022,0.0,0.0
0.0,1.0000000000000022,0.0,0.0
0.0,1.0000000000000022,0.0,0.0
0.0,1.0000000000000022,0.0,0.0
0.0,1.0000000000000022,0.0,0.0
0.0,1.0000000000000022,0.0,0.0
0.0,1.0000000000000022,0.0,0.0
0.0,1.0000000000000022,0.0,0.0
0.0,1.0000000000000022,0.0,0.0
0.0,1.0000000000000022,0.0,0.0
0.0,1.0000000000000022,0.0,0.0
0.0,1.0000000000000022,0.0,0.0
0.0,1.0000000000000022,0.0,0.0
0.0,1.0000000000000022,0.0,0.0
0.0,1.0000000000000022,0.0,0.0
0.0,1.0000000000000022,0.0,0.0
0.0,1.0000000000000022,0.0,0.0
0.0,1.0000000000000022,0.0,0.0
0.0,1.0000000000000022,0.0,0.0
0.0,1.0000000000000022,0.0,0.0
0.0,1.0000000000000022,0.0,0.0
0.0,1.0000000000000022,0.0,0.0
0.0,1.0000000000000022,0.0,0.0
0.0,1.0000000000000022,0.0,0.0
0.0,1.0000000000000022,0.0,0.0
0.0,1.0000000000000022,0.0,0.0
0.0,1.0000000000000022,0.0,0.0
0.0,1.0000000000000022,0.0,0.0
0.0,1.0000000000000022,0.0,0.0
0.0,1.0000000000000022,0.0,0.0
0.0,1.0000000000000022,0.0,0.0
0.0,1.0000000000000022,0.0,0.0
0.0,1.0000000000000022,0.0,0.0
0.0,1.0000000000000022,0.0,0.0
0.0,1.0000000000000022,0.0,0.0
0.0,1.0000000000000022,0.0,0.0
0.0,1.0000000000000022,0.0,0.0
0.0,1.0000000000000022,0.0,0.0
0.0,1.0000000000000022,0.0,0.0
0.0,1.0000000000000022,0.0,0.0
0.0,1.0000000000000022,0.0,0.0
0.0,1.0000000000000022,0.0,0.0
0.0,1.0000000000000022,0.0,0.0
0.0,1.0000000000000022,0.0,0.0
0.0,1.0000000000000022,0.0,0.0
0.0,1.0000000000000022,0.0,0.0
0.0,1.0000000000000022,0.0,0.0
0.0,1.0000000000000022,0.0,0.0
0.0,1.0000000000000022,0.0,0.0
0.0,1.0000000000000022,0.0,0.0
0.0,1.0000000000000022,0.0,0.0
0.0,1.0000000000000022,0.0,0.0
0.0,1.0000000000000022,0.0,0.0
0.0,1.0000000000000022,0.0,0.0
0.0,1.0000000000000022,0.0,0.0
0.0,1.0000000000000022,0.0,0.0
0.0,1.0000000000000022,0.0,0.0
0.0,1.0000000000000022,0.0,0.0
0.0,1.0000000000000022,0.0,0.0
0.0,1.0000000000000022,0.0,0.0
0.0,1.0000000000000022,0.0,0.0
0.0,1.0000000000000022,0.0,0.0
0.0,1.0000000000000022,0.0,0.0
0.0,1.0000000000000022,0.0,0.0
0.0,1.0000000000000022,0.0,0.0
0.0,1.0000000000000022,0.0,0.0
0.0,1.0000000000000022,0.0,0.0
0.0,1.0000000000000022,0.0,0.0
0.0,1.0000000000000022,0.0,0.0
0.0,1.0000000000000022,0.0,0.0
0.0,1.0000000000000022,0.0,0.0
0.0,1.0000000000000022,0.0,0.0
0.0,1.0000000000000022,0.0,0.0
0.0,1.0000000000000022,0.0,0.0
0.0,1.0000000000000022,0.0,0.0
0.0,1.0000000000000022,0.0,0.0
0.0,1.0000000000000022,0.0,0.0
0.0,1.0000000000000022,0.0,0.0
0.0,1.0000000000000022,0.0,0.0
0.0,1.0000000000000022,0.0,0.0
0.0,1.0000000000000022,0.0,0.0
0.0,1.0000000000000022,0.0,0.0
0.0,1.0000000000000022,0.0,0.0
0.0,1.0000000000000022,0.0,0.0
0.0,1.0000000000000022,0.0,0.0
0.0,1.0000000000000022,0.0,0.0
0.0,1.0000000000000022,0.0,0.0
0.0,1.0000000000000022,0.0,0.0
0.0,1.0000000000000022,0.0,0.0
0.0,1.0000000000000022,0.0,0.0
0.0,1.0000000000000022,0.0,0.0
0.0,1.0000000000000022,0.0,0.0
0.0,1.0000000000000022,0.0,0.0
0.0,1.0000000000000022,0.0,0.0
0.0,1.0000000000000022,0.0,0.0
0.0,1.0000000000000022,0.0,0.0
0.0,1.0000000000000022,0.0,0.0
0.0,1.0000000000000022,0.0,0.0
0.0,1.0000000000000022,0.0,0.0
0.0,1.0000000000000022,0.0,0.0
0.0,1.0000000000000022,0.0,0.0
0.0,1.0000000000000022,0.0,0.0
0.0,1.0000000000000022,0.0,0.0
0.0,1.0000000000000022,0.0,0.0
0.0,1.0000000000000022,0.0,0.0
0.0,1.0000000000000022,0.0,0.0
0.0,1.0000000000000022,0.0,0.0
0.0,1.0000000000000022,0.0,0.0
0.0,1.0000000000000022,0.0,0.0
0.0,1.0000000000000022,0.0,0.0
0.0,1.0000000000000022,0.0,0.0
0.0,1.0000000000000022,0.0,0.0
0.0,1.0000000000000022,0.0,0.0
0.0,1.0000000000000022,0.0,0.0
0.0,1.0000000000000022,0.0,0.0
0.0,1.0000000000000022,0.0,0.0
0.0,1.0000000000000022,0.0,0.0
0.0,1.0000000000000022,0.0,0.0
0.0,1.0000000000000022,0.0,0.0
0.0,1.0000000000000022,0.0,0.0
0.0,1.0000000000000022,0.0,0.0
0.0,1.0000000000000022,0.0,0.0
0.0,1.0000000000000022,0.0,0.0
0.0,1.0000000000000022,0.0,0.0
0.0,1.0000000000000022,0.0,0.0
0.0,1.0000000000000022,0.0,0.0
0.0,1.0000000000000022,0.0,0.0
0.0,1.0000000000000022,0.0,0.0
0.0,1.0000000000000022,0.0,0.0
0.0,1.0000000000000022,0.0,0.0
0.0,1.0000000000000022,0.0,0.0
0.0,1.0000000000000022,0.0,0.0
0.0,1.0000000000000022,0.0,0.0
0.0,1.0000000000000022,0.0,0.0
0.0,1.0000000000000022,0.0,0.0
0.0,1.0000000000000022,0.0,0.0
0.0,1.0000000000000022,0.0,0.0
0.0,1.0000000000000022,0.0,0.0
0.0,1.0000000000000022,0.0,0.0
0.0,1.0000000000000022,0.0,0.0
0.0,1.0000000000000022,0.0,0.0
0.0,1.0000000000000022,0.0,0.0
0.0,1.0000000000000022,0.0,0.0
0.0,1.0000000000000022,0.0,0.0
0.0,1.0000000000000022,0.0,0.0
0.0,1.0000000000000022,0.0,0.0
0.0,1.0000000000000022,0.0,0.0
0.0,1.0000000000000022,0.0,0.0
0.0,1.0000000000000022,0.0,0.0
0.0,1.0000000000000022,0.0,0.0
0.0,1.0000000000000022,0.0,0.0
0.0,1.0000000000000022,0.0,0.0
0.0,1.0000000000000022,0.0,0.0
0.0,1.0000000000000022,0.0,0.0
0.0,1.0000000000000022,0.0,0.0
0.0,1.0000000000000022,0.0,0.0
0.0,1.0000000000000022,0.0,0.0
0.0,1.0000000000000022,0.0,0.0
0.0,1.0000000000000022,0.0,0.0
0.0,1.0000000000000022,0.0,0.0
0.0,1.0000000000000022,0.0,0.0
0.0,1.0000000000000022,0.0,0.0
0.0,1.0000000000000022,0.0,0.0
0.0,1.0000000000000022,0.0,0.0
0.0,1.0000000000000022,0.0,0.0
0.0,1.0000000000000022,0.0,0.0
0.0,1.0000000000000022,0.0,0.0
0.0,1.0000000000000022,0.0,0.0
0.0,1.0000000000000022,0.0,0.0
0.0,1.0000000000000022,0.0,0.0
0.0,1.0000000000000022,0.0,0.0
0.0,1.0000000000000022,0.0,0.0
0.0,1.0000000000000022,0.0,0.0
0.0,1.0000000000000022,0.0,0.0
0.0,1.0000000000000022,0.0,0.0
0.0,1.0000000000000022,0.0,0.0
0.0,1.0000000000000022,0.0,0.0
0.0,1.0000000000000022,0.0,0.0
0.0,1.0000000000000022,0.0,0.0
0.0,1.0000000000000022,0.0,0.0
0.0,1.0000000000000022,0.0,0.0
0.0,1.0000000000000022,0.0,0.0
0.0,1.0000000000000022,0.0,0.0
0.0,1.0000000000000022,0.0,0.0
0.0,1.0000000000000022,0.0,0.0
0.0,1.0000000000000022,0.0,0.0
0.0,1.0000000000000022,0.0,0.0
0.0,1.0000000000000022,0.0,0.0
0.0,1.0000000000000022,0.0,0.0
0.0,1.0000000000000022,0.0,0.0
0.0,1.0000000000000022,0.0,0.0
0.0,1.0000000000000022,0.0,0.0
0.0,1.0000000000000022,0.0,0.0
0.0,1.0000000000000022,0.0,0.0
0.0,1.0000000000000022,0.0,0.0
0.0,1.0000000000000022,0.0,0.0
0.0,1.0000000000000022,0.0,0.0
0.0,1.0000000000000022,0.0,0.0
0.0,1.0000000000000022,0.0,0.0
0.0,1.0000000000000022,0.0,0.0
0.0,1.0000000000000022,0.0,0.0
0.0,1.0000000000000022,0.0,0.0
0.0,1.0000000000000022,0.0,0.0
0.0,1.0000000000000022,0.0,0.0
0.0,1.0000000000000022,0.0,0.0
0.0,1.0000000000000022,0.0,0.0
0.0,1.0000000000000022,0.0,0.0
0.0,1.0000000000000022,0.0,0.0
0.0,1.0000000000000022,0.0,0.0
0.0,1.0000000000000022,0.0,0.0
0.0,1.0000000000000022,0.0,0.0
0.0,1.0000000000000022,0.0,0.0
0.0,1.0000000000000022,0.0,0.0
0.0,1.0000000000000022,0.0,0.0
0.0,1.0000000000000022,0.0,0.0
0.0,1.0000000000000022,0.0,0.0
0.0,1.0000000000000022,0.0,0.0
0.0,1.0000000000000022,0.0,0.0
0.0,1.0000000000000022,0.0,0.0
0.0,1.0000000000000022,0.0,0.0
0.0,1.0000000000000022,0.0,0.0
0.0,1.0000000000000022,0.0,0.0
0.0,1.0000000000000022,0.0,0.0
0.0,1.0000000000000022,0.0,0.0
0.0,1.0000000000000022,0.0,0.0
0.0,1.0000000000000022,0.0,0.0
0.0,1.0000000000000022,0.0,0.0
0.0,1.0000000000000022,0.0,0.0
0.0,1.0000000000000022,0.0,0.0
0.0,1.0000000000000022,0.0,0.0
0.0,1.0000000000000022,0.0,0.0
0.0,1.0000000000000022,0.0,0.0
0.0,1.0000000000000022,0.0,0.0
0.0,1.0000000000000022,0.0,0.0
0.0,1.0000000000000022,0.0,0.0
0.0,1.0000000000000022,0.0,0.0
0.0,1.0000000000000022,0.0,0.0
0.0,1.0000000000000022,0.0,0.0
0.0,1.0000000000000022,0.0,0.0
0.0,1.0000000000000022,0.0,0.0
0.0,1.0000000000000022,0.0,0.0
0.0,1.0000000000000022,0.0,0.0
0.0,1.0000000000000022,0.0,0.0
0.0,1.0000000000000022,0.0,0.0
0.0,1.0000000000000022,0.0,0.0
0.0,1.0000000000000022,0.0,0.0
0.0,1.0000000000000022,0.0,0.0
0.0,1.0000000000000022,0.0,0.0
0.0,1.0000000000000022,0.0,0.0
0.0,1.0000000000000022,0.0,0.0
0.0,1.0000000000000022,0.0,0.0
0.0,1.0000000000000022,0.0,0.0
0.0,1.0000000000000022,0.0,0.0
0.0,1.0000000000000022,0.0,0.0
0.0,1.0000000000000022,0.0,0.0
0.0,1.0000000000000022,0.0,0.0
0.0,1.0000000000000022,0.0,0.0
0.0,1.0000000000000022,0.0,0.0
0.0,1.0000000000000022,0.0,0.0
0.0,1.0000000000000022,0.0,0.0
0.0,1.0000000000000022,0.0,0.0
0.0,1.0000000000000022,0.0,0.0
0.0,1.0000000000000022,0.0,0.0
0.0,1.0000000000000022,0.0,0.0
0.0,1.0000000000000022,0.0,0.0
0.0,1.0000000000000022,0.0,0.0
0.0,1.0000000000000022,0.0,0.0
0.0,1.0000000000000022,0.0,0.0
0.0,1.0000000000000022,0.0,0.0
0.0,1.0000000000000022,0.0,0.0
0.0,1.0000000000000022,0.0,0.0
0.0,1.0000000000000022,0.0,0.0
0.0,1.0000000000000022,0.0,0.0
0.0,1.0000000000000022,0.0,0.0
0.0,1.0000000000000022,0.0,0.0
0.0,1.0000000000000022,0.0,0.0
0.0,1.0000000000000022,0.0,0.0
0.0,1.0000000000000022,0.0,0.0
0.0,1.0000000000000022,0.0,0.0
0.0,1.0000000000000022,0.0,0.0
0.0,1.0000000000000022,0.0,0.0
0.0,1.0000000000000022,0.0,0.0
0.0,1.0000000000000022,0.0,0.0
0.0,1.0000000000000022,0.0,0.0
0.0,1.0000000000000022,0.0,0.0
0.0,1.0000000000000022,0.0,0.0
0.0,1.0000000000000022,0.0,0.0
0.0,1.0000000000000022,0.0,0.0
0.0,1.0000000000000022,0.0,0.0
0.0,1.0000000000000022,0.0,0.0
0.0,1.0000000000000022,0.0,0.0
0.0,1.0000000000000022,0.0,0.0
0.0,1.0000000000000022,0.0,0.0
0.0,1.0000000000000022,0.0,0.0
0.0,1.0000000000000022,0.0,0.0
0.0,1.0000000000000022,0.0,0.0
0.0,1.0000000000000022,0.0,0.0
0.0,1.0000000000000022,0.0,0.0
0.0,1.0000000000000022,0.0,0.0
0.0,1.0000000000000022,0.0,0.0
0.0,1.0000000000000022,0.0,0.0
0.0,1.0000000000000022,0.0,0.0
0.0,1.0000000000000022,0.0,0.0
0.0,1.0000000000000022,0.0,0.0
0.0,1.0000000000000022,0.0,0.0
0.0,1.0000000000000022,0.0,0.0
0.0,1.0000000000000022,0.0,0.0
0.0,1.0000000000000022,0.0,0.0
0.0,1.0000000000000022,0.0,0.0
0.0,1.0000000000000022,0.0,0.0
0.0,1.0000000000000022,0.0,0.0
0.0,1.0000000000000022,0.0,0.0
0.0,1.0000000000000022,0.0,0.0
0.0,1.0000000000000022,0.0,0.0
0.0,1.0000000000000022,0.0,0.0
0.0,1.0000000000000022,0.0,0.0
0.0,1.0000000000000022,0.0,0.0
0.0,1.0000000000000022,0.0,0.0
0.0,1.0000000000000022,0.0,0.0
0.0,1.0000000000000022,0.0,0.0
0.0,1.0000000000000022,0.0,0.0
0.0,1.0000000000000022,0.0,0.0
0.0,1.0000000000000022,0.0,0.0
0.0,1.0000000000000022,0.0,0.0
0.0,1.0000000000000022,0.0,0.0
0.0,1.0000000000000022,0.0,0.0
0.0,1.0000000000000022,0.0,0.0
0.0,1.0000000000000022,0.0,0.0
0.0,1.0000000000000022,0.0,0.0
0.0,1.0000000000000022,0.0,0.0
0.0,1.0000000000000022,0.0,0.0
0.0,1.0000000000000022,0.0,0.0
0.0,1.0000000000000022,0.0,0.0
0.0,1.0000000000000022,0.0,0.0
0.0,1.0000000000000022,0.0,0.0
0.0,1.0000000000000022,0.0,0.0
0.0,1.0000000000000022,0.0,0.0
0.0,1.0000000000000022,0.0,0.0
0.0,1.0000000000000022,0.0,0.0
0.0,1.0000000000000022,0.0,0.0
0.0,1.0000000000000022,0.0,0.0
0.0,1.0000000000000022,0.0,0.0
0.0,1.0000000000000022,0.0,0.0
0.0,1.0000000000000022,0.0,0.0
0.0,1.0000000000000022,0.0,0.0
0.0,1.0000000000000022,0.0,0.0
0.0,1.0000000000000022,0.0,0.0
0.0,1.0000000000000022,0.0,0.0
0.0,1.0000000000000022,0.0,0.0
0.0,1.0000000000000022,0.0,0.0
0.0,1.0000000000000022,0.0,0.0
0.0,1.0000000000000022,0.0,0.0
0.0,1.0000000000000022,0.0,0.0
0.0,1.0000000000000022,0.0,0.0
0.0,1.0000000000000022,0.0,0.0
0.0,1.0000000000000022,0.0,0.0
0.0,1.0000000000000022,0.0,0.0
0.0,1.0000000000000022,0.0,0.0
0.0,1.0000000000000022,0.0,0.0
0.0,1.0000000000000022,0.0,0.0
0.0,1.0000000000000022,0.0,0.0
0.0,1.0000000000000022,0.0,0.0
0.0,1.0000000000000022,0.0,0.0
0.0,1.0000000000000022,0.0,0.0
0.0,1.0000000000000022,0.0,0.0
0.0,1.0000000000000022,0.0,0.0
0.0,1.0000000000000022,0.0,0.0
0.0,1.0000000000000022,0.0,0.0
0.0,1.0000000000000022,0.0,0.0
0.0,1.0000000000000022,0.0,0.0
0.0,1.0000000000000022,0.0,0.0
0.0,1.0000000000000022,0.0,0.0
0.0,1.0000000000000022,0.0,0.0
0.0,1.0000000000000022,0.0,0.0
0.0,1.0000000000000022,0.0,0.0
0.0,1.0000000000000022,0.0,0.0
0.0,1.0000000000000022,0.0,0.0
0.0,1.0000000000000022,0.0,0.0
0.0,1.0000000000000022,0.0,0.0
0.0,1.0000000000000022,0.0,0.0
0.0,1.0000000000000022,0.0,0.0
0.0,1.0000000000000022,0.0,0.0
0.0,1.0000000000000022,0.0,0.0
0.0,1.0000000000000022,0.0,0.0
0.0,1.0000000000000022,0.0,0.0
0.0,1.0000000000000022,0.0,0.0
0.0,1.0000000000000022,0.0,0.0
0.0,1.0000000000000022,0.0,0.0
0.0,1.0000000000000022,0.0,0.0
0.0,1.0000000000000022,0.0,0.0
0.0,1.0000000000000022,0.0,0.0
0.0,1.0000000000000022,0.0,0.0
0.0,1.0000000000000022,0.0,0.0
0.0,1.0000000000000022,0.0,0.0
0.0,1.0000000000000022,0.0,0.0
0.0,1.0000000000000022,0.0,0.0
0.0,1.0000000000000022,0.0,0.0
0.0,1.0000000000000022,0.0,0.0
0.0,1.0000000000000022,0.0,0.0
0.0,1.0000000000000022,0.0,0.0
0.0,1.0000000000000022,0.0,0.0
0.0,1.0000000000000022,0.0,0.0
0.0,1.0000000000000022,0.0,0.0
0.0,1.0000000000000022,0.0,0.0
0.0,1.0000000000000022,0.0,0.0
0.0,1.0000000000000022,0.0,0.0
0.0,1.0000000000000022,0.0,0.0
0.0,1.0000000000000022,0.0,0.0
0.0,1.0000000000000022,0.0,0.0
0.0,1.0000000000000022,0.0,0.0
0.0,1.0000000000000022,0.0,0.0
0.0,1.0000000000000022,0.0,0.0
0.0,1.0000000000000022,0.0,0.0
0.0,1.0000000000000022,0.0,0.0
0.0,1.0000000000000022,0.0,0.0
0.0,1.0000000000000022,0.0,0.0
0.0,1.0000000000000022,0.0,0.0
0.0,1.0000000000000022,0.0,0.0
0.0,1.0000000000000022,0.0,0.0
0.0,1.0000000000000022,0.0,0.0
0.0,1.0000000000000022,0.0,0.0
0.0,1.0000000000000022,0.0,0.0
0.0,1.0000000000000022,0.0,0.0
0.0,1.0000000000000022,0.0,0.0
0.0,1.0000000000000022,0.0,0.0
0.0,1.0000000000000022,0.0,0.0
0.0,1.0000000000000022,0.0,0.0
0.0,1.0000000000000022,0.0,0.0
0.0,1.0000000000000022,0.0,0.0
0.0,1.0000000000000022,0.0,0.0
0.0,1.0000000000000022,0.0,0.0
0.0,1.0000000000000022,0.0,0.0
0.0,1.0000000000000022,0.0,0.0
0.0,1.0000000000000022,0.0,0.0
0.0,1.0000000000000022,0.0,0.0
0.0,1.0000000000000022,0.0,0.0
0.0,1.0000000000000022,0.0,0.0
0.0,1.0000000000000022,0.0,0.0
0.0,1.0000000000000022,0.0,0.0
0.0,1.0000000000000022,0.0,0.0
0.0,1.0000000000000022,0.0,0.0
0.0,1.0000000000000022,0.0,0.0
0.0,1.0000000000000022,0.0,0.0
0.0,1.0000000000000022,0.0,0.0
0.0,1.0000000000000022,0.0,0.0
0.0,1.0000000000000022,0.0,0.0
0.0,1.0000000000000022,0.0,0.0
0.0,1.0000000000000022,0.0,0.0
0.0,1.0000000000000022,0.0,0.0
0.0,1.0000000000000022,0.0,0.0
0.0,1.0000000000000022,0.0,0.0
0.0,1.0000000000000022,0.0,0.0
0.0,1.0000000000000022,0.0,0.0
0.0,1.0000000000000022,0.0,0.0
0.0,1.0000000000000022,0.0,0.0
0.0,1.0000000000000022,0.0,0.0
0.0,1.0000000000000022,0.0,0.0
0.0,1.0000000000000022,0.0,0.0
0.0,1.0000000000000022,0.0,0.0
0.0,1.0000000000000022,0.0,0.0
0.0,1.0000000000000022,0.0,0.0
0.0,1.0000000000000022,0.0,0.0
0.0,1.0000000000000022,0.0,0.0
0.0,1.0000000000000022,0.0,0.0
0.0,1.0000000000000022,0.0,0.0
0.0,1.0000000000000022,0.0,0.0
0.0,1.0000000000000022,0.0,0.0
0.0,1.0000000000000022,0.0,0.0
0.0,1.0000000000000022,0.0,0.0
0.0,1.0000000000000022,0.0,0.0
0.0,1.0000000000000022,0.0,0.0
0.0,1.0000000000000022,0.0,0.0
0.0,1.0000000000000022,0.0,0.0
0.0,1.0000000000000022,0.0,0.0
0.0,1.0000000000000022,0.0,0.0
0.0,1.0000000000000022,0.0,0.0
0.0,1.0000000000000022,0.0,0.0
0.0,1.0000000000000022,0.0,0.0
0.0,1.0000000000000022,0.0,0.0
0.0,1.0000000000000022,0.0,0.0
0.0,1.0000000000000022,0.0,0.0
0.0,1.0000000000000022,0.0,0.0
0.0,1.0000000000000022,0.0,0.0
0.0,1.0000000000000022,0.0,0.0
0.0,1.0000000000000022,0.0,0.0
0.0,1.0000000000000022,0.0,0.0
0.0,1.0000000000000022,0.0,0.0
0.0,1.0000000000000022,0.0,0.0
0.0,1.0000000000000022,0.0,0.0
0.0,1.0000000000000022,0.0,0.0
0.0,1.0000000000000022,0.0,0.0
0.0,1.0000000000000022,0.0,0.0
0.0,1.0000000000000022,0.0,0.0
0.0,1.0000000000000022,0.0,0.0
0.0,1.0000000000000022,0.0,0.0
0.0,1.0000000000000022,0.0,0.0
0.0,1.0000000000000022,0.0,0.0
0.0,1.0000000000000022,0.0,0.0
0.0,1.0000000000000022,0.0,0.0
0.0,1.0000000000000022,0.0,0.0
0.0,1.0000000000000022,0.0,0.0
0.0,1.0000000000000022,0.0,0.0
0.0,1.0000000000000022,0.0,0.0
0.0,1.0000000000000022,0.0,0.0
0.0,1.0000000000000022,0.0,0.0
0.0,1.0000000000000022,0.0,0.0
0.0,1.0000000000000022,0.0,0.0
0.0,1.0000000000000022,0.0,0.0
0.0,1.0000000000000022,0.0,0.0
0.0,1.0000000000000022,0.0,0.0
0.0,1.0000000000000022,0.0,0.0
0.0,1.0000000000000022,0.0,0.0
0.0,1.0000000000000022,0.0,0.0
0.0,1.0000000000000022,0.0,0.0
0.0,1.0000000000000022,0.0,0.0
0.0,1.0000000000000022,0.0,0.0
0.0,1.0000000000000022,0.0,0.0
0.0,1.0000000000000022,0.0,0.0
0.0,1.0000000000000022,0.0,0.0
0.0,1.0000000000000022,0.0,0.0
0.0,1.0000000000000022,0.0,0.0
0.0,1.0000000000000022,0.0,0.0
0.0,1.0000000000000022,0.0,0.0
0.0,1.0000000000000022,0.0,0.0
0.0,1.0000000000000022,0.0,0.0
0.0,1.0000000000000022,0.0,0.0
0.0,1.0000000000000022,0.0,0.0
0.0,1.0000000000000022,0.0,0.0
0.0,1.0000000000000022,0.0,0.0
0.0,1.0000000000000022,0.0,0.0
0.0,1.0000000000000022,0.0,0.0
0.0,1.0000000000000022,0.0,0.0
0.0,1.0000000000000022,0.0,0.0
0.0,1.0000000000000022,0.0,0.0
0.0,1.0000000000000022,0.0,0.0
0.0,1.0000000000000022,0.0,0.0
0.0,1.0000000000000022,0.0,0.0
0.0,1.0000000000000022,0.0,0.0
0.0,1.0000000000000022,0.0,0.0
0.0,1.0000000000000022,0.0,0.0
0.0,1.0000000000000022,0.0,0.0
0.0,1.0000000000000022,0.0,0.0
0.0,1.0000000000000022,0.0,0.0
0.0,1.0000000000000022,0.0,0.0
0.0,1.0000000000000022,0.0,0.0
0.0,1.0000000000000022,0.0,0.0
0.0,1.0000000000000022,0.0,0.0
0.0,1.0000000000000022,0.0,0.0
0.0,1.0000000000000022,0.0,0.0
0.0,1.0000000000000022,0.0,0.0
0.0,1.0000000000000022,0.0,0.0
0.0,1.0000000000000022,0.0,0.0
0.0,1.0000000000000022,0.0,0.0
0.0,1.0000000000000022,0.0,0.0
0.0,1.0000000000000022,0.0,0.0
0.0,1.0000000000000022,0.0,0.0
0.0,1.0000000000000022,0.0,0.0
0.0,1.0000000000000022,0.0,0.0
0.0,1.0000000000000022,0.0,0.0
0.0,1.0000000000000022,0.0,0.0
0.0,1.0000000000000022,0.0,0.0
0.0,1.0000000000000022,0.0,0.0
0.0,1.0000000000000022,0.0,0.0
0.0,1.0000000000000022,0.0,0.0
0.0,1.0000000000000022,0.0,0.0
0.0,1.0000000000000022,0.0,0.0
0.0,1.0000000000000022,0.0,0.0
0.0,1.0000000000000022,0.0,0.0
0.0,1.0000000000000022,0.0,0.0
0.0,1.0000000000000022,0.0,0.0
0.0,1.0000000000000022,0.0,0.0
0.0,1.0000000000000022,0.0,0.0
0.0,1.0000000000000022,0.0,0.0
0.0,1.0000000000000022,0.0,0.0
0.0,1.0000000000000022,0.0,0.0
0.0,1.0000000000000022,0.0,0.0
0.0,1.0000000000000022,0.0,0.0
0.0,1.0000000000000022,0.0,0.0
0.0,1.0000000000000022,0.0,0.0
0.0,1.0000000000000022,0.0,0.0
0.0,1.0000000000000022,0.0,0.0
0.0,1.0000000000000022,0.0,0.0
0.0,1.0000000000000022,0.0,0.0
0.0,1.0000000000000022,0.0,0.0
0.0,1.0000000000000022,0.0,0.0
0.0,1.0000000000000022,0.0,0.0
0.0,1.0000000000000022,0.0,0.0
0.0,1.0000000000000022,0.0,0.0
0.0,1.0000000000000022,0.0,0.0
0.0,1.0000000000000022,0.0,0.0
0.0,1.0000000000000022,0.0,0.0
0.0,1.0000000000000022,0.0,0.0
0.0,1.0000000000000022,0.0,0.0
0.0,1.0000000000000022,0.0,0.0
0.0,1.0000000000000022,0.0,0.0
0.0,1.0000000000000022,0.0,0.0
0.0,1.0000000000000022,0.0,0.0
0.0,1.0000000000000022,0.0,0.0
0.0,1.0000000000000022,0.0,0.0
0.0,1.0000000000000022,0.0,0.0
0.0,1.0000000000000022,0.0,0.0
0.0,1.0000000000000022,0.0,0.0
0.0,1.0000000000000022,0.0,0.0
0.0,1.0000000000000022,0.0,0.0
0.0,1.0000000000000022,0.0,0.0
0.0,1.0000000000000022,0.0,0.0
0.0,1.0000000000000022,0.0,0.0
0.0,1.0000000000000022,0.0,0.0
0.0,1.0000000000000022,0.0,0.0
0.0,1.0000000000000022,0.0,0.0
0.0,1.0000000000000022,0.0,0.0
0.0,1.0000000000000022,0.0,0.0
0.0,1.0000000000000022,0.0,0.0
0.0,1.0000000000000022,0.0,0.0
0.0,1.0000000000000022,0.0,0.0
0.0,1.0000000000000022,0.0,0.0
0.0,1.0000000000000022,0.0,0.0
0.0,1.0000000000000022,0.0,0.0
0.0,1.0000000000000022,0.0,0.0
0.0,1.0000000000000022,0.0,0.0
0.0,1.0000000000000022,0.0,0.0
0.0,1.0000000000000022,0.0,0.0
0.0,1.0000000000000022,0.0,0.0
0.0,1.0000000000000022,0.0,0.0
0.0,1.0000000000000022,0.0,0.0
0.0,1.0000000000000022,0.0,0.0
0.0,1.0000000000000022,0.0,0.0
0.0,1.0000000000000022,0.0,0.0
0.0,1.0000000000000022,0.0,0.0
0.0,1.0000000000000022,0.0,0.0
0.0,1.0000000000000022,0.0,0.0
0.0,1.0000000000000022,0.0,0.0
0.0,1.0000000000000022,0.0,0.0
0.0,1.0000000000000022,0.0,0.0
0.0,1.0000000000000022,0.0,0.0
0.0,1.0000000000000022,0.0,0.0
0.0,1.0000000000000022,0.0,0.0
0.0,1.0000000000000022,0.0,0.0
0.0,1.0000000000000022,0.0,0.0
0.0,1.0000000000000022,0.0,0.0
0.0,1.0000000000000022,0.0,0.0
0.0,1.0000000000000022,0.0,0.0
0.0,1.0000000000000022,0.0,0.0
0.0,1.0000000000000022,0.0,0.0
0.0,1.0000000000000022,0.0,0.0
0.0,1.0000000000000022,0.0,0.0
0.0,1.0000000000000022,0.0,0.0
0.0,1.0000000000000022,0.0,0.0
0.0,1.0000000000000022,0.0,0.0
0.0,1.0000000000000022,0.0,0.0
0.0,1.0000000000000022,0.0,0.0
0.0,1.0000000000000022,0.0,0.0
0.0,1.0000000000000022,0.0,0.0
0.0,1.0000000000000022,0.0,0.0
0.0,1.0000000000000022,0.0,0.0
0.0,1.0000000000000022,0.0,0.0
0.0,1.0000000000000022,0.0,0.0
0.0,1.0000000000000022,0.0,0.0
0.0,1.0000000000000022,0.0,0.0
0.0,1.0000000000000022,0.0,0.0
0.0,1.0000000000000022,0.0,0.0
0.0,1.0000000000000022,0.0,0.0
0.0,1.0000000000000022,0.0,0.0
0.0,1.0000000000000022,0.0,0.0
0.0,1.0000000000000022,0.0,0.0
0.0,1.0000000000000022,0.0,0.0
0.0,1.0000000000000022,0.0,0.0
0.0,1.0000000000000022,0.0,0.0
0.0,1.0000000000000022,0.0,0.0
0.0,1.0000000000000022,0.0,0.0
0.0,1.0000000000000022,0.0,0.0
0.0,1.0000000000000022,0.0,0.0
0.0,1.0000000000000022,0.0,0.0
0.0,1.0000000000000022,0.0,0.0
0.0,1.0000000000000022,0.0,0.0
0.0,1.0000000000000022,0.0,0.0
0.0,1.0000000000000022,0.0,0.0
0.0,1.0000000000000022,0.0,0.0
0.0,1.0000000000000022,0.0,0.0
0.0,1.0000000000000022,0.0,0.0
0.0,1.0000000000000022,0.0,0.0
0.0,1.0000000000000022,0.0,0.0
0.0,1.0000000000000022,0.0,0.0
0.0,1.0000000000000022,0.0,0.0
0.0,1.0000000000000022,0.0,0.0
0.0,1.0000000000000022,0.0,0.0
0.0,1.0000000000000022,0.0,0.0
0.0,1.0000000000000022,0.0,0.0
0.0,1.0000000000000022,0.0,0.0
0.0,1.0000000000000022,0.0,0.0
0.0,1.0000000000000022,0.0,0.0
0.0,1.0000000000000022,0.0,0.0
0.0,1.0000000000000022,0.0,0.0
0.0,1.0000000000000022,0.0,0.0
0.0,1.0000000000000022,0.0,0.0
0.0,1.0000000000000022,0.0,0.0
0.0,1.0000000000000022,0.0,0.0
0.0,1.0000000000000022,0.0,0.0
0.0,1.0000000000000022,0.0,0.0
0.0,1.0000000000000022,0.0,0.0
0.0,1.0000000000000022,0.0,0.0
0.0,1.0000000000000022,0.0,0.0
0.0,1.0000000000000022,0.0,0.0
0.0,1.0000000000000022,0.0,0.0
0.0,1.0000000000000022,0.0,0.0
0.0,1.0000000000000022,0.0,0.0
0.0,1.0000000000000022,0.0,0.0
0.0,1.0000000000000022,0.0,0.0
0.0,1.0000000000000022,0.0,0.0
0.0,1.0000000000000022,0.0,0.0
0.0,1.0000000000000022,0.0,0.0
0.0,1.0000000000000022,0.0,0.0
0.0,1.0000000000000022,0.0,0.0
0.0,1.0000000000000022,0.0,0.0
0.0,1.0000000000000022,0.0,0.0
0.0,1.0000000000000022,0.0,0.0
0.0,1.0000000000000022,0.0,0.0
0.0,1.0000000000000022,0.0,0.0
0.0,1.0000000000000022,0.0,0.0
0.0,1.0000000000000022,0.0,0.0
0.0,1.0000000000000022,0.0,0.0
0.0,1.0000000000000022,0.0,0.0
0.0,1.0000000000000022,0.0,0.0
0.0,1.0000000000000022,0.0,0.0
0.0,1.0000000000000022,0.0,0.0
0.0,1.0000000000000022,0.0,0.0
0.0,1.0000000000000022,0.0,0.0
0.0,1.0000000000000022,0.0,0.0
0.0,1.0000000000000022,0.0,0.0
0.0,1.0000000000000022,0.0,0.0
0.0,1.0000000000000022,0.0,0.0
0.0,1.0000000000000022,0.0,0.0
0.0,1.0000000000000022,0.0,0.0
0.0,1.0000000000000022,0.0,0.0
0.0,1.0000000000000022,0.0,0.0
0.0,1.0000000000000022,0.0,0.0
0.0,1.0000000000000022,0.0,0.0
0.0,1.0000000000000022,0.0,0.0
0.0,1.0000000000000022,0.0,0.0
0.0,1.0000000000000022,0.0,0.0
0.0,1.0000000000000022,0.0,0.0
0.0,1.0000000000000022,0.0,0.0
0.0,1.0000000000000022,0.0,0.0
0.0,1.0000000000000022,0.0,0.0
0.0,1.0000000000000022,0.0,0.0
0.0,1.0000000000000022,0.0,0.0
0.0,1.0000000000000022,0.0,0.0
0.0,1.0000000000000022,0.0,0.0
0.0,1.0000000000000022,0.0,0.0
0.0,1.0000000000000022,0.0,0.0
0.0,1.0000000000000022,0.0,0.0
0.0,1.0000000000000022,0.0,0.0
0.0,1.0000000000000022,0.0,0.0
0.0,1.0000000000000022,0.0,0.0
0.0,1.0000000000000022,0.0,0.0
0.0,1.0000000000000022,0.0,0.0
0.0,1.0000000000000022,0.0,0.0
0.0,1.0000000000000022,0.0,0.0
0.0,1.0000000000000022,0.0,0.0
0.0,1.0000000000000022,0.0,0.0
0.0,1.0000000000000022,0.0,0.0
0.0,1.0000000000000022,0.0,0.0
0.0,1.0000000000000022,0.0,0.0
0.0,1.0000000000000022,0.0,0.0
0.0,1.0000000000000022,0.0,0.0
0.0,1.0000000000000022,0.0,0.0
0.0,1.0000000000000022,0.0,0.0
0.0,1.0000000000000022,0.0,0.0
0.0,1.0000000000000022,0.0,0.0
0.0,1.0000000000000022,0.0,0.0
0.0,1.0000000000000022,0.0,0.0
0.0,1.0000000000000022,0.0,0.0
0.0,1.0000000000000022,0.0,0.0
0.0,1.0000000000000022,0.0,0.0
0.0,1.0000000000000022,0.0,0.0
0.0,1.0000000000000022,0.0,0.0
0.0,1.0000000000000022,0.0,0.0
0.0,1.0000000000000022,0.0,0.0
0.0,1.0000000000000022,0.0,0.0
0.0,1.0000000000000022,0.0,0.0
0.0,1.0000000000000022,0.0,0.0
0.0,1.0000000000000022,0.0,0.0
0.0,1.0000000000000022,0.0,0.0
0.0,1.0000000000000022,0.0,0.0
0.0,1.0000000000000022,0.0,0.0
0.0,1.0000000000000022,0.0,0.0
0.0,1.0000000000000022,0.0,0.0
0.0,1.0000000000000022,0.0,0.0
0.0,1.0000000000000022,0.0,0.0
0.0,1.0000000000000022,0.0,0.0
0.0,1.0000000000000022,0.0,0.0
0.0,1.0000000000000022,0.0,0.0
0.0,1.0000000000000022,0.0,0.0
0.0,1.0000000000000022,0.0,0.0
0.0,1.0000000000000022,0.0,0.0
0.0,1.0000000000000022,0.0,0.0
0.0,1.0000000000000022,0.0,0.0
0.0,1.0000000000000022,0.0,0.0
0.0,1.0000000000000022,0.0,0.0
0.0,1.0000000000000022,0.0,0.0
0.0,1.0000000000000022,0.0,0.0
0.0,1.0000000000000022,0.0,0.0
0.0,1.0000000000000022,0.0,0.0
0.0,1.0000000000000022,0.0,0.0
0.0,1.0000000000000022,0.0,0.0
0.0,1.0000000000000022,0.0,0.0
0.0,1.0000000000000022,0.0,0.0
0.0,1.0000000000000022,0.0,0.0
0.0,1.0000000000000022,0.0,0.0
0.0,1.0000000000000022,0.0,0.0
0.0,1.0000000000000022,0.0,0.0
0.0,1.0000000000000022,0.0,0.0
0.0,1.0000000000000022,0.0,0.0
0.0,1.0000000000000022,0.0,0.0
0.0,1.0000000000000022,0.0,0.0
0.0,1.0000000000000022,0.0,0.0
0.0,1.0000000000000022,0.0,0.0
0.0,1.0000000000000022,0.0,0.0
0.0,1.0000000000000022,0.0,0.0
0.0,1.0000000000000022,0.0,0.0
0.0,1.0000000000000022,0.0,0.0
0.0,1.0000000000000022,0.0,0.0
0.0,1.0000000000000022,0.0,0.0
0.0,1.0000000000000022,0.0,0.0
0.0,1.0000000000000022,0.0,0.0
0.0,1.0000000000000022,0.0,0.0
0.0,1.0000000000000022,0.0,0.0
0.0,1.0000000000000022,0.0,0.0
0.0,1.0000000000000022,0.0,0.0
0.0,1.0000000000000022,0.0,0.0
0.0,1.0000000000000022,0.0,0.0
0.0,1.0000000000000022,0.0,0.0
0.0,1.0000000000000022,0.0,0.0
0.0,1.0000000000000022,0.0,0.0
0.0,1.0000000000000022,0.0,0.0
0.0,1.0000000000000022,0.0,0.0
0.0,1.0000000000000022,0.0,0.0
0.0,1.0000000000000022,0.0,0.0
0.0,1.0000000000000022,0.0,0.0
0.0,1.0000000000000022,0.0,0.0
0.0,1.0000000000000022,0.0,0.0
0.0,1.0000000000000022,0.0,0.0
0.0,1.0000000000000022,0.0,0.0
0.0,1.0000000000000022,0.0,0.0
0.0,1.0000000000000022,0.0,0.0
0.0,1.0000000000000022,0.0,0.0
0.0,1.0000000000000022,0.0,0.0
0.0,1.0000000000000022,0.0,0.0
0.0,1.0000000000000022,0.0,0.0
0.0,1.0000000000000022,0.0,0.0
0.0,1.0000000000000022,0.0,0.0
0.0,1.0000000000000022,0.0,0.0
0.0,1.0000000000000022,0.0,0.0
0.0,1.0000000000000022,0.0,0.0
0.0,1.0000000000000022,0.0,0.0
0.0,1.0000000000000022,0.0,0.0
0.0,1.0000000000000022,0.0,0.0
0.0,1.0000000000000022,0.0,0.0
0.0,1.0000000000000022,0.0,0.0
0.0,1.0000000000000022,0.0,0.0
0.0,1.0000000000000022,0.0,0.0
0.0,1.0000000000000022,0.0,0.0
0.0,1.0000000000000022,0.0,0.0
0.0,1.0000000000000022,0.0,0.0
0.0,1.0000000000000022,0.0,0.0
0.0,1.0000000000000022,0.0,0.0
0.0,1.0000000000000022,0.0,0.0
0.0,1.0000000000000022,0.0,0.0
0.0,1.0000000000000022,0.0,0.0
0.0,1.0000000000000022,0.0,0.0
0.0,1.0000000000000022,0.0,0.0
0.0,1.0000000000000022,0.0,0.0
0.0,1.0000000000000022,0.0,0.0
0.0,1.0000000000000022,0.0,0.0
0.0,1.0000000000000022,0.0,0.0
0.0,1.0000000000000022,0.0,0.0
0.0,1.0000000000000022,0.0,0.0
0.0,1.0000000000000022,0.0,0.0
0.0,1.0000000000000022,0.0,0.0
0.0,1.0000000000000022,0.0,0.0
0.0,1.0000000000000022,0.0,0.0
0.0,1.0000000000000022,0.0,0.0
0.0,1.0000000000000022,0.0,0.0
0.0,1.0000000000000022,0.0,0.0
0.0,1.0000000000000022,0.0,0.0
0.0,1.0000000000000022,0.0,0.0
0.0,1.0000000000000022,0.0,0.0
0.0,1.0000000000000022,0.0,0.0
0.0,1.0000000000000022,0.0,0.0
0.0,1.0000000000000022,0.0,0.0
0.0,1.0000000000000022,0.0,0.0
0.0,1.0000000000000022,0.0,0.0
0.0,1.0000000000000022,0.0,0.0
0.0,1.0000000000000022,0.0,0.0
0.0,1.0000000000000022,0.0,0.0
0.0,1.0000000000000022,0.0,0.0
0.0,1.0000000000000022,0.0,0.0
0.0,1.0000000000000022,0.0,0.0
0.0,1.0000000000000022,0.0,0.0
0.0,1.0000000000000022,0.0,0.0
0.0,1.0000000000000022,0.0,0.0
0.0,1.0000000000000022,0.0,0.0
0.0,1.0000000000000022,0.0,0.0
0.0,1.0000000000000022,0.0,0.0
0.0,1.0000000000000022,0.0,0.0
0.0,1.0000000000000022,0.0,0.0
0.0,1.0000000000000022,0.0,0.0
0.0,1.0000000000000022,0.0,0.0
0.0,1.0000000000000022,0.0,0.0
0.0,1.0000000000000022,0.0,0.0
0.0,1.0000000000000022,0.0,0.0
0.0,1.0000000000000022,0.0,0.0
0.0,1.0000000000000022,0.0,0.0
0.0,1.0000000000000022,0.0,0.0
0.0,1.0000000000000022,0.0,0.0
0.0,1.0000000000000022,0.0,0.0
0.0,1.0000000000000022,0.0,0.0
0.0,1.0000000000000022,0.0,0.0
0.0,1.0000000000000022,0.0,0.0
0.0,1.0000000000000022,0.0,0.0
0.0,1.0000000000000022,0.0,0.0
0.0,1.0000000000000022,0.0,0.0
0.0,1.0000000000000022,0.0,0.0
0.0,1.0000000000000022,0.0,0.0
0.0,1.0000000000000022,0.0,0.0
0.0,1.0000000000000022,0.0,0.0
0.0,1.0000000000000022,0.0,0.0
0.0,1.0000000000000022,0.0,0.0
0.0,1.0000000000000022,0.0,0.0
0.0,1.0000000000000022,0.0,0.0
0.0,1.0000000000000022,0.0,0.0
0.0,1.0000000000000022,0.0,0.0
0.0,1.0000000000000022,0.0,0.0
0.0,1.0000000000000022,0.0,0.0
0.0,1.0000000000000022,0.0,0.0
0.0,1.0000000000000022,0.0,0.0
0.0,1.0000000000000022,0.0,0.0
0.0,1.0000000000000022,0.0,0.0
0.0,1.0000000000000022,0.0,0.0
0.0,1.0000000000000022,0.0,0.0
0.0,1.0000000000000022,0.0,0.0
0.0,1.0000000000000022,0.0,0.0
0.0,1.0000000000000022,0.0,0.0
0.0,1.0000000000000022,0.0,0.0
0.0,1.0000000000000022,0.0,0.0
0.0,1.0000000000000022,0.0,0.0
0.0,1.0000000000000022,0.0,0.0
0.0,1.0000000000000022,0.0,0.0
0.0,1.0000000000000022,0.0,0.0
0.0,1.0000000000000022,0.0,0.0
0.0,1.0000000000000022,0.0,0.0
0.0,1.0000000000000022,0.0,0.0
0.0,1.0000000000000022,0.0,0.0
0.0,1.0000000000000022,0.0,0.0
0.0,1.0000000000000022,0.0,0.0
0.0,1.0000000000000022,0.0,0.0
0.0,1.0000000000000022,0.0,0.0
0.0,1.0000000000000022,0.0,0.0
0.0,1.0000000000000022,0.0,0.0
0.0,1.0000000000000022,0.0,0.0
0.0,1.0000000000000022,0.0,0.0
0.0,1.0000000000000022,0.0,0.0
0.0,1.0000000000000022,0.0,0.0
0.0,1.0000000000000022,0.0,0.0
0.0,1.0000000000000022,0.0,0.0
0.0,1.0000000000000022,0.0,0.0
0.0,1.0000000000000022,0.0,0.0
0.0,1.0000000000000022,0.0,0.0
0.0,1.0000000000000022,0.0,0.0
0.0,1.0000000000000022,0.0,0.0
0.0,1.0000000000000022,0.0,0.0
0.0,1.0000000000000022,0.0,0.0
0.0,1.0000000000000022,0.0,0.0
0.0,1.0000000000000022,0.0,0.0
0.0,1.0000000000000022,0.0,0.0
0.0,1.0000000000000022,0.0,0.0
0.0,1.0000000000000022,0.0,0.0
0.0,1.0000000000000022,0.0,0.0
0.0,1.0000000000000022,0.0,0.0
0.0,1.0000000000000022,0.0,0.0
0.0,1.0000000000000022,0.0,0.0
0.0,1.0000000000000022,0.0,0.0
0.0,1.0000000000000022,0.0,0.0
0.0,1.0000000000000022,0.0,0.0
0.0,1.0000000000000022,0.0,0.0
0.0,1.0000000000000022,0.0,0.0
0.0,1.0000000000000022,0.0,0.0
0.0,1.0000000000000022,0.0,0.0
0.0,1.0000000000000022,0.0,0.0
0.0,1.0000000000000022,0.0,0.0
0.0,1.0000000000000022,0.0,0.0
0.0,1.0000000000000022,0.0,0.0
0.0,1.0000000000000022,0.0,0.0
0.0,1.0000000000000022,0.0,0.0
0.0,1.0000000000000022,0.0,0.0
0.0,1.0000000000000022,0.0,0.0
0.0,1.0000000000000022,0.0,0.0
0.0,1.0000000000000022,0.0,0.0
0.0,1.0000000000000022,0.0,0.0
0.0,1.0000000000000022,0.0,0.0
0.0,1.0000000000000022,0.0,0.0
0.0,1.0000000000000022,0.0,0.0
0.0,1.0000000000000022,0.0,0.0
0.0,1.0000000000000022,0.0,0.0
0.0,1.0000000000000022,0.0,0.0
0.0,1.0000000000000022,0.0,0.0
0.0,1.0000000000000022,0.0,0.0
0.0,1.0000000000000022,0.0,0.0
0.0,1.0000000000000022,0.0,0.0
0.0,1.0000000000000022,0.0,0.0
0.0,1.0000000000000022,0.0,0.0
0.0,1.0000000000000022,0.0,0.0
0.0,1.0000000000000022,0.0,0.0
0.0,1.0000000000000022,0.0,0.0
0.0,1.0000000000000022,0.0,0.0
0.0,1.0000000000000022,0.0,0.0
0.0,1.0000000000000022,0.0,0.0
0.0,1.0000000000000022,0.0,0.0
0.0,1.0000000000000022,0.0,0.0
0.0,1.0000000000000022,0.0,0.0
0.0,1.0000000000000022,0.0,0.0
0.0,1.0000000000000022,0.0,0.0
0.0,1.0000000000000022,0.0,0.0
0.0,1.0000000000000022,0.0,0.0
0.0,1.0000000000000022,0.0,0.0
0.0,1.0000000000000022,0.0,0.0
0.0,1.0000000000000022,0.0,0.0
0.0,1.0000000000000022,0.0,0.0
0.0,1.0000000000000022,0.0,0.0
0.0,1.0000000000000022,0.0,0.0
0.0,1.0000000000000022,0.0,0.0
0.0,1.0000000000000022,0.0,0.0
0.0,1.0000000000000022,0.0,0.0
0.0,1.0000000000000022,0.0,0.0
0.0,1.0000000000000022,0.0,0.0
0.0,1.0000000000000022,0.0,0.0
0.0,1.0000000000000022,0.0,0.0
0.0,1.0000000000000022,0.0,0.0
0.0,1.0000000000000022,0.0,0.0
0.0,1.0000000000000022,0.0,0.0
0.0,1.0000000000000022,0.0,0.0
0.0,1.0000000000000022,0.0,0.0
0.0,1.0000000000000022,0.0,0.0
0.0,1.0000000000000022,0.0,0.0
0.0,1.0000000000000022,0.0,0.0
0.0,1.0000000000000022,0.0,0.0
0.0,1.0000000000000022,0.0,0.0
0.0,1.0000000000000022,0.0,0.0
0.0,1.0000000000000022,0.0,0.0
0.0,1.0000000000000022,0.0,0.0
0.0,1.0000000000000022,0.0,0.0
0.0,1.0000000000000022,0.0,0.0
0.0,1.0000000000000022,0.0,0.0
0.0,1.0000000000000022,0.0,0.0
0.0,1.0000000000000022,0.0,0.0
0.0,1.0000000000000022,0.0,0.0
0.0,1.0000000000000022,0.0,0.0
0.0,1.0000000000000022,0.0,0.0
0.0,1.0000000000000022,0.0,0.0
0.0,1.0000000000000022,0.0,0.0
0.0,1.0000000000000022,0.0,0.0
0.0,1.0000000000000022,0.0,0.0
0.0,1.0000000000000022,0.0,0.0
0.0,1.0000000000000022,0.0,0.0
0.0,1.0000000000000022,0.0,0.0
0.0,1.0000000000000022,0.0,0.0
0.0,1.0000000000000022,0.0,0.0
0.0,1.0000000000000022,0.0,0.0
0.0,1.0000000000000022,0.0,0.0
0.0,1.0000000000000022,0.0,0.0
0.0,1.0000000000000022,0.0,0.0
0.0,1.0000000000000022,0.0,0.0
0.0,1.0000000000000022,0.0,0.0
0.0,1.0000000000000022,0.0,0.0
0.0,1.0000000000000022,0.0,0.0
0.0,1.0000000000000022,0.0,0.0
0.0,1.0000000000000022,0.0,0.0
0.0,1.0000000000000022,0.0,0.0
0.0,1.0000000000000022,0.0,0.0
0.0,1.0000000000000022,0.0,0.0
0.0,1.0000000000000022,0.0,0.0
0.0,1.0000000000000022,0.0,0.0
0.0,1.0000000000000022,0.0,0.0
0.0,1.0000000000000022,0.0,0.0
0.0,1.0000000000000022,0.0,0.0
0.0,1.0000000000000022,0.0,0.0
0.0,1.0000000000000022,0.0,0.0
0.0,1.0000000000000022,0.0,0.0
0.0,1.0000000000000022,0.0,0.0
0.0,1.0000000000000022,0.0,0.0
0.0,1.0000000000000022,0.0,0.0
0.0,1.0000000000000022,0.0,0.0
0.0,1.0000000000000022,0.0,0.0
0.0,1.0000000000000022,0.0,0.0
0.0,1.0000000000000022,0.0,0.0
0.0,1.0000000000000022,0.0,0.0
0.0,1.0000000000000022,0.0,0.0
0.0,1.0000000000000022,0.0,0.0
0.0,1.0000000000000022,0.0,0.0
0.0,1.0000000000000022,0.0,0.0
0.0,1.0000000000000022,0.0,0.0
0.0,1.0000000000000022,0.0,0.0
0.0,1.0000000000000022,0.0,0.0
0.0,1.0000000000000022,0.0,0.0
0.0,1.0000000000000022,0.0,0.0
0.0,1.0000000000000022,0.0,0.0
0.0,1.0000000000000022,0.0,0.0
0.0,1.0000000000000022,0.0,0.0
0.0,1.0000000000000022,0.0,0.0
0.0,1.0000000000000022,0.0,0.0
0.0,1.0000000000000022,0.0,0.0
0.0,1.0000000000000022,0.0,0.0
0.0,1.0000000000000022,0.0,0.0
0.0,1.0000000000000022,0.0,0.0
0.0,1.0000000000000022,0.0,0.0
0.0,1.0000000000000022,0.0,0.0
0.0,1.0000000000000022,0.0,0.0
0.0,1.0000000000000022,0.0,0.0
0.0,1.0000000000000022,0.0,0.0
0.0,1.0000000000000022,0.0,0.0
0.0,1.0000000000000022,0.0,0.0
0.0,1.0000000000000022,0.0,0.0
0.0,1.0000000000000022,0.0,0.0
0.0,1.0000000000000022,0.0,0.0
0.0,1.0000000000000022,0.0,0.0
0.0,1.0000000000000022,0.0,0.0
0.0,1.0000000000000022,0.0,0.0
0.0,1.0000000000000022,0.0,0.0
0.0,1.0000000000000022,0.0,0.0
0.0,1.0000000000000022,0.0,0.0
0.0,1.0000000000000022,0.0,0.0
0.0,1.0000000000000022,0.0,0.0
0.0,1.0000000000000022,0.0,0.0
0.0,1.0000000000000022,0.0,0.0
0.0,1.0000000000000022,0.0,0.0
0.0,1.0000000000000022,0.0,0.0
0.0,1.0000000000000022,0.0,0.0
0.0,1.0000000000000022,0.0,0.0
0.0,1.0000000000000022,0.0,0.0
0.0,1.0000000000000022,0.0,0.0
0.0,1.0000000000000022,0.0,0.0
0.0,1.0000000000000022,0.0,0.0
0.0,1.0000000000000022,0.0,0.0
0.0,1.0000000000000022,0.0,0.0
0.0,1.0000000000000022,0.0,0.0
0.0,1.0000000000000022,0.0,0.0
0.0,1.0000000000000022,0.0,0.0
0.0,1.0000000000000022,0.0,0.0
0.0,1.0000000000000022,0.0,0.0
0.0,1.0000000000000022,0.0,0.0
0.0,1.0000000000000022,0.0,0.0
0.0,1.0000000000000022,0.0,0.0
0.0,1.0000000000000022,0.0,0.0
0.0,1.0000000000000022,0.0,0.0
0.0,1.0000000000000022,0.0,0.0
0.0,1.0000000000000022,0.0,0.0
0.0,1.0000000000000022,0.0,0.0
0.0,1.0000000000000022,0.0,0.0
0.0,1.0000000000000022,0.0,0.0
0.0,1.0000000000000022,0.0,0.0
0.0,1.0000000000000022,0.0,0.0
0.0,1.0000000000000022,0.0,0.0
0.0,1.0000000000000022,0.0,0.0
0.0,1.0000000000000022,0.0,0.0
0.0,1.0000000000000022,0.0,0.0
0.0,1.0000000000000022,0.0,0.0
0.0,1.0000000000000022,0.0,0.0
0.0,1.0000000000000022,0.0,0.0
0.0,1.0000000000000022,0.0,0.0
0.0,1.0000000000000022,0.0,0.0
0.0,1.0000000000000022,0.0,0.0
0.0,1.0000000000000022,0.0,0.0
0.0,1.0000000000000022,0.0,0.0
0.0,1.0000000000000022,0.0,0.0
0.0,1.0000000000000022,0.0,0.0
0.0,1.0000000000000022,0.0,0.0
0.0,1.0000000000000022,0.0,0.0
0.0,1.0000000000000022,0.0,0.0
0.0,1.0000000000000022,0.0,0.0
0.0,1.0000000000000022,0.0,0.0
0.0,1.0000000000000022,0.0,0.0
0.0,1.0000000000000022,0.0,0.0
0.0,1.0000000000000022,0.0,0.0
0.0,1.0000000000000022,0.0,0.0
0.0,1.0000000000000022,0.0,0.0
0.0,1.0000000000000022,0.0,0.0
0.0,1.0000000000000022,0.0,0.0
0.0,1.0000000000000022,0.0,0.0
0.0,1.0000000000000022,0.0,0.0
0.0,1.0000000000000022,0.0,0.0
0.0,1.0000000000000022,0.0,0.0
0.0,1.0000000000000022,0.0,0.0
0.0,1.0000000000000022,0.0,0.0
0.0,1.0000000000000022,0.0,0.0
0.0,1.0000000000000022,0.0,0.0
0.0,1.0000000000000022,0.0,0.0
0.0,1.0000000000000022,0.0,0.0
0.0,1.0000000000000022,0.0,0.0
0.0,1.0000000000000022,0.0,0.0
0.0,1.0000000000000022,0.0,0.0
0.0,1.0000000000000022,0.0,0.0
0.0,1.0000000000000022,0.0,0.0
0.0,1.0000000000000022,0.0,0.0
0.0,1.0000000000000022,0.0,0.0
0.0,1.0000000000000022,0.0,0.0
0.0,1.0000000000000022,0.0,0.0
0.0,1.0000000000000022,0.0,0.0
0.0,1.0000000000000022,0.0,0.0
0.0,1.0000000000000022,0.0,0.0
0.0,1.0000000000000022,0.0,0.0
0.0,1.0000000000000022,0.0,0.0
0.0,1.0000000000000022,0.0,0.0
0.0,1.0000000000000022,0.0,0.0
0.0,1.0000000000000022,0.0,0.0
0.0,1.0000000000000022,0.0,0.0
0.0,1.0000000000000022,0.0,0.0
0.0,1.0000000000000022,0.0,0.0
0.0,1.0000000000000022,0.0,0.0
0.0,1.0000000000000022,0.0,0.0
0.0,1.0000000000000022,0.0,0.0
0.0,1.0000000000000022,0.0,0.0
0.0,1.0000000000000022,0.0,0.0
0.0,1.0000000000000022,0.0,0.0
0.0,1.0000000000000022,0.0,0.0
0.0,1.0000000000000022,0.0,0.0
0.0,1.0000000000000022,0.0,0.0
0.0,1.0000000000000022,0.0,0.0
0.0,1.0000000000000022,0.0,0.0
0.0,1.0000000000000022,0.0,0.0
0.0,1.0000000000000022,0.0,0.0
0.0,1.0000000000000022,0.0,0.0
0.0,1.0000000000000022,0.0,0.0
0.0,1.0000000000000022,0.0,0.0
0.0,1.0000000000000022,0.0,0.0
0.0,1.0000000000000022,0.0,0.0
0.0,1.0000000000000022,0.0,0.0
0.0,1.0000000000000022,0.0,0.0
0.0,1.0000000000000022,0.0,0.0
0.0,1.0000000000000022,0.0,0.0
0.0,1.0000000000000022,0.0,0.0
0.0,1.0000000000000022,0.0,0.0
0.0,1.0000000000000022,0.0,0.0
0.0,1.0000000000000022,0.0,0.0
0.0,1.0000000000000022,0.0,0.0
0.0,1.0000000000000022,0.0,0.0
0.0,1.0000000000000022,0.0,0.0
0.0,1.0000000000000022,0.0,0.0
0.0,1.0000000000000022,0.0,0.0
0.0,1.0000000000000022,0.0,0.0
0.0,1.0000000000000022,0.0,0.0
0.0,1.0000000000000022,0.0,0.0
0.0,1.0000000000000022,0.0,0.0
0.0,1.0000000000000022,0.0,0.0
0.0,1.0000000000000022,0.0,0.0
0.0,1.0000000000000022,0.0,0.0
0.0,1.0000000000000022,0.0,0.0
0.0,1.0000000000000022,0.0,0.0
0.0,1.0000000000000022,0.0,0.0
0.0,1.0000000000000022,0.0,0.0
0.0,1.0000000000000022,0.0,0.0
0.0,1.0000000000000022,0.0,0.0
0.0,1.0000000000000022,0.0,0.0
0.0,1.0000000000000022,0.0,0.0
0.0,1.0000000000000022,0.0,0.0
0.0,1.0000000000000022,0.0,0.0
0.0,1.0000000000000022,0.0,0.0
0.0,1.0000000000000022,0.0,0.0
0.0,1.0000000000000022,0.0,0.0
0.0,1.0000000000000022,0.0,0.0
0.0,1.0000000000000022,0.0,0.0
0.0,1.0000000000000022,0.0,0.0
0.0,1.0000000000000022,0.0,0.0
0.0,1.0000000000000022,0.0,0.0
0.0,1.0000000000000022,0.0,0.0
0.0,1.0000000000000022,0.0,0.0
0.0,1.0000000000000022,0.0,0.0
0.0,1.0000000000000022,0.0,0.0
0.0,1.0000000000000022,0.0,0.0
0.0,1.0000000000000022,0.0,0.0
0.0,1.0000000000000022,0.0,0.0
0.0,1.0000000000000022,0.0,0.0
0.0,1.0000000000000022,0.0,0.0
0.0,1.0000000000000022,0.0,0.0
0.0,1.0000000000000022,0.0,0.0
0.0,1.0000000000000022,0.0,0.0
0.0,1.0000000000000022,0.0,0.0
0.0,1.0000000000000022,0.0,0.0
0.0,1.0000000000000022,0.0,0.0
0.0,1.0000000000000022,0.0,0.0
0.0,1.0000000000000022,0.0,0.0
0.0,1.0000000000000022,0.0,0.0
0.0,1.0000000000000022,0.0,0.0
0.0,1.0000000000000022,0.0,0.0
0.0,1.0000000000000022,0.0,0.0
0.0,1.0000000000000022,0.0,0.0
0.0,1.0000000000000022,0.0,0.0
0.0,1.0000000000000022,0.0,0.0
0.0,1.0000000000000022,0.0,0.0
0.0,1.0000000000000022,0.0,0.0
0.0,1.0000000000000022,0.0,0.0
0.0,1.0000000000000022,0.0,0.0
0.0,1.0000000000000022,0.0,0.0
0.0,1.0000000000000022,0.0,0.0
0.0,1.0000000000000022,0.0,0.0
0.0,1.0000000000000022,0.0,0.0
0.0,1.0000000000000022,0.0,0.0
0.0,1.0000000000000022,0.0,0.0
0.0,1.0000000000000022,0.0,0.0
0.0,1.0000000000000022,0.0,0.0
0.0,1.0000000000000022,0.0,0.0
0.0,1.0000000000000022,0.0,0.0
0.0,1.0000000000000022,0.0,0.0
0.0,1.0000000000000022,0.0,0.0
0.0,1.0000000000000022,0.0,0.0
0.0,1.0000000000000022,0.0,0.0
0.0,1.0000000000000022,0.0,0.0
0.0,1.0000000000000022,0.0,0.0
0.0,1.0000000000000022,0.0,0.0
0.0,1.0000000000000022,0.0,0.0
0.0,1.0000000000000022,0.0,0.0
0.0,1.0000000000000022,0.0,0.0
0.0,1.0000000000000022,0.0,0.0
0.0,1.0000000000000022,0.0,0.0
0.0,1.0000000000000022,0.0,0.0
0.0,1.0000000000000022,0.0,0.0
0.0,1.0000000000000022,0.0,0.0
0.0,1.0000000000000022,0.0,0.0
0.0,1.0000000000000022,0.0,0.0
0.0,1.0000000000000022,0.0,0.0
0.0,1.0000000000000022,0.0,0.0
0.0,1.0000000000000022,0.0,0.0
0.0,1.0000000000000022,0.0,0.0
0.0,1.0000000000000022,0.0,0.0
0.0,1.0000000000000022,0.0,0.0
0.0,1.0000000000000022,0.0,0.0
0.0,1.0000000000000022,0.0,0.0
0.0,1.0000000000000022,0.0,0.0
0.0,1.0000000000000022,0.0,0.0
0.0,1.0000000000000022,0.0,0.0
0.0,1.0000000000000022,0.0,0.0
0.0,1.0000000000000022,0.0,0.0
0.0,1.0000000000000022,0.0,0.0
0.0,1.0000000000000022,0.0,0.0
0.0,1.0000000000000022,0.0,0.0
0.0,1.0000000000000022,0.0,0.0
0.0,1.0000000000000022,0.0,0.0
0.0,1.0000000000000022,0.0,0.0
0.0,1.0000000000000022,0.0,0.0
0.0,1.0000000000000022,0.0,0.0
0.0,1.0000000000000022,0.0,0.0
0.0,1.0000000000000022,0.0,0.0
0.0,1.0000000000000022,0.0,0.0
0.0,1.0000000000000022,0.0,0.0
0.0,1.0000000000000022,0.0,0.0
0.0,1.0000000000000022,0.0,0.0
0.0,1.0000000000000022,0.0,0.0
0.0,1.0000000000000022,0.0,0.0
0.0,1.0000000000000022,0.0,0.0
0.0,1.0000000000000022,0.0,0.0
0.0,1.0000000000000022,0.0,0.0
0.0,1.0000000000000022,0.0,0.0
0.0,1.0000000000000022,0.0,0.0
0.0,1.0000000000000022,0.0,0.0
0.0,1.0000000000000022,0.0,0.0
0.0,1.0000000000000022,0.0,0.0
0.0,1.0000000000000022,0.0,0.0
0.0,1.0000000000000022,0.0,0.0
0.0,1.0000000000000022,0.0,0.0
0.0,1.0000000000000022,0.0,0.0
0.0,1.0000000000000022,0.0,0.0
0.0,1.0000000000000022,0.0,0.0
0.0,1.0000000000000022,0.0,0.0
0.0,1.0000000000000022,0.0,0.0
0.0,1.0000000000000022,0.0,0.0
0.0,1.0000000000000022,0.0,0.0
0.0,1.0000000000000022,0.0,0.0
0.0,1.0000000000000022,0.0,0.0
0.0,1.0000000000000022,0.0,0.0
0.0,1.0000000000000022,0.0,0.0
0.0,1.0000000000000022,0.0,0.0
0.0,1.0000000000000022,0.0,0.0
0.0,1.0000000000000022,0.0,0.0
0.0,1.0000000000000022,0.0,0.0
0.0,1.0000000000000022,0.0,0.0
0.0,1.0000000000000022,0.0,0.0
0.0,1.0000000000000022,0.0,0.0
0.0,1.0000000000000022,0.0,0.0
0.0,1.0000000000000022,0.0,0.0
0.0,1.0000000000000022,0.0,0.0
0.0,1.0000000000000022,0.0,0.0
0.0,1.0000000000000022,0.0,0.0
0.0,1.0000000000000022,0.0,0.0
0.0,1.0000000000000022,0.0,0.0
0.0,1.0000000000000022,0.0,0.0
0.0,1.0000000000000022,0.0,0.0
0.0,1.0000000000000022,0.0,0.0
0.0,1.0000000000000022,0.0,0.0
0.0,1.0000000000000022,0.0,0.0
0.0,1.0000000000000022,0.0,0.0
0.0,1.0000000000000022,0.0,0.0
0.0,1.0000000000000022,0.0,0.0
0.0,1.0000000000000022,0.0,0.0
0.0,1.0000000000000022,0.0,0.0
0.0,1.0000000000000022,0.0,0.0
0.0,1.0000000000000022,0.0,0.0
0.0,1.0000000000000022,0.0,0.0
0.0,1.0000000000000022,0.0,0.0
0.0,1.0000000000000022,0.0,0.0
0.0,1.0000000000000022,0.0,0.0
0.0,1.0000000000000022,0.0,0.0
0.0,1.0000000000000022,0.0,0.0
0.0,1.0000000000000022,0.0,0.0
0.0,1.0000000000000022,0.0,0.0
0.0,1.0000000000000022,0.0,0.0
0.0,1.0000000000000022,0.0,0.0
0.0,1.0000000000000022,0.0,0.0
0.0,1.0000000000000022,0.0,0.0
0.0,1.0000000000000022,0.0,0.0
0.0,1.0000000000000022,0.0,0.0
0.0,1.0000000000000022,0.0,0.0
0.0,1.0000000000000022,0.0,0.0
0.0,1.0000000000000022,0.0,0.0
0.0,1.0000000000000022,0.0,0.0
0.0,1.0000000000000022,0.0,0.0
0.0,1.0000000000000022,0.0,0.0
0.0,1.0000000000000022,0.0,0.0
0.0,1.0000000000000022,0.0,0.0
0.0,1.0000000000000022,0.0,0.0
0.0,1.0000000000000022,0.0,0.0
0.0,1.0000000000000022,0.0,0.0
0.0,1.0000000000000022,0.0,0.0
0.0,1.0000000000000022,0.0,0.0
0.0,1.0000000000000022,0.0,0.0
0.0,1.0000000000000022,0.0,0.0
0.0,1.0000000000000022,0.0,0.0
0.0,1.0000000000000022,0.0,0.0
0.0,1.0000000000000022,0.0,0.0
0.0,1.0000000000000022,0.0,0.0
0.0,1.0000000000000022,0.0,0.0
0.0,1.0000000000000022,0.0,0.0
0.0,1.0000000000000022,0.0,0.0
0.0,1.0000000000000022,0.0,0.0
0.0,1.0000000000000022,0.0,0.0
0.0,1.0000000000000022,0.0,0.0
0.0,1.0000000000000022,0.0,0.0
0.0,1.0000000000000022,0.0,0.0
0.0,1.0000000000000022,0.0,0.0
0.0,1.0000000000000022,0.0,0.0
0.0,1.0000000000000022,0.0,0.0
0.0,1.0000000000000022,0.0,0.0
0.0,1.0000000000000022,0.0,0.0
0.0,1.0000000000000022,0.0,0.0
0.0,1.0000000000000022,0.0,0.0
0.0,1.0000000000000022,0.0,0.0
0.0,1.0000000000000022,0.0,0.0
0.0,1.0000000000000022,0.0,0.0
0.0,1.0000000000000022,0.0,0.0
0.0,1.0000000000000022,0.0,0.0
0.0,1.0000000000000022,0.0,0.0
0.0,1.0000000000000022,0.0,0.0
0.0,1.0000000000000022,0.0,0.0
0.0,1.0000000000000022,0.0,0.0
0.0,1.0000000000000022,0.0,0.0
0.0,1.0000000000000022,0.0,0.0
0.0,1.0000000000000022,0.0,0.0
0.0,1.0000000000000022,0.0,0.0
0.0,1.0000000000000022,0.0,0.0
0.0,1.0000000000000022,0.0,0.0
0.0,1.0000000000000022,0.0,0.0
0.0,1.0000000000000022,0.0,0.0
0.0,1.0000000000000022,0.0,0.0
0.0,1.0000000000000022,0.0,0.0
0.0,1.0000000000000022,0.0,0.0
0.0,1.0000000000000022,0.0,0.0
0.0,1.0000000000000022,0.0,0.0
0.0,1.0000000000000022,0.0,0.0
0.0,1.0000000000000022,0.0,0.0
0.0,1.0000000000000022,0.0,0.0
0.0,1.0000000000000022,0.0,0.0
0.0,1.0000000000000022,0.0,0.0
0.0,1.0000000000000022,0.0,0.0
0.0,1.0000000000000022,0.0,0.0
0.0,1.0000000000000022,0.0,0.0
0.0,1.0000000000000022,0.0,0.0
0.0,1.0000000000000022,0.0,0.0
0.0,1.0000000000000022,0.0,0.0
0.0,1.0000000000000022,0.0,0.0
0.0,1.0000000000000022,0.0,0.0
0.0,1.0000000000000022,0.0,0.0
0.0,1.0000000000000022,0.0,0.0
0.0,1.0000000000000022,0.0,0.0
0.0,1.0000000000000022,0.0,0.0
0.0,1.0000000000000022,0.0,0.0
0.0,1.0000000000000022,0.0,0.0
0.0,1.0000000000000022,0.0,0.0
0.0,1.0000000000000022,0.0,0.0
0.0,1.0000000000000022,0.0,0.0
0.0,1.0000000000000022,0.0,0.0
0.0,1.0000000000000022,0.0,0.0
0.0,1.0000000000000022,0.0,0.0
0.0,1.0000000000000022,0.0,0.0
0.0,1.0000000000000022,0.0,0.0
0.0,1.0000000000000022,0.0,0.0
0.0,1.0000000000000022,0.0,0.0
0.0,1.0000000000000022,0.0,0.0
0.0,1.0000000000000022,0.0,0.0
0.0,1.0000000000000022,0.0,0.0
0.0,1.0000000000000022,0.0,0.0
0.0,1.0000000000000022,0.0,0.0
0.0,1.0000000000000022,0.0,0.0
0.0,1.0000000000000022,0.0,0.0
0.0,1.0000000000000022,0.0,0.0
0.0,1.0000000000000022,0.0,0.0
0.0,1.0000000000000022,0.0,0.0
0.0,1.0000000000000022,0.0,0.0
0.0,1.0000000000000022,0.0,0.0
0.0,1.0000000000000022,0.0,0.0
0.0,1.0000000000000022,0.0,0.0
0.0,1.0000000000000022,0.0,0.0
0.0,1.0000000000000022,0.0,0.0
0.0,1.0000000000000022,0.0,0.0
0.0,1.0000000000000022,0.0,0.0
0.0,1.0000000000000022,0.0,0.0
0.0,1.0000000000000022,0.0,0.0
0.0,1.0000000000000022,0.0,0.0
0.0,1.0000000000000022,0.0,0.0
0.0,1.0000000000000022,0.0,0.0
0.0,1.0000000000000022,0.0,0.0
0.0,1.0000000000000022,0.0,0.0
0.0,1.0000000000000022,0.0,0.0
0.0,1.0000000000000022,0.0,0.0
0.0,1.0000000000000022,0.0,0.0
0.0,1.0000000000000022,0.0,0.0
0.0,1.0000000000000022,0.0,0.0
0.0,1.0000000000000022,0.0,0.0
0.0,1.0000000000000022,0.0,0.0
0.0,1.0000000000000022,0.0,0.0
0.0,1.0000000000000022,0.0,0.0
0.0,1.0000000000000022,0.0,0.0
0.0,1.0000000000000022,0.0,0.0
0.0,1.0000000000000022,0.0,0.0
0.0,1.0000000000000022,0.0,0.0
0.0,1.0000000000000022,0.0,0.0
0.0,1.0000000000000022,0.0,0.0
0.0,1.0000000000000022,0.0,0.0
0.0,1.0000000000000022,0.0,0.0
0.0,1.0000000000000022,0.0,0.0
0.0,1.0000000000000022,0.0,0.0
0.0,1.0000000000000022,0.0,0.0
0.0,1.0000000000000022,0.0,0.0
0.0,1.0000000000000022,0.0,0.0
0.0,1.0000000000000022,0.0,0.0
0.0,1.0000000000000022,0.0,0.0
0.0,1.0000000000000022,0.0,0.0
0.0,1.0000000000000022,0.0,0.0
0.0,1.0000000000000022,0.0,0.0
0.0,1.0000000000000022,0.0,0.0
0.0,1.0000000000000022,0.0,0.0
0.0,1.0000000000000022,0.0,0.0
0.0,1.0000000000000022,0.0,0.0
0.0,1.0000000000000022,0.0,0.0
0.0,1.0000000000000022,0.0,0.0
0.0,1.0000000000000022,0.0,0.0
0.0,1.0000000000000022,0.0,0.0
0.0,1.0000000000000022,0.0,0.0
0.0,1.0000000000000022,0.0,0.0
0.0,1.0000000000000022,0.0,0.0
0.0,1.0000000000000022,0.0,0.0
0.0,1.0000000000000022,0.0,0.0
0.0,1.0000000000000022,0.0,0.0
0.0,1.0000000000000022,0.0,0.0
0.0,1.0000000000000022,0.0,0.0
0.0,1.0000000000000022,0.0,0.0
0.0,1.0000000000000022,0.0,0.0
0.0,1.0000000000000022,0.0,0.0
0.0,1.0000000000000022,0.0,0.0
0.0,1.0000000000000022,0.0,0.0
0.0,1.0000000000000022,0.0,0.0
0.0,1.0000000000000022,0.0,0.0
0.0,1.0000000000000022,0.0,0.0
0.0,1.0000000000000022,0.0,0.0
0.0,1.0000000000000022,0.0,0.0
0.0,1.0000000000000022,0.0,0.0
0.0,1.0000000000000022,0.0,0.0
0.0,1.0000000000000022,0.0,0.0
0.0,1.0000000000000022,0.0,0.0
0.0,1.0000000000000022,0.0,0.0
0.0,1.0000000000000022,0.0,0.0
0.0,1.0000000000000022,0.0,0.0
0.0,1.0000000000000022,0.0,0.0
0.0,1.0000000000000022,0.0,0.0
0.0,1.0000000000000022,0.0,0.0
0.0,1.0000000000000022,0.0,0.0
0.0,1.0000000000000022,0.0,0.0
0.0,1.0000000000000022,0.0,0.0
0.0,1.0000000000000022,0.0,0.0
0.0,1.0000000000000022,0.0,0.0
0.0,1.0000000000000022,0.0,0.0
0.0,1.0000000000000022,0.0,0.0
0.0,1.0000000000000022,0.0,0.0
0.0,1.0000000000000022,0.0,0.0
0.0,1.0000000000000022,0.0,0.0
0.0,1.0000000000000022,0.0,0.0
0.0,1.0000000000000022,0.0,0.0
0.0,1.0000000000000022,0.0,0.0
0.0,1.0000000000000022,0.0,0.0
0.0,1.0000000000000022,0.0,0.0
0.0,1.0000000000000022,0.0,0.0
0.0,1.0000000000000022,0.0,0.0
0.0,1.0000000000000022,0.0,0.0
0.0,1.0000000000000022,0.0,0.0
0.0,1.0000000000000022,0.0,0.0
0.0,1.0000000000000022,0.0,0.0
0.0,1.0000000000000022,0.0,0.0
0.0,1.0000000000000022,0.0,0.0
0.0,1.0000000000000022,0.0,0.0
0.0,1.0000000000000022,0.0,0.0
0.0,1.0000000000000022,0.0,0.0
0.0,1.0000000000000022,0.0,0.0
0.0,1.0000000000000022,0.0,0.0
0.0,1.0000000000000022,0.0,0.0
0.0,1.0000000000000022,0.0,0.0
0.0,1.0000000000000022,0.0,0.0
0.0,1.0000000000000022,0.0,0.0
0.0,1.0000000000000022,0.0,0.0
0.0,1.0000000000000022,0.0,0.0
0.0,1.0000000000000022,0.0,0.0
0.0,1.0000000000000022,0.0,0.0
0.0,1.0000000000000022,0.0,0.0
0.0,1.0000000000000022,0.0,0.0
0.0,1.0000000000000022,0.0,0.0
0.0,1.0000000000000022,0.0,0.0
0.0,1.0000000000000022,0.0,0.0
0.0,1.0000000000000022,0.0,0.0
0.0,1.0000000000000022,0.0,0.0
0.0,1.0000000000000022,0.0,0.0
0.0,1.0000000000000022,0.0,0.0
0.0,1.0000000000000022,0.0,0.0
0.0,1.0000000000000022,0.0,0.0
0.0,1.0000000000000022,0.0,0.0
0.0,1.0000000000000022,0.0,0.0
0.0,1.0000000000000022,0.0,0.0
0.0,1.0000000000000022,0.0,0.0
0.0,1.0000000000000022,0.0,0.0
0.0,1.0000000000000022,0.0,0.0
0.0,1.0000000000000022,0.0,0.0
0.0,1.0000000000000022,0.0,0.0
0.0,1.0000000000000022,0.0,0.0
0.0,1.0000000000000022,0.0,0.0
0.0,1.0000000000000022,0.0,0.0
0.0,1.0000000000000022,0.0,0.0
0.0,1.0000000000000022,0.0,0.0
0.0,1.0000000000000022,0.0,0.0
0.0,1.0000000000000022,0.0,0.0
0.0,1.0000000000000022,0.0,0.0
0.0,1.0000000000000022,0.0,0.0
0.0,1.0000000000000022,0.0,0.0
0.0,1.0000000000000022,0.0,0.0
0.0,1.0000000000000022,0.0,0.0
0.0,1.0000000000000022,0.0,0.0
0.0,1.0000000000000022,0.0,0.0
0.0,1.0000000000000022,0.0,0.0
0.0,1.0000000000000022,0.0,0.0
0.0,1.0000000000000022,0.0,0.0
0.0,1.0000000000000022,0.0,0.0
0.0,1.0000000000000022,0.0,0.0
0.0,1.0000000000000022,0.0,0.0
0.0,1.0000000000000022,0.0,0.0
0.0,1.0000000000000022,0.0,0.0
0.0,1.0000000000000022,0.0,0.0
0.0,1.0000000000000022,0.0,0.0
0.0,1.0000000000000022,0.0,0.0
0.0,1.0000000000000022,0.0,0.0
0.0,1.0000000000000022,0.0,0.0
0.0,1.0000000000000022,0.0,0.0
0.0,1.0000000000000022,0.0,0.0
0.0,1.0000000000000022,0.0,0.0
0.0,1.0000000000000022,0.0,0.0
0.0,1.0000000000000022,0.0,0.0
0.0,1.0000000000000022,0.0,0.0
0.0,1.0000000000000022,0.0,0.0
0.0,1.0000000000000022,0.0,0.0
0.0,1.0000000000000022,0.0,0.0
0.0,1.0000000000000022,0.0,0.0
0.0,1.0000000000000022,0.0,0.0
0.0,1.0000000000000022,0.0,0.0
0.0,1.0000000000000022,0.0,0.0
0.0,1.0000000000000022,0.0,0.0
0.0,1.0000000000000022,0.0,0.0
0.0,1.0000000000000022,0.0,0.0
0.0,1.0000000000000022,0.0,0.0
0.0,1.0000000000000022,0.0,0.0
0.0,1.0000000000000022,0.0,0.0
0.0,1.0000000000000022,0.0,0.0
0.0,1.0000000000000022,0.0,0.0
0.0,1.0000000000000022,0.0,0.0
0.0,1.0000000000000022,0.0,0.0
0.0,1.0000000000000022,0.0,0.0
0.0,1.0000000000000022,0.0,0.0
0.0,1.0000000000000022,0.0,0.0
0.0,1.0000000000000022,0.0,0.0
0.0,1.0000000000000022,0.0,0.0
0.0,1.0000000000000022,0.0,0.0
0.0,1.0000000000000022,0.0,0.0
0.0,1.0000000000000022,0.0,0.0
0.0,1.0000000000000022,0.0,0.0
0.0,1.0000000000000022,0.0,0.0
0.0,1.0000000000000022,0.0,0.0
0.0,1.0000000000000022,0.0,0.0
0.0,1.0000000000000022,0.0,0.0
0.0,1.0000000000000022,0.0,0.0
0.0,1.0000000000000022,0.0,0.0
0.0,1.0000000000000022,0.0,0.0
0.0,1.0000000000000022,0.0,0.0
0.0,1.0000000000000022,0.0,0.0
0.0,1.0000000000000022,0.0,0.0
0.0,1.0000000000000022,0.0,0.0
0.0,1.0000000000000022,0.0,0.0
0.0,1.0000000000000022,0.0,0.0
0.0,1.0000000000000022,0.0,0.0
0.0,1.0000000000000022,0.0,0.0
0.0,1.0000000000000022,0.0,0.0
0.0,1.0000000000000022,0.0,0.0
0.0,1.0000000000000022,0.0,0.0
0.0,1.0000000000000022,0.0,0.0
0.0,1.0000000000000022,0.0,0.0
0.0,1.0000000000000022,0.0,0.0
0.0,1.0000000000000022,0.0,0.0
0.0,1.0000000000000022,0.0,0.0
0.0,1.0000000000000022,0.0,0.0
0.0,1.0000000000000022,0.0,0.0
0.0,1.0000000000000022,0.0,0.0
0.0,1.0000000000000022,0.0,0.0
0.0,1.0000000000000022,0.0,0.0
0.0,1.0000000000000022,0.0,0.0
0.0,1.0000000000000022,0.0,0.0
0.0,1.0000000000000022,0.0,0.0
0.0,1.0000000000000022,0.0,0.0
0.0,1.0000000000000022,0.0,0.0
0.0,1.0000000000000022,0.0,0.0
0.0,1.0000000000000022,0.0,0.0
0.0,1.0000000000000022,0.0,0.0
0.0,1.0000000000000022,0.0,0.0
0.0,1.0000000000000022,0.0,0.0
0.0,1.0000000000000022,0.0,0.0
0.0,1.0000000000000022,0.0,0.0
0.0,1.0000000000000022,0.0,0.0
0.0,1.0000000000000022,0.0,0.0
0.0,1.0000000000000022,0.0,0.0
0.0,1.0000000000000022,0.0,0.0
0.0,1.0000000000000022,0.0,0.0
0.0,1.0000000000000022,0.0,0.0
0.0,1.0000000000000022,0.0,0.0
0.0,1.0000000000000022,0.0,0.0
0.0,1.0000000000000022,0.0,0.0
0.0,1.0000000000000022,0.0,0.0
0.0,1.0000000000000022,0.0,0.0
0.0,1.0000000000000022,0.0,0.0
0.0,1.0000000000000022,0.0,0.0
0.0,1.0000000000000022,0.0,0.0
0.0,1.0000000000000022,0.0,0.0
0.0,1.0000000000000022,0.0,0.0
0.0,1.0000000000000022,0.0,0.0
0.0,1.0000000000000022,0.0,0.0
0.0,1.0000000000000022,0.0,0.0
0.0,1.0000000000000022,0.0,0.0
0.0,1.0000000000000022,0.0,0.0
0.0,1.0000000000000022,0.0,0.0
0.0,1.0000000000000022,0.0,0.0
0.0,1.0000000000000022,0.0,0.0
0.0,1.0000000000000022,0.0,0.0
0.0,1.0000000000000022,0.0,0.0
0.0,1.0000000000000022,0.0,0.0
0.0,1.0000000000000022,0.0,0.0
0.0,1.0000000000000022,0.0,0.0
0.0,1.0000000000000022,0.0,0.0
0.0,1.0000000000000022,0.0,0.0
0.0,1.0000000000000022,0.0,0.0
0.0,1.0000000000000022,0.0,0.0
0.0,1.0000000000000022,0.0,0.0
0.0,1.0000000000000022,0.0,0.0
0.0,1.0000000000000022,0.0,0.0
0.0,1.0000000000000022,0.0,0.0
0.0,1.0000000000000022,0.0,0.0
0.0,1.0000000000000022,0.0,0.0
0.0,1.0000000000000022,0.0,0.0
0.0,1.0000000000000022,0.0,0.0
0.0,1.0000000000000022,0.0,0.0
0.0,1.0000000000000022,0.0,0.0
0.0,1.0000000000000022,0.0,0.0
0.0,1.0000000000000022,0.0,0.0
0.0,1.0000000000000022,0.0,0.0
0.0,1.0000000000000022,0.0,0.0
0.0,1.0000000000000022,0.0,0.0
0.0,1.0000000000000022,0.0,0.0
0.0,1.0000000000000022,0.0,0.0
0.0,1.0000000000000022,0.0,0.0
0.0,1.0000000000000022,0.0,0.0
0.0,1.0000000000000022,0.0,0.0
0.0,1.0000000000000022,0.0,0.0
0.0,1.0000000000000022,0.0,0.0
0.0,1.0000000000000022,0.0,0.0
0.0,1.0000000000000022,0.0,0.0
0.0,1.0000000000000022,0.0,0.0
0.0,1.0000000000000022,0.0,0.0
0.0,1.0000000000000022,0.0,0.0
0.0,1.0000000000000022,0.0,0.0
0.0,1.0000000000000022,0.0,0.0
0.0,1.0000000000000022,0.0,0.0
0.0,1.0000000000000022,0.0,0.0
0.0,1.0000000000000022,0.0,0.0
0.0,1.0000000000000022,0.0,0.0
0.0,1.0000000000000022,0.0,0.0
0.0,1.0000000000000022,0.0,0.0
0.0,1.0000000000000022,0.0,0.0
0.0,1.0000000000000022,0.0,0.0
0.0,1.0000000000000022,0.0,0.0
0.0,1.0000000000000022,0.0,0.0
0.0,1.0000000000000022,0.0,0.0
0.0,1.0000000000000022,0.0,0.0
0.0,1.0000000000000022,0.0,0.0
0.0,1.0000000000000022,0.0,0.0
0.0,1.0000000000000022,0.0,0.0
0.0,1.0000000000000022,0.0,0.0
0.0,1.0000000000000022,0.0,0.0
0.0,1.0000000000000022,0.0,0.0
0.0,1.0000000000000022,0.0,0.0
0.0,1.0000000000000022,0.0,0.0
0.0,1.0000000000000022,0.0,0.0
0.0,1.0000000000000022,0.0,0.0
0.0,1.0000000000000022,0.0,0.0
0.0,1.0000000000000022,0.0,0.0
0.0,1.0000000000000022,0.0,0.0
0.0,1.0000000000000022,0.0,0.0
0.0,1.0000000000000022,0.0,0.0
0.0,1.0000000000000022,0.0,0.0
0.0,1.0000000000000022,0.0,0.0
0.0,1.0000000000000022,0.0,0.0
0.0,1.0000000000000022,0.0,0.0
0.0,1.0000000000000022,0.0,0.0
0.0,1.0000000000000022,0.0,0.0
0.0,1.0000000000000022,0.0,0.0
0.0,1.0000000000000022,0.0,0.0
0.0,1.0000000000000022,0.0,0.0
0.0,1.0000000000000022,0.0,0.0
0.0,1.0000000000000022,0.0,0.0
0.0,1.0000000000000022,0.0,0.0
0.0,1.0000000000000022,0.0,0.0
0.0,1.0000000000000022,0.0,0.0
0.0,1.0000000000000022,0.0,0.0
0.0,1.0000000000000022,0.0,0.0
0.0,1.0000000000000022,0.0,0.0
0.0,1.0000000000000022,0.0,0.0
0.0,1.0000000000000022,0.0,0.0
0.0,1.0000000000000022,0.0,0.0
0.0,1.0000000000000022,0.0,0.0
0.0,1.0000000000000022,0.0,0.0
0.0,1.0000000000000022,0.0,0.0
0.0,1.0000000000000022,0.0,0.0
0.0,1.0000000000000022,0.0,0.0
0.0,1.0000000000000022,0.0,0.0
0.0,1.0000000000000022,0.0,0.0
0.0,1.0000000000000022,0.0,0.0
0.0,1.0000000000000022,0.0,0.0
0.0,1.0000000000000022,0.0,0.0
0.0,1.0000000000000022,0.0,0.0
0.0,1.0000000000000022,0.0,0.0
0.0,1.0000000000000022,0.0,0.0
0.0,1.0000000000000022,0.0,0.0
0.0,1.0000000000000022,0.0,0.0
0.0,1.0000000000000022,0.0,0.0
0.0,1.0000000000000022,0.0,0.0
0.0,1.0000000000000022,0.0,0.0
0.0,1.0000000000000022,0.0,0.0
0.0,1.0000000000000022,0.0,0.0
0.0,1.0000000000000022,0.0,0.0
0.0,1.0000000000000022,0.0,0.0
0.0,1.0000000000000022,0.0,0.0
0.0,1.0000000000000022,0.0,0.0
0.0,1.0000000000000022,0.0,0.0
0.0,1.0000000000000022,0.0,0.0
0.0,1.0000000000000022,0.0,0.0
0.0,1.0000000000000022,0.0,0.0
0.0,1.0000000000000022,0.0,0.0
0.0,1.0000000000000022,0.0,0.0
0.0,1.0000000000000022,0.0,0.0
0.0,1.0000000000000022,0.0,0.0
0.0,1.0000000000000022,0.0,0.0
0.0,1.0000000000000022,0.0,0.0
0.0,1.0000000000000022,0.0,0.0
0.0,1.0000000000000022,0.0,0.0
0.0,1.0000000000000022,0.0,0.0
0.0,1.0000000000000022,0.0,0.0
0.0,1.0000000000000022,0.0,0.0
0.0,1.0000000000000022,0.0,0.0
0.0,1.0000000000000022,0.0,0.0
0.0,1.0000000000000022,0.0,0.0
0.0,1.0000000000000022,0.0,0.0
0.0,1.0000000000000022,0.0,0.0
0.0,1.0000000000000022,0.0,0.0
0.0,1.0000000000000022,0.0,0.0
0.0,1.0000000000000022,0.0,0.0
0.0,1.0000000000000022,0.0,0.0
0.0,1.0000000000000022,0.0,0.0
0.0,1.0000000000000022,0.0,0.0
0.0,1.0000000000000022,0.0,0.0
0.0,1.0000000000000022,0.0,0.0
0.0,1.0000000000000022,0.0,0.0
0.0,1.0000000000000022,0.0,0.0
0.0,1.0000000000000022,0.0,0.0
0.0,1.0000000000000022,0.0,0.0
0.0,1.0000000000000022,0.0,0.0
0.0,1.0000000000000022,0.0,0.0
0.0,1.0000000000000022,0.0,0.0
0.0,1.0000000000000022,0.0,0.0
0.0,1.0000000000000022,0.0,0.0
0.0,1.0000000000000022,0.0,0.0
0.0,1.0000000000000022,0.0,0.0
0.0,1.0000000000000022,0.0,0.0
0.0,1.0000000000000022,0.0,0.0
0.0,1.0000000000000022,0.0,0.0
0.0,1.0000000000000022,0.0,0.0
0.0,1.0000000000000022,0.0,0.0
0.0,1.0000000000000022,0.0,0.0
0.0,1.0000000000000022,0.0,0.0
0.0,1.0000000000000022,0.0,0.0
0.0,1.0000000000000022,0.0,0.0
0.0,1.0000000000000022,0.0,0.0
0.0,1.0000000000000022,0.0,0.0
0.0,1.0000000000000022,0.0,0.0
0.0,1.0000000000000022,0.0,0.0
0.0,1.0000000000000022,0.0,0.0
0.0,1.0000000000000022,0.0,0.0
0.0,1.0000000000000022,0.0,0.0
0.0,1.0000000000000022,0.0,0.0
0.0,1.0000000000000022,0.0,0.0
0.0,1.0000000000000022,0.0,0.0
0.0,1.0000000000000022,0.0,0.0
0.0,1.0000000000000022,0.0,0.0
0.0,1.0000000000000022,0.0,0.0
0.0,1.0000000000000022,0.0,0.0
0.0,1.0000000000000022,0.0,0.0
0.0,1.0000000000000022,0.0,0.0
0.0,1.0000000000000022,0.0,0.0
0.0,1.0000000000000022,0.0,0.0
0.0,1.0000000000000022,0.0,0.0
0.0,1.0000000000000022,0.0,0.0
0.0,1.0000000000000022,0.0,0.0
0.0,1.0000000000000022,0.0,0.0
0.0,1.0000000000000022,0.0,0.0
0.0,1.0000000000000022,0.0,0.0
0.0,1.0000000000000022,0.0,0.0
0.0,1.0000000000000022,0.0,0.0
0.0,1.0000000000000022,0.0,0.0
0.0,1.0000000000000022,0.0,0.0
0.0,1.0000000000000022,0.0,0.0
0.0,1.0000000000000022,0.0,0.0
0.0,1.0000000000000022,0.0,0.0
0.0,1.0000000000000022,0.0,0.0
0.0,1.0000000000000022,0.0,0.0
0.0,1.0000000000000022,0.0,0.0
0.0,1.0000000000000022,0.0,0.0
0.0,1.0000000000000022,0.0,0.0
0.0,1.0000000000000022,0.0,0.0
0.0,1.0000000000000022,0.0,0.0
0.0,1.0000000000000022,0.0,0.0
0.0,1.0000000000000022,0.0,0.0
0.0,1.0000000000000022,0.0,0.0
0.0,1.0000000000000022,0.0,0.0
0.0,1.0000000000000022,0.0,0.0
0.0,1.0000000000000022,0.0,0.0
0.0,1.0000000000000022,0.0,0.0
0.0,1.0000000000000022,0.0,0.0
0.0,1.0000000000000022,0.0,0.0
0.0,1.0000000000000022,0.0,0.0
0.0,1.0000000000000022,0.0,0.0
0.0,1.0000000000000022,0.0,0.0
0.0,1.0000000000000022,0.0,0.0
0.0,1.0000000000000022,0.0,0.0
0.0,1.0000000000000022,0.0,0.0
0.0,1.0000000000000022,0.0,0.0
0.0,1.0000000000000022,0.0,0.0
0.0,1.0000000000000022,0.0,0.0
0.0,1.0000000000000022,0.0,0.0
0.0,1.0000000000000022,0.0,0.0
0.0,1.0000000000000022,0.0,0.0
0.0,1.0000000000000022,0.0,0.0
0.0,1.0000000000000022,0.0,0.0
0.0,1.0000000000000022,0.0,0.0
0.0,1.0000000000000022,0.0,0.0
0.0,1.0000000000000022,0.0,0.0
0.0,1.0000000000000022,0.0,0.0
0.0,1.0000000000000022,0.0,0.0
0.0,1.0000000000000022,0.0,0.0
0.0,1.0000000000000022,0.0,0.0
0.0,1.0000000000000022,0.0,0.0
0.0,1.0000000000000022,0.0,0.0
0.0,1.0000000000000022,0.0,0.0
0.0,1.0000000000000022,0.0,0.0
0.0,1.0000000000000022,0.0,0.0
0.0,1.0000000000000022,0.0,0.0
0.0,1.0000000000000022,0.0,0.0
0.0,1.0000000000000022,0.0,0.0
0.0,1.0000000000000022,0.0,0.0
0.0,1.0000000000000022,0.0,0.0
0.0,1.0000000000000022,0.0,0.0
0.0,1.0000000000000022,0.0,0.0
0.0,1.0000000000000022,0.0,0.0
0.0,1.0000000000000022,0.0,0.0
0.0,1.0000000000000022,0.0,0.0
0.0,1.0000000000000022,0.0,0.0
0.0,1.0000000000000022,0.0,0.0
0.0,1.0000000000000022,0.0,0.0
0.0,1.0000000000000022,0.0,0.0
0.0,1.0000000000000022,0.0,0.0
0.0,1.0000000000000022,0.0,0.0
0.0,1.0000000000000022,0.0,0.0
0.0,1.0000000000000022,0.0,0.0
0.0,1.0000000000000022,0.0,0.0
0.0,1.0000000000000022,0.0,0.0
0.0,1.0000000000000022,0.0,0.0
0.0,1.0000000000000022,0.0,0.0
0.0,1.0000000000000022,0.0,0.0
0.0,1.0000000000000022,0.0,0.0
0.0,1.0000000000000022,0.0,0.0
0.0,1.0000000000000022,0.0,0.0
0.0,1.0000000000000022,0.0,0.0
0.0,1.0000000000000022,0.0,0.0
0.0,1.0000000000000022,0.0,0.0
0.0,1.0000000000000022,0.0,0.0
0.0,1.0000000000000022,0.0,0.0
0.0,1.0000000000000022,0.0,0.0
0.0,1.0000000000000022,0.0,0.0
0.0,1.0000000000000022,0.0,0.0
0.0,1.0000000000000022,0.0,0.0
0.0,1.0000000000000022,0.0,0.0
0.0,1.0000000000000022,0.0,0.0
0.0,1.0000000000000022,0.0,0.0
0.0,1.0000000000000022,0.0,0.0
0.0,1.0000000000000022,0.0,0.0
0.0,1.0000000000000022,0.0,0.0
0.0,1.0000000000000022,0.0,0.0
0.0,1.0000000000000022,0.0,0.0
0.0,1.0000000000000022,0.0,0.0
0.0,1.0000000000000022,0.0,0.0
0.0,1.0000000000000022,0.0,0.0
0.0,1.0000000000000022,0.0,0.0
0.0,1.0000000000000022,0.0,0.0
0.0,1.0000000000000022,0.0,0.0
0.0,1.0000000000000022,0.0,0.0
0.0,1.0000000000000022,0.0,0.0
0.0,1.0000000000000022,0.0,0.0
0.0,1.0000000000000022,0.0,0.0
0.0,1.0000000000000022,0.0,0.0
0.0,1.0000000000000022,0.0,0.0
0.0,1.0000000000000022,0.0,0.0
0.0,1.0000000000000022,0.0,0.0
0.0,1.0000000000000022,0.0,0.0
0.0,1.0000000000000022,0.0,0.0
0.0,1.0000000000000022,0.0,0.0
0.0,1.0000000000000022,0.0,0.0
0.0,1.0000000000000022,0.0,0.0
0.0,1.0000000000000022,0.0,0.0
0.0,1.0000000000000022,0.0,0.0
0.0,1.0000000000000022,0.0,0.0
0.0,1.0000000000000022,0.0,0.0
0.0,1.0000000000000022,0.0,0.0
0.0,1.0000000000000022,0.0,0.0
0.0,1.0000000000000022,0.0,0.0
0.0,1.0000000000000022,0.0,0.0
0.0,1.0000000000000022,0.0,0.0
0.0,1.0000000000000022,0.0,0.0
0.0,1.0000000000000022,0.0,0.0
0.0,1.0000000000000022,0.0,0.0
0.0,1.0000000000000022,0.0,0.0
0.0,1.0000000000000022,0.0,0.0
0.0,1.0000000000000022,0.0,0.0
0.0,1.0000000000000022,0.0,0.0
0.0,1.0000000000000022,0.0,0.0
0.0,1.0000000000000022,0.0,0.0
0.0,1.0000000000000022,0.0,0.0
0.0,1.0000000000000022,0.0,0.0
0.0,1.0000000000000022,0.0,0.0
0.0,1.0000000000000022,0.0,0.0
0.0,1.0000000000000022,0.0,0.0
0.0,1.0000000000000022,0.0,0.0
0.0,1.0000000000000022,0.0,0.0
0.0,1.0000000000000022,0.0,0.0
0.0,1.0000000000000022,0.0,0.0
0.0,1.0000000000000022,0.0,0.0
0.0,1.0000000000000022,0.0,0.0
0.0,1.0000000000000022,0.0,0.0
0.0,1.0000000000000022,0.0,0.0
0.0,1.0000000000000022,0.0,0.0
0.0,1.0000000000000022,0.0,0.0
0.0,1.0000000000000022,0.0,0.0
0.0,1.0000000000000022,0.0,0.0
0.0,1.0000000000000022,0.0,0.0
0.0,1.0000000000000022,0.0,0.0
0.0,1.0000000000000022,0.0,0.0
0.0,1.0000000000000022,0.0,0.0
0.0,1.0000000000000022,0.0,0.0
0.0,1.0000000000000022,0.0,0.0
0.0,1.0000000000000022,0.0,0.0
0.0,1.0000000000000022,0.0,0.0
0.0,1.0000000000000022,0.0,0.0
0.0,1.0000000000000022,0.0,0.0
0.0,1.0000000000000022,0.0,0.0
0.0,1.0000000000000022,0.0,0.0
0.0,1.0000000000000022,0.0,0.0
0.0,1.0000000000000022,0.0,0.0
0.0,1.0000000000000022,0.0,0.0
0.0,1.0000000000000022,0.0,0.0
0.0,1.0000000000000022,0.0,0.0
0.0,1.0000000000000022,0.0,0.0
0.0,1.0000000000000022,0.0,0.0
0.0,1.0000000000000022,0.0,0.0
0.0,1.0000000000000022,0.0,0.0
0.0,1.0000000000000022,0.0,0.0
0.0,1.0000000000000022,0.0,0.0
0.0,1.0000000000000022,0.0,0.0
0.0,1.0000000000000022,0.0,0.0
0.0,1.0000000000000022,0.0,0.0
0.0,1.0000000000000022,0.0,0.0
0.0,1.0000000000000022,0.0,0.0
0.0,1.0000000000000022,0.0,0.0
0.0,1.0000000000000022,0.0,0.0
0.0,1.0000000000000022,0.0,0.0
0.0,1.0000000000000022,0.0,0.0
0.0,1.0000000000000022,0.0,0.0
0.0,1.0000000000000022,0.0,0.0
0.0,1.0000000000000022,0.0,0.0
0.0,1.0000000000000022,0.0,0.0
0.0,1.0000000000000022,0.0,0.0
0.0,1.0000000000000022,0.0,0.0
0.0,1.0000000000000022,0.0,0.0
0.0,1.0000000000000022,0.0,0.0
0.0,1.0000000000000022,0.0,0.0
0.0,1.0000000000000022,0.0,0.0
0.0,1.0000000000000022,0.0,0.0
0.0,1.0000000000000022,0.0,0.0
0.0,1.0000000000000022,0.0,0.0
0.0,1.0000000000000022,0.0,0.0
0.0,1.0000000000000022,0.0,0.0
0.0,1.0000000000000022,0.0,0.0
0.0,1.0000000000000022,0.0,0.0
0.0,1.0000000000000022,0.0,0.0
0.0,1.0000000000000022,0.0,0.0
0.0,1.0000000000000022,0.0,0.0
0.0,1.0000000000000022,0.0,0.0
0.0,1.0000000000000022,0.0,0.0
0.0,1.0000000000000022,0.0,0.0
0.0,1.0000000000000022,0.0,0.0
0.0,1.0000000000000022,0.0,0.0
0.0,1.0000000000000022,0.0,0.0
0.0,1.0000000000000022,0.0,0.0
0.0,1.0000000000000022,0.0,0.0
0.0,1.0000000000000022,0.0,0.0
0.0,1.0000000000000022,0.0,0.0
0.0,1.0000000000000022,0.0,0.0
0.0,1.0000000000000022,0.0,0.0
0.0,1.0000000000000022,0.0,0.0
0.0,1.0000000000000022,0.0,0.0
0.0,1.0000000000000022,0.0,0.0
0.0,1.0000000000000022,0.0,0.0
0.0,1.0000000000000022,0.0,0.0
0.0,1.0000000000000022,0.0,0.0
0.0,1.0000000000000022,0.0,0.0
0.0,1.0000000000000022,0.0,0.0
0.0,1.0000000000000022,0.0,0.0
0.0,1.0000000000000022,0.0,0.0
0.0,1.0000000000000022,0.0,0.0
0.0,1.0000000000000022,0.0,0.0
0.0,1.0000000000000022,0.0,0.0
0.0,1.0000000000000022,0.0,0.0
0.0,1.0000000000000022,0.0,0.0
0.0,1.0000000000000022,0.0,0.0
0.0,1.0000000000000022,0.0,0.0
0.0,1.0000000000000022,0.0,0.0
0.0,1.0000000000000022,0.0,0.0
0.0,1.0000000000000022,0.0,0.0
0.0,1.0000000000000022,0.0,0.0
0.0,1.0000000000000022,0.0,0.0
0.0,1.0000000000000022,0.0,0.0
0.0,1.0000000000000022,0.0,0.0
0.0,1.0000000000000022,0.0,0.0
0.0,1.0000000000000022,0.0,0.0
0.0,1.0000000000000022,0.0,0.0
0.0,1.0000000000000022,0.0,0.0
0.0,1.0000000000000022,0.0,0.0
0.0,1.0000000000000022,0.0,0.0
0.0,1.0000000000000022,0.0,0.0
0.0,1.0000000000000022,0.0,0.0
0.0,1.0000000000000022,0.0,0.0
0.0,1.0000000000000022,0.0,0.0
0.0,1.0000000000000022,0.0,0.0
0.0,1.0000000000000022,0.0,0.0
0.0,1.0000000000000022,0.0,0.0
0.0,1.0000000000000022,0.0,0.0
0.0,1.0000000000000022,0.0,0.0
0.0,1.0000000000000022,0.0,0.0
0.0,1.0000000000000022,0.0,0.0
0.0,1.0000000000000022,0.0,0.0
0.0,1.0000000000000022,0.0,0.0
0.0,1.0000000000000022,0.0,0.0
0.0,1.0000000000000022,0.0,0.0
0.0,1.0000000000000022,0.0,0.0
0.0,1.0000000000000022,0.0,0.0
0.0,1.0000000000000022,0.0,0.0
0.0,1.0000000000000022,0.0,0.0
0.0,1.0000000000000022,0.0,0.0
0.0,1.0000000000000022,0.0,0.0
0.0,1.0000000000000022,0.0,0.0
0.0,1.0000000000000022,0.0,0.0
0.0,1.0000000000000022,0.0,0.0
0.0,1.0000000000000022,0.0,0.0
0.0,1.0000000000000022,0.0,0.0
0.0,1.0000000000000022,0.0,0.0
0.0,1.0000000000000022,0.0,0.0
0.0,1.0000000000000022,0.0,0.0
0.0,1.0000000000000022,0.0,0.0
0.0,1.0000000000000022,0.0,0.0
0.0,1.0000000000000022,0.0,0.0
0.0,1.0000000000000022,0.0,0.0
0.0,1.0000000000000022,0.0,0.0
0.0,1.0000000000000022,0.0,0.0
0.0,1.0000000000000022,0.0,0.0
0.0,1.0000000000000022,0.0,0.0
0.0,1.0000000000000022,0.0,0.0
0.0,1.0000000000000022,0.0,0.0
0.0,1.0000000000000022,0.0,0.0
0.0,1.0000000000000022,0.0,0.0
0.0,1.0000000000000022,0.0,0.0
0.0,1.0000000000000022,0.0,0.0
0.0,1.0000000000000022,0.0,0.0
0.0,1.0000000000000022,0.0,0.0
0.0,1.0000000000000022,0.0,0.0
0.0,1.0000000000000022,0.0,0.0
0.0,1.0000000000000022,0.0,0.0
0.0,1.0000000000000022,0.0,0.0
0.0,1.0000000000000022,0.0,0.0
0.0,1.0000000000000022,0.0,0.0
0.0,1.0000000000000022,0.0,0.0
0.0,1.0000000000000022,0.0,0.0
0.0,1.0000000000000022,0.0,0.0
0.0,1.0000000000000022,0.0,0.0
0.0,1.0000000000000022,0.0,0.0
0.0,1.0000000000000022,0.0,0.0
0.0,1.0000000000000022,0.0,0.0
0.0,1.0000000000000022,0.0,0.0
0.0,1.0000000000000022,0.0,0.0
0.0,1.0000000000000022,0.0,0.0
0.0,1.0000000000000022,0.0,0.0
0.0,1.0000000000000022,0.0,0.0
0.0,1.0000000000000022,0.0,0.0
0.0,1.0000000000000022,0.0,0.0
0.0,1.0000000000000022,0.0,0.0
0.0,1.0000000000000022,0.0,0.0
0.0,1.0000000000000022,0.0,0.0
0.0,1.0000000000000022,0.0,0.0
0.0,1.0000000000000022,0.0,0.0
0.0,1.0000000000000022,0.0,0.0
0.0,1.0000000000000022,0.0,0.0
0.0,1.0000000000000022,0.0,0.0
0.0,1.0000000000000022,0.0,0.0
0.0,1.0000000000000022,0.0,0.0
0.0,1.0000000000000022,0.0,0.0
0.0,1.0000000000000022,0.0,0.0
0.0,1.0000000000000022,0.0,0.0
0.0,1.0000000000000022,0.0,0.0
0.0,1.0000000000000022,0.0,0.0
0.0,1.0000000000000022,0.0,0.0
0.0,1.0000000000000022,0.0,0.0
0.0,1.0000000000000022,0.0,0.0
0.0,1.0000000000000022,0.0,0.0
0.0,1.0000000000000022,0.0,0.0
0.0,1.0000000000000022,0.0,0.0
0.0,1.0000000000000022,0.0,0.0
0.0,1.0000000000000022,0.0,0.0
0.0,1.0000000000000022,0.0,0.0
0.0,1.0000000000000022,0.0,0.0
0.0,1.0000000000000022,0.0,0.0
0.0,1.0000000000000022,0.0,0.0
0.0,1.0000000000000022,0.0,0.0
0.0,1.0000000000000022,0.0,0.0
0.0,1.0000000000000022,0.0,0.0
0.0,1.0000000000000022,0.0,0.0
0.0,1.0000000000000022,0.0,0.0
0.0,1.0000000000000022,0.0,0.0
0.0,1.0000000000000022,0.0,0.0
0.0,1.0000000000000022,0.0,0.0
0.0,1.0000000000000022,0.0,0.0
0.0,1.0000000000000022,0.0,0.0
0.0,1.0000000000000022,0.0,0.0
0.0,1.0000000000000022,0.0,0.0
0.0,1.0000000000000022,0.0,0.0
0.0,1.0000000000000022,0.0,0.0
0.0,1.0000000000000022,0.0,0.0
0.0,1.0000000000000022,0.0,0.0
0.0,1.0000000000000022,0.0,0.0
0.0,1.0000000000000022,0.0,0.0
0.0,1.0000000000000022,0.0,0.0
0.0,1.0000000000000022,0.0,0.0
0.0,1.0000000000000022,0.0,0.0
0.0,1.0000000000000022,0.0,0.0
0.0,1.0000000000000022,0.0,0.0
0.0,1.0000000000000022,0.0,0.0
0.0,1.0000000000000022,0.0,0.0
0.0,1.0000000000000022,0.0,0.0
0.0,1.0000000000000022,0.0,0.0
0.0,1.0000000000000022,0.0,0.0
0.0,1.0000000000000022,0.0,0.0
0.0,1.0000000000000022,0.0,0.0
0.0,1.0000000000000022,0.0,0.0
0.0,1.0000000000000022,0.0,0.0
0.0,1.0000000000000022,0.0,0.0
0.0,1.0000000000000022,0.0,0.0
0.0,1.0000000000000022,0.0,0.0
0.0,1.0000000000000022,0.0,0.0
0.0,1.0000000000000022,0.0,0.0
0.0,1.0000000000000022,0.0,0.0
0.0,1.0000000000000022,0.0,0.0
0.0,1.0000000000000022,0.0,0.0
0.0,1.0000000000000022,0.0,0.0
0.0,1.0000000000000022,0.0,0.0
0.0,1.0000000000000022,0.0,0.0
0.0,1.0000000000000022,0.0,0.0
0.0,1.0000000000000022,0.0,0.0
0.0,1.0000000000000022,0.0,0.0
0.0,1.0000000000000022,0.0,0.0
0.0,1.0000000000000022,0.0,0.0
0.0,1.0000000000000022,0.0,0.0
0.0,1.0000000000000022,0.0,0.0
0.0,1.0000000000000022,0.0,0.0
0.0,1.0000000000000022,0.0,0.0
0.0,1.0000000000000022,0.0,0.0
0.0,1.0000000000000022,0.0,0.0
0.0,1.0000000000000022,0.0,0.0
0.0,1.0000000000000022,0.0,0.0
0.0,1.0000000000000022,0.0,0.0
0.0,1.0000000000000022,0.0,0.0
0.0,1.0000000000000022,0.0,0.0
0.0,1.0000000000000022,0.0,0.0
0.0,1.0000000000000022,0.0,0.0
0.0,1.0000000000000022,0.0,0.0
0.0,1.0000000000000022,0.0,0.0
0.0,1.0000000000000022,0.0,0.0
0.0,1.0000000000000022,0.0,0.0
0.0,1.0000000000000022,0.0,0.0
0.0,1.0000000000000022,0.0,0.0
0.0,1.0000000000000022,0.0,0.0
0.0,1.0000000000000022,0.0,0.0
0.0,1.0000000000000022,0.0,0.0
0.0,1.0000000000000022,0.0,0.0
0.0,1.0000000000000022,0.0,0.0
0.0,1.0000000000000022,0.0,0.0
0.0,1.0000000000000022,0.0,0.0
0.0,1.0000000000000022,0.0,0.0
0.0,1.0000000000000022,0.0,0.0
0.0,1.0000000000000022,0.0,0.0
0.0,1.0000000000000022,0.0,0.0
0.0,1.0000000000000022,0.0,0.0
0.0,1.0000000000000022,0.0,0.0
0.0,1.0000000000000022,0.0,0.0
0.0,1.0000000000000022,0.0,0.0
0.0,1.0000000000000022,0.0,0.0
0.0,1.0000000000000022,0.0,0.0
0.0,1.0000000000000022,0.0,0.0
0.0,1.0000000000000022,0.0,0.0
0.0,1.0000000000000022,0.0,0.0
0.0,1.0000000000000022,0.0,0.0
0.0,1.0000000000000022,0.0,0.0
0.0,1.0000000000000022,0.0,0.0
0.0,1.0000000000000022,0.0,0.0
0.0,1.0000000000000022,0.0,0.0
0.0,1.0000000000000022,0.0,0.0
0.0,1.0000000000000022,0.0,0.0
0.0,1.0000000000000022,0.0,0.0
0.0,1.0000000000000022,0.0,0.0
0.0,1.0000000000000022,0.0,0.0
0.0,1.0000000000000022,0.0,0.0
0.0,1.0000000000000022,0.0,0.0
0.0,1.0000000000000022,0.0,0.0
0.0,1.0000000000000022,0.0,0.0
0.0,1.0000000000000022,0.0,0.0
0.0,1.0000000000000022,0.0,0.0
0.0,1.0000000000000022,0.0,0.0
0.0,1.0000000000000022,0.0,0.0
0.0,1.0000000000000022,0.0,0.0
0.0,1.0000000000000022,0.0,0.0
0.0,1.0000000000000022,0.0,0.0
0.0,1.0000000000000022,0.0,0.0
0.0,1.0000000000000022,0.0,0.0
0.0,1.0000000000000022,0.0,0.0
0.0,1.0000000000000022,0.0,0.0
0.0,1.0000000000000022,0.0,0.0
0.0,1.0000000000000022,0.0,0.0
0.0,1.0000000000000022,0.0,0.0
0.0,1.0000000000000022,0.0,0.0
0.0,1.0000000000000022,0.0,0.0
0.0,1.0000000000000022,0.0,0.0
0.0,1.0000000000000022,0.0,0.0
0.0,1.0000000000000022,0.0,0.0
0.0,1.0000000000000022,0.0,0.0
0.0,1.0000000000000022,0.0,0.0
0.0,1.0000000000000022,0.0,0.0
0.0,1.0000000000000022,0.0,0.0
0.0,1.0000000000000022,0.0,0.0
0.0,1.0000000000000022,0.0,0.0
0.0,1.0000000000000022,0.0,0.0
0.0,1.0000000000000022,0.0,0.0
0.0,1.0000000000000022,0.0,0.0
0.0,1.0000000000000022,0.0,0.0
0.0,1.0000000000000022,0.0,0.0
0.0,1.0000000000000022,0.0,0.0
0.0,1.0000000000000022,0.0,0.0
0.0,1.0000000000000022,0.0,0.0
0.0,1.0000000000000022,0.0,0.0
0.0,1.0000000000000022,0.0,0.0
0.0,1.0000000000000022,0.0,0.0
0.0,1.0000000000000022,0.0,0.0
0.0,1.0000000000000022,0.0,0.0
0.0,1.0000000000000022,0.0,0.0
0.0,1.0000000000000022,0.0,0.0
0.0,1.0000000000000022,0.0,0.0
0.0,1.0000000000000022,0.0,0.0
0.0,1.0000000000000022,0.0,0.0
0.0,1.0000000000000022,0.0,0.0
0.0,1.0000000000000022,0.0,0.0
0.0,1.0000000000000022,0.0,0.0
0.0,1.0000000000000022,0.0,0.0
0.0,1.0000000000000022,0.0,0.0
0.0,1.0000000000000022,0.0,0.0
0.0,1.0000000000000022,0.0,0.0
0.0,1.0000000000000022,0.0,0.0
0.0,1.0000000000000022,0.0,0.0
0.0,1.0000000000000022,0.0,0.0
0.0,1.0000000000000022,0.0,0.0
0.0,1.0000000000000022,0.0,0.0
0.0,1.0000000000000022,0.0,0.0
0.0,1.0000000000000022,0.0,0.0
0.0,1.0000000000000022,0.0,0.0
0.0,1.0000000000000022,0.0,0.0
0.0,1.0000000000000022,0.0,0.0
0.0,1.0000000000000022,0.0,0.0
0.0,1.0000000000000022,0.0,0.0
0.0,1.0000000000000022,0.0,0.0
0.0,1.0000000000000022,0.0,0.0
0.0,1.0000000000000022,0.0,0.0
0.0,1.0000000000000022,0.0,0.0
0.0,1.0000000000000022,0.0,0.0
0.0,1.0000000000000022,0.0,0.0
0.0,1.0000000000000022,0.0,0.0
0.0,1.0000000000000022,0.0,0.0
0.0,1.0000000000000022,0.0,0.0
0.0,1.0000000000000022,0.0,0.0
0.0,1.0000000000000022,0.0,0.0
0.0,1.0000000000000022,0.0,0.0
0.0,1.0000000000000022,0.0,0.0
0.0,1.0000000000000022,0.0,0.0
0.0,1.0000000000000022,0.0,0.0
0.0,1.0000000000000022,0.0,0.0
0.0,1.0000000000000022,0.0,0.0
0.0,1.0000000000000022,0.0,0.0
0.0,1.0000000000000022,0.0,0.0
0.0,1.0000000000000022,0.0,0.0
0.0,1.0000000000000022,0.0,0.0
0.0,1.0000000000000022,0.0,0.0
0.0,1.0000000000000022,0.0,0.0
0.0,1.0000000000000022,0.0,0.0
0.0,1.0000000000000022,0.0,0.0
0.0,1.0000000000000022,0.0,0.0
0.0,1.0000000000000022,0.0,0.0
0.0,1.0000000000000022,0.0,0.0
0.0,1.0000000000000022,0.0,0.0
0.0,1.0000000000000022,0.0,0.0
0.0,1.0000000000000022,0.0,0.0
0.0,1.0000000000000022,0.0,0.0
0.0,1.0000000000000022,0.0,0.0
0.0,1.0000000000000022,0.0,0.0
0.0,1.0000000000000022,0.0,0.0
0.0,1.0000000000000022,0.0,0.0
0.0,1.0000000000000022,0.0,0.0
0.0,1.0000000000000022,0.0,0.0
0.0,1.0000000000000022,0.0,0.0
0.0,1.0000000000000022,0.0,0.0
0.0,1.0000000000000022,0.0,0.0
0.0,1.0000000000000022,0.0,0.0
0.0,1.0000000000000022,0.0,0.0
0.0,1.0000000000000022,0.0,0.0
0.0,1.0000000000000022,0.0,0.0
0.0,1.0000000000000022,0.0,0.0
0.0,1.0000000000000022,0.0,0.0
0.0,1.0000000000000022,0.0,0.0
0.0,1.0000000000000022,0.0,0.0
0.0,1.0000000000000022,0.0,0.0
0.0,1.0000000000000022,0.0,0.0
0.0,1.0000000000000022,0.0,0.0
0.0,1.0000000000000022,0.0,0.0
0.0,1.0000000000000022,0.0,0.0
0.0,1.0000000000000022,0.0,0.0
0.0,1.0000000000000022,0.0,0.0
0.0,1.0000000000000022,0.0,0.0
0.0,1.0000000000000022,0.0,0.0
0.0,1.0000000000000022,0.0,0.0
0.0,1.0000000000000022,0.0,0.0
0.0,1.0000000000000022,0.0,0.0
0.0,1.0000000000000022,0.0,0.0
0.0,1.0000000000000022,0.0,0.0
0.0,1.0000000000000022,0.0,0.0
0.0,1.0000000000000022,0.0,0.0
0.0,1.0000000000000022,0.0,0.0
0.0,1.0000000000000022,0.0,0.0
0.0,1.0000000000000022,0.0,0.0
0.0,1.0000000000000022,0.0,0.0
0.0,1.0000000000000022,0.0,0.0
0.0,1.0000000000000022,0.0,0.0
0.0,1.0000000000000022,0.0,0.0
0.0,1.0000000000000022,0.0,0.0
0.0,1.0000000000000022,0.0,0.0
0.0,1.0000000000000022,0.0,0.0
0.0,1.0000000000000022,0.0,0.0
0.0,1.0000000000000022,0.0,0.0
0.0,1.0000000000000022,0.0,0.0
0.0,1.0000000000000022,0.0,0.0
0.0,1.0000000000000022,0.0,0.0
0.0,1.0000000000000022,0.0,0.0
0.0,1.0000000000000022,0.0,0.0
0.0,1.0000000000000022,0.0,0.0
0.0,1.0000000000000022,0.0,0.0
0.0,1.0000000000000022,0.0,0.0
0.0,1.0000000000000022,0.0,0.0
0.0,1.0000000000000022,0.0,0.0
0.0,1.0000000000000022,0.0,0.0
0.0,1.0000000000000022,0.0,0.0
0.0,1.0000000000000022,0.0,0.0
0.0,1.0000000000000022,0.0,0.0
0.0,1.0000000000000022,0.0,0.0
0.0,1.0000000000000022,0.0,0.0
0.0,1.0000000000000022,0.0,0.0
0.0,1.0000000000000022,0.0,0.0
0.0,1.0000000000000022,0.0,0.0
0.0,1.0000000000000022,0.0,0.0
0.0,1.0000000000000022,0.0,0.0
0.0,1.0000000000000022,0.0,0.0
0.0,1.0000000000000022,0.0,0.0
0.0,1.0000000000000022,0.0,0.0
0.0,1.0000000000000022,0.0,0.0
0.0,1.0000000000000022,0.0,0.0
0.0,1.0000000000000022,0.0,0.0
0.0,1.0000000000000022,0.0,0.0
0.0,1.0000000000000022,0.0,0.0
0.0,1.0000000000000022,0.0,0.0
0.0,1.0000000000000022,0.0,0.0
0.0,1.0000000000000022,0.0,0.0
0.0,1.0000000000000022,0.0,0.0
0.0,1.0000000000000022,0.0,0.0
0.0,1.0000000000000022,0.0,0.0
0.0,1.0000000000000022,0.0,0.0
0.0,1.0000000000000022,0.0,0.0
0.0,1.0000000000000022,0.0,0.0
0.0,1.0000000000000022,0.0,0.0
0.0,1.0000000000000022,0.0,0.0
0.0,1.0000000000000022,0.0,0.0
0.0,1.0000000000000022,0.0,0.0
0.0,1.0000000000000022,0.0,0.0
0.0,1.0000000000000022,0.0,0.0
0.0,1.0000000000000022,0.0,0.0
0.0,1.0000000000000022,0.0,0.0
0.0,1.0000000000000022,0.0,0.0
0.0,1.0000000000000022,0.0,0.0
0.0,1.0000000000000022,0.0,0.0
0.0,1.0000000000000022,0.0,0.0
0.0,1.0000000000000022,0.0,0.0
0.0,1.0000000000000022,0.0,0.0
0.0,1.0000000000000022,0.0,0.0
0.0,1.0000000000000022,0.0,0.0
0.0,1.0000000000000022,0.0,0.0
0.0,1.0000000000000022,0.0,0.0
0.0,1.0000000000000022,0.0,0.0
0.0,1.0000000000000022,0.0,0.0
0.0,1.0000000000000022,0.0,0.0
0.0,1.0000000000000022,0.0,0.0
0.0,1.0000000000000022,0.0,0.0
0.0,1.0000000000000022,0.0,0.0
0.0,1.0000000000000022,0.0,0.0
0.0,1.0000000000000022,0.0,0.0
0.0,1.0000000000000022,0.0,0.0
0.0,1.0000000000000022,0.0,0.0
0.0,1.0000000000000022,0.0,0.0
0.0,1.0000000000000022,0.0,0.0
0.0,1.0000000000000022,0.0,0.0
0.0,1.0000000000000022,0.0,0.0
0.0,1.0000000000000022,0.0,0.0
0.0,1.0000000000000022,0.0,0.0
0.0,1.0000000000000022,0.0,0.0
0.0,1.0000000000000022,0.0,0.0
0.0,1.0000000000000022,0.0,0.0
0.0,1.0000000000000022,0.0,0.0
0.0,1.0000000000000022,0.0,0.0
0.0,1.0000000000000022,0.0,0.0
0.0,1.0000000000000022,0.0,0.0
0.0,1.0000000000000022,0.0,0.0
0.0,1.0000000000000022,0.0,0.0
0.0,1.0000000000000022,0.0,0.0
0.0,1.0000000000000022,0.0,0.0
0.0,1.0000000000000022,0.0,0.0
0.0,1.0000000000000022,0.0,0.0
0.0,1.0000000000000022,0.0,0.0
0.0,1.0000000000000022,0.0,0.0
0.0,1.0000000000000022,0.0,0.0
0.0,1.0000000000000022,0.0,0.0
0.0,1.0000000000000022,0.0,0.0
0.0,1.0000000000000022,0.0,0.0
0.0,1.0000000000000022,0.0,0.0
0.0,1.0000000000000022,0.0,0.0
0.0,1.0000000000000022,0.0,0.0
0.0,1.0000000000000022,0.0,0.0
0.0,1.0000000000000022,0.0,0.0
0.0,1.0000000000000022,0.0,0.0
0.0,1.0000000000000022,0.0,0.0
0.0,1.0000000000000022,0.0,0.0
0.0,1.0000000000000022,0.0,0.0
0.0,1.0000000000000022,0.0,0.0
0.0,1.0000000000000022,0.0,0.0
0.0,1.0000000000000022,0.0,0.0
0.0,1.0000000000000022,0.0,0.0
0.0,1.0000000000000022,0.0,0.0
0.0,1.0000000000000022,0.0,0.0
0.0,1.0000000000000022,0.0,0.0
0.0,1.0000000000000022,0.0,0.0
0.0,1.0000000000000022,0.0,0.0
0.0,1.0000000000000022,0.0,0.0
0.0,1.0000000000000022,0.0,0.0
0.0,1.0000000000000022,0.0,0.0
0.0,1.0000000000000022,0.0,0.0
0.0,1.0000000000000022,0.0,0.0
0.0,1.0000000000000022,0.0,0.0
0.0,1.0000000000000022,0.0,0.0
0.0,1.0000000000000022,0.0,0.0
0.0,1.0000000000000022,0.0,0.0
0.0,1.0000000000000022,0.0,0.0
0.0,1.0000000000000022,0.0,0.0
0.0,1.0000000000000022,0.0,0.0
0.0,1.0000000000000022,0.0,0.0
0.0,1.0000000000000022,0.0,0.0
0.0,1.0000000000000022,0.0,0.0
0.0,1.0000000000000022,0.0,0.0
0.0,1.0000000000000022,0.0,0.0
0.0,1.0000000000000022,0.0,0.0
0.0,1.0000000000000022,0.0,0.0
0.0,1.0000000000000022,0.0,0.0
0.0,1.0000000000000022,0.0,0.0
0.0,1.0000000000000022,0.0,0.0
0.0,1.0000000000000022,0.0,0.0
0.0,1.0000000000000022,0.0,0.0
0.0,1.0000000000000022,0.0,0.0
0.0,1.0000000000000022,0.0,0.0
0.0,1.0000000000000022,0.0,0.0
0.0,1.0000000000000022,0.0,0.0
0.0,1.0000000000000022,0.0,0.0
0.0,1.0000000000000022,0.0,0.0
0.0,1.0000000000000022,0.0,0.0
0.0,1.0000000000000022,0.0,0.0
0.0,1.0000000000000022,0.0,0.0
0.0,1.0000000000000022,0.0,0.0
0.0,1.0000000000000022,0.0,0.0
0.0,1.0000000000000022,0.0,0.0
0.0,1.0000000000000022,0.0,0.0
0.0,1.0000000000000022,0.0,0.0
0.0,1.0000000000000022,0.0,0.0
0.0,1.0000000000000022,0.0,0.0
0.0,1.0000000000000022,0.0,0.0
0.0,1.0000000000000022,0.0,0.0
0.0,1.0000000000000022,0.0,0.0
0.0,1.0000000000000022,0.0,0.0
0.0,1.0000000000000022,0.0,0.0
0.0,1.0000000000000022,0.0,0.0
0.0,1.0000000000000022,0.0,0.0
0.0,1.0000000000000022,0.0,0.0
0.0,1.0000000000000022,0.0,0.0
0.0,1.0000000000000022,0.0,0.0
0.0,1.0000000000000022,0.0,0.0
0.0,1.0000000000000022,0.0,0.0
0.0,1.0000000000000022,0.0,0.0
0.0,1.0000000000000022,0.0,0.0
0.0,1.0000000000000022,0.0,0.0
0.0,1.0000000000000022,0.0,0.0
0.0,1.0000000000000022,0.0,0.0
0.0,1.0000000000000022,0.0,0.0
0.0,1.0000000000000022,0.0,0.0
0.0,1.0000000000000022,0.0,0.0
0.0,1.0000000000000022,0.0,0.0
0.0,1.0000000000000022,0.0,0.0
0.0,1.0000000000000022,0.0,0.0
0.0,1.0000000000000022,0.0,0.0
0.0,1.0000000000000022,0.0,0.0
0.0,1.0000000000000022,0.0,0.0
0.0,1.0000000000000022,0.0,0.0
0.0,1.0000000000000022,0.0,0.0
0.0,1.0000000000000022,0.0,0.0
0.0,1.0000000000000022,0.0,0.0
0.0,1.0000000000000022,0.0,0.0
0.0,1.0000000000000022,0.0,0.0
0.0,1.0000000000000022,0.0,0.0
0.0,1.0000000000000022,0.0,0.0
0.0,1.0000000000000022,0.0,0.0
0.0,1.0000000000000022,0.0,0.0
0.0,1.0000000000000022,0.0,0.0
0.0,1.0000000000000022,0.0,0.0
0.0,1.0000000000000022,0.0,0.0
0.0,1.0000000000000022,0.0,0.0
0.0,1.0000000000000022,0.0,0.0
0.0,1.0000000000000022,0.0,0.0
0.0,1.0000000000000022,0.0,0.0
0.0,1.0000000000000022,0.0,0.0
0.0,1.0000000000000022,0.0,0.0
0.0,1.0000000000000022,0.0,0.0
0.0,1.0000000000000022,0.0,0.0
0.0,1.0000000000000022,0.0,0.0
0.0,1.0000000000000022,0.0,0.0
0.0,1.0000000000000022,0.0,0.0
0.0,1.0000000000000022,0.0,0.0
0.0,1.0000000000000022,0.0,0.0
0.0,1.0000000000000022,0.0,0.0
0.0,1.0000000000000022,0.0,0.0
0.0,1.0000000000000022,0.0,0.0
0.0,1.0000000000000022,0.0,0.0
0.0,1.0000000000000022,0.0,0.0
0.0,1.0000000000000022,0.0,0.0
0.0,1.0000000000000022,0.0,0.0
0.0,1.0000000000000022,0.0,0.0
0.0,1.0000000000000022,0.0,0.0
0.0,1.0000000000000022,0.0,0.0
0.0,1.0000000000000022,0.0,0.0
0.0,1.0000000000000022,0.0,0.0
0.0,1.0000000000000022,0.0,0.0
0.0,1.0000000000000022,0.0,0.0
0.0,1.0000000000000022,0.0,0.0
0.0,1.0000000000000022,0.0,0.0
0.0,1.0000000000000022,0.0,0.0
0.0,1.0000000000000022,0.0,0.0
0.0,1.0000000000000022,0.0,0.0
0.0,1.0000000000000022,0.0,0.0
0.0,1.0000000000000022,0.0,0.0
0.0,1.0000000000000022,0.0,0.0
0.0,1.0000000000000022,0.0,0.0
0.0,1.0000000000000022,0.0,0.0
0.0,1.0000000000000022,0.0,0.0
0.0,1.0000000000000022,0.0,0.0
0.0,1.0000000000000022,0.0,0.0
0.0,1.0000000000000022,0.0,0.0
0.0,1.0000000000000022,0.0,0.0
0.0,1.0000000000000022,0.0,0.0
0.0,1.0000000000000022,0.0,0.0
0.0,1.0000000000000022,0.0,0.0
0.0,1.0000000000000022,0.0,0.0
0.0,1.0000000000000022,0.0,0.0
0.0,1.0000000000000022,0.0,0.0
0.0,1.0000000000000022,0.0,0.0
0.0,1.0000000000000022,0.0,0.0
0.0,1.0000000000000022,0.0,0.0
0.0,1.0000000000000022,0.0,0.0
0.0,1.0000000000000022,0.0,0.0
0.0,1.0000000000000022,0.0,0.0
0.0,1.0000000000000022,0.0,0.0
0.0,1.0000000000000022,0.0,0.0
0.0,1.0000000000000022,0.0,0.0
0.0,1.0000000000000022,0.0,0.0
0.0,1.0000000000000022,0.0,0.0
0.0,1.0000000000000022,0.0,0.0
0.0,1.0000000000000022,0.0,0.0
0.0,1.0000000000000022,0.0,0.0
0.0,1.0000000000000022,0.0,0.0
0.0,1.0000000000000022,0.0,0.0
0.0,1.0000000000000022,0.0,0.0
0.0,1.0000000000000022,0.0,0.0
0.0,1.0000000000000022,0.0,0.0
0.0,1.0000000000000022,0.0,0.0
0.0,1.0000000000000022,0.0,0.0
0.0,1.0000000000000022,0.0,0.0
0.0,1.0000000000000022,0.0,0.0
0.0,1.0000000000000022,0.0,0.0
0.0,1.0000000000000022,0.0,0.0
0.0,1.0000000000000022,0.0,0.0
0.0,1.0000000000000022,0.0,0.0
0.0,1.0000000000000022,0.0,0.0
0.0,1.0000000000000022,0.0,0.0
0.0,1.0000000000000022,0.0,0.0
0.0,1.0000000000000022,0.0,0.0
0.0,1.0000000000000022,0.0,0.0
0.0,1.0000000000000022,0.0,0.0
0.0,1.0000000000000022,0.0,0.0
0.0,1.0000000000000022,0.0,0.0
0.0,1.0000000000000022,0.0,0.0
0.0,1.0000000000000022,0.0,0.0
0.0,1.0000000000000022,0.0,0.0
0.0,1.0000000000000022,0.0,0.0
0.0,1.0000000000000022,0.0,0.0
0.0,1.0000000000000022,0.0,0.0
0.0,1.0000000000000022,0.0,0.0
0.0,1.0000000000000022,0.0,0.0
0.0,1.0000000000000022,0.0,0.0
0.0,1.0000000000000022,0.0,0.0
0.0,1.0000000000000022,0.0,0.0
0.0,1.0000000000000022,0.0,0.0
0.0,1.0000000000000022,0.0,0.0
0.0,1.0000000000000022,0.0,0.0
0.0,1.0000000000000022,0.0,0.0
0.0,1.0000000000000022,0.0,0.0
0.0,1.0000000000000022,0.0,0.0
0.0,1.0000000000000022,0.0,0.0
0.0,1.0000000000000022,0.0,0.0
0.0,1.0000000000000022,0.0,0.0
0.0,1.0000000000000022,0.0,0.0
0.0,1.0000000000000022,0.0,0.0
0.0,1.0000000000000022,0.0,0.0
0.0,1.0000000000000022,0.0,0.0
0.0,1.0000000000000022,0.0,0.0
0.0,1.0000000000000022,0.0,0.0
0.0,1.0000000000000022,0.0,0.0
0.0,1.0000000000000022,0.0,0.0
0.0,1.0000000000000022,0.0,0.0
0.0,1.0000000000000022,0.0,0.0
0.0,1.0000000000000022,0.0,0.0
0.0,1.0000000000000022,0.0,0.0
0.0,1.0000000000000022,0.0,0.0
0.0,1.0000000000000022,0.0,0.0
0.0,1.0000000000000022,0.0,0.0
0.0,1.0000000000000022,0.0,0.0
0.0,1.0000000000000022,0.0,0.0
0.0,1.0000000000000022,0.0,0.0
0.0,1.0000000000000022,0.0,0.0
0.0,1.0000000000000022,0.0,0.0
0.0,1.0000000000000022,0.0,0.0
0.0,1.0000000000000022,0.0,0.0
0.0,1.0000000000000022,0.0,0.0
0.0,1.0000000000000022,0.0,0.0
0.0,1.0000000000000022,0.0,0.0
0.0,1.0000000000000022,0.0,0.0
0.0,1.0000000000000022,0.0,0.0
0.0,1.0000000000000022,0.0,0.0
0.0,1.0000000000000022,0.0,0.0
0.0,1.0000000000000022,0.0,0.0
0.0,1.0000000000000022,0.0,0.0
0.0,1.0000000000000022,0.0,0.0
0.0,1.0000000000000022,0.0,0.0
0.0,1.0000000000000022,0.0,0.0
0.0,1.0000000000000022,0.0,0.0
0.0,1.0000000000000022,0.0,0.0
0.0,1.0000000000000022,0.0,0.0
0.0,1.0000000000000022,0.0,0.0
0.0,1.0000000000000022,0.0,0.0
0.0,1.0000000000000022,0.0,0.0
0.0,1.0000000000000022,0.0,0.0
0.0,1.0000000000000022,0.0,0.0
0.0,1.0000000000000022,0.0,0.0
0.0,1.0000000000000022,0.0,0.0
0.0,1.0000000000000022,0.0,0.0
0.0,1.0000000000000022,0.0,0.0
0.0,1.0000000000000022,0.0,0.0
0.0,1.0000000000000022,0.0,0.0
0.0,1.0000000000000022,0.0,0.0
0.0,1.0000000000000022,0.0,0.0
0.0,1.0000000000000022,0.0,0.0
0.0,1.0000000000000022,0.0,0.0
0.0,1.0000000000000022,0.0,0.0
0.0,1.0000000000000022,0.0,0.0
0.0,1.0000000000000022,0.0,0.0
0.0,1.0000000000000022,0.0,0.0
0.0,1.0000000000000022,0.0,0.0
0.0,1.0000000000000022,0.0,0.0
0.0,1.0000000000000022,0.0,0.0
0.0,1.0000000000000022,0.0,0.0
0.0,1.0000000000000022,0.0,0.0
0.0,1.0000000000000022,0.0,0.0
0.0,1.0000000000000022,0.0,0.0
0.0,1.0000000000000022,0.0,0.0
0.0,1.0000000000000022,0.0,0.0
0.0,1.0000000000000022,0.0,0.0
0.0,1.0000000000000022,0.0,0.0
0.0,1.0000000000000022,0.0,0.0
0.0,1.0000000000000022,0.0,0.0
0.0,1.0000000000000022,0.0,0.0
0.0,1.0000000000000022,0.0,0.0
0.0,1.0000000000000022,0.0,0.0
0.0,1.0000000000000022,0.0,0.0
0.0,1.0000000000000022,0.0,0.0
0.0,1.0000000000000022,0.0,0.0
0.0,1.0000000000000022,0.0,0.0
0.0,1.0000000000000022,0.0,0.0
0.0,1.0000000000000022,0.0,0.0
0.0,1.0000000000000022,0.0,0.0
0.0,1.0000000000000022,0.0,0.0
0.0,1.0000000000000022,0.0,0.0
0.0,1.0000000000000022,0.0,0.0
0.0,1.0000000000000022,0.0,0.0
0.0,1.0000000000000022,0.0,0.0
0.0,1.0000000000000022,0.0,0.0
0.0,1.0000000000000022,0.0,0.0
0.0,1.0000000000000022,0.0,0.0
0.0,1.0000000000000022,0.0,0.0
0.0,1.0000000000000022,0.0,0.0
0.0,1.0000000000000022,0.0,0.0
0.0,1.0000000000000022,0.0,0.0
0.0,1.0000000000000022,0.0,0.0
0.0,1.0000000000000022,0.0,0.0
0.0,1.0000000000000022,0.0,0.0
0.0,1.0000000000000022,0.0,0.0
0.0,1.0000000000000022,0.0,0.0
0.0,1.0000000000000022,0.0,0.0
0.0,1.0000000000000022,0.0,0.0
0.0,1.0000000000000022,0.0,0.0
0.0,1.0000000000000022,0.0,0.0
0.0,1.0000000000000022,0.0,0.0
0.0,1.0000000000000022,0.0,0.0
0.0,1.0000000000000022,0.0,0.0
0.0,1.0000000000000022,0.0,0.0
0.0,1.0000000000000022,0.0,0.0
0.0,1.0000000000000022,0.0,0.0
0.0,1.0000000000000022,0.0,0.0
0.0,1.0000000000000022,0.0,0.0
0.0,1.0000000000000022,0.0,0.0
0.0,1.0000000000000022,0.0,0.0
0.0,1.0000000000000022,0.0,0.0
0.0,1.0000000000000022,0.0,0.0
0.0,1.0000000000000022,0.0,0.0
0.0,1.0000000000000022,0.0,0.0
0.0,1.0000000000000022,0.0,0.0
0.0,1.0000000000000022,0.0,0.0
0.0,1.0000000000000022,0.0,0.0
0.0,1.0000000000000022,0.0,0.0
0.0,1.0000000000000022,0.0,0.0
0.0,1.0000000000000022,0.0,0.0
0.0,1.0000000000000022,0.0,0.0
0.0,1.0000000000000022,0.0,0.0
0.0,1.0000000000000022,0.0,0.0
0.0,1.0000000000000022,0.0,0.0
0.0,1.0000000000000022,0.0,0.0
0.0,1.0000000000000022,0.0,0.0
0.0,1.0000000000000022,0.0,0.0
0.0,1.0000000000000022,0.0,0.0
0.0,1.0000000000000022,0.0,0.0
0.0,1.0000000000000022,0.0,0.0
0.0,1.0000000000000022,0.0,0.0
0.0,1.0000000000000022,0.0,0.0
0.0,1.0000000000000022,0.0,0.0
0.0,1.0000000000000022,0.0,0.0
0.0,1.0000000000000022,0.0,0.0
0.0,1.0000000000000022,0.0,0.0
0.0,1.0000000000000022,0.0,0.0
0.0,1.0000000000000022,0.0,0.0
0.0,1.0000000000000022,0.0,0.0
0.0,1.0000000000000022,0.0,0.0
0.0,1.0000000000000022,0.0,0.0
0.0,1.0000000000000022,0.0,0.0
0.0,1.0000000000000022,0.0,0.0
0.0,1.0000000000000022,0.0,0.0
0.0,1.0000000000000022,0.0,0.0
0.0,1.0000000000000022,0.0,0.0
0.0,1.0000000000000022,0.0,0.0
0.0,1.0000000000000022,0.0,0.0
0.0,1.0000000000000022,0.0,0.0
0.0,1.0000000000000022,0.0,0.0
0.0,1.0000000000000022,0.0,0.0
0.0,1.0000000000000022,0.0,0.0
0.0,1.0000000000000022,0.0,0.0
0.0,1.0000000000000022,0.0,0.0
0.0,1.0000000000000022,0.0,0.0
0.0,1.0000000000000022,0.0,0.0
0.0,1.0000000000000022,0.0,0.0
0.0,1.0000000000000022,0.0,0.0
0.0,1.0000000000000022,0.0,0.0
0.0,1.0000000000000022,0.0,0.0
0.0,1.0000000000000022,0.0,0.0
0.0,1.0000000000000022,0.0,0.0
0.0,1.0000000000000022,0.0,0.0
0.0,1.0000000000000022,0.0,0.0
0.0,1.0000000000000022,0.0,0.0
0.0,1.0000000000000022,0.0,0.0
0.0,1.0000000000000022,0.0,0.0
0.0,1.0000000000000022,0.0,0.0
0.0,1.0000000000000022,0.0,0.0
0.0,1.0000000000000022,0.0,0.0
0.0,1.0000000000000022,0.0,0.0
0.0,1.0000000000000022,0.0,0.0
0.0,1.0000000000000022,0.0,0.0
0.0,1.0000000000000022,0.0,0.0
0.0,1.0000000000000022,0.0,0.0
0.0,1.0000000000000022,0.0,0.0
0.0,1.0000000000000022,0.0,0.0
0.0,1.0000000000000022,0.0,0.0
0.0,1.0000000000000022,0.0,0.0
0.0,1.0000000000000022,0.0,0.0
0.0,1.0000000000000022,0.0,0.0
0.0,1.0000000000000022,0.0,0.0
0.0,1.0000000000000022,0.0,0.0
0.0,1.0000000000000022,0.0,0.0
0.0,1.0000000000000022,0.0,0.0
0.0,1.0000000000000022,0.0,0.0
0.0,1.0000000000000022,0.0,0.0
0.0,1.0000000000000022,0.0,0.0
0.0,1.0000000000000022,0.0,0.0
0.0,1.0000000000000022,0.0,0.0
0.0,1.0000000000000022,0.0,0.0
0.0,1.0000000000000022,0.0,0.0
0.0,1.0000000000000022,0.0,0.0
0.0,1.0000000000000022,0.0,0.0
0.0,1.0000000000000022,0.0,0.0
0.0,1.0000000000000022,0.0,0.0
0.0,1.0000000000000022,0.0,0.0
0.0,1.0000000000000022,0.0,0.0
0.0,1.0000000000000022,0.0,0.0
0.0,1.0000000000000022,0.0,0.0
0.0,1.0000000000000022,0.0,0.0
0.0,1.0000000000000022,0.0,0.0
0.0,1.0000000000000022,0.0,0.0
0.0,1.0000000000000022,0.0,0.0
0.0,1.0000000000000022,0.0,0.0
0.0,1.0000000000000022,0.0,0.0
0.0,1.0000000000000022,0.0,0.0
0.0,1.0000000000000022,0.0,0.0
0.0,1.0000000000000022,0.0,0.0
0.0,1.0000000000000022,0.0,0.0
0.0,1.0000000000000022,0.0,0.0
0.0,1.0000000000000022,0.0,0.0
0.0,1.0000000000000022,0.0,0.0
0.0,1.0000000000000022,0.0,0.0
0.0,1.0000000000000022,0.0,0.0
0.0,1.0000000000000022,0.0,0.0
0.0,1.0000000000000022,0.0,0.0
0.0,1.0000000000000022,0.0,0.0
0.0,1.0000000000000022,0.0,0.0
0.0,1.0000000000000022,0.0,0.0
0.0,1.0000000000000022,0.0,0.0
0.0,1.0000000000000022,0.0,0.0
0.0,1.0000000000000022,0.0,0.0
0.0,1.0000000000000022,0.0,0.0
0.0,1.0000000000000022,0.0,0.0
0.0,1.0000000000000022,0.0,0.0
0.0,1.0000000000000022,0.0,0.0
0.0,1.0000000000000022,0.0,0.0
0.0,1.0000000000000022,0.0,0.0
0.0,1.0000000000000022,0.0,0.0
0.0,1.0000000000000022,0.0,0.0
0.0,1.0000000000000022,0.0,0.0
0.0,1.0000000000000022,0.0,0.0
0.0,1.0000000000000022,0.0,0.0
0.0,1.0000000000000022,0.0,0.0
0.0,1.0000000000000022,0.0,0.0
0.0,1.0000000000000022,0.0,0.0
0.0,1.0000000000000022,0.0,0.0
0.0,1.0000000000000022,0.0,0.0
0.0,1.0000000000000022,0.0,0.0
0.0,1.0000000000000022,0.0,0.0
0.0,1.0000000000000022,0.0,0.0
0.0,1.0000000000000022,0.0,0.0
0.0,1.0000000000000022,0.0,0.0
0.0,1.0000000000000022,0.0,0.0
0.0,1.0000000000000022,0.0,0.0
0.0,1.0000000000000022,0.0,0.0
0.0,1.0000000000000022,0.0,0.0
0.0,1.0000000000000022,0.0,0.0
0.0,1.0000000000000022,0.0,0.0
0.0,1.0000000000000022,0.0,0.0
0.0,1.0000000000000022,0.0,0.0
0.0,1.0000000000000022,0.0,0.0
0.0,1.0000000000000022,0.0,0.0
0.0,1.0000000000000022,0.0,0.0
0.0,1.0000000000000022,0.0,0.0
0.0,1.0000000000000022,0.0,0.0
0.0,1.0000000000000022,0.0,0.0
0.0,1.0000000000000022,0.0,0.0
0.0,1.0000000000000022,0.0,0.0
0.0,1.0000000000000022,0.0,0.0
0.0,1.0000000000000022,0.0,0.0
0.0,1.0000000000000022,0.0,0.0
0.0,1.0000000000000022,0.0,0.0
0.0,1.0000000000000022,0.0,0.0
0.0,1.0000000000000022,0.0,0.0
0.0,1.0000000000000022,0.0,0.0
0.0,1.0000000000000022,0.0,0.0
0.0,1.0000000000000022,0.0,0.0
0.0,1.0000000000000022,0.0,0.0
0.0,1.0000000000000022,0.0,0.0
0.0,1.0000000000000022,0.0,0.0
0.0,1.0000000000000022,0.0,0.0
0.0,1.0000000000000022,0.0,0.0
0.0,1.0000000000000022,0.0,0.0
0.0,1.0000000000000022,0.0,0.0
0.0,1.0000000000000022,0.0,0.0
0.0,1.0000000000000022,0.0,0.0
0.0,1.0000000000000022,0.0,0.0
0.0,1.0000000000000022,0.0,0.0
0.0,1.0000000000000022,0.0,0.0
0.0,1.0000000000000022,0.0,0.0
0.0,1.0000000000000022,0.0,0.0
0.0,1.0000000000000022,0.0,0.0
0.0,1.0000000000000022,0.0,0.0
0.0,1.0000000000000022,0.0,0.0
0.0,1.0000000000000022,0.0,0.0
0.0,1.0000000000000022,0.0,0.0
0.0,1.0000000000000022,0.0,0.0
0.0,1.0000000000000022,0.0,0.0
0.0,1.0000000000000022,0.0,0.0
0.0,1.0000000000000022,0.0,0.0
0.0,1.0000000000000022,0.0,0.0
0.0,1.0000000000000022,0.0,0.0
0.0,1.0000000000000022,0.0,0.0
0.0,1.0000000000000022,0.0,0.0
0.0,1.0000000000000022,0.0,0.0
0.0,1.0000000000000022,0.0,0.0
0.0,1.0000000000000022,0.0,0.0
0.0,1.0000000000000022,0.0,0.0
0.0,1.0000000000000022,0.0,0.0
0.0,1.0000000000000022,0.0,0.0
0.0,1.0000000000000022,0.0,0.0
0.0,1.0000000000000022,0.0,0.0
0.0,1.0000000000000022,0.0,0.0
0.0,1.0000000000000022,0.0,0.0
0.0,1.0000000000000022,0.0,0.0
0.0,1.0000000000000022,0.0,0.0
0.0,1.0000000000000022,0.0,0.0
0.0,1.0000000000000022,0.0,0.0
0.0,1.0000000000000022,0.0,0.0
0.0,1.0000000000000022,0.0,0.0
0.0,1.0000000000000022,0.0,0.0
0.0,1.0000000000000022,0.0,0.0
0.0,1.0000000000000022,0.0,0.0
0.0,1.0000000000000022,0.0,0.0
0.0,1.0000000000000022,0.0,0.0
0.0,1.0000000000000022,0.0,0.0
0.0,1.0000000000000022,0.0,0.0
0.0,1.0000000000000022,0.0,0.0
0.0,1.0000000000000022,0.0,0.0
0.0,1.0000000000000022,0.0,0.0
0.0,1.0000000000000022,0.0,0.0
0.0,1.0000000000000022,0.0,0.0
0.0,1.0000000000000022,0.0,0.0
0.0,1.0000000000000022,0.0,0.0
0.0,1.0000000000000022,0.0,0.0
0.0,1.0000000000000022,0.0,0.0
0.0,1.0000000000000022,0.0,0.0
0.0,1.0000000000000022,0.0,0.0
0.0,1.0000000000000022,0.0,0.0
0.0,1.0000000000000022,0.0,0.0
0.0,1.0000000000000022,0.0,0.0
0.0,1.0000000000000022,0.0,0.0
0.0,1.0000000000000022,0.0,0.0
0.0,1.0000000000000022,0.0,0.0
0.0,1.0000000000000022,0.0,0.0
0.0,1.0000000000000022,0.0,0.0
0.0,1.0000000000000022,0.0,0.0
0.0,1.0000000000000022,0.0,0.0
0.0,1.0000000000000022,0.0,0.0
0.0,1.0000000000000022,0.0,0.0
0.0,1.0000000000000022,0.0,0.0
0.0,1.0000000000000022,0.0,0.0
0.0,1.0000000000000022,0.0,0.0
0.0,1.0000000000000022,0.0,0.0
0.0,1.0000000000000022,0.0,0.0
0.0,1.0000000000000022,0.0,0.0
0.0,1.0000000000000022,0.0,0.0
0.0,1.0000000000000022,0.0,0.0
0.0,1.0000000000000022,0.0,0.0
0.0,1.0000000000000022,0.0,0.0
0.0,1.0000000000000022,0.0,0.0
0.0,1.0000000000000022,0.0,0.0
0.0,1.0000000000000022,0.0,0.0
0.0,1.0000000000000022,0.0,0.0
0.0,1.0000000000000022,0.0,0.0
0.0,1.0000000000000022,0.0,0.0
0.0,1.0000000000000022,0.0,0.0
0.0,1.0000000000000022,0.0,0.0
0.0,1.0000000000000022,0.0,0.0
0.0,1.0000000000000022,0.0,0.0
0.0,1.0000000000000022,0.0,0.0
0.0,1.0000000000000022,0.0,0.0
0.0,1.0000000000000022,0.0,0.0
0.0,1.0000000000000022,0.0,0.0
0.0,1.0000000000000022,0.0,0.0
0.0,1.0000000000000022,0.0,0.0
0.0,1.0000000000000022,0.0,0.0
0.0,1.0000000000000022,0.0,0.0
0.0,1.0000000000000022,0.0,0.0
0.0,1.0000000000000022,0.0,0.0
0.0,1.0000000000000022,0.0,0.0
0.0,1.0000000000000022,0.0,0.0
0.0,1.0000000000000022,0.0,0.0
0.0,1.0000000000000022,0.0,0.0
0.0,1.0000000000000022,0.0,0.0
0.0,1.0000000000000022,0.0,0.0
0.0,1.0000000000000022,0.0,0.0
0.0,1.0000000000000022,0.0,0.0
0.0,1.0000000000000022,0.0,0.0
0.0,1.0000000000000022,0.0,0.0
0.0,1.0000000000000022,0.0,0.0
0.0,1.0000000000000022,0.0,0.0
0.0,1.0000000000000022,0.0,0.0
0.0,1.0000000000000022,0.0,0.0
0.0,1.0000000000000022,0.0,0.0
0.0,1.0000000000000022,0.0,0.0
0.0,1.0000000000000022,0.0,0.0
0.0,1.0000000000000022,0.0,0.0
0.0,1.0000000000000022,0.0,0.0
0.0,1.0000000000000022,0.0,0.0
0.0,1.0000000000000022,0.0,0.0
0.0,1.0000000000000022,0.0,0.0
0.0,1.0000000000000022,0.0,0.0
0.0,1.0000000000000022,0.0,0.0
0.0,1.0000000000000022,0.0,0.0
0.0,1.0000000000000022,0.0,0.0
0.0,1.0000000000000022,0.0,0.0
0.0,1.0000000000000022,0.0,0.0
0.0,1.0000000000000022,0.0,0.0
0.0,1.0000000000000022,0.0,0.0
0.0,1.0000000000000022,0.0,0.0
0.0,1.0000000000000022,0.0,0.0
0.0,1.0000000000000022,0.0,0.0
0.0,1.0000000000000022,0.0,0.0
0.0,1.0000000000000022,0.0,0.0
0.0,1.0000000000000022,0.0,0.0
0.0,1.0000000000000022,0.0,0.0
0.0,1.0000000000000022,0.0,0.0
0.0,1.0000000000000022,0.0,0.0
0.0,1.0000000000000022,0.0,0.0
0.0,1.0000000000000022,0.0,0.0
0.0,1.0000000000000022,0.0,0.0
0.0,1.0000000000000022,0.0,0.0
0.0,1.0000000000000022,0.0,0.0
0.0,1.0000000000000022,0.0,0.0
0.0,1.0000000000000022,0.0,0.0
0.0,1.0000000000000022,0.0,0.0
0.0,1.0000000000000022,0.0,0.0
0.0,1.0000000000000022,0.0,0.0
0.0,1.0000000000000022,0.0,0.0
0.0,1.0000000000000022,0.0,0.0
0.0,1.0000000000000022,0.0,0.0
0.0,1.0000000000000022,0.0,0.0
0.0,1.0000000000000022,0.0,0.0
0.0,1.0000000000000022,0.0,0.0
0.0,1.0000000000000022,0.0,0.0
0.0,1.0000000000000022,0.0,0.0
0.0,1.0000000000000022,0.0,0.0
0.0,1.0000000000000022,0.0,0.0
0.0,1.0000000000000022,0.0,0.0
0.0,1.0000000000000022,0.0,0.0
0.0,1.0000000000000022,0.0,0.0
0.0,1.0000000000000022,0.0,0.0
0.0,1.0000000000000022,0.0,0.0
0.0,1.0000000000000022,0.0,0.0
0.0,1.0000000000000022,0.0,0.0
0.0,1.0000000000000022,0.0,0.0
0.0,1.0000000000000022,0.0,0.0
0.0,1.0000000000000022,0.0,0.0
0.0,1.0000000000000022,0.0,0.0
0.0,1.0000000000000022,0.0,0.0
0.0,1.0000000000000022,0.0,0.0
0.0,1.0000000000000022,0.0,0.0
0.0,1.0000000000000022,0.0,0.0
0.0,1.0000000000000022,0.0,0.0
0.0,1.0000000000000022,0.0,0.0
0.0,1.0000000000000022,0.0,0.0
0.0,1.0000000000000022,0.0,0.0
0.0,1.0000000000000022,0.0,0.0
0.0,1.0000000000000022,0.0,0.0
0.0,1.0000000000000022,0.0,0.0
0.0,1.0000000000000022,0.0,0.0
0.0,1.0000000000000022,0.0,0.0
0.0,1.0000000000000022,0.0,0.0
0.0,1.0000000000000022,0.0,0.0
0.0,1.0000000000000022,0.0,0.0
0.0,1.0000000000000022,0.0,0.0
0.0,1.0000000000000022,0.0,0.0
0.0,1.0000000000000022,0.0,0.0
0.0,1.0000000000000022,0.0,0.0
0.0,1.0000000000000022,0.0,0.0
0.0,1.0000000000000022,0.0,0.0
0.0,1.0000000000000022,0.0,0.0
0.0,1.0000000000000022,0.0,0.0
0.0,1.0000000000000022,0.0,0.0
0.0,1.0000000000000022,0.0,0.0
0.0,1.0000000000000022,0.0,0.0
0.0,1.0000000000000022,0.0,0.0
0.0,1.0000000000000022,0.0,0.0
0.0,1.0000000000000022,0.0,0.0
0.0,1.0000000000000022,0.0,0.0
0.0,1.0000000000000022,0.0,0.0
0.0,1.0000000000000022,0.0,0.0
0.0,1.0000000000000022,0.0,0.0
0.0,1.0000000000000022,0.0,0.0
0.0,1.0000000000000022,0.0,0.0
0.0,1.0000000000000022,0.0,0.0
0.0,1.0000000000000022,0.0,0.0
0.0,1.0000000000000022,0.0,0.0
0.0,1.0000000000000022,0.0,0.0
0.0,1.0000000000000022,0.0,0.0
0.0,1.0000000000000022,0.0,0.0
0.0,1.0000000000000022,0.0,0.0
0.0,1.0000000000000022,0.0,0.0
0.0,1.0000000000000022,0.0,0.0
0.0,1.0000000000000022,0.0,0.0
0.0,1.0000000000000022,0.0,0.0
0.0,1.0000000000000022,0.0,0.0
0.0,1.0000000000000022,0.0,0.0
0.0,1.0000000000000022,0.0,0.0
0.0,1.0000000000000022,0.0,0.0
0.0,1.0000000000000022,0.0,0.0
0.0,1.0000000000000022,0.0,0.0
0.0,1.0000000000000022,0.0,0.0
0.0,1.0000000000000022,0.0,0.0
0.0,1.0000000000000022,0.0,0.0
0.0,1.0000000000000022,0.0,0.0
0.0,1.0000000000000022,0.0,0.0
0.0,1.0000000000000022,0.0,0.0
0.0,1.0000000000000022,0.0,0.0
0.0,1.0000000000000022,0.0,0.0
0.0,1.0000000000000022,0.0,0.0
0.0,1.0000000000000022,0.0,0.0
0.0,1.0000000000000022,0.0,0.0
0.0,1.0000000000000022,0.0,0.0
0.0,1.0000000000000022,0.0,0.0
0.0,1.0000000000000022,0.0,0.0
0.0,1.0000000000000022,0.0,0.0
0.0,1.0000000000000022,0.0,0.0
0.0,1.0000000000000022,0.0,0.0
0.0,1.0000000000000022,0.0,0.0
0.0,1.0000000000000022,0.0,0.0
0.0,1.0000000000000022,0.0,0.0
0.0,1.0000000000000022,0.0,0.0
0.0,1.0000000000000022,0.0,0.0
0.0,1.0000000000000022,0.0,0.0
0.0,1.0000000000000022,0.0,0.0
0.0,1.0000000000000022,0.0,0.0
0.0,1.0000000000000022,0.0,0.0
0.0,1.0000000000000022,0.0,0.0
0.0,1.0000000000000022,0.0,0.0
0.0,1.0000000000000022,0.0,0.0
0.0,1.0000000000000022,0.0,0.0
0.0,1.0000000000000022,0.0,0.0
0.0,1.0000000000000022,0.0,0.0
0.0,1.0000000000000022,0.0,0.0
0.0,1.0000000000000022,0.0,0.0
0.0,1.0000000000000022,0.0,0.0
0.0,1.0000000000000022,0.0,0.0
0.0,1.0000000000000022,0.0,0.0
0.0,1.0000000000000022,0.0,0.0
0.0,1.0000000000000022,0.0,0.0
0.0,1.0000000000000022,0.0,0.0
0.0,1.0000000000000022,0.0,0.0
0.0,1.0000000000000022,0.0,0.0
0.0,1.0000000000000022,0.0,0.0
0.0,1.0000000000000022,0.0,0.0
0.0,1.0000000000000022,0.0,0.0
0.0,1.0000000000000022,0.0,0.0
0.0,1.0000000000000022,0.0,0.0
0.0,1.0000000000000022,0.0,0.0
0.0,1.0000000000000022,0.0,0.0
0.0,1.0000000000000022,0.0,0.0
0.0,1.0000000000000022,0.0,0.0
0.0,1.0000000000000022,0.0,0.0
0.0,1.0000000000000022,0.0,0.0
0.0,1.0000000000000022,0.0,0.0
0.0,1.0000000000000022,0.0,0.0
0.0,1.0000000000000022,0.0,0.0
0.0,1.0000000000000022,0.0,0.0
0.0,1.0000000000000022,0.0,0.0
0.0,1.0000000000000022,0.0,0.0
0.0,1.0000000000000022,0.0,0.0
0.0,1.0000000000000022,0.0,0.0
0.0,1.0000000000000022,0.0,0.0
0.0,1.0000000000000022,0.0,0.0
0.0,1.0000000000000022,0.0,0.0
0.0,1.0000000000000022,0.0,0.0
0.0,1.0000000000000022,0.0,0.0
0.0,1.0000000000000022,0.0,0.0
0.0,1.0000000000000022,0.0,0.0
0.0,1.0000000000000022,0.0,0.0
0.0,1.0000000000000022,0.0,0.0
0.0,1.0000000000000022,0.0,0.0
0.0,1.0000000000000022,0.0,0.0
0.0,1.0000000000000022,0.0,0.0
0.0,1.0000000000000022,0.0,0.0
0.0,1.0000000000000022,0.0,0.0
0.0,1.0000000000000022,0.0,0.0
0.0,1.0000000000000022,0.0,0.0
0.0,1.0000000000000022,0.0,0.0
0.0,1.0000000000000022,0.0,0.0
0.0,1.0000000000000022,0.0,0.0
0.0,1.0000000000000022,0.0,0.0
0.0,1.0000000000000022,0.0,0.0
0.0,1.0000000000000022,0.0,0.0
0.0,1.0000000000000022,0.0,0.0
0.0,1.0000000000000022,0.0,0.0
0.0,1.0000000000000022,0.0,0.0
0.0,1.0000000000000022,0.0,0.0
0.0,1.0000000000000022,0.0,0.0
0.0,1.0000000000000022,0.0,0.0
0.0,1.0000000000000022,0.0,0.0
0.0,1.0000000000000022,0.0,0.0
0.0,1.0000000000000022,0.0,0.0
0.0,1.0000000000000022,0.0,0.0
0.0,1.0000000000000022,0.0,0.0
0.0,1.0000000000000022,0.0,0.0
0.0,1.0000000000000022,0.0,0.0
0.0,1.0000000000000022,0.0,0.0
0.0,1.0000000000000022,0.0,0.0
0.0,1.0000000000000022,0.0,0.0
0.0,1.0000000000000022,0.0,0.0
0.0,1.0000000000000022,0.0,0.0
0.0,1.0000000000000022,0.0,0.0
0.0,1.0000000000000022,0.0,0.0
0.0,1.0000000000000022,0.0,0.0
0.0,1.0000000000000022,0.0,0.0
0.0,1.0000000000000022,0.0,0.0
0.0,1.0000000000000022,0.0,0.0
0.0,1.0000000000000022,0.0,0.0
0.0,1.0000000000000022,0.0,0.0
0.0,1.0000000000000022,0.0,0.0
0.0,1.0000000000000022,0.0,0.0
0.0,1.0000000000000022,0.0,0.0
0.0,1.0000000000000022,0.0,0.0
0.0,1.0000000000000022,0.0,0.0
0.0,1.0000000000000022,0.0,0.0
0.0,1.0000000000000022,0.0,0.0
0.0,1.0000000000000022,0.0,0.0
0.0,1.0000000000000022,0.0,0.0
0.0,1.0000000000000022,0.0,0.0
0.0,1.0000000000000022,0.0,0.0
0.0,1.0000000000000022,0.0,0.0
0.0,1.0000000000000022,0.0,0.0
0.0,1.0000000000000022,0.0,0.0
0.0,1.0000000000000022,0.0,0.0
0.0,1.0000000000000022,0.0,0.0
0.0,1.0000000000000022,0.0,0.0
0.0,1.0000000000000022,0.0,0.0
0.0,1.0000000000000022,0.0,0.0
0.0,1.0000000000000022,0.0,0.0
0.0,1.0000000000000022,0.0,0.0
0.0,1.0000000000000022,0.0,0.0
0.0,1.0000000000000022,0.0,0.0
0.0,1.0000000000000022,0.0,0.0
0.0,1.0000000000000022,0.0,0.0
0.0,1.0000000000000022,0.0,0.0
0.0,1.0000000000000022,0.0,0.0
0.0,1.0000000000000022,0.0,0.0
0.0,1.0000000000000022,0.0,0.0
0.0,1.0000000000000022,0.0,0.0
0.0,1.0000000000000022,0.0,0.0
0.0,1.0000000000000022,0.0,0.0
0.0,1.0000000000000022,0.0,0.0
0.0,1.0000000000000022,0.0,0.0
0.0,1.0000000000000022,0.0,0.0
0.0,1.0000000000000022,0.0,0.0
0.0,1.0000000000000022,0.0,0.0
0.0,1.0000000000000022,0.0,0.0
0.0,1.0000000000000022,0.0,0.0
0.0,1.0000000000000022,0.0,0.0
0.0,1.0000000000000022,0.0,0.0
0.0,1.0000000000000022,0.0,0.0
0.0,1.0000000000000022,0.0,0.0
0.0,1.0000000000000022,0.0,0.0
0.0,1.0000000000000022,0.0,0.0
0.0,1.0000000000000022,0.0,0.0
0.0,1.0000000000000022,0.0,0.0
0.0,1.0000000000000022,0.0,0.0
0.0,1.0000000000000022,0.0,0.0
0.0,1.0000000000000022,0.0,0.0
0.0,1.0000000000000022,0.0,0.0
0.0,1.0000000000000022,0.0,0.0
0.0,1.0000000000000022,0.0,0.0
0.0,1.0000000000000022,0.0,0.0
0.0,1.0000000000000022,0.0,0.0
0.0,1.0000000000000022,0.0,0.0
0.0,1.0000000000000022,0.0,0.0
0.0,1.0000000000000022,0.0,0.0
0.0,1.0000000000000022,0.0,0.0
0.0,1.0000000000000022,0.0,0.0
0.0,1.0000000000000022,0.0,0.0
0.0,1.0000000000000022,0.0,0.0
0.0,1.0000000000000022,0.0,0.0
0.0,1.0000000000000022,0.0,0.0
0.0,1.0000000000000022,0.0,0.0
0.0,1.0000000000000022,0.0,0.0
0.0,1.0000000000000022,0.0,0.0
0.0,1.0000000000000022,0.0,0.0
0.0,1.0000000000000022,0.0,0.0
0.0,1.0000000000000022,0.0,0.0
0.0,1.0000000000000022,0.0,0.0
0.0,1.0000000000000022,0.0,0.0
0.0,1.0000000000000022,0.0,0.0
0.0,1.0000000000000022,0.0,0.0
0.0,1.0000000000000022,0.0,0.0
0.0,1.0000000000000022,0.0,0.0
0.0,1.0000000000000022,0.0,0.0
0.0,1.0000000000000022,0.0,0.0
0.0,1.0000000000000022,0.0,0.0
0.0,1.0000000000000022,0.0,0.0
0.0,1.0000000000000022,0.0,0.0
0.0,1.0000000000000022,0.0,0.0
0.0,1.0000000000000022,0.0,0.0
0.0,1.0000000000000022,0.0,0.0
0.0,1.0000000000000022,0.0,0.0
0.0,1.0000000000000022,0.0,0.0
0.0,1.0000000000000022,0.0,0.0
0.0,1.0000000000000022,0.0,0.0
0.0,1.0000000000000022,0.0,0.0
0.0,1.0000000000000022,0.0,0.0
0.0,1.0000000000000022,0.0,0.0
0.0,1.0000000000000022,0.0,0.0
0.0,1.0000000000000022,0.0,0.0
0.0,1.0000000000000022,0.0,0.0
0.0,1.0000000000000022,0.0,0.0
0.0,1.0000000000000022,0.0,0.0
0.0,1.0000000000000022,0.0,0.0
0.0,1.0000000000000022,0.0,0.0
0.0,1.0000000000000022,0.0,0.0
0.0,1.0000000000000022,0.0,0.0
0.0,1.0000000000000022,0.0,0.0
0.0,1.0000000000000022,0.0,0.0
0.0,1.0000000000000022,0.0,0.0
0.0,1.0000000000000022,0.0,0.0
0.0,1.0000000000000022,0.0,0.0
0.0,1.0000000000000022,0.0,0.0
0.0,1.0000000000000022,0.0,0.0
0.0,1.0000000000000022,0.0,0.0
0.0,1.0000000000000022,0.0,0.0
0.0,1.0000000000000022,0.0,0.0
0.0,1.0000000000000022,0.0,0.0
0.0,1.0000000000000022,0.0,0.0
0.0,1.0000000000000022,0.0,0.0
0.0,1.0000000000000022,0.0,0.0
0.0,1.0000000000000022,0.0,0.0
0.0,1.0000000000000022,0.0,0.0
0.0,1.0000000000000022,0.0,0.0
0.0,1.0000000000000022,0.0,0.0
0.0,1.0000000000000022,0.0,0.0
0.0,1.0000000000000022,0.0,0.0
0.0,1.0000000000000022,0.0,0.0
0.0,1.0000000000000022,0.0,0.0
0.0,1.0000000000000022,0.0,0.0
0.0,1.0000000000000022,0.0,0.0
0.0,1.0000000000000022,0.0,0.0
0.0,1.0000000000000022,0.0,0.0
0.0,1.0000000000000022,0.0,0.0
0.0,1.0000000000000022,0.0,0.0
0.0,1.0000000000000022,0.0,0.0
0.0,1.0000000000000022,0.0,0.0
0.0,1.0000000000000022,0.0,0.0
0.0,1.0000000000000022,0.0,0.0
0.0,1.0000000000000022,0.0,0.0
0.0,1.0000000000000022,0.0,0.0
0.0,1.0000000000000022,0.0,0.0
0.0,1.0000000000000022,0.0,0.0
0.0,1.0000000000000022,0.0,0.0
0.0,1.0000000000000022,0.0,0.0
0.0,1.0000000000000022,0.0,0.0
0.0,1.0000000000000022,0.0,0.0
0.0,1.0000000000000022,0.0,0.0
0.0,1.0000000000000022,0.0,0.0
0.0,1.0000000000000022,0.0,0.0
0.0,1.0000000000000022,0.0,0.0
0.0,1.0000000000000022,0.0,0.0
0.0,1.0000000000000022,0.0,0.0
0.0,1.0000000000000022,0.0,0.0
0.0,1.0000000000000022,0.0,0.0
0.0,1.0000000000000022,0.0,0.0
0.0,1.0000000000000022,0.0,0.0
0.0,1.0000000000000022,0.0,0.0
0.0,1.0000000000000022,0.0,0.0
0.0,1.0000000000000022,0.0,0.0
0.0,1.0000000000000022,0.0,0.0
0.0,1.0000000000000022,0.0,0.0
0.0,1.0000000000000022,0.0,0.0
0.0,1.0000000000000022,0.0,0.0
0.0,1.0000000000000022,0.0,0.0
0.0,1.0000000000000022,0.0,0.0
0.0,1.0000000000000022,0.0,0.0
0.0,1.0000000000000022,0.0,0.0
0.0,1.0000000000000022,0.0,0.0
0.0,1.0000000000000022,0.0,0.0
0.0,1.0000000000000022,0.0,0.0
0.0,1.0000000000000022,0.0,0.0
0.0,1.0000000000000022,0.0,0.0
0.0,1.0000000000000022,0.0,0.0
0.0,1.0000000000000022,0.0,0.0
0.0,1.0000000000000022,0.0,0.0
0.0,1.0000000000000022,0.0,0.0
0.0,1.0000000000000022,0.0,0.0
0.0,1.0000000000000022,0.0,0.0
0.0,1.0000000000000022,0.0,0.0
0.0,1.0000000000000022,0.0,0.0
0.0,1.0000000000000022,0.0,0.0
0.0,1.0000000000000022,0.0,0.0
0.0,1.0000000000000022,0.0,0.0
0.0,1.0000000000000022,0.0,0.0
0.0,1.0000000000000022,0.0,0.0
0.0,1.0000000000000022,0.0,0.0
0.0,1.0000000000000022,0.0,0.0
0.0,1.0000000000000022,0.0,0.0
0.0,1.0000000000000022,0.0,0.0
0.0,1.0000000000000022,0.0,0.0
0.0,1.0000000000000022,0.0,0.0
0.0,1.0000000000000022,0.0,0.0
0.0,1.0000000000000022,0.0,0.0
0.0,1.0000000000000022,0.0,0.0
0.0,1.0000000000000022,0.0,0.0
0.0,1.0000000000000022,0.0,0.0
0.0,1.0000000000000022,0.0,0.0
0.0,1.0000000000000022,0.0,0.0
0.0,1.0000000000000022,0.0,0.0
0.0,1.0000000000000022,0.0,0.0
0.0,1.0000000000000022,0.0,0.0
0.0,1.0000000000000022,0.0,0.0
0.0,1.0000000000000022,0.0,0.0
0.0,1.0000000000000022,0.0,0.0
0.0,1.0000000000000022,0.0,0.0
0.0,1.0000000000000022,0.0,0.0
0.0,1.0000000000000022,0.0,0.0
0.0,1.0000000000000022,0.0,0.0
0.0,1.0000000000000022,0.0,0.0
0.0,1.0000000000000022,0.0,0.0
0.0,1.0000000000000022,0.0,0.0
0.0,1.0000000000000022,0.0,0.0
0.0,1.0000000000000022,0.0,0.0
0.0,1.0000000000000022,0.0,0.0
0.0,1.0000000000000022,0.0,0.0
0.0,1.0000000000000022,0.0,0.0
0.0,1.0000000000000022,0.0,0.0
0.0,1.0000000000000022,0.0,0.0
0.0,1.0000000000000022,0.0,0.0
0.0,1.0000000000000022,0.0,0.0
0.0,1.0000000000000022,0.0,0.0
0.0,1.0000000000000022,0.0,0.0
0.0,1.0000000000000022,0.0,0.0
0.0,1.0000000000000022,0.0,0.0
0.0,1.0000000000000022,0.0,0.0
0.0,1.0000000000000022,0.0,0.0
0.0,1.0000000000000022,0.0,0.0
0.0,1.0000000000000022,0.0,0.0
0.0,1.0000000000000022,0.0,0.0
0.0,1.0000000000000022,0.0,0.0
0.0,1.0000000000000022,0.0,0.0
0.0,1.0000000000000022,0.0,0.0
0.0,1.0000000000000022,0.0,0.0
0.0,1.0000000000000022,0.0,0.0
0.0,1.0000000000000022,0.0,0.0
0.0,1.0000000000000022,0.0,0.0
0.0,1.0000000000000022,0.0,0.0
0.0,1.0000000000000022,0.0,0.0
0.0,1.0000000000000022,0.0,0.0
0.0,1.0000000000000022,0.0,0.0
0.0,1.0000000000000022,0.0,0.0
0.0,1.0000000000000022,0.0,0.0
0.0,1.0000000000000022,0.0,0.0
0.0,1.0000000000000022,0.0,0.0
0.0,1.0000000000000022,0.0,0.0
0.0,1.0000000000000022,0.0,0.0
0.0,1.0000000000000022,0.0,0.0
0.0,1.0000000000000022,0.0,0.0
0.0,1.0000000000000022,0.0,0.0
0.0,1.0000000000000022,0.0,0.0
0.0,1.0000000000000022,0.0,0.0
0.0,1.0000000000000022,0.0,0.0
0.0,1.0000000000000022,0.0,0.0
0.0,1.0000000000000022,0.0,0.0
0.0,1.0000000000000022,0.0,0.0
0.0,1.0000000000000022,0.0,0.0
0.0,1.0000000000000022,0.0,0.0
0.0,1.0000000000000022,0.0,0.0
0.0,1.0000000000000022,0.0,0.0
0.0,1.0000000000000022,0.0,0.0
0.0,1.0000000000000022,0.0,0.0
0.0,1.0000000000000022,0.0,0.0
0.0,1.0000000000000022,0.0,0.0
0.0,1.0000000000000022,0.0,0.0
0.0,1.0000000000000022,0.0,0.0
0.0,1.0000000000000022,0.0,0.0
0.0,1.0000000000000022,0.0,0.0
0.0,1.0000000000000022,0.0,0.0
0.0,1.0000000000000022,0.0,0.0
0.0,1.0000000000000022,0.0,0.0
0.0,1.0000000000000022,0.0,0.0
0.0,1.0000000000000022,0.0,0.0
0.0,1.0000000000000022,0.0,0.0
0.0,1.0000000000000022,0.0,0.0
0.0,1.0000000000000022,0.0,0.0
0.0,1.0000000000000022,0.0,0.0
0.0,1.0000000000000022,0.0,0.0
0.0,1.0000000000000022,0.0,0.0
0.0,1.0000000000000022,0.0,0.0
0.0,1.0000000000000022,0.0,0.0
0.0,1.0000000000000022,0.0,0.0
0.0,1.0000000000000022,0.0,0.0
0.0,1.0000000000000022,0.0,0.0
0.0,1.0000000000000022,0.0,0.0
0.0,1.0000000000000022,0.0,0.0
0.0,1.0000000000000022,0.0,0.0
0.0,1.0000000000000022,0.0,0.0
0.0,1.0000000000000022,0.0,0.0
0.0,1.0000000000000022,0.0,0.0
0.0,1.0000000000000022,0.0,0.0
0.0,1.0000000000000022,0.0,0.0
0.0,1.0000000000000022,0.0,0.0
0.0,1.0000000000000022,0.0,0.0
0.0,1.0000000000000022,0.0,0.0
0.0,1.0000000000000022,0.0,0.0
0.0,1.0000000000000022,0.0,0.0
0.0,1.0000000000000022,0.0,0.0
0.0,1.0000000000000022,0.0,0.0
0.0,1.0000000000000022,0.0,0.0
0.0,1.0000000000000022,0.0,0.0
0.0,1.0000000000000022,0.0,0.0
0.0,1.0000000000000022,0.0,0.0
0.0,1.0000000000000022,0.0,0.0
0.0,1.0000000000000022,0.0,0.0
0.0,1.0000000000000022,0.0,0.0
0.0,1.0000000000000022,0.0,0.0
0.0,1.0000000000000022,0.0,0.0
0.0,1.0000000000000022,0.0,0.0
0.0,1.0000000000000022,0.0,0.0
0.0,1.0000000000000022,0.0,0.0
0.0,1.0000000000000022,0.0,0.0
0.0,1.0000000000000022,0.0,0.0
0.0,1.0000000000000022,0.0,0.0
0.0,1.0000000000000022,0.0,0.0
0.0,1.0000000000000022,0.0,0.0
0.0,1.0000000000000022,0.0,0.0
0.0,1.0000000000000022,0.0,0.0
0.0,1.0000000000000022,0.0,0.0
0.0,1.0000000000000022,0.0,0.0
0.0,1.0000000000000022,0.0,0.0
0.0,1.0000000000000022,0.0,0.0
0.0,1.0000000000000022,0.0,0.0
0.0,1.0000000000000022,0.0,0.0
0.0,1.0000000000000022,0.0,0.0
0.0,1.0000000000000022,0.0,0.0
0.0,1.0000000000000022,0.0,0.0
0.0,1.0000000000000022,0.0,0.0
0.0,1.0000000000000022,0.0,0.0
0.0,1.0000000000000022,0.0,0.0
0.0,1.0000000000000022,0.0,0.0
0.0,1.0000000000000022,0.0,0.0
0.0,1.0000000000000022,0.0,0.0
0.0,1.0000000000000022,0.0,0.0
0.0,1.0000000000000022,0.0,0.0
0.0,1.0000000000000022,0.0,0.0
0.0,1.0000000000000022,0.0,0.0
0.0,1.0000000000000022,0.0,0.0
0.0,1.0000000000000022,0.0,0.0
0.0,1.0000000000000022,0.0,0.0
0.0,1.0000000000000022,0.0,0.0
0.0,1.0000000000000022,0.0,0.0
0.0,1.0000000000000022,0.0,0.0
0.0,1.0000000000000022,0.0,0.0
0.0,1.0000000000000022,0.0,0.0
0.0,1.0000000000000022,0.0,0.0
0.0,1.0000000000000022,0.0,0.0
0.0,1.0000000000000022,0.0,0.0
0.0,1.0000000000000022,0.0,0.0
0.0,1.0000000000000022,0.0,0.0
0.0,1.0000000000000022,0.0,0.0
0.0,1.0000000000000022,0.0,0.0
0.0,1.0000000000000022,0.0,0.0
0.0,1.0000000000000022,0.0,0.0
0.0,1.0000000000000022,0.0,0.0
0.0,1.0000000000000022,0.0,0.0
0.0,1.0000000000000022,0.0,0.0
0.0,1.0000000000000022,0.0,0.0
0.0,1.0000000000000022,0.0,0.0
0.0,1.0000000000000022,0.0,0.0
0.0,1.0000000000000022,0.0,0.0
0.0,1.0000000000000022,0.0,0.0
0.0,1.0000000000000022,0.0,0.0
0.0,1.0000000000000022,0.0,0.0
0.0,1.0000000000000022,0.0,0.0
0.0,1.0000000000000022,0.0,0.0
0.0,1.0000000000000022,0.0,0.0
0.0,1.0000000000000022,0.0,0.0
0.0,1.0000000000000022,0.0,0.0
0.0,1.0000000000000022,0.0,0.0
0.0,1.0000000000000022,0.0,0.0
0.0,1.0000000000000022,0.0,0.0
0.0,1.0000000000000022,0.0,0.0
0.0,1.0000000000000022,0.0,0.0
0.0,1.0000000000000022,0.0,0.0
0.0,1.0000000000000022,0.0,0.0
0.0,1.0000000000000022,0.0,0.0
0.0,1.0000000000000022,0.0,0.0
0.0,1.0000000000000022,0.0,0.0
0.0,1.0000000000000022,0.0,0.0
0.0,1.0000000000000022,0.0,0.0
0.0,1.0000000000000022,0.0,0.0
0.0,1.0000000000000022,0.0,0.0
0.0,1.0000000000000022,0.0,0.0
0.0,1.0000000000000022,0.0,0.0
0.0,1.0000000000000022,0.0,0.0
0.0,1.0000000000000022,0.0,0.0
0.0,1.0000000000000022,0.0,0.0
0.0,1.0000000000000022,0.0,0.0
0.0,1.0000000000000022,0.0,0.0
0.0,1.0000000000000022,0.0,0.0
0.0,1.0000000000000022,0.0,0.0
0.0,1.0000000000000022,0.0,0.0
0.0,1.0000000000000022,0.0,0.0
0.0,1.0000000000000022,0.0,0.0
0.0,1.0000000000000022,0.0,0.0
0.0,1.0000000000000022,0.0,0.0
0.0,1.0000000000000022,0.0,0.0
0.0,1.0000000000000022,0.0,0.0
0.0,1.0000000000000022,0.0,0.0
0.0,1.0000000000000022,0.0,0.0
0.0,1.0000000000000022,0.0,0.0
0.0,1.0000000000000022,0.0,0.0
0.0,1.0000000000000022,0.0,0.0
0.0,1.0000000000000022,0.0,0.0
0.0,1.0000000000000022,0.0,0.0
0.0,1.0000000000000022,0.0,0.0
0.0,1.0000000000000022,0.0,0.0
0.0,1.0000000000000022,0.0,0.0
0.0,1.0000000000000022,0.0,0.0
0.0,1.0000000000000022,0.0,0.0
0.0,1.0000000000000022,0.0,0.0
0.0,1.0000000000000022,0.0,0.0
0.0,1.0000000000000022,0.0,0.0
0.0,1.0000000000000022,0.0,0.0
0.0,1.0000000000000022,0.0,0.0
0.0,1.0000000000000022,0.0,0.0
0.0,1.0000000000000022,0.0,0.0
0.0,1.0000000000000022,0.0,0.0
0.0,1.0000000000000022,0.0,0.0
0.0,1.0000000000000022,0.0,0.0
0.0,1.0000000000000022,0.0,0.0
0.0,1.0000000000000022,0.0,0.0
0.0,1.0000000000000022,0.0,0.0
0.0,1.0000000000000022,0.0,0.0
0.0,1.0000000000000022,0.0,0.0
0.0,1.0000000000000022,0.0,0.0
0.0,1.0000000000000022,0.0,0.0
0.0,1.0000000000000022,0.0,0.0
0.0,1.0000000000000022,0.0,0.0
0.0,1.0000000000000022,0.0,0.0
0.0,1.0000000000000022,0.0,0.0
0.0,1.0000000000000022,0.0,0.0
0.0,1.0000000000000022,0.0,0.0
0.0,1.0000000000000022,0.0,0.0
0.0,1.0000000000000022,0.0,0.0
0.0,1.0000000000000022,0.0,0.0
0.0,1.0000000000000022,0.0,0.0
0.0,1.0000000000000022,0.0,0.0
0.0,1.0000000000000022,0.0,0.0
0.0,1.0000000000000022,0.0,0.0
0.0,1.0000000000000022,0.0,0.0
0.0,1.0000000000000022,0.0,0.0
0.0,1.0000000000000022,0.0,0.0
0.0,1.0000000000000022,0.0,0.0
0.0,1.0000000000000022,0.0,0.0
0.0,1.0000000000000022,0.0,0.0
0.0,1.0000000000000022,0.0,0.0
0.0,1.0000000000000022,0.0,0.0
0.0,1.0000000000000022,0.0,0.0
0.0,1.0000000000000022,0.0,0.0
0.0,1.0000000000000022,0.0,0.0
0.0,1.0000000000000022,0.0,0.0
0.0,1.0000000000000022,0.0,0.0
0.0,1.0000000000000022,0.0,0.0
0.0,1.0000000000000022,0.0,0.0
0.0,1.0000000000000022,0.0,0.0
0.0,1.0000000000000022,0.0,0.0
0.0,1.0000000000000022,0.0,0.0
0.0,1.0000000000000022,0.0,0.0
0.0,1.0000000000000022,0.0,0.0
0.0,1.0000000000000022,0.0,0.0
0.0,1.0000000000000022,0.0,0.0
0.0,1.0000000000000022,0.0,0.0
0.0,1.0000000000000022,0.0,0.0
0.0,1.0000000000000022,0.0,0.0
0.0,1.0000000000000022,0.0,0.0
0.0,1.0000000000000022,0.0,0.0
0.0,1.0000000000000022,0.0,0.0
0.0,1.0000000000000022,0.0,0.0
0.0,1.0000000000000022,0.0,0.0
0.0,1.0000000000000022,0.0,0.0
0.0,1.0000000000000022,0.0,0.0
0.0,1.0000000000000022,0.0,0.0
0.0,1.0000000000000022,0.0,0.0
0.0,1.0000000000000022,0.0,0.0
0.0,1.0000000000000022,0.0,0.0
0.0,1.0000000000000022,0.0,0.0
0.0,1.0000000000000022,0.0,0.0
0.0,1.0000000000000022,0.0,0.0
0.0,1.0000000000000022,0.0,0.0
0.0,1.0000000000000022,0.0,0.0
0.0,1.0000000000000022,0.0,0.0
0.0,1.0000000000000022,0.0,0.0
0.0,1.0000000000000022,0.0,0.0
0.0,1.0000000000000022,0.0,0.0
0.0,1.0000000000000022,0.0,0.0
0.0,1.0000000000000022,0.0,0.0
0.0,1.0000000000000022,0.0,0.0
0.0,1.0000000000000022,0.0,0.0
0.0,1.0000000000000022,0.0,0.0
0.0,1.0000000000000022,0.0,0.0
0.0,1.0000000000000022,0.0,0.0
0.0,1.0000000000000022,0.0,0.0
0.0,1.0000000000000022,0.0,0.0
0.0,1.0000000000000022,0.0,0.0
0.0,1.0000000000000022,0.0,0.0
0.0,1.0000000000000022,0.0,0.0
0.0,1.0000000000000022,0.0,0.0
0.0,1.0000000000000022,0.0,0.0
0.0,1.0000000000000022,0.0,0.0
0.0,1.0000000000000022,0.0,0.0
0.0,1.0000000000000022,0.0,0.0
0.0,1.0000000000000022,0.0,0.0
0.0,1.0000000000000022,0.0,0.0
0.0,1.0000000000000022,0.0,0.0
0.0,1.0000000000000022,0.0,0.0
0.0,1.0000000000000022,0.0,0.0
0.0,1.0000000000000022,0.0,0.0
0.0,1.0000000000000022,0.0,0.0
0.0,1.0000000000000022,0.0,0.0
0.0,1.0000000000000022,0.0,0.0
0.0,1.0000000000000022,0.0,0.0
0.0,1.0000000000000022,0.0,0.0
0.0,1.0000000000000022,0.0,0.0
0.0,1.0000000000000022,0.0,0.0
0.0,1.0000000000000022,0.0,0.0
0.0,1.0000000000000022,0.0,0.0
0.0,1.0000000000000022,0.0,0.0
0.0,1.0000000000000022,0.0,0.0
0.0,1.0000000000000022,0.0,0.0
0.0,1.0000000000000022,0.0,0.0
0.0,1.0000000000000022,0.0,0.0
0.0,1.0000000000000022,0.0,0.0
0.0,1.0000000000000022,0.0,0.0
0.0,1.0000000000000022,0.0,0.0
0.0,1.0000000000000022,0.0,0.0
0.0,1.0000000000000022,0.0,0.0
0.0,1.0000000000000022,0.0,0.0
0.0,1.0000000000000022,0.0,0.0
0.0,1.0000000000000022,0.0,0.0
0.0,1.0000000000000022,0.0,0.0
0.0,1.0000000000000022,0.0,0.0
0.0,1.0000000000000022,0.0,0.0
0.0,1.0000000000000022,0.0,0.0
0.0,1.0000000000000022,0.0,0.0
0.0,1.0000000000000022,0.0,0.0
0.0,1.0000000000000022,0.0,0.0
0.0,1.0000000000000022,0.0,0.0
0.0,1.0000000000000022,0.0,0.0
0.0,1.0000000000000022,0.0,0.0
0.0,1.0000000000000022,0.0,0.0
0.0,1.0000000000000022,0.0,0.0
0.0,1.0000000000000022,0.0,0.0
0.0,1.0000000000000022,0.0,0.0
0.0,1.0000000000000022,0.0,0.0
0.0,1.0000000000000022,0.0,0.0
0.0,1.0000000000000022,0.0,0.0
0.0,1.0000000000000022,0.0,0.0
0.0,1.0000000000000022,0.0,0.0
0.0,1.0000000000000022,0.0,0.0
0.0,1.0000000000000022,0.0,0.0
0.0,1.0000000000000022,0.0,0.0
0.0,1.0000000000000022,0.0,0.0
0.0,1.0000000000000022,0.0,0.0
0.0,1.0000000000000022,0.0,0.0
0.0,1.0000000000000022,0.0,0.0
0.0,1.0000000000000022,0.0,0.0
0.0,1.0000000000000022,0.0,0.0
0.0,1.0000000000000022,0.0,0.0
0.0,1.0000000000000022,0.0,0.0
0.0,1.0000000000000022,0.0,0.0
0.0,1.0000000000000022,0.0,0.0
0.0,1.0000000000000022,0.0,0.0
0.0,1.0000000000000022,0.0,0.0
0.0,1.0000000000000022,0.0,0.0
0.0,1.0000000000000022,0.0,0.0
0.0,1.0000000000000022,0.0,0.0
0.0,1.0000000000000022,0.0,0.0
0.0,1.0000000000000022,0.0,0.0
0.0,1.0000000000000022,0.0,0.0
0.0,1.0000000000000022,0.0,0.0
0.0,1.0000000000000022,0.0,0.0
0.0,1.0000000000000022,0.0,0.0
0.0,1.0000000000000022,0.0,0.0
0.0,1.0000000000000022,0.0,0.0
0.0,1.0000000000000022,0.0,0.0
0.0,1.0000000000000022,0.0,0.0
0.0,1.0000000000000022,0.0,0.0
0.0,1.0000000000000022,0.0,0.0
0.0,1.0000000000000022,0.0,0.0
0.0,1.0000000000000022,0.0,0.0
0.0,1.0000000000000022,0.0,0.0
0.0,1.0000000000000022,0.0,0.0
0.0,1.0000000000000022,0.0,0.0
0.0,1.0000000000000022,0.0,0.0
0.0,1.0000000000000022,0.0,0.0
0.0,1.0000000000000022,0.0,0.0
0.0,1.0000000000000022,0.0,0.0
0.0,1.0000000000000022,0.0,0.0
0.0,1.0000000000000022,0.0,0.0
0.0,1.0000000000000022,0.0,0.0
0.0,1.0000000000000022,0.0,0.0
0.0,1.0000000000000022,0.0,0.0
0.0,1.0000000000000022,0.0,0.0
0.0,1.0000000000000022,0.0,0.0
0.0,1.0000000000000022,0.0,0.0
0.0,1.0000000000000022,0.0,0.0
0.0,1.0000000000000022,0.0,0.0
0.0,1.0000000000000022,0.0,0.0
0.0,1.0000000000000022,0.0,0.0
0.0,1.0000000000000022,0.0,0.0
0.0,1.0000000000000022,0.0,0.0
0.0,1.0000000000000022,0.0,0.0
0.0,1.0000000000000022,0.0,0.0
0.0,1.0000000000000022,0.0,0.0
0.0,1.0000000000000022,0.0,0.0
0.0,1.0000000000000022,0.0,0.0
0.0,1.0000000000000022,0.0,0.0
0.0,1.0000000000000022,0.0,0.0
0.0,1.0000000000000022,0.0,0.0
0.0,1.0000000000000022,0.0,0.0
0.0,1.0000000000000022,0.0,0.0
0.0,1.0000000000000022,0.0,0.0
0.0,1.0000000000000022,0.0,0.0
0.0,1.0000000000000022,0.0,0.0
0.0,1.0000000000000022,0.0,0.0
0.0,1.0000000000000022,0.0,0.0
0.0,1.0000000000000022,0.0,0.0
0.0,1.0000000000000022,0.0,0.0
0.0,1.0000000000000022,0.0,0.0
0.0,1.0000000000000022,0.0,0.0
0.0,1.0000000000000022,0.0,0.0
0.0,1.0000000000000022,0.0,0.0
0.0,1.0000000000000022,0.0,0.0
0.0,1.0000000000000022,0.0,0.0
0.0,1.0000000000000022,0.0,0.0
0.0,1.0000000000000022,0.0,0.0
0.0,1.0000000000000022,0.0,0.0
0.0,1.0000000000000022,0.0,0.0
0.0,1.0000000000000022,0.0,0.0
0.0,1.0000000000000022,0.0,0.0
0.0,1.0000000000000022,0.0,0.0
0.0,1.0000000000000022,0.0,0.0
0.0,1.0000000000000022,0.0,0.0
0.0,1.0000000000000022,0.0,0.0
0.0,1.0000000000000022,0.0,0.0
0.0,1.0000000000000022,0.0,0.0
0.0,1.0000000000000022,0.0,0.0
0.0,1.0000000000000022,0.0,0.0
0.0,1.0000000000000022,0.0,0.0
0.0,1.0000000000000022,0.0,0.0
0.0,1.0000000000000022,0.0,0.0
0.0,1.0000000000000022,0.0,0.0
0.0,1.0000000000000022,0.0,0.0
0.0,1.0000000000000022,0.0,0.0
0.0,1.0000000000000022,0.0,0.0
0.0,1.0000000000000022,0.0,0.0
0.0,1.0000000000000022,0.0,0.0
0.0,1.0000000000000022,0.0,0.0
0.0,1.0000000000000022,0.0,0.0
0.0,1.0000000000000022,0.0,0.0
0.0,1.0000000000000022,0.0,0.0
0.0,1.0000000000000022,0.0,0.0
0.0,1.0000000000000022,0.0,0.0
0.0,1.0000000000000022,0.0,0.0
0.0,1.0000000000000022,0.0,0.0
0.0,1.0000000000000022,0.0,0.0
0.0,1.0000000000000022,0.0,0.0
0.0,1.0000000000000022,0.0,0.0
0.0,1.0000000000000022,0.0,0.0
0.0,1.0000000000000022,0.0,0.0
0.0,1.0000000000000022,0.0,0.0
0.0,1.0000000000000022,0.0,0.0
0.0,1.0000000000000022,0.0,0.0
0.0,1.0000000000000022,0.0,0.0
0.0,1.0000000000000022,0.0,0.0
0.0,1.0000000000000022,0.0,0.0
0.0,1.0000000000000022,0.0,0.0
0.0,1.0000000000000022,0.0,0.0
0.0,1.0000000000000022,0.0,0.0
0.0,1.0000000000000022,0.0,0.0
0.0,1.0000000000000022,0.0,0.0
0.0,1.0000000000000022,0.0,0.0
0.0,1.0000000000000022,0.0,0.0
0.0,1.0000000000000022,0.0,0.0
0.0,1.0000000000000022,0.0,0.0
0.0,1.0000000000000022,0.0,0.0
0.0,1.0000000000000022,0.0,0.0
0.0,1.0000000000000022,0.0,0.0
0.0,1.0000000000000022,0.0,0.0
0.0,1.0000000000000022,0.0,0.0
0.0,1.0000000000000022,0.0,0.0
0.0,1.0000000000000022,0.0,0.0
0.0,1.0000000000000022,0.0,0.0
0.0,1.0000000000000022,0.0,0.0
0.0,1.0000000000000022,0.0,0.0
0.0,1.0000000000000022,0.0,0.0
0.0,1.0000000000000022,0.0,0.0
0.0,1.0000000000000022,0.0,0.0
0.0,1.0000000000000022,0.0,0.0
0.0,1.0000000000000022,0.0,0.0
0.0,1.0000000000000022,0.0,0.0
0.0,1.0000000000000022,0.0,0.0
0.0,1.0000000000000022,0.0,0.0
0.0,1.0000000000000022,0.0,0.0
0.0,1.0000000000000022,0.0,0.0
0.0,1.0000000000000022,0.0,0.0
0.0,1.0000000000000022,0.0,0.0
0.0,1.0000000000000022,0.0,0.0
0.0,1.0000000000000022,0.0,0.0
0.0,1.0000000000000022,0.0,0.0
0.0,1.0000000000000022,0.0,0.0
0.0,1.0000000000000022,0.0,0.0
0.0,1.0000000000000022,0.0,0.0
0.0,1.0000000000000022,0.0,0.0
0.0,1.0000000000000022,0.0,0.0
0.0,1.0000000000000022,0.0,0.0
0.0,1.0000000000000022,0.0,0.0
0.0,1.0000000000000022,0.0,0.0
0.0,1.0000000000000022,0.0,0.0
0.0,1.0000000000000022,0.0,0.0
0.0,1.0000000000000022,0.0,0.0
0.0,1.0000000000000022,0.0,0.0
0.0,1.0000000000000022,0.0,0.0
0.0,1.0000000000000022,0.0,0.0
0.0,1.0000000000000022,0.0,0.0
0.0,1.0000000000000022,0.0,0.0
0.0,1.0000000000000022,0.0,0.0
0.0,1.0000000000000022,0.0,0.0
0.0,1.0000000000000022,0.0,0.0
0.0,1.0000000000000022,0.0,0.0
0.0,1.0000000000000022,0.0,0.0
0.0,1.0000000000000022,0.0,0.0
0.0,1.0000000000000022,0.0,0.0
0.0,1.0000000000000022,0.0,0.0
0.0,1.0000000000000022,0.0,0.0
0.0,1.0000000000000022,0.0,0.0
0.0,1.0000000000000022,0.0,0.0
0.0,1.0000000000000022,0.0,0.0
0.0,1.0000000000000022,0.0,0.0
0.0,1.0000000000000022,0.0,0.0
0.0,1.0000000000000022,0.0,0.0
0.0,1.0000000000000022,0.0,0.0
0.0,1.0000000000000022,0.0,0.0
0.0,1.0000000000000022,0.0,0.0
0.0,1.0000000000000022,0.0,0.0
0.0,1.0000000000000022,0.0,0.0
0.0,1.0000000000000022,0.0,0.0
0.0,1.0000000000000022,0.0,0.0
0.0,1.0000000000000022,0.0,0.0
0.0,1.0000000000000022,0.0,0.0
0.0,1.0000000000000022,0.0,0.0
0.0,1.0000000000000022,0.0,0.0
0.0,1.0000000000000022,0.0,0.0
0.0,1.0000000000000022,0.0,0.0
0.0,1.0000000000000022,0.0,0.0
0.0,1.0000000000000022,0.0,0.0
0.0,1.0000000000000022,0.0,0.0
0.0,1.0000000000000022,0.0,0.0
0.0,1.0000000000000022,0.0,0.0
0.0,1.0000000000000022,0.0,0.0
0.0,1.0000000000000022,0.0,0.0
0.0,1.0000000000000022,0.0,0.0
0.0,1.0000000000000022,0.0,0.0
0.0,1.0000000000000022,0.0,0.0
0.0,1.0000000000000022,0.0,0.0
0.0,1.0000000000000022,0.0,0.0
0.0,1.0000000000000022,0.0,0.0
0.0,1.0000000000000022,0.0,0.0
0.0,1.0000000000000022,0.0,0.0
0.0,1.0000000000000022,0.0,0.0
0.0,1.0000000000000022,0.0,0.0
0.0,1.0000000000000022,0.0,0.0
0.0,1.0000000000000022,0.0,0.0
0.0,1.0000000000000022,0.0,0.0
0.0,1.0000000000000022,0.0,0.0
0.0,1.0000000000000022,0.0,0.0
0.0,1.0000000000000022,0.0,0.0
0.0,1.0000000000000022,0.0,0.0
0.0,1.0000000000000022,0.0,0.0
0.0,1.0000000000000022,0.0,0.0
0.0,1.0000000000000022,0.0,0.0
0.0,1.0000000000000022,0.0,0.0
0.0,1.0000000000000022,0.0,0.0
0.0,1.0000000000000022,0.0,0.0
0.0,1.0000000000000022,0.0,0.0
0.0,1.0000000000000022,0.0,0.0
0.0,1.0000000000000022,0.0,0.0
0.0,1.0000000000000022,0.0,0.0
0.0,1.0000000000000022,0.0,0.0
0.0,1.0000000000000022,0.0,0.0
0.0,1.0000000000000022,0.0,0.0
0.0,1.0000000000000022,0.0,0.0
0.0,1.0000000000000022,0.0,0.0
0.0,1.0000000000000022,0.0,0.0
0.0,1.0000000000000022,0.0,0.0
0.0,1.0000000000000022,0.0,0.0
0.0,1.0000000000000022,0.0,0.0
0.0,1.0000000000000022,0.0,0.0
0.0,1.0000000000000022,0.0,0.0
0.0,1.0000000000000022,0.0,0.0
0.0,1.0000000000000022,0.0,0.0
0.0,1.0000000000000022,0.0,0.0
0.0,1.0000000000000022,0.0,0.0
0.0,1.0000000000000022,0.0,0.0
0.0,1.0000000000000022,0.0,0.0
0.0,1.0000000000000022,0.0,0.0
0.0,1.0000000000000022,0.0,0.0
0.0,1.0000000000000022,0.0,0.0
0.0,1.0000000000000022,0.0,0.0
0.0,1.0000000000000022,0.0,0.0
0.0,1.0000000000000022,0.0,0.0
0.0,1.0000000000000022,0.0,0.0
0.0,1.0000000000000022,0.0,0.0
0.0,1.0000000000000022,0.0,0.0
0.0,1.0000000000000022,0.0,0.0
0.0,1.0000000000000022,0.0,0.0
0.0,1.0000000000000022,0.0,0.0
0.0,1.0000000000000022,0.0,0.0
0.0,1.0000000000000022,0.0,0.0
0.0,1.0000000000000022,0.0,0.0
0.0,1.0000000000000022,0.0,0.0
0.0,1.0000000000000022,0.0,0.0
0.0,1.0000000000000022,0.0,0.0
0.0,1.0000000000000022,0.0,0.0
0.0,1.0000000000000022,0.0,0.0
0.0,1.0000000000000022,0.0,0.0
0.0,1.0000000000000022,0.0,0.0
0.0,1.0000000000000022,0.0,0.0
0.0,1.0000000000000022,0.0,0.0
0.0,1.0000000000000022,0.0,0.0
0.0,1.0000000000000022,0.0,0.0
0.0,1.0000000000000022,0.0,0.0
0.0,1.0000000000000022,0.0,0.0
0.0,1.0000000000000022,0.0,0.0
0.0,1.0000000000000022,0.0,0.0
0.0,1.0000000000000022,0.0,0.0
0.0,1.0000000000000022,0.0,0.0
0.0,1.0000000000000022,0.0,0.0
0.0,1.0000000000000022,0.0,0.0
0.0,1.0000000000000022,0.0,0.0
0.0,1.0000000000000022,0.0,0.0
0.0,1.0000000000000022,0.0,0.0
0.0,1.0000000000000022,0.0,0.0
0.0,1.0000000000000022,0.0,0.0
0.0,1.0000000000000022,0.0,0.0
0.0,1.0000000000000022,0.0,0.0
0.0,1.0000000000000022,0.0,0.0
0.0,1.0000000000000022,0.0,0.0
0.0,1.0000000000000022,0.0,0.0
0.0,1.0000000000000022,0.0,0.0
0.0,1.0000000000000022,0.0,0.0
0.0,1.0000000000000022,0.0,0.0
0.0,1.0000000000000022,0.0,0.0
0.0,1.0000000000000022,0.0,0.0
0.0,1.0000000000000022,0.0,0.0
0.0,1.0000000000000022,0.0,0.0
0.0,1.0000000000000022,0.0,0.0
0.0,1.0000000000000022,0.0,0.0
0.0,1.0000000000000022,0.0,0.0
0.0,1.0000000000000022,0.0,0.0
0.0,1.0000000000000022,0.0,0.0
0.0,1.0000000000000022,0.0,0.0
0.0,1.0000000000000022,0.0,0.0
0.0,1.0000000000000022,0.0,0.0
0.0,1.0000000000000022,0.0,0.0
0.0,1.0000000000000022,0.0,0.0
0.0,1.0000000000000022,0.0,0.0
0.0,1.0000000000000022,0.0,0.0
0.0,1.0000000000000022,0.0,0.0
0.0,1.0000000000000022,0.0,0.0
0.0,1.0000000000000022,0.0,0.0
0.0,1.0000000000000022,0.0,0.0
0.0,1.0000000000000022,0.0,0.0
0.0,1.0000000000000022,0.0,0.0
0.0,1.0000000000000022,0.0,0.0
0.0,1.0000000000000022,0.0,0.0
0.0,1.0000000000000022,0.0,0.0
0.0,1.0000000000000022,0.0,0.0
0.0,1.0000000000000022,0.0,0.0
0.0,1.0000000000000022,0.0,0.0
0.0,1.0000000000000022,0.0,0.0
0.0,1.0000000000000022,0.0,0.0
0.0,1.0000000000000022,0.0,0.0
0.0,1.0000000000000022,0.0,0.0
0.0,1.0000000000000022,0.0,0.0
0.0,1.0000000000000022,0.0,0.0
0.0,1.0000000000000022,0.0,0.0
0.0,1.0000000000000022,0.0,0.0
0.0,1.0000000000000022,0.0,0.0
0.0,1.0000000000000022,0.0,0.0
0.0,1.0000000000000022,0.0,0.0
0.0,1.0000000000000022,0.0,0.0
0.0,1.0000000000000022,0.0,0.0
0.0,1.0000000000000022,0.0,0.0
0.0,1.0000000000000022,0.0,0.0
0.0,1.0000000000000022,0.0,0.0
0.0,1.0000000000000022,0.0,0.0
0.0,1.0000000000000022,0.0,0.0
0.0,1.0000000000000022,0.0,0.0
0.0,1.0000000000000022,0.0,0.0
0.0,1.0000000000000022,0.0,0.0
0.0,1.0000000000000022,0.0,0.0
0.0,1.0000000000000022,0.0,0.0
0.0,1.0000000000000022,0.0,0.0
0.0,1.0000000000000022,0.0,0.0
0.0,1.0000000000000022,0.0,0.0
0.0,1.0000000000000022,0.0,0.0
0.0,1.0000000000000022,0.0,0.0
0.0,1.0000000000000022,0.0,0.0
0.0,1.0000000000000022,0.0,0.0
0.0,1.0000000000000022,0.0,0.0
0.0,1.0000000000000022,0.0,0.0
0.0,1.0000000000000022,0.0,0.0
0.0,1.0000000000000022,0.0,0.0
0.0,1.0000000000000022,0.0,0.0
0.0,1.0000000000000022,0.0,0.0
0.0,1.0000000000000022,0.0,0.0
0.0,1.0000000000000022,0.0,0.0
0.0,1.0000000000000022,0.0,0.0
0.0,1.0000000000000022,0.0,0.0
0.0,1.0000000000000022,0.0,0.0
0.0,1.0000000000000022,0.0,0.0
0.0,1.0000000000000022,0.0,0.0
0.0,1.0000000000000022,0.0,0.0
0.0,1.0000000000000022,0.0,0.0
0.0,1.0000000000000022,0.0,0.0
0.0,1.0000000000000022,0.0,0.0
0.0,1.0000000000000022,0.0,0.0
0.0,1.0000000000000022,0.0,0.0
0.0,1.0000000000000022,0.0,0.0
0.0,1.0000000000000022,0.0,0.0
0.0,1.0000000000000022,0.0,0.0
0.0,1.0000000000000022,0.0,0.0
0.0,1.0000000000000022,0.0,0.0
0.0,1.0000000000000022,0.0,0.0
0.0,1.0000000000000022,0.0,0.0
0.0,1.0000000000000022,0.0,0.0
0.0,1.0000000000000022,0.0,0.0
0.0,1.0000000000000022,0.0,0.0
0.0,1.0000000000000022,0.0,0.0
0.0,1.0000000000000022,0.0,0.0
0.0,1.0000000000000022,0.0,0.0
0.0,1.0000000000000022,0.0,0.0
0.0,1.0000000000000022,0.0,0.0
0.0,1.0000000000000022,0.0,0.0
0.0,1.0000000000000022,0.0,0.0
0.0,1.0000000000000022,0.0,0.0
0.0,1.0000000000000022,0.0,0.0
0.0,1.0000000000000022,0.0,0.0
0.0,1.0000000000000022,0.0,0.0
0.0,1.0000000000000022,0.0,0.0
0.0,1.0000000000000022,0.0,0.0
0.0,1.0000000000000022,0.0,0.0
0.0,1.0000000000000022,0.0,0.0
0.0,1.0000000000000022,0.0,0.0
0.0,1.0000000000000022,0.0,0.0
0.0,1.0000000000000022,0.0,0.0
0.0,1.0000000000000022,0.0,0.0
0.0,1.0000000000000022,0.0,0.0
0.0,1.0000000000000022,0.0,0.0
0.0,1.0000000000000022,0.0,0.0
0.0,1.0000000000000022,0.0,0.0
0.0,1.0000000000000022,0.0,0.0
0.0,1.0000000000000022,0.0,0.0
0.0,1.0000000000000022,0.0,0.0
0.0,1.0000000000000022,0.0,0.0
0.0,1.0000000000000022,0.0,0.0
0.0,1.0000000000000022,0.0,0.0
0.0,1.0000000000000022,0.0,0.0
0.0,1.0000000000000022,0.0,0.0
0.0,1.0000000000000022,0.0,0.0
0.0,1.0000000000000022,0.0,0.0
0.0,1.0000000000000022,0.0,0.0
0.0,1.0000000000000022,0.0,0.0
0.0,1.0000000000000022,0.0,0.0
0.0,1.0000000000000022,0.0,0.0
0.0,1.0000000000000022,0.0,0.0
0.0,1.0000000000000022,0.0,0.0
0.0,1.0000000000000022,0.0,0.0
0.0,1.0000000000000022,0.0,0.0
0.0,1.0000000000000022,0.0,0.0
0.0,1.0000000000000022,0.0,0.0
0.0,1.0000000000000022,0.0,0.0
0.0,1.0000000000000022,0.0,0.0
0.0,1.0000000000000022,0.0,0.0
0.0,1.0000000000000022,0.0,0.0
0.0,1.0000000000000022,0.0,0.0
0.0,1.0000000000000022,0.0,0.0
0.0,1.0000000000000022,0.0,0.0
0.0,1.0000000000000022,0.0,0.0
0.0,1.0000000000000022,0.0,0.0
0.0,1.0000000000000022,0.0,0.0
0.0,1.0000000000000022,0.0,0.0
0.0,1.0000000000000022,0.0,0.0
0.0,1.0000000000000022,0.0,0.0
0.0,1.0000000000000022,0.0,0.0
0.0,1.0000000000000022,0.0,0.0
0.0,1.0000000000000022,0.0,0.0
0.0,1.0000000000000022,0.0,0.0
0.0,1.0000000000000022,0.0,0.0
0.0,1.0000000000000022,0.0,0.0
0.0,1.0000000000000022,0.0,0.0
0.0,1.0000000000000022,0.0,0.0
0.0,1.0000000000000022,0.0,0.0
0.0,1.0000000000000022,0.0,0.0
0.0,1.0000000000000022,0.0,0.0
0.0,1.0000000000000022,0.0,0.0
0.0,1.0000000000000022,0.0,0.0
0.0,1.0000000000000022,0.0,0.0
0.0,1.0000000000000022,0.0,0.0
0.0,1.0000000000000022,0.0,0.0
0.0,1.0000000000000022,0.0,0.0
0.0,1.0000000000000022,0.0,0.0
0.0,1.0000000000000022,0.0,0.0
0.0,1.0000000000000022,0.0,0.0
0.0,1.0000000000000022,0.0,0.0
0.0,1.0000000000000022,0.0,0.0
0.0,1.0000000000000022,0.0,0.0
0.0,1.0000000000000022,0.0,0.0
0.0,1.0000000000000022,0.0,0.0
0.0,1.0000000000000022,0.0,0.0
0.0,1.0000000000000022,0.0,0.0
0.0,1.0000000000000022,0.0,0.0
0.0,1.0000000000000022,0.0,0.0
0.0,1.0000000000000022,0.0,0.0
0.0,1.0000000000000022,0.0,0.0
0.0,1.0000000000000022,0.0,0.0
0.0,1.0000000000000022,0.0,0.0
0.0,1.0000000000000022,0.0,0.0
0.0,1.0000000000000022,0.0,0.0
0.0,1.0000000000000022,0.0,0.0
0.0,1.0000000000000022,0.0,0.0
0.0,1.0000000000000022,0.0,0.0
0.0,1.0000000000000022,0.0,0.0
0.0,1.0000000000000022,0.0,0.0
0.0,1.0000000000000022,0.0,0.0
0.0,1.0000000000000022,0.0,0.0
0.0,1.0000000000000022,0.0,0.0
0.0,1.0000000000000022,0.0,0.0
0.0,1.0000000000000022,0.0,0.0
0.0,1.0000000000000022,0.0,0.0
0.0,1.0000000000000022,0.0,0.0
0.0,1.0000000000000022,0.0,0.0
0.0,1.0000000000000022,0.0,0.0
0.0,1.0000000000000022,0.0,0.0
0.0,1.0000000000000022,0.0,0.0
0.0,1.0000000000000022,0.0,0.0
0.0,1.0000000000000022,0.0,0.0
0.0,1.0000000000000022,0.0,0.0
0.0,1.0000000000000022,0.0,0.0
0.0,1.0000000000000022,0.0,0.0
0.0,1.0000000000000022,0.0,0.0
0.0,1.0000000000000022,0.0,0.0
0.0,1.0000000000000022,0.0,0.0
0.0,1.0000000000000022,0.0,0.0
0.0,1.0000000000000022,0.0,0.0
0.0,1.0000000000000022,0.0,0.0
0.0,1.0000000000000022,0.0,0.0
0.0,1.0000000000000022,0.0,0.0
0.0,1.0000000000000022,0.0,0.0
0.0,1.0000000000000022,0.0,0.0
0.0,1.0000000000000022,0.0,0.0
0.0,1.0000000000000022,0.0,0.0
0.0,1.0000000000000022,0.0,0.0
0.0,1.0000000000000022,0.0,0.0
0.0,1.0000000000000022,0.0,0.0
0.0,1.0000000000000022,0.0,0.0
0.0,1.0000000000000022,0.0,0.0
0.0,1.0000000000000022,0.0,0.0
0.0,1.0000000000000022,0.0,0.0
0.0,1.0000000000000022,0.0,0.0
0.0,1.0000000000000022,0.0,0.0
0.0,1.0000000000000022,0.0,0.0
0.0,1.0000000000000022,0.0,0.0
0.0,1.0000000000000022,0.0,0.0
0.0,1.0000000000000022,0.0,0.0
0.0,1.0000000000000022,0.0,0.0
0.0,1.0000000000000022,0.0,0.0
0.0,1.0000000000000022,0.0,0.0
0.0,1.0000000000000022,0.0,0.0
0.0,1.0000000000000022,0.0,0.0
0.0,1.0000000000000022,0.0,0.0
0.0,1.0000000000000022,0.0,0.0
0.0,1.0000000000000022,0.0,0.0
0.0,1.0000000000000022,0.0,0.0
0.0,1.0000000000000022,0.0,0.0
0.0,1.0000000000000022,0.0,0.0
0.0,1.0000000000000022,0.0,0.0
0.0,1.0000000000000022,0.0,0.0
0.0,1.0000000000000022,0.0,0.0
0.0,1.0000000000000022,0.0,0.0
0.0,1.0000000000000022,0.0,0.0
0.0,1.0000000000000022,0.0,0.0
0.0,1.0000000000000022,0.0,0.0
0.0,1.0000000000000022,0.0,0.0
0.0,1.0000000000000022,0.0,0.0
0.0,1.0000000000000022,0.0,0.0
0.0,1.0000000000000022,0.0,0.0
0.0,1.0000000000000022,0.0,0.0
0.0,1.0000000000000022,0.0,0.0
0.0,1.0000000000000022,0.0,0.0
0.0,1.0000000000000022,0.0,0.0
0.0,1.0000000000000022,0.0,0.0
0.0,1.0000000000000022,0.0,0.0
0.0,1.0000000000000022,0.0,0.0
0.0,1.0000000000000022,0.0,0.0
0.0,1.0000000000000022,0.0,0.0
0.0,1.0000000000000022,0.0,0.0
0.0,1.0000000000000022,0.0,0.0
0.0,1.0000000000000022,0.0,0.0
0.0,1.0000000000000022,0.0,0.0
0.0,1.0000000000000022,0.0,0.0
0.0,1.0000000000000022,0.0,0.0
0.0,1.0000000000000022,0.0,0.0
0.0,1.0000000000000022,0.0,0.0
0.0,1.0000000000000022,0.0,0.0
0.0,1.0000000000000022,0.0,0.0
0.0,1.0000000000000022,0.0,0.0
0.0,1.0000000000000022,0.0,0.0
0.0,1.0000000000000022,0.0,0.0
0.0,1.0000000000000022,0.0,0.0
0.0,1.0000000000000022,0.0,0.0
0.0,1.0000000000000022,0.0,0.0
0.0,1.0000000000000022,0.0,0.0
0.0,1.0000000000000022,0.0,0.0
0.0,1.0000000000000022,0.0,0.0
0.0,1.0000000000000022,0.0,0.0
0.0,1.0000000000000022,0.0,0.0
0.0,1.0000000000000022,0.0,0.0
0.0,1.0000000000000022,0.0,0.0
0.0,1.0000000000000022,0.0,0.0
0.0,1.0000000000000022,0.0,0.0
0.0,1.0000000000000022,0.0,0.0
0.0,1.0000000000000022,0.0,0.0
0.0,1.0000000000000022,0.0,0.0
0.0,1.0000000000000022,0.0,0.0
0.0,1.0000000000000022,0.0,0.0
0.0,1.0000000000000022,0.0,0.0
0.0,1.0000000000000022,0.0,0.0
0.0,1.0000000000000022,0.0,0.0
0.0,1.0000000000000022,0.0,0.0
0.0,1.0000000000000022,0.0,0.0
0.0,1.0000000000000022,0.0,0.0
0.0,1.0000000000000022,0.0,0.0
0.0,1.0000000000000022,0.0,0.0
0.0,1.0000000000000022,0.0,0.0
0.0,1.0000000000000022,0.0,0.0
0.0,1.0000000000000022,0.0,0.0
0.0,1.0000000000000022,0.0,0.0
0.0,1.0000000000000022,0.0,0.0
0.0,1.0000000000000022,0.0,0.0
0.0,1.0000000000000022,0.0,0.0
0.0,1.0000000000000022,0.0,0.0
0.0,1.0000000000000022,0.0,0.0
0.0,1.0000000000000022,0.0,0.0
0.0,1.0000000000000022,0.0,0.0
0.0,1.0000000000000022,0.0,0.0
0.0,1.0000000000000022,0.0,0.0
0.0,1.0000000000000022,0.0,0.0
0.0,1.0000000000000022,0.0,0.0
0.0,1.0000000000000022,0.0,0.0
0.0,1.0000000000000022,0.0,0.0
0.0,1.0000000000000022,0.0,0.0
0.0,1.0000000000000022,0.0,0.0
0.0,1.0000000000000022,0.0,0.0
0.0,1.0000000000000022,0.0,0.0
0.0,1.0000000000000022,0.0,0.0
0.0,1.0000000000000022,0.0,0.0
0.0,1.0000000000000022,0.0,0.0
0.0,1.0000000000000022,0.0,0.0
0.0,1.0000000000000022,0.0,0.0
0.0,1.0000000000000022,0.0,0.0
0.0,1.0000000000000022,0.0,0.0
0.0,1.0000000000000022,0.0,0.0
0.0,1.0000000000000022,0.0,0.0
0.0,1.0000000000000022,0.0,0.0
0.0,1.0000000000000022,0.0,0.0
0.0,1.0000000000000022,0.0,0.0
0.0,1.0000000000000022,0.0,0.0
0.0,1.0000000000000022,0.0,0.0
0.0,1.0000000000000022,0.0,0.0
0.0,1.0000000000000022,0.0,0.0
0.0,1.0000000000000022,0.0,0.0
0.0,1.0000000000000022,0.0,0.0
0.0,1.0000000000000022,0.0,0.0
0.0,1.0000000000000022,0.0,0.0
0.0,1.0000000000000022,0.0,0.0
0.0,1.0000000000000022,0.0,0.0
0.0,1.0000000000000022,0.0,0.0
0.0,1.0000000000000022,0.0,0.0
0.0,1.0000000000000022,0.0,0.0
0.0,1.0000000000000022,0.0,0.0
0.0,1.0000000000000022,0.0,0.0
0.0,1.0000000000000022,0.0,0.0
0.0,1.0000000000000022,0.0,0.0
0.0,1.0000000000000022,0.0,0.0
0.0,1.0000000000000022,0.0,0.0
0.0,1.0000000000000022,0.0,0.0
0.0,1.0000000000000022,0.0,0.0
0.0,1.0000000000000022,0.0,0.0
0.0,1.0000000000000022,0.0,0.0
0.0,1.0000000000000022,0.0,0.0
0.0,1.0000000000000022,0.0,0.0
0.0,1.0000000000000022,0.0,0.0
0.0,1.0000000000000022,0.0,0.0
0.0,1.0000000000000022,0.0,0.0
0.0,1.0000000000000022,0.0,0.0
0.0,1.0000000000000022,0.0,0.0
0.0,1.0000000000000022,0.0,0.0
0.0,1.0000000000000022,0.0,0.0
0.0,1.0000000000000022,0.0,0.0
0.0,1.0000000000000022,0.0,0.0
0.0,1.0000000000000022,0.0,0.0
0.0,1.0000000000000022,0.0,0.0
0.0,1.0000000000000022,0.0,0.0
0.0,1.0000000000000022,0.0,0.0
0.0,1.0000000000000022,0.0,0.0
0.0,1.0000000000000022,0.0,0.0
0.0,1.0000000000000022,0.0,0.0
0.0,1.0000000000000022,0.0,0.0
0.0,1.0000000000000022,0.0,0.0
0.0,1.0000000000000022,0.0,0.0
0.0,1.0000000000000022,0.0,0.0
0.0,1.0000000000000022,0.0,0.0
0.0,1.0000000000000022,0.0,0.0
0.0,1.0000000000000022,0.0,0.0
0.0,1.0000000000000022,0.0,0.0
0.0,1.0000000000000022,0.0,0.0
0.0,1.0000000000000022,0.0,0.0
0.0,1.0000000000000022,0.0,0.0
0.0,1.0000000000000022,0.0,0.0
0.0,1.0000000000000022,0.0,0.0
0.0,1.0000000000000022,0.0,0.0
0.0,1.0000000000000022,0.0,0.0
0.0,1.0000000000000022,0.0,0.0
0.0,1.0000000000000022,0.0,0.0
0.0,1.0000000000000022,0.0,0.0
0.0,1.0000000000000022,0.0,0.0
0.0,1.0000000000000022,0.0,0.0
0.0,1.0000000000000022,0.0,0.0
0.0,1.0000000000000022,0.0,0.0
0.0,1.0000000000000022,0.0,0.0
0.0,1.0000000000000022,0.0,0.0
0.0,1.0000000000000022,0.0,0.0
0.0,1.0000000000000022,0.0,0.0
0.0,1.0000000000000022,0.0,0.0
0.0,1.0000000000000022,0.0,0.0
0.0,1.0000000000000022,0.0,0.0
0.0,1.0000000000000022,0.0,0.0
0.0,1.0000000000000022,0.0,0.0
0.0,1.0000000000000022,0.0,0.0
0.0,1.0000000000000022,0.0,0.0
0.0,1.0000000000000022,0.0,0.0
0.0,1.0000000000000022,0.0,0.0
0.0,1.0000000000000022,0.0,0.0
0.0,1.0000000000000022,0.0,0.0
0.0,1.0000000000000022,0.0,0.0
0.0,1.0000000000000022,0.0,0.0
0.0,1.0000000000000022,0.0,0.0
0.0,1.0000000000000022,0.0,0.0
0.0,1.0000000000000022,0.0,0.0
0.0,1.0000000000000022,0.0,0.0
0.0,1.0000000000000022,0.0,0.0
0.0,1.0000000000000022,0.0,0.0
0.0,1.0000000000000022,0.0,0.0
0.0,1.0000000000000022,0.0,0.0
0.0,1.0000000000000022,0.0,0.0
0.0,1.0000000000000022,0.0,0.0
0.0,1.0000000000000022,0.0,0.0
0.0,1.0000000000000022,0.0,0.0
0.0,1.0000000000000022,0.0,0.0
0.0,1.0000000000000022,0.0,0.0
0.0,1.0000000000000022,0.0,0.0
0.0,1.0000000000000022,0.0,0.0
0.0,1.0000000000000022,0.0,0.0
0.0,1.0000000000000022,0.0,0.0
0.0,1.0000000000000022,0.0,0.0
0.0,1.0000000000000022,0.0,0.0
0.0,1.0000000000000022,0.0,0.0
0.0,1.0000000000000022,0.0,0.0
0.0,1.0000000000000022,0.0,0.0
0.0,1.0000000000000022,0.0,0.0
0.0,1.0000000000000022,0.0,0.0
0.0,1.0000000000000022,0.0,0.0
0.0,1.0000000000000022,0.0,0.0
0.0,1.0000000000000022,0.0,0.0
0.0,1.0000000000000022,0.0,0.0
0.0,1.0000000000000022,0.0,0.0
0.0,1.0000000000000022,0.0,0.0
0.0,1.0000000000000022,0.0,0.0
0.0,1.0000000000000022,0.0,0.0
0.0,1.0000000000000022,0.0,0.0
0.0,1.0000000000000022,0.0,0.0
0.0,1.0000000000000022,0.0,0.0
0.0,1.0000000000000022,0.0,0.0
0.0,1.0000000000000022,0.0,0.0
0.0,1.0000000000000022,0.0,0.0
0.0,1.0000000000000022,0.0,0.0
0.0,1.0000000000000022,0.0,0.0
0.0,1.0000000000000022,0.0,0.0
0.0,1.0000000000000022,0.0,0.0
0.0,1.0000000000000022,0.0,0.0
0.0,1.0000000000000022,0.0,0.0
0.0,1.0000000000000022,0.0,0.0
0.0,1.0000000000000022,0.0,0.0
0.0,1.0000000000000022,0.0,0.0
0.0,1.0000000000000022,0.0,0.0
0.0,1.0000000000000022,0.0,0.0
0.0,1.0000000000000022,0.0,0.0
0.0,1.0000000000000022,0.0,0.0
0.0,1.0000000000000022,0.0,0.0
0.0,1.0000000000000022,0.0,0.0
0.0,1.0000000000000022,0.0,0.0
0.0,1.0000000000000022,0.0,0.0
0.0,1.0000000000000022,0.0,0.0
0.0,1.0000000000000022,0.0,0.0
0.0,1.0000000000000022,0.0,0.0
0.0,1.0000000000000022,0.0,0.0
0.0,1.0000000000000022,0.0,0.0
0.0,1.0000000000000022,0.0,0.0
0.0,1.0000000000000022,0.0,0.0
0.0,1.0000000000000022,0.0,0.0
0.0,1.0000000000000022,0.0,0.0
0.0,1.0000000000000022,0.0,0.0
0.0,1.0000000000000022,0.0,0.0
0.0,1.0000000000000022,0.0,0.0
0.0,1.0000000000000022,0.0,0.0
0.0,1.0000000000000022,0.0,0.0
0.0,1.0000000000000022,0.0,0.0
0.0,1.0000000000000022,0.0,0.0
0.0,1.0000000000000022,0.0,0.0
0.0,1.0000000000000022,0.0,0.0
0.0,1.0000000000000022,0.0,0.0
0.0,1.0000000000000022,0.0,0.0
0.0,1.0000000000000022,0.0,0.0
0.0,1.0000000000000022,0.0,0.0
0.0,1.0000000000000022,0.0,0.0
0.0,1.0000000000000022,0.0,0.0
0.0,1.0000000000000022,0.0,0.0
0.0,1.0000000000000022,0.0,0.0
0.0,1.0000000000000022,0.0,0.0
0.0,1.0000000000000022,0.0,0.0
0.0,1.0000000000000022,0.0,0.0
0.0,1.0000000000000022,0.0,0.0
0.0,1.0000000000000022,0.0,0.0
0.0,1.0000000000000022,0.0,0.0
0.0,1.0000000000000022,0.0,0.0
0.0,1.0000000000000022,0.0,0.0
0.0,1.0000000000000022,0.0,0.0
0.0,1.0000000000000022,0.0,0.0
0.0,1.0000000000000022,0.0,0.0
0.0,1.0000000000000022,0.0,0.0
0.0,1.0000000000000022,0.0,0.0
0.0,1.0000000000000022,0.0,0.0
0.0,1.0000000000000022,0.0,0.0
0.0,1.0000000000000022,0.0,0.0
0.0,1.0000000000000022,0.0,0.0
0.0,1.0000000000000022,0.0,0.0
0.0,1.0000000000000022,0.0,0.0
0.0,1.0000000000000022,0.0,0.0
0.0,1.0000000000000022,0.0,0.0
0.0,1.0000000000000022,0.0,0.0
0.0,1.0000000000000022,0.0,0.0
0.0,1.0000000000000022,0.0,0.0
0.0,1.0000000000000022,0.0,0.0
0.0,1.0000000000000022,0.0,0.0
0.0,1.0000000000000022,0.0,0.0
0.0,1.0000000000000022,0.0,0.0
0.0,1.0000000000000022,0.0,0.0
0.0,1.0000000000000022,0.0,0.0
0.0,1.0000000000000022,0.0,0.0
0.0,1.0000000000000022,0.0,0.0
0.0,1.0000000000000022,0.0,0.0
0.0,1.0000000000000022,0.0,0.0
0.0,1.0000000000000022,0.0,0.0
0.0,1.0000000000000022,0.0,0.0
0.0,1.0000000000000022,0.0,0.0
0.0,1.0000000000000022,0.0,0.0
0.0,1.0000000000000022,0.0,0.0
0.0,1.0000000000000022,0.0,0.0
0.0,1.0000000000000022,0.0,0.0
0.0,1.0000000000000022,0.0,0.0
0.0,1.0000000000000022,0.0,0.0
0.0,1.0000000000000022,0.0,0.0
0.0,1.0000000000000022,0.0,0.0
0.0,1.0000000000000022,0.0,0.0
0.0,1.0000000000000022,0.0,0.0
0.0,1.0000000000000022,0.0,0.0
0.0,1.0000000000000022,0.0,0.0
0.0,1.0000000000000022,0.0,0.0
0.0,1.0000000000000022,0.0,0.0
0.0,1.0000000000000022,0.0,0.0
0.0,1.0000000000000022,0.0,0.0
0.0,1.0000000000000022,0.0,0.0
0.0,1.0000000000000022,0.0,0.0
0.0,1.0000000000000022,0.0,0.0
0.0,1.0000000000000022,0.0,0.0
0.0,1.0000000000000022,0.0,0.0
0.0,1.0000000000000022,0.0,0.0
0.0,1.0000000000000022,0.0,0.0
0.0,1.0000000000000022,0.0,0.0
0.0,1.0000000000000022,0.0,0.0
0.0,1.0000000000000022,0.0,0.0
0.0,1.0000000000000022,0.0,0.0
0.0,1.0000000000000022,0.0,0.0
0.0,1.0000000000000022,0.0,0.0
0.0,1.0000000000000022,0.0,0.0
0.0,1.0000000000000022,0.0,0.0
0.0,1.0000000000000022,0.0,0.0
0.0,1.0000000000000022,0.0,0.0
0.0,1.0000000000000022,0.0,0.0
0.0,1.0000000000000022,0.0,0.0
0.0,1.0000000000000022,0.0,0.0
0.0,1.0000000000000022,0.0,0.0
0.0,1.0000000000000022,0.0,0.0
0.0,1.0000000000000022,0.0,0.0
0.0,1.0000000000000022,0.0,0.0
0.0,1.0000000000000022,0.0,0.0
0.0,1.0000000000000022,0.0,0.0
0.0,1.0000000000000022,0.0,0.0
0.0,1.0000000000000022,0.0,0.0
0.0,1.0000000000000022,0.0,0.0
0.0,1.0000000000000022,0.0,0.0
0.0,1.0000000000000022,0.0,0.0
0.0,1.0000000000000022,0.0,0.0
0.0,1.0000000000000022,0.0,0.0
0.0,1.0000000000000022,0.0,0.0
0.0,1.0000000000000022,0.0,0.0
0.0,1.0000000000000022,0.0,0.0
0.0,1.0000000000000022,0.0,0.0
0.0,1.0000000000000022,0.0,0.0
0.0,1.0000000000000022,0.0,0.0
0.0,1.0000000000000022,0.0,0.0
0.0,1.0000000000000022,0.0,0.0
0.0,1.0000000000000022,0.0,0.0
0.0,1.0000000000000022,0.0,0.0
0.0,1.0000000000000022,0.0,0.0
0.0,1.0000000000000022,0.0,0.0
0.0,1.0000000000000022,0.0,0.0
0.0,1.0000000000000022,0.0,0.0
0.0,1.0000000000000022,0.0,0.0
0.0,1.0000000000000022,0.0,0.0
0.0,1.0000000000000022,0.0,0.0
0.0,1.0000000000000022,0.0,0.0
0.0,1.0000000000000022,0.0,0.0
0.0,1.0000000000000022,0.0,0.0
0.0,1.0000000000000022,0.0,0.0
0.0,1.0000000000000022,0.0,0.0
0.0,1.0000000000000022,0.0,0.0
0.0,1.0000000000000022,0.0,0.0
0.0,1.0000000000000022,0.0,0.0
0.0,1.0000000000000022,0.0,0.0
0.0,1.0000000000000022,0.0,0.0
0.0,1.0000000000000022,0.0,0.0
0.0,1.0000000000000022,0.0,0.0
0.0,1.0000000000000022,0.0,0.0
0.0,1.0000000000000022,0.0,0.0
0.0,1.0000000000000022,0.0,0.0
0.0,1.0000000000000022,0.0,0.0
0.0,1.0000000000000022,0.0,0.0
0.0,1.0000000000000022,0.0,0.0
0.0,1.0000000000000022,0.0,0.0
0.0,1.0000000000000022,0.0,0.0
0.0,1.0000000000000022,0.0,0.0
0.0,1.0000000000000022,0.0,0.0
0.0,1.0000000000000022,0.0,0.0
0.0,1.0000000000000022,0.0,0.0
0.0,1.0000000000000022,0.0,0.0
0.0,1.0000000000000022,0.0,0.0
0.0,1.0000000000000022,0.0,0.0
0.0,1.0000000000000022,0.0,0.0
0.0,1.0000000000000022,0.0,0.0
0.0,1.0000000000000022,0.0,0.0
0.0,1.0000000000000022,0.0,0.0
0.0,1.0000000000000022,0.0,0.0
0.0,1.0000000000000022,0.0,0.0
0.0,1.0000000000000022,0.0,0.0
0.0,1.0000000000000022,0.0,0.0
0.0,1.0000000000000022,0.0,0.0
0.0,1.0000000000000022,0.0,0.0
0.0,1.0000000000000022,0.0,0.0
0.0,1.0000000000000022,0.0,0.0
0.0,1.0000000000000022,0.0,0.0
0.0,1.0000000000000022,0.0,0.0
0.0,1.0000000000000022,0.0,0.0
0.0,1.0000000000000022,0.0,0.0
0.0,1.0000000000000022,0.0,0.0
0.0,1.0000000000000022,0.0,0.0
0.0,1.0000000000000022,0.0,0.0
0.0,1.0000000000000022,0.0,0.0
0.0,1.0000000000000022,0.0,0.0
0.0,1.0000000000000022,0.0,0.0
0.0,1.0000000000000022,0.0,0.0
0.0,1.0000000000000022,0.0,0.0
0.0,1.0000000000000022,0.0,0.0
0.0,1.0000000000000022,0.0,0.0
0.0,1.0000000000000022,0.0,0.0
0.0,1.0000000000000022,0.0,0.0
0.0,1.0000000000000022,0.0,0.0
0.0,1.0000000000000022,0.0,0.0
0.0,1.0000000000000022,0.0,0.0
0.0,1.0000000000000022,0.0,0.0
0.0,1.0000000000000022,0.0,0.0
0.0,1.0000000000000022,0.0,0.0
0.0,1.0000000000000022,0.0,0.0
0.0,1.0000000000000022,0.0,0.0
0.0,1.0000000000000022,0.0,0.0
0.0,1.0000000000000022,0.0,0.0
0.0,1.0000000000000022,0.0,0.0
0.0,1.0000000000000022,0.0,0.0
0.0,1.0000000000000022,0.0,0.0
0.0,1.0000000000000022,0.0,0.0
0.0,1.0000000000000022,0.0,0.0
0.0,1.0000000000000022,0.0,0.0
0.0,1.0000000000000022,0.0,0.0
0.0,1.0000000000000022,0.0,0.0
0.0,1.0000000000000022,0.0,0.0
0.0,1.0000000000000022,0.0,0.0
0.0,1.0000000000000022,0.0,0.0
0.0,1.0000000000000022,0.0,0.0
0.0,1.0000000000000022,0.0,0.0
0.0,1.0000000000000022,0.0,0.0
0.0,1.0000000000000022,0.0,0.0
0.0,1.0000000000000022,0.0,0.0
0.0,1.0000000000000022,0.0,0.0
0.0,1.0000000000000022,0.0,0.0
0.0,1.0000000000000022,0.0,0.0
0.0,1.0000000000000022,0.0,0.0
0.0,1.0000000000000022,0.0,0.0
0.0,1.0000000000000022,0.0,0.0
0.0,1.0000000000000022,0.0,0.0
0.0,1.0000000000000022,0.0,0.0
0.0,1.0000000000000022,0.0,0.0
0.0,1.0000000000000022,0.0,0.0
0.0,1.0000000000000022,0.0,0.0
0.0,1.0000000000000022,0.0,0.0
0.0,1.0000000000000022,0.0,0.0
0.0,1.0000000000000022,0.0,0.0
0.0,1.0000000000000022,0.0,0.0
0.0,1.0000000000000022,0.0,0.0
0.0,1.0000000000000022,0.0,0.0
0.0,1.0000000000000022,0.0,0.0
0.0,1.0000000000000022,0.0,0.0
0.0,1.0000000000000022,0.0,0.0
0.0,1.0000000000000022,0.0,0.0
0.0,1.0000000000000022,0.0,0.0
0.0,1.0000000000000022,0.0,0.0
0.0,1.0000000000000022,0.0,0.0
0.0,1.0000000000000022,0.0,0.0
0.0,1.0000000000000022,0.0,0.0
0.0,1.0000000000000022,0.0,0.0
0.0,1.0000000000000022,0.0,0.0
0.0,1.0000000000000022,0.0,0.0
0.0,1.0000000000000022,0.0,0.0
0.0,1.0000000000000022,0.0,0.0
0.0,1.0000000000000022,0.0,0.0
0.0,1.0000000000000022,0.0,0.0
0.0,1.0000000000000022,0.0,0.0
0.0,1.0000000000000022,0.0,0.0
0.0,1.0000000000000022,0.0,0.0
0.0,1.0000000000000022,0.0,0.0
0.0,1.0000000000000022,0.0,0.0
0.0,1.0000000000000022,0.0,0.0
0.0,1.0000000000000022,0.0,0.0
0.0,1.0000000000000022,0.0,0.0
0.0,1.0000000000000022,0.0,0.0
0.0,1.0000000000000022,0.0,0.0
0.0,1.0000000000000022,0.0,0.0
0.0,1.0000000000000022,0.0,0.0
0.0,1.0000000000000022,0.0,0.0
0.0,1.0000000000000022,0.0,0.0
0.0,1.0000000000000022,0.0,0.0
0.0,1.0000000000000022,0.0,0.0
0.0,1.0000000000000022,0.0,0.0
0.0,1.0000000000000022,0.0,0.0
0.0,1.0000000000000022,0.0,0.0
0.0,1.0000000000000022,0.0,0.0
0.0,1.0000000000000022,0.0,0.0
0.0,1.0000000000000022,0.0,0.0
0.0,1.0000000000000022,0.0,0.0
0.0,1.0000000000000022,0.0,0.0
0.0,1.0000000000000022,0.0,0.0
0.0,1.0000000000000022,0.0,0.0
0.0,1.0000000000000022,0.0,0.0
0.0,1.0000000000000022,0.0,0.0
0.0,1.0000000000000022,0.0,0.0
0.0,1.0000000000000022,0.0,0.0
0.0,1.0000000000000022,0.0,0.0
0.0,1.0000000000000022,0.0,0.0
0.0,1.0000000000000022,0.0,0.0
0.0,1.0000000000000022,0.0,0.0
0.0,1.0000000000000022,0.0,0.0
0.0,1.0000000000000022,0.0,0.0
0.0,1.0000000000000022,0.0,0.0
0.0,1.0000000000000022,0.0,0.0
0.0,1.0000000000000022,0.0,0.0
0.0,1.0000000000000022,0.0,0.0
0.0,1.0000000000000022,0.0,0.0
0.0,1.0000000000000022,0.0,0.0
0.0,1.0000000000000022,0.0,0.0
0.0,1.0000000000000022,0.0,0.0
0.0,1.0000000000000022,0.0,0.0
0.0,1.0000000000000022,0.0,0.0
0.0,1.0000000000000022,0.0,0.0
0.0,1.0000000000000022,0.0,0.0
0.0,1.0000000000000022,0.0,0.0
0.0,1.0000000000000022,0.0,0.0
0.0,1.0000000000000022,0.0,0.0
0.0,1.0000000000000022,0.0,0.0
0.0,1.0000000000000022,0.0,0.0
0.0,1.0000000000000022,0.0,0.0
0.0,1.0000000000000022,0.0,0.0
0.0,1.0000000000000022,0.0,0.0
0.0,1.0000000000000022,0.0,0.0
0.0,1.0000000000000022,0.0,0.0
0.0,1.0000000000000022,0.0,0.0
0.0,1.0000000000000022,0.0,0.0
0.0,1.0000000000000022,0.0,0.0
0.0,1.0000000000000022,0.0,0.0
0.0,1.0000000000000022,0.0,0.0
0.0,1.0000000000000022,0.0,0.0
0.0,1.0000000000000022,0.0,0.0
0.0,1.0000000000000022,0.0,0.0
0.0,1.0000000000000022,0.0,0.0
0.0,1.0000000000000022,0.0,0.0
0.0,1.0000000000000022,0.0,0.0
0.0,1.0000000000000022,0.0,0.0
0.0,1.0000000000000022,0.0,0.0
0.0,1.0000000000000022,0.0,0.0
0.0,1.0000000000000022,0.0,0.0
0.0,1.0000000000000022,0.0,0.0
0.0,1.0000000000000022,0.0,0.0
0.0,1.0000000000000022,0.0,0.0
0.0,1.0000000000000022,0.0,0.0
0.0,1.0000000000000022,0.0,0.0
0.0,1.0000000000000022,0.0,0.0
0.0,1.0000000000000022,0.0,0.0
0.0,1.0000000000000022,0.0,0.0
0.0,1.0000000000000022,0.0,0.0
0.0,1.0000000000000022,0.0,0.0
0.0,1.0000000000000022,0.0,0.0
0.0,1.0000000000000022,0.0,0.0
0.0,1.0000000000000022,0.0,0.0
0.0,1.0000000000000022,0.0,0.0
0.0,1.0000000000000022,0.0,0.0
0.0,1.0000000000000022,0.0,0.0
0.0,1.0000000000000022,0.0,0.0
0.0,1.0000000000000022,0.0,0.0
0.0,1.0000000000000022,0.0,0.0
0.0,1.0000000000000022,0.0,0.0
0.0,1.0000000000000022,0.0,0.0
0.0,1.0000000000000022,0.0,0.0
0.0,1.0000000000000022,0.0,0.0
0.0,1.0000000000000022,0.0,0.0
0.0,1.0000000000000022,0.0,0.0
0.0,1.0000000000000022,0.0,0.0
0.0,1.0000000000000022,0.0,0.0
0.0,1.0000000000000022,0.0,0.0
0.0,1.0000000000000022,0.0,0.0
0.0,1.0000000000000022,0.0,0.0
0.0,1.0000000000000022,0.0,0.0
0.0,1.0000000000000022,0.0,0.0
0.0,1.0000000000000022,0.0,0.0
0.0,1.0000000000000022,0.0,0.0
0.0,1.0000000000000022,0.0,0.0
0.0,1.0000000000000022,0.0,0.0
0.0,1.0000000000000022,0.0,0.0
0.0,1.0000000000000022,0.0,0.0
0.0,1.0000000000000022,0.0,0.0
0.0,1.0000000000000022,0.0,0.0
0.0,1.0000000000000022,0.0,0.0
0.0,1.0000000000000022,0.0,0.0
0.0,1.0000000000000022,0.0,0.0
0.0,1.0000000000000022,0.0,0.0
0.0,1.0000000000000022,0.0,0.0
0.0,1.0000000000000022,0.0,0.0
0.0,1.0000000000000022,0.0,0.0
0.0,1.0000000000000022,0.0,0.0
0.0,1.0000000000000022,0.0,0.0
0.0,1.0000000000000022,0.0,0.0
0.0,1.0000000000000022,0.0,0.0
0.0,1.0000000000000022,0.0,0.0
0.0,1.0000000000000022,0.0,0.0
0.0,1.0000000000000022,0.0,0.0
0.0,1.0000000000000022,0.0,0.0
0.0,1.0000000000000022,0.0,0.0
0.0,1.0000000000000022,0.0,0.0
0.0,1.0000000000000022,0.0,0.0
0.0,1.0000000000000022,0.0,0.0
0.0,1.0000000000000022,0.0,0.0
0.0,1.0000000000000022,0.0,0.0
0.0,1.0000000000000022,0.0,0.0
0.0,1.0000000000000022,0.0,0.0
0.0,1.0000000000000022,0.0,0.0
0.0,1.0000000000000022,0.0,0.0
0.0,1.0000000000000022,0.0,0.0
0.0,1.0000000000000022,0.0,0.0
0.0,1.0000000000000022,0.0,0.0
0.0,1.0000000000000022,0.0,0.0
0.0,1.0000000000000022,0.0,0.0
0.0,1.0000000000000022,0.0,0.0
0.0,1.0000000000000022,0.0,0.0
0.0,1.0000000000000022,0.0,0.0
0.0,1.0000000000000022,0.0,0.0
0.0,1.0000000000000022,0.0,0.0
0.0,1.0000000000000022,0.0,0.0
0.0,1.0000000000000022,0.0,0.0
0.0,1.0000000000000022,0.0,0.0
0.0,1.0000000000000022,0.0,0.0
0.0,1.0000000000000022,0.0,0.0
0.0,1.0000000000000022,0.0,0.0
0.0,1.0000000000000022,0.0,0.0
0.0,1.0000000000000022,0.0,0.0
0.0,1.0000000000000022,0.0,0.0
0.0,1.0000000000000022,0.0,0.0
0.0,1.0000000000000022,0.0,0.0
0.0,1.0000000000000022,0.0,0.0
0.0,1.0000000000000022,0.0,0.0
0.0,1.0000000000000022,0.0,0.0
0.0,1.0000000000000022,0.0,0.0
0.0,1.0000000000000022,0.0,0.0
0.0,1.0000000000000022,0.0,0.0
0.0,1.0000000000000022,0.0,0.0
0.0,1.0000000000000022,0.0,0.0
0.0,1.0000000000000022,0.0,0.0
0.0,1.0000000000000022,0.0,0.0
0.0,1.0000000000000022,0.0,0.0
0.0,1.0000000000000022,0.0,0.0
0.0,1.0000000000000022,0.0,0.0
0.0,1.0000000000000022,0.0,0.0
0.0,1.0000000000000022,0.0,0.0
0.0,1.0000000000000022,0.0,0.0
0.0,1.0000000000000022,0.0,0.0
0.0,1.0000000000000022,0.0,0.0
0.0,1.0000000000000022,0.0,0.0
0.0,1.0000000000000022,0.0,0.0
0.0,1.0000000000000022,0.0,0.0
0.0,1.0000000000000022,0.0,0.0
0.0,1.0000000000000022,0.0,0.0
0.0,1.0000000000000022,0.0,0.0
0.0,1.0000000000000022,0.0,0.0
0.0,1.0000000000000022,0.0,0.0
0.0,1.0000000000000022,0.0,0.0
0.0,1.0000000000000022,0.0,0.0
0.0,1.0000000000000022,0.0,0.0
0.0,1.0000000000000022,0.0,0.0
0.0,1.0000000000000022,0.0,0.0
0.0,1.0000000000000022,0.0,0.0
0.0,1.0000000000000022,0.0,0.0
0.0,1.0000000000000022,0.0,0.0
0.0,1.0000000000000022,0.0,0.0
0.0,1.0000000000000022,0.0,0.0
0.0,1.0000000000000022,0.0,0.0
0.0,1.0000000000000022,0.0,0.0
0.0,1.0000000000000022,0.0,0.0
0.0,1.0000000000000022,0.0,0.0
0.0,1.0000000000000022,0.0,0.0
0.0,1.0000000000000022,0.0,0.0
0.0,1.0000000000000022,0.0,0.0
0.0,1.0000000000000022,0.0,0.0
0.0,1.0000000000000022,0.0,0.0
0.0,1.0000000000000022,0.0,0.0
0.0,1.0000000000000022,0.0,0.0
0.0,1.0000000000000022,0.0,0.0
0.0,1.0000000000000022,0.0,0.0
0.0,1.0000000000000022,0.0,0.0
0.0,1.0000000000000022,0.0,0.0
0.0,1.0000000000000022,0.0,0.0
0.0,1.0000000000000022,0.0,0.0
0.0,1.0000000000000022,0.0,0.0
0.0,1.0000000000000022,0.0,0.0
0.0,1.0000000000000022,0.0,0.0
0.0,1.0000000000000022,0.0,0.0
0.0,1.0000000000000022,0.0,0.0
0.0,1.0000000000000022,0.0,0.0
0.0,1.0000000000000022,0.0,0.0
0.0,1.0000000000000022,0.0,0.0
0.0,1.0000000000000022,0.0,0.0
0.0,1.0000000000000022,0.0,0.0
0.0,1.0000000000000022,0.0,0.0
0.0,1.0000000000000022,0.0,0.0
0.0,1.0000000000000022,0.0,0.0
0.0,1.0000000000000022,0.0,0.0
0.0,1.0000000000000022,0.0,0.0
0.0,1.0000000000000022,0.0,0.0
0.0,1.0000000000000022,0.0,0.0
0.0,1.0000000000000022,0.0,0.0
0.0,1.0000000000000022,0.0,0.0
0.0,1.0000000000000022,0.0,0.0
0.0,1.0000000000000022,0.0,0.0
0.0,1.0000000000000022,0.0,0.0
0.0,1.0000000000000022,0.0,0.0
0.0,1.0000000000000022,0.0,0.0
0.0,1.0000000000000022,0.0,0.0
0.0,1.0000000000000022,0.0,0.0
0.0,1.0000000000000022,0.0,0.0
0.0,1.0000000000000022,0.0,0.0
0.0,1.0000000000000022,0.0,0.0
0.0,1.0000000000000022,0.0,0.0
0.0,1.0000000000000022,0.0,0.0
0.0,1.0000000000000022,0.0,0.0
0.0,1.0000000000000022,0.0,0.0
0.0,1.0000000000000022,0.0,0.0
0.0,1.0000000000000022,0.0,0.0
0.0,1.0000000000000022,0.0,0.0
0.0,1.0000000000000022,0.0,0.0
0.0,1.0000000000000022,0.0,0.0
0.0,1.0000000000000022,0.0,0.0
0.0,1.0000000000000022,0.0,0.0
0.0,1.0000000000000022,0.0,0.0
0.0,1.0000000000000022,0.0,0.0
0.0,1.0000000000000022,0.0,0.0
0.0,1.0000000000000022,0.0,0.0
0.0,1.0000000000000022,0.0,0.0
0.0,1.0000000000000022,0.0,0.0
0.0,1.0000000000000022,0.0,0.0
0.0,1.0000000000000022,0.0,0.0
0.0,1.0000000000000022,0.0,0.0
0.0,1.0000000000000022,0.0,0.0
0.0,1.0000000000000022,0.0,0.0
0.0,1.0000000000000022,0.0,0.0
0.0,1.0000000000000022,0.0,0.0
0.0,1.0000000000000022,0.0,0.0
0.0,1.0000000000000022,0.0,0.0
0.0,1.0000000000000022,0.0,0.0
0.0,1.0000000000000022,0.0,0.0
0.0,1.0000000000000022,0.0,0.0
0.0,1.0000000000000022,0.0,0.0
0.0,1.0000000000000022,0.0,0.0
0.0,1.0000000000000022,0.0,0.0
0.0,1.0000000000000022,0.0,0.0
0.0,1.0000000000000022,0.0,0.0
0.0,1.0000000000000022,0.0,0.0
0.0,1.0000000000000022,0.0,0.0
0.0,1.0000000000000022,0.0,0.0
0.0,1.0000000000000022,0.0,0.0
0.0,1.0000000000000022,0.0,0.0
0.0,1.0000000000000022,0.0,0.0
0.0,1.0000000000000022,0.0,0.0
0.0,1.0000000000000022,0.0,0.0
0.0,1.0000000000000022,0.0,0.0
0.0,1.0000000000000022,0.0,0.0
0.0,1.0000000000000022,0.0,0.0
0.0,1.0000000000000022,0.0,0.0
0.0,1.0000000000000022,0.0,0.0
0.0,1.0000000000000022,0.0,0.0
0.0,1.0000000000000022,0.0,0.0
0.0,1.0000000000000022,0.0,0.0
0.0,1.0000000000000022,0.0,0.0
0.0,1.0000000000000022,0.0,0.0
0.0,1.0000000000000022,0.0,0.0
0.0,1.0000000000000022,0.0,0.0
0.0,1.0000000000000022,0.0,0.0
0.0,1.0000000000000022,0.0,0.0
0.0,1.0000000000000022,0.0,0.0
0.0,1.0000000000000022,0.0,0.0
0.0,1.0000000000000022,0.0,0.0
0.0,1.0000000000000022,0.0,0.0
0.0,1.0000000000000022,0.0,0.0
0.0,1.0000000000000022,0.0,0.0
0.0,1.0000000000000022,0.0,0.0
0.0,1.0000000000000022,0.0,0.0
0.0,1.0000000000000022,0.0,0.0
0.0,1.0000000000000022,0.0,0.0
0.0,1.0000000000000022,0.0,0.0
0.0,1.0000000000000022,0.0,0.0
0.0,1.0000000000000022,0.0,0.0
0.0,1.0000000000000022,0.0,0.0
0.0,1.0000000000000022,0.0,0.0
0.0,1.0000000000000022,0.0,0.0
0.0,1.0000000000000022,0.0,0.0
0.0,1.0000000000000022,0.0,0.0
0.0,1.0000000000000022,0.0,0.0
0.0,1.0000000000000022,0.0,0.0
0.0,1.0000000000000022,0.0,0.0
0.0,1.0000000000000022,0.0,0.0
0.0,1.0000000000000022,0.0,0.0
0.0,1.0000000000000022,0.0,0.0
0.0,1.0000000000000022,0.0,0.0
0.0,1.0000000000000022,0.0,0.0
0.0,1.0000000000000022,0.0,0.0
0.0,1.0000000000000022,0.0,0.0
0.0,1.0000000000000022,0.0,0.0
0.0,1.0000000000000022,0.0,0.0
0.0,1.0000000000000022,0.0,0.0
0.0,1.0000000000000022,0.0,0.0
0.0,1.0000000000000022,0.0,0.0
0.0,1.0000000000000022,0.0,0.0
0.0,1.0000000000000022,0.0,0.0
0.0,1.0000000000000022,0.0,0.0
0.0,1.0000000000000022,0.0,0.0
0.0,1.0000000000000022,0.0,0.0
0.0,1.0000000000000022,0.0,0.0
0.0,1.0000000000000022,0.0,0.0
0.0,1.0000000000000022,0.0,0.0
0.0,1.0000000000000022,0.0,0.0
0.0,1.0000000000000022,0.0,0.0
0.0,1.0000000000000022,0.0,0.0
0.0,1.0000000000000022,0.0,0.0
0.0,1.0000000000000022,0.0,0.0
0.0,1.0000000000000022,0.0,0.0
0.0,1.0000000000000022,0.0,0.0
0.0,1.0000000000000022,0.0,0.0
0.0,1.0000000000000022,0.0,0.0
0.0,1.0000000000000022,0.0,0.0
0.0,1.0000000000000022,0.0,0.0
0.0,1.0000000000000022,0.0,0.0
0.0,1.0000000000000022,0.0,0.0
0.0,1.0000000000000022,0.0,0.0
0.0,1.0000000000000022,0.0,0.0
0.0,1.0000000000000022,0.0,0.0
0.0,1.0000000000000022,0.0,0.0
0.0,1.0000000000000022,0.0,0.0
0.0,1.0000000000000022,0.0,0.0
0.0,1.0000000000000022,0.0,0.0
0.0,1.0000000000000022,0.0,0.0
0.0,1.0000000000000022,0.0,0.0
0.0,1.0000000000000022,0.0,0.0
0.0,1.0000000000000022,0.0,0.0
0.0,1.0000000000000022,0.0,0.0
0.0,1.0000000000000022,0.0,0.0
0.0,1.0000000000000022,0.0,0.0
0.0,1.0000000000000022,0.0,0.0
0.0,1.0000000000000022,0.0,0.0
0.0,1.0000000000000022,0.0,0.0
0.0,1.0000000000000022,0.0,0.0
0.0,1.0000000000000022,0.0,0.0
0.0,1.0000000000000022,0.0,0.0
0.0,1.0000000000000022,0.0,0.0
0.0,1.0000000000000022,0.0,0.0
0.0,1.0000000000000022,0.0,0.0
0.0,1.0000000000000022,0.0,0.0
0.0,1.0000000000000022,0.0,0.0
0.0,1.0000000000000022,0.0,0.0
0.0,1.0000000000000022,0.0,0.0
0.0,1.0000000000000022,0.0,0.0
0.0,1.0000000000000022,0.0,0.0
0.0,1.0000000000000022,0.0,0.0
0.0,1.0000000000000022,0.0,0.0
0.0,1.0000000000000022,0.0,0.0
0.0,1.0000000000000022,0.0,0.0
0.0,1.0000000000000022,0.0,0.0
0.0,1.0000000000000022,0.0,0.0
0.0,1.0000000000000022,0.0,0.0
0.0,1.0000000000000022,0.0,0.0
0.0,1.0000000000000022,0.0,0.0
0.0,1.0000000000000022,0.0,0.0
0.0,1.0000000000000022,0.0,0.0
0.0,1.0000000000000022,0.0,0.0
0.0,1.0000000000000022,0.0,0.0
0.0,1.0000000000000022,0.0,0.0
0.0,1.0000000000000022,0.0,0.0
0.0,1.0000000000000022,0.0,0.0
0.0,1.0000000000000022,0.0,0.0
0.0,1.0000000000000022,0.0,0.0
0.0,1.0000000000000022,0.0,0.0
0.0,1.0000000000000022,0.0,0.0
0.0,1.0000000000000022,0.0,0.0
0.0,1.0000000000000022,0.0,0.0
0.0,1.0000000000000022,0.0,0.0
0.0,1.0000000000000022,0.0,0.0
0.0,1.0000000000000022,0.0,0.0
0.0,1.0000000000000022,0.0,0.0
0.0,1.0000000000000022,0.0,0.0
0.0,1.0000000000000022,0.0,0.0
0.0,1.0000000000000022,0.0,0.0
0.0,1.0000000000000022,0.0,0.0
0.0,1.0000000000000022,0.0,0.0
0.0,1.0000000000000022,0.0,0.0
0.0,1.0000000000000022,0.0,0.0
0.0,1.0000000000000022,0.0,0.0
0.0,1.0000000000000022,0.0,0.0
0.0,1.0000000000000022,0.0,0.0
0.0,1.0000000000000022,0.0,0.0
0.0,1.0000000000000022,0.0,0.0
0.0,1.0000000000000022,0.0,0.0
0.0,1.0000000000000022,0.0,0.0
0.0,1.0000000000000022,0.0,0.0
0.0,1.0000000000000022,0.0,0.0
0.0,1.0000000000000022,0.0,0.0
0.0,1.0000000000000022,0.0,0.0
0.0,1.0000000000000022,0.0,0.0
0.0,1.0000000000000022,0.0,0.0
0.0,1.0000000000000022,0.0,0.0
0.0,1.0000000000000022,0.0,0.0
0.0,1.0000000000000022,0.0,0.0
0.0,1.0000000000000022,0.0,0.0
0.0,1.0000000000000022,0.0,0.0
0.0,1.0000000000000022,0.0,0.0
0.0,1.0000000000000022,0.0,0.0
0.0,1.0000000000000022,0.0,0.0
0.0,1.0000000000000022,0.0,0.0
0.0,1.0000000000000022,0.0,0.0
0.0,1.0000000000000022,0.0,0.0
0.0,1.0000000000000022,0.0,0.0
0.0,1.0000000000000022,0.0,0.0
0.0,1.0000000000000022,0.0,0.0
0.0,1.0000000000000022,0.0,0.0
0.0,1.0000000000000022,0.0,0.0
0.0,1.0000000000000022,0.0,0.0
0.0,1.0000000000000022,0.0,0.0
0.0,1.0000000000000022,0.0,0.0
0.0,1.0000000000000022,0.0,0.0
0.0,1.0000000000000022,0.0,0.0
0.0,1.0000000000000022,0.0,0.0
0.0,1.0000000000000022,0.0,0.0
0.0,1.0000000000000022,0.0,0.0
0.0,1.0000000000000022,0.0,0.0
0.0,1.0000000000000022,0.0,0.0
0.0,1.0000000000000022,0.0,0.0
0.0,1.0000000000000022,0.0,0.0
0.0,1.0000000000000022,0.0,0.0
0.0,1.0000000000000022,0.0,0.0
0.0,1.0000000000000022,0.0,0.0
0.0,1.0000000000000022,0.0,0.0
0.0,1.0000000000000022,0.0,0.0
0.0,1.0000000000000022,0.0,0.0
0.0,1.0000000000000022,0.0,0.0
0.0,1.0000000000000022,0.0,0.0
0.0,1.0000000000000022,0.0,0.0
0.0,1.0000000000000022,0.0,0.0
0.0,1.0000000000000022,0.0,0.0
0.0,1.0000000000000022,0.0,0.0
0.0,1.0000000000000022,0.0,0.0
0.0,1.0000000000000022,0.0,0.0
0.0,1.0000000000000022,0.0,0.0
0.0,1.0000000000000022,0.0,0.0
0.0,1.0000000000000022,0.0,0.0
0.0,1.0000000000000022,0.0,0.0
0.0,1.0000000000000022,0.0,0.0
0.0,1.0000000000000022,0.0,0.0
0.0,1.0000000000000022,0.0,0.0
0.0,1.0000000000000022,0.0,0.0
0.0,1.0000000000000022,0.0,0.0
0.0,1.0000000000000022,0.0,0.0
0.0,1.0000000000000022,0.0,0.0
0.0,1.0000000000000022,0.0,0.0
0.0,1.0000000000000022,0.0,0.0
0.0,1.0000000000000022,0.0,0.0
0.0,1.0000000000000022,0.0,0.0
0.0,1.0000000000000022,0.0,0.0
0.0,1.0000000000000022,0.0,0.0
0.0,1.0000000000000022,0.0,0.0
0.0,1.0000000000000022,0.0,0.0
0.0,1.0000000000000022,0.0,0.0
0.0,1.0000000000000022,0.0,0.0
0.0,1.0000000000000022,0.0,0.0
0.0,1.0000000000000022,0.0,0.0
0.0,1.0000000000000022,0.0,0.0
0.0,1.0000000000000022,0.0,0.0
0.0,1.0000000000000022,0.0,0.0
0.0,1.0000000000000022,0.0,0.0
0.0,1.0000000000000022,0.0,0.0
0.0,1.0000000000000022,0.0,0.0
0.0,1.0000000000000022,0.0,0.0
0.0,1.0000000000000022,0.0,0.0
0.0,1.0000000000000022,0.0,0.0
0.0,1.0000000000000022,0.0,0.0
0.0,1.0000000000000022,0.0,0.0
0.0,1.0000000000000022,0.0,0.0
0.0,1.0000000000000022,0.0,0.0
0.0,1.0000000000000022,0.0,0.0
0.0,1.0000000000000022,0.0,0.0
0.0,1.0000000000000022,0.0,0.0
0.0,1.0000000000000022,0.0,0.0
0.0,1.0000000000000022,0.0,0.0
0.0,1.0000000000000022,0.0,0.0
0.0,1.0000000000000022,0.0,0.0
0.0,1.0000000000000022,0.0,0.0
0.0,1.0000000000000022,0.0,0.0
0.0,1.0000000000000022,0.0,0.0
0.0,1.0000000000000022,0.0,0.0
0.0,1.0000000000000022,0.0,0.0
0.0,1.0000000000000022,0.0,0.0
0.0,1.0000000000000022,0.0,0.0
0.0,1.0000000000000022,0.0,0.0
0.0,1.0000000000000022,0.0,0.0
0.0,1.0000000000000022,0.0,0.0
0.0,1.0000000000000022,0.0,0.0
0.0,1.0000000000000022,0.0,0.0
0.0,1.0000000000000022,0.0,0.0
0.0,1.0000000000000022,0.0,0.0
0.0,1.0000000000000022,0.0,0.0
0.0,1.0000000000000022,0.0,0.0
0.0,1.0000000000000022,0.0,0.0
0.0,1.0000000000000022,0.0,0.0
0.0,1.0000000000000022,0.0,0.0
0.0,1.0000000000000022,0.0,0.0
0.0,1.0000000000000022,0.0,0.0
0.0,1.0000000000000022,0.0,0.0
0.0,1.0000000000000022,0.0,0.0
0.0,1.0000000000000022,0.0,0.0
0.0,1.0000000000000022,0.0,0.0
0.0,1.0000000000000022,0.0,0.0
0.0,1.0000000000000022,0.0,0.0
0.0,1.0000000000000022,0.0,0.0
0.0,1.0000000000000022,0.0,0.0
0.0,1.0000000000000022,0.0,0.0
0.0,1.0000000000000022,0.0,0.0
0.0,1.0000000000000022,0.0,0.0
0.0,1.0000000000000022,0.0,0.0
0.0,1.0000000000000022,0.0,0.0
0.0,1.0000000000000022,0.0,0.0
0.0,1.0000000000000022,0.0,0.0
0.0,1.0000000000000022,0.0,0.0
0.0,1.0000000000000022,0.0,0.0
0.0,1.0000000000000022,0.0,0.0
0.0,1.0000000000000022,0.0,0.0
0.0,1.0000000000000022,0.0,0.0
0.0,1.0000000000000022,0.0,0.0
0.0,1.0000000000000022,0.0,0.0
0.0,1.0000000000000022,0.0,0.0
0.0,1.0000000000000022,0.0,0.0
0.0,1.0000000000000022,0.0,0.0
0.0,1.0000000000000022,0.0,0.0
0.0,1.0000000000000022,0.0,0.0
0.0,1.0000000000000022,0.0,0.0
0.0,1.0000000000000022,0.0,0.0
0.0,1.0000000000000022,0.0,0.0
0.0,1.0000000000000022,0.0,0.0
0.0,1.0000000000000022,0.0,0.0
0.0,1.0000000000000022,0.0,0.0
0.0,1.0000000000000022,0.0,0.0
0.0,1.0000000000000022,0.0,0.0
0.0,1.0000000000000022,0.0,0.0
0.0,1.0000000000000022,0.0,0.0
0.0,1.0000000000000022,0.0,0.0
0.0,1.0000000000000022,0.0,0.0
0.0,1.0000000000000022,0.0,0.0
0.0,1.0000000000000022,0.0,0.0
0.0,1.0000000000000022,0.0,0.0
0.0,1.0000000000000022,0.0,0.0
0.0,1.0000000000000022,0.0,0.0
0.0,1.0000000000000022,0.0,0.0
0.0,1.0000000000000022,0.0,0.0
0.0,1.0000000000000022,0.0,0.0
0.0,1.0000000000000022,0.0,0.0
0.0,1.0000000000000022,0.0,0.0
0.0,1.0000000000000022,0.0,0.0
0.0,1.0000000000000022,0.0,0.0
0.0,1.0000000000000022,0.0,0.0
0.0,1.0000000000000022,0.0,0.0
0.0,1.0000000000000022,0.0,0.0
0.0,1.0000000000000022,0.0,0.0
0.0,1.0000000000000022,0.0,0.0
0.0,1.0000000000000022,0.0,0.0
0.0,1.0000000000000022,0.0,0.0
0.0,1.0000000000000022,0.0,0.0
0.0,1.0000000000000022,0.0,0.0
0.0,1.0000000000000022,0.0,0.0
0.0,1.0000000000000022,0.0,0.0
0.0,1.0000000000000022,0.0,0.0
0.0,1.0000000000000022,0.0,0.0
0.0,1.0000000000000022,0.0,0.0
0.0,1.0000000000000022,0.0,0.0
0.0,1.0000000000000022,0.0,0.0
0.0,1.0000000000000022,0.0,0.0
0.0,1.0000000000000022,0.0,0.0
0.0,1.0000000000000022,0.0,0.0
0.0,1.0000000000000022,0.0,0.0
0.0,1.0000000000000022,0.0,0.0
0.0,1.0000000000000022,0.0,0.0
0.0,1.0000000000000022,0.0,0.0
0.0,1.0000000000000022,0.0,0.0
0.0,1.0000000000000022,0.0,0.0
0.0,1.0000000000000022,0.0,0.0
0.0,1.0000000000000022,0.0,0.0
0.0,1.0000000000000022,0.0,0.0
0.0,1.0000000000000022,0.0,0.0
0.0,1.0000000000000022,0.0,0.0
0.0,1.0000000000000022,0.0,0.0
0.0,1.0000000000000022,0.0,0.0
0.0,1.0000000000000022,0.0,0.0
0.0,1.0000000000000022,0.0,0.0
0.0,1.0000000000000022,0.0,0.0
0.0,1.0000000000000022,0.0,0.0
0.0,1.0000000000000022,0.0,0.0
0.0,1.0000000000000022,0.0,0.0
0.0,1.0000000000000022,0.0,0.0
0.0,1.0000000000000022,0.0,0.0
0.0,1.0000000000000022,0.0,0.0
0.0,1.0000000000000022,0.0,0.0
0.0,1.0000000000000022,0.0,0.0
0.0,1.0000000000000022,0.0,0.0
0.0,1.0000000000000022,0.0,0.0
0.0,1.0000000000000022,0.0,0.0
0.0,1.0000000000000022,0.0,0.0
0.0,1.0000000000000022,0.0,0.0
0.0,1.0000000000000022,0.0,0.0
0.0,1.0000000000000022,0.0,0.0
0.0,1.0000000000000022,0.0,0.0
0.0,1.0000000000000022,0.0,0.0
0.0,1.0000000000000022,0.0,0.0
0.0,1.0000000000000022,0.0,0.0
0.0,1.0000000000000022,0.0,0.0
0.0,1.0000000000000022,0.0,0.0
0.0,1.0000000000000022,0.0,0.0
0.0,1.0000000000000022,0.0,0.0
0.0,1.0000000000000022,0.0,0.0
0.0,1.0000000000000022,0.0,0.0
0.0,1.0000000000000022,0.0,0.0
0.0,1.0000000000000022,0.0,0.0
0.0,1.0000000000000022,0.0,0.0
0.0,1.0000000000000022,0.0,0.0
0.0,1.0000000000000022,0.0,0.0
0.0,1.0000000000000022,0.0,0.0
0.0,1.0000000000000022,0.0,0.0
0.0,1.0000000000000022,0.0,0.0
0.0,1.0000000000000022,0.0,0.0
0.0,1.0000000000000022,0.0,0.0
0.0,1.0000000000000022,0.0,0.0
0.0,1.0000000000000022,0.0,0.0
0.0,1.0000000000000022,0.0,0.0
0.0,1.0000000000000022,0.0,0.0
0.0,1.0000000000000022,0.0,0.0
0.0,1.0000000000000022,0.0,0.0
0.0,1.0000000000000022,0.0,0.0
0.0,1.0000000000000022,0.0,0.0
0.0,1.0000000000000022,0.0,0.0
0.0,1.0000000000000022,0.0,0.0
0.0,1.0000000000000022,0.0,0.0
0.0,1.0000000000000022,0.0,0.0
0.0,1.0000000000000022,0.0,0.0
0.0,1.0000000000000022,0.0,0.0
0.0,1.0000000000000022,0.0,0.0
0.0,1.0000000000000022,0.0,0.0
0.0,1.0000000000000022,0.0,0.0
0.0,1.0000000000000022,0.0,0.0
0.0,1.0000000000000022,0.0,0.0
0.0,1.0000000000000022,0.0,0.0
0.0,1.0000000000000022,0.0,0.0
0.0,1.0000000000000022,0.0,0.0
0.0,1.0000000000000022,0.0,0.0
0.0,1.0000000000000022,0.0,0.0
0.0,1.0000000000000022,0.0,0.0
0.0,1.0000000000000022,0.0,0.0
0.0,1.0000000000000022,0.0,0.0
0.0,1.0000000000000022,0.0,0.0
0.0,1.0000000000000022,0.0,0.0
0.0,1.0000000000000022,0.0,0.0
0.0,1.0000000000000022,0.0,0.0
0.0,1.0000000000000022,0.0,0.0
0.0,1.0000000000000022,0.0,0.0
0.0,1.0000000000000022,0.0,0.0
0.0,1.0000000000000022,0.0,0.0
0.0,1.0000000000000022,0.0,0.0
0.0,1.0000000000000022,0.0,0.0
0.0,1.0000000000000022,0.0,0.0
0.0,1.0000000000000022,0.0,0.0
0.0,1.0000000000000022,0.0,0.0
0.0,1.0000000000000022,0.0,0.0
0.0,1.0000000000000022,0.0,0.0
0.0,1.0000000000000022,0.0,0.0
0.0,1.0000000000000022,0.0,0.0
0.0,1.0000000000000022,0.0,0.0
0.0,1.0000000000000022,0.0,0.0
0.0,1.0000000000000022,0.0,0.0
0.0,1.0000000000000022,0.0,0.0
0.0,1.0000000000000022,0.0,0.0
0.0,1.0000000000000022,0.0,0.0
0.0,1.0000000000000022,0.0,0.0
0.0,1.0000000000000022,0.0,0.0
0.0,1.0000000000000022,0.0,0.0
0.0,1.0000000000000022,0.0,0.0
0.0,1.0000000000000022,0.0,0.0
0.0,1.0000000000000022,0.0,0.0
0.0,1.0000000000000022,0.0,0.0
0.0,1.0000000000000022,0.0,0.0
0.0,1.0000000000000022,0.0,0.0
0.0,1.0000000000000022,0.0,0.0
0.0,1.0000000000000022,0.0,0.0
0.0,1.0000000000000022,0.0,0.0
0.0,1.0000000000000022,0.0,0.0
0.0,1.0000000000000022,0.0,0.0
0.0,1.0000000000000022,0.0,0.0
0.0,1.0000000000000022,0.0,0.0
0.0,1.0000000000000022,0.0,0.0
0.0,1.0000000000000022,0.0,0.0
0.0,1.0000000000000022,0.0,0.0
0.0,1.0000000000000022,0.0,0.0
0.0,1.0000000000000022,0.0,0.0
0.0,1.0000000000000022,0.0,0.0
0.0,1.0000000000000022,0.0,0.0
0.0,1.0000000000000022,0.0,0.0
0.0,1.0000000000000022,0.0,0.0
0.0,1.0000000000000022,0.0,0.0
0.0,1.0000000000000022,0.0,0.0
0.0,1.0000000000000022,0.0,0.0
0.0,1.0000000000000022,0.0,0.0
0.0,1.0000000000000022,0.0,0.0
0.0,1.0000000000000022,0.0,0.0
0.0,1.0000000000000022,0.0,0.0
0.0,1.0000000000000022,0.0,0.0
0.0,1.0000000000000022,0.0,0.0
0.0,1.0000000000000022,0.0,0.0
0.0,1.0000000000000022,0.0,0.0
0.0,1.0000000000000022,0.0,0.0
0.0,1.0000000000000022,0.0,0.0
0.0,1.0000000000000022,0.0,0.0
0.0,1.0000000000000022,0.0,0.0
0.0,1.0000000000000022,0.0,0.0
0.0,1.0000000000000022,0.0,0.0
0.0,1.0000000000000022,0.0,0.0
0.0,1.0000000000000022,0.0,0.0
0.0,1.0000000000000022,0.0,0.0
0.0,1.0000000000000022,0.0,0.0
0.0,1.0000000000000022,0.0,0.0
0.0,1.0000000000000022,0.0,0.0
0.0,1.0000000000000022,0.0,0.0
0.0,1.0000000000000022,0.0,0.0
0.0,1.0000000000000022,0.0,0.0
0.0,1.0000000000000022,0.0,0.0
0.0,1.0000000000000022,0.0,0.0
0.0,1.0000000000000022,0.0,0.0
0.0,1.0000000000000022,0.0,0.0
0.0,1.0000000000000022,0.0,0.0
0.0,1.0000000000000022,0.0,0.0
0.0,1.0000000000000022,0.0,0.0
0.0,1.0000000000000022,0.0,0.0
0.0,1.0000000000000022,0.0,0.0
0.0,1.0000000000000022,0.0,0.0
0.0,1.0000000000000022,0.0,0.0
0.0,1.0000000000000022,0.0,0.0
0.0,1.0000000000000022,0.0,0.0
0.0,1.0000000000000022,0.0,0.0
0.0,1.0000000000000022,0.0,0.0
0.0,1.0000000000000022,0.0,0.0
0.0,1.0000000000000022,0.0,0.0
0.0,1.0000000000000022,0.0,0.0
0.0,1.0000000000000022,0.0,0.0
0.0,1.0000000000000022,0.0,0.0
0.0,1.0000000000000022,0.0,0.0
0.0,1.0000000000000022,0.0,0.0
0.0,1.0000000000000022,0.0,0.0
0.0,1.0000000000000022,0.0,0.0
0.0,1.0000000000000022,0.0,0.0
0.0,1.0000000000000022,0.0,0.0
0.0,1.0000000000000022,0.0,0.0
0.0,1.0000000000000022,0.0,0.0
0.0,1.0000000000000022,0.0,0.0
0.0,1.0000000000000022,0.0,0.0
0.0,1.0000000000000022,0.0,0.0
0.0,1.0000000000000022,0.0,0.0
0.0,1.0000000000000022,0.0,0.0
0.0,1.0000000000000022,0.0,0.0
0.0,1.0000000000000022,0.0,0.0
0.0,1.0000000000000022,0.0,0.0
0.0,1.0000000000000022,0.0,0.0
0.0,1.0000000000000022,0.0,0.0
0.0,1.0000000000000022,0.0,0.0
0.0,1.0000000000000022,0.0,0.0
0.0,1.0000000000000022,0.0,0.0
0.0,1.0000000000000022,0.0,0.0
0.0,1.0000000000000022,0.0,0.0
0.0,1.0000000000000022,0.0,0.0
0.0,1.0000000000000022,0.0,0.0
0.0,1.0000000000000022,0.0,0.0
0.0,1.0000000000000022,0.0,0.0
0.0,1.0000000000000022,0.0,0.0
0.0,1.0000000000000022,0.0,0.0
0.0,1.0000000000000022,0.0,0.0
0.0,1.0000000000000022,0.0,0.0
0.0,1.0000000000000022,0.0,0.0
0.0,1.0000000000000022,0.0,0.0
0.0,1.0000000000000022,0.0,0.0
0.0,1.0000000000000022,0.0,0.0
0.0,1.0000000000000022,0.0,0.0
0.0,1.0000000000000022,0.0,0.0
0.0,1.0000000000000022,0.0,0.0
0.0,1.0000000000000022,0.0,0.0
0.0,1.0000000000000022,0.0,0.0
0.0,1.0000000000000022,0.0,0.0
0.0,1.0000000000000022,0.0,0.0
0.0,1.0000000000000022,0.0,0.0
0.0,1.0000000000000022,0.0,0.0
0.0,1.0000000000000022,0.0,0.0
0.0,1.0000000000000022,0.0,0.0
0.0,1.0000000000000022,0.0,0.0
0.0,1.0000000000000022,0.0,0.0
0.0,1.0000000000000022,0.0,0.0
0.0,1.0000000000000022,0.0,0.0
0.0,1.0000000000000022,0.0,0.0
0.0,1.0000000000000022,0.0,0.0
0.0,1.0000000000000022,0.0,0.0
0.0,1.0000000000000022,0.0,0.0
0.0,1.0000000000000022,0.0,0.0
0.0,1.0000000000000022,0.0,0.0
0.0,1.0000000000000022,0.0,0.0
0.0,1.0000000000000022,0.0,0.0
0.0,1.0000000000000022,0.0,0.0
0.0,1.0000000000000022,0.0,0.0
0.0,1.0000000000000022,0.0,0.0
0.0,1.0000000000000022,0.0,0.0
0.0,1.0000000000000022,0.0,0.0
0.0,1.0000000000000022,0.0,0.0
0.0,1.0000000000000022,0.0,0.0
0.0,1.0000000000000022,0.0,0.0
0.0,1.0000000000000022,0.0,0.0
0.0,1.0000000000000022,0.0,0.0
0.0,1.0000000000000022,0.0,0.0
0.0,1.0000000000000022,0.0,0.0
0.0,1.0000000000000022,0.0,0.0
0.0,1.0000000000000022,0.0,0.0
0.0,1.0000000000000022,0.0,0.0
0.0,1.0000000000000022,0.0,0.0
0.0,1.0000000000000022,0.0,0.0
0.0,1.0000000000000022,0.0,0.0
0.0,1.0000000000000022,0.0,0.0
0.0,1.0000000000000022,0.0,0.0
0.0,1.0000000000000022,0.0,0.0
0.0,1.0000000000000022,0.0,0.0
0.0,1.0000000000000022,0.0,0.0
0.0,1.0000000000000022,0.0,0.0
0.0,1.0000000000000022,0.0,0.0
0.0,1.0000000000000022,0.0,0.0
0.0,1.0000000000000022,0.0,0.0
0.0,1.0000000000000022,0.0,0.0
0.0,1.0000000000000022,0.0,0.0
0.0,1.0000000000000022,0.0,0.0
0.0,1.0000000000000022,0.0,0.0
0.0,1.0000000000000022,0.0,0.0
0.0,1.0000000000000022,0.0,0.0
0.0,1.0000000000000022,0.0,0.0
0.0,1.0000000000000022,0.0,0.0
0.0,1.0000000000000022,0.0,0.0
0.0,1.0000000000000022,0.0,0.0
0.0,1.0000000000000022,0.0,0.0
0.0,1.0000000000000022,0.0,0.0
0.0,1.0000000000000022,0.0,0.0
0.0,1.0000000000000022,0.0,0.0
0.0,1.0000000000000022,0.0,0.0
0.0,1.0000000000000022,0.0,0.0
0.0,1.0000000000000022,0.0,0.0
0.0,1.0000000000000022,0.0,0.0
0.0,1.0000000000000022,0.0,0.0
0.0,1.0000000000000022,0.0,0.0
0.0,1.0000000000000022,0.0,0.0
0.0,1.0000000000000022,0.0,0.0
0.0,1.0000000000000022,0.0,0.0
0.0,1.0000000000000022,0.0,0.0
0.0,1.0000000000000022,0.0,0.0
0.0,1.0000000000000022,0.0,0.0
0.0,1.0000000000000022,0.0,0.0
0.0,1.0000000000000022,0.0,0.0
0.0,1.0000000000000022,0.0,0.0
0.0,1.0000000000000022,0.0,0.0
0.0,1.0000000000000022,0.0,0.0
0.0,1.0000000000000022,0.0,0.0
0.0,1.0000000000000022,0.0,0.0
0.0,1.0000000000000022,0.0,0.0
0.0,1.0000000000000022,0.0,0.0
0.0,1.0000000000000022,0.0,0.0
0.0,1.0000000000000022,0.0,0.0
0.0,1.0000000000000022,0.0,0.0
0.0,1.0000000000000022,0.0,0.0
0.0,1.0000000000000022,0.0,0.0
0.0,1.0000000000000022,0.0,0.0
0.0,1.0000000000000022,0.0,0.0
0.0,1.0000000000000022,0.0,0.0
0.0,1.0000000000000022,0.0,0.0
0.0,1.0000000000000022,0.0,0.0
0.0,1.0000000000000022,0.0,0.0
0.0,1.0000000000000022,0.0,0.0
0.0,1.0000000000000022,0.0,0.0
0.0,1.0000000000000022,0.0,0.0
0.0,1.0000000000000022,0.0,0.0
0.0,1.0000000000000022,0.0,0.0
0.0,1.0000000000000022,0.0,0.0
0.0,1.0000000000000022,0.0,0.0
0.0,1.0000000000000022,0.0,0.0
0.0,1.0000000000000022,0.0,0.0
0.0,1.0000000000000022,0.0,0.0
0.0,1.0000000000000022,0.0,0.0
0.0,1.0000000000000022,0.0,0.0
0.0,1.0000000000000022,0.0,0.0
0.0,1.0000000000000022,0.0,0.0
0.0,1.0000000000000022,0.0,0.0
0.0,1.0000000000000022,0.0,0.0
0.0,1.0000000000000022,0.0,0.0
0.0,1.0000000000000022,0.0,0.0
0.0,1.0000000000000022,0.0,0.0
0.0,1.0000000000000022,0.0,0.0
0.0,1.0000000000000022,0.0,0.0
0.0,1.0000000000000022,0.0,0.0
0.0,1.0000000000000022,0.0,0.0
0.0,1.0000000000000022,0.0,0.0
0.0,1.0000000000000022,0.0,0.0
0.0,1.0000000000000022,0.0,0.0
0.0,1.0000000000000022,0.0,0.0
0.0,1.0000000000000022,0.0,0.0
0.0,1.0000000000000022,0.0,0.0
0.0,1.0000000000000022,0.0,0.0
0.0,1.0000000000000022,0.0,0.0
0.0,1.0000000000000022,0.0,0.0
0.0,1.0000000000000022,0.0,0.0
0.0,1.0000000000000022,0.0,0.0
0.0,1.0000000000000022,0.0,0.0
0.0,1.0000000000000022,0.0,0.0
0.0,1.0000000000000022,0.0,0.0
0.0,1.0000000000000022,0.0,0.0
0.0,1.0000000000000022,0.0,0.0
0.0,1.0000000000000022,0.0,0.0
0.0,1.0000000000000022,0.0,0.0
0.0,1.0000000000000022,0.0,0.0
0.0,1.0000000000000022,0.0,0.0
0.0,1.0000000000000022,0.0,0.0
0.0,1.0000000000000022,0.0,0.0
0.0,1.0000000000000022,0.0,0.0
0.0,1.0000000000000022,0.0,0.0
0.0,1.0000000000000022,0.0,0.0
0.0,1.0000000000000022,0.0,0.0
0.0,1.0000000000000022,0.0,0.0
0.0,1.0000000000000022,0.0,0.0
0.0,1.0000000000000022,0.0,0.0
0.0,1.0000000000000022,0.0,0.0
0.0,1.0000000000000022,0.0,0.0
0.0,1.0000000000000022,0.0,0.0
0.0,1.0000000000000022,0.0,0.0
0.0,1.0000000000000022,0.0,0.0
0.0,1.0000000000000022,0.0,0.0
0.0,1.0000000000000022,0.0,0.0
0.0,1.0000000000000022,0.0,0.0
0.0,1.0000000000000022,0.0,0.0
0.0,1.0000000000000022,0.0,0.0
0.0,1.0000000000000022,0.0,0.0
0.0,1.0000000000000022,0.0,0.0
0.0,1.0000000000000022,0.0,0.0
0.0,1.0000000000000022,0.0,0.0
0.0,1.0000000000000022,0.0,0.0
0.0,1.0000000000000022,0.0,0.0
0.0,1.0000000000000022,0.0,0.0
0.0,1.0000000000000022,0.0,0.0
0.0,1.0000000000000022,0.0,0.0
0.0,1.0000000000000022,0.0,0.0
0.0,1.0000000000000022,0.0,0.0
0.0,1.0000000000000022,0.0,0.0
0.0,1.0000000000000022,0.0,0.0
0.0,1.0000000000000022,0.0,0.0
0.0,1.0000000000000022,0.0,0.0
0.0,1.0000000000000022,0.0,0.0
0.0,1.0000000000000022,0.0,0.0
0.0,1.0000000000000022,0.0,0.0
0.0,1.0000000000000022,0.0,0.0
0.0,1.0000000000000022,0.0,0.0
0.0,1.0000000000000022,0.0,0.0
0.0,1.0000000000000022,0.0,0.0
0.0,1.0000000000000022,0.0,0.0
0.0,1.0000000000000022,0.0,0.0
0.0,1.0000000000000022,0.0,0.0
0.0,1.0000000000000022,0.0,0.0
0.0,1.0000000000000022,0.0,0.0
0.0,1.0000000000000022,0.0,0.0
0.0,1.0000000000000022,0.0,0.0
0.0,1.0000000000000022,0.0,0.0
0.0,1.0000000000000022,0.0,0.0
0.0,1.0000000000000022,0.0,0.0
0.0,1.0000000000000022,0.0,0.0
0.0,1.0000000000000022,0.0,0.0
0.0,1.0000000000000022,0.0,0.0
0.0,1.0000000000000022,0.0,0.0
0.0,1.0000000000000022,0.0,0.0
0.0,1.0000000000000022,0.0,0.0
0.0,1.0000000000000022,0.0,0.0
0.0,1.0000000000000022,0.0,0.0
0.0,1.0000000000000022,0.0,0.0
0.0,1.0000000000000022,0.0,0.0
0.0,1.0000000000000022,0.0,0.0
0.0,1.0000000000000022,0.0,0.0
0.0,1.0000000000000022,0.0,0.0
0.0,1.0000000000000022,0.0,0.0
0.0,1.0000000000000022,0.0,0.0
0.0,1.0000000000000022,0.0,0.0
0.0,1.0000000000000022,0.0,0.0
0.0,1.0000000000000022,0.0,0.0
0.0,1.0000000000000022,0.0,0.0
0.0,1.0000000000000022,0.0,0.0
0.0,1.0000000000000022,0.0,0.0
0.0,1.0000000000000022,0.0,0.0
0.0,1.0000000000000022,0.0,0.0
0.0,1.0000000000000022,0.0,0.0
0.0,1.0000000000000022,0.0,0.0
0.0,1.0000000000000022,0.0,0.0
0.0,1.0000000000000022,0.0,0.0
0.0,1.0000000000000022,0.0,0.0
0.0,1.0000000000000022,0.0,0.0
0.0,1.0000000000000022,0.0,0.0
0.0,1.0000000000000022,0.0,0.0
0.0,1.0000000000000022,0.0,0.0
0.0,1.0000000000000022,0.0,0.0
0.0,1.0000000000000022,0.0,0.0
0.0,1.0000000000000022,0.0,0.0
0.0,1.0000000000000022,0.0,0.0
0.0,1.0000000000000022,0.0,0.0
0.0,1.0000000000000022,0.0,0.0
0.0,1.0000000000000022,0.0,0.0
0.0,1.0000000000000022,0.0,0.0
0.0,1.0000000000000022,0.0,0.0
0.0,1.0000000000000022,0.0,0.0
0.0,1.0000000000000022,0.0,0.0
0.0,1.0000000000000022,0.0,0.0
0.0,1.0000000000000022,0.0,0.0
0.0,1.0000000000000022,0.0,0.0
0.0,1.0000000000000022,0.0,0.0
0.0,1.0000000000000022,0.0,0.0
0.0,1.0000000000000022,0.0,0.0
0.0,1.0000000000000022,0.0,0.0
0.0,1.0000000000000022,0.0,0.0
0.0,1.0000000000000022,0.0,0.0
0.0,1.0000000000000022,0.0,0.0
0.0,1.0000000000000022,0.0,0.0
0.0,1.0000000000000022,0.0,0.0
0.0,1.0000000000000022,0.0,0.0
0.0,1.0000000000000022,0.0,0.0
0.0,1.0000000000000022,0.0,0.0
0.0,1.0000000000000022,0.0,0.0
0.0,1.0000000000000022,0.0,0.0
0.0,1.0000000000000022,0.0,0.0
0.0,1.0000000000000022,0.0,0.0
0.0,1.0000000000000022,0.0,0.0
0.0,1.0000000000000022,0.0,0.0
0.0,1.0000000000000022,0.0,0.0
0.0,1.0000000000000022,0.0,0.0
0.0,1.0000000000000022,0.0,0.0
0.0,1.0000000000000022,0.0,0.0
0.0,1.0000000000000022,0.0,0.0
0.0,1.0000000000000022,0.0,0.0
0.0,1.0000000000000022,0.0,0.0
0.0,1.0000000000000022,0.0,0.0
0.0,1.0000000000000022,0.0,0.0
0.0,1.0000000000000022,0.0,0.0
0.0,1.0000000000000022,0.0,0.0
0.0,1.0000000000000022,0.0,0.0
0.0,1.0000000000000022,0.0,0.0
0.0,1.0000000000000022,0.0,0.0
0.0,1.0000000000000022,0.0,0.0
0.0,1.0000000000000022,0.0,0.0
0.0,1.0000000000000022,0.0,0.0
0.0,1.0000000000000022,0.0,0.0
0.0,1.0000000000000022,0.0,0.0
0.0,1.0000000000000022,0.0,0.0
0.0,1.0000000000000022,0.0,0.0
0.0,1.0000000000000022,0.0,0.0
0.0,1.0000000000000022,0.0,0.0
0.0,1.0000000000000022,0.0,0.0
0.0,1.0000000000000022,0.0,0.0
0.0,1.0000000000000022,0.0,0.0
0.0,1.0000000000000022,0.0,0.0
0.0,1.0000000000000022,0.0,0.0
0.0,1.0000000000000022,0.0,0.0
0.0,1.0000000000000022,0.0,0.0
0.0,1.0000000000000022,0.0,0.0
0.0,1.0000000000000022,0.0,0.0
0.0,1.0000000000000022,0.0,0.0
0.0,1.0000000000000022,0.0,0.0
0.0,1.0000000000000022,0.0,0.0
0.0,1.0000000000000022,0.0,0.0
0.0,1.0000000000000022,0.0,0.0
0.0,1.0000000000000022,0.0,0.0
0.0,1.0000000000000022,0.0,0.0
0.0,1.0000000000000022,0.0,0.0
0.0,1.0000000000000022,0.0,0.0
0.0,1.0000000000000022,0.0,0.0
0.0,1.0000000000000022,0.0,0.0
0.0,1.0000000000000022,0.0,0.0
0.0,1.0000000000000022,0.0,0.0
0.0,1.0000000000000022,0.0,0.0
0.0,1.0000000000000022,0.0,0.0
0.0,1.0000000000000022,0.0,0.0
0.0,1.0000000000000022,0.0,0.0
0.0,1.0000000000000022,0.0,0.0
0.0,1.0000000000000022,0.0,0.0
0.0,1.0000000000000022,0.0,0.0
0.0,1.0000000000000022,0.0,0.0
0.0,1.0000000000000022,0.0,0.0
0.0,1.0000000000000022,0.0,0.0
0.0,1.0000000000000022,0.0,0.0
0.0,1.0000000000000022,0.0,0.0
0.0,1.0000000000000022,0.0,0.0
0.0,1.0000000000000022,0.0,0.0
0.0,1.0000000000000022,0.0,0.0
0.0,1.0000000000000022,0.0,0.0
0.0,1.0000000000000022,0.0,0.0
0.0,1.0000000000000022,0.0,0.0
0.0,1.0000000000000022,0.0,0.0
0.0,1.0000000000000022,0.0,0.0
0.0,1.0000000000000022,0.0,0.0
0.0,1.0000000000000022,0.0,0.0
0.0,1.0000000000000022,0.0,0.0
0.0,1.0000000000000022,0.0,0.0
0.0,1.0000000000000022,0.0,0.0
0.0,1.0000000000000022,0.0,0.0
0.0,1.0000000000000022,0.0,0.0
0.0,1.0000000000000022,0.0,0.0
0.0,1.0000000000000022,0.0,0.0
0.0,1.0000000000000022,0.0,0.0
0.0,1.0000000000000022,0.0,0.0
0.0,1.0000000000000022,0.0,0.0
0.0,1.0000000000000022,0.0,0.0
0.0,1.0000000000000022,0.0,0.0
0.0,1.0000000000000022,0.0,0.0
0.0,1.0000000000000022,0.0,0.0
0.0,1.0000000000000022,0.0,0.0
0.0,1.0000000000000022,0.0,0.0
0.0,1.0000000000000022,0.0,0.0
0.0,1.0000000000000022,0.0,0.0
0.0,1.0000000000000022,0.0,0.0
0.0,1.0000000000000022,0.0,0.0
0.0,1.0000000000000022,0.0,0.0
0.0,1.0000000000000022,0.0,0.0
0.0,1.0000000000000022,0.0,0.0
0.0,1.0000000000000022,0.0,0.0
0.0,1.0000000000000022,0.0,0.0
0.0,1.0000000000000022,0.0,0.0
0.0,1.0000000000000022,0.0,0.0
0.0,1.0000000000000022,0.0,0.0
0.0,1.0000000000000022,0.0,0.0
0.0,1.0000000000000022,0.0,0.0
0.0,1.0000000000000022,0.0,0.0
0.0,1.0000000000000022,0.0,0.0
0.0,1.0000000000000022,0.0,0.0
0.0,1.0000000000000022,0.0,0.0
0.0,1.0000000000000022,0.0,0.0
0.0,1.0000000000000022,0.0,0.0
0.0,1.0000000000000022,0.0,0.0
0.0,1.0000000000000022,0.0,0.0
0.0,1.0000000000000022,0.0,0.0
0.0,1.0000000000000022,0.0,0.0
0.0,1.0000000000000022,0.0,0.0
0.0,1.0000000000000022,0.0,0.0
0.0,1.0000000000000022,0.0,0.0
0.0,1.0000000000000022,0.0,0.0
0.0,1.0000000000000022,0.0,0.0
0.0,1.0000000000000022,0.0,0.0
0.0,1.0000000000000022,0.0,0.0
0.0,1.0000000000000022,0.0,0.0
0.0,1.0000000000000022,0.0,0.0
0.0,1.0000000000000022,0.0,0.0
0.0,1.0000000000000022,0.0,0.0
0.0,1.0000000000000022,0.0,0.0
0.0,1.0000000000000022,0.0,0.0
0.0,1.0000000000000022,0.0,0.0
0.0,1.0000000000000022,0.0,0.0
0.0,1.0000000000000022,0.0,0.0
0.0,1.0000000000000022,0.0,0.0
0.0,1.0000000000000022,0.0,0.0
0.0,1.0000000000000022,0.0,0.0
0.0,1.0000000000000022,0.0,0.0
0.0,1.0000000000000022,0.0,0.0
0.0,1.0000000000000022,0.0,0.0
0.0,1.0000000000000022,0.0,0.0
0.0,1.0000000000000022,0.0,0.0
0.0,1.0000000000000022,0.0,0.0
0.0,1.0000000000000022,0.0,0.0
0.0,1.0000000000000022,0.0,0.0
0.0,1.0000000000000022,0.0,0.0
0.0,1.0000000000000022,0.0,0.0
0.0,1.0000000000000022,0.0,0.0
0.0,1.0000000000000022,0.0,0.0
0.0,1.0000000000000022,0.0,0.0
0.0,1.0000000000000022,0.0,0.0
0.0,1.0000000000000022,0.0,0.0
0.0,1.0000000000000022,0.0,0.0
0.0,1.0000000000000022,0.0,0.0
0.0,1.0000000000000022,0.0,0.0
0.0,1.0000000000000022,0.0,0.0
0.0,1.0000000000000022,0.0,0.0
0.0,1.0000000000000022,0.0,0.0
0.0,1.0000000000000022,0.0,0.0
0.0,1.0000000000000022,0.0,0.0
0.0,1.0000000000000022,0.0,0.0
0.0,1.0000000000000022,0.0,0.0
0.0,1.0000000000000022,0.0,0.0
0.0,1.0000000000000022,0.0,0.0
0.0,1.0000000000000022,0.0,0.0
0.0,1.0000000000000022,0.0,0.0
0.0,1.0000000000000022,0.0,0.0
0.0,1.0000000000000022,0.0,0.0
0.0,1.0000000000000022,0.0,0.0
0.0,1.0000000000000022,0.0,0.0
0.0,1.0000000000000022,0.0,0.0
0.0,1.0000000000000022,0.0,0.0
0.0,1.0000000000000022,0.0,0.0
0.0,1.0000000000000022,0.0,0.0
0.0,1.0000000000000022,0.0,0.0
0.0,1.0000000000000022,0.0,0.0
0.0,1.0000000000000022,0.0,0.0
0.0,1.0000000000000022,0.0,0.0
0.0,1.0000000000000022,0.0,0.0
0.0,1.0000000000000022,0.0,0.0
0.0,1.0000000000000022,0.0,0.0
0.0,1.0000000000000022,0.0,0.0
0.0,1.0000000000000022,0.0,0.0
0.0,1.0000000000000022,0.0,0.0
0.0,1.0000000000000022,0.0,0.0
0.0,1.0000000000000022,0.0,0.0
0.0,1.0000000000000022,0.0,0.0
0.0,1.0000000000000022,0.0,0.0
0.0,1.0000000000000022,0.0,0.0
0.0,1.0000000000000022,0.0,0.0
0.0,1.0000000000000022,0.0,0.0
0.0,1.0000000000000022,0.0,0.0
0.0,1.0000000000000022,0.0,0.0
0.0,1.0000000000000022,0.0,0.0
0.0,1.0000000000000022,0.0,0.0
0.0,1.0000000000000022,0.0,0.0
0.0,1.0000000000000022,0.0,0.0
0.0,1.0000000000000022,0.0,0.0
0.0,1.0000000000000022,0.0,0.0
0.0,1.0000000000000022,0.0,0.0
0.0,1.0000000000000022,0.0,0.0
0.0,1.0000000000000022,0.0,0.0
0.0,1.0000000000000022,0.0,0.0
0.0,1.0000000000000022,0.0,0.0
0.0,1.0000000000000022,0.0,0.0
0.0,1.0000000000000022,0.0,0.0
0.0,1.0000000000000022,0.0,0.0
0.0,1.0000000000000022,0.0,0.0
0.0,1.0000000000000022,0.0,0.0
0.0,1.0000000000000022,0.0,0.0
0.0,1.0000000000000022,0.0,0.0
0.0,1.0000000000000022,0.0,0.0
0.0,1.0000000000000022,0.0,0.0
0.0,1.0000000000000022,0.0,0.0
0.0,1.0000000000000022,0.0,0.0
0.0,1.0000000000000022,0.0,0.0
0.0,1.0000000000000022,0.0,0.0
0.0,1.0000000000000022,0.0,0.0
0.0,1.0000000000000022,0.0,0.0
0.0,1.0000000000000022,0.0,0.0
0.0,1.0000000000000022,0.0,0.0
0.0,1.0000000000000022,0.0,0.0
0.0,1.0000000000000022,0.0,0.0
0.0,1.0000000000000022,0.0,0.0
0.0,1.0000000000000022,0.0,0.0
0.0,1.0000000000000022,0.0,0.0
0.0,1.0000000000000022,0.0,0.0
0.0,1.0000000000000022,0.0,0.0
0.0,1.0000000000000022,0.0,0.0
0.0,1.0000000000000022,0.0,0.0
0.0,1.0000000000000022,0.0,0.0
0.0,1.0000000000000022,0.0,0.0
0.0,1.0000000000000022,0.0,0.0
0.0,1.0000000000000022,0.0,0.0
0.0,1.0000000000000022,0.0,0.0
0.0,1.0000000000000022,0.0,0.0
0.0,1.0000000000000022,0.0,0.0
0.0,1.0000000000000022,0.0,0.0
0.0,1.0000000000000022,0.0,0.0
0.0,1.0000000000000022,0.0,0.0
0.0,1.0000000000000022,0.0,0.0
0.0,1.0000000000000022,0.0,0.0
0.0,1.0000000000000022,0.0,0.0
0.0,1.0000000000000022,0.0,0.0
0.0,1.0000000000000022,0.0,0.0
0.0,1.0000000000000022,0.0,0.0
0.0,1.0000000000000022,0.0,0.0
0.0,1.0000000000000022,0.0,0.0
0.0,1.0000000000000022,0.0,0.0
0.0,1.0000000000000022,0.0,0.0
0.0,1.0000000000000022,0.0,0.0
0.0,1.0000000000000022,0.0,0.0
0.0,1.0000000000000022,0.0,0.0
0.0,1.0000000000000022,0.0,0.0
0.0,1.0000000000000022,0.0,0.0
0.0,1.0000000000000022,0.0,0.0
0.0,1.0000000000000022,0.0,0.0
0.0,1.0000000000000022,0.0,0.0
0.0,1.0000000000000022,0.0,0.0
0.0,1.0000000000000022,0.0,0.0
0.0,1.0000000000000022,0.0,0.0
0.0,1.0000000000000022,0.0,0.0
0.0,1.0000000000000022,0.0,0.0
0.0,1.0000000000000022,0.0,0.0
0.0,1.0000000000000022,0.0,0.0
0.0,1.0000000000000022,0.0,0.0
0.0,1.0000000000000022,0.0,0.0
0.0,1.0000000000000022,0.0,0.0
0.0,1.0000000000000022,0.0,0.0
0.0,1.0000000000000022,0.0,0.0
0.0,1.0000000000000022,0.0,0.0
0.0,1.0000000000000022,0.0,0.0
0.0,1.0000000000000022,0.0,0.0
0.0,1.0000000000000022,0.0,0.0
0.0,1.0000000000000022,0.0,0.0
0.0,1.0000000000000022,0.0,0.0
0.0,1.0000000000000022,0.0,0.0
0.0,1.0000000000000022,0.0,0.0
0.0,1.0000000000000022,0.0,0.0
0.0,1.0000000000000022,0.0,0.0
0.0,1.0000000000000022,0.0,0.0
0.0,1.0000000000000022,0.0,0.0
0.0,1.0000000000000022,0.0,0.0
0.0,1.0000000000000022,0.0,0.0
0.0,1.0000000000000022,0.0,0.0
0.0,1.0000000000000022,0.0,0.0
0.0,1.0000000000000022,0.0,0.0
0.0,1.0000000000000022,0.0,0.0
0.0,1.0000000000000022,0.0,0.0
0.0,1.0000000000000022,0.0,0.0
0.0,1.0000000000000022,0.0,0.0
0.0,1.0000000000000022,0.0,0.0
0.0,1.0000000000000022,0.0,0.0
0.0,1.0000000000000022,0.0,0.0
0.0,1.0000000000000022,0.0,0.0
0.0,1.0000000000000022,0.0,0.0
0.0,1.0000000000000022,0.0,0.0
0.0,1.0000000000000022,0.0,0.0
0.0,1.0000000000000022,0.0,0.0
0.0,1.0000000000000022,0.0,0.0
0.0,1.0000000000000022,0.0,0.0
0.0,1.0000000000000022,0.0,0.0
0.0,1.0000000000000022,0.0,0.0
0.0,1.0000000000000022,0.0,0.0
0.0,1.0000000000000022,0.0,0.0
0.0,1.0000000000000022,0.0,0.0
0.0,1.0000000000000022,0.0,0.0
0.0,1.0000000000000022,0.0,0.0
0.0,1.0000000000000022,0.0,0.0
0.0,1.0000000000000022,0.0,0.0
0.0,1.0000000000000022,0.0,0.0
0.0,1.0000000000000022,0.0,0.0
0.0,1.0000000000000022,0.0,0.0
0.0,1.0000000000000022,0.0,0.0
0.0,1.0000000000000022,0.0,0.0
0.0,1.0000000000000022,0.0,0.0
0.0,1.0000000000000022,0.0,0.0
0.0,1.0000000000000022,0.0,0.0
0.0,1.0000000000000022,0.0,0.0
0.0,1.0000000000000022,0.0,0.0
0.0,1.0000000000000022,0.0,0.0
0.0,1.0000000000000022,0.0,0.0
0.0,1.0000000000000022,0.0,0.0
0.0,1.0000000000000022,0.0,0.0
0.0,1.0000000000000022,0.0,0.0
0.0,1.0000000000000022,0.0,0.0
0.0,1.0000000000000022,0.0,0.0
0.0,1.0000000000000022,0.0,0.0
0.0,1.0000000000000022,0.0,0.0
0.0,1.0000000000000022,0.0,0.0
0.0,1.0000000000000022,0.0,0.0
0.0,1.0000000000000022,0.0,0.0
0.0,1.0000000000000022,0.0,0.0
0.0,1.0000000000000022,0.0,0.0
0.0,1.0000000000000022,0.0,0.0
0.0,1.0000000000000022,0.0,0.0
0.0,1.0000000000000022,0.0,0.0
0.0,1.0000000000000022,0.0,0.0
0.0,1.0000000000000022,0.0,0.0
0.0,1.0000000000000022,0.0,0.0
0.0,1.0000000000000022,0.0,0.0
0.0,1.0000000000000022,0.0,0.0
0.0,1.0000000000000022,0.0,0.0
0.0,1.0000000000000022,0.0,0.0
0.0,1.0000000000000022,0.0,0.0
0.0,1.0000000000000022,0.0,0.0
0.0,1.0000000000000022,0.0,0.0
0.0,1.0000000000000022,0.0,0.0
0.0,1.0000000000000022,0.0,0.0
0.0,1.0000000000000022,0.0,0.0
0.0,1.0000000000000022,0.0,0.0
0.0,1.0000000000000022,0.0,0.0
0.0,1.0000000000000022,0.0,0.0
0.0,1.0000000000000022,0.0,0.0
0.0,1.0000000000000022,0.0,0.0
0.0,1.0000000000000022,0.0,0.0
0.0,1.0000000000000022,0.0,0.0
0.0,1.0000000000000022,0.0,0.0
0.0,1.0000000000000022,0.0,0.0
0.0,1.0000000000000022,0.0,0.0
0.0,1.0000000000000022,0.0,0.0
0.0,1.0000000000000022,0.0,0.0
0.0,1.0000000000000022,0.0,0.0
0.0,1.0000000000000022,0.0,0.0
0.0,1.0000000000000022,0.0,0.0
0.0,1.0000000000000022,0.0,0.0
0.0,1.0000000000000022,0.0,0.0
0.0,1.0000000000000022,0.0,0.0
0.0,1.0000000000000022,0.0,0.0
0.0,1.0000000000000022,0.0,0.0
0.0,1.0000000000000022,0.0,0.0
0.0,1.0000000000000022,0.0,0.0
0.0,1.0000000000000022,0.0,0.0
0.0,1.0000000000000022,0.0,0.0
0.0,1.0000000000000022,0.0,0.0
0.0,1.0000000000000022,0.0,0.0
0.0,1.0000000000000022,0.0,0.0
0.0,1.0000000000000022,0.0,0.0
0.0,1.0000000000000022,0.0,0.0
0.0,1.0000000000000022,0.0,0.0
0.0,1.0000000000000022,0.0,0.0
0.0,1.0000000000000022,0.0,0.0
0.0,1.0000000000000022,0.0,0.0
0.0,1.0000000000000022,0.0,0.0
0.0,1.0000000000000022,0.0,0.0
0.0,1.0000000000000022,0.0,0.0
0.0,1.0000000000000022,0.0,0.0
0.0,1.0000000000000022,0.0,0.0
0.0,1.0000000000000022,0.0,0.0
0.0,1.0000000000000022,0.0,0.0
0.0,1.0000000000000022,0.0,0.0
0.0,1.0000000000000022,0.0,0.0
0.0,1.0000000000000022,0.0,0.0
0.0,1.0000000000000022,0.0,0.0
0.0,1.0000000000000022,0.0,0.0
0.0,1.0000000000000022,0.0,0.0
0.0,1.0000000000000022,0.0,0.0
0.0,1.0000000000000022,0.0,0.0
0.0,1.0000000000000022,0.0,0.0
0.0,1.0000000000000022,0.0,0.0
0.0,1.0000000000000022,0.0,0.0
0.0,1.0000000000000022,0.0,0.0
0.0,1.0000000000000022,0.0,0.0
0.0,1.0000000000000022,0.0,0.0
0.0,1.0000000000000022,0.0,0.0
0.0,1.0000000000000022,0.0,0.0
0.0,1.0000000000000022,0.0,0.0
0.0,1.0000000000000022,0.0,0.0
0.0,1.0000000000000022,0.0,0.0
0.0,1.0000000000000022,0.0,0.0
0.0,1.0000000000000022,0.0,0.0
0.0,1.0000000000000022,0.0,0.0
0.0,1.0000000000000022,0.0,0.0
0.0,1.0000000000000022,0.0,0.0
0.0,1.0000000000000022,0.0,0.0
0.0,1.0000000000000022,0.0,0.0
0.0,1.0000000000000022,0.0,0.0
0.0,1.0000000000000022,0.0,0.0
0.0,1.0000000000000022,0.0,0.0
0.0,1.0000000000000022,0.0,0.0
0.0,1.0000000000000022,0.0,0.0
0.0,1.0000000000000022,0.0,0.0
0.0,1.0000000000000022,0.0,0.0
0.0,1.0000000000000022,0.0,0.0
0.0,1.0000000000000022,0.0,0.0
0.0,1.0000000000000022,0.0,0.0
0.0,1.0000000000000022,0.0,0.0
0.0,1.0000000000000022,0.0,0.0
0.0,1.0000000000000022,0.0,0.0
0.0,1.0000000000000022,0.0,0.0
0.0,1.0000000000000022,0.0,0.0
0.0,1.0000000000000022,0.0,0.0
0.0,1.0000000000000022,0.0,0.0
0.0,1.0000000000000022,0.0,0.0
0.0,1.0000000000000022,0.0,0.0
0.0,1.0000000000000022,0.0,0.0
0.0,1.0000000000000022,0.0,0.0
0.0,1.0000000000000022,0.0,0.0
0.0,1.0000000000000022,0.0,0.0
0.0,1.0000000000000022,0.0,0.0
0.0,1.0000000000000022,0.0,0.0
0.0,1.0000000000000022,0.0,0.0
0.0,1.0000000000000022,0.0,0.0
0.0,1.0000000000000022,0.0,0.0
0.0,1.0000000000000022,0.0,0.0
0.0,1.0000000000000022,0.0,0.0
0.0,1.0000000000000022,0.0,0.0
0.0,1.0000000000000022,0.0,0.0
0.0,1.0000000000000022,0.0,0.0
0.0,1.0000000000000022,0.0,0.0
0.0,1.0000000000000022,0.0,0.0
0.0,1.0000000000000022,0.0,0.0
0.0,1.0000000000000022,0.0,0.0
0.0,1.0000000000000022,0.0,0.0
0.0,1.0000000000000022,0.0,0.0
0.0,1.0000000000000022,0.0,0.0
0.0,1.0000000000000022,0.0,0.0
0.0,1.0000000000000022,0.0,0.0
0.0,1.0000000000000022,0.0,0.0
0.0,1.0000000000000022,0.0,0.0
0.0,1.0000000000000022,0.0,0.0
0.0,1.0000000000000022,0.0,0.0
0.0,1.0000000000000022,0.0,0.0
0.0,1.0000000000000022,0.0,0.0
0.0,1.0000000000000022,0.0,0.0
0.0,1.0000000000000022,0.0,0.0
0.0,1.0000000000000022,0.0,0.0
0.0,1.0000000000000022,0.0,0.0
0.0,1.0000000000000022,0.0,0.0
0.0,1.0000000000000022,0.0,0.0
0.0,1.0000000000000022,0.0,0.0
0.0,1.0000000000000022,0.0,0.0
0.0,1.0000000000000022,0.0,0.0
0.0,1.0000000000000022,0.0,0.0
0.0,1.0000000000000022,0.0,0.0
0.0,1.0000000000000022,0.0,0.0
0.0,1.0000000000000022,0.0,0.0
0.0,1.0000000000000022,0.0,0.0
0.0,1.0000000000000022,0.0,0.0
0.0,1.0000000000000022,0.0,0.0
0.0,1.0000000000000022,0.0,0.0
0.0,1.0000000000000022,0.0,0.0
0.0,1.0000000000000022,0.0,0.0
0.0,1.0000000000000022,0.0,0.0
0.0,1.0000000000000022,0.0,0.0
0.0,1.0000000000000022,0.0,0.0
0.0,1.0000000000000022,0.0,0.0
0.0,1.0000000000000022,0.0,0.0
0.0,1.0000000000000022,0.0,0.0
0.0,1.0000000000000022,0.0,0.0
0.0,1.0000000000000022,0.0,0.0
0.0,1.0000000000000022,0.0,0.0
0.0,1.0000000000000022,0.0,0.0
0.0,1.0000000000000022,0.0,0.0
0.0,1.0000000000000022,0.0,0.0
0.0,1.0000000000000022,0.0,0.0
0.0,1.0000000000000022,0.0,0.0
0.0,1.0000000000000022,0.0,0.0
0.0,1.0000000000000022,0.0,0.0
0.0,1.0000000000000022,0.0,0.0
0.0,1.0000000000000022,0.0,0.0
0.0,1.0000000000000022,0.0,0.0
0.0,1.0000000000000022,0.0,0.0
0.0,1.0000000000000022,0.0,0.0
0.0,1.0000000000000022,0.0,0.0
0.0,1.0000000000000022,0.0,0.0
0.0,1.0000000000000022,0.0,0.0
0.0,1.0000000000000022,0.0,0.0
0.0,1.0000000000000022,0.0,0.0
0.0,1.0000000000000022,0.0,0.0
0.0,1.0000000000000022,0.0,0.0
0.0,1.0000000000000022,0.0,0.0
0.0,1.0000000000000022,0.0,0.0
0.0,1.0000000000000022,0.0,0.0
0.0,1.0000000000000022,0.0,0.0
0.0,1.0000000000000022,0.0,0.0
0.0,1.0000000000000022,0.0,0.0
0.0,1.0000000000000022,0.0,0.0
0.0,1.0000000000000022,0.0,0.0
0.0,1.0000000000000022,0.0,0.0
0.0,1.0000000000000022,0.0,0.0
0.0,1.0000000000000022,0.0,0.0
0.0,1.0000000000000022,0.0,0.0
0.0,1.0000000000000022,0.0,0.0
0.0,1.0000000000000022,0.0,0.0
0.0,1.0000000000000022,0.0,0.0
0.0,1.0000000000000022,0.0,0.0
0.0,1.0000000000000022,0.0,0.0
0.0,1.0000000000000022,0.0,0.0
0.0,1.0000000000000022,0.0,0.0
0.0,1.0000000000000022,0.0,0.0
0.0,1.0000000000000022,0.0,0.0
0.0,1.0000000000000022,0.0,0.0
0.0,1.0000000000000022,0.0,0.0
0.0,1.0000000000000022,0.0,0.0
0.0,1.0000000000000022,0.0,0.0
0.0,1.0000000000000022,0.0,0.0
0.0,1.0000000000000022,0.0,0.0
0.0,1.0000000000000022,0.0,0.0
0.0,1.0000000000000022,0.0,0.0
0.0,1.0000000000000022,0.0,0.0
0.0,1.0000000000000022,0.0,0.0
0.0,1.0000000000000022,0.0,0.0
0.0,1.0000000000000022,0.0,0.0
0.0,1.0000000000000022,0.0,0.0
0.0,1.0000000000000022,0.0,0.0
0.0,1.0000000000000022,0.0,0.0
0.0,1.0000000000000022,0.0,0.0
0.0,1.0000000000000022,0.0,0.0
0.0,1.0000000000000022,0.0,0.0
0.0,1.0000000000000022,0.0,0.0
0.0,1.0000000000000022,0.0,0.0
0.0,1.0000000000000022,0.0,0.0
0.0,1.0000000000000022,0.0,0.0
0.0,1.0000000000000022,0.0,0.0
0.0,1.0000000000000022,0.0,0.0
0.0,1.0000000000000022,0.0,0.0
0.0,1.0000000000000022,0.0,0.0
0.0,1.0000000000000022,0.0,0.0
0.0,1.0000000000000022,0.0,0.0
0.0,1.0000000000000022,0.0,0.0
0.0,1.0000000000000022,0.0,0.0
0.0,1.0000000000000022,0.0,0.0
0.0,1.0000000000000022,0.0,0.0
0.0,1.0000000000000022,0.0,0.0
0.0,1.0000000000000022,0.0,0.0
0.0,1.0000000000000022,0.0,0.0
0.0,1.0000000000000022,0.0,0.0
0.0,1.0000000000000022,0.0,0.0
0.0,1.0000000000000022,0.0,0.0
0.0,1.0000000000000022,0.0,0.0
0.0,1.0000000000000022,0.0,0.0
0.0,1.0000000000000022,0.0,0.0
0.0,1.0000000000000022,0.0,0.0
0.0,1.0000000000000022,0.0,0.0
0.0,1.0000000000000022,0.0,0.0
0.0,1.0000000000000022,0.0,0.0
0.0,1.0000000000000022,0.0,0.0
0.0,1.0000000000000022,0.0,0.0
0.0,1.0000000000000022,0.0,0.0
0.0,1.0000000000000022,0.0,0.0
0.0,1.0000000000000022,0.0,0.0
0.0,1.0000000000000022,0.0,0.0
0.0,1.0000000000000022,0.0,0.0
0.0,1.0000000000000022,0.0,0.0
0.0,1.0000000000000022,0.0,0.0
0.0,1.0000000000000022,0.0,0.0
0.0,1.0000000000000022,0.0,0.0
0.0,1.0000000000000022,0.0,0.0
0.0,1.0000000000000022,0.0,0.0
0.0,1.0000000000000022,0.0,0.0
0.0,1.0000000000000022,0.0,0.0
0.0,1.0000000000000022,0.0,0.0
0.0,1.0000000000000022,0.0,0.0
0.0,1.0000000000000022,0.0,0.0
0.0,1.0000000000000022,0.0,0.0
0.0,1.0000000000000022,0.0,0.0
0.0,1.0000000000000022,0.0,0.0
0.0,1.0000000000000022,0.0,0.0
0.0,1.0000000000000022,0.0,0.0
0.0,1.0000000000000022,0.0,0.0
0.0,1.0000000000000022,0.0,0.0
0.0,1.0000000000000022,0.0,0.0
0.0,1.0000000000000022,0.0,0.0
0.0,1.0000000000000022,0.0,0.0
0.0,1.0000000000000022,0.0,0.0
0.0,1.0000000000000022,0.0,0.0
0.0,1.0000000000000022,0.0,0.0
0.0,1.0000000000000022,0.0,0.0
0.0,1.0000000000000022,0.0,0.0
0.0,1.0000000000000022,0.0,0.0
0.0,1.0000000000000022,0.0,0.0
0.0,1.0000000000000022,0.0,0.0
0.0,1.0000000000000022,0.0,0.0
0.0,1.0000000000000022,0.0,0.0
0.0,1.0000000000000022,0.0,0.0
0.0,1.0000000000000022,0.0,0.0
0.0,1.0000000000000022,0.0,0.0
0.0,1.0000000000000022,0.0,0.0
0.0,1.0000000000000022,0.0,0.0
0.0,1.0000000000000022,0.0,0.0
0.0,1.0000000000000022,0.0,0.0
0.0,1.0000000000000022,0.0,0.0
0.0,1.0000000000000022,0.0,0.0
0.0,1.0000000000000022,0.0,0.0
0.0,1.0000000000000022,0.0,0.0
0.0,1.0000000000000022,0.0,0.0
0.0,1.0000000000000022,0.0,0.0
0.0,1.0000000000000022,0.0,0.0
0.0,1.0000000000000022,0.0,0.0
0.0,1.0000000000000022,0.0,0.0
0.0,1.0000000000000022,0.0,0.0
0.0,1.0000000000000022,0.0,0.0
0.0,1.0000000000000022,0.0,0.0
0.0,1.0000000000000022,0.0,0.0
0.0,1.0000000000000022,0.0,0.0
0.0,1.0000000000000022,0.0,0.0
0.0,1.0000000000000022,0.0,0.0
0.0,1.0000000000000022,0.0,0.0
0.0,1.0000000000000022,0.0,0.0
0.0,1.0000000000000022,0.0,0.0
0.0,1.0000000000000022,0.0,0.0
0.0,1.0000000000000022,0.0,0.0
0.0,1.0000000000000022,0.0,0.0
0.0,1.0000000000000022,0.0,0.0
0.0,1.0000000000000022,0.0,0.0
0.0,1.0000000000000022,0.0,0.0
0.0,1.0000000000000022,0.0,0.0
0.0,1.0000000000000022,0.0,0.0
0.0,1.0000000000000022,0.0,0.0
0.0,1.0000000000000022,0.0,0.0
0.0,1.0000000000000022,0.0,0.0
0.0,1.0000000000000022,0.0,0.0
0.0,1.0000000000000022,0.0,0.0
0.0,1.0000000000000022,0.0,0.0
0.0,1.0000000000000022,0.0,0.0
0.0,1.0000000000000022,0.0,0.0
0.0,1.0000000000000022,0.0,0.0
0.0,1.0000000000000022,0.0,0.0
0.0,1.0000000000000022,0.0,0.0
0.0,1.0000000000000022,0.0,0.0
0.0,1.0000000000000022,0.0,0.0
0.0,1.0000000000000022,0.0,0.0
0.0,1.0000000000000022,0.0,0.0
0.0,1.0000000000000022,0.0,0.0
0.0,1.0000000000000022,0.0,0.0
0.0,1.0000000000000022,0.0,0.0
0.0,1.0000000000000022,0.0,0.0
0.0,1.0000000000000022,0.0,0.0
0.0,1.0000000000000022,0.0,0.0
0.0,1.0000000000000022,0.0,0.0
0.0,1.0000000000000022,0.0,0.0
0.0,1.0000000000000022,0.0,0.0
0.0,1.0000000000000022,0.0,0.0
0.0,1.0000000000000022,0.0,0.0
0.0,1.0000000000000022,0.0,0.0
0.0,1.0000000000000022,0.0,0.0
0.0,1.0000000000000022,0.0,0.0
0.0,1.0000000000000022,0.0,0.0
0.0,1.0000000000000022,0.0,0.0
0.0,1.0000000000000022,0.0,0.0
0.0,1.0000000000000022,0.0,0.0
0.0,1.0000000000000022,0.0,0.0
0.0,1.0000000000000022,0.0,0.0
0.0,1.0000000000000022,0.0,0.0
0.0,1.0000000000000022,0.0,0.0
0.0,1.0000000000000022,0.0,0.0
0.0,1.0000000000000022,0.0,0.0
0.0,1.0000000000000022,0.0,0.0
0.0,1.0000000000000022,0.0,0.0
0.0,1.0000000000000022,0.0,0.0
0.0,1.0000000000000022,0.0,0.0
0.0,1.0000000000000022,0.0,0.0
0.0,1.0000000000000022,0.0,0.0
0.0,1.0000000000000022,0.0,0.0
0.0,1.0000000000000022,0.0,0.0
0.0,1.0000000000000022,0.0,0.0
0.0,1.0000000000000022,0.0,0.0
0.0,1.0000000000000022,0.0,0.0
0.0,1.0000000000000022,0.0,0.0
0.0,1.0000000000000022,0.0,0.0
0.0,1.0000000000000022,0.0,0.0
0.0,1.0000000000000022,0.0,0.0
0.0,1.0000000000000022,0.0,0.0
0.0,1.0000000000000022,0.0,0.0
0.0,1.0000000000000022,0.0,0.0
0.0,1.0000000000000022,0.0,0.0
0.0,1.0000000000000022,0.0,0.0
0.0,1.0000000000000022,0.0,0.0
0.0,1.0000000000000022,0.0,0.0
0.0,1.0000000000000022,0.0,0.0
0.0,1.0000000000000022,0.0,0.0
0.0,1.0000000000000022,0.0,0.0
0.0,1.0000000000000022,0.0,0.0
0.0,1.0000000000000022,0.0,0.0
0.0,1.0000000000000022,0.0,0.0
0.0,1.0000000000000022,0.0,0.0
0.0,1.0000000000000022,0.0,0.0
0.0,1.0000000000000022,0.0,0.0
0.0,1.0000000000000022,0.0,0.0
0.0,1.0000000000000022,0.0,0.0
0.0,1.0000000000000022,0.0,0.0
0.0,1.0000000000000022,0.0,0.0
0.0,1.0000000000000022,0.0,0.0
0.0,1.0000000000000022,0.0,0.0
0.0,1.0000000000000022,0.0,0.0
0.0,1.0000000000000022,0.0,0.0
0.0,1.0000000000000022,0.0,0.0
0.0,1.0000000000000022,0.0,0.0
0.0,1.0000000000000022,0.0,0.0
0.0,1.0000000000000022,0.0,0.0
0.0,1.0000000000000022,0.0,0.0
0.0,1.0000000000000022,0.0,0.0
0.0,1.0000000000000022,0.0,0.0
0.0,1.0000000000000022,0.0,0.0
0.0,1.0000000000000022,0.0,0.0
0.0,1.0000000000000022,0.0,0.0
0.0,1.0000000000000022,0.0,0.0
0.0,1.0000000000000022,0.0,0.0
0.0,1.0000000000000022,0.0,0.0
0.0,1.0000000000000022,0.0,0.0
0.0,1.0000000000000022,0.0,0.0
0.0,1.0000000000000022,0.0,0.0
0.0,1.0000000000000022,0.0,0.0
0.0,1.0000000000000022,0.0,0.0
0.0,1.0000000000000022,0.0,0.0
0.0,1.0000000000000022,0.0,0.0
0.0,1.0000000000000022,0.0,0.0
0.0,1.0000000000000022,0.0,0.0
0.0,1.0000000000000022,0.0,0.0
0.0,1.0000000000000022,0.0,0.0
0.0,1.0000000000000022,0.0,0.0
0.0,1.0000000000000022,0.0,0.0
0.0,1.0000000000000022,0.0,0.0
0.0,1.0000000000000022,0.0,0.0
0.0,1.0000000000000022,0.0,0.0
0.0,1.0000000000000022,0.0,0.0
0.0,1.0000000000000022,0.0,0.0
0.0,1.0000000000000022,0.0,0.0
0.0,1.0000000000000022,0.0,0.0
0.0,1.0000000000000022,0.0,0.0
0.0,1.0000000000000022,0.0,0.0
0.0,1.0000000000000022,0.0,0.0
0.0,1.0000000000000022,0.0,0.0
0.0,1.0000000000000022,0.0,0.0
0.0,1.0000000000000022,0.0,0.0
0.0,1.0000000000000022,0.0,0.0
0.0,1.0000000000000022,0.0,0.0
0.0,1.0000000000000022,0.0,0.0
0.0,1.0000000000000022,0.0,0.0
0.0,1.0000000000000022,0.0,0.0
0.0,1.0000000000000022,0.0,0.0
0.0,1.0000000000000022,0.0,0.0
0.0,1.0000000000000022,0.0,0.0
0.0,1.0000000000000022,0.0,0.0
0.0,1.0000000000000022,0.0,0.0
0.0,1.0000000000000022,0.0,0.0
0.0,1.0000000000000022,0.0,0.0
0.0,1.0000000000000022,0.0,0.0
0.0,1.0000000000000022,0.0,0.0
0.0,1.0000000000000022,0.0,0.0
0.0,1.0000000000000022,0.0,0.0
0.0,1.0000000000000022,0.0,0.0
0.0,1.0000000000000022,0.0,0.0
0.0,1.0000000000000022,0.0,0.0
0.0,1.0000000000000022,0.0,0.0
0.0,1.0000000000000022,0.0,0.0
0.0,1.0000000000000022,0.0,0.0
0.0,1.0000000000000022,0.0,0.0
0.0,1.0000000000000022,0.0,0.0
0.0,1.0000000000000022,0.0,0.0
0.0,1.0000000000000022,0.0,0.0
0.0,1.0000000000000022,0.0,0.0
0.0,1.0000000000000022,0.0,0.0
0.0,1.0000000000000022,0.0,0.0
0.0,1.0000000000000022,0.0,0.0
0.0,1.0000000000000022,0.0,0.0
0.0,1.0000000000000022,0.0,0.0
0.0,1.0000000000000022,0.0,0.0
0.0,1.0000000000000022,0.0,0.0
0.0,1.0000000000000022,0.0,0.0
0.0,1.0000000000000022,0.0,0.0
0.0,1.0000000000000022,0.0,0.0
0.0,1.0000000000000022,0.0,0.0
0.0,1.0000000000000022,0.0,0.0
0.0,1.0000000000000022,0.0,0.0
0.0,1.0000000000000022,0.0,0.0
0.0,1.0000000000000022,0.0,0.0
0.0,1.0000000000000022,0.0,0.0
0.0,1.0000000000000022,0.0,0.0
0.0,1.0000000000000022,0.0,0.0
0.0,1.0000000000000022,0.0,0.0
0.0,1.0000000000000022,0.0,0.0
0.0,1.0000000000000022,0.0,0.0
0.0,1.0000000000000022,0.0,0.0
0.0,1.0000000000000022,0.0,0.0
0.0,1.0000000000000022,0.0,0.0
0.0,1.0000000000000022,0.0,0.0
0.0,1.0000000000000022,0.0,0.0
0.0,1.0000000000000022,0.0,0.0
0.0,1.0000000000000022,0.0,0.0
0.0,1.0000000000000022,0.0,0.0
0.0,1.0000000000000022,0.0,0.0
0.0,1.0000000000000022,0.0,0.0
0.0,1.0000000000000022,0.0,0.0
0.0,1.0000000000000022,0.0,0.0
0.0,1.0000000000000022,0.0,0.0
0.0,1.0000000000000022,0.0,0.0
0.0,1.0000000000000022,0.0,0.0
0.0,1.0000000000000022,0.0,0.0
0.0,1.0000000000000022,0.0,0.0
0.0,1.0000000000000022,0.0,0.0
0.0,1.0000000000000022,0.0,0.0
0.0,1.0000000000000022,0.0,0.0
0.0,1.0000000000000022,0.0,0.0
0.0,1.0000000000000022,0.0,0.0
0.0,1.0000000000000022,0.0,0.0
0.0,1.0000000000000022,0.0,0.0
0.0,1.0000000000000022,0.0,0.0
0.0,1.0000000000000022,0.0,0.0
0.0,1.0000000000000022,0.0,0.0
0.0,1.0000000000000022,0.0,0.0
0.0,1.0000000000000022,0.0,0.0
0.0,1.0000000000000022,0.0,0.0
0.0,1.0000000000000022,0.0,0.0
0.0,1.0000000000000022,0.0,0.0
0.0,1.0000000000000022,0.0,0.0
0.0,1.0000000000000022,0.0,0.0
0.0,1.0000000000000022,0.0,0.0
0.0,1.0000000000000022,0.0,0.0
0.0,1.0000000000000022,0.0,0.0
0.0,1.0000000000000022,0.0,0.0
0.0,1.0000000000000022,0.0,0.0
0.0,1.0000000000000022,0.0,0.0
0.0,1.0000000000000022,0.0,0.0
0.0,1.0000000000000022,0.0,0.0
0.0,1.0000000000000022,0.0,0.0
0.0,1.0000000000000022,0.0,0.0
0.0,1.0000000000000022,0.0,0.0
0.0,1.0000000000000022,0.0,0.0
0.0,1.0000000000000022,0.0,0.0
0.0,1.0000000000000022,0.0,0.0
0.0,1.0000000000000022,0.0,0.0
0.0,1.0000000000000022,0.0,0.0
0.0,1.0000000000000022,0.0,0.0
0.0,1.0000000000000022,0.0,0.0
0.0,1.0000000000000022,0.0,0.0
0.0,1.0000000000000022,0.0,0.0
0.0,1.0000000000000022,0.0,0.0
0.0,1.0000000000000022,0.0,0.0
0.0,1.0000000000000022,0.0,0.0
0.0,1.0000000000000022,0.0,0.0
0.0,1.0000000000000022,0.0,0.0
0.0,1.0000000000000022,0.0,0.0
0.0,1.0000000000000022,0.0,0.0
0.0,1.0000000000000022,0.0,0.0
0.0,1.0000000000000022,0.0,0.0
0.0,1.0000000000000022,0.0,0.0
0.0,1.0000000000000022,0.0,0.0
0.0,1.0000000000000022,0.0,0.0
0.0,1.0000000000000022,0.0,0.0
0.0,1.0000000000000022,0.0,0.0
0.0,1.0000000000000022,0.0,0.0
0.0,1.0000000000000022,0.0,0.0
0.0,1.0000000000000022,0.0,0.0
0.0,1.0000000000000022,0.0,0.0
0.0,1.0000000000000022,0.0,0.0
0.0,1.0000000000000022,0.0,0.0
0.0,1.0000000000000022,0.0,0.0
0.0,1.0000000000000022,0.0,0.0
0.0,1.0000000000000022,0.0,0.0
0.0,1.0000000000000022,0.0,0.0
0.0,1.0000000000000022,0.0,0.0
0.0,1.0000000000000022,0.0,0.0
0.0,1.0000000000000022,0.0,0.0
0.0,1.0000000000000022,0.0,0.0
0.0,1.0000000000000022,0.0,0.0
0.0,1.0000000000000022,0.0,0.0
0.0,1.0000000000000022,0.0,0.0
0.0,1.0000000000000022,0.0,0.0
0.0,1.0000000000000022,0.0,0.0
0.0,1.0000000000000022,0.0,0.0
0.0,1.0000000000000022,0.0,0.0
0.0,1.0000000000000022,0.0,0.0
0.0,1.0000000000000022,0.0,0.0
0.0,1.0000000000000022,0.0,0.0
0.0,1.0000000000000022,0.0,0.0
0.0,1.0000000000000022,0.0,0.0
0.0,1.0000000000000022,0.0,0.0
0.0,1.0000000000000022,0.0,0.0
0.0,1.0000000000000022,0.0,0.0
0.0,1.0000000000000022,0.0,0.0
0.0,1.0000000000000022,0.0,0.0
0.0,1.0000000000000022,0.0,0.0
0.0,1.0000000000000022,0.0,0.0
0.0,1.0000000000000022,0.0,0.0
0.0,1.0000000000000022,0.0,0.0
0.0,1.0000000000000022,0.0,0.0
0.0,1.0000000000000022,0.0,0.0
0.0,1.0000000000000022,0.0,0.0
0.0,1.0000000000000022,0.0,0.0
0.0,1.0000000000000022,0.0,0.0
0.0,1.0000000000000022,0.0,0.0
0.0,1.0000000000000022,0.0,0.0
0.0,1.0000000000000022,0.0,0.0
0.0,1.0000000000000022,0.0,0.0
0.0,1.0000000000000022,0.0,0.0
0.0,1.0000000000000022,0.0,0.0
0.0,1.0000000000000022,0.0,0.0
0.0,1.0000000000000022,0.0,0.0
0.0,1.0000000000000022,0.0,0.0
0.0,1.0000000000000022,0.0,0.0
0.0,1.0000000000000022,0.0,0.0
0.0,1.0000000000000022,0.0,0.0
0.0,1.0000000000000022,0.0,0.0
0.0,1.0000000000000022,0.0,0.0
0.0,1.0000000000000022,0.0,0.0
0.0,1.0000000000000022,0.0,0.0
0.0,1.0000000000000022,0.0,0.0
0.0,1.0000000000000022,0.0,0.0
0.0,1.0000000000000022,0.0,0.0
0.0,1.0000000000000022,0.0,0.0
0.0,1.0000000000000022,0.0,0.0
0.0,1.0000000000000022,0.0,0.0
0.0,1.0000000000000022,0.0,0.0
0.0,1.0000000000000022,0.0,0.0
0.0,1.0000000000000022,0.0,0.0
0.0,1.0000000000000022,0.0,0.0
0.0,1.0000000000000022,0.0,0.0
0.0,1.0000000000000022,0.0,0.0
0.0,1.0000000000000022,0.0,0.0
0.0,1.0000000000000022,0.0,0.0
0.0,1.0000000000000022,0.0,0.0
0.0,1.0000000000000022,0.0,0.0
0.0,1.0000000000000022,0.0,0.0
0.0,1.0000000000000022,0.0,0.0
0.0,1.0000000000000022,0.0,0.0
0.0,1.0000000000000022,0.0,0.0
0.0,1.0000000000000022,0.0,0.0
0.0,1.0000000000000022,0.0,0.0
0.0,1.0000000000000022,0.0,0.0
0.0,1.0000000000000022,0.0,0.0
0.0,1.0000000000000022,0.0,0.0
0.0,1.0000000000000022,0.0,0.0
0.0,1.0000000000000022,0.0,0.0
0.0,1.0000000000000022,0.0,0.0
0.0,1.0000000000000022,0.0,0.0
0.0,1.0000000000000022,0.0,0.0
0.0,1.0000000000000022,0.0,0.0
0.0,1.0000000000000022,0.0,0.0
0.0,1.0000000000000022,0.0,0.0
0.0,1.0000000000000022,0.0,0.0
0.0,1.0000000000000022,0.0,0.0
0.0,1.0000000000000022,0.0,0.0
0.0,1.0000000000000022,0.0,0.0
0.0,1.0000000000000022,0.0,0.0
0.0,1.0000000000000022,0.0,0.0
0.0,1.0000000000000022,0.0,0.0
0.0,1.0000000000000022,0.0,0.0
0.0,1.0000000000000022,0.0,0.0
0.0,1.0000000000000022,0.0,0.0
0.0,1.0000000000000022,0.0,0.0
0.0,1.0000000000000022,0.0,0.0
0.0,1.0000000000000022,0.0,0.0
0.0,1.0000000000000022,0.0,0.0
0.0,1.0000000000000022,0.0,0.0
0.0,1.0000000000000022,0.0,0.0
0.0,1.0000000000000022,0.0,0.0
0.0,1.0000000000000022,0.0,0.0
0.0,1.0000000000000022,0.0,0.0
0.0,1.0000000000000022,0.0,0.0
0.0,1.0000000000000022,0.0,0.0
0.0,1.0000000000000022,0.0,0.0
0.0,1.0000000000000022,0.0,0.0
0.0,1.0000000000000022,0.0,0.0
0.0,1.0000000000000022,0.0,0.0
0.0,1.0000000000000022,0.0,0.0
0.0,1.0000000000000022,0.0,0.0
0.0,1.0000000000000022,0.0,0.0
0.0,1.0000000000000022,0.0,0.0
0.0,1.0000000000000022,0.0,0.0
0.0,1.0000000000000022,0.0,0.0
0.0,1.0000000000000022,0.0,0.0
0.0,1.0000000000000022,0.0,0.0
0.0,1.0000000000000022,0.0,0.0
0.0,1.0000000000000022,0.0,0.0
0.0,1.0000000000000022,0.0,0.0
0.0,1.0000000000000022,0.0,0.0
0.0,1.0000000000000022,0.0,0.0
0.0,1.0000000000000022,0.0,0.0
0.0,1.0000000000000022,0.0,0.0
0.0,1.0000000000000022,0.0,0.0
0.0,1.0000000000000022,0.0,0.0
0.0,1.0000000000000022,0.0,0.0
0.0,1.0000000000000022,0.0,0.0
0.0,1.0000000000000022,0.0,0.0
0.0,1.0000000000000022,0.0,0.0
0.0,1.0000000000000022,0.0,0.0
0.0,1.0000000000000022,0.0,0.0
0.0,1.0000000000000022,0.0,0.0
0.0,1.0000000000000022,0.0,0.0
0.0,1.0000000000000022,0.0,0.0
0.0,1.0000000000000022,0.0,0.0
0.0,1.0000000000000022,0.0,0.0
0.0,1.0000000000000022,0.0,0.0
0.0,1.0000000000000022,0.0,0.0
0.0,1.0000000000000022,0.0,0.0
0.0,1.0000000000000022,0.0,0.0
0.0,1.0000000000000022,0.0,0.0
0.0,1.0000000000000022,0.0,0.0
0.0,1.0000000000000022,0.0,0.0
0.0,1.0000000000000022,0.0,0.0
0.0,1.0000000000000022,0.0,0.0
0.0,1.0000000000000022,0.0,0.0
0.0,1.0000000000000022,0.0,0.0
0.0,1.0000000000000022,0.0,0.0
0.0,1.0000000000000022,0.0,0.0
0.0,1.0000000000000022,0.0,0.0
0.0,1.0000000000000022,0.0,0.0
0.0,1.0000000000000022,0.0,0.0
0.0,1.0000000000000022,0.0,0.0
0.0,1.0000000000000022,0.0,0.0
0.0,1.0000000000000022,0.0,0.0
0.0,1.0000000000000022,0.0,0.0
0.0,1.0000000000000022,0.0,0.0
0.0,1.0000000000000022,0.0,0.0
0.0,1.0000000000000022,0.0,0.0
0.0,1.0000000000000022,0.0,0.0
0.0,1.0000000000000022,0.0,0.0
0.0,1.0000000000000022,0.0,0.0
0.0,1.0000000000000022,0.0,0.0
0.0,1.0000000000000022,0.0,0.0
0.0,1.0000000000000022,0.0,0.0
0.0,1.0000000000000022,0.0,0.0
0.0,1.0000000000000022,0.0,0.0
0.0,1.0000000000000022,0.0,0.0
0.0,1.0000000000000022,0.0,0.0
0.0,1.0000000000000022,0.0,0.0
0.0,1.0000000000000022,0.0,0.0
0.0,1.0000000000000022,0.0,0.0
0.0,1.0000000000000022,0.0,0.0
0.0,1.0000000000000022,0.0,0.0
0.0,1.0000000000000022,0.0,0.0
0.0,1.0000000000000022,0.0,0.0
0.0,1.0000000000000022,0.0,0.0
0.0,1.0000000000000022,0.0,0.0
0.0,1.0000000000000022,0.0,0.0
0.0,1.0000000000000022,0.0,0.0
0.0,1.0000000000000022,0.0,0.0
0.0,1.0000000000000022,0.0,0.0
0.0,1.0000000000000022,0.0,0.0
0.0,1.0000000000000022,0.0,0.0
0.0,1.0000000000000022,0.0,0.0
0.0,1.0000000000000022,0.0,0.0
0.0,1.0000000000000022,0.0,0.0
0.0,1.0000000000000022,0.0,0.0
0.0,1.0000000000000022,0.0,0.0
0.0,1.0000000000000022,0.0,0.0
0.0,1.0000000000000022,0.0,0.0
0.0,1.0000000000000022,0.0,0.0
0.0,1.0000000000000022,0.0,0.0
0.0,1.0000000000000022,0.0,0.0
0.0,1.0000000000000022,0.0,0.0
0.0,1.0000000000000022,0.0,0.0
0.0,1.0000000000000022,0.0,0.0
0.0,1.0000000000000022,0.0,0.0
0.0,1.0000000000000022,0.0,0.0
0.0,1.0000000000000022,0.0,0.0
0.0,1.0000000000000022,0.0,0.0
0.0,1.0000000000000022,0.0,0.0
0.0,1.0000000000000022,0.0,0.0
0.0,1.0000000000000022,0.0,0.0
0.0,1.0000000000000022,0.0,0.0
0.0,1.0000000000000022,0.0,0.0
0.0,1.0000000000000022,0.0,0.0
0.0,1.0000000000000022,0.0,0.0
0.0,1.0000000000000022,0.0,0.0
0.0,1.0000000000000022,0.0,0.0
0.0,1.0000000000000022,0.0,0.0
0.0,1.0000000000000022,0.0,0.0
0.0,1.0000000000000022,0.0,0.0
0.0,1.0000000000000022,0.0,0.0
0.0,1.0000000000000022,0.0,0.0
0.0,1.0000000000000022,0.0,0.0
0.0,1.0000000000000022,0.0,0.0
0.0,1.0000000000000022,0.0,0.0
0.0,1.0000000000000022,0.0,0.0
0.0,1.0000000000000022,0.0,0.0
0.0,1.0000000000000022,0.0,0.0
0.0,1.0000000000000022,0.0,0.0
0.0,1.0000000000000022,0.0,0.0
0.0,1.0000000000000022,0.0,0.0
0.0,1.0000000000000022,0.0,0.0
0.0,1.0000000000000022,0.0,0.0
0.0,1.0000000000000022,0.0,0.0
0.0,1.0000000000000022,0.0,0.0
0.0,1.0000000000000022,0.0,0.0
0.0,1.0000000000000022,0.0,0.0
0.0,1.0000000000000022,0.0,0.0
0.0,1.0000000000000022,0.0,0.0
0.0,1.0000000000000022,0.0,0.0
0.0,1.0000000000000022,0.0,0.0
0.0,1.0000000000000022,0.0,0.0
0.0,1.0000000000000022,0.0,0.0
0.0,1.0000000000000022,0.0,0.0
0.0,1.0000000000000022,0.0,0.0
0.0,1.0000000000000022,0.0,0.0
0.0,1.0000000000000022,0.0,0.0
0.0,1.0000000000000022,0.0,0.0
0.0,1.0000000000000022,0.0,0.0
0.0,1.0000000000000022,0.0,0.0
0.0,1.0000000000000022,0.0,0.0
0.0,1.0000000000000022,0.0,0.0
0.0,1.0000000000000022,0.0,0.0
0.0,1.0000000000000022,0.0,0.0
0.0,1.0000000000000022,0.0,0.0
0.0,1.0000000000000022,0.0,0.0
0.0,1.0000000000000022,0.0,0.0
0.0,1.0000000000000022,0.0,0.0
0.0,1.0000000000000022,0.0,0.0
0.0,1.0000000000000022,0.0,0.0
0.0,1.0000000000000022,0.0,0.0
0.0,1.0000000000000022,0.0,0.0
0.0,1.0000000000000022,0.0,0.0
0.0,1.0000000000000022,0.0,0.0
0.0,1.0000000000000022,0.0,0.0
0.0,1.0000000000000022,0.0,0.0
0.0,1.0000000000000022,0.0,0.0
0.0,1.0000000000000022,0.0,0.0
0.0,1.0000000000000022,0.0,0.0
0.0,1.0000000000000022,0.0,0.0
0.0,1.0000000000000022,0.0,0.0
0.0,1.0000000000000022,0.0,0.0
0.0,1.0000000000000022,0.0,0.0
0.0,1.0000000000000022,0.0,0.0
0.0,1.0000000000000022,0.0,0.0
0.0,1.0000000000000022,0.0,0.0
0.0,1.0000000000000022,0.0,0.0
0.0,1.0000000000000022,0.0,0.0
0.0,1.0000000000000022,0.0,0.0
0.0,1.0000000000000022,0.0,0.0
0.0,1.0000000000000022,0.0,0.0
0.0,1.0000000000000022,0.0,0.0
0.0,1.0000000000000022,0.0,0.0
0.0,1.0000000000000022,0.0,0.0
0.0,1.0000000000000022,0.0,0.0
0.0,1.0000000000000022,0.0,0.0
0.0,1.0000000000000022,0.0,0.0
0.0,1.0000000000000022,0.0,0.0
0.0,1.0000000000000022,0.0,0.0
0.0,1.0000000000000022,0.0,0.0
0.0,1.0000000000000022,0.0,0.0
0.0,1.0000000000000022,0.0,0.0
0.0,1.0000000000000022,0.0,0.0
0.0,1.0000000000000022,0.0,0.0
0.0,1.0000000000000022,0.0,0.0
0.0,1.0000000000000022,0.0,0.0
0.0,1.0000000000000022,0.0,0.0
0.0,1.0000000000000022,0.0,0.0
0.0,1.0000000000000022,0.0,0.0
0.0,1.0000000000000022,0.0,0.0
0.0,1.0000000000000022,0.0,0.0
0.0,1.0000000000000022,0.0,0.0
0.0,1.0000000000000022,0.0,0.0
0.0,1.0000000000000022,0.0,0.0
0.0,1.0000000000000022,0.0,0.0
0.0,1.0000000000000022,0.0,0.0
0.0,1.0000000000000022,0.0,0.0
0.0,1.0000000000000022,0.0,0.0
0.0,1.0000000000000022,0.0,0.0
0.0,1.0000000000000022,0.0,0.0
0.0,1.0000000000000022,0.0,0.0
0.0,1.0000000000000022,0.0,0.0
0.0,1.0000000000000022,0.0,0.0
0.0,1.0000000000000022,0.0,0.0
0.0,1.0000000000000022,0.0,0.0
0.0,1.0000000000000022,0.0,0.0
0.0,1.0000000000000022,0.0,0.0
0.0,1.0000000000000022,0.0,0.0
0.0,1.0000000000000022,0.0,0.0
0.0,1.0000000000000022,0.0,0.0
0.0,1.0000000000000022,0.0,0.0
0.0,1.0000000000000022,0.0,0.0
0.0,1.0000000000000022,0.0,0.0
0.0,1.0000000000000022,0.0,0.0
0.0,1.0000000000000022,0.0,0.0
0.0,1.0000000000000022,0.0,0.0
0.0,1.0000000000000022,0.0,0.0
0.0,1.0000000000000022,0.0,0.0
0.0,1.0000000000000022,0.0,0.0
0.0,1.0000000000000022,0.0,0.0
0.0,1.0000000000000022,0.0,0.0
0.0,1.0000000000000022,0.0,0.0
0.0,1.0000000000000022,0.0,0.0
0.0,1.0000000000000022,0.0,0.0
0.0,1.0000000000000022,0.0,0.0
0.0,1.0000000000000022,0.0,0.0
0.0,1.0000000000000022,0.0,0.0
0.0,1.0000000000000022,0.0,0.0
0.0,1.0000000000000022,0.0,0.0
0.0,1.0000000000000022,0.0,0.0
0.0,1.0000000000000022,0.0,0.0
0.0,1.0000000000000022,0.0,0.0
0.0,1.0000000000000022,0.0,0.0
0.0,1.0000000000000022,0.0,0.0
0.0,1.0000000000000022,0.0,0.0
0.0,1.0000000000000022,0.0,0.0
0.0,1.0000000000000022,0.0,0.0
0.0,1.0000000000000022,0.0,0.0
0.0,1.0000000000000022,0.0,0.0
0.0,1.0000000000000022,0.0,0.0
0.0,1.0000000000000022,0.0,0.0
0.0,1.0000000000000022,0.0,0.0
0.0,1.0000000000000022,0.0,0.0
0.0,1.0000000000000022,0.0,0.0
0.0,1.0000000000000022,0.0,0.0
0.0,1.0000000000000022,0.0,0.0
0.0,1.0000000000000022,0.0,0.0
0.0,1.0000000000000022,0.0,0.0
0.0,1.0000000000000022,0.0,0.0
0.0,1.0000000000000022,0.0,0.0
0.0,1.0000000000000022,0.0,0.0
0.0,1.0000000000000022,0.0,0.0
0.0,1.0000000000000022,0.0,0.0
0.0,1.0000000000000022,0.0,0.0
0.0,1.0000000000000022,0.0,0.0
0.0,1.0000000000000022,0.0,0.0
0.0,1.0000000000000022,0.0,0.0
0.0,1.0000000000000022,0.0,0.0
0.0,1.0000000000000022,0.0,0.0
0.0,1.0000000000000022,0.0,0.0
0.0,1.0000000000000022,0.0,0.0
0.0,1.0000000000000022,0.0,0.0
0.0,1.0000000000000022,0.0,0.0
0.0,1.0000000000000022,0.0,0.0
0.0,1.0000000000000022,0.0,0.0
0.0,1.0000000000000022,0.0,0.0
0.0,1.0000000000000022,0.0,0.0
0.0,1.0000000000000022,0.0,0.0
0.0,1.0000000000000022,0.0,0.0
0.0,1.0000000000000022,0.0,0.0
0.0,1.0000000000000022,0.0,0.0
0.0,1.0000000000000022,0.0,0.0
0.0,1.0000000000000022,0.0,0.0
0.0,1.0000000000000022,0.0,0.0
0.0,1.0000000000000022,0.0,0.0
0.0,1.0000000000000022,0.0,0.0
0.0,1.0000000000000022,0.0,0.0
0.0,1.0000000000000022,0.0,0.0
0.0,1.0000000000000022,0.0,0.0
0.0,1.0000000000000022,0.0,0.0
0.0,1.0000000000000022,0.0,0.0
0.0,1.0000000000000022,0.0,0.0
0.0,1.0000000000000022,0.0,0.0
0.0,1.0000000000000022,0.0,0.0
0.0,1.0000000000000022,0.0,0.0
0.0,1.0000000000000022,0.0,0.0
0.0,1.0000000000000022,0.0,0.0
0.0,1.0000000000000022,0.0,0.0
0.0,1.0000000000000022,0.0,0.0
0.0,1.0000000000000022,0.0,0.0
0.0,1.0000000000000022,0.0,0.0
0.0,1.0000000000000022,0.0,0.0
0.0,1.0000000000000022,0.0,0.0
0.0,1.0000000000000022,0.0,0.0
0.0,1.0000000000000022,0.0,0.0
0.0,1.0000000000000022,0.0,0.0
0.0,1.0000000000000022,0.0,0.0
0.0,1.0000000000000022,0.0,0.0
0.0,1.0000000000000022,0.0,0.0
0.0,1.0000000000000022,0.0,0.0
0.0,1.0000000000000022,0.0,0.0
0.0,1.0000000000000022,0.0,0.0
0.0,1.0000000000000022,0.0,0.0
0.0,1.0000000000000022,0.0,0.0
0.0,1.0000000000000022,0.0,0.0
0.0,1.0000000000000022,0.0,0.0
0.0,1.0000000000000022,0.0,0.0
0.0,1.0000000000000022,0.0,0.0
0.0,1.0000000000000022,0.0,0.0
0.0,1.0000000000000022,0.0,0.0
0.0,1.0000000000000022,0.0,0.0
